# LRA Full Analysis Data — Replot Source File
# Source file: pitch_increase_mild_220to311Hz.wav
# Generated:   2026-07-17 13:58:49
# Accel sample rate: 1546.2-1816.8 Hz per-window range (1641.8 Hz overall)
#                    Each window measured with its own real rate, then
#                    resampled onto the common freq_bins grid below
# Rows:        232 (one per time window)
# Freq bins:   100 bins, 0.0 to 495.5 Hz
#
# MACHINE-READABLE METADATA (used by replot mode — do not edit):
#@duration=12.000000
#@rate_overall=1641.797623
#@rate_min=1546.211359
#@rate_max=1816.820007
#@freq_bins=0.0000,5.0055,10.0110,15.0164,20.0219,25.0274,30.0329,35.0384,40.0438,45.0493,50.0548,55.0603,60.0658,65.0712,70.0767,75.0822,80.0877,85.0932,90.0987,95.1041,100.1096,105.1151,110.1206,115.1261,120.1315,125.1370,130.1425,135.1480,140.1535,145.1589,150.1644,155.1699,160.1754,165.1809,170.1863,175.1918,180.1973,185.2028,190.2083,195.2137,200.2192,205.2247,210.2302,215.2357,220.2411,225.2466,230.2521,235.2576,240.2631,245.2685,250.2740,255.2795,260.2850,265.2905,270.2960,275.3014,280.3069,285.3124,290.3179,295.3234,300.3288,305.3343,310.3398,315.3453,320.3508,325.3562,330.3617,335.3672,340.3727,345.3782,350.3836,355.3891,360.3946,365.4001,370.4056,375.4110,380.4165,385.4220,390.4275,395.4330,400.4384,405.4439,410.4494,415.4549,420.4604,425.4658,430.4713,435.4768,440.4823,445.4878,450.4933,455.4987,460.5042,465.5097,470.5152,475.5207,480.5261,485.5316,490.5371,495.5426
#@n_tracks=1
#@input_spectrum=0.000000e+00,1.991500e+01,1.996464e+01,2.004547e+01,2.015647e+01,2.029683e+01,2.046592e+01,2.066365e+01,2.088995e+01,2.114525e+01,2.143015e+01,2.174542e+01,2.209197e+01,2.247122e+01,2.288483e+01,2.333451e+01,2.382254e+01,2.435148e+01,2.492429e+01,2.554413e+01,2.621514e+01,2.694192e+01,2.772954e+01,2.858435e+01,2.951345e+01,3.052541e+01,3.163013e+01,3.283967e+01,3.416833e+01,3.563344e+01,3.725604e+01,3.906244e+01,4.108547e+01,4.336698e+01,4.596095e+01,4.893938e+01,5.239959e+01,5.647830e+01,6.137489e+01,6.739614e+01,7.504737e+01,8.524906e+01,9.997030e+01,1.250674e+02,1.902276e+02,4.002935e+02,4.477315e+02,4.626741e+02,4.680627e+02,4.688941e+02,4.670373e+02,4.633589e+02,4.583332e+02,4.522304e+02,4.452125e+02,4.372856e+02,4.283251e+02,4.181362e+02,4.062915e+02,3.918478e+02,3.725028e+02,3.373713e+02,2.275128e+02,1.200267e+02,9.454444e+01,8.040803e+01,7.077530e+01,6.358828e+01,5.793971e+01,5.334427e+01,4.950649e+01,4.623752e+01,4.341050e+01,4.093593e+01,3.874802e+01,3.679690e+01,3.504442e+01,3.346019e+01,3.202013e+01,3.070491e+01,2.949816e+01,2.838661e+01,2.735926e+01,2.640647e+01,2.552044e+01,2.469409e+01,2.392165e+01,2.319786e+01,2.251831e+01,2.187901e+01,2.127653e+01,2.070770e+01,2.016988e+01,1.966034e+01,1.917702e+01,1.871785e+01,1.828099e+01,1.786488e+01,1.746779e+01,1.708874e+01
#
# Columns: time_s  rms_g  peak_freq_hz  1 track_hz cols  then 100 FFT magnitude bins (in g)
#
0.409320 1.826865 214.4311 214.4311 0.000000 7.809900 4.151724 10.852741 12.116291 7.227255 4.829545 2.501826 4.150534 4.567440 4.598180 7.738776 8.086987 6.792003 3.274862 6.343121 12.244592 6.570737 3.540349 26.161842 44.806437 26.251899 23.987356 25.657026 14.467863 8.769469 12.324724 13.890577 9.584122 15.298862 17.250166 12.501664 16.447225 11.655932 9.116607 10.757885 18.379223 25.642304 14.783073 5.558320 11.529901 34.155604 113.301721 328.438844 232.981558 40.663300 14.380842 7.207657 6.810481 23.427812 32.337023 28.274815 26.319929 18.285115 22.172425 13.414766 21.569957 16.604511 18.095840 23.094667 28.879995 12.613674 12.378516 23.073554 31.663188 26.794833 62.935615 78.002463 32.125634 13.659667 19.831499 18.518774 29.467909 30.837542 10.769165 10.128088 4.630659 3.788624 7.542936 7.943884 9.660349 8.096899 10.876587 15.985159 10.705135 13.447977 30.931743 23.566370 12.999167 15.105455 9.886086 6.446279 6.222866 8.631741 8.118146 3.955477 3.937608 3.255801 2.885794 8.848648
0.459333 1.823027 213.8961 213.8961 0.000000 5.895726 5.828793 5.330600 6.805905 2.839748 5.680397 9.095104 7.951313 5.369700 5.575010 7.215418 3.340675 2.646216 2.603431 6.555390 3.223388 7.305730 10.777079 37.275750 47.133292 8.507390 16.331455 23.701093 26.011352 17.018720 18.415400 13.963425 8.688466 11.026188 14.178538 16.007970 16.245436 9.867898 10.715113 8.659008 17.164015 24.575819 3.486657 2.707938 7.697455 27.412121 156.425735 321.283102 198.288742 26.128693 5.267030 8.057595 15.739064 30.859037 23.564748 19.369014 13.609258 25.280618 30.216239 26.762515 29.587777 9.443616 14.313593 17.050104 32.288076 23.523398 26.749659 26.403967 15.530791 34.459463 77.044657 67.752188 24.913407 10.638189 6.891253 7.729668 26.020894 34.868597 17.667151 6.857722 5.636404 5.909648 4.822784 1.573982 3.241955 6.440913 8.977046 7.724418 9.918894 20.580326 28.624811 22.208967 13.334923 13.551476 13.445018 8.572473 8.462419 10.363545 5.851719 3.311084 7.497313 8.959521 7.474754 5.707048
0.511368 1.817226 224.4177 224.4177 0.000000 3.090266 3.126048 5.609570 6.940574 4.024127 7.722095 9.980401 7.254137 1.139754 2.349627 4.074173 4.973996 5.364405 3.984522 6.418089 9.091370 7.304331 8.312157 19.424346 43.113042 48.862081 27.293183 18.963139 23.190389 12.088048 14.662579 17.991873 12.343373 8.475914 6.732599 9.986161 8.149692 9.066798 8.125852 7.360039 16.767862 23.963604 20.102892 14.769470 12.536427 14.863150 15.536873 103.973122 297.594334 261.697516 56.648398 31.656012 16.423763 10.853318 31.441302 32.741029 29.841916 24.509370 20.399395 21.599330 18.869625 23.286903 24.610663 17.911720 20.744705 27.643614 23.760170 15.685623 23.908142 28.238245 28.166162 66.742512 107.921165 61.501863 19.836047 16.562129 13.277038 7.637143 24.564384 27.150535 14.824228 2.259513 0.254406 4.825107 2.676551 1.112458 3.066811 2.719146 7.723593 7.116758 5.585735 5.577472 11.715177 12.812856 3.834722 3.408934 6.700857 5.817681 4.949547 8.448233 7.806488 7.692119 10.118184 10.394493
0.563010 1.806942 224.6749 224.6749 0.000000 5.344747 4.249948 3.222743 5.032673 9.088023 6.442603 3.525275 5.385409 4.172589 5.439632 5.910935 5.022729 4.955218 3.079393 5.989882 11.401393 8.642468 3.171417 4.642650 27.971619 52.640372 31.720230 17.873982 18.196302 12.959445 11.909131 6.241657 9.846090 11.551751 4.683786 2.030675 6.170631 11.626000 10.629808 4.081974 12.020814 18.017458 7.347522 20.869084 33.093213 26.105785 25.603473 22.137030 248.107125 308.443630 116.697541 22.177980 28.662683 38.191069 33.053333 17.383381 29.416368 23.824228 11.529199 10.756689 25.388917 22.091512 13.193910 12.098986 19.595610 25.235346 15.350555 13.565356 20.123844 25.993459 30.388760 59.543176 107.544535 77.853923 29.326715 16.006005 20.472669 24.204806 14.156383 9.486012 13.294594 4.949642 6.075653 6.761439 2.753596 4.039125 3.425926 2.920305 5.446480 3.659724 3.387432 3.188279 5.249193 7.238980 9.087081 5.433894 2.836907 2.164783 2.920797 3.968799 9.648773 11.701880 6.211450 4.035752
0.613670 1.800679 226.7142 226.7142 0.000000 7.795883 6.282979 3.389295 3.867419 10.342414 7.892083 4.262994 1.859767 1.890180 4.425640 7.710607 9.097918 7.097821 5.592737 6.441013 5.990098 11.796888 12.088875 8.560576 16.398248 41.917361 50.909692 30.361715 11.421220 3.218159 6.508617 10.766679 6.219032 5.791445 11.614918 12.750364 16.325370 17.780926 11.430004 6.019372 4.791471 7.099630 12.877810 20.389572 20.257770 27.053064 33.170750 69.001634 224.542881 294.314939 114.807679 52.575876 44.646037 29.442151 24.115187 26.309107 27.835309 19.470938 12.295390 23.919522 38.041515 37.659166 17.743602 8.651985 8.151300 14.269972 11.912840 16.180004 30.765649 30.836644 33.266655 71.367712 110.411770 76.203787 34.983163 7.465452 15.094900 24.983947 24.027967 4.087275 11.994593 15.254372 12.057469 12.865320 9.648222 5.448091 3.307513 5.445016 5.085849 8.670763 10.052413 11.726387 12.156015 12.035766 8.969819 5.742840 6.654729 3.519586 2.068499 3.997349 6.812898 8.160859 8.823986 7.079235
0.663449 1.797301 227.9177 227.9177 0.000000 7.660964 3.173219 6.953400 9.770474 11.707065 6.271356 3.321067 6.020296 6.365890 8.513667 5.349285 9.210416 10.408059 7.910032 5.209038 3.032903 6.617306 11.666026 10.036001 5.559973 22.256999 38.445986 19.782157 8.589427 7.600087 6.426917 10.744212 11.339714 9.815046 12.113620 12.973931 16.887340 23.826301 14.838104 11.165091 12.434639 11.674118 6.637095 5.804041 12.827254 18.596158 45.553128 49.830831 139.040729 295.517624 222.567300 88.924196 51.024438 23.589004 6.185805 6.401445 9.672920 10.634244 12.419849 21.521851 22.001860 25.320926 23.302057 11.460315 2.859430 3.708653 5.157571 8.679929 12.756754 26.822989 36.936892 40.232497 79.962535 59.757067 22.727958 25.422728 29.575336 36.436626 33.377761 21.182486 11.264196 16.354443 30.015848 18.660669 10.771991 11.060127 8.456743 7.747426 4.334521 7.412474 14.369862 21.629424 13.973425 12.649874 23.839540 16.188667 8.294379 6.137650 2.740670 2.364931 6.505445 7.840925 4.816069 9.200308
0.713648 1.800673 220.0219 220.0219 0.000000 3.774030 2.970754 4.869410 4.960312 5.958593 7.219513 4.449285 4.063797 9.644564 16.484025 12.183777 5.215509 4.971399 3.025170 5.666694 4.362378 3.879220 4.190860 7.853894 9.957689 24.472457 35.113580 16.077100 8.478127 10.776248 5.009596 6.232536 7.822236 7.383722 10.106221 10.691519 16.914966 27.105336 32.626433 27.208403 9.663903 4.660216 11.128507 12.842294 7.095070 22.670680 29.252082 98.926532 306.080440 284.501196 56.158105 37.617685 21.674788 2.867210 8.070069 7.357684 8.109353 17.503877 30.093129 22.204287 10.356998 11.546985 14.294302 8.611159 7.411482 5.247109 9.171969 12.909635 9.455299 24.358513 65.350837 84.912674 40.981124 19.047373 19.280855 14.613869 21.702841 18.971451 12.674282 17.464760 33.489187 38.624979 25.242241 17.370918 8.333455 3.208368 8.472652 5.571375 3.778780 5.804568 19.151479 19.851756 22.906712 29.451180 16.493164 3.902475 5.402848 4.100952 2.323921 2.792520 6.848068 8.043417 5.767133 7.365684
0.764222 1.791568 224.0560 224.0560 0.000000 2.211838 4.455845 3.001670 2.084978 2.132183 4.160784 4.212102 4.341223 9.667666 18.616049 16.047187 5.055338 3.071859 6.132454 5.827208 4.594835 2.861043 2.638228 5.167074 12.947372 20.718032 40.238188 43.648718 23.992356 15.327861 9.880812 1.223995 5.071398 5.834354 12.110959 11.187258 4.098310 13.099408 20.532399 37.725622 22.527571 5.259370 7.365778 9.280693 8.548513 7.169055 8.077729 34.848288 134.590068 313.567550 220.370478 36.717816 12.461303 15.318476 10.716047 4.599076 5.660952 14.122286 24.178884 34.893462 38.364611 21.733035 12.532306 18.217396 15.734188 5.751742 4.483584 9.121493 16.494152 14.392029 29.652530 80.577970 97.444426 51.651039 20.180453 10.053320 5.678625 8.262796 11.667829 12.484974 9.640999 22.787819 36.914587 23.099574 12.785827 10.003228 3.745869 6.979809 7.482182 6.202507 4.463196 8.870730 15.999831 15.206269 21.497516 18.071467 6.769374 7.037628 5.207105 2.788780 1.638937 3.497492 7.608838 7.139802
0.817572 1.796047 222.9672 222.9672 0.000000 3.070294 2.333997 5.648841 5.793571 5.103829 6.665717 9.339307 7.865237 8.287706 9.175908 11.827271 7.701966 5.371699 4.162294 3.336878 4.941207 7.324764 11.058292 11.764904 5.944355 14.313432 33.384954 28.998646 9.959714 12.302740 14.160988 11.817081 9.411447 4.900676 9.589102 14.969086 20.582294 28.826767 19.905226 16.925635 10.445450 9.776281 10.325604 9.243219 9.010876 12.688689 44.989294 174.581251 301.289198 185.890362 51.502727 40.945007 22.268741 10.417582 7.512487 11.442953 13.893583 10.773263 26.446049 37.794931 21.598698 20.023707 17.044781 6.522946 5.937580 6.311065 19.177183 23.689045 25.255104 72.681812 93.787481 33.391827 11.251997 15.918602 19.083438 20.296923 23.739496 22.358114 12.731455 20.676753 31.172814 29.818721 16.099608 6.382751 4.431116 6.112071 6.331600 11.098586 14.673556 10.538477 13.572964 21.682925 28.417345 20.436669 7.913486 9.356484 7.727050 5.151388 6.537435 7.630517 6.656384 7.352692 2.039142 2.477932
0.869354 1.806305 221.4253 221.4253 0.000000 2.511870 5.517662 3.382485 4.539315 6.977789 7.375809 10.837534 8.150395 7.423304 9.570071 11.800635 6.232108 3.828138 5.418570 4.725986 6.991645 11.362149 12.024028 4.139968 11.994636 11.096966 29.391983 37.245701 11.717009 11.689831 18.919198 15.438590 10.291834 5.734478 5.407848 11.969937 11.989568 21.187459 15.295708 13.249061 15.610289 17.822085 12.999247 13.624529 21.790586 29.499626 22.587588 161.628620 319.646159 199.247917 48.332592 39.341513 17.331139 7.869447 13.715508 17.825653 23.990357 10.860465 17.553207 30.123640 18.756874 11.136065 13.862899 10.458647 10.510669 9.763862 20.538767 27.347978 29.145953 71.081410 72.511516 27.712354 11.081847 13.208521 28.478176 27.475998 33.343727 33.719546 23.002900 6.396297 16.631852 25.357275 9.036079 3.650310 4.277712 10.003227 13.467880 14.927273 13.639796 6.733297 7.944336 12.081011 20.912356 22.866565 14.202288 9.474680 6.206130 4.128051 7.254751 6.139051 8.391045 6.247416 2.813354 1.259597
0.919327 1.797319 224.3685 224.3685 0.000000 2.311058 5.580735 5.308718 3.117612 4.438117 6.109631 11.948539 12.132699 6.167856 7.745130 10.009821 7.018191 6.016620 6.710778 5.784670 4.345923 4.236195 9.043449 10.792118 8.784318 14.630315 29.379715 41.156583 32.306226 12.481705 9.269873 8.820303 5.513669 10.559833 12.269420 13.129811 10.150794 13.390953 16.932413 10.520235 15.011259 31.257777 26.927508 17.706735 17.653007 21.187681 21.825200 29.434173 199.364372 331.202510 164.769013 25.188152 16.905202 19.399731 12.376622 26.186394 32.082208 21.193004 11.181956 13.216592 15.519929 11.043860 10.368732 12.630315 12.015070 8.800283 10.987143 13.331979 11.328818 33.558385 86.141754 81.555267 30.939194 19.527586 18.708534 19.827132 21.391786 31.457456 43.044631 21.607826 9.749226 18.038111 13.180714 13.601608 10.138730 12.714019 18.310228 11.298865 9.959073 13.081318 7.884203 8.881448 11.894957 18.472653 20.238956 10.068985 5.369943 4.067664 6.143155 7.607909 7.254970 6.469408 6.970888 6.148244
0.971883 1.811720 226.3444 226.3444 0.000000 1.713183 4.019992 2.816961 6.051492 8.609487 10.304378 6.889719 8.018496 8.130588 6.057529 4.950389 2.227921 3.876617 7.389262 9.119704 4.078082 3.518458 4.747619 7.062753 3.264647 8.392016 12.116558 16.910295 34.028902 16.090099 3.093897 5.893342 5.539616 7.045639 14.407918 17.481502 9.472708 7.773812 8.380765 11.834037 19.343540 25.084775 15.306646 23.557612 28.122214 26.669574 24.307880 39.240091 77.716602 282.537438 281.937065 93.961252 26.821052 15.199150 13.657857 28.724482 31.846440 8.298112 12.708236 4.273482 10.110644 3.494496 8.192244 6.349654 4.007657 6.866015 3.261115 8.163414 4.471202 10.381297 37.811446 96.129408 61.999742 10.417098 12.087606 21.998752 27.929203 37.636269 28.036456 18.892694 27.684318 20.206867 11.815328 5.996351 6.652814 13.843617 20.535833 15.415588 8.468828 10.494935 12.006861 12.757685 15.476822 11.582821 13.198155 18.922069 12.871415 6.469094 5.627881 5.092439 3.369831 3.168279 3.630900 2.244634
1.023513 1.817133 226.9354 226.9354 0.000000 2.814508 3.988208 4.430250 8.847191 11.068942 4.928213 3.595645 7.967679 9.036149 3.991607 6.016340 4.164491 5.305696 6.724930 8.522800 9.877352 9.335688 10.419694 13.527348 13.466030 14.287192 18.208615 27.046723 38.141748 33.417351 16.054686 6.801205 4.548123 9.244046 10.800999 10.233045 13.694610 13.530372 16.722540 17.796589 16.585497 20.463967 16.103324 16.048642 28.600750 28.444127 13.570000 17.991000 94.825873 276.633426 276.983044 96.503835 28.101263 16.175137 21.217096 28.835090 29.609052 23.602863 22.507240 19.213108 19.800894 16.501130 14.298356 14.508510 8.698451 7.270378 10.635384 6.292664 9.823384 24.847370 63.294964 90.066111 54.516465 27.935966 17.038648 32.873791 33.996074 13.220354 26.123770 30.874083 23.191824 7.478953 13.226275 9.747162 10.990720 8.630556 12.191072 14.064372 4.691505 8.155931 15.867705 14.832330 9.301427 6.177095 16.400239 23.839996 16.300361 5.612277 5.483040 4.821906 5.195561 4.753929 5.919362 5.408229
1.071964 1.820173 229.2892 229.2892 0.000000 0.999666 2.979997 3.620829 7.273928 6.928787 2.715540 5.218634 13.068434 13.866403 6.311732 4.339729 2.143104 4.357099 2.233091 3.097031 9.938222 11.782248 7.249079 11.013091 19.039089 12.972266 8.902240 14.953168 13.520589 42.063724 31.187369 7.568207 3.251538 9.610136 15.376579 10.404079 15.371998 17.929254 15.721115 22.788165 18.040924 25.289131 17.550588 3.818689 6.719053 21.566589 22.114202 8.872071 40.238030 189.798711 338.229590 186.110498 16.642310 13.411414 27.735741 20.272457 8.224984 14.544527 11.154022 21.963306 23.029527 19.455583 14.115817 14.272653 17.121339 10.392498 12.932798 15.364063 9.630626 18.369408 51.870770 79.724190 43.148022 10.512751 14.902211 24.123804 29.035152 13.235948 15.723167 36.868276 42.647689 21.586293 12.615653 14.008749 13.794374 12.569685 7.717572 11.972639 13.441483 8.120019 10.001517 16.202017 13.253557 10.996382 13.018688 22.205821 28.509046 13.789400 4.676766 11.571685 14.214452 9.641735 4.867795 6.926076
1.121410 1.819424 231.7911 231.7911 0.000000 2.642262 2.351016 1.715159 2.502739 2.358683 2.816988 3.612096 11.337054 11.887637 4.454698 3.590821 5.589602 2.247875 3.355682 2.479066 7.835943 11.518222 6.750073 4.699156 14.003605 16.984099 9.953304 6.023474 12.831273 30.790041 31.151653 14.191318 11.368533 17.953612 17.910818 6.314209 10.851789 16.488275 24.515474 23.104401 11.617104 13.947994 19.162294 7.209944 7.151513 16.747252 17.404379 19.756808 12.016526 87.310970 284.394412 289.791567 97.716753 23.389757 26.637917 21.803650 14.903838 8.085222 5.313493 10.523557 14.949662 13.860343 21.882538 24.028574 13.455268 7.917369 8.372567 16.564715 24.213568 16.491671 22.509593 59.078497 65.162096 29.741860 11.123770 14.610591 21.034338 21.071909 10.294377 19.605443 44.324084 37.484727 15.656097 13.587327 16.323539 14.508612 10.273555 6.101944 10.422397 9.387331 4.252366 10.665638 19.425800 18.341923 10.965423 6.928473 15.796410 30.866960 22.968555 9.366976 12.205504 16.214017 12.074528 5.825207
1.171891 1.815828 229.3824 229.3824 0.000000 1.583495 3.404960 2.283429 3.422556 4.934295 6.850195 5.053695 11.224423 8.543119 1.097445 5.179796 6.662160 3.445729 1.895434 4.223931 6.897577 12.849769 15.047398 9.431607 7.591467 12.314280 2.611633 2.175785 7.058789 20.959568 23.073266 7.471396 26.601167 25.629271 7.685813 10.753679 6.959979 3.932799 14.972810 17.957813 15.718173 12.995700 25.536583 19.781808 18.861222 12.768911 5.305346 9.805314 34.069186 122.019178 327.341348 254.890388 52.474854 10.965569 15.059488 6.083420 8.133411 10.867475 12.893565 9.967591 19.579588 26.050170 17.868154 13.745357 10.996197 9.160478 9.388202 12.667137 24.316366 25.672250 39.748865 70.997831 36.290167 6.231813 6.546087 6.431096 10.886143 18.074257 34.955679 49.475088 30.933878 9.544200 10.558757 9.919089 7.407475 11.420927 7.636925 7.878178 17.727071 17.795906 15.427560 15.496468 10.300586 4.051139 5.170079 11.110883 28.911586 30.550536 14.060055 9.285293 8.009549 3.796311 5.346954 3.471307
1.221362 1.809671 219.2125 219.2125 0.000000 4.205404 2.813916 4.748653 5.251924 8.398089 7.137417 5.076319 12.079173 7.652875 4.802951 7.388377 3.400871 2.965477 5.902405 4.507169 8.505401 13.715842 8.599185 6.067633 10.333489 7.600986 5.943373 8.873283 23.968444 29.783467 18.485069 21.577858 24.039861 14.484552 6.891790 3.336269 5.158508 7.092989 9.829449 22.852345 33.961340 20.242983 15.595245 17.675612 4.993106 10.447363 20.113303 118.799415 316.707775 240.179254 39.093735 16.737695 10.446596 5.251350 3.567210 13.219814 23.728726 21.673112 15.669005 10.554270 8.907273 14.509296 10.448985 9.325765 9.534113 14.114575 15.984165 59.700681 76.675454 30.205685 6.062063 5.160505 9.521892 13.601849 15.158575 38.453498 47.250326 25.178827 14.359405 13.352762 7.378982 12.143758 6.039309 11.002680 21.543021 21.024134 5.287244 6.700511 4.185040 3.901031 3.739095 12.281806 28.651211 26.573494 8.756007 5.009607 7.751066 8.848682 9.746586 7.085989 4.020432 4.960693 5.226259 6.154050
1.279351 1.805481 223.8571 223.8571 0.000000 4.046022 3.151055 2.384282 1.846312 5.631739 13.496464 13.970287 9.800357 5.635096 5.239888 7.879002 11.735162 13.340968 9.820883 5.752365 5.091366 6.538338 5.874233 4.232837 7.142233 3.355555 3.818933 6.900425 20.245096 36.699392 28.025583 17.858656 12.161074 10.159387 8.133914 8.105985 10.381374 11.379865 10.714523 14.149674 16.541396 29.029048 37.086604 25.761963 10.359162 10.014500 24.736882 86.466274 285.855578 276.733040 81.520549 15.728824 7.894571 6.312011 13.520219 24.701394 20.737015 9.616661 2.973465 2.188024 9.084779 13.525542 4.853896 7.405320 6.082649 4.151040 10.828270 61.033933 80.638270 31.492546 4.300493 3.819584 10.055366 26.382150 42.008636 43.205908 28.153954 18.670648 15.098902 18.039630 18.238431 20.830389 13.092445 9.204487 10.575112 11.831377 12.887573 8.323554 4.375882 2.183372 3.330604 7.396401 19.367400 27.583362 14.971219 5.688460 4.427069 4.671748 7.142842 9.169493 7.317131 4.464829 3.039767 3.226497
1.331770 1.814597 222.7599 222.7599 0.000000 4.043227 2.381978 2.551610 3.152627 6.881870 12.746591 14.734608 8.061396 4.779875 4.958796 7.902482 14.043000 15.073736 9.998487 6.026208 5.260981 3.806004 5.901677 7.881647 4.153152 1.166133 1.337009 2.767231 12.365591 35.843710 36.745591 14.694702 5.214559 2.811692 4.300010 10.549169 13.938701 8.406260 5.388885 6.591187 11.750008 33.883793 40.995650 25.191621 10.152851 9.106080 10.121962 99.339467 291.558369 247.303125 61.989348 4.470140 3.318882 7.624657 18.266334 27.400186 17.137009 8.915841 4.987489 4.024416 8.816428 12.957556 7.815264 2.196474 3.435888 6.683314 36.351498 78.745747 58.586175 16.906517 5.391315 3.787988 11.013294 36.999680 59.022948 25.228961 12.150533 8.883586 7.801116 17.788732 24.558047 21.058650 11.707941 7.537387 4.779177 7.570218 11.966303 9.121375 2.808090 1.374250 1.512214 2.625764 23.883806 31.400947 8.290875 1.746441 1.662458 2.317535 4.595829 8.333479 8.534944 3.398443 2.454487 3.737556
1.381207 1.808254 227.5803 227.5803 0.000000 2.611240 3.250583 5.279774 6.194617 4.188611 4.970614 7.677809 16.082940 13.605091 9.787188 7.520381 7.000820 6.034391 5.276843 8.439288 9.126762 10.227115 11.760269 8.204781 5.834667 6.417727 5.023075 2.668177 4.650996 10.419533 41.181901 42.031226 18.066218 9.575491 4.256523 3.162452 4.353017 10.501932 3.287098 13.251428 25.040000 36.453736 29.952945 12.484371 11.143163 14.787923 8.944819 18.282256 141.608832 305.138586 222.603431 60.236111 10.646943 6.955606 6.009059 6.804195 11.977681 28.580908 25.828839 15.396839 7.999038 2.464697 8.799690 8.165096 3.613806 5.861672 13.002100 42.898038 87.887023 58.008847 7.333881 7.273230 6.204043 7.636119 11.323099 26.056575 50.462797 41.984716 20.498983 9.125203 11.604264 7.048289 9.290575 13.427682 17.282287 18.508340 16.103939 7.045468 8.702831 6.933537 1.711130 1.049130 2.740438 8.203358 28.413164 31.136711 8.554262 1.444895 2.415615 4.976747 5.526266 8.493633 10.709663 5.878417
1.431709 1.813643 230.1804 230.1804 0.000000 1.668026 2.197278 4.452269 2.195033 6.438562 9.523877 13.030722 17.467411 9.257170 5.102482 4.838399 7.190711 9.254839 7.119477 4.088345 4.621147 4.384805 8.142018 11.669246 12.166224 7.942048 4.798982 2.793001 1.509566 6.501922 29.084451 40.932516 17.374728 7.173638 8.298686 7.787911 9.104061 12.836635 10.917448 10.548299 18.327816 23.925245 36.151781 25.317782 23.225398 20.908415 9.070827 10.199246 26.362844 210.767505 358.274474 150.743384 23.727951 7.866969 6.135674 9.883411 13.292919 25.524805 30.498653 14.967068 9.502132 4.412377 6.723907 4.647443 4.816608 7.096199 6.319795 17.652037 57.809820 84.516412 44.279514 9.102093 3.233647 4.591306 13.218856 24.086154 44.100102 44.809097 27.141856 13.851934 9.089050 15.549285 19.688519 15.828513 12.829077 10.364139 14.504522 12.012032 13.066126 14.736596 10.165622 3.853164 1.943517 3.697081 2.344839 22.739551 33.249220 11.294269 0.424467 1.330873 4.178607 5.671366 6.019564 5.977906
1.485242 1.809568 227.0416 227.0416 0.000000 1.832025 2.661231 2.809140 2.455054 5.613478 8.232996 14.519762 16.327416 10.865303 10.604823 10.384791 7.861929 8.066458 6.808457 5.992062 7.583490 6.815866 7.212260 10.310933 8.371922 3.136387 2.140256 3.673785 1.237754 10.002085 32.739532 44.336817 18.649869 6.988068 7.472505 6.839821 12.316228 7.995758 12.926628 17.232224 22.057039 27.054553 32.733153 23.097294 17.739084 11.410875 4.846082 16.839489 134.993910 307.701971 233.057286 62.737801 6.813257 5.039665 10.704812 9.164667 22.203064 25.218637 15.407483 14.950144 11.640513 6.073692 5.856466 8.057243 3.648379 8.915322 23.002658 59.072651 78.342433 40.033862 11.644045 5.108924 8.445313 11.433543 23.497706 44.137219 46.477970 32.745908 19.148482 10.972025 12.229214 16.521648 12.920304 16.796892 13.251914 13.048045 8.407802 15.314554 11.323521 7.830975 5.035744 1.431859 2.347792 8.876082 28.192465 27.289865 7.205890 0.982805 2.177900 2.347925 1.719028 1.807547 5.812807 10.409803
1.535335 1.802643 234.1838 234.1838 0.000000 1.323185 2.246728 2.208638 0.424585 4.021964 4.421432 8.984339 11.116087 6.676784 18.360181 19.706278 9.498921 4.939417 4.592535 4.330215 6.917067 7.871602 12.551853 7.114190 6.738171 10.688525 7.209369 4.237137 5.974813 10.334346 9.826749 19.765398 44.316002 32.411586 10.093166 7.687092 8.419188 6.730666 10.240654 21.736729 33.574980 26.812331 13.194976 16.966024 15.446243 10.043537 10.313993 6.684917 9.170860 83.204346 277.002118 301.115865 91.941308 16.906553 9.607869 16.567295 9.481524 6.584714 13.414256 11.545545 18.024969 28.082743 18.296955 4.891443 7.609098 14.935940 9.759924 11.498440 47.102257 81.398061 52.540640 8.779669 12.930503 5.368843 9.481142 15.940121 14.879082 15.206649 25.028873 51.204104 44.167942 18.295062 5.509291 6.786955 5.998118 8.046704 16.527037 14.707441 7.896877 11.574583 14.170705 11.152384 7.324733 4.481154 4.139528 4.914716 15.451317 30.925942 24.954416 8.548082 4.642395 5.465640 3.299016 2.810093
1.587586 1.792058 229.5183 229.5183 0.000000 3.717732 3.819454 4.928167 4.536734 6.692470 5.630732 4.218478 7.677774 8.907807 12.832082 15.476203 9.180244 3.441642 7.206282 10.043582 6.915077 8.898026 11.126349 7.808382 7.912162 10.314817 12.267080 15.148124 17.325153 12.673466 10.336133 27.347735 34.043958 13.462217 7.317507 14.417508 8.899171 7.754705 23.023311 26.296786 16.123625 11.702717 7.177836 11.885558 18.037261 8.392612 18.872492 17.610522 58.253733 227.224998 325.721494 136.465822 37.595836 31.845484 25.405033 8.667583 5.508746 9.159172 12.693145 18.547149 22.499213 23.208008 17.888738 16.839594 23.565731 22.231689 22.517431 60.625024 76.997094 35.993954 9.450840 12.146740 17.408371 29.585275 28.465852 12.682307 17.628707 35.260259 35.818963 29.763731 9.653796 10.174083 2.322931 4.008640 8.768797 15.522681 8.375769 2.504017 6.840836 12.888813 13.389700 8.241561 8.043747 5.617590 9.105756 26.629227 24.023929 7.646588 9.422041 9.822676 5.012056 4.089288 8.165516 5.854382
1.639341 1.788951 229.6551 229.6551 0.000000 2.135149 0.857651 5.768822 7.702618 5.741636 4.213745 3.700820 4.801689 3.274028 4.844133 9.448660 10.464481 7.319188 12.403536 13.056280 7.054872 8.110967 11.607489 6.994787 3.368989 1.715458 8.815116 16.883857 16.160743 11.503277 6.524047 20.425777 36.285621 21.995201 16.612325 17.785889 14.480043 9.758049 22.047165 13.689435 8.525832 10.686323 20.684585 20.780755 14.021430 10.105151 25.474993 36.636881 45.851671 201.776835 330.796886 151.172095 49.023620 44.107368 21.074997 4.899388 9.187202 6.858596 6.992838 5.892822 15.272130 23.621784 25.180513 14.277741 21.871326 36.103411 41.912552 69.288724 70.664530 28.527378 10.284404 12.222410 16.949138 27.619060 32.214963 29.220814 15.738627 22.821406 14.790864 23.079052 22.504359 17.368890 11.291044 4.805161 2.673904 9.300354 15.123318 9.228241 5.915343 6.881307 7.428775 9.739777 8.974430 7.066939 6.933308 25.333416 23.947106 7.081947 10.049034 10.353791 6.338906 6.089803 10.172364 7.853414
1.689394 1.778708 229.2905 229.2905 0.000000 4.778955 4.680665 4.996310 3.606093 1.251083 1.437633 1.918117 2.374028 4.629316 9.092459 13.084302 8.178973 4.353684 8.438593 11.115782 7.176092 8.830090 12.730392 9.135375 7.209669 8.997582 9.417780 8.175268 4.867394 11.285008 18.273603 29.578789 41.011864 29.083384 11.363238 6.990800 10.630151 13.169093 15.336241 31.047033 28.503427 25.473315 18.084720 9.062264 13.282970 11.830384 14.528556 16.224482 46.063279 227.457887 314.807377 130.622519 31.173327 19.548712 14.095668 10.038382 8.457466 12.159479 11.603022 18.447229 30.764274 26.613577 17.545015 13.278238 15.165547 16.071923 51.212175 91.498379 59.308027 16.319691 10.219174 4.494617 2.482003 14.516834 5.511570 21.238892 26.313668 35.501961 35.846082 13.225859 8.783077 10.456640 11.702844 9.526701 6.672833 7.811814 19.850237 19.854292 13.169595 4.377911 2.312452 3.613642 1.592745 5.432569 11.321938 23.561091 26.805748 17.184463 10.533421 5.894299 5.091662 7.649064 9.869755 6.087138
1.741915 1.776448 231.9093 231.9093 0.000000 4.886722 4.097875 1.157071 1.402599 2.015547 3.462373 5.922785 5.168904 5.069018 11.212245 9.779251 9.262940 4.826875 4.456258 6.979269 8.696047 11.858613 12.539133 5.596747 5.716086 8.829562 13.300134 11.098688 11.771551 13.726762 11.515784 10.890625 18.130865 27.725623 16.140518 3.667366 7.012505 16.178445 21.838698 27.112637 31.015531 19.778511 13.415088 17.248566 16.461856 7.984395 7.717377 12.417361 16.573885 109.260712 287.864669 249.829367 74.517725 25.835844 20.520003 11.598571 5.025487 6.023336 12.248038 11.245306 28.337373 27.400982 17.320838 16.243129 19.401958 17.666292 18.378002 68.048353 95.855125 34.715527 13.012550 5.843018 4.833077 7.306030 18.170525 26.629082 19.369652 23.626000 41.613422 22.536007 13.208701 6.606755 6.838781 4.197088 13.543848 16.881691 15.029990 13.622494 10.544876 16.285163 16.507610 10.691063 5.202817 1.928572 4.205231 3.966542 11.605612 24.332064 15.378748 6.143360 9.076642 6.913207 6.040989 6.836579
1.791941 1.791548 231.7539 231.7539 0.000000 4.303431 2.664656 0.963376 0.563280 2.668930 6.821090 8.277219 7.279946 13.166850 13.447789 7.126594 8.209321 5.600759 3.658375 2.223030 4.460623 10.114038 9.160351 10.116978 7.999807 7.297077 9.190149 9.587805 7.334189 11.046738 14.239330 13.104981 13.213548 22.525351 26.238542 14.742859 11.310662 16.369439 20.206251 17.045295 18.863770 27.942234 26.508370 18.401840 13.009062 12.672452 13.731502 14.523114 20.359698 76.318562 270.029515 284.931105 108.013815 26.090231 15.299366 10.788088 5.780887 7.677596 11.549322 18.081929 26.737827 10.088003 13.244300 12.758651 13.091352 15.632895 6.426897 66.829388 85.452093 30.812198 13.006567 5.202183 3.393235 8.538922 14.485570 20.501963 36.288214 50.194145 32.711249 7.520633 9.233514 12.670351 10.566703 8.458148 9.891527 13.871198 12.594350 12.132868 17.384066 16.615654 13.823397 11.444079 8.354163 8.495163 7.834435 4.738110 12.176330 25.250944 19.756264 6.066747 3.118871 6.022772 5.878754 4.266813
1.844712 1.795776 234.9228 234.9228 0.000000 1.428746 1.711281 0.333989 1.426877 1.165442 6.104215 6.574426 0.872061 11.000016 21.997178 14.018880 1.215849 1.581322 0.873119 1.175508 3.446983 8.110716 4.460606 7.758084 13.660690 6.999079 2.235613 5.184181 4.714522 2.213920 12.893068 24.841736 14.006043 12.611918 32.544400 25.260798 1.874375 5.302944 4.574506 3.098358 18.944490 40.913751 31.595691 5.581115 7.633304 4.769978 5.767485 6.330668 7.169159 10.910249 122.655909 341.373518 256.021521 27.628373 8.496880 3.651451 3.241867 1.396053 7.382019 5.229723 7.571873 25.494248 21.795095 4.646823 1.571185 0.903279 4.896426 29.602930 80.098997 61.620443 8.537908 6.921795 5.927115 1.632919 2.751613 1.776195 7.600725 22.983225 62.357569 47.783949 12.270641 4.726151 9.490709 4.086058 4.290786 3.499232 5.801092 8.561532 24.823097 25.068700 7.859527 2.575350 3.480138 2.374232 5.527616 11.371451 7.219057 8.846236 27.655694 28.643698 7.754901 3.999469 4.715790 2.045390
1.891577 1.800484 230.5477 230.5477 0.000000 1.728610 1.252696 1.487854 1.014844 2.200363 5.633772 6.100453 5.009085 13.172434 20.975368 11.544252 1.540933 0.763002 1.285253 3.219039 7.145108 6.514316 3.013643 6.335635 11.284382 7.116315 3.396367 5.030810 3.200026 7.086714 20.128861 20.607907 11.005701 20.069599 30.330170 17.038348 6.222086 2.366791 3.009823 14.985891 37.268826 33.847770 8.428100 6.119139 5.743304 3.330331 4.364804 6.990307 11.139738 87.930852 323.008707 288.735763 44.205936 9.887218 3.192824 2.344143 5.654216 7.060897 3.662827 7.163676 24.702625 22.228374 4.771414 2.114390 3.228396 10.871491 47.673025 78.097375 41.010224 5.778496 7.085587 5.459999 1.743853 3.460182 4.876458 10.385861 39.732150 57.580517 29.887494 9.044042 8.511466 6.431318 2.749904 4.222329 4.798266 5.132694 18.819730 27.314919 13.499322 3.935676 1.905468 2.919615 4.907360 9.626751 8.673970 3.201220 23.137657 32.691538 13.157301 1.929293 5.084403 4.554536 2.851097 8.786570
1.947152 1.810440 233.8154 233.8154 0.000000 3.985664 2.133694 0.960046 2.151770 3.732067 3.950422 2.993091 4.599813 15.293767 14.025312 6.996772 6.039744 3.691947 3.851370 6.768025 10.033458 7.816958 5.665619 6.555288 8.631332 9.964975 5.222023 5.212660 8.694742 16.002153 16.276564 14.392297 13.061216 12.446533 29.554214 22.063801 8.985330 8.971958 15.951566 22.225596 20.337074 36.150786 20.128529 15.053780 9.623443 7.384697 4.606467 11.245958 31.994212 114.096958 307.608928 248.139280 57.930316 11.602052 8.495850 9.597878 10.438334 9.363352 9.217790 18.981659 20.987196 13.080168 9.500722 9.691870 7.249623 27.333734 72.743569 60.719569 14.237616 8.943774 10.186259 7.010171 6.933199 10.979056 15.363743 41.121412 59.381800 20.758702 22.182622 9.076091 4.594987 8.404826 8.215313 11.279556 12.072367 13.709033 14.063087 22.514740 18.177478 9.504571 7.515755 8.524610 8.927148 5.826715 6.742309 12.434164 25.012574 24.183236 9.679366 3.008858 3.609318 6.338254 5.590460 5.946681
1.995182 1.802036 230.2653 230.2653 0.000000 1.487452 4.028043 4.445450 4.964284 5.181724 3.428120 3.650737 7.536806 13.762129 14.416984 10.520274 5.540206 3.446783 3.156830 7.254943 9.162308 7.402101 8.777219 7.422296 10.273815 12.128720 7.692198 5.407468 8.075593 19.169905 10.809732 8.243321 11.073339 20.680893 27.820806 15.140338 8.855694 12.111297 17.628691 27.511404 33.281907 21.687947 13.489843 11.444711 6.743729 4.429456 11.203506 10.766719 49.193318 281.941533 328.826823 77.673567 16.418921 7.506322 8.336521 6.063219 7.824935 12.335556 16.059616 19.116264 15.269178 11.966320 8.578586 11.721259 36.095730 73.364684 54.156384 20.184594 8.705119 5.247461 5.699771 8.546314 9.402291 7.753129 43.116557 58.911857 26.822558 15.139744 10.280779 6.077957 5.192813 8.156308 10.400613 9.952846 14.411284 22.590208 22.275292 13.671770 8.693924 3.021442 6.170133 9.064464 8.597239 5.462782 12.185296 31.683811 21.186666 1.790412 5.071161 6.795135 7.017348 5.209694 6.053255 3.548668
2.049376 1.794992 234.1015 234.1015 0.000000 3.223603 4.460756 3.006103 2.627617 3.355509 3.554661 3.014317 3.841758 5.129499 16.903838 15.002568 5.845750 3.512477 8.146288 12.182809 11.581278 6.773950 4.092461 5.262804 9.488670 9.509108 5.986134 3.070623 5.437880 16.100569 17.476870 5.443199 3.987885 4.765203 19.035357 26.187452 11.687172 3.642739 3.954073 23.225087 50.008866 31.633102 2.854252 4.039085 0.514490 4.055320 4.713385 8.919628 16.981574 90.233618 301.651688 266.860938 63.722110 9.056280 4.317666 1.935733 3.217056 4.584242 5.695441 6.615350 18.680218 23.562764 11.180891 3.780887 11.993929 54.074754 78.694865 39.790211 9.372259 4.226367 2.582825 3.073833 1.285840 5.242556 2.578628 29.870860 59.425297 40.049577 3.955256 4.487746 3.114134 1.644889 5.494991 4.000289 3.204454 9.920359 29.351193 30.875824 9.071162 2.993355 3.568690 3.755366 5.238155 3.529533 4.831016 6.057534 19.742976 30.223510 15.992891 4.129666 2.897552 4.695499 6.261697 5.063722
2.099397 1.791612 227.2374 227.2374 0.000000 3.001210 2.850880 1.721291 2.730364 2.937546 1.033924 1.320393 4.429505 11.831341 12.831824 7.105188 8.308732 6.767004 6.544317 9.400847 10.524456 7.704127 5.689728 5.647675 7.959473 12.569902 12.234073 12.118520 17.183757 16.342710 8.903590 8.946747 4.682643 4.132751 19.782723 26.866711 10.251297 8.532429 13.444379 22.189689 41.893146 35.700754 13.957232 9.532377 10.683851 14.247787 16.979387 22.915149 57.752373 217.074827 305.153774 133.734315 38.388328 25.874325 15.952515 15.452944 15.001917 13.970575 14.525376 25.527342 25.849784 13.459641 6.020921 14.310634 46.801065 81.519571 44.875459 20.342049 11.637351 10.989497 12.803040 12.891107 13.485144 21.502220 34.109911 30.936293 31.528668 32.448673 19.557930 11.015272 9.159677 9.012011 2.853994 3.097962 4.377934 18.804656 35.870504 23.515776 6.421959 3.047141 4.433740 7.647407 7.805939 7.819746 9.364899 22.744546 30.918347 15.410607 6.027708 4.636250 4.323735 5.071761 4.846501 4.028548
2.151566 1.774496 236.3844 236.3844 0.000000 5.594645 0.832861 2.503132 3.743146 5.247420 4.723502 3.311158 4.653095 13.780998 13.798480 5.398457 7.748615 10.389856 7.585993 7.617069 4.748389 6.082033 4.017222 6.741066 10.890554 10.075229 9.477745 9.477281 13.552418 17.075881 6.936711 3.880636 8.843026 11.178877 8.326643 16.872687 27.617043 21.438054 13.629840 8.330551 13.381325 35.273354 35.727294 13.770510 7.849580 17.534337 17.033195 8.701648 30.716466 55.670920 212.113937 315.864458 163.000065 56.403395 18.119659 11.056198 16.582242 15.636987 7.818839 15.434791 29.095588 18.706098 6.668449 7.030639 14.233805 44.089611 86.937319 42.907403 17.355960 10.884758 7.132208 13.622545 16.406827 10.276984 11.318408 39.895557 43.894598 24.269619 18.611737 28.777511 16.244755 4.471459 12.794643 13.142406 9.495368 11.953525 15.420361 18.408795 21.584335 20.122436 8.292809 6.998079 8.740502 6.204681 7.491802 11.433312 12.667149 22.089344 25.422513 14.666521 6.822295 4.523496 2.579106 5.244084
2.201384 1.783231 232.3051 232.3051 0.000000 1.436479 3.318535 3.088362 1.847236 5.018512 3.581387 5.792971 7.915982 8.728394 12.390523 11.285865 11.379671 7.021713 7.682272 13.712334 9.649706 3.661999 5.947106 6.957245 6.000196 6.449191 9.655481 11.128047 15.962635 13.982743 5.453459 9.672544 11.184724 0.974595 9.857462 30.814744 29.135050 6.137144 17.847754 21.820583 31.117068 27.721140 16.169059 9.329686 12.737850 16.480440 10.096388 14.167805 22.635102 128.501881 296.677794 229.098444 65.738032 12.940647 8.933067 12.748274 5.851665 9.906463 15.898708 8.242582 24.802044 23.608364 17.210374 22.505229 50.361948 91.789735 43.715738 9.726559 10.643875 7.329467 9.674042 11.334051 6.153744 17.132659 32.934551 45.636804 31.813425 18.840136 17.883287 8.835635 8.658388 14.777710 7.769971 9.393405 15.394010 16.195584 15.429274 16.746958 10.752152 2.754496 12.092911 11.050811 6.058083 1.815498 7.323373 8.899867 23.972884 26.358750 9.584195 4.430640 6.820263 7.014498 4.713257 4.767015
2.251817 1.776853 237.6495 237.6495 0.000000 2.556043 3.558891 3.274822 2.525812 3.821151 4.542601 7.291498 7.854427 4.044109 6.123354 13.127140 13.753132 5.256843 10.608467 16.738694 11.804711 3.755679 5.916163 6.479154 6.726134 10.831985 12.636288 6.224630 6.589642 10.263439 10.835745 6.719915 12.559040 11.532177 6.181779 12.329400 34.100909 35.627579 17.530230 16.987628 29.487527 24.451278 8.628336 7.919243 19.676912 16.795453 11.953302 16.524832 17.921377 10.781877 113.556847 287.560511 234.465923 65.125257 11.659017 20.202538 23.292711 10.815349 10.878810 13.707451 11.750872 23.142583 31.770138 25.898717 14.763959 56.027712 90.159074 57.781796 16.958593 9.565141 11.514899 9.301954 20.205217 22.914917 10.248333 4.978050 19.587488 42.676057 29.792276 13.844569 16.028095 13.452971 7.090846 11.430347 17.392971 11.623398 5.086251 13.173224 16.414687 7.092108 2.631965 12.037383 20.794251 11.700246 3.501399 5.338988 8.874029 7.531950 18.876388 27.410660 10.477889 5.901675 8.639093 8.792653
2.305392 1.789362 239.2671 239.2671 0.000000 2.315599 1.922048 0.907184 0.661534 2.290616 3.081804 5.230400 9.307592 5.291430 2.852085 5.509900 7.957004 11.229301 15.150823 7.491054 9.939876 8.527963 6.478251 2.573489 3.165864 13.842263 17.352825 12.489280 13.527572 14.085618 8.754260 4.746537 10.286044 7.383335 8.757105 12.171219 17.591721 36.592457 40.471916 21.492181 9.644662 13.105545 24.156117 19.877413 29.621907 27.166704 23.452423 28.100166 25.919169 16.374460 71.926891 251.385295 305.899062 108.434415 23.726461 24.220235 37.128508 29.073048 17.003353 17.758242 18.419209 24.992661 28.486630 9.820561 17.869217 48.651638 81.608367 51.249253 18.880312 16.133494 13.713574 10.319105 14.788852 30.800484 33.731837 22.738770 15.026438 15.024008 32.824173 25.526995 12.735572 7.377390 16.773001 15.172636 14.289929 16.336583 15.096300 7.374105 7.659694 10.334546 12.740883 20.555838 25.758474 19.271106 10.977517 7.158969 5.787793 9.512325 18.891952 25.208900 15.297020 5.186009 7.685211 5.173509
2.352929 1.791704 239.1952 239.1952 0.000000 2.003732 1.080666 0.604592 1.410158 4.134726 3.852552 3.170316 4.623991 8.298158 4.818037 6.522748 8.136593 13.972131 18.025363 9.496769 6.123965 9.810321 9.390790 4.700109 7.604287 8.294896 10.385375 17.036467 10.551171 13.393623 5.259654 7.810106 11.697984 9.562573 9.514550 5.493143 5.530687 25.863434 45.286700 25.496428 12.689195 17.065537 24.012118 33.845579 24.886643 6.825671 15.375362 14.670126 27.077347 32.165558 57.788106 217.053404 319.449545 145.972490 30.571711 36.919786 25.724351 17.577576 12.321178 6.416843 21.565359 24.472467 20.791737 21.998082 23.904014 51.612287 81.732259 44.414061 15.070336 17.697479 12.903210 5.785168 12.543380 17.757017 30.882251 33.632496 23.543311 29.672451 30.348830 15.195443 18.852250 15.379301 11.799798 9.505403 9.675834 12.984328 20.808719 14.273562 5.966299 7.777451 17.098979 26.820693 19.041575 6.657901 5.339534 4.752105 10.050703 10.684716 11.692942 22.089224 23.701460 11.061675 7.481372 7.862821
2.401385 1.790096 234.6058 234.6058 0.000000 3.673581 2.023286 1.644560 3.904786 7.251041 5.198374 0.954304 4.919263 7.746325 5.392013 8.491982 15.055945 13.359902 10.532790 6.130834 1.830091 7.328987 9.158448 5.554148 3.627988 4.189590 11.033415 14.897655 17.225943 18.087291 11.816169 10.723629 10.437640 7.667253 4.943162 4.762368 23.532358 35.600164 25.305995 28.352433 18.484119 14.123529 16.632597 15.738932 13.067902 6.130583 9.111151 13.075767 14.981975 27.808491 202.471264 340.465282 160.269704 21.464062 23.121264 6.874144 4.002234 6.491215 9.598904 11.130520 6.990398 12.681051 24.069092 32.617015 64.509552 70.314634 26.508231 3.651670 8.109126 9.235023 8.100048 6.576113 8.502097 21.287782 20.800046 27.294847 49.386837 41.500313 15.418430 12.690545 6.659096 4.972104 4.720558 12.036292 14.310672 14.949785 17.137174 10.101420 10.798078 13.908529 17.389229 13.178856 5.165731 2.997968 5.861432 6.581564 9.778352 20.066789 32.281976 19.868770 9.649669 5.997914 1.565715 2.844491
2.459385 1.792031 231.8540 231.8540 0.000000 1.392867 3.172522 3.003058 1.630018 7.586429 9.609960 7.684137 6.145790 3.840254 7.700691 9.744074 8.879709 8.135267 9.426755 8.093625 5.145229 8.640544 8.478913 4.827449 1.820502 3.153099 11.440343 18.005837 15.369294 13.839830 11.202422 14.458289 14.821342 9.575720 7.923973 14.266933 28.109874 23.416732 14.613722 20.547495 21.749028 13.492379 5.263668 6.098797 9.148498 12.508976 11.555516 11.118229 20.003993 136.383295 311.020958 225.452229 67.327313 22.178556 7.729396 9.399536 6.794076 4.872558 8.677203 8.663423 14.280714 26.747147 31.392908 56.226906 66.254326 30.473860 13.512421 11.521756 14.117133 11.966710 7.604799 1.904394 7.904157 20.162771 26.709403 34.811838 46.753064 35.371330 22.587083 12.782979 8.476971 8.659958 13.679312 8.658295 6.889099 9.475695 17.200272 12.448661 2.707803 7.158242 12.807512 9.345031 4.652654 5.025450 9.220298 15.723128 26.607663 30.753463 16.487109 9.852587 5.832030 3.320284 5.639444 7.891018
2.509366 1.780150 227.2476 227.2476 0.000000 4.652628 4.936785 2.789621 2.126261 6.729251 7.395483 7.249418 5.368863 2.875480 5.124965 5.483801 6.252355 8.476380 9.301713 10.424640 7.664486 14.987090 15.145883 8.569552 6.588397 6.622354 4.151882 7.230593 5.406051 8.383807 11.283465 17.372828 20.441634 12.061895 16.418346 11.701927 14.949758 22.186776 6.212109 14.407352 8.250410 9.580794 14.177267 18.115012 25.785855 25.477243 20.894701 29.399332 114.333775 289.019453 246.804754 75.334076 21.652429 13.016226 22.325917 19.113193 15.188394 18.592145 10.896875 12.933650 19.228252 31.067365 66.774633 35.932438 10.729072 12.157807 16.292230 25.971249 20.150364 13.970972 13.353281 2.618360 8.395593 16.660032 31.972870 44.255035 28.278501 29.201022 21.375236 14.835233 17.815888 11.619062 5.933271 3.711986 7.731679 11.219970 4.348412 2.877204 4.925904 9.279474 11.368454 8.950942 17.142015 15.720809 22.817440 31.515108 14.610982 7.320581 5.973583 8.456079 10.708839 8.271717 5.727388 5.291817
2.561332 1.787175 234.2329 234.2329 0.000000 6.159051 5.006006 3.366928 3.302722 5.021661 3.719941 3.894210 5.096414 2.740282 3.301787 8.567467 13.287260 8.917922 7.021395 5.760642 10.956284 15.243629 13.973685 7.568760 5.973819 8.521372 7.171975 5.497191 4.445672 5.151126 4.858520 5.135901 14.112801 22.522697 23.385556 18.401207 10.083958 3.395503 24.383373 32.888180 14.713135 17.596469 18.625116 17.376247 8.386782 15.492653 29.624526 33.860184 28.613405 32.102983 163.354277 324.117769 194.038320 29.957401 29.387006 27.922059 22.352818 10.732007 11.594337 19.995012 20.482821 16.431021 18.609259 54.580923 69.126316 26.308119 11.870624 22.147376 26.639463 22.360695 8.153763 11.814547 17.603740 18.355835 17.551082 32.420820 39.063739 18.478324 8.851228 18.124051 28.397253 25.833270 17.540637 4.336004 6.438113 7.271103 12.669484 10.340866 18.573206 12.730450 6.030921 3.673926 6.842536 13.996045 17.184222 13.799572 8.838021 17.249544 27.486082 15.801992 5.444066 9.164934 9.890574 6.834475
2.611964 1.777839 236.1377 236.1377 0.000000 5.733879 2.205767 3.393671 1.787921 3.930063 1.737596 2.391527 4.417152 1.907074 7.829929 15.144826 19.546049 17.684268 12.480008 6.305890 6.769941 6.554718 5.532439 5.042814 3.888444 9.485434 7.781734 6.250695 9.104483 7.822119 7.902228 7.384791 7.885291 10.176891 9.792867 11.140980 6.760231 8.050904 25.476269 43.187881 45.589486 37.136831 18.303518 11.653437 11.141534 5.650906 12.053840 10.919699 21.911530 9.022006 53.957775 264.632810 303.378827 100.360978 28.173856 16.950512 11.335887 11.512067 4.867679 11.216051 11.785221 13.168523 19.509893 44.158287 91.235539 66.258492 16.807563 9.284126 14.683204 8.510635 12.017161 6.976891 11.603465 15.620672 17.216898 45.197917 44.049038 21.622616 13.411155 13.254741 6.963443 12.798554 8.319624 9.645423 6.531975 9.615076 19.274120 25.049022 27.866112 22.563783 8.845074 3.918997 5.600490 4.845476 7.205835 6.302110 6.261503 4.635379 11.704950 25.983822 20.287293 6.701799 6.283928 2.700872
2.664689 1.777085 239.5235 239.5235 0.000000 2.278518 4.459545 8.175223 7.519929 3.022422 0.362228 0.576821 4.428574 9.160854 13.495552 7.904967 13.270043 7.979708 12.099190 13.849924 10.396565 4.932716 2.367419 7.659613 10.362885 10.571024 9.074399 12.806729 8.773089 2.925470 6.044596 14.472305 13.829261 10.892755 6.021244 4.960883 11.936015 18.656998 21.362029 13.099565 36.587099 18.155928 29.791398 17.045742 13.734862 12.062319 5.453462 5.120530 15.819516 25.795642 45.857048 99.534696 305.752234 265.356067 73.041565 27.250158 18.300486 7.843684 7.115748 3.560305 4.102205 13.939592 23.277319 30.008687 51.555532 82.614423 33.044513 27.749267 19.057600 10.015617 4.155862 10.513804 15.252664 16.380716 19.352498 29.795771 38.468613 33.573593 17.373236 26.815683 25.846263 17.518699 9.278633 3.808483 9.204895 14.901776 14.300730 11.639310 14.498258 15.029544 16.850157 8.793800 9.406671 6.682911 2.611742 3.033085 6.442396 8.535120 10.639075 12.933857 22.798263 26.568051 16.966711 10.982073
2.712018 1.775078 239.6777 239.6777 0.000000 2.800367 5.883435 11.549970 7.929825 1.725382 0.320217 0.781607 3.039927 11.244543 8.393059 10.412380 17.411057 17.379180 11.017547 6.406114 11.355521 7.003304 4.252407 5.685920 7.908717 9.391783 6.436930 14.048934 9.721397 3.340140 5.897772 12.332333 12.005804 7.131702 7.840826 9.405258 12.614842 14.871262 22.733785 36.489284 48.938363 34.822253 16.309225 6.292433 6.178153 10.722165 6.283826 5.558226 9.757705 17.760462 33.057796 119.766229 309.811656 241.453085 25.240889 29.105008 11.864787 1.531849 4.626157 6.174001 7.226839 10.158436 19.377206 39.196369 90.402826 97.965554 41.497034 22.826650 19.505513 11.058746 9.946506 11.223280 11.638373 6.501682 8.686302 16.772210 21.690535 24.582233 36.088525 22.112311 16.933908 15.005750 8.191697 6.993132 10.448960 14.669474 10.345712 9.039123 14.838112 18.884130 19.299708 11.467803 9.051974 5.165194 5.031768 4.854239 5.075805 4.794733 11.282260 16.025163 22.746980 20.049886 6.901563 13.686796
2.761119 1.756892 248.3763 248.3763 0.000000 3.313969 5.551342 10.768260 5.540616 0.900462 0.541639 1.790081 4.667769 9.230202 6.936106 11.445886 24.038674 15.851951 8.419795 6.821362 6.393678 4.928294 1.645835 2.173871 3.807269 7.565341 7.074793 7.479500 12.855685 13.125147 8.140603 8.528176 6.241332 2.561079 2.011277 2.358780 4.921642 4.843665 7.269638 17.437465 43.986438 62.340609 42.378898 15.776270 6.138903 4.515996 3.608547 2.693529 4.519047 5.520775 5.957711 22.169113 134.835157 286.083651 231.977956 63.936380 4.895055 3.535871 4.943232 3.224667 3.686988 4.586336 3.356371 7.995393 27.906341 102.782848 103.230634 27.669457 13.365907 5.835032 3.022708 5.175806 1.862630 5.557679 3.255273 4.922060 17.748129 34.303357 40.192031 24.514840 7.030439 2.754735 7.425698 2.024952 2.061807 3.606292 5.546752 7.975594 9.206070 24.537016 31.679502 23.601803 11.424726 8.132781 4.700361 4.126862 1.698502 2.012804 2.114853 7.401818 8.554076 11.927310 22.901463 20.580982
2.811622 1.757613 235.6876 235.6876 0.000000 7.110368 8.699510 5.696547 3.305196 2.555506 3.540010 4.345581 5.381313 7.480099 10.413889 21.703557 20.835432 11.097242 10.500633 7.557814 6.062182 4.183284 3.902085 8.745081 8.390645 5.168723 7.742657 11.123834 9.431313 14.497740 11.409636 3.577423 3.117210 2.496350 6.463362 9.659719 5.498331 3.715921 17.038645 51.571386 51.057248 19.279722 7.294010 9.159428 9.915668 9.262461 13.986699 17.616624 26.036924 29.982118 228.770642 298.981799 101.978940 17.078126 13.016333 3.080392 4.918697 5.990209 4.663644 13.620361 30.876903 78.770100 119.457853 80.166197 34.680931 21.567701 20.167940 13.837818 8.151098 9.357636 9.611024 10.943668 8.409449 23.484217 28.149504 13.637418 6.089413 4.368412 9.378309 6.905750 2.885298 5.429390 6.482394 11.176092 16.715868 17.055034 17.898041 9.310613 3.533403 6.754711 8.822499 5.919094 4.419571 3.949353 7.222502 11.435596 8.638588 15.905666 16.106830 7.610413 7.187190 4.370333 3.914781 1.997904
2.869408 1.766212 232.0444 232.0444 0.000000 7.652651 6.279473 1.036598 2.081977 3.774128 3.897849 2.560453 3.399672 9.007590 17.742366 22.794876 11.302875 7.045851 10.205944 14.118296 12.330006 8.520386 3.290548 13.145550 20.418346 14.586764 6.447164 4.521980 6.119059 12.706132 16.119456 11.577414 7.744439 11.237910 17.126301 12.388257 5.938223 10.134354 19.024121 55.743393 36.274460 10.031959 7.879265 13.932943 15.354918 20.608465 22.617228 23.925582 47.054739 178.465074 285.688161 137.824975 57.888186 30.862066 13.438861 3.919186 8.680168 19.243136 29.517708 38.307299 86.882551 109.514924 45.909992 26.973023 30.823536 35.055119 27.954127 13.730058 6.363870 17.248741 24.645931 23.735602 19.139009 14.085308 19.500753 7.245804 8.459861 4.668898 8.574091 8.002859 8.715355 8.106274 7.613584 9.717711 6.356858 9.191292 13.638032 14.747830 7.620820 6.635105 10.875672 12.901489 11.068857 3.122386 7.219261 7.228833 17.040845 14.224583 9.859843 9.604799 6.119832 3.056466 2.175695 2.538499
2.919286 1.763915 232.8569 232.8569 0.000000 8.767852 7.845411 3.302960 2.245387 2.990412 2.031435 1.785791 3.301567 5.028782 8.505727 10.618610 14.063261 11.763548 10.512212 9.359766 8.099702 4.856716 5.977274 18.839312 25.215139 12.614371 5.175219 6.577653 8.868938 7.980446 16.655258 19.998124 11.473161 7.715532 12.231360 16.472134 20.385688 19.368931 19.023664 32.079040 43.740877 19.722666 7.737643 11.587501 4.241931 13.092667 13.265874 13.056310 24.655505 107.898629 284.436671 232.438761 69.328047 26.077652 23.717977 11.214998 6.874863 21.922185 23.938297 21.970514 57.894183 103.930326 43.525598 31.133650 19.396542 26.179115 21.072199 11.616289 4.738787 17.647395 27.201427 19.370288 21.104731 33.315784 31.703518 14.938570 14.004103 11.224953 7.821914 4.828237 2.192262 10.712594 12.327474 14.923953 11.150942 6.875540 11.772221 16.388465 12.642509 7.593334 5.387006 9.063813 13.231077 13.395764 13.472906 12.645482 24.880024 24.021430 8.565444 12.258671 12.975473 6.789033 1.683588 3.166898
2.971642 1.761501 241.6135 241.6135 0.000000 7.109901 6.856811 2.619783 0.529421 1.282119 3.188896 3.157107 4.206035 8.247365 10.307841 9.818899 11.251316 20.064774 19.185604 9.664802 3.640402 3.404479 2.773006 6.249525 16.824070 16.155415 6.833872 6.263226 8.695205 7.894197 7.580197 16.377692 16.595580 6.756857 2.742147 4.534249 4.594919 12.447459 28.379422 22.641147 15.053953 25.715245 21.185056 9.465438 7.004251 12.349160 11.677909 7.537428 10.924186 25.355863 24.212838 187.521661 307.770920 163.591225 30.562638 12.662812 23.926681 9.750914 19.975723 19.970094 10.744081 20.594863 83.581185 90.727082 40.906420 39.156846 41.687483 19.894077 6.304109 9.945813 11.049542 8.634810 17.271759 27.629786 13.273757 10.253269 36.707635 31.787659 15.227958 11.584617 17.982550 8.742935 4.953154 6.879387 9.248223 6.465130 14.978016 7.620554 7.672991 4.609307 9.537893 5.836006 3.721160 4.940035 4.287559 4.339884 8.866082 16.025532 13.369730 15.222144 25.405170 15.983502 5.413765 7.004002
3.021410 1.766770 239.0096 239.0096 0.000000 8.642373 5.846094 2.374413 2.562536 2.160069 2.314003 1.388091 1.998735 9.370269 13.021811 8.812878 11.663806 15.205922 9.714053 7.080871 3.600311 4.235721 4.667049 7.991381 7.666001 9.949900 14.958478 17.629636 14.268520 6.765397 6.229363 11.542544 11.743018 9.991508 6.041557 4.238916 5.164138 14.555181 28.890821 32.425234 17.468144 36.883029 23.892795 7.460701 4.682032 17.909461 17.075702 7.516626 16.600780 39.692239 108.450790 271.948952 243.401269 55.954571 46.641834 40.354797 34.255442 31.641978 31.816627 22.255534 32.653094 80.631413 81.653457 46.435819 42.094331 25.743775 16.634926 11.984018 4.067207 8.444325 10.113200 14.379482 27.918275 34.192472 32.970154 19.872554 13.586655 13.530515 14.033868 16.616822 15.478623 8.384874 7.136393 5.265835 13.159385 23.584961 23.070383 16.579417 10.345339 3.684390 3.787408 3.247265 4.011166 4.737737 2.081354 4.478226 11.375332 19.102279 20.947426 18.336438 11.891394 11.392510 11.888303 8.754291
3.071593 1.747580 243.6335 243.6335 0.000000 7.908757 10.475918 5.707098 1.075404 1.350646 3.820345 5.871196 7.466251 2.003598 12.310673 13.082883 6.507714 12.935352 12.157246 14.703675 13.150214 6.550139 4.849156 7.007325 3.926225 3.967288 12.329536 12.159536 14.871543 12.391740 8.067008 11.794185 10.308700 9.751447 15.344402 13.669863 10.675066 9.588673 7.419106 19.026090 30.520689 31.806404 42.468001 37.808902 13.988878 8.119959 18.360745 20.021295 12.501203 24.345178 31.241064 79.989721 244.868576 267.610707 111.635004 38.261322 27.013914 18.310929 15.624771 21.515204 20.097619 34.315461 77.787693 102.151544 57.177638 33.277104 34.019784 29.027155 22.638161 16.918500 12.513897 5.863538 7.558043 11.126012 19.897079 31.463930 25.783120 14.500897 9.379472 12.816793 12.384026 8.312390 13.831392 15.736999 10.499721 9.984204 17.912075 20.743945 15.697132 10.671341 5.903761 5.595322 6.850383 6.217288 9.153469 11.965347 12.365793 14.475979 17.387792 13.612371 12.829030 16.662672 15.092717 13.728347
3.123674 1.748509 244.2547 244.2547 0.000000 4.471536 10.496837 8.576188 5.559817 6.177112 8.792319 12.249413 10.888525 9.084272 10.959486 9.268482 7.752531 14.324866 13.848925 10.970379 16.044063 8.036539 2.642392 4.619771 7.145303 9.294237 13.536448 11.232983 13.271430 11.956389 8.446145 12.127792 4.366926 17.125697 12.804027 10.202937 19.444949 15.409158 6.734855 11.951365 11.880484 12.342112 30.330432 48.389213 24.210492 10.371712 23.403387 27.017430 12.913201 15.435411 13.473808 72.423371 246.490197 283.687354 91.070508 29.747398 4.601776 5.186238 10.514892 11.777562 13.955196 46.074044 102.283406 97.849765 29.975748 12.053468 24.698062 26.237902 41.114583 38.836960 20.166917 10.309028 11.635909 8.619062 9.347139 16.831919 16.591765 9.672807 24.021386 20.024940 10.017301 6.862169 11.164750 9.119864 15.523966 9.128728 5.250712 11.341279 11.678739 9.593940 8.953069 7.458934 8.099312 5.558906 7.805366 15.787217 13.309708 12.233230 12.321380 6.898686 16.432916 22.077560 13.656809 4.126468
3.172150 1.768490 237.6741 237.6741 0.000000 5.684503 7.089441 2.999698 7.336180 9.543802 7.555553 6.713156 8.298964 5.242903 7.904461 4.327715 7.435279 13.484930 15.066015 14.239846 7.835728 3.469143 5.199373 3.363579 5.841555 7.350311 8.194854 10.231722 8.888322 9.404359 9.844020 12.181420 22.560238 21.858019 13.203968 8.371306 13.728451 16.370845 15.816940 10.544805 13.549478 27.371597 44.320490 21.769300 12.682941 23.168105 27.534017 20.213162 19.230471 23.226548 109.356989 266.897117 241.847251 85.064722 18.351897 9.844205 8.934906 7.596601 9.953918 16.644293 82.261261 108.461698 34.794052 9.050443 22.633617 23.403117 40.810391 39.919494 11.711661 18.162331 9.008268 5.513669 4.480864 7.763892 22.156034 29.127817 23.141981 11.486876 8.476449 14.510159 19.197254 16.148000 13.206770 9.646761 7.366994 9.255340 9.329382 9.888873 4.172127 5.413958 1.985430 5.402284 12.736712 19.913216 18.382648 18.547460 12.756601 8.556801 17.540182 25.527724 16.276271 5.399336 1.381766 3.888726
3.221409 1.763850 237.4548 237.4548 0.000000 5.950437 2.764887 2.949475 5.396770 4.254011 1.986482 5.276441 12.558818 16.372890 13.524682 8.170523 9.152530 12.829739 11.577544 12.478508 10.622428 3.490803 3.359241 6.606284 5.718582 3.341941 6.028147 4.713488 2.654815 2.696383 4.181050 6.414966 23.807487 20.366465 3.158156 9.854805 15.960453 13.358045 15.455310 23.441341 11.835881 18.239424 38.964381 39.446540 22.418185 23.474988 19.162484 14.351909 22.041492 30.281887 67.794688 222.515490 279.618340 121.118342 26.614363 22.664584 19.392404 14.070473 13.919557 7.066821 71.035331 105.950574 51.905992 17.865748 29.822068 36.299014 17.861942 26.726456 20.791506 18.962577 12.728504 8.187344 7.940557 21.523875 32.303740 19.456456 14.584179 11.434210 6.573625 14.852775 25.837926 19.578914 14.438584 15.611031 8.059443 6.474511 8.532225 10.833822 5.917528 6.829508 10.848999 7.963573 11.017923 20.324994 14.830092 9.302348 8.363961 5.015917 4.277445 21.261949 20.871878 4.402736 2.089953 3.753493
3.277129 1.764264 235.7096 235.7096 0.000000 4.398275 5.347615 3.813941 1.509388 1.711959 2.244025 5.719990 11.628497 13.324936 9.140051 7.670139 10.140634 11.375241 6.865902 7.600798 5.120153 5.568440 5.924599 4.705523 8.302072 10.735080 16.398880 15.512693 10.800307 5.852852 6.247215 9.599593 17.984866 11.226385 10.248949 12.599204 14.447567 15.480011 23.590509 26.836046 15.256775 10.383101 27.319852 40.351542 21.126962 12.274136 13.703768 20.769044 13.038986 13.763247 86.088795 300.189221 282.606741 42.735049 28.953081 16.602206 13.740969 10.358581 12.598437 32.192744 84.725656 62.692471 14.185785 18.822431 25.459820 22.000535 12.628440 13.424019 14.558097 12.662787 13.651912 15.589375 27.461684 46.152473 36.007013 21.097581 9.156925 10.601002 15.188416 15.379737 13.232874 18.456688 20.380405 8.217645 10.416087 14.784713 17.459002 11.466750 6.518423 10.224966 13.314373 8.611633 8.892446 8.849722 6.830432 7.246718 5.699064 10.931485 23.829079 27.581974 9.392431 4.760574 0.999606 3.179001
3.329400 1.759703 232.6592 232.6592 0.000000 5.011280 6.703144 3.955685 3.289315 3.576503 5.142911 7.681413 11.468532 11.332735 7.854899 7.479795 11.312862 12.308777 8.568351 9.310906 4.332126 5.874173 8.383390 5.336412 5.970379 14.015411 16.279564 13.916498 13.451877 12.909347 10.106192 13.778017 17.814617 11.622500 6.379091 6.442337 11.608224 10.835387 28.819150 23.805319 12.691748 11.559264 33.852954 41.646585 22.301274 16.569708 21.354551 20.180740 16.112149 39.465652 176.969222 297.944382 160.680258 29.563374 4.332990 6.682986 6.087554 17.708128 36.151158 99.778209 75.700486 18.369199 11.522853 29.877975 33.705156 18.865841 15.209496 6.821566 4.827101 10.371990 16.309610 29.098290 40.176623 23.369290 16.673491 14.155667 12.651803 15.005977 11.679998 17.732686 20.786908 19.514398 10.317266 9.505050 9.359137 12.761376 8.852972 3.846198 4.716255 7.731270 10.166120 12.804674 9.720900 11.967172 11.012113 9.636431 11.394871 16.408710 28.007289 15.384713 5.722616 3.909320 3.283777 2.098740
3.381406 1.748907 239.1426 239.1426 0.000000 5.835722 6.193839 2.453002 5.784771 4.573998 3.570687 13.738108 18.112782 11.619726 7.785057 4.134710 3.464609 8.945471 13.271116 12.760874 8.767186 7.041107 10.395107 11.061065 8.455367 8.259625 7.758346 10.698551 13.924682 10.916466 8.101654 12.327598 18.040949 19.546069 14.161802 10.407431 13.045111 8.415575 17.759719 24.687528 14.592532 7.999552 14.173976 18.556550 49.220566 24.349685 15.558165 22.556359 20.723333 10.312422 37.437721 158.884371 301.691303 180.293953 30.490577 17.118989 13.982526 13.680846 19.192302 54.939113 98.340635 75.109597 30.565465 13.881743 15.809671 27.939734 26.322933 26.410193 29.941234 23.260376 19.359055 17.387922 8.710617 16.726820 15.444421 17.846962 23.100573 16.109345 7.275573 13.571933 18.612486 21.912908 13.882716 13.326720 17.536385 5.514680 11.198013 12.721863 10.273545 6.391559 6.459470 4.555266 5.253234 10.046795 11.475113 11.640828 10.457017 6.814027 8.856932 18.414939 21.463867 14.430132 8.299343 5.001693
3.431930 1.749148 240.8297 240.8297 0.000000 6.875005 6.010374 2.685716 5.127485 2.891981 4.988099 13.941688 21.068907 10.185672 5.705894 1.213355 1.960902 3.707135 4.763177 7.005863 3.275658 6.252317 8.181955 7.588302 6.313610 5.484953 8.623813 18.053763 26.661995 21.380349 8.349117 3.885141 5.772635 6.507682 9.367533 18.574255 22.133300 14.970135 10.780097 10.178117 10.452134 8.849025 7.965594 25.170514 51.501610 38.275362 12.072534 8.701804 5.966348 7.356848 11.972851 114.908013 308.662051 227.166756 39.557696 8.558288 14.076649 6.709299 11.320923 34.721239 113.150059 82.905377 5.022723 3.445181 8.275900 10.949028 7.200186 15.747827 30.875653 40.968835 19.932489 11.711129 9.377004 9.598338 8.639520 13.699127 25.439341 29.217282 13.305531 4.237490 5.772320 6.656513 9.082757 15.922835 28.056479 28.043692 16.712677 8.955888 8.044553 6.193017 5.375850 4.111594 5.578712 2.932398 2.739362 3.087063 2.053644 4.251267 4.555161 13.811764 28.560129 26.011321 13.639320 5.191416
3.481403 1.762589 244.2428 244.2428 0.000000 3.891972 5.557870 6.227852 6.758319 2.961492 1.369998 7.860472 21.428066 18.103885 10.786503 8.023778 7.308794 4.118730 3.550713 10.187823 11.703849 7.872075 9.604107 8.355202 6.462335 3.939227 2.387628 8.313292 21.166625 24.715657 13.610041 5.523598 7.607229 8.135715 6.343932 9.030940 24.126564 25.048096 9.883528 7.227807 9.081458 8.025664 5.848374 8.161106 34.610584 63.220709 39.591655 6.167366 6.985337 12.198245 8.728121 28.244610 142.840741 304.902439 202.360820 21.739466 13.908145 13.141741 10.132747 20.760211 64.368505 112.462034 68.093215 12.136909 10.017304 14.717602 15.132266 11.421256 18.332693 41.661425 37.444584 14.759975 11.184264 11.597264 13.070737 10.885657 12.357203 28.279391 25.170736 10.374861 4.554557 9.124436 10.858898 5.488166 9.622312 30.293946 31.898902 14.551697 2.361288 4.372849 5.325889 6.006635 8.221364 11.233519 13.496462 10.230349 4.517264 2.812503 5.303945 6.189031 6.655877 12.522763 25.030516 24.327631
3.532243 1.776166 249.3685 249.3685 0.000000 3.655726 2.438039 7.619641 10.434614 5.458111 2.895143 11.292099 17.094599 5.621527 6.290084 9.112224 7.897889 6.910826 13.198423 20.324844 15.668670 6.675091 12.734124 8.976046 7.114392 6.455231 4.637020 3.524038 11.295108 6.960894 14.878299 6.928425 14.234690 17.752413 17.010038 15.012097 10.513453 14.876836 17.855320 17.184240 16.131634 10.729557 4.771516 15.139177 19.081867 52.565440 64.946096 29.091117 17.095774 15.559234 11.660656 28.554246 96.706081 286.726955 254.394972 70.118730 18.259580 9.792320 9.153851 23.195032 60.601636 118.028230 64.479069 6.562839 11.665707 16.371902 21.032778 22.476986 27.073324 40.216890 25.020631 18.601624 14.232239 8.170586 14.057965 21.500082 26.577424 22.184571 11.103426 5.885565 8.817561 15.877830 23.009097 26.089124 27.473615 22.444284 13.073097 13.070496 6.227916 5.998558 5.253428 4.457992 11.574532 11.625705 12.869291 21.432604 17.028836 10.603796 8.064825 5.497988 2.487137 5.068288 16.545487 22.896194
3.581414 1.790852 249.2719 249.2719 0.000000 4.009023 3.542176 8.071592 10.188401 4.634393 6.950688 16.577911 14.020403 2.975042 2.616095 1.678618 4.792739 5.034995 17.062995 15.220086 13.275613 11.341075 11.185279 6.831451 6.876531 6.093340 5.451622 11.726008 15.088397 17.403772 18.527894 10.896913 7.601923 13.868783 9.830724 12.878779 4.259596 2.970905 8.455653 18.323055 7.960732 10.826682 16.711557 17.659471 16.132727 40.298728 75.987549 52.836488 13.561375 17.854042 10.782762 25.404713 100.315632 281.300873 239.949993 50.054667 31.257877 18.113161 23.903879 50.324827 100.252135 110.957796 49.504270 19.913339 12.492652 14.857342 12.186241 24.747966 32.443434 26.136595 29.196127 25.604249 20.577434 14.478868 16.010789 22.035084 15.238539 9.683053 4.149301 9.488227 8.953988 9.731059 16.110119 19.746451 34.875735 25.193791 11.667204 6.636030 3.693786 4.632579 6.766132 11.740572 12.597891 8.683875 11.187820 22.994980 20.889780 7.576553 4.693464 3.436081 2.225080 5.661343 14.914431 17.189886
3.631825 1.779030 241.8555 241.8555 0.000000 5.250899 6.028840 4.892595 5.356593 6.463464 10.323896 12.286677 8.200602 5.443619 4.776394 4.857450 4.347632 10.424415 17.561984 16.456385 15.884477 10.273559 5.341671 8.391788 9.672658 9.991870 9.155989 11.315323 9.978402 16.186799 7.433695 6.432788 15.254096 16.491076 17.321655 9.670294 9.049686 15.791790 20.140185 9.664869 7.474629 10.756363 11.235997 11.889878 35.532231 65.491508 42.511522 19.957716 20.786303 13.230571 37.575427 190.741147 294.887292 157.301141 49.471071 25.465471 26.389932 25.691861 90.281781 110.852375 28.055131 8.816038 13.224548 21.741864 17.537088 13.878284 27.666861 25.393440 32.675873 20.600844 15.333233 15.768993 27.671559 31.520476 22.193485 14.540438 14.230705 15.767929 9.530925 8.144760 15.467044 29.582871 31.378490 14.135388 5.488602 7.251545 5.817572 8.205758 7.853914 7.848345 5.697002 3.601142 17.104487 26.992158 10.929311 1.721607 3.618931 1.385600 5.454565 14.242675 22.146033 15.143338 9.107447 6.051705
3.681376 1.789294 239.6754 239.6754 0.000000 6.787056 1.366985 2.373345 2.178999 3.131197 6.982476 7.127729 3.533366 5.054665 6.297872 4.206252 6.833687 12.246081 17.877527 19.428456 10.350785 4.512632 7.662306 9.824729 4.507451 10.072265 7.410684 13.360932 14.880927 10.050931 7.305012 13.746963 19.526783 16.766463 11.628704 7.282976 17.806973 26.728227 17.565721 5.476617 3.370113 8.393329 12.417812 26.477077 27.219428 50.936146 36.133610 20.130915 17.309639 17.180136 13.695839 230.737827 317.701231 118.661417 2.408689 6.446758 10.041299 46.079895 98.218722 68.499400 16.058570 11.040911 12.115307 12.443605 9.274880 15.511337 39.412143 39.988859 13.974085 6.449228 5.837566 9.020336 24.849840 37.916218 21.933198 7.598313 19.709116 14.180513 11.452369 19.544318 20.834932 17.112516 15.297174 6.493503 9.145734 8.574564 10.096145 8.633457 4.916663 5.491691 7.920325 18.276184 20.116452 17.738453 8.765313 2.679919 5.017344 6.277636 10.605113 27.570189 24.050066 7.476830 4.726722 2.933931
3.738348 1.757883 240.1329 240.1329 0.000000 7.142453 8.267611 8.537670 6.389251 7.237184 12.261347 14.424210 12.516563 7.840166 5.840273 9.015376 9.702806 6.348431 4.334736 8.809030 9.686125 2.813364 3.587861 10.484812 12.858800 6.957476 5.351746 17.793207 28.012175 16.982482 10.415452 10.763391 11.988922 4.368884 7.671594 8.380955 12.544020 17.869398 20.979673 9.468356 6.592540 14.957062 18.068885 21.040448 28.138845 54.527611 58.479828 22.396770 16.867463 11.852320 23.697543 222.369163 320.462576 102.668266 27.051947 24.255347 34.637903 76.562882 116.049884 60.736873 9.779121 9.859585 11.645260 12.216036 15.564451 20.467388 23.250108 33.929366 37.609291 21.802623 16.734817 16.834061 20.667202 19.496816 16.032345 15.944994 21.592867 7.273217 7.351353 14.269558 23.422374 22.838786 21.548015 10.874399 6.248645 9.940296 15.775096 12.333556 4.955143 5.029258 8.167107 12.431339 8.184083 12.555704 16.029581 9.045880 6.146017 5.251949 9.274861 19.996576 27.245485 10.289667 5.930772 7.093681
3.789394 1.763985 236.5456 236.5456 0.000000 7.560755 11.991523 12.261024 7.559251 7.457457 8.824194 9.461449 15.170440 11.941713 8.293594 8.258624 11.985280 10.360193 5.997992 5.268455 9.475534 7.234813 2.932831 11.440972 15.731228 9.943805 12.148334 19.881616 21.256131 14.666439 3.752298 4.213891 9.427474 7.988797 3.400897 6.450310 8.581771 17.650080 20.707757 12.701619 12.466517 28.128884 19.335545 21.998764 36.333642 55.964781 42.302261 17.357165 13.127011 17.467720 144.000181 291.035478 169.614142 41.269811 33.096269 16.044984 79.936436 133.717973 56.703579 3.391372 5.625954 12.846826 10.111089 16.308847 23.215611 19.821201 32.107805 46.504046 27.195026 14.926891 18.534131 17.043549 12.142913 16.020694 14.149010 16.308960 14.884605 8.150716 10.993804 16.852760 21.673564 16.295240 10.221521 8.747914 12.495646 11.771264 5.393363 6.130415 5.339084 3.604202 4.189998 11.642888 14.710897 9.873912 13.219580 11.339463 9.921779 13.859241 22.708186 14.925961 2.746210 5.753528 9.177018 6.443115
3.839408 1.752440 245.5241 245.5241 0.000000 6.094443 4.491405 7.437410 5.503806 6.851138 9.768208 7.023662 6.470325 12.482213 13.400597 9.449237 9.576587 9.136873 8.142647 9.220978 8.408157 6.825128 6.218184 7.821768 8.015973 14.071938 24.027100 21.047534 9.571100 7.744272 10.982154 9.187027 6.137786 7.273295 10.568926 9.053337 11.139873 15.192709 7.293078 10.680720 13.141322 17.714465 35.859725 34.847903 12.241999 7.687288 13.285384 35.955251 32.235657 17.611394 9.548012 6.435649 158.499374 325.408721 168.018149 17.000478 15.573781 20.411310 89.341171 123.930454 46.656869 9.873021 9.369345 7.366198 12.130043 17.146090 12.311515 9.115303 22.468044 49.379948 31.474516 6.208122 6.539712 6.166621 11.554396 29.077966 24.797641 11.272247 10.063474 8.421370 5.918912 4.514563 8.378514 9.040969 9.750889 18.869065 20.759068 9.471152 5.212085 5.951797 3.604613 5.001625 6.960627 4.867183 5.627873 7.673537 7.129633 10.380898 12.210071 9.269258 5.350918 19.496292 29.285215 14.222073
3.892107 1.726519 246.3835 246.3835 0.000000 5.333911 2.444009 2.958287 4.973091 9.864761 13.496573 3.611348 2.698393 7.159716 5.332236 9.319879 7.114642 3.656821 5.893752 12.094424 15.343605 11.874961 8.698039 6.589734 6.414626 12.906706 22.802906 19.622997 10.647771 4.488924 6.305907 14.001373 18.956986 15.041986 8.010316 7.586685 12.671295 13.722619 11.177914 6.406861 8.007678 18.568310 38.102070 31.686844 10.793860 5.050834 7.757144 25.298506 36.777087 19.782785 4.763748 5.352480 124.691003 294.487264 215.581669 44.056844 8.553889 13.133403 90.480778 116.048020 32.826080 7.517179 13.672200 14.475666 19.678241 14.266374 8.054772 5.581230 16.957684 42.193277 45.551922 16.663625 11.034894 7.057144 16.896360 33.781252 32.242879 17.576077 5.501999 2.915982 2.250166 5.885773 11.686114 8.589125 6.643024 14.670209 21.111665 14.835453 5.231737 3.275107 7.823288 10.115132 10.023853 5.611596 2.391725 1.654996 4.467547 7.777800 5.309820 2.284409 2.418166 9.822051 22.551126 23.656013
3.941373 1.760047 246.7696 246.7696 0.000000 7.303016 5.692930 5.260114 9.871052 13.975071 12.997987 7.211894 6.773408 7.290623 4.462534 9.988171 9.824301 7.801391 10.080734 6.468848 15.008181 12.818925 3.202198 10.442657 9.531303 11.954588 16.695987 11.026166 8.496108 8.160400 7.464400 14.781278 19.217486 13.126696 8.116790 3.878392 4.017621 3.959997 5.451312 9.483429 7.333059 19.431987 41.294750 37.165645 17.336810 9.889968 10.529263 18.380060 37.028897 27.994342 14.587692 17.702369 89.606438 260.011379 234.179277 64.792171 11.872728 34.055108 110.540768 118.312392 45.990023 12.444438 12.713082 17.069387 24.253179 17.302224 10.932729 11.297697 8.805892 29.893191 50.506475 22.277587 12.483177 5.840539 17.609889 27.563012 13.900480 10.655935 8.448026 1.444707 9.343142 16.440635 17.404719 10.142303 7.242374 7.630933 14.974531 6.818144 7.992346 8.593826 6.876303 9.663367 15.147387 9.099144 6.090004 6.768941 9.024772 8.605080 3.614546 3.228254 4.480744 4.856755 10.317039 20.785585
3.991711 1.749568 249.3727 249.3727 0.000000 8.590334 5.612882 4.099142 6.336542 6.725227 5.637943 5.547583 6.338940 10.559761 8.118974 14.920677 14.279916 8.724094 16.838786 11.818801 11.114675 14.810980 11.281500 8.660030 4.501050 3.195949 8.873298 15.180783 16.189254 7.517296 11.252168 13.626068 12.104268 8.254014 9.249575 9.462603 3.310730 2.291739 4.955550 11.336091 15.477168 15.618646 31.478084 28.911459 26.320807 25.673882 14.111929 20.682624 37.908623 59.558576 43.067440 9.251121 25.081832 145.687509 295.699273 186.888478 26.209831 30.078872 77.794122 136.179295 75.468325 8.503552 7.963107 2.347669 7.442957 16.235728 24.241210 14.844125 9.368674 17.328098 35.643271 46.909165 25.636843 16.381835 10.641039 10.087558 10.662715 10.819089 12.950862 13.157068 11.466037 14.041181 17.874775 15.214061 8.596763 17.227482 14.431007 9.017762 6.429331 9.785970 13.077917 11.306880 12.435912 11.747273 12.670986 14.198329 8.764665 11.376422 15.060784 12.654924 8.683248 5.438641 3.983973 10.163681
4.041408 1.768846 243.4789 243.4789 0.000000 3.207108 7.223422 5.964248 2.811658 4.942066 6.261610 6.739995 7.018700 8.985411 7.463497 14.098935 12.399770 16.635227 16.296308 10.168165 7.810936 6.007316 5.023206 2.794067 1.722625 2.218850 4.100793 11.497795 18.199706 18.226691 7.426786 5.233492 8.091923 13.395846 10.973192 6.806929 4.201308 2.776781 5.764626 11.772654 12.745873 16.554874 31.136879 35.137052 42.457216 26.861587 14.263305 27.310570 50.566178 50.218776 17.719914 36.347599 148.646486 279.033187 178.734302 47.090080 47.240948 102.138634 116.172450 45.881157 3.881924 2.056370 4.471642 12.138868 17.306307 14.064482 19.561247 23.071950 35.682902 41.685199 28.722261 27.203118 13.739027 7.870390 6.758569 5.659820 6.966577 8.450243 15.292408 4.274567 8.393395 15.136039 26.461368 22.102839 8.942523 4.807167 6.689379 9.930284 9.300269 4.867803 8.891718 12.358852 18.625005 21.861326 12.217919 8.614420 10.683610 10.201837 5.606221 3.449511 4.613492 12.305476 19.959232 10.755285
4.091999 1.784662 244.9364 244.9364 0.000000 2.977949 5.002147 4.340891 3.255380 5.338327 5.653957 6.368146 8.543267 11.714605 12.003804 12.405424 13.046786 11.283962 10.350586 11.729407 7.145079 1.770265 4.242486 5.381886 3.886639 4.363802 6.419631 7.806811 9.049417 17.753349 17.300757 17.020984 15.330983 5.963422 4.531167 4.688454 11.182604 11.391581 7.727735 5.467762 9.314094 25.356381 36.826335 26.987279 25.696300 17.560271 8.148441 23.694214 60.205188 36.917905 10.021314 42.567090 273.313751 275.462886 69.586899 32.779789 84.064198 121.313426 56.601966 11.632976 4.549842 4.337128 10.149557 14.684707 8.823128 9.081862 21.035655 43.772554 44.606227 29.774818 15.066298 17.014180 13.953249 5.486959 5.567417 3.463195 6.375840 17.714073 19.443467 16.211848 21.925856 20.692348 12.788024 10.415628 5.431931 7.451316 7.148775 4.990884 5.458831 5.256963 14.706963 15.638219 15.580608 14.090765 10.154194 7.367796 10.481572 12.615042 5.760455 2.940843 10.679120 23.863899 14.660404 3.219729
4.146103 1.767329 239.7799 239.7799 0.000000 1.457799 1.447578 1.889202 1.198410 2.110260 4.682597 8.593026 12.748905 9.304959 6.900912 8.484081 12.076433 15.946458 15.523630 8.108905 4.584861 6.571927 9.876980 11.812632 12.439329 14.243010 11.702876 2.671090 5.489132 11.556387 5.437631 20.247143 14.171071 6.023550 4.605787 7.587584 14.458571 18.853794 17.482632 15.695057 11.133811 19.102449 31.381230 19.692877 13.269331 20.383227 5.173210 19.599579 64.041731 67.072223 27.193978 95.744900 285.215917 228.950583 37.509795 77.504512 132.289985 85.159572 15.835645 14.828724 8.372905 8.128485 12.784022 15.471114 11.648040 12.817066 23.444040 26.887953 32.568856 48.486206 37.192943 24.485948 15.982752 8.581386 7.286508 2.873326 10.505472 19.985521 14.893961 13.313132 16.881310 6.703589 6.704759 11.609372 11.013429 8.984668 6.572405 3.042401 3.785238 8.525389 18.991997 17.131205 12.476714 8.718370 7.052806 5.448951 15.395141 18.566769 11.411872 8.786695 17.762825 20.160798 8.714388 8.673981
4.199293 1.748019 242.8177 242.8177 0.000000 5.770845 0.510676 2.593797 1.339297 2.125991 6.999251 11.837799 8.079557 2.280259 4.500450 8.576005 13.734268 20.355975 15.368426 4.404339 5.660446 5.274074 9.455991 5.464320 9.235386 11.303867 14.473206 7.165025 3.836972 13.656110 18.190389 13.174326 4.539065 2.625718 3.058674 4.938596 8.141169 10.428385 10.072273 18.126323 13.696771 21.766964 46.407259 33.491845 25.559305 25.734472 14.432165 16.006933 59.940376 65.579823 41.654958 142.021066 264.189987 156.519080 54.725732 124.967260 133.665996 45.063604 6.083763 6.185036 4.012911 4.351828 8.988459 5.866253 24.147534 35.460317 22.293869 7.785382 31.547909 44.074593 21.612389 11.031673 11.378001 7.348369 4.227701 6.514636 9.363636 17.306221 18.015386 9.831894 8.355325 11.576861 17.816059 10.380130 2.192636 9.346211 10.728161 6.686899 4.975989 10.668171 25.029310 22.363048 11.837759 6.228647 6.675214 6.384629 11.595424 13.569797 7.051291 7.035993 19.851745 11.157991 4.406432 15.410590
4.249297 1.737432 247.0361 247.0361 0.000000 5.797777 7.259307 9.064023 7.872527 4.938649 3.359862 6.939730 8.930185 7.371540 6.069418 10.610890 16.826867 16.271695 10.502579 11.796094 14.061310 11.320932 9.547924 7.358262 3.219843 1.276268 9.560209 16.511850 11.924479 12.327546 17.921303 8.190008 8.247138 6.176947 5.206764 3.341694 3.075858 5.557384 6.563130 13.986406 24.972661 20.588685 25.635232 37.937870 29.836182 17.336021 17.518481 12.086098 19.029826 49.687259 62.962913 39.792525 150.200661 272.935406 157.065956 61.729343 135.552120 120.547857 36.839902 4.569498 6.781233 11.716656 8.541936 11.844197 12.960153 21.499960 32.154179 18.926209 19.392550 47.331114 44.275445 11.441168 8.060422 5.549336 4.467695 8.876712 11.399062 11.615888 11.895957 14.241527 10.372709 8.212867 16.409881 15.391814 7.519763 3.144432 5.544385 12.098796 9.176367 6.990868 13.946754 12.059332 18.478233 17.302177 10.322640 6.482029 7.800909 5.933822 9.278723 10.932972 7.309587 14.228540 22.005846 15.490449
4.301393 1.760440 251.0726 251.0726 0.000000 5.526335 4.228192 11.983140 12.828485 7.093224 3.329888 4.252730 5.365421 7.019600 12.869836 7.526526 5.920402 9.359555 10.688214 12.460732 19.396401 14.506869 6.774553 11.109646 6.942594 2.051621 4.954196 13.346529 14.653863 7.564663 10.655722 15.632393 11.174832 8.869048 6.640423 5.802716 7.141064 7.238864 7.051071 13.803894 25.264417 22.917663 15.016648 20.630601 33.987140 26.844928 15.051621 12.430506 15.889624 4.781394 44.014712 70.062118 29.151877 171.104883 295.406636 153.971750 85.183059 154.258708 85.072571 15.608682 11.638462 8.191520 9.942866 16.259455 17.314138 10.151025 3.944576 21.084354 17.590263 19.305566 55.382492 51.486526 12.942021 10.842129 12.098783 8.046415 6.986754 12.953153 14.839988 9.993580 9.972346 11.988993 7.079355 14.561144 17.549721 8.197848 4.458269 4.961205 10.362161 10.960493 7.808944 12.164769 14.369734 14.754522 12.054497 6.241117 7.235228 9.483528 4.575468 2.550461 6.770607 11.548298 9.406596 14.854895
4.351921 1.744097 247.0544 247.0544 0.000000 9.881458 8.868150 11.877358 3.673588 8.338813 6.594642 7.453382 7.483461 9.752817 13.316789 10.489202 6.641425 7.934424 6.823309 10.289950 15.058389 9.343921 9.042182 11.217921 7.140571 4.465341 9.706789 14.175121 5.830881 10.110886 18.049906 18.128391 3.507212 7.394990 4.487122 5.610594 4.638734 7.608032 6.911049 7.408223 21.652283 18.899950 28.647253 42.082538 30.030420 21.214996 16.832213 21.409954 26.218755 34.712221 66.923419 56.681715 120.206117 253.072215 203.117517 133.821438 154.757784 90.405333 23.509270 8.367943 8.740987 6.591324 6.280638 11.130191 7.860788 13.326002 27.506866 26.659666 18.287225 51.020468 45.166147 13.588734 11.608593 17.672325 6.776882 3.364901 9.125218 6.733458 7.106938 16.670158 13.734329 8.706230 17.403075 18.687848 7.732124 9.466254 13.312503 8.270999 8.094363 10.066588 10.201430 8.367500 20.340828 13.891824 3.279563 7.031695 9.609934 3.582645 2.325096 8.048106 9.724181 6.632322 13.530234 16.963493
4.401802 1.768443 260.7854 260.7854 0.000000 10.527236 19.427076 16.365716 7.721087 4.932213 1.396297 5.561374 4.679906 3.406752 9.100977 6.966737 11.143860 8.488324 5.489550 14.562110 11.262752 4.566342 3.415010 6.806925 6.459970 3.054714 5.468107 7.577409 11.020092 13.372701 10.417056 13.889919 12.362195 7.584690 8.320757 8.272379 8.878653 10.028623 11.104078 10.543068 13.842518 20.926722 15.516098 36.763253 42.332958 30.222403 27.029640 27.289822 41.042207 41.242021 60.291995 97.266793 86.811819 179.048130 197.563762 125.109137 226.766344 129.447704 30.179136 27.521163 11.974312 13.825812 6.478550 3.668712 3.575801 10.190716 21.233208 11.222001 32.807208 36.092162 16.164164 41.529446 24.621026 19.481927 20.941310 10.946606 7.280541 7.910185 6.552095 6.313686 13.031253 19.999634 13.182101 15.862034 21.531144 16.046966 14.997479 15.443129 9.818872 7.120030 6.739644 5.072723 9.434158 18.828249 15.857935 7.413262 5.466806 6.134452 7.032934 6.335877 9.444441 11.030256 5.156723 5.284004
4.455100 1.761715 264.4837 264.4837 0.000000 6.605196 22.044603 13.782045 4.644780 1.738860 5.564962 5.610906 1.733347 6.145011 5.994071 4.433622 8.912855 10.749352 11.879610 16.188769 9.105715 3.843611 7.422572 6.644244 10.305410 5.741617 7.765234 6.390583 5.812274 13.533081 15.253205 16.246618 14.243008 4.836378 7.300829 7.340868 9.507134 13.071631 5.069914 14.252365 11.967259 15.181743 26.331781 30.113960 38.275361 32.483821 27.817934 9.604810 32.301762 19.844933 43.453840 32.242289 94.092330 84.364783 163.149976 222.361232 210.185744 219.667898 101.981324 24.374206 18.119468 4.937031 11.651664 6.786329 3.851448 6.944523 12.989669 17.848007 18.932468 32.954577 38.697020 38.105048 37.706216 15.587219 23.893637 16.901067 5.632211 12.199582 7.014155 6.525331 5.483851 10.678010 23.242642 21.372627 16.901245 13.167988 5.741657 13.711971 11.203338 4.296360 12.637143 9.826761 6.702078 8.460793 16.599997 18.048332 11.310426 7.831545 4.993956 4.239161 5.857461 5.937312 7.193990 10.592668
4.504005 1.774925 254.5298 254.5298 0.000000 15.255827 22.589683 12.295092 5.420848 6.121095 6.833414 7.514275 5.057187 2.475195 2.622492 3.220157 6.893415 7.702043 13.073401 9.219387 6.535650 8.661274 9.033368 11.606996 10.634418 7.668241 10.995573 7.156961 13.344032 6.840325 9.643455 14.958777 4.383144 7.649670 8.032393 14.385779 13.394358 10.041792 11.476530 12.383929 23.069963 16.021873 16.250055 15.137293 19.088852 30.435524 31.903850 29.450986 39.517751 53.669583 84.539287 111.646861 199.143099 219.972906 72.102105 212.394501 70.933522 18.703323 14.735062 6.349899 7.876533 5.459739 8.599176 7.112741 9.827813 9.986766 17.136776 30.541914 24.960906 42.822480 32.766101 20.837774 18.265930 9.539844 11.977072 12.103110 3.949676 9.938897 13.656445 21.590961 14.851337 9.241472 9.888393 4.411352 6.864331 7.238072 13.009556 13.459596 11.761818 10.712080 8.254694 13.526871 6.483876 7.940027 9.878445 4.855992 2.887359 3.430238 6.014474 8.841380 9.867733 7.985500 5.638043 19.335178
4.551701 1.729504 263.3851 263.3851 0.000000 14.376117 17.176189 7.973266 6.071423 3.672469 2.777390 4.153915 5.530296 2.907497 3.370762 4.170645 2.317265 9.650873 18.469488 17.635002 10.805209 7.144981 4.633069 1.872797 7.023826 5.250827 2.900009 9.120192 14.118690 14.613772 7.729865 11.450993 19.153524 14.879319 8.890832 6.977532 9.578188 10.041613 8.084749 8.485146 9.422016 15.198337 27.841090 34.023180 26.777955 14.037580 16.823944 26.436513 21.376524 12.329732 20.561644 31.719062 35.791918 54.705457 69.601850 134.903388 254.776586 276.815520 190.900307 60.837011 12.240341 11.693919 7.701677 8.566784 9.386218 9.890142 10.884807 14.594476 14.005474 10.063246 32.649077 53.009665 51.929525 29.501813 9.739054 4.759473 11.400153 3.777156 8.034841 10.845867 6.560679 14.014496 21.691866 10.391373 15.495912 21.599567 13.327907 8.601073 6.341827 5.332749 9.768166 8.499080 4.522573 6.669664 8.758388 16.104354 20.536184 11.834038 4.984894 10.472213 5.357445 3.954848 5.558774 2.538236
4.609395 1.715437 252.1062 252.1062 0.000000 6.842381 3.493941 11.938091 10.629936 7.008478 4.044471 4.734299 4.557829 3.505226 3.468823 3.483760 10.500147 16.884684 13.566591 6.659102 5.263745 4.179599 2.164600 7.619403 10.697291 11.378606 11.535121 4.513285 8.760455 15.303549 21.152368 19.877324 9.090994 5.469404 11.717242 12.332205 8.454620 8.921799 6.755487 4.331498 18.410075 22.340103 27.266578 29.927117 24.260502 15.615811 22.112139 32.448280 48.067207 66.126353 84.153574 109.788945 121.385042 144.297937 227.145728 215.721822 108.177610 44.284467 19.001026 5.885860 9.305611 4.101190 9.976211 10.370259 15.620506 21.348310 14.686251 26.151593 40.818503 43.140879 16.443364 5.338074 15.456491 15.862210 6.064497 7.238580 9.654153 9.999831 16.811171 14.088943 15.395028 24.354986 15.639814 12.701038 14.292691 12.876672 11.612292 6.585537 8.283451 7.023960 4.305048 9.808963 19.101156 13.189193 5.716987 12.618308 13.530777 15.453729 19.692716 17.535529 16.399740 13.757760 9.464017 12.012073
4.651928 1.795042 247.2725 247.2725 0.000000 7.811852 9.116809 8.980117 10.320314 7.580805 3.378556 2.610375 4.188519 4.502905 3.562714 2.758782 10.567279 12.224131 7.685657 8.726133 9.614992 8.429978 8.469185 14.546714 17.145876 12.302654 4.404173 7.265228 9.448684 10.388628 13.281181 5.854552 7.467144 5.081967 10.576897 15.507609 12.617284 9.603802 14.241082 17.133397 12.577995 10.683661 28.018057 23.321272 17.493058 29.428673 41.901807 55.096814 73.154208 100.004543 131.439816 157.220444 132.438037 179.458655 176.602811 81.498105 20.101536 15.802604 9.643316 4.749809 7.231196 11.885282 17.448297 17.628883 8.421776 13.589665 21.559495 23.831958 33.040189 24.727442 20.633789 25.219371 19.867895 10.304563 10.598504 15.268823 13.036079 10.465395 14.123451 26.728664 18.000226 18.208403 21.922082 21.666872 16.574707 8.864755 4.830454 8.233001 8.586914 8.586267 13.400633 8.055713 5.139929 12.137384 15.577782 16.414619 19.656455 22.687780 20.610147 12.445684 2.702446 9.464470 14.126532 18.143422
4.709639 1.814418 253.9402 253.9402 0.000000 12.038152 8.235289 1.090993 3.869649 3.590153 1.472623 1.111572 1.447341 2.123224 1.790351 4.901022 10.503664 19.307346 16.458887 7.747487 6.088262 6.245388 7.164936 7.810967 7.679904 7.263016 5.306759 5.422611 12.891638 19.750097 21.941236 14.671963 4.347029 5.565912 4.151957 7.727021 6.595414 10.007098 7.061031 12.394282 6.757557 26.745161 41.193566 38.656697 17.673349 9.253542 12.762645 14.029145 16.697463 15.519170 25.352948 37.351628 42.963605 82.789698 203.983466 326.787135 212.763808 54.506487 8.272678 4.015768 4.276979 3.258380 5.454408 7.551910 7.223135 7.679953 14.594065 33.731180 55.278277 50.660997 24.767741 17.552154 14.986434 13.991640 11.047486 10.139586 8.115526 9.377594 6.084417 10.193790 25.768372 29.639112 12.707333 9.954805 9.991526 9.201299 9.281148 3.734411 4.012415 4.293057 5.353611 7.748677 12.197041 19.830109 15.603803 13.399686 7.690202 3.233191 2.823269 6.127597 7.300241 6.462083 4.227507 3.918157
4.761354 1.937847 247.4870 247.4870 0.000000 7.279018 2.691968 2.755669 1.064254 1.231309 1.870503 1.764270 1.944480 3.016022 5.323129 4.791787 12.716342 23.052187 14.591107 6.485518 4.819098 4.641494 3.978145 4.409493 4.793472 5.992113 7.471224 13.961252 18.579189 12.011683 21.492928 15.424819 9.039341 7.337334 6.595157 6.450949 6.931561 7.312810 9.528606 13.199965 35.263875 49.841462 12.853901 23.531052 13.032705 9.614616 8.959297 7.622232 7.850808 8.236034 10.821402 11.787897 57.091420 253.079406 344.426614 143.322360 30.684718 13.174169 9.337024 8.051486 8.165701 8.142943 8.968827 9.932348 16.469140 21.800477 40.997240 70.219247 36.270029 12.324591 9.728448 7.945396 7.189317 6.995547 7.291074 8.634111 9.862772 19.608164 18.736424 18.058513 26.562622 13.144455 8.333901 6.238584 5.573760 5.110739 5.164616 5.330991 6.328824 9.648690 18.968619 19.798246 11.554497 9.579109 5.895133 3.998432 3.091942 2.881504 2.090315 2.130688 3.105762 2.775227 4.225058 21.565368
4.813543 1.996466 252.1118 252.1118 0.000000 2.973974 0.913611 0.470543 0.968774 0.679198 1.174124 1.060548 1.638426 1.968457 2.980578 6.378645 14.833731 22.817288 14.188755 4.527807 4.141773 3.031511 3.197670 2.830527 3.624978 2.971690 5.747585 5.283801 16.559853 22.100064 24.875928 14.185120 8.688538 3.990735 6.344160 2.316934 6.085218 2.892938 7.098187 6.150182 13.637325 35.063760 48.912691 29.292918 15.148863 6.559811 7.682650 5.103359 5.735557 5.582056 6.478095 6.637009 15.873645 59.036046 263.449607 347.268573 149.976300 22.642906 7.743614 6.787235 6.771060 4.020713 7.358090 3.586838 9.493077 6.205617 20.931476 50.968007 75.826881 31.307261 12.131119 4.555036 6.921221 3.672982 5.691857 4.304774 6.187071 6.416200 10.699332 19.813160 26.600419 26.142715 13.928834 6.390272 5.451225 4.077218 4.012298 3.329986 4.104538 3.057151 6.155970 6.140426 21.926063 21.380593 12.899661 5.697883 4.065358 1.838448 2.655668 1.055978 2.110327 0.982537 2.066670 1.597300
4.861399 1.993730 249.1976 249.1976 0.000000 0.901019 0.982049 1.036213 1.090538 1.245355 1.412055 1.668209 2.133983 2.798622 4.796036 5.768666 12.818906 22.556640 15.583680 7.026713 4.902341 4.334354 4.134612 4.231851 4.676619 5.453909 7.009612 11.815952 20.755340 11.486566 22.545370 16.864736 9.202015 7.451166 6.611655 6.334148 6.562466 7.210858 8.746292 11.898822 28.471904 46.809325 25.347618 20.036716 15.347495 10.387275 8.702685 7.543179 7.965396 7.487845 9.358015 11.973727 24.311289 153.772343 365.853989 249.463424 35.454912 18.034062 9.789253 8.692935 7.940175 7.859157 8.395781 9.644646 13.150774 18.827386 30.201362 70.213739 50.140939 17.078816 10.466105 8.341408 7.182746 6.950423 6.918569 7.606734 9.049677 13.392029 20.271052 19.101943 22.273525 20.962764 10.453063 7.188903 5.875997 5.227796 4.970731 5.071738 5.608506 6.684202 12.094075 24.177444 15.394531 10.190228 8.566916 4.609851 3.488491 2.861477 2.476368 2.287832 2.262850 2.369588 3.015885 9.828268
4.915268 1.915401 249.3511 249.3511 0.000000 7.112904 4.331121 2.336192 2.074645 1.512854 0.794485 1.652989 1.485828 2.368419 3.367019 7.353652 16.758237 22.286268 11.991873 4.912340 4.124174 3.380714 3.474944 3.081108 3.982943 3.141778 6.649607 6.033808 19.843715 22.128363 23.462249 12.569192 7.072855 5.298480 4.982779 4.274856 5.018994 4.860476 6.870091 8.395732 22.598617 45.196871 38.409282 23.090852 9.627383 8.847499 5.647294 5.953263 5.666131 6.427086 6.501923 7.838724 25.408459 131.077155 359.029679 273.025460 52.679891 9.748586 9.257012 6.170873 5.243003 6.056430 5.613141 7.431891 8.226124 16.369821 41.273943 71.388607 43.027345 15.790650 6.118819 7.520910 3.610447 6.678156 3.720847 6.768922 6.020427 9.851766 17.975751 25.414287 26.496982 17.533384 6.634744 5.921428 4.022665 4.058809 3.582269 3.898872 3.580435 5.631117 7.459610 21.195004 21.048048 13.150865 5.712896 4.383819 2.020251 2.556077 1.361516 2.217490 1.242854 2.835405 1.995803 7.986392
4.969388 1.802549 246.9013 246.9013 0.000000 12.925649 4.453814 4.405956 3.219857 3.128558 3.107877 3.707914 5.561970 4.651538 2.559902 6.509581 15.788823 20.190955 11.902338 7.685232 6.783010 5.232682 3.218750 3.201102 4.719630 7.734924 10.983513 13.047694 15.785016 17.827032 17.727298 11.068806 5.665267 3.920254 4.990966 7.458454 9.383386 10.196398 10.574597 12.373227 30.332904 42.869330 22.657509 16.277969 11.940097 8.362044 6.576205 15.375301 25.995432 30.213057 32.161180 41.795170 87.928686 250.989968 304.437884 146.438198 21.479081 2.518774 6.305061 9.475604 8.117684 7.779593 8.540747 9.120919 8.993989 23.438150 53.412283 51.810928 28.127932 15.175803 12.280287 8.879825 3.186590 6.340046 12.655105 15.186470 16.244094 21.702262 14.784444 23.757275 22.166202 7.945991 4.406677 6.527122 8.962029 8.573716 5.386325 2.494732 4.809884 11.027596 16.914540 15.549797 14.274966 5.509674 2.185797 6.177206 8.710816 8.859819 6.494490 3.091444 7.019666 9.394608 10.459798 18.898279
5.021448 1.792305 246.6158 246.6158 0.000000 16.335143 9.425556 6.565596 4.973439 6.675387 10.707430 10.947313 8.833988 6.281759 4.820486 4.261970 5.213088 12.227876 14.647425 7.961741 7.634925 5.509172 2.217814 2.034229 2.826862 5.805354 15.435472 16.052441 4.889268 2.999434 3.696648 13.547192 4.408696 5.676720 3.463193 10.209498 9.174959 11.674938 18.372773 12.989384 15.812914 18.182644 18.273553 13.051557 12.169016 11.863046 6.843786 10.953351 31.960385 60.717819 80.877831 95.595455 124.697156 208.917166 158.204817 169.884205 129.573262 30.700130 12.676453 17.353252 19.519305 9.628287 6.057327 10.939245 7.350113 7.903664 12.718769 29.977580 23.183020 30.848104 20.999668 9.872791 15.307200 13.760035 15.298408 21.759217 20.293105 14.733031 20.465863 19.803827 18.820097 15.371280 11.200892 7.517387 10.035836 11.252415 12.841561 16.469962 13.712931 12.027220 12.580185 14.028483 14.091653 7.743706 8.742556 6.514483 5.691520 11.235390 16.864798 17.291416 14.591423 13.844142 13.621404 8.064124
5.071899 1.696789 255.9607 255.9607 0.000000 15.538413 13.705350 2.458884 5.188536 7.813644 10.882311 10.188767 4.947588 1.459350 4.247202 5.850753 7.347879 16.878798 18.590871 9.127504 5.457681 3.942969 1.854675 1.947142 2.590489 4.402141 9.090375 13.361041 12.722275 9.217840 12.756048 15.775223 11.791303 6.844571 8.151904 9.616853 8.773998 7.951136 13.259015 17.873873 20.909367 26.082947 30.003387 23.292075 13.754895 11.826367 6.500902 7.226755 17.551993 31.069624 46.866886 56.202896 67.145464 73.822334 164.414727 248.456873 253.837577 146.982826 23.754532 14.251992 11.688715 17.997724 11.290752 10.495826 8.458850 3.385020 12.131288 14.033330 36.702476 50.418762 39.268204 17.086074 9.221280 8.692341 8.315638 9.099032 14.178252 15.842568 12.892025 15.891602 18.108686 10.943500 19.715669 16.837607 12.252351 11.550946 8.438281 4.367812 8.723270 14.401653 14.990322 11.335087 7.217414 13.499120 17.283081 9.050953 6.031655 3.780140 3.849535 8.619050 10.480720 9.698954 9.286962 10.400011
5.121437 1.749638 253.6177 253.6177 0.000000 11.988386 12.301521 3.454616 3.599577 1.708690 4.885068 2.927823 2.733748 0.832772 2.914394 9.268633 14.780569 16.285132 14.606477 7.135144 5.206228 5.468730 6.402426 8.311657 8.970261 11.159056 10.839106 13.084508 9.952107 14.752567 21.330354 18.502919 7.405504 6.872565 8.102464 5.046508 11.262113 5.146197 12.406462 12.302364 15.861075 37.137513 31.955704 31.038296 20.077550 7.539723 7.181892 12.503531 14.022478 18.759215 27.591788 27.329986 34.359360 61.779816 188.248591 302.477916 215.363772 107.597450 41.957974 21.288301 8.141833 5.074775 5.533628 7.894273 6.571594 12.529168 25.267578 35.510860 52.734988 44.085901 14.716868 10.541079 10.067275 10.144692 11.306920 7.848851 11.603218 4.269214 9.453802 12.756682 23.105110 19.359348 22.279060 14.356903 6.313128 10.220384 4.564519 7.959782 4.069870 5.590916 4.109676 3.701918 12.799011 20.478436 17.196306 6.383259 3.312732 4.322294 4.312929 5.927021 6.794324 9.081843 10.466752 9.872444
5.171924 1.773101 257.5243 257.5243 0.000000 4.908206 12.691697 7.515756 4.249219 3.690963 3.133076 3.004659 4.087406 5.020924 3.884739 8.712195 14.052917 8.746171 14.533048 9.503611 2.867106 7.062376 6.002834 9.789618 14.199249 13.734448 12.840942 19.114196 17.784140 13.588355 14.127180 9.865966 10.788378 10.490860 5.411397 10.697486 10.474936 8.942294 12.065775 9.347751 11.897820 30.488583 23.586351 13.849454 19.769022 10.079193 6.520042 16.631595 23.028470 24.912875 33.269639 47.827052 48.900733 43.995268 122.049672 260.013652 190.456443 123.331661 115.993816 61.490971 28.623561 13.050383 4.888626 7.326380 6.636320 9.105281 18.954581 23.959143 15.535737 38.864898 36.028709 20.094446 18.274120 12.461961 13.169714 18.330956 18.607027 11.277782 13.474014 17.058637 20.922561 21.762962 9.541018 14.204186 17.485761 4.567709 12.644854 13.089700 6.868121 6.502316 6.360793 5.732412 9.502141 6.804200 12.368326 17.830598 11.037145 4.547888 1.411098 5.232558 9.012199 7.158503 10.207073 14.377728
5.225856 1.745812 250.5449 250.5449 0.000000 5.393615 14.682303 10.183326 2.232882 3.306226 1.891301 2.169423 4.875239 7.488338 5.625679 7.163419 16.587938 15.648647 9.951484 8.910801 7.718795 4.650436 4.405368 6.127291 7.805975 3.820287 11.708807 19.316774 7.263529 6.748319 6.231331 14.196051 12.884087 9.636850 12.822475 10.582179 5.176339 6.086655 15.897837 28.163046 32.279543 27.440128 19.157364 13.529720 16.802052 14.672819 9.070219 18.799251 15.828701 32.612402 39.310923 10.607298 16.465957 138.231079 327.905232 221.305262 101.732888 69.410874 38.028691 42.566199 17.821111 8.310812 8.653315 13.264986 16.654360 15.925261 25.086762 37.839343 38.087194 40.543446 26.394933 9.297132 2.565472 10.403727 15.441150 7.842471 10.475933 19.388468 13.012747 12.660323 6.718064 14.426890 11.258945 13.011445 20.214101 16.597818 9.118520 9.190742 10.999075 18.547147 17.126407 13.005097 11.278517 7.949846 7.237402 3.714403 2.385633 5.929349 6.809893 8.710851 10.428715 5.907182 9.866923 8.465290
5.273206 1.787860 249.5643 249.5643 0.000000 12.130438 13.965515 10.189557 10.111165 7.587979 3.406922 5.336591 5.277817 2.986216 4.617659 10.384125 20.425140 15.145276 8.137164 4.888152 5.747248 2.605028 2.976197 3.186308 2.531146 4.167900 5.533850 12.092017 15.948999 14.720214 14.664847 12.007588 8.289833 4.884598 7.270317 9.470433 9.888487 11.501594 15.825388 26.641686 24.197924 21.706537 28.360696 26.637816 11.697818 11.195769 16.173849 11.733368 24.171267 34.646783 17.387857 18.182682 25.625048 157.229568 318.046024 179.914113 84.168156 90.509248 43.482656 31.695027 24.897719 6.614375 6.625082 8.715441 12.434816 30.765932 42.908610 28.585281 36.020074 32.104558 17.565719 8.233849 4.937567 8.792455 7.066127 6.223145 4.456713 9.802645 12.778000 15.488600 16.354576 13.549242 9.577620 13.060950 15.439544 15.779451 12.710512 14.027176 13.398753 17.616826 11.662893 8.676935 12.067182 14.721042 9.382990 2.367975 2.962242 3.785053 5.988737 10.791867 6.460163 10.024678 11.433055 11.026134
5.329351 1.754624 252.7742 252.7742 0.000000 9.465729 5.958519 1.618058 7.907510 12.382011 12.485179 10.845374 8.143496 9.302983 12.210932 15.597092 16.547415 12.543896 14.127201 11.938234 5.452407 4.289971 5.898887 3.367985 3.081626 4.384107 4.143680 2.905986 13.404317 24.664229 22.123411 8.864046 10.521804 5.419991 4.520718 7.778023 2.646299 6.722895 5.731814 9.702103 33.139759 36.202994 13.885411 19.833194 21.141769 9.140348 15.104113 18.076127 17.713159 24.593952 18.403793 10.201147 10.719244 55.052244 218.668155 281.647435 121.924174 72.405272 81.236262 43.785577 35.208870 29.051888 11.874688 6.893147 7.636128 22.827792 41.710604 23.706910 33.172048 47.161838 16.607133 5.723469 4.228309 2.965723 6.370821 1.426963 2.225924 6.884113 7.687655 14.102603 22.138658 17.025237 10.152423 15.709940 11.802048 8.284332 7.884100 7.258639 9.080713 7.148134 9.939157 16.570660 13.304129 11.283753 16.939833 13.780416 6.339049 4.097727 4.762142 7.737763 6.711232 4.554380 9.490285 7.844083
5.379652 1.778526 248.9579 248.9579 0.000000 3.245423 3.023067 1.566496 3.494389 6.222862 11.834787 8.601543 3.824458 10.081622 12.946949 9.809444 12.255471 17.946201 20.055471 15.323650 9.329432 10.487815 8.340969 4.899195 5.563655 3.083486 5.787210 9.453880 17.519140 11.297594 19.591180 18.236166 7.731121 5.146722 9.581187 11.494213 9.491185 8.934576 12.960150 16.786989 27.320985 27.624494 8.391469 19.979876 18.626167 14.778556 12.938187 9.930527 24.065349 6.656927 5.782311 7.577625 26.858337 154.948197 310.161212 192.137064 56.778646 73.691317 47.667365 17.668864 31.294914 22.456979 11.208844 9.681363 26.932278 22.325823 26.347306 46.664744 46.902570 14.009868 6.563400 3.427092 6.110164 8.904725 7.410929 8.251306 13.085218 17.243322 17.658083 13.700134 18.318812 19.565653 16.021551 10.838536 4.411478 5.522003 8.047974 3.218235 5.842803 4.966669 11.410418 20.920997 12.420101 11.483654 7.692965 1.426856 2.975435 4.911004 8.797396 5.367519 8.787824 12.278279 8.282983 13.600233
5.431500 1.753063 256.4748 256.4748 0.000000 2.196804 2.311443 4.128419 2.867234 2.523783 4.580892 8.166111 6.607901 3.877797 6.551578 12.504550 16.421924 18.774866 10.748830 13.376573 7.579127 12.136266 10.517352 3.758945 5.939016 3.768712 2.883373 6.965430 9.464490 12.268459 14.382633 16.688384 14.957865 9.513382 7.372774 7.266127 9.265172 6.764112 13.692265 20.583922 14.457859 11.329898 22.693523 30.794801 33.761444 34.234838 20.973639 18.656271 25.236291 22.219729 15.716835 14.479647 17.366030 29.546328 99.293414 282.199988 244.986916 97.641133 82.703223 88.223264 32.650993 22.712457 39.731756 34.650673 13.151635 24.607256 32.486952 30.749038 39.921408 31.321262 34.064763 27.930564 19.505106 10.177030 7.272676 8.425869 3.343531 6.542624 7.100887 11.910147 10.269655 23.231672 27.093859 28.386942 16.062249 12.230799 10.643078 3.906667 6.072438 4.006873 5.643234 4.900822 3.979146 14.164763 19.890941 13.364169 9.875372 8.316715 6.388798 8.799943 10.413038 8.404616 7.110014 11.840698
5.481440 1.751609 253.8646 253.8646 0.000000 3.347591 1.116940 5.197176 6.140811 3.318999 2.124348 4.281142 3.620924 4.947641 6.661718 7.387356 9.470886 17.565289 11.916984 10.668633 12.812778 12.625880 7.106650 5.309051 7.899572 7.604198 8.341459 5.735365 5.502288 12.513852 7.488331 7.351663 12.147920 16.941828 14.827286 11.103239 4.064489 14.222556 33.338558 33.929156 12.595518 10.765130 23.754847 21.698306 24.052983 16.493787 30.161128 32.661743 19.477344 7.574534 8.749440 23.358055 35.698567 62.649384 190.290344 296.171797 164.712102 67.952846 69.640424 65.349985 27.825895 17.091345 33.737824 38.458082 26.605234 15.554760 16.110189 32.545028 36.073446 29.060391 24.946060 30.700602 27.898362 13.675306 4.753189 8.610557 11.916980 12.959534 11.492760 14.709983 20.177256 7.636469 19.961223 19.887828 15.961037 16.053964 5.167571 7.966143 10.251037 12.598998 14.942448 9.493993 5.728943 19.793123 15.673358 5.763710 10.105188 16.423026 15.403240 7.996557 6.002312 11.691890 11.438078 7.695075
5.531482 1.770804 263.7311 263.7311 0.000000 1.831235 2.876211 2.442402 6.110468 5.791946 2.303849 4.953201 7.447226 7.549533 4.781538 8.728466 18.760719 21.293042 6.136945 5.255030 3.770703 8.651050 9.693425 5.880151 6.646659 4.111680 11.030799 13.528461 8.736193 12.392828 10.051180 10.238113 9.622472 11.394825 18.468563 16.934295 10.563701 10.125397 18.080111 32.782770 30.579103 10.999374 9.613549 13.060855 13.322203 18.879840 16.770684 13.400735 21.464914 16.422657 7.225476 12.472727 21.614798 20.467515 22.899283 132.076397 302.968213 232.344302 53.572114 22.843230 43.150227 41.699176 14.266621 10.412385 28.016384 20.363427 4.936575 13.585334 27.081158 43.579092 30.645819 12.181449 17.392628 28.332176 18.854491 6.489653 7.396021 16.198372 19.531978 13.236889 11.671171 18.274056 11.818214 7.885266 13.336908 9.952128 13.120664 15.369099 11.316897 10.988229 7.846480 12.893027 20.504839 17.088212 14.530221 14.502522 9.019374 7.156684 12.961162 11.554044 9.831428 9.393271 8.183412 4.933240
5.584385 1.771312 264.2739 264.2739 0.000000 3.613981 2.147919 3.982549 9.120978 8.432314 2.905971 3.148042 5.777423 3.274010 7.464420 4.817280 21.539470 24.818126 10.563864 4.846321 2.572156 5.928251 6.419238 3.546197 3.216440 6.810562 11.798094 11.392139 9.778693 16.511590 12.791990 14.391676 14.876032 8.448061 7.541581 7.019975 4.428363 3.093065 5.373024 20.194804 21.220947 12.350788 8.172339 13.874147 24.082594 16.310965 19.160453 25.993465 24.567386 13.268995 3.486918 9.635520 13.055769 7.016540 25.544442 100.669827 299.645632 271.630699 64.152721 18.076806 44.235973 54.247983 25.747805 7.706033 21.632855 32.793564 26.458876 18.190163 30.358401 53.678737 31.751270 13.269891 17.870238 18.358362 13.091716 1.905725 6.166767 11.675544 11.999475 6.439260 11.720282 23.182434 30.103082 26.105690 17.251714 6.660858 11.193441 12.882576 9.194276 4.493584 10.035760 15.057801 16.088935 9.818965 9.048062 5.657352 9.640221 9.813638 10.167669 11.821768 9.540212 6.789827 4.380021 7.701556
5.631849 1.753990 259.2227 259.2227 0.000000 6.337836 3.335438 3.140091 13.741744 17.275248 9.174288 5.203424 1.989717 3.957434 7.794003 11.970275 19.994023 16.506436 6.442178 6.635194 8.279968 5.477928 3.081598 3.718971 6.418868 6.254342 6.720515 10.162242 12.206200 11.011040 13.721471 16.492950 11.669985 10.753896 9.351265 2.820067 3.353981 6.363067 21.879881 20.357864 11.357138 8.314990 9.825547 26.393681 22.666895 22.816522 24.974679 19.721516 11.019032 6.794842 8.347778 18.571195 14.922877 23.363053 87.596515 293.500659 268.920441 67.248348 17.471871 32.194722 54.903959 36.838832 12.124110 14.556203 25.426442 35.090222 37.410049 50.573799 46.740531 20.200017 9.838887 9.669361 15.931190 14.096531 5.520440 4.115087 7.360293 10.191561 6.551801 12.981728 22.593969 22.239079 23.778915 18.815561 12.263847 9.485179 11.707266 5.411551 5.884149 7.312750 18.357572 11.234917 8.684651 5.070959 8.614753 10.052101 5.887602 10.140789 8.761827 8.127930 5.001203 4.547850 7.618273 7.671831
5.681378 1.766037 258.6373 258.6373 0.000000 4.755890 8.284685 6.828701 14.980276 20.593973 12.212713 6.624625 6.661733 7.950957 7.511070 6.913966 11.088857 10.197442 5.998124 5.687934 11.284005 11.610134 10.428426 10.661450 11.343631 11.167237 10.579028 8.698342 8.735222 5.202336 6.268544 13.024889 8.809587 15.609832 19.860965 16.130848 14.522545 16.601818 21.566054 29.518902 16.343097 10.382208 23.613147 25.992131 9.048067 17.227438 15.406030 10.904599 12.660948 13.563523 25.569180 27.871457 10.881767 19.042239 107.049799 280.118529 245.855388 67.890089 35.280213 33.476646 45.376982 33.941183 15.244197 12.098157 22.038650 30.845171 26.170316 34.619984 36.710985 23.277792 13.903709 22.616016 26.227599 17.060014 9.633367 8.837871 14.259788 19.556658 11.881267 9.025705 12.087970 5.413069 11.320800 9.935180 14.100310 21.601404 14.186972 5.616729 7.632777 11.329320 14.860389 10.417294 9.976655 15.537711 13.841334 7.833814 7.334315 6.086425 3.991616 3.652993 1.638015 2.985543 2.748240 3.208029
5.735316 1.736667 254.5395 254.5395 0.000000 7.418084 7.506813 6.674858 5.780032 16.099017 12.739034 7.502288 5.820179 6.335562 11.698000 14.347364 13.098747 11.935085 10.585962 11.136110 7.127731 7.644281 8.458001 6.675870 6.313939 9.274769 10.852969 8.592723 9.879750 5.099724 7.011252 12.479093 16.535266 19.248248 13.300599 14.116060 12.742294 10.298526 15.792546 27.175375 22.342118 25.328620 28.757596 15.530026 11.749853 17.285337 14.596943 10.256405 4.936388 23.936125 27.741526 17.078821 27.425722 23.748261 237.854732 316.766725 125.112699 29.873854 20.624104 15.703118 37.755422 25.942866 15.284568 16.410817 31.013582 44.013125 30.034243 27.079498 30.948416 28.242075 29.690387 18.186902 10.207880 9.983117 3.739505 11.455773 18.953234 17.627010 11.198982 5.786360 6.564534 5.275403 9.272048 18.041543 19.676353 11.176169 5.113734 4.529551 7.113730 12.981867 15.125910 15.239236 18.390969 15.816327 10.258641 4.402503 4.381206 4.625804 2.147045 2.492601 5.968501 5.941666 6.027174 6.562580
5.789235 1.751486 254.0178 254.0178 0.000000 3.128501 2.113230 1.776694 4.260938 15.652581 18.752888 7.660712 1.204898 2.552020 11.356230 23.667479 18.261635 7.168887 4.203994 5.366601 7.946982 7.787115 2.434221 1.036970 1.492326 1.439444 8.914109 10.282869 4.679322 4.113222 4.429414 8.770783 22.508428 14.763768 3.581704 3.326494 5.745330 15.824421 24.978548 15.438667 6.552882 7.608911 24.910323 35.484619 27.227655 8.490342 4.474063 1.706436 10.014905 22.891815 10.224651 2.503957 12.367008 75.049097 269.364355 278.777394 79.303906 17.788905 10.367291 27.504165 49.235158 32.752505 7.210002 4.215241 19.943760 55.869150 60.240155 27.576317 12.844679 10.068488 11.118749 22.079715 15.133005 6.628361 3.086331 4.671488 9.290410 18.217173 9.742067 1.694626 3.265496 8.929045 21.008866 21.244636 7.972559 2.416533 4.611647 10.106514 17.281643 14.843576 4.841051 4.006990 6.416930 13.641745 10.501666 2.232940 0.585780 2.018078 3.899238 6.471078 7.654418 3.907944 2.334264 3.883312
5.839434 1.763371 256.3520 256.3520 0.000000 7.365358 2.843137 3.225050 4.998061 15.002819 17.222602 8.266967 2.085813 5.750401 14.798380 22.880076 16.237877 8.659887 5.975867 5.374140 8.888473 10.801597 7.131358 4.891828 5.932649 7.705539 3.566192 6.624769 8.409062 9.268281 10.032029 15.394133 18.480722 13.648572 7.025501 3.357392 3.103299 11.822471 26.920607 24.433948 11.856747 11.751715 17.173843 29.418965 29.804939 20.929276 9.595126 7.094371 14.213558 23.225636 14.969355 10.369920 8.972360 20.250739 172.297410 317.438507 169.959267 32.376874 3.306508 14.263795 40.584788 52.281867 16.599493 4.945423 13.311693 37.656739 56.096979 42.627014 21.431041 8.728073 10.382694 19.671658 22.271388 8.899051 3.195728 3.853991 8.673089 10.964215 10.511205 12.736300 14.309390 13.307081 17.238472 21.115560 16.572193 5.022663 1.257991 2.960814 10.743440 19.301761 15.273651 5.653423 5.759503 5.213334 7.006916 6.150780 7.248036 4.573184 2.931543 4.016289 7.228685 6.232819 2.058644 0.555468
5.891396 1.754738 261.2527 261.2527 0.000000 13.642229 9.353652 5.036146 5.986996 10.768021 6.318655 11.528519 12.548146 13.035906 17.458798 16.587702 7.594711 4.620541 10.423406 11.160958 12.041899 10.943578 6.910324 7.518832 14.240109 12.443494 7.823398 7.153377 8.790947 11.826311 15.469978 12.987429 7.087040 5.632212 3.269718 5.720901 10.922768 8.559951 11.889755 23.353336 26.312791 21.670689 8.219826 15.930454 16.762079 18.913838 21.781731 16.071180 7.328060 17.748114 32.049547 17.641115 10.527123 17.717313 18.749850 137.768153 316.273072 225.424905 57.397234 20.890660 3.845732 21.952542 32.459657 26.621413 20.600880 29.216909 40.065723 30.885502 10.241160 39.527146 16.598220 25.059832 33.242428 24.685961 13.149559 5.416838 3.607670 7.797886 11.347006 8.579952 10.756269 18.476799 29.130660 27.481665 11.672651 13.821310 7.764104 2.472066 2.369494 3.421598 6.237128 10.410058 12.938085 9.826675 5.873456 3.972006 6.743780 9.543242 10.648974 7.175101 3.811402 3.806303 5.199384 3.592264
5.942442 1.774166 261.7501 261.7501 0.000000 13.044020 9.695691 4.502968 5.434481 10.348613 9.946723 11.416966 16.131664 6.316799 9.826845 5.172338 5.003206 4.143418 5.040085 7.164276 5.025801 7.644710 6.584124 15.464132 15.615360 7.869930 4.004264 4.871142 3.427870 7.107287 10.223583 9.912147 2.496498 2.097446 2.442683 6.180717 14.324680 20.839575 21.178595 13.435692 10.290116 13.285193 20.669231 30.692595 32.090919 23.421994 11.535858 8.251570 9.142522 25.228011 40.896367 30.481174 15.353218 7.687822 28.215938 66.832259 256.626070 293.947301 127.548848 33.118484 5.113130 15.931458 8.289186 9.787504 17.709228 19.929681 16.495655 14.132972 22.033833 44.168512 54.889344 50.832473 17.880449 15.744565 4.795563 7.130308 5.392421 6.142866 7.919619 3.810188 5.843025 5.838112 18.230524 38.062735 27.108729 10.269394 1.760728 3.597248 1.306784 5.826626 8.708270 9.004284 2.795165 6.259949 3.026789 9.328334 10.853243 12.312963 9.159766 2.411763 3.573810 2.281416 3.433741 3.613843
5.991485 1.765525 263.4703 263.4703 0.000000 10.244217 13.429103 8.186970 6.138816 13.739726 11.353563 8.726750 14.184918 10.364279 12.168748 9.407245 4.494007 2.904556 3.272949 9.062483 13.960705 11.518887 7.415042 13.204723 12.397285 0.715219 3.110596 8.364276 11.807219 14.855285 19.799244 15.077356 4.747150 2.500725 3.842722 7.290746 7.436255 15.100677 28.049272 21.638552 11.691423 16.419890 27.120592 27.892136 16.433024 20.735273 18.981698 7.691292 6.184236 22.772697 39.812504 28.875688 9.802048 15.374725 15.905956 37.212889 179.133535 308.384661 178.533387 27.566269 31.136356 24.673262 20.057382 15.835659 20.161028 22.215579 13.933165 13.007858 25.381910 29.473732 28.678637 43.182366 45.768391 24.263219 9.158344 6.752862 6.274522 3.572166 6.304103 10.808809 10.007736 5.347054 9.581283 25.800337 24.770095 13.217875 10.923999 8.861260 4.519015 2.695751 7.772772 13.510940 12.911023 8.374530 6.762259 10.171577 10.468716 6.414731 10.112428 8.365250 2.627428 1.717011 1.087885 2.993644
6.041300 1.759014 258.2058 258.2058 0.000000 4.291607 9.823222 5.718973 4.549229 11.209960 9.917903 13.856596 13.518551 8.624082 13.162789 13.108666 11.074282 8.719842 10.419136 17.802015 15.861972 5.583491 4.219315 9.779446 12.126352 11.572541 14.651597 12.075119 10.471560 17.386131 17.282502 10.676136 4.280745 4.191041 10.851695 9.633484 7.043895 17.634199 18.920446 11.786182 17.105952 24.935654 9.746578 19.563068 17.023981 16.829361 11.073656 5.331611 18.465013 28.298929 14.923171 12.500398 14.476759 18.427385 49.177148 198.253689 305.209849 158.126574 27.341118 21.188502 16.799878 8.662366 17.733630 41.902391 38.869442 19.606042 19.733527 25.438007 20.356543 17.336171 25.217932 40.958240 23.555140 9.878973 5.924753 3.491941 1.612705 8.956803 24.072249 21.927739 10.814867 18.648612 21.570961 18.188646 15.767398 11.630468 5.216353 3.989306 4.531471 7.708408 8.819041 9.792945 9.740936 8.574200 6.676610 8.867302 11.469986 11.276206 7.691036 6.422144 6.635793 4.874680 2.825861 3.240566
6.091944 1.746700 258.8204 258.8204 0.000000 7.793233 7.877963 0.440259 3.316363 7.786286 10.976213 17.484468 22.429076 11.462539 2.071586 7.059404 6.834160 8.571951 12.735254 20.306902 12.069886 4.422299 3.262520 5.556453 5.883040 11.935746 22.479529 18.475635 11.071802 7.482326 7.066472 2.793237 5.475184 9.693442 15.286786 12.214877 6.815026 5.626378 6.851758 3.570391 21.954310 32.322119 24.608439 12.928403 5.204954 4.240978 7.228070 10.575754 20.309829 26.020856 9.051173 3.036235 3.102785 8.117793 36.823261 153.086500 309.066302 196.024877 27.402967 2.821637 5.964978 4.773580 18.798936 52.949105 56.286362 21.741906 6.577071 8.747087 7.991608 7.949758 14.367346 29.312319 24.161166 9.998348 2.655406 1.290724 2.928838 6.543140 25.928923 29.106195 15.139905 9.434835 6.231445 5.064136 11.285200 13.489251 7.397043 7.369248 3.413725 2.943414 2.177636 5.240709 14.240497 19.367385 13.521094 6.553945 3.292160 6.185794 6.857470 6.564471 6.153454 7.377261 4.715560 3.923065
6.147623 1.741507 261.2462 261.2462 0.000000 3.235060 5.974237 7.536699 7.698200 9.492749 7.780952 15.919885 23.889109 9.703648 5.702760 9.763871 13.110416 14.507300 14.430151 16.898911 13.617072 7.045912 7.028796 7.349211 12.548215 16.320267 19.643012 18.067976 12.642728 10.011274 8.395295 5.668692 5.830114 8.822453 10.519375 10.534246 7.024427 4.019934 5.182540 3.269886 12.508641 27.379237 27.805758 19.984088 10.988482 5.752314 3.654124 7.201659 19.088730 24.065929 15.785749 8.161725 5.669508 3.374822 13.621491 69.891259 275.599373 278.741531 77.281670 8.709229 7.428789 6.342268 6.068979 26.746224 73.548659 55.509900 13.032357 9.691812 11.229235 14.883177 16.454573 18.942044 24.094712 8.301876 4.099086 1.178149 5.138198 9.688312 15.087338 21.156254 22.973068 9.286507 9.016597 6.144862 6.293284 6.833895 13.527285 10.443294 6.415331 4.856173 2.492774 2.773695 5.279174 13.540935 19.527119 13.780642 8.500527 4.310115 2.388667 4.488003 7.022689 8.151979 6.268705 2.490996
6.195636 1.742187 254.6643 254.6643 0.000000 4.125234 1.671135 5.683107 9.785727 5.953976 3.356650 14.839401 23.103585 13.178935 6.583780 14.108686 18.884644 11.553358 5.896743 11.907602 13.444135 8.376557 4.927153 12.787259 18.044540 9.849821 4.899115 17.491231 21.176519 11.403770 4.258130 4.758401 5.750276 2.134718 4.803311 6.714696 2.907846 3.925541 9.457027 15.274783 17.687170 11.497782 10.853321 15.929414 14.408392 4.307658 1.054231 14.754632 10.718294 6.393280 6.348923 14.412581 7.421470 7.121675 123.777758 322.391019 225.053031 22.879478 9.686632 16.349012 12.184754 12.068107 41.097212 68.575262 43.930997 14.353339 20.526583 29.696246 15.505284 5.141429 16.657029 16.778500 6.064973 5.894160 10.297154 14.280625 8.483990 4.826255 21.874893 26.296913 15.488790 4.584568 12.625010 12.405381 8.331936 4.684169 2.576595 5.299812 5.549734 4.984987 9.880849 14.360239 7.584913 3.861358 7.671622 7.965855 4.504643 6.391076 13.286616 10.632211 2.608677 4.397913 4.560156 2.388178
6.249368 1.744390 259.8921 259.8921 0.000000 7.258100 7.106709 4.291650 11.200126 5.288901 5.846622 14.330069 20.596337 17.135308 10.142517 12.100981 14.549338 8.836729 4.791329 10.881246 8.774082 4.530827 8.313301 7.990353 9.866150 9.050177 4.476394 8.392326 11.093547 14.897768 14.751646 14.033543 11.939810 7.321339 6.780920 7.993526 12.507574 15.846228 17.619238 10.578518 14.798481 23.321992 12.622655 3.750592 11.305099 21.974347 21.863082 25.472014 31.176651 17.101586 5.430534 7.351171 20.048148 14.692174 21.199589 83.605348 308.378502 271.737858 54.051378 8.845755 27.853182 25.078922 12.714324 28.647017 47.508174 37.272912 19.580422 30.029984 35.919627 22.569297 17.104106 28.901502 34.385764 20.759293 13.080407 10.940717 7.379827 7.752445 4.938458 10.745282 17.378621 16.794054 20.602164 22.412054 13.109574 3.269454 5.836146 8.258593 9.756332 13.542933 14.128845 7.524753 6.783471 12.523280 6.306428 4.005704 3.443556 9.279312 6.108274 6.715351 9.856621 8.210343 5.214075 1.414799
6.299427 1.744891 261.5552 261.5552 0.000000 9.637596 13.039496 16.749384 16.141057 15.802325 17.523558 12.784653 10.259928 12.080855 5.558989 6.814705 8.245788 6.234998 5.700592 6.796648 6.172065 5.098434 8.801235 13.292204 16.111654 13.375685 5.701762 3.332653 3.710466 11.477261 13.399072 14.706076 5.033132 9.470445 8.676757 5.409141 16.409882 24.636473 18.207771 8.127237 21.287029 29.038066 17.039160 12.985426 18.085929 16.024131 27.539089 40.576981 29.450740 13.129685 9.324625 10.919665 15.416506 18.799915 34.059394 213.989734 305.970687 132.094451 24.895099 28.816963 24.746491 23.971357 34.141384 14.267746 34.241528 31.444126 31.982407 19.299540 18.336897 13.449753 33.253123 43.140313 29.009605 12.685114 6.045984 7.562354 7.565181 5.606197 7.894624 14.452931 17.968947 18.677741 20.673875 16.003432 8.244814 8.622063 9.595129 6.503358 9.505278 15.049340 11.774071 1.969142 12.522489 13.118971 7.739763 9.171377 9.903105 1.712976 4.241171 3.056108 3.177310 3.017123 4.711415 4.221461
6.351492 1.760237 266.3323 266.3323 0.000000 3.704975 8.040339 16.195955 9.244668 8.681138 22.096722 16.235068 10.215803 20.570405 17.394689 10.132527 9.423496 6.195497 4.058674 3.626324 3.776633 1.160702 5.695477 11.357900 9.867424 10.492372 10.860829 4.787389 6.962743 11.209655 8.413157 8.583154 11.630488 7.128860 5.885350 9.071132 6.698314 9.511187 15.096406 7.620578 10.547041 26.572502 23.052463 13.879783 20.402850 19.964897 11.701796 20.217276 28.763092 13.631422 12.925312 14.452402 6.491448 13.217248 12.182822 45.365104 236.324383 308.478712 116.776081 37.066515 25.512834 11.144459 28.531055 50.853760 33.462367 31.951616 54.977911 33.577541 13.273123 23.796398 21.823432 4.778558 34.325625 23.455710 8.843244 13.187201 11.949623 5.243114 4.895505 5.222517 5.035061 19.630591 23.407680 9.660570 16.155295 18.483420 8.053437 6.201041 7.162587 3.382163 3.959343 11.540425 10.013120 8.463223 13.390045 8.731426 5.950649 14.154496 11.385581 6.583238 5.808563 3.866808 2.636266 4.897702
6.401464 1.748983 266.5062 266.5062 0.000000 6.057587 6.800232 8.910993 8.470735 5.265863 19.934257 15.445538 10.514381 20.489390 18.729172 7.155231 10.546329 6.874686 4.041137 3.869116 4.380580 4.362243 6.005652 7.071595 4.689804 6.707578 9.584736 7.798299 8.450202 13.413591 10.583254 9.028740 14.892841 7.451480 4.559641 9.771483 7.577700 6.746670 10.943670 6.756726 12.171744 26.860791 20.640329 13.187166 19.953957 17.561811 7.572768 12.875480 18.311207 12.094180 15.252662 16.948503 8.681515 12.240473 12.680553 36.890672 223.079841 313.582481 135.379234 36.144155 22.073760 12.936405 31.114282 54.291273 30.489512 23.353173 51.782930 38.956436 15.236748 24.024123 18.505537 7.451745 29.747178 28.062680 6.079330 15.954436 18.666564 5.685935 3.788014 9.687662 7.393648 17.844864 28.807492 15.005825 15.026273 18.631502 9.258634 6.530590 8.805043 3.715777 5.012098 9.171448 10.026054 7.074853 11.034322 9.480127 6.592217 13.164171 12.685466 6.636293 8.581456 5.188616 2.356537 5.104421
6.451504 1.768456 263.1264 263.1264 0.000000 9.416011 9.106130 4.166926 10.387414 13.988054 16.061283 9.283030 6.507825 11.526240 9.654880 14.126699 11.385081 2.767543 1.747616 3.916865 4.394357 2.458862 3.080501 5.381080 5.878515 6.192600 5.135720 5.295321 9.555067 15.820408 17.539687 18.981826 13.871698 5.772979 7.733846 21.495171 23.892195 19.755481 4.128586 5.792751 22.966852 30.149349 20.166525 16.795430 4.771775 19.379545 24.578587 31.615111 14.002258 8.990192 18.611621 15.361726 6.887132 10.894127 20.649962 125.263118 285.829338 243.667763 71.358193 17.110565 19.479845 28.900891 42.546072 34.205283 22.211786 33.750945 35.333734 30.470299 20.044106 17.704920 27.079283 33.064194 23.462084 12.969899 5.640330 19.451866 21.400846 17.498146 15.622976 5.347899 13.092770 22.495291 25.742374 17.520550 8.370306 4.745320 5.847203 14.934091 15.290129 11.341454 11.621300 13.141558 7.041465 5.810198 6.637223 8.784286 10.353516 9.883223 11.116339 10.471955 5.593132 3.992782 5.824602 5.941206
6.501431 1.763844 265.9165 265.9165 0.000000 7.043260 7.399785 8.382017 6.929337 7.707060 7.228934 6.549139 3.207343 5.215584 6.830290 9.832598 14.017571 14.220305 11.391844 11.377187 10.131030 6.692140 5.923240 8.154705 7.013387 4.112281 8.378772 12.355453 10.941414 8.476696 10.645327 8.489916 13.697367 23.019480 27.406447 23.890256 21.876585 26.908485 18.780556 11.128177 19.123704 18.436798 12.703182 17.952183 18.305635 9.217197 32.640121 56.730257 40.300911 15.805017 17.397365 16.657018 9.716342 14.985338 25.715361 16.455394 145.337062 327.642306 206.347136 35.319837 13.070901 5.119197 15.643992 16.142073 26.330830 19.272781 18.134206 3.975272 16.645325 18.178483 43.797268 51.521618 22.724339 10.509040 18.953173 12.872834 15.540292 23.249449 16.363962 9.383229 10.401668 4.594758 10.876543 12.613970 13.305276 6.937476 9.428156 15.143007 20.369370 17.321889 18.842195 15.551813 9.849029 11.353225 8.888148 7.282314 9.551601 6.684148 3.951545 5.734784 9.293756 6.611687 4.808533 2.310134
6.556723 1.747975 268.5969 268.5969 0.000000 10.062803 5.826220 8.393906 7.383640 7.140607 6.866826 6.669004 3.176300 5.075756 7.173736 3.910238 6.658987 17.255902 14.169385 8.460094 6.976597 11.836939 10.005904 3.555335 12.243144 8.834206 4.458893 11.410334 9.316896 10.904134 10.787969 6.603491 4.845981 16.858028 30.945259 33.223377 18.701750 19.634482 23.476007 11.693867 10.838664 15.719568 11.867836 7.107090 15.095544 22.492087 28.321526 53.411726 55.239060 22.725555 8.432280 13.913041 9.116230 7.760895 17.911204 19.389749 53.684137 196.803066 305.291838 160.762243 18.399276 9.178479 8.843826 7.904166 10.323342 8.977642 6.264615 9.483114 11.566583 17.035872 38.653250 56.338018 33.761692 13.220858 17.279197 16.811258 9.046594 8.782077 15.397197 13.290034 8.071093 8.240761 12.807573 15.082637 15.865485 10.163600 7.278021 14.123194 17.937684 14.422033 12.650668 15.696944 13.534621 11.074081 11.662320 10.864971 7.513253 5.319339 9.326404 11.110692 6.620378 7.139053 8.180426 6.696277
6.603916 1.764309 258.8886 258.8886 0.000000 10.750122 11.652302 6.879421 9.446454 9.799448 9.458327 6.658660 9.200141 13.826994 11.150332 10.504388 10.356362 6.985711 3.622496 4.171903 6.333880 7.886204 8.492523 17.943497 21.515067 14.931985 12.186394 5.032635 10.764694 7.711898 4.806958 4.360042 7.520656 12.007888 24.354786 14.791143 11.202589 18.661639 8.873459 5.382305 8.118096 7.700072 12.171627 14.408915 15.410739 25.420760 45.321727 22.249979 10.070555 10.003557 5.431623 4.552770 9.535254 12.333844 33.615940 133.896148 310.823700 220.736715 49.912852 10.198675 5.342080 7.156306 8.108789 7.204057 2.771978 11.796220 22.792243 49.233076 58.264786 27.623004 16.454194 9.605614 7.598432 5.955443 5.768139 9.670183 7.456800 14.912425 15.926051 15.267418 14.240425 14.480289 10.999029 6.826323 8.579059 5.555307 8.106414 14.812201 6.462871 6.939766 8.294802 4.240313 5.516734 3.807300 5.190297 10.261372 12.947271 11.480076 13.333762 10.126597 9.663894 8.645003 3.289174 2.137595
6.651936 1.757726 263.0663 263.0663 0.000000 9.655186 11.003528 6.029320 6.808532 1.707214 5.478693 6.182646 10.063961 19.181918 20.084598 11.504450 6.213223 7.327666 7.770423 7.460700 6.047800 7.587832 11.106937 17.155813 19.563831 17.046954 14.787390 5.917585 8.402236 8.162862 4.835092 4.372624 7.272229 15.213726 17.806713 5.843026 15.831515 17.814070 15.798097 10.580591 14.672951 15.713342 15.447290 18.950217 17.202445 31.009724 41.498860 22.343791 16.305395 15.438386 6.244119 4.606645 8.251810 11.430422 17.512497 49.931131 185.325222 302.335061 172.066194 46.303340 31.863244 23.869907 20.338109 15.021267 13.082247 17.514723 28.885459 41.274007 32.322844 43.625556 29.197360 19.948115 7.101025 6.748759 10.675344 13.248199 13.635244 12.097855 17.352883 21.246298 15.164973 6.448143 7.922690 9.395832 10.737737 10.626058 11.027965 6.839183 12.708791 12.762541 7.253064 4.731546 6.446721 7.631671 4.593277 3.956019 4.376395 5.976729 9.175310 11.276915 13.095695 10.039159 7.663284 6.730930
6.709379 1.772007 258.8943 258.8943 0.000000 11.027725 5.293212 7.250288 7.922843 6.448719 5.242977 8.094155 9.868089 9.717723 15.655336 15.423014 14.342501 11.470972 7.701686 2.792118 6.895940 15.897929 22.026317 16.222858 3.782567 0.801082 13.844589 15.948833 13.472957 3.581960 5.349208 2.780508 14.298083 21.358418 18.909161 11.604362 6.775421 6.059768 10.607196 20.897379 18.906865 13.185826 13.540995 14.848747 30.610955 45.581458 33.506047 17.930291 11.140771 8.882743 4.745090 11.826719 15.019103 8.455069 34.342363 141.939169 310.253717 206.766457 41.922571 22.898671 23.542121 19.936575 10.827082 9.619994 18.711294 20.846255 24.321802 30.570972 50.906567 42.897133 15.375052 6.565998 6.095887 15.084573 16.801767 9.166879 6.954344 10.041936 11.065316 13.721219 19.403898 11.460920 8.774164 8.296595 11.942486 17.214435 14.660558 8.585031 6.371790 4.148426 7.013527 7.093909 5.958001 3.897220 6.004087 2.429860 11.979302 9.897825 9.936739 6.276233 4.262384 6.975466 10.520420 9.805111
6.761369 1.766933 261.8882 261.8882 0.000000 11.990377 7.284268 3.831234 4.480874 4.199614 8.160407 6.591967 4.450116 9.732881 8.310935 12.032789 16.323962 7.552622 4.707254 7.631421 4.961349 12.008980 14.609654 5.727609 14.281604 15.516016 12.509230 8.624226 12.162665 13.243511 13.475435 9.866301 8.550076 10.906095 9.322085 9.436110 12.400810 16.697505 9.886797 13.095094 13.264644 10.035848 12.794168 14.674863 10.318430 34.214442 13.369880 10.657685 4.120633 9.439114 9.293628 7.739199 14.166504 10.865197 34.481830 206.573052 317.750398 156.487108 27.126451 2.466173 7.502197 8.864135 14.588477 6.768239 14.794744 6.448725 13.932207 48.851301 56.688950 22.801208 4.740337 7.588537 7.556800 8.326671 10.025873 5.091297 1.507786 8.962647 22.081158 27.330179 16.412344 9.505499 14.034927 13.211813 11.464590 8.128385 10.123427 10.092970 8.955253 5.170273 4.026423 3.881080 7.021959 9.966237 12.831344 16.828146 14.233263 6.464412 9.615738 12.309567 11.438025 4.521652 6.659823 4.591887
6.813367 1.769475 262.9511 262.9511 0.000000 10.730056 11.305305 6.131828 6.690325 9.528154 9.666464 7.779635 8.502724 10.005843 6.810863 6.998665 12.683415 10.369778 6.196956 9.064069 10.918449 7.360343 6.549846 9.966675 15.213617 18.813570 12.121283 4.677882 6.444058 13.460993 8.811044 16.712791 22.071849 22.252431 17.185951 12.552395 11.337503 18.307139 22.433091 19.455642 14.034709 2.536024 8.806130 10.971975 29.155920 42.246812 41.098520 22.471602 14.364496 9.010570 11.678167 16.342547 20.406685 17.389443 14.291348 40.969465 179.384817 301.730938 176.439683 35.558495 13.678685 25.633065 29.699540 22.158724 16.024674 25.044426 30.754684 23.950850 22.722274 44.318177 38.805006 18.425238 13.744479 9.032361 4.319302 11.921538 18.886977 14.488839 10.389940 13.429772 28.003036 21.042651 9.620178 11.858949 12.407122 14.549525 7.525135 11.617944 14.560563 13.592299 11.251078 12.018791 13.646481 10.044088 6.231241 8.315002 9.902267 12.757141 12.511266 6.377150 4.778989 11.825294 14.007654 7.174590
6.861309 1.765521 268.4835 268.4835 0.000000 5.465640 8.375420 4.360581 5.174125 9.997918 8.570953 3.025332 6.793225 2.750936 8.965256 10.556320 14.980262 3.427369 9.818422 9.281195 11.334521 7.451044 6.350663 10.939987 10.497699 6.544968 12.955856 7.648848 5.350351 11.408202 12.144666 13.696656 22.453923 25.608574 24.446137 20.103472 11.265481 8.948806 7.275683 12.351460 18.227536 16.156974 12.026421 9.015381 12.325669 30.683148 42.673060 33.389815 27.933103 16.631664 8.366889 6.571614 13.738513 17.360167 19.753831 26.261759 53.322850 183.191274 300.855426 180.048388 41.098306 44.837722 34.094570 34.153161 27.750266 18.874554 19.818136 27.696067 34.530307 43.799208 38.742191 24.689236 24.682184 23.256111 16.232985 8.888670 6.446749 14.044426 18.101396 12.228774 6.517646 13.574684 29.535161 30.715627 20.850550 16.149593 15.904416 12.209429 13.400153 16.437803 11.798232 5.636116 10.473068 18.766494 19.311821 14.500926 7.412277 3.563786 2.965723 5.548781 9.616945 6.938388 2.583916 6.821251
6.915118 1.753767 274.2086 274.2086 0.000000 5.954917 2.778877 5.950351 4.319714 1.784824 10.161036 7.565293 0.927129 4.192992 9.614394 19.190206 23.094282 15.780092 4.296603 4.459811 7.508532 10.739549 11.246379 14.241934 6.032624 2.371071 7.840615 13.318208 11.774492 7.460994 5.421360 10.393483 10.200376 17.166338 14.969065 16.874986 1.984534 1.480274 2.382659 9.710277 9.295275 11.359315 11.464449 4.635509 10.301692 27.699645 36.581918 14.514461 13.651928 6.249219 1.863404 5.493849 13.312038 14.385968 12.825895 20.319225 25.332021 83.964341 281.736900 292.817422 105.785108 15.763460 18.652085 11.147419 16.083936 26.712277 12.491377 5.309756 12.716815 28.746656 58.009533 50.381055 21.685147 5.621143 10.157705 14.214713 15.066747 16.695393 11.358639 4.558428 3.598780 9.741858 23.424741 27.628879 15.724956 7.945561 9.978289 10.611661 12.347253 12.766190 5.177139 5.938710 4.815140 10.023572 9.846667 6.501686 7.926712 3.693759 4.676092 4.601290 4.339306 9.202249 10.645245 7.193513
6.961885 1.752551 274.4878 274.4878 0.000000 1.708273 3.411267 6.947972 3.881257 6.671639 12.937890 12.007924 6.126126 2.755398 9.375936 6.618484 18.215777 15.831677 9.908982 11.568799 14.188157 7.227023 12.508406 13.930210 3.598888 1.233062 5.903200 14.901996 15.270356 5.498395 7.932514 8.929453 6.955159 25.801565 31.790429 18.144181 9.751469 8.596824 12.944769 21.139708 23.549388 17.861221 4.601142 7.865997 9.401772 38.981101 58.075872 30.886669 6.644662 4.541961 8.929024 14.250973 24.062865 25.433932 9.626838 11.355648 12.814026 57.718048 248.265960 308.355696 105.326029 21.809336 20.809764 17.582773 28.217435 35.298913 20.386507 17.229340 15.769769 19.351892 36.861865 52.996739 28.605802 12.698409 11.029003 10.434800 10.822572 20.956913 13.586677 8.549121 11.749258 13.450213 18.306050 12.149395 5.611645 9.162120 5.882516 7.976022 13.030479 18.357651 14.502133 10.964826 7.365089 4.536840 8.416168 12.598615 13.226573 7.560397 2.692304 4.583132 4.441266 7.563293 8.757997 6.352691
7.013333 1.740161 268.3919 268.3919 0.000000 5.768372 8.738101 11.748254 9.231982 7.316821 9.388671 8.821795 9.779375 10.309129 7.832208 8.370879 8.211233 3.213002 9.716437 12.258519 11.931021 9.495298 11.177712 7.620789 3.099680 2.495783 7.629794 8.093540 8.804604 15.154098 22.234543 24.100705 34.797324 28.749168 11.913709 3.382190 12.139656 15.888771 16.004331 20.777210 15.295264 18.333578 25.912772 27.214537 60.048374 69.745041 21.822059 6.849703 3.637583 10.699140 16.464536 25.130091 22.205476 17.907526 18.890342 14.978666 71.484352 250.231197 256.887555 86.174415 25.156167 31.918207 27.138377 31.198816 30.007429 25.349985 25.288720 15.380815 14.415247 36.869834 28.366172 17.423286 17.910225 16.718384 12.988387 15.215641 12.549781 6.967078 8.813945 12.302377 14.588092 2.553139 12.609722 20.290292 24.177764 18.812181 17.077291 7.339107 11.727393 9.765508 9.687268 6.492453 4.128454 10.867459 13.413836 14.689292 11.496735 8.621422 6.300813 5.100324 2.223640 3.607657 7.069212 7.609808
7.061071 1.755198 262.2394 262.2394 0.000000 9.223553 8.504861 8.063630 5.990751 1.335887 2.054692 4.113018 6.557218 6.975292 5.681945 10.951923 17.944141 15.476066 14.081071 12.410522 5.732855 7.113108 6.542380 5.816039 6.097752 3.762441 8.523423 10.404282 13.235415 17.425233 24.542623 33.177600 27.340828 8.964072 6.812378 11.123297 8.783477 5.765079 8.189375 4.810934 11.795484 23.279606 32.707475 67.119331 55.443011 25.671550 11.042395 7.200806 7.738805 7.367289 11.547709 5.929599 7.751590 16.199029 16.870199 123.680593 288.350944 204.573079 56.167910 22.730679 16.875948 10.761841 12.597885 8.414247 11.828188 19.206375 9.812723 19.493601 51.267424 37.885769 13.719998 13.640086 12.939365 6.122559 6.943368 6.634912 5.904520 4.846796 7.724217 11.936254 15.731659 11.283837 21.724680 32.696844 22.973902 9.683728 7.288574 4.503526 5.715039 7.636793 6.546816 2.798986 5.581872 13.120825 11.779542 7.398419 5.963099 5.386869 5.224089 2.706544 4.945376 2.399224 5.909001 2.511556
7.119417 1.753186 263.4325 263.4325 0.000000 7.526387 3.788375 2.869648 4.831520 5.787422 5.777471 5.741178 3.914639 6.611250 13.774280 20.884539 18.220190 15.385537 12.161809 13.305274 9.855152 5.434320 7.276383 14.969944 17.103240 12.027808 12.272822 7.289150 6.965884 0.956716 5.338215 9.042673 25.285097 20.232826 17.148499 16.334685 9.294641 7.709703 4.927380 3.625761 4.646612 12.421264 20.156738 46.811530 33.232109 16.290820 21.759543 10.648486 12.530564 10.358816 4.331077 2.415468 8.369509 10.358604 24.132062 78.782707 233.195354 296.316862 129.611046 26.936642 14.187947 9.871128 4.556569 1.691853 10.098818 23.483670 28.911077 49.467348 56.404126 28.664882 22.843649 9.682369 16.497259 9.127886 6.397868 8.566173 14.206781 11.887968 7.700753 8.258926 9.536645 9.725849 10.283957 18.733764 15.163349 8.767023 4.986750 8.041337 6.507099 7.125060 9.933810 6.319881 9.648707 8.772443 1.979453 3.814330 1.426063 2.526403 7.970666 11.190181 10.397105 9.140255 6.201060 4.244202
7.171508 1.770692 260.0987 260.0987 0.000000 2.942407 5.701343 4.296415 4.176154 4.922079 6.750772 7.309627 4.878582 6.727195 17.024486 21.575566 13.210345 13.552708 12.707496 13.912301 4.739822 1.752336 9.178311 16.586648 15.627932 12.032482 8.918340 5.621839 7.032832 6.961148 8.382289 17.969797 22.484273 18.155763 16.076755 15.092989 7.189848 6.326025 5.997932 4.501787 6.299520 21.146093 43.170916 37.226303 16.628597 22.011916 17.334435 11.015427 13.507472 9.075408 6.506206 8.058313 14.207510 26.654153 17.296965 129.155977 350.638843 211.526888 19.144167 23.842445 13.898378 10.106413 6.080728 12.448929 23.552504 26.138060 47.310926 54.844938 24.389541 18.325700 17.183102 20.486968 7.582752 4.672935 8.815943 13.943221 10.710296 8.451207 7.783447 9.175021 14.991624 18.369877 16.512204 5.877468 4.686331 6.170779 6.305619 8.118050 6.168555 7.833215 10.482397 6.295274 7.950939 4.555565 2.925559 3.647460 3.003671 8.595580 11.462581 10.198645 8.163674 2.720697 2.201254 4.833415
7.221478 1.790053 267.1290 267.1290 0.000000 7.886614 7.593563 6.943336 4.064710 3.166440 4.530840 9.233608 7.488339 2.731237 6.272343 17.280297 14.311743 10.762130 14.306643 11.585368 6.981228 6.090416 7.557113 6.845184 5.574325 2.747071 3.179386 4.488209 5.751800 11.451666 11.341426 11.617122 14.504647 4.410881 6.327844 6.357781 11.948604 5.879175 3.492424 9.142530 13.809744 13.296273 12.174620 29.880518 25.977059 10.826779 21.102809 27.254835 15.857817 10.854816 16.973487 14.853707 10.513308 22.084080 33.597969 21.995217 80.005454 268.938020 286.074874 98.744494 17.467157 26.105478 19.889876 12.132230 18.559406 25.898722 8.130250 12.164972 52.402124 54.519865 13.606459 14.311491 29.288452 19.507966 8.123848 7.465010 9.153068 6.327341 4.140109 4.956418 7.167619 8.848678 21.353561 31.395491 20.796187 8.934675 8.355995 8.590759 5.738537 4.393470 2.634538 0.959578 6.312228 7.949954 8.724758 9.167085 10.197138 11.368743 7.838067 7.908386 9.212081 3.766312 5.957171 2.354227
7.271885 1.773304 273.1832 273.1832 0.000000 7.261493 1.611044 4.286092 4.932887 7.894760 9.975599 5.479855 6.522421 13.333664 16.350492 12.207607 6.033009 2.500504 6.944920 14.811496 8.123584 5.157166 5.669424 8.226699 6.327098 5.144884 5.095468 3.962133 8.877606 12.486753 8.676169 3.773522 3.084059 5.529627 11.655471 10.602564 5.670107 7.571903 13.951217 14.251033 13.409978 10.106737 6.621423 14.097345 28.504540 20.454683 6.864452 13.619844 25.985605 25.984879 16.119382 14.312654 12.296314 14.780220 25.844696 32.255542 22.276888 49.150853 189.511390 316.351470 191.755191 37.526711 16.104178 21.357660 20.021887 18.602158 15.826894 16.054707 31.356450 52.573434 46.383290 21.195183 11.159756 19.775294 23.752623 11.791905 5.371749 7.747104 9.111696 8.978625 8.715742 5.804615 5.580215 18.734463 32.199627 22.657217 8.322142 6.424176 10.473735 10.120123 5.760857 2.753838 4.119207 7.019644 9.749435 10.359611 7.244946 4.017117 6.828604 11.966692 10.803217 2.572758 5.018787 7.441854
7.325215 1.775385 274.1547 274.1547 0.000000 7.223394 3.878487 3.932159 3.601824 7.752764 6.853476 6.706442 6.246287 10.357007 18.341115 18.693687 14.890749 13.774611 10.416028 14.497360 15.340787 7.511500 5.600964 3.068274 4.832016 3.540901 4.960829 11.012022 10.552872 5.654947 12.393584 12.308107 16.202900 14.956600 19.209264 15.951740 5.105077 7.123771 14.569267 14.903333 5.394751 3.880682 6.142352 21.737812 42.030780 31.381300 10.470409 10.260311 18.143553 24.382317 15.371663 4.725099 5.838043 12.376000 29.350401 29.234934 12.781869 31.181267 123.811095 313.068443 241.611048 52.241743 8.375123 12.780028 24.985499 24.001940 13.540755 9.221438 24.285384 45.572751 51.053443 30.210517 20.371940 16.698978 19.089067 23.026067 12.359585 7.542485 5.606758 6.524941 8.943867 4.966299 6.700144 19.323821 24.842250 18.261876 11.395730 7.591746 7.663536 4.019796 3.635133 4.142236 3.048744 5.101629 9.884394 7.168855 6.381812 7.733000 6.794770 8.098011 6.412282 6.523606 8.471122 6.109013
7.372225 1.767465 274.1517 274.1517 0.000000 6.642849 3.113097 6.397540 5.829436 2.797988 1.298909 5.852320 5.867486 8.136763 6.577099 24.187686 24.818251 20.160493 7.395854 10.156178 9.413240 7.407086 3.822868 10.337438 9.967844 4.342977 7.175128 13.093700 8.942201 4.612669 10.778001 20.683982 29.091828 22.576660 8.672978 26.160327 15.947046 5.437034 6.742223 9.876956 7.934884 4.267966 9.672365 36.925136 48.203436 19.916049 16.268465 18.701588 21.590269 11.780963 10.564708 9.235806 6.793312 8.943001 17.676686 24.181106 18.887709 34.266985 152.953183 310.486664 212.136713 22.970093 23.108536 9.753692 13.692555 10.362111 8.531781 11.250674 18.182430 22.636948 45.458036 51.359589 28.065231 13.641498 13.654308 20.020581 13.466707 5.530851 5.966725 11.894097 8.798761 7.741107 12.803130 16.090043 10.793218 4.485951 11.694335 13.083553 9.905494 5.528330 4.683944 5.437680 4.825034 5.325305 13.022676 12.640419 6.360408 7.902953 12.107805 11.196843 7.147728 6.174555 9.888986 11.330578
7.421483 1.754506 268.6214 268.6214 0.000000 3.009439 5.408175 5.595586 5.665698 3.807014 3.674268 3.758589 13.710470 18.581102 17.811410 12.203645 9.683872 15.798949 13.497404 4.718760 4.189197 7.404146 14.401916 15.404501 13.752101 10.040163 7.889896 7.778747 4.615817 5.792903 7.004881 14.661032 23.890752 30.656976 31.414672 20.754769 8.119707 2.704335 3.733744 11.901892 12.421241 15.590031 44.068162 49.537005 21.690922 15.292002 5.069160 19.761088 20.285985 16.531195 8.474151 1.855253 5.130735 18.453543 22.457512 21.759241 51.009960 132.599398 301.523963 207.551459 53.741486 16.861319 8.407036 6.870992 3.750591 2.755624 13.631896 31.519411 41.910867 47.211762 20.989135 17.773872 11.355966 17.212626 17.032160 12.097265 12.310418 11.979201 15.477088 16.424072 8.300672 7.301368 11.368857 3.245867 5.843699 4.112933 10.059263 17.652932 12.378370 11.846513 12.414924 8.621382 13.527716 16.392043 13.789847 8.306044 4.498171 9.502353 3.335567 1.915681 5.323602 8.510126 9.295526 12.982031
7.471892 1.760907 264.7361 264.7361 0.000000 1.445692 4.933574 3.318488 7.326581 5.720180 3.387440 6.862935 12.993221 18.534694 9.387262 2.816339 9.144500 13.772406 11.560433 9.277589 9.361995 11.570711 13.044315 6.761911 14.145589 11.409914 9.044567 5.787214 8.333886 11.431037 11.583997 8.122179 17.920066 30.568481 15.481358 6.567718 11.812615 8.564731 9.624341 14.174072 11.475468 24.419118 38.069282 16.889866 11.061277 20.275685 20.428409 6.303317 15.714869 11.676180 5.933248 6.274146 19.224996 33.191796 34.392577 36.741979 124.373471 312.169628 243.397522 32.165703 35.039216 13.025425 18.944978 18.565717 14.669202 15.822207 32.304549 26.425876 30.676790 39.682808 27.444436 18.227533 20.543888 26.044360 18.950994 12.362726 5.714795 12.503370 15.033349 7.003600 6.211262 14.837012 10.439846 5.742935 7.456833 12.703853 16.346110 19.122087 20.370046 13.792616 9.053245 7.137354 8.584327 14.066345 11.356261 11.385559 8.705458 4.593608 2.942456 7.517370 7.547176 14.491650 14.290508 4.409618
7.529340 1.758609 265.2378 265.2378 0.000000 8.014838 6.618148 4.469726 6.755683 6.875169 7.170875 8.113184 11.211432 14.565536 7.216630 1.772768 7.710476 9.360688 3.864920 11.861476 9.952438 10.454990 10.318440 9.623741 13.494375 9.321361 6.652828 10.693196 12.396202 8.614871 7.713052 10.954936 18.349730 13.913124 7.597676 11.820799 9.433034 11.087871 8.527514 5.444375 19.873666 38.881631 17.998608 8.603565 13.021785 12.254523 15.148440 14.246512 21.988643 24.785069 24.758199 21.116087 17.650117 16.561776 11.692961 42.024793 220.087646 346.977495 152.242330 33.946555 11.648549 12.855473 22.096444 27.240816 31.149218 48.837844 48.943474 29.669029 24.270081 13.328627 6.709900 10.835369 22.380424 11.875252 7.475876 7.082573 10.872719 8.637049 6.313230 14.215920 20.029255 19.159136 9.860045 6.888315 5.569260 5.226670 8.214885 14.897587 14.382264 11.144714 10.534945 9.174325 4.615584 2.443345 9.875238 8.672839 4.471287 5.142469 8.852619 11.509137 11.169400 10.961117 9.680521 6.781053
7.581352 1.756509 266.5970 266.5970 0.000000 3.741031 6.536954 3.789924 3.789925 3.533016 8.420639 10.015016 9.684540 16.153473 17.876730 14.762335 11.834973 6.313779 4.056945 11.154985 16.565016 11.513971 4.673229 2.880138 6.869281 7.483183 2.925017 5.741361 6.734449 12.529108 16.828264 15.681700 13.556639 9.743176 7.824246 14.228608 13.523956 10.548971 6.841440 8.936279 29.355297 44.979416 17.675785 5.400410 9.789138 12.345124 19.342528 15.852632 18.004186 18.526072 25.511912 20.734075 10.163284 10.283301 13.367208 26.660906 156.535042 317.292166 197.272763 53.211080 14.827464 8.643885 5.428689 17.059745 27.915183 37.993029 48.672098 47.755464 33.741128 20.604748 8.335465 5.926332 10.253490 20.188518 11.974085 3.828378 3.748763 12.635769 17.550197 15.653569 5.702439 14.486644 18.851146 14.686320 11.788166 4.728976 3.624925 7.343972 9.523410 6.047266 5.974781 4.536791 4.296907 3.099893 7.387430 4.904238 3.730768 4.099969 2.088184 7.736824 3.859585 6.294737 5.426096 3.225321
7.631971 1.755909 276.1740 276.1740 0.000000 1.543758 5.390198 6.469822 2.106523 1.958396 6.648351 3.914679 7.582018 14.127602 21.459775 24.067557 14.637698 1.529498 5.487194 4.097845 8.499448 13.955504 7.903964 8.344099 6.855484 7.606864 8.313119 8.599851 8.861882 11.182923 18.460106 23.838982 19.653133 12.837460 13.427028 16.719480 16.663176 14.713813 14.158644 11.510282 17.225850 42.665801 52.128698 25.760104 6.102567 6.445115 6.763010 17.493501 23.742177 15.089896 6.945829 4.208539 16.669258 26.386233 20.407356 7.436001 12.050184 28.698305 214.093985 317.049568 133.173389 17.919866 14.725976 20.144422 25.307396 26.995853 17.761132 18.769559 22.319083 37.518558 58.176923 33.568101 7.904244 7.374770 5.099961 20.032076 27.375667 13.258731 7.557934 14.209825 19.588808 13.217915 6.781902 9.320633 8.346268 13.057679 18.439244 10.172061 4.143145 3.384444 3.630661 10.204009 12.690639 13.081893 12.420332 8.458423 5.197877 7.605832 8.708549 8.181006 8.145957 8.278203 7.853064 6.883643
7.681306 1.766493 279.1589 279.1589 0.000000 5.015402 9.101994 5.922781 2.157753 5.682925 7.657308 8.823688 13.910513 11.888584 6.891749 10.208062 15.817010 12.122477 7.507576 3.309412 7.079486 16.556020 16.846545 6.667400 11.662184 11.536090 7.247834 11.140953 3.745417 9.275640 11.802116 9.381927 14.279035 10.237946 25.879188 23.914941 12.078696 4.307120 4.165979 15.823095 17.990531 26.925781 57.882988 37.377959 4.531578 2.233469 8.337266 14.820194 20.009288 10.694201 6.537012 14.890005 17.938235 21.061097 15.132319 11.479744 17.493408 26.932567 85.780082 242.859646 293.095208 116.485981 49.183799 30.104304 26.588527 24.417505 30.441113 43.373719 48.822415 35.274524 31.466227 31.687977 30.660003 17.960143 8.199762 7.128280 15.212848 25.925601 20.734308 14.969670 17.911070 10.904223 4.660550 7.655506 10.853914 14.642991 14.934132 8.354221 4.525005 6.402709 7.631884 4.927017 4.907569 6.777899 8.009985 12.120292 8.494294 4.618877 5.941695 4.530851 7.652918 6.104717 4.248306 7.411262
7.734746 1.761243 279.6677 279.6677 0.000000 5.228749 8.991735 8.421143 6.144205 4.623324 2.690684 6.564865 12.376896 19.471465 14.074233 8.883301 7.899819 7.050649 8.543266 8.275757 8.742589 6.648372 19.065987 16.189435 15.411762 13.593062 12.635029 9.718271 6.382002 4.361843 5.199605 10.010346 19.526162 23.991911 20.783533 12.770857 5.583076 2.471534 6.327062 12.595761 14.602396 28.077692 53.760755 32.946953 2.351896 1.833335 7.649393 13.188404 12.350145 10.340105 15.312252 28.180188 20.668259 6.608658 6.375987 5.448888 10.161967 15.888201 37.661763 169.734033 339.720240 198.525075 29.075907 17.557280 7.067318 4.437532 8.057840 24.461909 45.259735 70.510006 47.312935 15.823267 13.178866 10.622297 8.118093 3.901164 6.850797 13.995973 19.641934 11.968392 18.127288 11.449103 7.682429 7.063365 5.037973 7.498734 10.920888 10.571553 8.811627 12.216489 11.691551 6.532955 3.722767 1.657367 2.496920 7.121288 9.459013 7.597429 6.300210 4.913491 4.534781 4.531879 6.434939 8.254215
7.781343 1.759798 279.1526 279.1526 0.000000 5.101898 1.706848 6.372471 1.180985 4.225629 0.928328 4.204366 8.989764 22.703744 20.123910 10.039765 2.251232 1.299940 1.875927 4.489844 3.558281 8.649529 16.597502 19.281393 13.543477 5.885559 7.391126 5.113212 3.531405 1.528600 1.791932 6.978150 20.783089 27.284789 6.478024 10.411340 5.345264 4.656581 7.460181 4.909773 14.723556 25.367057 49.106303 20.731329 6.658507 6.476032 5.747498 7.782031 8.127403 14.047512 24.687147 27.937491 16.194446 4.655736 4.667455 6.613744 5.681227 9.477943 42.764077 191.339893 325.566348 181.756383 15.288482 8.189790 4.976888 3.810947 6.198845 14.236528 32.772557 70.732756 54.349900 21.666074 8.165149 5.427267 5.021384 4.178874 4.133353 7.185350 16.665196 19.590190 16.155749 8.906969 7.830029 3.426897 4.596773 2.919811 2.551884 9.699569 17.188909 17.268601 8.618437 6.156110 5.807478 4.647658 6.694775 6.516193 6.282867 7.552045 2.167085 1.705655 0.891034 1.923655 2.804826 3.434689
7.831598 1.757584 272.5206 272.5206 0.000000 2.485237 0.852227 6.709501 11.071419 12.173018 9.885233 8.897684 13.677005 13.884533 7.600266 3.876484 5.933695 5.964498 6.859902 6.825088 7.447525 7.476066 5.642146 8.472282 15.407150 17.767454 14.670420 8.784257 7.217965 10.135234 10.381032 19.307150 32.118333 26.423522 17.759541 14.127280 5.057221 8.388403 16.576631 25.159023 47.375021 53.675757 21.089475 4.118425 5.709757 8.068241 14.359282 19.012200 12.242157 12.419998 14.349027 9.915479 13.424623 12.957318 9.164401 14.595756 23.537664 65.068990 227.138162 284.831378 115.628841 25.498924 24.660287 20.710167 23.524174 24.425360 27.299271 55.217620 46.755793 8.967215 21.898781 16.830464 4.720580 6.630577 8.268305 8.692655 5.753708 7.747931 8.375271 21.138938 17.841399 12.397203 7.441546 6.695866 8.298990 6.720223 13.650208 16.362005 11.688248 7.221665 7.263538 10.341335 13.295951 15.122380 13.941075 8.214614 3.199826 1.998499 2.029308 4.730841 8.164028 10.409127 9.791818 5.413058
7.881302 1.751270 265.6353 265.6353 0.000000 2.453888 4.343264 8.662409 12.889728 14.402176 11.482216 8.934177 13.202337 12.596593 10.860661 11.523986 11.813067 10.650030 7.669511 4.279539 3.782786 6.369082 9.688387 11.936906 11.086329 16.100122 12.924099 10.733917 13.709733 15.077819 13.284100 21.594590 19.995698 9.637102 12.272161 11.786039 10.539064 13.194411 12.854858 48.240941 41.412346 15.609334 6.777645 4.843889 4.508349 13.431134 21.172083 20.777844 14.231629 11.958371 17.533550 19.653355 16.307692 16.360955 23.132929 35.070334 66.463802 296.257284 276.731086 57.739065 36.239286 41.567974 36.990945 33.883022 26.143102 35.791380 38.516829 21.458343 27.281517 21.413378 12.257404 9.490287 9.373334 5.418776 11.275564 14.799053 18.232623 17.272453 11.036331 9.848197 13.097312 13.750960 14.689403 10.885986 6.820748 7.834409 5.118044 3.402811 5.171940 6.339979 7.702755 13.114203 10.150102 3.295857 4.332789 2.531113 2.438535 7.051760 9.600098 6.872764 5.990073 6.375050 4.344725 5.166672
7.939609 1.763746 266.0252 266.0252 0.000000 2.951466 4.174321 2.592288 5.941472 4.760433 7.779453 9.374744 19.986069 21.282188 13.944833 7.942700 6.708375 5.430642 2.623699 0.962075 3.443424 10.936560 20.017803 13.457807 6.796126 3.335868 3.694658 2.240080 6.921917 10.779548 19.165745 18.698478 9.228971 7.805873 7.436061 9.066954 8.540923 7.228395 20.582068 43.872051 26.722943 5.588210 3.355112 6.100704 5.543343 7.334204 11.799874 11.577203 30.800766 25.666728 17.828412 11.026360 8.333345 6.262111 13.948315 12.320289 77.760447 293.145002 284.250708 57.209100 18.184089 23.978945 11.780572 17.874222 11.958029 40.457915 57.574979 50.524296 23.823891 7.148997 7.164205 6.044821 5.328617 10.554653 16.711567 23.305855 21.108932 5.378646 10.865010 6.780298 3.748152 9.290212 4.969973 13.874705 11.981129 10.888316 6.973476 4.758654 7.118302 5.326318 6.796820 7.271607 6.079964 7.611436 6.652025 2.721153 3.035046 5.846953 2.552615 2.826325 3.010373 7.517524 8.057547 5.760731
7.991516 1.773943 264.7589 264.7589 0.000000 5.433780 1.062161 5.843151 7.047514 8.403584 12.623943 14.104552 11.316449 14.189975 10.782511 4.184140 2.355539 2.834837 2.634747 3.151690 6.372692 3.489412 19.573807 20.087534 6.720690 1.107338 1.915756 4.917076 9.191192 15.910236 14.380915 10.907425 12.207098 11.599532 10.363861 12.209074 12.587977 2.916645 28.158223 42.292241 19.832303 6.865422 5.338888 4.326987 4.922398 9.710059 11.940270 26.189434 35.976492 16.573987 8.478263 8.976052 5.817833 11.271296 16.233628 4.330152 130.653692 338.740097 217.407407 16.969171 18.228800 9.808249 7.524134 14.468678 19.081509 23.314359 58.874456 58.807590 19.947808 7.932270 10.553081 4.604020 3.411937 12.122735 8.639616 13.935307 23.151133 14.846114 9.777518 9.896099 5.455698 6.551360 11.414315 8.950006 7.465996 15.436481 13.511291 9.170966 12.458059 14.131628 12.049888 11.283921 11.092718 8.640146 8.035379 7.172522 5.459205 4.320719 2.822767 1.149407 4.801401 10.734524 5.895282 2.225109
8.041463 1.779136 274.0861 274.0861 0.000000 6.770346 8.796297 9.838061 7.720418 5.251001 9.915828 9.105732 14.284301 10.945545 9.943846 10.155598 5.554952 3.372563 3.613835 2.744826 5.996968 7.080886 9.129594 16.245203 14.842394 5.961789 4.127379 2.043297 3.733269 10.031684 11.088006 11.827341 12.265400 6.607380 6.457870 4.686808 8.224986 9.024342 8.129541 25.893246 32.268473 9.029454 4.540683 8.179838 8.459469 6.457561 14.825883 16.457030 19.729937 30.828620 23.989914 18.168693 6.964487 12.945095 10.970653 24.540946 32.689848 32.547296 129.557908 314.908074 238.350834 60.789508 29.499387 27.582209 21.760941 19.785322 19.252667 38.065810 56.065641 48.291938 31.867893 24.279260 21.132388 11.279997 5.342312 6.905110 7.325776 7.449828 15.947345 18.969654 8.547015 6.241582 12.348826 11.926991 12.693063 8.833862 5.835498 14.321876 17.217517 11.033052 3.761420 12.155727 13.957418 3.878310 7.595878 11.678637 4.021292 4.761699 5.943262 4.570290 4.123378 5.543056 5.275166 6.284834
8.092170 1.768715 278.6798 278.6798 0.000000 3.186240 10.900771 6.940425 5.943772 12.318917 11.890901 12.024559 15.200343 7.959345 3.121497 6.277654 4.846459 8.125533 7.237751 1.238623 6.486522 4.449529 4.938275 7.107875 15.846328 15.672984 13.539905 9.096448 2.753072 5.658693 9.708828 11.059497 17.089229 13.841115 10.871475 9.644562 4.444092 5.136748 6.968080 16.678757 30.538233 18.808636 11.414154 10.282617 8.637433 7.161617 5.997059 17.316765 21.250690 16.408895 15.549237 15.397497 28.138137 23.871330 11.938930 11.668652 27.701408 46.906622 69.692335 172.254833 307.408293 198.655844 61.568399 59.403526 31.958838 13.058436 21.502758 42.371332 53.285985 35.473375 17.077816 22.393013 36.525293 32.506215 15.691707 4.349719 6.087374 8.567954 9.806980 15.838674 23.109871 19.144512 11.033739 11.477700 14.195265 9.789082 6.834197 12.301498 13.793783 9.134786 6.706036 8.216290 13.199577 12.864182 6.635917 5.912693 5.913626 6.564275 6.682878 6.208761 7.204080 4.388604 4.806157 5.652518
8.143301 1.761022 279.1609 279.1609 0.000000 3.496858 9.761335 9.930015 9.243174 5.574136 11.183206 10.938117 8.093547 12.807255 4.073026 5.595254 6.112075 10.697171 14.931251 12.498368 10.524573 6.337151 7.204012 6.885354 8.346779 4.968804 18.711321 21.332918 12.290055 5.862910 13.598074 21.494129 9.278962 9.202441 8.023689 13.678245 15.305435 13.119824 14.922944 34.030417 37.213346 11.432716 8.900810 8.657367 6.141684 8.173657 15.067911 12.280498 9.304368 9.760095 13.286375 24.579085 26.112895 18.797122 22.172933 16.348426 14.081259 27.953746 47.180757 151.283442 308.272297 227.315591 59.920688 31.871638 35.884033 12.741650 14.729131 30.803587 38.591456 50.086549 39.693397 35.750150 23.328113 15.165555 23.324455 13.486703 10.156634 10.464567 13.494529 18.204841 18.660425 13.783214 8.634992 11.163221 6.128017 9.890413 11.713557 9.412724 8.133296 13.682325 12.735512 10.189822 10.714905 14.690233 11.322068 6.286865 3.416071 3.948968 4.850545 6.399720 10.220229 11.298266 14.406479 17.364016
8.191851 1.746415 277.8313 277.8313 0.000000 5.149623 5.492685 7.424892 5.380011 10.753861 12.857022 12.961967 12.974634 14.695100 8.921959 7.832494 10.011671 7.914854 16.363609 15.648293 7.596145 7.917464 8.629567 5.909229 8.533654 11.398794 15.735558 22.633721 14.483209 16.600746 24.639421 20.293913 11.834800 6.786591 7.100726 11.200030 19.000672 4.512153 40.707367 53.944586 21.882878 1.927798 4.601173 2.234785 10.622439 17.020595 8.210740 7.055488 13.090495 6.800909 16.513625 13.932336 13.140738 22.120980 21.620284 15.455715 17.099414 23.652030 131.661669 293.055083 206.595425 54.595885 21.611761 21.386483 19.665851 19.776339 19.068726 40.903937 56.232158 21.795680 23.258829 20.674689 12.450592 20.403738 18.010986 8.170341 9.136543 8.324850 1.505598 13.426178 11.992537 6.678725 11.884152 10.135044 5.367228 11.004113 8.473871 13.781213 16.668967 10.166380 6.124486 7.076045 6.512460 3.660899 4.151495 5.499390 6.893637 9.083116 6.299655 11.716841 20.039954 11.739333 10.997727 10.027401
8.241452 1.742040 283.6968 283.6968 0.000000 3.940690 9.575570 13.474580 10.460222 8.868123 5.926001 9.383315 1.443393 12.292583 17.312988 16.413701 8.263391 9.802607 17.405828 12.548433 4.913448 12.895046 15.779667 6.729815 7.763033 9.062296 6.803666 14.821444 33.080823 32.622599 20.333324 8.647419 17.065907 6.945324 10.097208 7.571089 9.582755 15.445958 30.031295 56.310925 45.424906 9.275838 7.218539 3.089298 4.170372 10.276248 13.997269 12.513746 11.713160 17.005212 18.245664 10.471440 4.423944 14.271273 12.668232 9.508669 7.303082 8.835248 38.070402 137.911979 285.993419 226.314724 51.900943 36.299159 5.255273 6.163434 15.589789 23.405381 26.572018 23.106335 48.516665 43.230085 27.385939 12.773801 11.591146 13.476516 7.544629 8.209989 9.749837 6.789940 9.660244 14.187455 12.518766 10.208743 14.352845 15.951439 11.498591 5.666626 4.428264 6.776026 9.567684 10.211802 7.191883 6.265186 6.471094 7.419481 7.370893 3.769291 6.100950 9.767547 7.218673 14.112807 21.873354 15.836064
8.296705 1.745081 273.8075 273.8075 0.000000 3.673482 15.448777 18.185542 6.276896 5.543357 5.017333 6.855074 8.145230 7.896220 13.151201 13.557842 10.130908 13.803551 10.210793 7.013727 8.458348 14.070377 18.454415 11.942943 3.696213 6.247041 6.415552 32.891831 28.821856 8.707570 16.412304 15.525850 17.174463 16.170525 8.457141 5.221909 12.160344 30.772202 53.284240 29.210063 10.384830 7.186236 5.115354 6.214263 5.679936 15.557723 18.233772 8.643838 19.863305 14.535852 5.620505 12.143236 9.773500 13.227966 15.249437 15.420196 37.953001 74.372648 242.227456 279.818592 116.448111 44.431889 36.022458 32.851526 35.746274 34.384851 38.086422 35.260719 28.146317 32.741369 12.924914 13.556192 12.207087 1.873535 6.530948 7.104815 12.546581 14.735837 6.172586 14.734074 13.613619 7.469550 18.987362 11.852788 2.977776 3.708038 1.970324 3.794582 5.518702 6.629571 5.871311 4.681719 8.210150 6.510131 3.595737 7.573528 6.604189 10.673078 19.192876 13.311788 13.655536 7.689217 9.996025 10.351103
8.343607 1.756748 270.6720 270.6720 0.000000 8.021763 12.211880 15.328838 14.792113 7.200145 5.443580 5.984841 7.258057 11.930875 13.436701 6.449954 7.193056 9.058303 8.869279 11.681516 9.168605 14.818903 21.185854 7.307121 7.471062 6.600470 11.746843 25.668903 28.399220 26.199121 15.764395 6.430753 13.067588 12.283125 6.421451 4.826673 24.005508 54.539671 37.929595 6.794127 9.975357 7.272271 6.528627 9.110225 7.757463 15.177098 19.961714 15.655439 13.619205 16.632757 16.042779 11.172298 8.361877 10.772991 17.729212 17.770145 31.038261 184.504346 335.443032 139.897020 41.138454 24.586420 32.875047 26.257603 20.864953 23.452087 52.538567 41.519728 26.196896 15.600571 13.515496 8.106993 7.299820 11.845657 9.106418 12.555378 13.535493 9.279811 15.505173 14.801611 10.223663 14.623022 15.952854 9.412873 3.595293 2.102383 2.458959 2.847622 5.582494 6.878678 4.642859 5.398206 5.210651 7.122968 10.514818 6.398256 12.903668 16.308715 9.740020 11.166449 4.946144 3.863111 10.349152 8.513564
8.399391 1.762158 276.7490 276.7490 0.000000 8.042450 7.276033 9.942176 11.274120 11.148200 13.908086 9.831467 7.017373 7.079802 6.252237 12.179915 12.917801 8.769452 9.785200 13.642089 10.881487 9.306720 16.144286 14.468681 8.315021 9.183938 12.839134 14.074616 12.112454 24.606838 25.174024 23.787566 15.262709 15.490701 10.428091 6.518286 7.327774 40.054365 57.578262 19.889677 4.324767 9.067658 8.291898 6.371626 9.734565 5.426469 6.705743 12.221286 5.397194 3.729556 9.910192 13.810863 16.553852 18.050861 15.249809 7.099056 3.868959 24.197017 106.364634 282.870575 260.468555 92.276471 23.141771 9.325469 25.351209 36.381640 58.318751 52.012222 39.926266 20.057279 9.068879 11.247988 15.974911 10.931828 10.083101 14.004669 11.427100 6.231677 8.359819 6.954384 8.778379 8.003992 5.801239 7.347529 10.981809 6.404077 3.713517 4.876108 1.670740 3.911837 8.205891 6.740637 4.113973 5.500153 4.331598 5.779870 12.004633 13.682620 2.985486 12.576865 16.224653 10.220090 5.178329 10.421367
8.451958 1.751228 273.3607 273.3607 0.000000 3.890219 9.707457 7.784647 7.170985 11.408912 17.983977 11.626952 6.787645 5.087766 4.321165 12.507714 15.675621 8.257250 5.562635 6.876217 4.365048 8.528632 13.025290 12.935250 6.642320 15.939241 16.173976 8.077603 14.714536 16.544052 11.267606 33.702847 28.901668 8.571962 6.056875 7.601917 26.431521 56.831036 39.119875 13.734244 10.683957 6.069332 4.623379 10.432761 13.742579 12.342911 12.218028 6.116277 1.564241 6.180331 10.377897 8.319450 13.244891 17.859239 11.898868 9.086915 15.004755 32.223103 159.295908 304.651511 185.612786 39.807016 20.796690 20.387510 46.470164 67.645607 30.124104 13.039283 14.303952 9.832468 9.240133 14.142721 8.554395 4.805195 10.781509 8.995064 2.627860 6.345296 10.942826 10.916473 13.175799 14.618890 9.585164 8.201386 11.158325 11.656973 10.427797 7.669120 5.054765 4.915926 5.357579 4.366339 11.417026 13.742888 8.186931 12.615544 10.753451 4.286346 12.624533 10.919944 6.899253 10.607351 11.756449 9.459517
8.503039 1.754326 281.2975 281.2975 0.000000 6.016924 9.401455 9.076590 10.417680 11.595162 11.110890 15.252127 9.484924 3.890636 4.772596 10.607154 16.388983 15.979197 11.760430 9.878112 10.112594 11.479649 14.917444 11.511507 13.786041 15.813851 12.270742 11.760818 12.285373 10.448505 11.648267 29.418992 32.534095 23.273472 15.155602 9.473696 16.747842 45.869259 61.859075 33.693438 13.798088 11.715876 4.153728 3.914395 9.519439 8.885522 10.980764 14.664258 9.072333 6.702711 9.685886 17.049853 16.470677 10.010939 12.089113 5.708672 3.407678 8.432248 15.810997 63.087623 262.137527 282.975272 81.269590 21.941262 31.232973 22.423306 34.599352 64.066281 38.045105 11.206264 14.842693 6.226330 1.446042 8.774827 4.616013 8.928656 17.351968 13.689671 8.062046 8.100183 13.062532 17.568471 7.613730 14.537595 16.170641 7.314571 6.588998 7.567187 8.151125 6.899258 8.686157 7.120864 5.047148 5.571126 11.783864 13.196578 12.737377 11.167670 6.665532 5.197824 10.500555 13.761587 13.475775 10.862801
8.551487 1.740639 279.7411 279.7411 0.000000 7.340966 3.990696 11.283694 11.204412 9.521247 9.796329 10.156661 3.110101 8.617473 7.695846 4.633230 9.900867 8.984577 9.412530 11.807729 8.206619 11.312889 14.941155 16.126037 10.965893 6.695416 11.339396 20.082905 21.811419 12.486765 14.838387 18.673227 12.911563 11.443432 18.006539 17.072836 20.988729 50.377261 48.491824 22.378026 15.931678 13.504252 5.785756 5.404252 8.911252 2.232950 9.869418 20.521825 16.480960 7.182686 11.695391 21.077761 13.520980 10.517648 5.054015 16.590500 20.960574 29.839910 39.457273 88.876999 306.688279 248.229168 62.415619 46.679160 48.501965 30.318952 37.756145 47.512528 27.930915 18.748036 27.193952 17.858188 14.081226 10.013081 8.510200 14.259922 12.167518 10.648012 11.148615 15.995714 18.978318 12.046019 7.336900 15.515708 16.047582 5.482795 2.738350 2.656236 3.845476 7.677713 12.793826 12.153483 9.815258 8.574137 4.301341 3.074372 2.105341 6.273743 5.940579 9.187957 11.293979 3.348819 8.551475 3.728015
8.601406 1.736895 283.0543 283.0543 0.000000 9.265421 9.957019 6.720965 3.143146 9.721673 1.816439 14.021503 12.835820 5.714751 12.329355 10.380767 3.517983 7.629856 8.865280 6.980593 4.841399 4.846749 3.045660 7.642126 7.529595 4.795108 15.095542 26.326666 26.038129 22.881819 21.641177 19.046045 14.701994 11.263053 11.607845 13.437540 19.631077 43.344587 45.342652 12.453657 9.283268 14.524493 15.731957 9.073057 10.675361 15.193965 16.410100 17.132459 13.087957 8.856959 7.674051 14.616463 16.552574 10.791220 12.087851 14.597182 17.572645 20.962405 27.970916 68.574303 206.917166 290.179927 139.998324 28.819069 39.167382 24.897486 30.402337 28.107330 35.199879 42.343991 35.869170 30.307267 20.239168 12.348241 12.620762 17.742723 16.333681 10.805490 5.310088 4.142742 10.209465 9.861642 8.902262 12.311207 17.452492 17.094228 13.307811 13.475598 13.465629 11.057299 7.322696 9.068578 7.732205 4.624957 4.416548 5.177144 5.225973 6.761121 11.137859 7.892567 7.192187 6.786617 9.898969 8.864607
8.655096 1.749480 278.2701 278.2701 0.000000 13.902766 7.585236 4.296529 6.131125 8.759754 13.215682 13.055963 12.782920 14.869855 16.051938 10.414883 4.884923 6.356633 7.696354 7.813859 6.682404 4.895878 8.001958 6.137176 3.944088 12.526243 23.713178 6.670360 25.295365 16.830505 30.431761 31.149196 20.293164 14.752253 7.694525 25.199110 56.586094 41.573687 12.479400 10.117587 13.343294 11.458097 5.419465 10.044325 15.988126 11.356580 5.531500 4.855832 3.032292 6.367416 15.938164 19.821648 9.217657 8.811869 12.501799 7.294506 15.361975 32.498535 117.542753 282.363954 224.286366 70.197617 19.599784 25.819274 44.514723 52.327417 33.462145 27.579442 13.456923 14.399362 8.012853 5.091528 6.255832 17.553768 14.723091 7.154420 7.246829 5.864551 7.802500 7.236405 12.735527 14.044910 8.191098 9.641517 15.587266 14.438228 9.387858 6.427575 8.056943 5.186884 3.004117 5.073475 8.914679 10.881671 12.968205 11.660744 18.337244 16.949076 13.932772 9.481160 4.455574 4.303775 3.787691 3.549349
8.703800 1.747166 277.9432 277.9432 0.000000 8.714787 4.842312 5.823568 7.807640 10.581108 14.005107 11.731052 15.102425 18.352215 10.337963 7.596814 9.520457 9.935701 12.579872 11.610796 8.630104 9.554112 8.447038 5.789740 5.381407 2.144037 16.796100 24.636774 28.985982 22.524332 28.672728 23.310789 9.604856 19.258910 18.784423 38.299142 60.865763 36.345853 12.114021 9.996430 3.806574 5.282800 8.060817 4.258888 5.898014 5.507118 5.390810 9.671447 8.250631 4.657387 13.499627 12.858943 5.840880 5.653843 8.361040 9.967250 17.026584 32.589690 116.615752 275.715430 223.163753 79.464933 54.046881 24.194677 37.716013 49.697850 30.949427 23.252755 14.263270 12.227272 10.119645 6.790203 7.740787 6.465508 8.636350 4.872616 11.025946 11.414795 5.494145 6.858380 10.169527 5.926748 7.395428 9.439081 6.843386 8.142390 5.864810 6.879500 12.221759 10.654244 4.212136 5.504416 7.676790 2.369107 11.087291 7.200117 19.704691 25.414244 19.556756 7.468964 2.513085 3.998219 4.536467 5.339442
8.759282 1.745264 280.3688 280.3688 0.000000 11.293110 5.279954 3.868045 10.641509 13.321162 6.365743 11.870977 18.130315 9.465975 3.644049 7.936076 11.130947 6.924668 6.477278 9.508148 7.008078 6.842086 6.310027 8.809411 12.454204 9.395274 10.792367 7.389202 21.823909 29.243338 7.071978 18.783378 14.351993 10.691442 19.677101 19.014238 53.865268 36.042021 13.582240 8.517112 6.868162 5.219079 10.196881 7.412912 2.926375 1.816206 6.317461 12.867704 7.087507 5.891789 8.934055 12.568530 10.951836 10.591309 13.195493 17.571885 17.439443 29.448373 34.101295 182.082057 343.773225 178.843166 61.744061 50.381845 52.500304 50.406778 24.521381 31.105045 25.425057 5.828741 9.449172 12.658713 12.187462 12.105702 9.301111 6.039923 6.868475 10.766286 10.339371 8.430485 11.579624 6.273063 6.078384 3.979291 8.412006 13.938081 10.091914 2.606845 2.840296 9.644455 13.352977 6.619467 4.063325 7.481386 5.636074 6.679481 15.480991 12.618383 10.476856 13.281285 7.061044 3.586085 4.383670 5.167204
8.811499 1.748498 277.9426 277.9426 0.000000 11.562549 10.850069 11.597885 16.258745 11.436669 4.480923 13.628952 12.400621 4.806814 4.635979 11.616519 13.256347 6.849295 5.679244 8.967444 7.958856 3.438243 7.798755 18.431359 23.474898 11.607006 7.557815 17.893794 28.005865 14.742458 12.769029 18.211888 12.514717 11.285480 28.827500 44.904223 29.858272 7.914501 5.971413 7.059911 10.350209 7.441994 11.151076 10.939598 5.800129 4.006152 14.545480 19.347881 13.438180 7.584779 8.098629 18.955835 17.333883 6.558980 19.496471 23.860553 13.934608 26.269306 141.323620 288.334360 201.599467 65.464609 29.481592 36.095683 38.650727 28.086224 47.081848 42.691566 13.146337 6.757111 18.450541 22.749235 16.013789 3.652463 14.057694 9.330623 3.441575 8.855189 17.489101 19.670031 12.514548 5.949609 9.511070 13.096087 10.753582 9.672091 6.147899 3.588667 2.957423 8.697715 9.343290 4.500872 5.391573 6.216345 10.236533 14.506203 5.836013 4.029574 6.823743 4.248896 3.924225 8.202447 9.123600 5.076220
8.861336 1.749815 286.0958 286.0958 0.000000 8.890742 3.582000 16.540263 15.146496 8.347289 9.577730 17.796545 14.743540 6.306630 11.148026 14.548936 8.699095 7.394062 9.656385 10.848757 6.502940 5.079030 7.399974 9.536196 14.995767 22.327300 14.528429 11.470009 24.193340 23.270722 13.285195 10.235562 11.185441 11.006134 10.899247 34.142218 50.566751 30.436914 6.890355 1.968861 5.044739 9.081657 9.271709 12.306643 15.190959 12.375387 9.916808 13.313795 14.673234 8.464081 6.315513 5.051973 11.244662 19.237227 15.857869 14.081799 6.318946 20.298441 16.638492 45.556772 215.367813 315.516780 138.366788 30.540461 52.951471 28.011772 24.462410 40.642736 53.921258 43.001669 9.722207 15.441888 14.991317 6.968188 17.565441 17.398377 15.857148 10.218919 2.340993 6.637486 10.074572 15.675590 16.442139 7.272632 9.367311 16.146292 10.569871 5.591710 9.263560 8.474650 4.757432 3.579947 6.099364 6.985360 4.665472 4.745094 7.625464 10.917027 8.045203 8.149996 7.891551 6.754608 7.415703 10.876730
8.911840 1.750830 284.6816 284.6816 0.000000 9.896581 8.925426 10.595621 10.640309 5.573611 7.834998 18.831213 16.671241 8.389444 9.465769 15.029053 9.872618 6.498574 5.512664 12.848399 10.508017 6.118028 5.424190 8.933827 10.783504 12.324985 10.652306 14.411885 19.312521 11.251114 9.877355 15.142065 16.838989 16.940277 10.298862 31.869537 44.818345 20.819503 5.165981 6.159707 10.267063 5.623253 10.998008 12.788715 4.888317 9.819458 11.680698 3.600061 9.500861 7.677443 7.264704 6.250618 9.678779 20.675209 7.677617 7.342444 18.943183 31.652946 29.169315 45.269154 165.083786 331.109578 196.857694 58.428371 49.644263 57.602349 50.231673 29.070602 22.375898 29.362399 25.628945 9.180004 7.178394 15.198754 19.056517 11.565266 8.169192 10.497346 7.435876 5.214372 5.515555 9.325445 10.249242 7.646878 12.731161 10.501323 5.945623 5.230660 4.165240 6.199410 7.606174 7.892688 2.128684 6.873976 6.814044 4.295726 10.482157 9.241516 9.259613 7.960928 2.644773 8.375670 10.231247 7.738128
8.961394 1.749689 285.9352 285.9352 0.000000 5.671940 3.194061 4.087387 11.461763 17.818684 18.155193 8.599802 7.878052 9.490977 13.010408 9.810676 4.603402 8.143313 13.323480 12.559678 6.566377 7.485033 12.922169 13.129919 9.596507 9.593855 13.227823 11.694460 6.800161 6.090599 14.097336 21.774346 18.064741 9.373726 13.780180 32.890566 41.299024 21.324832 6.722900 7.986310 12.707424 11.937477 12.775212 11.741943 5.635786 5.380606 6.600032 9.997678 10.009887 5.618085 5.017771 8.347708 17.798296 15.891891 11.322715 7.286109 16.487896 33.596726 18.002434 11.639057 98.989715 314.642749 258.960502 37.232078 9.286575 50.112002 74.008233 34.156126 10.352934 14.710124 30.144372 19.347172 3.421397 13.846643 16.857448 18.570215 8.457993 3.003917 6.157647 9.736710 9.900036 6.269152 5.281388 7.700564 12.282533 14.568273 7.277453 4.960223 5.077401 6.895895 7.789513 7.233410 13.862717 14.878690 8.979796 3.697455 7.281961 10.736646 9.817101 4.757312 2.898003 5.977747 8.257321 7.121176
9.014614 1.751119 285.0905 285.0905 0.000000 2.430332 0.856389 5.971590 4.565565 21.066463 16.349973 4.169078 3.054390 5.486925 14.162434 10.079184 7.053177 10.677655 8.621484 6.568869 7.530179 7.049406 9.562968 8.027252 11.317375 15.557179 10.341425 10.446815 10.995862 9.393965 14.514574 15.480515 12.253524 11.580553 19.806525 33.903401 23.810223 16.338814 14.991989 15.717956 19.439767 14.108763 16.154062 16.488570 11.278932 6.542229 4.629414 7.476468 12.301225 11.565368 9.631000 12.178826 17.087047 17.461048 16.303689 24.377627 33.309657 23.614017 10.772406 11.875070 128.554109 339.171646 226.090783 24.959337 15.481444 30.740666 66.988449 48.218765 10.015596 12.787495 16.511485 24.568947 22.536780 15.984985 15.094993 16.661566 7.508937 4.261009 5.659104 9.042243 6.504231 4.198011 6.051886 7.942874 13.610793 14.503418 10.678912 12.039948 12.561291 11.194014 9.187304 13.120462 20.930010 16.223017 7.574361 7.601345 5.142005 5.803845 5.668332 3.738855 4.170607 4.368456 11.686060 11.116916
9.063561 1.753092 278.0949 278.0949 0.000000 2.645855 2.479472 8.528070 19.060255 19.817362 6.853588 4.781138 5.880990 12.837725 13.128256 10.294300 14.197952 11.273821 5.074478 2.046340 4.638137 10.084209 11.560917 6.211699 11.887671 18.058364 20.040320 13.849287 9.044568 21.031599 14.163627 9.883000 11.919553 19.861668 40.769084 29.440280 11.401521 9.351788 9.741316 15.766756 16.983668 12.699177 11.787476 9.354133 5.319130 4.104201 4.238225 13.381914 12.200234 7.957427 11.125797 2.854020 19.754074 20.919422 18.673164 27.899473 15.096216 15.096599 52.930948 202.080579 295.668689 140.138847 32.684594 26.969688 50.932007 59.510704 18.907014 15.294915 13.492530 18.276232 22.180745 12.123977 23.031629 16.809292 1.215370 3.942027 4.528797 12.152103 9.679115 4.576782 5.001132 9.834746 11.328926 9.958582 12.059017 13.245322 6.211977 6.466970 4.997431 11.611781 19.318289 10.358244 5.991645 8.204763 11.065916 8.607636 2.026140 3.633286 8.354974 12.425722 11.069229 6.429351 7.098103 9.049113
9.114664 1.758748 281.0068 281.0068 0.000000 2.144641 3.572835 11.147920 19.515994 16.272246 12.582942 10.457510 8.012095 9.276585 15.162458 10.721746 11.745562 12.491904 8.994849 8.923869 13.875129 17.417998 13.256510 7.930964 9.949381 6.308812 16.565373 21.442086 17.682525 17.424718 16.452121 8.835402 8.362044 20.188529 47.819982 34.967865 8.606170 6.412427 12.525622 9.642179 7.139272 1.636099 2.996637 5.301522 5.638192 2.185587 3.084315 7.868913 9.731686 9.701761 11.054204 7.690720 9.456548 18.629668 20.389007 16.407901 14.527077 8.429534 22.058903 116.719086 317.671359 238.872494 46.379212 21.326582 29.082699 34.807014 65.616975 51.893277 37.104929 14.055980 10.930270 11.262120 10.438187 20.443058 14.905492 4.201549 6.039487 11.252513 13.250227 9.191825 4.987497 4.669024 3.480871 4.586409 5.572454 4.915219 5.270762 5.622296 6.351295 8.689844 10.628958 9.768946 10.246691 6.396125 4.607619 7.195812 12.195802 10.584270 10.162403 9.025376 7.681265 3.700175 5.227671 7.186284
9.169320 1.769105 277.9448 277.9448 0.000000 4.399349 5.199686 13.654095 8.579252 3.482755 12.403616 10.767102 11.003239 14.750793 11.868224 7.177405 5.250236 8.249978 14.526862 16.895862 13.167453 14.576124 6.097038 6.806953 11.240420 12.183037 11.556426 19.797550 11.167001 5.614590 4.227232 8.356545 13.636151 36.585463 34.856443 12.276397 6.359380 11.615950 11.993245 9.812724 8.868683 5.299120 6.425942 11.462001 11.094423 8.310711 5.683115 9.997115 5.457340 15.331868 11.779456 5.552225 5.567641 26.525620 25.582989 10.984631 11.788119 12.985445 69.590149 242.676473 291.339500 116.984995 18.832211 13.220578 15.603022 52.394449 76.711551 37.451716 19.153069 14.452478 11.731058 10.044602 24.900033 14.043179 6.159299 8.526483 12.307361 11.327007 4.751166 6.882746 4.458401 8.002588 9.545123 7.267953 3.738608 3.939478 5.149997 6.821559 7.805760 4.178494 7.023008 10.726545 15.261269 8.251612 5.636769 9.619316 4.969381 9.475745 5.803541 5.601723 7.237445 7.824925 6.048401 3.638599
9.220386 1.753070 280.1819 280.1819 0.000000 9.274213 12.031138 16.268910 6.426572 6.755979 10.971097 8.374338 10.164453 13.349813 7.307019 5.643181 6.528857 4.549528 9.218394 13.052090 8.567557 9.729506 10.352703 3.805625 6.452497 11.370703 6.354170 11.395662 13.175717 6.744212 10.377529 13.544412 9.054739 33.202699 36.257856 8.357044 8.727645 4.391299 11.532474 12.349476 11.978527 9.424512 8.335267 9.490887 9.593045 9.025478 10.337939 11.532729 13.057780 12.410468 7.266044 5.323219 9.640411 19.048014 28.520774 23.629007 9.389027 13.350524 19.369891 109.518578 314.609182 275.443197 54.514512 44.638301 28.776941 46.188040 63.445650 48.928635 19.802084 12.012485 9.282047 12.944379 20.633477 18.754554 10.187904 6.137643 5.342692 8.906070 12.385577 11.415539 7.700651 6.940264 6.749582 7.633683 7.631348 6.814457 3.340211 9.447087 8.606396 10.112715 6.196677 8.801909 20.182346 15.855004 5.420882 5.170496 6.242776 6.926652 7.327364 5.854931 4.009286 5.574810 6.104679 3.647674
9.271599 1.741952 290.3722 290.3722 0.000000 17.526561 26.175249 18.841768 3.630097 9.903083 8.392820 5.278490 5.934969 10.692784 6.434506 5.368317 5.922694 3.767869 4.437578 7.132990 6.306140 4.745496 9.034504 7.649863 6.171853 8.095146 6.434065 9.172671 12.631883 17.231755 16.159436 28.063665 29.096752 32.697287 45.921287 30.426063 9.574026 8.916867 13.932732 10.607057 9.644553 11.496692 10.814649 8.742729 6.680916 4.736263 5.380556 6.508338 3.300726 7.531432 9.659252 8.422093 12.781498 14.177783 6.529034 18.408702 7.678080 14.094974 6.481119 52.369725 20.471024 243.754766 302.752667 156.885333 91.463826 55.321160 18.133119 26.951126 20.551517 26.303265 11.911068 21.336066 11.024067 8.494119 12.024082 8.649043 4.286321 6.836072 5.339938 5.386738 10.262007 8.179110 3.159888 4.859315 5.626570 6.605372 7.987143 10.416923 13.235126 13.830196 12.677213 14.416365 11.491351 11.370759 17.280733 15.572094 9.439199 8.518067 8.233472 4.939657 4.733725 2.942641 1.291721 3.032565
9.321041 1.729718 283.0638 283.0638 0.000000 20.925259 24.346944 8.353560 12.503845 17.126788 15.241065 10.747430 9.096206 11.018283 10.869458 5.739959 2.367439 3.447299 3.505841 3.812311 3.567804 4.535519 9.117065 15.161835 15.118784 15.076364 17.594359 21.549370 24.582515 19.463025 18.668537 32.298825 53.173926 66.603223 41.421857 17.561668 12.924879 13.005378 16.136502 8.786826 9.608543 16.859476 16.174300 16.615420 9.484236 5.067693 8.549419 5.339310 3.512967 10.815942 17.103189 16.360783 12.897179 12.670658 10.990433 15.932020 15.589865 22.062223 45.261846 87.497894 197.272421 251.228724 142.069925 87.218141 53.965093 25.188676 31.917307 27.641794 29.431732 33.894459 28.548543 20.585393 10.272756 2.486085 4.917315 9.715258 7.803080 2.857181 5.707653 13.984295 14.511056 4.587352 4.033786 9.660678 12.974825 9.851992 3.410719 16.579369 18.034019 16.904780 15.346535 7.182307 5.040501 10.011804 19.712217 16.572407 7.488835 8.619970 9.168662 6.685768 3.324382 2.334241 5.499667 8.752046
9.371888 1.733430 288.6334 288.6334 0.000000 17.250022 16.559040 9.107831 12.923312 17.479603 9.506512 10.044985 9.246804 3.700580 9.523123 11.337869 12.341692 13.889952 13.321367 12.945757 13.345294 12.499778 12.611938 16.217946 10.968954 10.495558 20.010390 14.923250 12.408324 14.704789 11.102930 14.594298 15.528516 43.742376 51.636352 28.385919 18.503960 13.963913 6.371012 7.901483 11.068593 15.231003 12.119364 7.052425 14.405185 11.728924 7.492916 5.999035 5.625659 7.503251 11.345412 7.967488 16.176704 15.250218 20.213334 18.569756 15.319033 7.763798 22.217782 55.596901 82.462739 138.848950 278.284841 201.739259 103.344657 55.161166 29.250105 54.259467 43.707236 21.178126 30.851141 19.302987 9.307525 15.349562 11.703893 9.356239 11.290583 10.601552 9.505445 8.743869 14.579349 18.407889 10.222377 8.610615 7.543494 8.793063 13.507969 7.433419 11.009942 15.464148 12.243838 8.124688 6.774970 9.472293 8.664344 9.472293 16.072576 15.575473 8.061999 5.006037 4.283091 3.089099 3.457907 6.537800
9.424662 1.764137 288.3990 288.3990 0.000000 11.643343 10.022907 1.335798 8.990603 7.683817 4.297433 5.054684 7.109183 6.128937 3.104136 6.202708 14.279610 14.522270 9.415444 9.985214 13.777196 12.164064 4.952292 8.827020 12.246477 11.667061 8.790213 5.535846 4.225635 4.207824 4.953797 12.084973 18.689070 35.542727 29.084596 13.669816 25.262937 16.921078 8.583158 4.106301 7.958058 12.048769 12.652069 9.646549 5.244603 5.025743 6.255452 6.423752 10.568541 13.401648 13.994536 13.573477 17.120925 21.215582 25.336045 26.919819 24.389398 24.995545 39.403967 66.953334 107.315080 193.336633 262.910626 185.735262 113.732519 100.308983 52.331836 54.541284 47.411128 33.214483 20.035813 9.749005 9.479035 14.668033 15.688676 11.897295 6.026949 2.987800 5.548374 11.938155 19.211740 21.346756 18.383474 16.854751 16.431679 15.981139 14.501300 12.618428 16.078726 20.880247 20.415129 15.398819 11.194975 12.363365 13.612760 12.367028 11.820443 10.646734 5.973556 2.628285 1.672768 1.899228 3.949780 7.594041
9.471933 1.767987 285.7924 285.7924 0.000000 5.794304 7.600619 3.308143 4.244246 3.747750 3.452487 2.817716 5.050390 3.745512 4.941419 4.468589 7.737362 6.286730 7.011851 5.602776 6.551602 7.662139 4.530540 8.405797 5.794003 7.382995 7.715824 4.842201 5.123655 6.928071 3.845825 6.284947 26.495523 40.453304 20.742160 8.871385 8.653442 4.483734 4.715118 0.972941 4.388182 3.811864 4.382245 3.278811 4.157802 4.540148 6.354417 7.064197 7.889595 7.738254 7.027377 6.150160 6.228713 11.101846 10.221345 16.186536 15.599460 28.374968 20.108583 64.270330 106.228310 315.155028 280.920446 144.864932 40.022057 33.137885 18.294080 24.486776 7.773565 15.194093 6.926542 6.512510 8.157224 3.991819 5.629350 3.299727 4.236538 5.445344 7.712039 9.704391 10.296566 9.815726 8.835743 6.855174 6.050690 6.139123 8.414568 9.414309 11.531610 11.825889 3.222492 8.434284 10.062584 1.298352 5.301690 4.367859 6.127518 2.696846 4.758825 3.442195 2.568898 6.293896 4.168795 5.483785
9.521538 1.768779 286.8135 286.8135 0.000000 7.206990 10.126438 6.851216 2.054074 7.994438 9.270617 10.954212 11.910950 8.385929 3.946380 3.670766 9.359041 15.768113 17.308734 17.566220 14.373960 7.046964 5.303785 11.599748 18.192009 19.940254 17.279815 12.542321 4.894217 5.673327 13.380906 26.480359 41.247072 27.476736 14.115956 3.195149 1.312000 4.285336 4.841492 6.672376 5.363258 3.142478 1.951523 1.535735 2.503463 4.820158 5.855061 6.433037 6.547202 3.974759 1.499539 3.932933 8.271585 13.407881 14.301656 13.610023 12.050875 9.298686 24.328537 55.212681 159.189615 307.130961 209.475549 107.452615 47.921353 30.735234 47.935043 47.777699 40.418805 31.303856 14.784739 4.121426 5.394601 11.205814 13.898523 11.352436 9.683655 5.989477 2.040727 2.768467 4.757672 6.880228 6.666040 4.517030 2.961447 1.426140 1.413043 1.784569 2.232201 6.144976 4.577440 6.255882 6.186627 5.872595 9.345059 10.538892 10.345104 8.651888 5.344836 3.051857 1.934410 4.963240 6.672384 8.698848
9.578702 1.766637 283.6501 283.6501 0.000000 11.248507 13.581841 11.790470 11.220106 12.029896 7.626790 10.862365 17.309617 11.133867 5.694879 8.675450 14.449921 15.225863 10.381168 14.160558 14.782101 9.198173 4.605049 9.886906 20.664720 15.374624 9.258762 14.294023 9.148010 5.455740 12.539419 41.710571 43.309182 13.774939 9.016692 3.976384 4.096935 4.990049 4.001337 7.247388 6.689298 4.234278 4.174963 4.135521 4.172713 4.695948 3.118983 5.517566 9.140229 7.603754 6.546225 5.761564 17.628044 19.820881 6.537607 13.909948 21.319443 30.208745 38.223099 72.805628 238.237539 283.936489 110.079165 37.401041 56.880849 57.562034 37.453490 28.216700 32.538075 19.848624 5.991908 3.906014 12.117707 17.503447 8.116847 8.274553 12.775772 8.190201 5.180489 2.407946 8.257378 6.946485 2.588551 1.961219 2.888571 4.590210 6.020770 7.699715 11.330484 13.089112 11.096522 8.120351 8.384493 11.958097 7.039467 8.313620 9.498616 3.902669 4.870875 4.603243 3.665791 2.371649 7.546658 5.140176
9.629743 1.762623 280.0633 280.0633 0.000000 6.545997 7.499989 5.595940 9.403737 7.888439 12.159563 9.550832 11.657696 13.899687 7.098983 9.708094 13.312551 4.899649 8.100651 13.452000 2.409661 12.440534 13.885612 8.280091 10.772293 17.973500 11.096254 4.669979 14.613627 10.050993 16.003612 38.980663 33.142499 14.146359 3.685137 1.348169 5.935075 7.280338 4.766447 5.790382 6.776338 5.732226 3.066182 4.091747 3.305412 4.095456 3.083086 4.233997 9.062258 8.597729 7.274902 13.088717 12.939226 9.573110 15.704890 13.035587 22.917432 31.061859 22.981941 127.954414 344.445903 215.368973 49.362088 71.519909 59.811607 15.229365 23.755403 21.579009 13.650816 14.111380 10.194737 8.605449 13.394714 8.312107 6.443601 11.564239 9.923161 3.364964 7.195075 7.451362 1.698558 3.089695 1.943274 2.855057 5.471661 5.939580 6.484356 9.906705 9.155147 7.538964 5.177670 3.135973 9.275638 13.312658 9.008967 4.949258 6.217695 7.930476 5.845479 1.572081 4.159871 5.580914 4.126774 4.587723
9.681313 1.758252 290.3681 290.3681 0.000000 6.363782 9.142741 8.036278 8.208650 10.148409 9.665158 8.552981 8.625626 8.706282 8.437683 6.743162 8.321984 10.710266 11.743762 11.269275 11.791769 12.451204 10.907686 10.075546 11.656691 11.218729 16.228301 15.683666 10.884471 17.316583 15.018427 23.575506 37.866512 18.403637 3.953526 5.729924 5.534936 8.049086 6.322895 3.717582 4.095979 2.899650 2.944469 3.101950 5.217689 6.275130 4.704916 5.875115 4.417021 3.881225 4.713999 3.939019 6.206764 8.794269 9.700226 11.438283 14.825568 14.104490 19.808888 28.736890 28.225727 95.447014 329.733618 281.165059 47.478228 87.361322 52.148030 24.846124 25.124679 20.690341 17.614154 16.379773 16.025602 10.870290 10.232632 9.606378 3.807959 3.591821 6.645973 4.232060 6.179322 6.402666 5.632736 6.404541 3.893470 3.298561 4.521604 4.559511 3.394032 2.523063 5.284551 4.278441 5.407028 8.107650 8.298973 10.793573 12.644608 6.500029 2.753874 4.338458 4.305085 7.779048 4.777544 4.143715
9.731563 1.776896 288.3575 288.3575 0.000000 8.683263 12.959292 6.053036 7.991111 12.864795 8.060293 9.111501 8.772745 3.417130 4.994440 3.058215 2.224852 5.079927 8.564733 5.985263 6.666530 6.321085 3.651812 7.227101 13.773419 17.019907 23.941042 24.215694 23.479140 28.371253 29.560612 44.209693 41.795708 16.713959 2.683207 1.211711 4.407036 8.927457 6.559948 7.560473 9.748585 9.934115 9.296921 9.629599 12.930300 10.783364 9.059692 12.411359 10.282018 9.658138 9.483780 9.480327 8.158177 3.024695 7.012041 6.557657 4.565663 6.056545 9.122606 14.789909 39.684805 161.320464 306.421332 195.152708 71.500491 66.134232 29.842089 17.662130 9.965613 4.814485 6.695205 7.710346 5.855668 3.647750 4.771642 7.255877 6.863325 8.554244 8.195551 11.386591 11.718850 9.952106 12.888539 10.668064 8.946466 11.485860 12.127347 9.694462 5.995123 6.183538 4.464383 3.956902 7.048932 3.193909 4.299657 7.203995 5.465071 7.611013 9.838381 12.654436 14.811653 14.407376 10.890962 8.198042
9.781273 1.767906 299.5034 299.5034 0.000000 8.323483 10.225474 6.626483 4.547933 9.122235 8.189709 9.710365 4.763816 4.949108 2.800341 2.016734 0.951686 2.231346 5.203424 6.890673 3.593435 2.770059 0.524811 4.027190 9.172790 13.074492 15.649667 19.556573 20.032416 18.884020 20.476366 31.739702 48.833540 24.231892 4.264134 2.462286 2.068586 5.076826 7.142297 6.059807 6.476979 8.094444 8.336151 8.475349 7.371222 9.276870 9.024064 7.975102 8.958862 9.013075 7.383443 9.112822 8.585838 5.974724 3.713375 2.993789 3.271468 2.628665 1.817125 2.942325 6.967978 26.225281 87.240074 281.448023 311.496971 130.766762 61.367188 31.805264 15.777789 9.939201 4.314848 3.947436 2.992070 1.820568 1.023871 1.284725 4.540984 6.119313 6.713876 7.159356 8.649700 9.043470 9.566771 10.757018 8.524310 7.045017 8.795548 8.916039 8.793870 6.483842 6.208216 3.426832 5.830384 7.674975 5.543597 4.646227 5.651760 6.593690 4.416124 5.358720 8.487437 10.235663 11.091513 10.778026
9.833726 1.744470 293.6950 293.6950 0.000000 16.382220 12.160525 8.966914 12.051590 11.327763 6.400111 7.703755 7.986545 8.339774 5.828431 3.296802 2.067550 2.655390 3.187810 6.782001 8.621078 9.951055 9.070496 5.829654 3.395593 5.081123 8.629042 11.402238 14.029611 19.671802 30.105169 39.442255 20.992803 7.331669 5.834268 3.966707 5.182591 3.084687 0.659962 0.804312 3.787460 4.758954 9.600904 10.773704 8.251043 9.371941 9.318211 10.878478 11.856260 9.717101 6.012520 1.142178 4.635480 5.589378 7.349847 7.291200 5.103760 4.063897 9.534555 27.528308 49.835107 122.638478 287.693226 280.197200 136.976267 43.023778 18.372328 9.043287 11.070046 15.428768 16.585696 12.913268 7.441574 2.985689 2.615427 2.522041 4.714150 7.462579 8.753694 8.604368 6.839958 8.820370 8.897199 9.036410 10.887602 9.206326 9.693684 7.977580 5.572187 3.949229 10.182277 8.761147 1.586590 4.175984 9.900391 13.184306 4.685660 3.691573 4.466230 5.446659 6.080684 5.297211 5.511024 3.889222
9.881033 1.757894 293.7283 293.7283 0.000000 19.710800 7.893514 14.184677 25.053600 24.373514 10.826855 7.763372 14.956768 17.168738 13.828766 9.413532 7.432782 6.061643 5.180218 8.071315 9.953429 16.040214 19.956605 18.243142 13.098847 12.095942 18.715946 16.261846 10.812742 26.015330 52.609518 60.781797 29.723347 3.722883 8.563479 11.330155 9.565384 7.558473 5.529872 5.668511 6.565983 5.471971 5.872219 16.717978 23.481173 17.967219 8.882367 13.332144 23.536198 24.896431 16.170044 5.508793 3.857887 8.265935 10.841917 10.589216 8.379674 3.274363 3.077048 13.320559 38.670527 101.699507 227.306140 258.666905 120.227042 83.487816 42.571844 37.563021 20.968854 21.075021 29.878819 29.360612 23.136133 14.034686 7.406004 4.287436 4.845950 7.125745 9.119042 11.842826 14.573830 11.403726 7.300212 13.611612 23.262679 22.609130 12.610034 8.496942 14.736953 14.624278 10.316106 10.233806 10.815015 7.778523 4.534802 6.799617 12.951297 14.300090 11.401493 8.635896 5.504092 5.975365 10.884576 12.536842
9.935233 1.757061 290.4143 290.4143 0.000000 18.007347 11.466610 10.912462 16.945660 22.311117 15.162264 7.078704 9.666971 10.524745 7.417259 6.241591 7.410483 6.114499 6.305110 6.062869 7.901442 10.387511 12.268291 16.715421 18.608483 19.004725 14.496381 6.258467 10.301516 34.738406 57.551897 30.373148 4.807990 8.378618 10.322432 4.347130 4.853662 7.839527 9.495424 7.917209 2.524155 4.620439 15.373120 19.989733 13.447820 9.068379 13.041996 16.842007 17.659195 13.219671 4.966451 6.896473 8.707315 5.450710 6.683124 2.689051 1.004647 4.399904 12.097881 42.649531 97.727645 254.289684 288.037872 156.671519 56.976389 30.856879 32.530748 22.026015 18.620122 13.872467 14.050588 8.720515 6.143549 7.638982 5.369297 6.559936 4.686384 5.388726 8.151937 9.161483 9.058202 14.466828 21.794028 17.632571 7.607153 7.854008 14.173731 11.188242 4.196145 5.171854 5.331469 1.695494 6.106029 9.088985 7.508485 7.015410 9.860311 3.096573 2.573544 6.846442 10.759357 10.108859 6.218385 6.025259
9.981526 1.766467 284.8480 284.8480 0.000000 12.511305 7.363670 3.407702 5.528105 8.897168 8.442003 5.860163 3.183667 1.415680 0.908831 1.674657 4.984198 7.748494 7.940338 7.546570 6.318461 3.373388 3.832708 6.298637 5.879026 5.957899 5.930884 3.506125 8.757609 25.740756 33.917536 13.280828 4.405414 5.029502 3.005055 2.714333 1.935043 4.323508 5.782537 3.993103 3.960885 7.836815 7.917468 4.740159 2.100869 5.138607 3.700619 3.360824 6.622751 7.689088 7.775491 7.983815 6.884678 6.119881 3.947175 2.541558 1.075573 3.615659 11.661687 18.143044 158.185637 366.521109 218.347092 25.186272 14.590218 9.136327 3.772987 3.776468 3.119066 5.151874 6.896497 7.112682 8.095053 7.874428 5.999787 3.027928 1.146556 2.726473 4.200543 0.861804 6.219738 8.517973 5.728917 2.354622 4.801190 6.436529 7.851240 6.115694 3.668362 3.556031 4.241971 3.382753 3.626245 7.295794 7.952456 3.157270 2.228323 2.787885 1.816231 6.574016 6.892606 4.560603 3.887048 4.837227
10.039698 1.776613 290.6664 290.6664 0.000000 5.636547 2.581979 4.520458 2.496909 5.646754 6.070294 5.987881 2.235362 3.961855 4.376514 3.057544 3.034988 3.136230 2.564130 2.143981 2.800331 2.877377 2.099584 3.111486 4.625568 3.914124 5.835414 7.173706 14.047365 30.896049 28.583284 14.075438 6.530477 6.841509 2.260295 3.269081 4.999943 5.483949 2.317579 3.764343 2.129084 4.253237 4.030823 6.142870 5.659763 5.228515 4.420369 4.068184 4.248268 4.755465 4.165005 5.112988 4.934349 5.854839 4.881954 7.891852 10.830135 12.137257 13.315674 18.171102 29.799862 155.702597 360.882188 241.618592 65.305489 28.198349 23.002887 16.054959 15.099106 13.673145 11.742838 7.960933 9.616065 7.854496 8.934221 6.611234 8.881856 8.433606 9.146402 9.188230 8.030475 7.830118 7.656949 7.925218 7.352537 7.792395 7.202788 4.845682 10.681374 11.186280 6.019099 8.163024 7.714808 11.311125 8.027252 5.330049 10.747365 4.513371 4.493619 2.309470 4.007606 4.759093 2.073905 3.865622
10.091591 1.774893 282.8435 282.8435 0.000000 4.885863 5.341791 3.541626 5.153475 9.685240 10.900957 11.297767 10.678303 9.454522 7.089655 2.734671 1.740038 2.113996 0.841621 2.548372 4.348541 5.265399 3.611856 3.781013 5.926056 10.101391 15.916659 21.833194 38.889114 40.454450 23.761736 18.788758 12.604343 5.638119 1.843177 7.164425 11.080499 8.208034 7.847928 5.805667 3.894685 6.893754 9.959747 12.860627 12.157316 11.428301 10.806167 6.681382 5.200644 4.532207 8.649333 8.749220 7.332263 10.527634 9.453711 20.273431 23.581501 25.248423 34.497742 105.856391 278.559664 231.051662 98.806781 69.182945 33.945524 29.751762 24.605656 23.451831 23.744057 11.405143 13.968802 13.897144 13.126962 14.377279 10.138643 10.665450 12.738691 17.579152 17.599365 15.650389 16.484881 10.823628 11.181659 13.005793 13.721003 16.659297 10.653408 10.068105 9.619132 13.178564 19.187402 16.739873 13.782910 13.776561 13.892957 11.291570 4.641721 4.092836 4.936201 5.545983 5.556551 4.778588 6.597375 5.176414
10.141026 1.768525 296.3747 296.3747 0.000000 3.197730 1.786761 4.971699 7.058456 9.271404 3.186311 9.139562 13.240555 7.477928 4.149376 6.669295 3.267262 1.762101 3.884367 3.908890 3.447257 1.999213 6.636376 7.277680 7.166690 7.812026 12.398355 17.920579 16.477729 30.973856 41.548933 22.197799 17.382290 17.278571 8.378066 6.180411 9.534068 11.595113 6.603361 4.699656 8.882470 6.842200 5.079810 3.517609 6.269222 10.489502 6.343366 7.296014 12.041338 9.157089 6.966472 6.186180 9.378053 10.995847 9.347734 11.251128 8.538659 14.325095 19.661753 9.442750 26.477605 32.230740 171.960819 324.519985 192.971931 81.221814 74.855654 37.572986 36.431151 18.297044 19.634703 23.378863 10.802696 13.190309 11.844021 7.719021 17.316298 11.303819 11.316505 9.727379 13.367354 21.432775 9.692840 12.779025 18.176470 9.614124 12.730845 9.135973 10.931215 16.619616 11.686423 12.171332 12.768396 15.343970 17.405923 7.656005 11.707869 11.193916 6.417452 11.280085 13.334487 6.945376 2.475990 1.445314
10.193011 1.760101 298.8107 298.8107 0.000000 4.319658 4.635018 1.034855 8.673946 5.191988 5.355244 7.224890 4.147922 9.058005 4.515298 3.549248 4.985061 3.981969 5.166982 3.939919 3.570739 4.329203 5.415811 5.919757 9.737684 7.655848 9.831786 15.633271 5.925048 33.438943 35.384052 17.457766 14.173463 9.209619 11.392296 8.586191 7.049731 8.642251 5.955468 7.415609 5.071261 7.269712 5.856323 3.805328 3.560916 3.991141 4.578322 5.248018 4.975677 9.730053 9.255517 5.391490 8.715433 6.218800 12.816921 10.954061 7.750635 9.547232 7.182939 12.417115 12.463230 35.182748 82.584820 239.794657 309.951860 156.204401 81.568757 57.644291 25.111934 33.333608 15.999564 18.136867 13.916786 11.302488 10.841359 6.520203 14.735473 10.984565 12.071362 10.840184 10.897451 13.373878 9.939925 13.728687 10.791134 10.132359 10.846311 8.916093 14.119987 11.256779 7.850263 11.114628 11.564845 16.615072 12.153930 10.253169 11.989272 6.062274 3.792925 6.310701 11.811159 10.118874 4.385165 2.883681
10.241527 1.757809 298.3686 298.3686 0.000000 4.613782 2.145363 5.876653 12.647115 11.041533 7.145868 5.122575 5.705114 10.821401 9.171039 5.028227 0.886999 1.163402 4.954178 3.241788 2.570329 1.061288 2.876978 2.793459 6.966637 8.311425 10.024484 10.309573 23.036020 40.374960 25.789329 7.549028 11.582167 10.198610 12.215799 11.834323 8.771372 6.865590 6.234433 7.214615 3.610202 3.484980 5.810283 6.004483 6.750776 5.144300 3.567285 3.342639 4.077826 10.522813 12.894288 9.033160 7.473225 9.447235 13.541294 12.346107 10.069490 10.485882 9.836116 11.711592 22.009095 35.972937 92.096232 248.303904 287.278907 136.425148 75.964176 64.052793 41.048070 33.652369 22.534374 18.088878 16.861510 16.643890 17.782749 18.113407 15.485869 13.198545 15.791190 16.381421 13.847852 10.919768 10.970435 13.054457 10.055827 5.212231 6.121595 9.890866 14.201614 16.783936 14.364024 9.996367 12.677862 19.131266 18.038145 14.489251 10.991882 7.419890 7.429382 11.348920 12.717804 9.220200 6.841138 6.061409
10.291775 1.755451 292.2717 292.2717 0.000000 3.051321 2.806807 6.896301 13.780626 13.949394 5.650286 4.682784 3.664416 11.968912 14.623232 7.689392 3.063195 4.489972 6.736019 6.412033 3.747578 2.655995 3.211567 3.401912 4.246408 6.409545 5.131895 13.084183 39.681220 39.671300 11.857071 6.704223 3.293326 10.452541 12.242482 9.210813 5.920064 3.981585 8.577979 6.848286 2.853226 3.865528 11.889318 16.510436 11.870863 4.147820 3.641119 6.207407 14.318586 15.971371 6.276326 3.259092 5.617577 10.140292 8.189463 6.274513 6.643407 2.459493 6.101537 13.745342 29.014610 65.525388 228.074567 300.242736 161.068974 50.233612 26.222274 24.840278 14.047423 10.068987 6.515954 9.373449 7.510028 12.070279 10.263500 5.296088 5.043150 18.554191 16.154149 0.631283 7.359874 5.202529 15.564065 13.215030 8.883661 7.288690 6.402754 9.241550 11.754825 5.890267 6.387282 13.427069 16.217213 9.115565 4.404265 4.859789 7.403723 14.839303 10.446858 4.651653 6.060087 4.775929 1.720872 3.351910
10.341507 1.744125 292.3899 292.3899 0.000000 7.879509 4.347988 4.567580 6.082838 8.740280 9.531208 7.325185 6.116889 8.590401 13.965129 10.801817 6.070415 4.932285 3.971881 5.352470 6.907251 8.380033 7.543426 6.511066 6.101321 6.904543 5.136907 27.431690 50.988464 25.122786 6.467943 7.135281 10.510504 9.271281 5.486483 4.539078 5.099891 5.340260 4.795931 6.416016 6.900233 10.880806 13.744786 11.157297 7.863576 5.750020 7.626428 10.545330 15.301045 11.105465 6.614711 5.464463 4.652503 6.984028 4.956065 7.055280 6.512440 8.565686 10.240021 8.079063 24.945740 177.004707 317.881819 182.651105 34.058955 9.749425 10.936448 9.980377 8.066620 8.785848 6.200626 5.613431 2.581891 5.928213 7.043254 9.943325 13.845494 9.661982 7.296446 6.716747 8.868161 10.386828 10.985582 8.790472 7.647880 11.646838 8.353782 5.243818 3.938130 3.496733 4.817464 9.882211 11.873684 7.960001 5.407276 5.527516 15.360938 9.840483 3.757830 6.868556 4.957959 4.929331 7.051846 8.341503
10.397673 1.757269 289.9227 289.9227 0.000000 14.627309 10.774550 5.800534 3.204595 2.766905 5.633815 3.098237 1.984697 5.645987 13.568070 14.453033 5.267615 5.652694 7.701836 4.329073 8.050505 9.079919 4.695601 5.119770 10.267548 8.332061 9.980678 40.593909 42.343964 13.617436 5.579535 8.537397 9.274780 5.352874 8.366999 9.341708 8.639801 8.778829 5.354966 5.596138 11.224227 7.655165 4.282089 1.363922 4.570827 2.334473 3.794681 3.402629 7.996621 10.647104 7.271234 6.624529 9.909455 8.451037 10.768105 10.719536 3.723451 7.723626 14.450359 5.055462 34.420431 281.242613 323.717540 83.748218 9.253160 12.942361 10.055484 5.543776 8.859218 10.334028 7.956770 9.284391 7.704376 5.876004 10.611353 8.892810 2.827056 2.425788 3.641549 4.788938 3.769468 2.310478 5.122089 9.840591 10.280567 14.119698 14.193467 9.622197 8.294928 7.454080 5.453518 8.037350 8.025657 4.916778 7.254792 13.947237 13.473897 4.773974 6.295241 8.887307 4.708034 3.938656 8.155342 6.967022
10.449517 1.766826 289.4995 289.4995 0.000000 11.476574 7.909246 5.625674 6.012468 8.906186 7.915615 5.763428 5.250178 5.783127 8.609362 13.050308 11.956363 8.936478 7.633307 8.023377 8.792135 1.894000 4.607092 6.549435 5.560101 6.320960 17.444000 42.604253 34.053448 13.088718 8.318823 8.283811 5.395177 8.181497 12.062256 9.393695 8.120099 9.629577 11.365466 11.408090 6.574200 1.417320 1.134592 2.611275 5.603924 6.065979 3.420010 0.845263 2.084644 5.735566 6.098840 5.563668 7.848455 9.578568 13.393168 13.186369 3.621350 6.588538 12.143905 6.459649 47.139517 281.427044 314.867142 89.602082 13.583701 9.323836 7.223961 4.909229 9.917656 12.053876 9.699677 8.270593 7.687292 8.633040 7.592871 3.767930 1.149245 2.863699 7.357603 8.245194 4.632412 0.875008 2.231298 5.485925 9.137677 14.902010 13.239913 8.332134 8.627389 10.891028 9.261475 4.261279 7.911151 7.544689 9.155270 6.411138 9.493908 6.159968 5.186894 4.954405 4.646455 3.780650 2.737311 4.617351
10.501535 1.760259 295.0323 295.0323 0.000000 13.263924 6.031234 6.585406 6.384524 7.696881 8.662924 10.751083 7.330837 3.740514 4.420992 8.021626 12.630366 7.684764 3.819586 4.816768 6.188894 5.274504 3.982902 4.097730 2.011059 3.968900 14.970356 39.683644 29.059883 4.297582 4.282017 5.164729 8.705027 7.507073 8.170568 8.442919 5.250847 8.867946 12.232634 16.699060 10.677984 5.175301 3.943515 4.160741 3.212807 3.470547 6.691402 5.971114 4.078520 1.901319 3.360380 9.361834 8.355039 7.771073 4.819191 8.612882 9.258985 8.123223 8.077536 6.800209 6.872753 23.478647 260.208744 354.773648 120.598756 8.251062 3.534189 6.142635 7.231950 8.132864 9.302544 6.127525 6.105564 8.100981 10.534126 7.798552 3.278751 2.908894 5.142116 8.578490 7.198850 4.874399 4.607028 4.954040 4.167566 10.500305 14.249484 14.385124 8.457881 6.875931 6.610549 9.027770 7.753770 8.995019 7.383720 2.843507 4.953440 4.383884 7.253893 5.210444 2.687639 2.625384 2.884951 2.122697
10.551573 1.744845 301.0046 301.0046 0.000000 13.330430 15.590019 10.865516 3.666174 4.203756 4.125868 6.839643 8.110039 3.058179 6.467878 4.503802 10.715448 14.789731 8.350466 2.556206 6.345030 2.546513 0.765756 1.432279 2.492331 3.059066 14.281074 39.177199 39.003133 13.737239 7.040048 6.728031 4.635202 4.618491 3.945548 4.937241 5.205155 9.430955 18.716536 15.107003 6.224702 5.129457 7.836251 7.865431 4.180265 3.500335 4.644091 5.063463 8.043843 7.983119 3.728349 3.381559 10.042585 17.168634 13.487711 3.598324 6.918080 4.493319 2.828066 4.590797 6.270061 5.235835 12.675413 203.015371 347.873083 171.501661 19.615105 7.323236 6.020010 4.997391 1.552992 4.106413 9.155222 2.552270 15.929772 15.044858 5.544013 2.726156 3.564019 6.626400 8.987170 4.360234 4.418635 2.687303 4.644648 9.405040 11.163151 11.964400 7.950163 13.028529 17.461667 9.404360 3.518800 5.432462 3.822051 5.440998 4.485495 6.675953 6.305028 7.005858 11.772201 9.547155 3.710364 1.777526
10.603800 1.722037 304.8375 304.8375 0.000000 13.999706 13.794304 2.068711 10.331079 10.255001 9.375026 6.102430 11.870323 11.665220 11.111543 9.055161 5.720364 12.519091 11.989345 9.042342 11.309355 10.810017 9.720042 11.327539 13.675376 14.066091 16.479559 53.053880 52.364737 12.003008 7.830024 11.454831 8.637048 3.996834 4.936937 3.121248 8.556641 14.097867 18.253037 16.443453 4.617360 3.628438 5.154317 2.243290 10.136722 10.560559 12.006183 9.497942 7.835150 3.577149 7.694070 9.095221 6.282766 14.156536 19.918797 11.118149 3.784126 13.502896 14.108578 9.710560 10.392584 12.116500 34.412462 80.543263 276.102012 288.841514 103.913358 43.788074 38.466040 27.466284 15.839201 10.033258 11.435488 21.279989 24.975116 24.168529 10.758194 6.595001 8.996615 8.280138 11.443597 12.789952 9.747104 10.385796 5.331208 4.264675 7.115914 4.697783 7.264179 9.799070 10.627057 14.241151 15.911670 11.747702 8.604363 6.270738 8.011840 10.836072 8.715752 3.116877 9.006752 13.908635 9.267988 7.078270
10.651553 1.689912 299.1588 299.1588 0.000000 3.465263 9.712290 9.515349 14.099010 15.448033 3.129138 12.703037 18.317927 15.130546 1.305745 14.699128 13.306990 9.904724 6.084453 6.085774 8.786096 10.656064 18.640981 20.086441 19.023082 12.233863 35.521119 66.510456 46.877180 15.682317 8.613820 8.801481 22.680408 21.663754 13.130746 3.901257 9.025276 15.270763 6.395855 13.329690 14.769054 8.423902 10.474279 13.657902 14.223034 13.426891 11.489944 7.268177 14.487217 11.910888 7.890957 11.298777 16.984725 14.088406 9.911022 27.741371 23.513128 13.741642 16.374188 17.970709 11.191617 14.981174 38.671279 138.981052 284.931062 189.194748 34.254069 54.473367 50.411356 30.760589 10.104440 8.807867 28.969120 33.987097 16.842505 23.817917 20.382261 9.154796 7.807858 15.435005 11.056002 8.006405 17.130476 14.446171 3.821289 3.577723 5.257261 4.891448 7.511813 8.512105 5.858901 5.953478 14.436295 14.916201 9.479113 15.116525 16.318725 16.441219 12.365661 8.267024 9.443167 16.975934 17.496008 13.478517
10.701031 1.669866 298.7050 298.7050 0.000000 13.196395 7.197049 1.426566 11.220812 9.843446 11.491003 17.463878 7.761044 11.318450 16.514125 20.065812 23.383131 19.773310 14.249131 10.311613 8.479949 7.868835 14.820615 6.755606 9.654442 13.966187 45.048000 62.982120 17.109207 22.252631 17.750642 14.001433 17.704297 39.456525 34.799352 18.608359 12.148426 7.971874 13.674706 10.133114 15.302670 17.973742 18.974532 14.088859 8.715190 6.689610 14.222089 11.963991 14.606319 20.314139 22.922072 17.974629 7.509975 18.941963 24.162790 40.751188 53.566327 43.140380 25.873084 8.266798 18.488048 24.464998 47.180449 156.354023 253.817453 147.763578 32.882213 33.028137 27.839509 32.183908 24.676899 39.075485 53.340867 40.997115 20.033783 19.662871 17.108653 9.901186 15.585442 15.315720 6.835074 11.134541 20.632360 18.025340 11.462879 15.207527 18.472903 15.867941 13.520725 11.415269 8.512923 5.428588 11.869773 26.680888 29.840722 17.469023 14.574078 11.992509 8.023090 14.764360 21.304216 25.293046 19.173044 7.930421
10.756181 1.667416 303.4017 303.4017 0.000000 10.860379 7.252739 7.023424 11.695696 9.976775 14.401605 16.328225 8.887171 8.011497 13.527021 10.486058 14.886114 17.233054 6.265281 17.273330 12.918593 2.524616 9.717221 14.940603 18.345451 27.787210 69.322887 66.929217 25.444161 13.540007 8.236527 13.217582 22.989728 39.621294 35.114621 28.405578 19.467750 16.104410 15.756110 9.363982 8.248509 6.631715 14.058002 14.078505 14.452747 23.606744 20.571402 7.984705 5.048665 10.370105 18.966635 24.670782 24.032737 19.343034 12.718724 29.551741 48.114548 53.084461 45.142865 24.290773 11.839341 18.223623 36.053441 109.899167 231.426037 190.668765 68.416153 31.114816 28.579202 21.940012 25.686541 43.524582 49.377643 27.482411 10.563007 11.863775 15.655017 15.263129 19.269877 16.881190 10.678035 12.315665 17.608349 14.700499 15.414432 25.856590 28.394775 17.317419 7.058413 6.044091 4.385150 4.575483 14.669945 27.768626 31.388994 25.034538 21.542678 20.898197 13.098500 11.309030 15.565995 13.574179 9.640945 6.610142
10.804055 1.667756 291.6871 291.6871 0.000000 6.267448 9.291700 13.430156 12.183356 12.456537 20.499748 9.030883 5.190117 5.926900 9.767073 14.659328 15.504439 10.628985 8.614287 17.333781 18.057421 10.952631 18.328422 20.286171 23.677462 74.179510 68.834716 10.379194 8.784988 6.256988 9.933598 24.143655 20.926996 5.405758 13.305745 11.831244 10.536443 14.266560 12.116028 8.162880 12.242281 15.041490 9.092639 23.180464 28.046595 10.429067 9.669294 9.826327 13.393924 6.934037 16.754619 16.533434 11.025994 15.514006 14.864776 21.049341 38.584510 31.264034 15.979465 13.765340 17.181401 107.878486 260.361470 206.398938 59.335224 21.769353 19.802516 20.322226 33.248292 33.884296 13.833763 4.633607 9.269154 9.772488 14.397075 11.643761 7.130901 10.960985 11.119800 9.665841 14.606645 24.662575 20.294184 14.056922 15.716065 8.114855 8.666921 8.854984 7.968122 12.179316 11.537814 10.781119 8.180135 13.386360 17.337104 14.693130 12.395475 8.526196 7.877813 9.955502 12.448630 13.089300 10.288416 8.792621
10.851994 1.677022 299.0962 299.0962 0.000000 1.799845 3.545928 5.790152 15.973795 29.125354 27.708620 12.751085 1.996746 8.785768 5.833098 6.682452 12.331342 7.823863 5.336761 10.401451 25.740704 33.628353 23.435661 10.215603 12.440100 41.954698 63.437003 38.699267 15.148621 11.792108 12.988871 16.085388 18.001093 18.522383 15.416575 16.227561 14.562666 10.998323 6.532674 13.230047 17.325891 18.743416 17.720855 13.815530 11.188807 17.821031 23.015651 16.131159 9.041735 10.084197 9.380925 9.682712 1.804788 8.013961 13.635237 22.063841 15.220677 23.783514 49.035220 58.148818 35.304269 12.462847 39.536537 148.238588 275.939583 155.383057 16.286112 15.323322 42.932184 57.105774 40.110497 17.489321 14.430022 13.466502 5.505789 4.148240 9.181475 10.999325 7.782122 9.664134 13.202521 18.300525 19.814733 10.502647 9.997188 16.746050 21.409525 18.879433 15.745055 6.803152 2.533269 4.763688 4.515372 5.929736 13.126153 11.988347 5.524769 2.414388 10.522269 1.976357 10.758964 4.271331 8.169218 8.743564
10.909522 1.692591 293.0376 293.0376 0.000000 6.946228 5.793828 9.183221 21.962178 28.029913 13.597211 12.990223 13.665927 12.335813 6.303712 5.392629 11.362522 12.324902 9.697938 9.732377 25.106383 30.998897 12.881875 8.232514 36.778864 68.607960 35.549772 2.734699 18.513958 33.768599 27.788275 7.513667 7.905497 27.757700 28.414496 13.190533 5.518446 7.917521 12.749110 9.891222 7.016958 9.372405 9.431984 4.029066 4.156629 15.654411 16.959092 8.309273 5.243476 4.744317 8.372343 7.133907 5.315897 7.893841 23.455931 25.105155 15.100877 28.535819 65.694387 65.806840 24.763811 42.855781 182.834713 249.487805 109.015280 12.116500 40.575010 64.730354 43.751675 16.549751 21.380756 25.164935 16.448107 4.476418 7.356070 14.195694 8.883769 5.282800 4.975933 6.552608 14.430530 9.023818 4.055730 13.903714 18.698431 11.187105 8.939385 12.937409 12.685228 10.246931 7.182195 13.843175 23.033289 15.587947 4.458024 7.230638 13.745678 13.939212 7.132420 4.863545 8.819709 6.174126 1.071101 2.443297
10.959507 1.701832 295.0091 295.0091 0.000000 11.511628 5.657695 9.945642 17.930580 20.138567 10.903207 7.308483 11.511433 9.075294 5.817650 8.905496 6.731693 8.869747 10.583507 8.506283 12.483123 21.776886 15.558118 5.818783 49.512032 56.560084 22.935632 9.589757 24.503238 37.258736 26.808522 13.636637 20.086763 24.760200 21.045766 11.842966 10.074064 10.193968 4.264833 1.689270 3.346125 3.232977 5.005205 2.506292 5.765485 12.259207 11.154726 7.558889 5.001358 4.898524 5.506406 4.361784 8.819502 8.644187 14.943500 15.216738 6.723024 29.853772 58.170528 60.507440 65.713181 20.485650 241.136203 274.432059 95.286445 53.948495 51.840624 26.053938 17.630457 15.406866 13.343846 14.681325 11.334257 5.853220 9.629208 8.235304 5.227187 3.850676 4.080636 6.225367 6.864919 7.526595 7.172523 10.038244 11.566154 5.804511 5.074898 16.155295 16.004937 8.070591 11.263736 23.516950 22.862607 12.492167 12.201963 11.415304 10.496937 7.823329 5.577148 4.642447 5.432254 9.587981 7.114498 2.884269
11.011585 1.704196 305.9467 305.9467 0.000000 18.218722 12.582030 8.570613 3.192692 13.628420 8.942321 4.773311 6.533658 10.871418 7.856952 5.569742 4.473838 9.461052 9.636519 7.717632 5.657413 8.311361 18.733487 17.684509 20.344563 45.601544 30.787964 6.482710 14.168152 15.459008 25.621771 25.935998 13.351925 15.794333 12.866594 14.527199 15.226135 9.163983 10.022254 10.541118 8.580662 9.094639 8.133521 6.241318 3.497896 2.835599 3.058974 5.498764 6.161226 8.068966 10.022532 11.868143 9.917811 6.996664 2.392759 4.774256 15.673729 20.982384 9.500600 24.327767 29.425912 27.513121 68.769649 70.349066 203.215115 315.621263 150.182888 53.030725 40.537600 5.987528 9.255055 14.677356 8.190661 10.077684 8.028007 6.538750 8.629374 12.750483 9.643861 5.518668 3.414105 2.188598 2.572610 3.725103 7.455585 9.449576 9.376510 7.567216 3.755818 11.803746 10.845028 9.415513 11.508889 9.397771 17.088565 14.332871 13.044066 13.630120 6.197822 3.758301 4.322232 3.581095 3.224600 5.513402
11.061516 1.727199 297.1533 297.1533 0.000000 16.454788 13.550953 7.423014 16.399528 12.450806 4.984883 6.694022 7.206195 10.356331 4.687624 7.680546 11.954828 12.982793 7.964222 7.698741 9.421654 12.743765 21.691079 29.656585 43.708781 46.713475 21.806861 11.627593 15.181047 19.880654 23.713469 19.153081 18.565202 17.079866 12.492605 7.217792 8.125382 9.921456 12.113547 10.256108 4.286006 11.922925 16.300777 12.114343 9.426431 10.803190 10.331543 9.851179 7.551667 7.601697 10.775943 13.454514 4.661378 4.365420 9.889459 14.011513 15.385069 25.699614 32.365045 25.467530 19.020601 75.120003 112.289618 199.684723 248.147691 172.372707 97.560749 49.929544 18.686642 28.099062 28.591901 12.431014 15.757013 19.151609 13.754117 2.600410 13.846494 5.541879 5.193128 2.629997 3.896383 2.161963 9.463358 11.561810 8.162479 6.103149 7.200982 13.674968 11.852501 6.250281 4.922863 7.856858 14.192408 14.453463 10.614807 9.715016 6.154850 3.501213 6.620509 6.820736 5.311994 7.583135 15.392287 21.696973
11.111554 1.744156 303.7145 303.7145 0.000000 23.353462 15.931183 11.293446 16.388034 14.668002 6.787235 5.362692 11.698693 12.836118 7.648239 5.113002 6.076370 13.117262 12.822804 8.059633 2.023386 3.948778 4.996913 19.533776 52.104713 40.057735 17.632881 21.283174 14.606407 7.526101 9.418010 11.754309 4.317451 14.285171 10.100057 5.785297 8.816491 10.287968 8.622421 2.673334 4.821515 4.508906 8.358454 14.489046 10.157613 10.446186 13.439736 11.630994 10.092965 5.961735 10.218911 14.820213 16.844430 9.989026 5.987826 12.394680 16.717270 16.289772 23.670998 27.594166 14.254757 14.189703 58.907406 157.725896 278.976388 229.666674 64.074705 58.729149 45.554944 58.141674 48.266214 41.870939 23.173719 10.218477 14.786593 19.153346 15.827235 13.591106 12.878960 9.617544 7.972736 8.693222 11.361297 14.766553 13.673035 5.592170 3.455015 9.197982 13.981580 11.814573 5.388428 2.280523 2.169329 4.715374 9.805886 7.993545 6.274295 10.041118 9.394350 9.563756 11.321928 8.191060 4.652058 8.348116
11.164163 1.757275 304.7450 304.7450 0.000000 23.372652 12.205299 5.848172 6.098554 6.049438 5.538700 2.841100 7.353786 9.460798 4.740112 5.040016 2.616039 6.372146 4.956955 5.584953 5.031225 4.772248 1.408393 14.061492 48.137537 41.147541 14.921385 5.336899 7.979205 6.039971 3.918056 6.995992 6.386593 8.693160 8.343242 6.692299 7.430622 7.887588 4.195055 4.270159 2.873534 0.655299 2.724015 11.227549 18.566576 17.913873 11.049765 7.551563 8.294753 6.564884 10.161472 11.028835 10.780430 9.178603 8.104302 7.310681 10.774502 8.729071 11.210290 13.615371 8.491168 17.991691 25.108440 77.580671 162.991042 333.282953 221.072456 83.928621 29.916679 35.175963 24.385091 28.966309 11.060198 11.077512 4.312004 9.731647 6.878752 8.066740 9.756757 7.566037 8.879840 8.488618 9.338754 12.305748 15.532801 12.173245 9.047620 13.987713 12.513977 5.025094 4.867950 2.466551 2.006567 1.907106 5.210222 6.551471 5.274535 7.183755 7.724735 7.099738 8.395819 6.005959 5.445656 5.963865
11.215750 1.742150 296.9433 296.9433 0.000000 20.640015 22.272568 13.850319 11.216301 9.362728 10.590477 7.820932 8.525355 9.305055 8.138597 8.891680 9.739105 11.979127 11.763385 10.375420 11.336611 16.406322 21.018737 41.139026 45.060043 22.375293 11.166406 5.903704 6.253286 6.984145 3.955241 5.696322 7.295370 5.292371 4.510688 4.584611 9.149540 8.067120 6.444466 1.992195 3.887785 7.576804 13.620728 11.494067 11.452543 12.851551 9.665408 3.281883 4.915974 6.972532 4.577248 4.731145 6.898903 11.559541 12.590685 9.377650 6.643093 10.547021 13.006621 16.222221 29.328329 52.008566 116.712296 271.382328 270.451454 108.509228 60.023488 50.650259 31.675400 29.387563 24.209487 17.088549 8.640283 10.492231 13.411334 14.672129 14.127830 12.460972 12.119845 6.961190 5.388537 4.149065 6.078392 9.514691 12.176980 10.256260 6.326487 3.036678 3.958501 7.935774 7.773498 5.203983 4.158375 5.058403 5.919217 4.716390 4.487294 6.450527 5.366522 2.817514 6.718340 8.236321 5.839420 11.610149
11.261073 1.724948 314.0303 314.0303 0.000000 6.161360 13.172960 16.818685 6.871995 13.911960 16.353247 10.118137 5.847696 11.244126 3.805214 8.338638 11.084333 11.732786 19.973542 15.827258 7.485641 11.821114 15.697277 40.337123 62.486672 40.056237 13.909913 12.438535 16.656253 20.277516 19.839571 17.766453 18.089044 12.908252 6.116546 7.596351 9.904129 10.110352 13.564951 15.150678 11.084257 5.602961 7.540429 10.032206 4.572428 1.415842 3.689907 4.646954 8.423573 14.193422 14.385230 7.928992 3.478393 6.272527 9.620158 16.622368 21.879120 16.769200 11.605418 17.688640 19.593527 13.966523 19.672357 52.856307 99.301899 137.541195 225.749411 240.825254 122.232098 83.621719 40.664280 10.072743 36.143036 29.248891 12.665119 2.258165 11.618766 17.628940 18.000975 8.906000 11.885849 18.333881 11.389240 4.769108 8.595141 6.244176 4.122490 6.386711 7.850310 4.988092 6.554915 4.934591 7.814472 9.014584 12.787240 13.370010 6.809649 6.745103 13.183933 13.571155 8.010969 7.275939 6.314824 4.423875
11.316354 1.692860 309.0618 309.0618 0.000000 0.871699 4.341215 8.672183 11.897147 15.567130 5.310466 11.302121 13.038719 9.374023 5.529354 6.699390 8.582140 8.802835 18.305607 16.933952 10.031640 4.617949 7.906101 37.091158 62.134553 29.561204 7.395119 11.097648 14.243061 28.667568 17.721278 17.510064 27.685314 11.995968 3.957381 8.881283 9.235619 8.163276 11.710526 11.536327 14.138514 5.727797 8.099347 7.063198 5.912828 5.235920 1.497021 6.647788 11.975210 16.534665 13.305684 4.483901 3.827298 0.846359 5.836789 17.325197 14.999265 13.851292 14.925738 10.671035 19.299074 30.338046 34.454957 69.787665 72.305593 189.339209 287.590319 150.344589 24.121372 49.653411 23.602509 21.517884 16.093207 6.671506 5.795184 6.026392 6.796607 10.965790 6.915987 9.099859 12.379006 11.506577 9.505646 11.908352 10.067100 5.844507 5.687920 8.731749 6.603423 4.376265 5.167531 3.635010 6.104758 11.716119 17.633330 12.961823 8.415836 11.749843 19.533318 15.946527 10.719314 4.142746 7.077655 11.698043
11.368734 1.683094 296.5591 296.5591 0.000000 4.390807 1.338982 4.643178 13.417247 12.565994 11.458871 10.943957 6.462821 4.252599 2.835007 4.990866 8.070141 6.726898 9.657547 7.681639 12.741705 23.224231 52.008656 52.146027 10.933610 26.726280 23.420714 16.257309 15.138348 27.519259 28.291241 21.388735 16.003588 9.199372 7.890437 13.706858 13.202518 11.146096 16.116124 16.354070 12.974366 7.793851 8.955085 9.949209 7.156172 11.363739 9.113068 14.310880 14.686184 2.946223 3.911261 10.273715 15.414050 21.069967 13.738900 8.519508 6.331433 5.945876 17.473647 57.043378 86.224680 58.810550 118.981849 264.668823 172.609878 91.247487 84.606528 42.593241 23.715574 15.979637 12.066354 13.050159 14.904587 13.653691 5.574870 2.336091 3.033602 5.056957 9.700764 7.574063 6.072396 6.833171 5.379820 5.117271 3.307911 4.510175 9.146676 12.992171 11.694838 12.886443 15.055308 8.623619 6.962064 13.689716 23.588627 27.049057 19.577259 12.996587 13.616139 22.187065 27.734505 25.264341 18.073026 15.905058
11.419572 1.699099 301.9536 301.9536 0.000000 9.546756 12.015205 13.801571 9.992917 3.388854 4.688193 7.933460 7.563409 8.323877 10.558528 9.916374 8.847296 6.645838 7.645602 8.917124 15.954755 20.033692 45.038048 62.206795 34.709928 15.896818 22.366404 24.612896 18.209371 10.206391 21.530234 14.767581 16.371165 21.123554 11.198577 11.603809 12.671038 3.679446 8.838323 11.552529 16.363548 11.693022 6.712633 12.692884 7.710789 3.686246 13.432089 15.138297 12.711031 11.066342 4.823503 7.764754 18.227093 22.256743 17.961430 14.007351 13.045532 11.022174 13.261799 34.687303 68.179395 62.153203 44.697561 93.922249 234.617910 217.752355 124.714743 82.590656 37.275424 31.474618 16.520698 18.015302 11.730555 25.559093 22.430765 7.409338 0.796118 4.753593 7.197202 5.861272 10.410123 8.799855 5.818636 7.628663 4.830253 3.312259 5.088671 7.583017 12.187523 12.461718 6.944377 4.693458 6.037078 10.878856 16.931584 10.631056 13.189379 15.265690 10.001256 16.446205 16.537903 21.754541 30.564523 27.442517
11.471570 1.682303 304.6850 304.6850 0.000000 6.145830 18.802036 25.125046 11.953302 3.268087 3.348504 4.435906 4.061418 5.962156 14.894741 19.510106 19.923640 15.601781 13.514525 17.162901 21.567712 23.858526 45.878031 60.639354 29.477663 5.877984 7.422115 17.527216 23.685493 22.564040 18.962159 16.892588 12.431912 17.992693 21.048910 15.887919 10.959669 7.502814 4.950111 4.374434 7.021054 9.686428 5.777011 8.607071 9.699305 2.735841 10.065093 12.999410 6.515251 9.211233 6.421916 9.393231 16.154761 12.010501 10.418919 12.483443 23.090036 19.966374 29.769175 57.431719 75.693828 34.086444 11.749027 13.485652 100.132696 276.187629 207.119661 17.885166 67.985112 39.673075 36.350431 39.929497 32.906306 23.836604 17.767305 12.707103 7.049733 7.596963 9.902035 8.050432 10.495872 15.578440 10.754211 8.262107 8.280775 4.136839 5.127428 5.154605 5.162627 6.161040 4.952380 3.961774 6.646278 11.832184 16.487640 16.710660 14.991058 11.473388 7.915917 8.589242 13.102937 13.773373 17.259077 14.204471
11.521057 1.681501 305.9539 305.9539 0.000000 18.492663 24.887918 20.529209 13.763174 6.303814 6.409850 3.040984 4.413246 4.831565 8.610811 8.324689 17.948142 14.772154 7.814874 19.242398 25.752574 28.481749 52.903327 61.392367 18.411858 3.228049 4.966672 10.389064 15.405090 22.564498 10.790665 7.708119 9.283045 14.048551 23.143190 18.903664 6.632776 2.105128 5.571415 12.850584 19.919879 20.481219 12.343457 7.568346 7.829943 4.657303 10.796876 17.442663 9.410264 4.944187 9.359566 14.608277 8.102326 15.409267 22.587525 23.518641 21.565602 19.216289 29.283872 67.880856 57.316245 22.965868 8.273073 22.146064 65.478566 249.588801 237.075315 93.531646 59.551875 50.803636 19.849157 41.951885 48.950611 20.093399 8.153641 7.720297 10.818429 17.687068 20.207032 6.340845 11.443359 17.939289 21.027359 16.949869 14.188484 2.551563 2.512467 7.031773 13.310627 13.372157 12.098329 11.612166 8.365701 9.319561 10.679477 8.024180 6.866760 7.323507 2.057195 1.544625 3.254698 9.740143 16.123648 8.549953
11.573642 1.666865 309.0806 309.0806 0.000000 20.308198 21.930598 1.622003 8.557200 12.355761 15.701466 10.808551 4.022727 4.135771 6.881855 10.258991 18.855679 19.960117 5.269093 7.798762 7.183028 33.850731 76.790792 70.797207 28.448732 9.664007 14.318304 22.232670 21.308284 16.686052 16.019779 3.889633 6.113927 3.149726 13.924900 19.217757 7.077083 6.710785 4.458423 10.803254 21.000985 21.488940 22.154731 18.732081 11.280324 14.900494 14.804162 17.903914 15.187180 5.256408 3.597525 4.789889 18.664511 26.688940 24.410628 14.887708 8.431892 8.565500 27.934055 48.681459 41.987820 33.049133 14.316100 17.380218 31.980273 145.292514 256.575164 150.421745 33.422351 23.012716 26.475083 34.063088 43.032266 25.986487 11.838244 9.631415 7.160307 20.523874 26.666958 21.632598 12.829246 8.199915 10.965301 19.408506 24.243445 23.487917 13.058631 7.223811 8.973861 15.526054 17.106720 16.050048 14.128069 8.574702 6.242358 6.325671 11.383963 13.853968 8.673376 3.915083 2.207709 3.741248 10.447727 15.228182
11.621599 1.654353 309.0592 309.0592 0.000000 16.641405 23.788290 16.119245 8.228634 13.231344 18.818630 10.945666 5.526051 13.360300 12.475021 2.704868 16.339759 17.593760 11.866549 9.694331 12.114193 32.781853 78.112057 41.860246 16.891765 18.588381 20.559875 19.361607 14.985698 10.475398 21.707899 17.267534 7.868973 4.691706 9.744483 13.754663 11.715134 11.765338 12.902276 7.332009 18.358749 11.862746 15.643768 19.240653 19.354472 15.120104 10.571176 4.953332 12.592991 7.762735 5.810671 8.302602 14.867476 20.885162 15.810538 14.659353 23.723190 31.570747 46.739010 32.855018 14.937208 31.092060 33.249904 24.499539 33.019488 104.062324 257.900750 207.289934 75.136304 37.770191 22.382547 25.048803 30.680525 21.413270 29.810448 32.526496 20.906373 12.804245 14.026544 10.239436 5.548755 8.846507 14.246022 15.575019 21.124901 23.321998 14.623709 10.942391 6.950262 6.532095 7.846128 8.967519 14.621550 12.004334 5.296452 9.945762 13.161547 14.162848 11.723330 9.592709 9.001577 8.734204 11.001970 8.611500
11.671553 1.679626 311.6854 311.6854 0.000000 16.820793 23.702128 8.944368 7.372852 11.759193 5.923608 12.863994 15.041667 18.835344 12.332241 9.687924 8.573337 5.546724 9.352283 5.888942 28.959915 62.839526 64.272614 30.652928 12.224746 8.014154 15.254069 14.210662 14.293469 12.309164 21.496278 25.164492 16.718443 8.321535 5.875595 10.406535 12.028002 16.069949 18.506055 15.387340 15.352451 13.792985 6.987339 6.664047 10.855406 9.217227 10.264743 8.872089 6.420029 4.835512 7.269683 8.371610 12.127126 10.410215 15.045860 30.650716 48.169860 50.227892 33.061435 25.922615 15.529938 27.375997 15.826895 21.519870 57.203898 198.547159 255.856488 86.990138 55.080521 18.097801 16.182372 12.724020 25.333401 34.903738 45.646234 39.697832 18.331603 7.281548 2.693383 2.592946 6.926155 4.531856 15.594317 26.004607 19.758716 6.998809 11.148324 4.632539 7.456188 9.340571 8.020357 13.030535 15.840157 10.859409 10.760379 8.442528 9.488899 12.559853 9.782362 16.242938 9.891186 9.694573 9.617659 5.246842
11.721055 1.668682 313.1734 313.1734 0.000000 18.055218 20.819866 5.548407 3.232825 6.691031 10.867289 11.651106 11.114899 17.408310 5.809029 5.604507 5.142559 9.262279 8.412506 8.102658 22.452478 67.791927 45.831024 15.120529 12.312008 12.377338 19.136887 24.561162 23.251307 15.681383 12.520252 15.859187 14.997311 7.685830 4.009845 13.402908 16.557752 12.010363 13.541847 7.369174 7.662786 8.708976 7.574435 8.239216 7.424502 15.799101 18.248234 8.923728 4.665265 1.941276 5.665540 13.876874 18.148329 12.689301 12.994714 17.225463 23.205825 32.381167 23.195685 19.757387 28.277587 32.838681 37.106734 44.071834 36.310155 97.876445 253.234312 233.375783 101.477437 41.104062 25.877502 17.467672 14.874253 10.160070 16.799379 25.498456 21.150753 16.180035 10.181200 6.602526 4.728150 4.562712 8.185932 15.218570 10.471083 12.070873 12.465619 5.881772 8.145094 11.103093 6.468557 4.625646 6.521871 7.705803 6.786810 9.752912 9.148133 11.792894 13.811385 12.685608 13.661057 13.812845 10.535828 5.378582
11.775152 1.663824 313.5813 313.5813 0.000000 16.624312 14.142600 9.634848 8.689561 13.413389 20.616113 10.086101 4.698416 9.665211 16.416662 14.044663 13.019402 6.185917 8.055798 7.251094 31.277179 77.874318 62.912611 30.527868 20.689072 13.081811 3.292162 15.669818 12.393799 18.310176 14.558527 14.331666 12.648277 10.068282 10.294775 9.090732 17.243304 13.088453 12.432029 5.885322 8.503264 14.015938 14.536925 7.815256 4.962757 13.265219 26.111752 27.363170 21.597742 18.126765 19.228076 22.853505 14.809115 14.342655 23.583087 28.722007 23.424872 13.430901 15.761560 15.949954 14.724186 15.533478 23.968256 31.793955 38.673725 127.457548 254.197977 193.167076 58.143144 21.606500 19.116221 14.937007 5.146146 6.608709 8.154710 17.155772 20.946632 25.274506 21.076438 9.488859 10.107172 14.933325 17.400231 21.320358 27.485797 25.139927 17.742751 8.769348 8.781706 13.988083 9.877918 3.854928 4.626109 8.324376 12.600093 10.802956 5.314556 4.746087 9.847032 12.963312 16.437045 16.811165 11.290798 6.816905
11.822152 1.663753 296.4699 296.4699 0.000000 15.214070 9.049535 12.544500 16.527268 18.966730 18.872008 8.399058 4.230080 8.010550 12.655026 17.834974 19.647549 19.503504 24.652940 52.583750 78.026818 44.231606 22.178588 16.533983 6.827799 16.836600 12.772460 4.332724 9.946095 15.608764 7.991411 15.148033 19.948697 15.416657 12.996086 13.621448 14.601621 10.063414 6.908811 7.427266 9.683715 14.144647 13.886504 11.909193 12.234552 23.113304 20.956273 28.170779 32.003492 32.905747 24.165656 25.902706 36.232715 25.653486 16.395891 22.441784 11.329527 7.718473 21.602899 29.250571 24.777322 31.428027 72.050549 214.743189 221.038004 54.994588 40.961709 35.100389 31.052168 12.738389 4.322879 10.973523 16.478821 15.417370 25.232817 28.455081 23.299235 23.754384 29.832112 31.920434 26.298480 23.016545 17.386886 11.929355 12.683984 18.377141 14.653524 8.304963 6.271382 3.312781 11.919517 11.837613 3.867079 5.454317 6.739196 17.724731 19.128473 8.411011 6.301623 5.562349 5.644660 5.491450 7.123073 5.910000
11.871846 1.660142 305.7544 305.7544 0.000000 10.533561 17.250149 13.792767 4.245957 5.153436 16.131503 13.437691 8.283038 5.122714 3.508048 5.702256 13.640348 18.940021 18.193347 35.556954 66.152336 45.869586 17.717812 20.510454 21.537133 14.556371 13.197310 7.740686 7.578068 15.070533 10.924439 5.295349 18.218547 14.221201 9.866918 10.331145 9.348292 10.314857 7.421149 8.586865 8.386419 9.201286 7.476561 9.776281 15.099841 18.151307 14.779259 9.732225 10.574029 14.757269 16.549284 13.455860 20.741721 27.588329 10.191992 13.122853 25.521923 20.038825 17.194024 27.854458 34.850512 47.141604 43.043511 24.397780 176.585231 282.408448 150.024658 49.819824 47.123344 31.355944 22.942647 15.315691 10.105495 14.113184 17.843448 17.877991 9.862942 18.005648 14.016841 16.932969 17.770195 15.007217 11.280665 11.584609 7.551793 9.772150 12.835757 10.854947 6.672774 7.554508 7.236697 7.444241 3.900499 6.935751 11.272859 12.474093 6.885002 21.347006 14.174593 2.917634 2.459348 7.831214 5.127417 2.778624
11.929544 1.672500 302.7668 302.7668 0.000000 3.016693 11.396872 18.027408 11.589048 10.386553 15.585029 18.868613 13.312619 7.059054 4.192733 7.712918 7.555657 3.783222 14.504112 46.522846 59.210968 39.672649 33.965151 35.183699 20.080488 3.572403 7.944322 9.651246 9.786076 17.584866 16.388146 18.487852 15.069817 3.952715 7.434637 11.626245 9.682168 6.724916 10.598286 6.730605 5.871844 8.537601 4.620537 9.802846 10.456200 18.388461 23.328100 17.324424 9.453209 3.526243 10.377773 15.065126 25.741183 23.027759 12.683591 23.330376 22.236935 6.374825 6.983849 14.278617 12.916697 39.965607 37.737524 95.707676 246.672506 222.217692 66.388858 18.277511 13.845259 8.804498 19.378422 16.411284 13.266221 19.014189 18.788738 13.006184 17.336578 13.018456 10.489281 13.040628 18.656406 13.533234 12.870640 18.232498 11.513622 6.721529 7.721760 9.971623 10.384011 4.347852 4.347957 4.862768 4.236317 8.360304 13.932032 18.453919 20.506603 12.677900 3.138401 4.900993 6.478217 5.628951 9.952425 13.371375
11.980572 1.665764 300.2049 300.2049 0.000000 6.790996 13.201921 22.687782 11.453329 4.433586 7.976566 10.433149 6.305568 4.341134 9.203161 14.376461 16.316010 17.275034 40.977934 70.047045 38.127960 8.970152 24.315031 19.522846 14.742129 6.669022 9.429063 11.427599 16.152926 10.418499 11.757938 14.190799 13.951472 12.246535 9.531455 8.197749 12.346901 8.089938 8.180562 11.415513 14.093095 13.285337 13.492486 11.230420 6.531835 16.664588 22.459164 23.385109 10.441619 6.390201 8.986202 7.222032 15.536682 10.708223 11.256890 15.958161 10.059172 9.614114 12.417440 15.766934 31.149973 13.870932 64.640931 249.018143 278.400911 66.452040 47.719320 15.687421 4.901509 11.479003 16.004473 8.745501 7.915873 11.243830 7.701461 11.488795 14.596757 10.311246 12.496995 20.748439 17.448854 15.304590 18.535050 8.516209 7.829640 12.226105 13.587101 12.460675 5.901469 4.649342 8.873975 8.450680 6.326587 9.830053 18.023729 12.555154 6.718071 5.473408 9.568333 10.069417 6.907818 11.708069 16.721836 3.774505
12.031637 1.660254 310.7926 310.7926 0.000000 6.643220 20.930412 22.812124 10.442027 5.110968 10.602897 8.139100 8.642977 12.829614 11.251743 8.406467 17.042744 16.056592 23.588632 47.278815 75.560401 39.518269 15.902902 11.781829 14.948250 18.180405 18.764017 12.914838 12.315742 12.743584 11.326575 13.815371 12.944652 17.727428 17.518291 11.214319 17.216033 23.482333 16.029632 6.364606 5.512217 9.118934 6.867584 8.647778 11.087991 6.388798 9.961811 8.171628 17.599499 26.424993 20.691980 21.120884 16.445816 4.242029 7.277715 12.102429 11.266604 12.683072 12.731562 21.122858 19.255125 20.042862 25.227182 30.846701 55.882009 202.931784 275.944528 109.295161 30.291639 31.295848 12.531107 15.391951 22.674248 10.873176 11.094817 8.073530 6.961426 5.535817 8.582811 20.066774 20.154271 14.047682 21.975612 10.818163 15.199389 13.844290 7.500985 12.662024 9.490293 3.468438 9.755719 6.246184 5.904655 16.826227 16.993883 10.320252 17.605446 22.778587 15.731879 11.023597 9.957788 7.387053 10.968824 13.500482
12.081063 1.647494 312.5967 312.5967 0.000000 4.433159 16.180111 15.911530 2.819462 10.515625 11.576171 4.368579 9.719718 11.439867 12.143411 20.180149 19.280517 15.322280 32.091054 64.976150 71.970272 36.424076 31.216503 23.885291 28.957052 25.204061 7.631276 17.352745 18.951233 10.011324 5.686447 13.505180 13.337691 14.224799 17.279314 11.392664 27.759313 27.580979 14.762753 13.625942 6.555936 2.267836 5.018536 8.241445 6.488249 4.793128 9.731888 12.927048 14.682879 28.494827 31.923476 23.262717 23.106598 14.713656 9.868511 11.768008 7.211628 9.614443 17.427921 19.675027 15.056617 18.265643 17.366096 13.348857 9.540081 80.400703 226.655856 209.924376 78.519386 25.150989 11.301257 12.047544 20.963859 22.853214 16.289920 8.839466 8.724312 8.351732 8.929235 9.533214 18.302910 25.807185 16.125960 18.351951 19.336150 9.629948 5.562156 10.498071 7.598972 6.224127 6.396001 5.366709 3.663957 16.133560 27.826000 17.203464 18.441348 27.618485 10.014060 12.438422 12.166865 14.693667 16.885455 14.485709
12.131634 1.504154 317.1377 317.1377 0.000000 6.106780 8.106186 10.132296 4.417055 9.941062 15.963716 10.102376 2.900208 5.592911 1.893240 14.103158 24.530693 15.582717 24.825926 69.720388 57.656345 12.178263 17.193556 26.973582 22.444861 31.226843 21.297865 7.015006 12.450326 16.019993 7.726072 12.734907 18.196061 22.264258 24.362744 20.662813 25.750309 25.657856 18.335377 21.282307 19.624791 10.183364 6.073154 8.679558 13.481942 14.718124 12.766375 19.092993 20.485986 26.191356 34.198200 20.981197 15.475754 19.899749 23.724984 20.814148 11.577373 5.582098 8.828258 5.200199 12.545989 20.150311 22.553320 8.313040 18.448902 28.469454 100.988503 234.608897 210.053797 71.852982 19.063422 23.449649 19.827849 18.856222 19.676489 13.740349 14.844268 14.091707 12.110206 14.361945 11.528341 10.309570 19.211216 22.460170 21.942737 20.130285 11.944941 8.123886 12.315045 13.413255 9.917526 6.417874 6.035133 9.006160 17.402727 24.997071 21.367960 19.529457 25.515448 24.108791 15.297332 9.115948 12.720774 23.583634
12.181495 1.268641 329.5445 329.5445 0.000000 10.327910 5.487491 7.206777 8.945051 11.906873 15.587824 14.791648 10.389999 6.505667 4.143104 5.712965 10.544344 14.730772 21.204913 34.821810 45.555754 35.754289 15.219561 18.528117 18.987489 16.694844 24.592174 18.677782 9.525533 9.363027 11.328913 9.106494 7.457851 11.241338 14.520867 15.560619 15.021145 12.932604 8.510780 10.033538 18.573530 23.252353 20.478183 14.252155 7.610602 5.827457 16.168234 19.050502 19.253792 20.807865 14.969010 12.901315 23.339185 22.017211 9.667808 10.973404 17.184245 12.614869 8.745289 7.407931 3.587067 7.343976 19.039153 27.477879 22.282429 13.064544 24.924500 56.052402 106.260767 179.119628 192.148544 112.173945 28.666272 8.839028 21.795800 28.766836 31.566251 29.129101 23.540242 16.115060 6.107517 4.235767 11.383072 15.345618 11.656297 15.673588 23.520052 19.199869 10.365358 8.969465 11.165026 12.796608 14.507656 12.162477 5.921509 4.326003 10.590109 17.615275 17.426660 6.273072 12.856313 18.409399 14.977999 10.258135
12.229683 0.963640 343.4233 343.4233 0.000000 7.173408 6.505491 5.641195 5.373238 5.607016 5.998650 6.130342 5.710890 4.460651 2.610188 1.601041 2.246970 3.095961 3.220560 5.394519 9.893268 14.403632 16.610352 15.884169 13.769612 12.855735 12.526145 10.462376 7.214701 3.981720 2.336931 2.525234 2.971171 2.358958 2.039044 1.962321 1.338830 0.942492 1.017556 1.050751 2.239257 4.499697 6.710541 7.993384 8.038424 8.068947 7.636023 7.670181 8.494460 7.194014 4.931503 5.289030 6.694374 6.129922 5.922327 6.811925 7.340928 7.755688 7.843373 7.299218 5.517744 4.035540 4.402782 5.919383 7.808249 12.596475 17.659055 17.374353 12.167350 13.816003 29.192088 50.956579 68.527374 73.890440 64.142946 43.194115 19.804122 3.574800 7.344877 11.213622 14.231806 15.772251 14.832183 11.227895 6.053445 2.127294 3.664297 7.224818 9.896873 11.647937 12.026655 10.498837 7.346647 4.268270 2.683685 2.441305 2.908780 4.590362 4.977510 3.809183 3.324205 4.711884 6.279283 6.808302
