# LRA Full Analysis Data — Replot Source File
# Source file: pitch_decrease_strong_220to110Hz.wav
# Generated:   2026-07-17 13:58:35
# Accel sample rate: 1518.9-1802.1 Hz per-window range (1632.6 Hz overall)
#                    Each window measured with its own real rate, then
#                    resampled onto the common freq_bins grid below
# Rows:        233 (one per time window)
# Freq bins:   100 bins, 0.0 to 495.8 Hz
#
# MACHINE-READABLE METADATA (used by replot mode — do not edit):
#@duration=12.000000
#@rate_overall=1632.621025
#@rate_min=1518.881209
#@rate_max=1802.143828
#@freq_bins=0.0000,5.0080,10.0161,15.0241,20.0322,25.0402,30.0482,35.0563,40.0643,45.0724,50.0804,55.0884,60.0965,65.1045,70.1126,75.1206,80.1286,85.1367,90.1447,95.1528,100.1608,105.1688,110.1769,115.1849,120.1930,125.2010,130.2090,135.2171,140.2251,145.2332,150.2412,155.2492,160.2573,165.2653,170.2734,175.2814,180.2894,185.2975,190.3055,195.3136,200.3216,205.3296,210.3377,215.3457,220.3538,225.3618,230.3698,235.3779,240.3859,245.3940,250.4020,255.4100,260.4181,265.4261,270.4342,275.4422,280.4502,285.4583,290.4663,295.4744,300.4824,305.4904,310.4985,315.5065,320.5146,325.5226,330.5306,335.5387,340.5467,345.5548,350.5628,355.5708,360.5789,365.5869,370.5950,375.6030,380.6110,385.6191,390.6271,395.6352,400.6432,405.6512,410.6593,415.6673,420.6754,425.6834,430.6914,435.6995,440.7075,445.7156,450.7236,455.7316,460.7397,465.7477,470.7558,475.7638,480.7718,485.7799,490.7879,495.7960
#@n_tracks=1
#@input_spectrum=0.000000e+00,3.248064e+01,3.283575e+01,3.336480e+01,3.405419e+01,3.490203e+01,3.591345e+01,3.709909e+01,3.847516e+01,4.006458e+01,4.189799e+01,4.401659e+01,4.647525e+01,4.934891e+01,5.274188e+01,5.680361e+01,6.175816e+01,6.795920e+01,7.601231e+01,8.707797e+01,1.038511e+02,1.362335e+02,2.479891e+02,4.175997e+02,4.379156e+02,4.414583e+02,4.389595e+02,4.334922e+02,4.263496e+02,4.182643e+02,4.093798e+02,4.001814e+02,3.909777e+02,3.815987e+02,3.718817e+02,3.620062e+02,3.520515e+02,3.417778e+02,3.309901e+02,3.192982e+02,3.058973e+02,2.892041e+02,2.616619e+02,1.844636e+02,1.013816e+02,8.124580e+01,7.017845e+01,6.257419e+01,5.683761e+01,5.227574e+01,4.852125e+01,4.535506e+01,4.263580e+01,4.026680e+01,3.817883e+01,3.632105e+01,3.465485e+01,3.314988e+01,3.178261e+01,3.053398e+01,2.938814e+01,2.833253e+01,2.735617e+01,2.645031e+01,2.560706e+01,2.482001e+01,2.408350e+01,2.339247e+01,2.274286e+01,2.213092e+01,2.155337e+01,2.100715e+01,2.048984e+01,1.999916e+01,1.953294e+01,1.908934e+01,1.866682e+01,1.826373e+01,1.787886e+01,1.751086e+01,1.715874e+01,1.682126e+01,1.649767e+01,1.618707e+01,1.588879e+01,1.560186e+01,1.532574e+01,1.505991e+01,1.480350e+01,1.455641e+01,1.431783e+01,1.408737e+01,1.386477e+01,1.364940e+01,1.344104e+01,1.323929e+01,1.304392e+01,1.285443e+01,1.267086e+01,1.249272e+01
#
# Columns: time_s  rms_g  peak_freq_hz  1 track_hz cols  then 100 FFT magnitude bins (in g)
#
0.400672 1.853604 217.3011 217.3011 0.000000 4.250195 6.326915 14.695319 9.453950 3.078170 5.658208 4.962153 3.893574 2.825613 3.042849 5.011713 6.591394 9.631799 8.092559 15.865862 41.135050 40.897559 13.593669 4.191806 5.166808 5.053171 6.769723 4.186675 11.116516 6.563365 7.373423 15.012837 12.134705 11.753967 10.718824 12.448648 17.592757 13.104971 12.283308 19.587008 12.624994 12.638619 19.293365 25.236446 35.467731 43.372373 176.693568 317.107533 186.983789 57.121787 28.700209 17.936441 19.609112 10.791246 7.320154 15.531558 12.856953 3.191973 4.142019 12.622710 9.777565 7.990194 8.012524 14.161707 12.641516 11.597301 4.863836 5.920674 11.515051 8.011789 3.804587 9.136899 28.801003 75.086726 81.535167 33.575391 40.796307 42.057144 20.214724 18.852736 15.605941 11.788029 13.050346 9.923079 15.444676 15.799374 10.267259 19.572766 16.386479 11.349768 20.885740 16.980880 9.476848 5.203698 2.973842 6.032923 6.107618 3.208671 2.845533 5.483901 10.263757 7.375420 4.141214 3.908747
0.455976 1.852709 217.4490 217.4490 0.000000 4.569061 12.213471 12.138471 3.004905 3.914075 4.345372 6.116388 3.758820 5.562457 6.581404 8.409037 7.537963 5.873624 9.890845 26.660503 40.168166 24.260189 14.774348 12.535873 12.125497 12.235736 10.936099 9.712248 15.409126 17.186343 9.512742 16.408930 13.013677 12.243398 10.299833 9.701040 14.882950 10.059393 21.014270 13.492857 4.140214 9.999723 28.197729 25.065168 23.053028 33.787581 171.588365 318.998100 192.320824 49.640806 10.007746 23.262916 27.007978 15.661176 6.667994 13.951055 21.269736 15.178300 14.185089 10.520255 2.585005 4.289614 10.164241 16.991548 12.131112 18.238767 17.351845 13.553259 14.303396 11.305432 11.297841 21.774239 29.444903 48.802933 75.808954 58.287591 44.225077 31.555255 21.904582 15.724836 14.026149 19.108337 11.658647 11.990621 2.950892 16.484109 14.194979 8.016123 13.823989 11.059974 28.321553 20.212654 14.382675 14.074163 9.636047 9.769226 7.892023 5.579334 6.919568 10.019693 13.534506 14.370838 10.545326 4.470668
0.507009 1.859390 217.4596 217.4596 0.000000 7.053584 14.676080 10.706799 4.473528 4.993463 6.296487 5.127449 3.768023 5.897577 7.674333 9.218733 10.404556 12.162952 18.940152 38.749284 40.448209 15.136544 5.867844 7.919946 8.887553 7.090423 6.189309 8.402237 10.899692 13.358964 13.397793 18.864718 7.417930 13.826155 10.067439 11.682036 16.105707 16.901375 18.258420 11.440674 6.732822 13.009933 23.408457 26.372551 27.748060 56.946118 208.363080 317.816609 154.964437 45.909079 30.766060 24.671780 18.374508 5.651432 5.585516 13.011720 16.396117 15.339972 13.975597 6.758650 8.446577 4.605413 10.990905 16.682155 13.669734 16.127149 13.250448 12.749470 7.926993 5.425283 9.322078 17.233125 18.390637 37.450182 77.995770 59.386005 45.579002 39.831131 24.839467 20.756036 20.185804 15.987526 7.369560 8.310892 13.588301 15.152868 14.137264 14.601698 13.012805 20.515570 26.174288 16.396731 15.606546 10.488701 9.278681 5.710810 4.869960 3.566150 5.139785 6.382887 5.755381 8.899757 12.415438 7.641994
0.557460 1.866207 214.0622 214.0622 0.000000 9.607617 8.473977 9.675421 3.500944 5.729258 3.276898 2.530404 1.922127 3.898762 5.023152 9.045414 8.822392 16.985060 45.446009 49.490738 26.170461 10.897439 6.666463 2.515995 2.221471 2.843444 2.360867 3.051057 6.373786 8.854523 11.139405 16.793750 17.873595 11.155833 7.333220 10.433396 6.412344 8.288329 6.494670 4.656512 6.435742 9.425037 10.884663 10.959430 35.450013 78.566878 309.107200 262.435156 66.964314 14.609638 9.887858 9.388643 4.938721 2.424933 3.544574 5.917135 4.817062 8.962532 5.810752 10.692331 12.139074 16.668934 12.687728 7.037518 10.019338 4.351327 4.252516 2.101121 1.164249 4.636070 7.018663 11.563256 25.541480 69.938526 105.534065 68.740670 20.249544 17.389985 5.350337 10.855207 5.617957 4.307508 5.820776 6.957574 7.181096 6.492364 10.646894 8.253161 17.869163 16.796311 9.605931 7.991586 7.790623 5.195315 2.431627 2.024434 1.719258 1.583604 4.828175 9.512469 9.177829 4.051613 12.879035 16.960879
0.606972 1.865602 214.1706 214.1706 0.000000 7.504284 9.248744 11.104019 6.691165 5.247933 1.817012 0.989542 2.410886 3.268145 5.805111 8.719407 8.958902 20.478277 47.542451 44.457466 15.507838 6.466906 8.948333 6.160615 2.682796 1.346457 1.969696 2.942493 5.356169 8.047341 11.671733 5.487839 23.922136 30.432284 13.184112 10.175389 9.827347 7.973207 5.951050 0.722005 1.137751 2.062306 3.677029 8.877179 11.670333 27.089272 133.034348 326.344465 240.565019 45.068001 14.928847 8.785707 5.788947 3.066471 1.820451 1.460000 3.926574 6.371119 8.820090 10.017522 12.486676 24.598548 25.953948 8.688451 10.133455 10.144556 7.446035 4.115007 2.346315 1.122141 1.553403 5.615577 7.632850 11.600257 6.756054 61.384691 114.175552 65.623751 12.248867 10.267446 6.758607 5.714424 3.114727 2.004204 1.741202 3.736455 6.252027 8.378854 10.387968 14.078558 26.225379 22.658927 10.932011 10.798073 9.508188 6.710687 2.935529 1.022455 1.389658 1.925760 5.185042 8.639978 8.574348 3.370705
0.660901 1.881867 213.8033 213.8033 0.000000 2.541135 9.530002 10.547397 4.674694 7.765520 5.049217 3.775978 6.196495 6.260684 3.827625 9.294346 23.006021 36.585911 39.738748 27.418667 11.748755 4.650538 4.930894 6.161953 7.430854 5.505258 5.510796 5.388740 1.885947 3.076747 7.214888 22.357879 31.177739 19.917426 26.158843 23.030348 9.550153 7.496697 10.286451 4.682260 2.869634 4.157458 3.421564 7.831846 9.844641 59.469586 214.587992 330.177177 172.679564 34.356191 16.389921 10.513305 6.318800 2.756146 2.939214 4.970117 8.634766 9.387698 12.648353 21.658683 20.970360 21.593517 32.207392 23.068340 6.327501 4.758094 2.045827 6.997204 8.215207 8.465596 10.231643 11.236801 7.993138 10.793508 11.401028 35.241709 84.848612 74.802410 23.337347 13.127963 7.775179 11.709086 9.929768 5.724617 6.605848 7.360529 4.888517 5.718425 10.658863 27.625693 37.923342 21.063677 12.765885 13.401079 7.449807 8.118257 5.823059 3.712147 4.076750 2.212289 3.509298 1.541527 6.513444 6.294422
0.711350 1.884652 214.8853 214.8853 0.000000 5.788621 7.952333 5.773675 7.982504 8.662539 4.198564 2.911455 8.825261 8.663483 3.861355 9.800604 26.849177 42.135568 22.104873 9.313106 11.903236 9.355498 8.984740 7.631870 6.194106 8.278300 7.379175 4.484381 5.465419 4.895592 8.864634 21.428907 27.658882 18.346671 18.069503 23.931392 19.596842 9.582970 17.510710 15.287830 7.932839 10.788446 11.912883 19.683799 28.503666 37.443955 242.894907 355.597207 142.576768 23.503530 31.677574 19.905729 7.268776 5.881251 9.032781 10.626871 7.517946 6.775051 10.862591 19.422007 25.972914 19.664870 23.265262 24.993461 17.283894 10.541484 4.708851 6.178685 8.181648 9.186317 11.973612 7.454028 10.956554 15.224295 17.796861 16.684337 61.417092 72.486680 42.494885 26.904646 13.046473 23.578112 20.084658 7.161890 10.263692 14.807173 8.200106 13.928831 20.674543 28.266153 35.134110 24.318699 15.265640 14.499729 13.049143 7.650508 6.245269 4.540325 5.885479 5.383417 3.091534 4.933860 7.682961 6.359023
0.762625 1.890288 214.6381 214.6381 0.000000 7.774683 6.416115 1.118602 4.154896 9.445751 4.624247 7.054069 8.095849 7.280526 16.332981 24.415986 37.942561 39.200826 19.248184 7.088339 3.715100 4.981025 6.615297 7.532542 3.050312 6.381677 7.938002 7.223902 10.104806 8.037556 10.508940 8.648104 14.106572 22.134858 16.651709 21.641039 22.818272 18.446802 15.929569 17.445326 18.007129 6.751206 15.478648 24.876454 24.950032 70.627845 287.571855 325.538214 91.312092 32.726172 24.855351 13.032584 9.974994 15.056255 13.107572 7.823314 8.086623 8.512834 13.874398 22.720999 21.554855 11.822427 11.137169 6.857344 11.253455 17.801242 13.296512 8.942871 5.499800 3.834401 8.096937 11.462176 11.970754 7.151136 17.276778 27.353989 62.009230 70.825029 41.886889 45.842538 19.520138 21.387649 17.776367 5.415732 16.940702 16.648096 11.780431 18.055147 28.472046 36.750688 19.878902 11.450446 11.913778 8.258475 8.602051 8.006737 6.669547 3.642825 5.077919 7.317316 6.697493 10.073961 12.449518 10.378451
0.811105 1.901129 218.7418 218.7418 0.000000 4.500416 5.110247 9.953807 11.501335 9.824551 8.954935 13.817772 13.425476 10.172475 5.355766 35.519709 55.293973 24.960667 9.416714 5.341957 9.347952 4.631043 8.162621 17.704412 17.706168 12.555322 8.772279 5.206269 8.744081 12.703775 9.466007 9.325718 10.664145 7.459028 14.231655 27.675836 25.866309 9.934209 10.595573 10.300744 13.056494 11.913918 8.840140 15.511473 16.544878 15.001499 96.432974 298.845493 287.068056 85.631968 9.050675 11.358828 11.811892 8.173844 13.480296 15.032545 11.721735 10.200890 9.006926 17.185723 20.405819 11.694780 5.966757 8.585305 6.818617 7.085002 14.535102 14.292936 8.500316 8.004038 9.730171 11.851977 14.908871 10.678572 7.956709 11.936037 10.903892 15.055940 58.868250 91.004009 54.134184 16.908749 11.848778 15.912678 13.592938 11.555739 14.719002 11.953321 12.014954 9.523203 24.988573 33.356699 18.421594 5.481665 7.128354 9.162868 7.702916 9.949580 10.089317 7.823296 8.421499 3.453437 9.419972 9.859898
0.864261 1.910875 214.1519 214.1519 0.000000 11.996852 11.490907 14.252057 12.441968 4.484486 5.239060 9.680105 14.622685 11.850155 17.844242 48.317138 52.457503 25.238532 13.334430 11.795230 9.831988 8.041290 11.290174 20.891301 17.411934 6.844827 6.125067 7.084095 7.665223 10.766857 10.607991 12.705489 17.242482 12.261940 15.976190 28.263504 15.394125 7.128104 16.362471 10.983164 5.570215 3.366397 10.471713 19.181842 16.151383 82.474582 289.591225 305.845343 90.376334 21.742193 13.297841 13.585364 4.648952 7.019895 13.911572 15.760093 8.012957 11.681103 18.823455 10.920344 11.016338 13.211929 12.689516 11.939866 10.919089 9.122772 15.815480 7.581204 5.809057 9.707126 16.530479 5.805048 7.071212 14.033368 11.255328 16.434136 32.808572 90.434215 89.310666 28.217686 8.141744 17.946755 10.809086 4.311795 4.515705 11.356913 15.594656 10.698249 17.389756 30.358102 17.961567 10.481273 12.506758 10.278718 8.178341 7.670843 6.352994 10.019816 7.722303 7.491340 14.905690 15.881211 12.442118 10.647252
0.911343 1.919853 219.0157 219.0157 0.000000 10.268067 5.870399 6.558750 7.096488 4.137095 2.394502 0.906774 4.578430 17.410164 21.767065 50.391336 40.217179 26.639893 15.405143 4.861876 6.539553 9.345959 5.463030 9.416117 22.105567 23.585789 14.043789 14.414249 14.571522 13.670532 13.703279 9.829281 5.345175 17.732815 26.169775 24.755261 9.177545 23.613876 24.483223 15.825127 4.432041 7.731655 11.731864 18.047453 22.781822 19.254805 70.911590 280.907186 316.532060 120.115866 18.260915 17.744382 22.097365 16.478897 13.217040 11.383919 9.327484 23.191090 29.663582 23.050350 11.806685 14.493033 11.826062 7.336027 8.120530 12.251840 13.832789 18.909981 22.426839 18.351434 15.772447 16.615464 14.407347 12.227903 16.482448 16.466736 14.624619 31.456152 45.438364 56.860816 69.321034 44.272439 22.250751 15.692428 8.263754 6.582777 5.041362 8.984817 17.109496 14.143258 14.436156 30.869819 35.541956 22.266717 9.352994 7.775482 11.538165 11.334300 9.111000 7.227778 7.681592 10.179941 13.465297 14.945696
0.966727 1.931526 208.8082 208.8082 0.000000 5.106948 2.698374 2.579905 1.675852 0.925634 1.727378 2.534987 8.139629 27.891986 49.377985 33.451036 10.506897 6.616468 6.104986 8.051269 3.916247 6.213317 6.403357 11.920666 20.053367 23.839449 27.611279 16.513766 12.413958 10.566925 9.527995 18.852604 10.762098 25.626265 31.505262 24.802410 27.281483 22.404459 21.260427 17.118988 13.316992 27.310957 23.123701 14.523134 55.527134 176.443726 322.072226 225.742203 67.724955 31.773530 22.920337 28.063462 18.798567 20.472880 13.217261 19.229567 40.384693 36.971625 20.886326 17.556354 7.710106 9.710229 8.066046 1.559245 6.888795 4.380802 16.943390 23.956295 35.506249 22.320965 11.589618 19.461547 7.944749 23.447271 23.194714 18.711789 35.462444 42.461837 64.996148 49.641566 20.820880 13.767282 12.236558 18.491990 11.113159 10.241531 19.742131 25.498720 28.280674 28.644289 28.951039 16.340825 13.963068 15.807528 4.164947 9.002103 12.330223 10.869818 15.332508 10.672801 0.141589 6.941099 1.708813 3.750356
1.011387 1.935533 204.8461 204.8461 0.000000 6.496331 2.450468 1.221520 0.924556 2.459962 2.979466 7.035860 27.368204 48.428601 36.741891 14.099126 10.013829 13.122438 12.282597 7.949524 1.557566 8.994760 18.632294 14.529064 3.980642 9.126267 25.556301 27.777451 20.578964 10.595425 19.182354 33.021529 32.873654 18.490804 12.201375 17.242879 11.379541 12.685655 8.102506 23.808524 42.851729 43.727931 22.218810 4.898634 159.606188 355.961549 194.100807 4.582906 20.961074 47.929267 47.626971 28.438984 16.246651 30.103248 42.892104 38.344860 17.546966 16.024288 24.013246 23.033593 14.208189 2.956630 9.348971 8.195448 8.309608 6.032663 9.330495 32.491787 40.371992 25.732308 12.678397 22.704495 37.468044 38.200002 19.945293 20.120131 44.801122 62.250206 32.088507 11.355815 18.330244 31.120497 30.758420 15.896041 3.770570 12.513780 25.895415 14.938253 6.048659 12.265760 25.923761 25.188244 14.589200 4.485411 8.356207 19.225952 12.142173 6.954276 3.887088 6.517464 8.026218 4.144130 1.385317 1.534928
1.069560 1.922693 207.6764 207.6764 0.000000 8.005661 7.842691 6.532542 5.833436 4.332218 3.322726 14.713629 43.164649 56.052583 30.033689 14.106387 18.108519 12.174039 7.761531 5.056012 4.267516 10.321076 16.374286 15.854861 8.580426 9.764898 10.322049 14.794245 27.150917 23.631792 15.431805 24.815962 24.171166 17.780449 18.901408 11.399389 12.765145 15.123368 14.395143 16.573862 26.187117 30.161808 24.479929 17.263166 69.148009 251.032636 306.174746 122.462050 17.179968 29.243867 32.633214 29.211042 22.386314 23.953581 36.317848 31.972403 13.168420 9.200045 11.749254 10.683840 23.030471 8.260177 12.792947 17.786405 10.218173 8.946107 6.903312 9.643081 24.994806 31.057631 24.979251 17.092892 19.783515 24.423067 24.896119 32.490478 30.634985 37.058007 67.355631 71.070995 39.060500 15.051655 20.682851 22.633242 15.537146 5.889732 5.913284 22.600939 18.895066 2.324822 10.993478 25.175930 18.590967 11.398278 10.824412 11.534545 22.805514 22.625717 12.622876 7.234994 5.730569 5.994319 5.683603 3.650486
1.120612 1.927179 202.5489 202.5489 0.000000 8.298575 8.433566 13.943714 9.980845 7.847223 14.649773 40.327781 55.548964 28.966104 20.465026 21.685000 17.844996 11.190932 6.538755 4.537352 9.110272 4.943690 8.262070 7.836964 9.478573 4.000990 4.859246 9.692174 17.682786 19.020793 21.440611 23.042027 17.257101 19.261012 20.943686 10.970229 2.170027 10.475035 5.376571 8.500086 9.762751 11.758383 20.645275 75.845219 261.363494 302.480922 115.249546 29.431951 25.429846 4.545319 8.507145 8.464878 15.187521 10.521851 9.340517 7.506044 9.587303 11.724613 18.569803 19.037845 14.701073 19.853496 20.157736 13.944391 7.284161 7.734205 7.232376 10.551882 4.498267 12.202894 3.599549 9.220349 15.798228 22.677481 44.626065 49.202220 39.461363 74.595878 69.560676 25.661406 4.156074 3.616584 8.841331 0.201110 9.793327 21.556878 18.743635 13.634988 20.670511 19.965245 11.411797 6.726905 15.060060 25.607968 19.289513 14.620986 7.372134 8.246056 3.648325 2.550408 4.073703 5.030606 4.535149 9.844781
1.171143 1.922054 201.4837 201.4837 0.000000 5.597335 14.509041 12.253167 2.969377 10.731086 32.641024 55.684693 40.583891 21.886689 16.800623 4.959984 5.411329 11.075339 7.551704 4.777800 11.641476 11.379102 6.205997 3.932090 7.402404 7.806327 7.309218 9.393330 7.765523 13.755813 27.767810 21.437073 9.999499 3.102096 16.862374 14.477929 11.846293 16.830010 16.156825 17.930752 21.696214 23.453011 12.417871 130.909886 334.324294 231.416598 24.838195 29.632932 25.725142 14.736297 17.960997 23.312018 18.440135 10.169147 6.551040 5.930049 5.483005 8.681111 20.268272 15.476759 11.025369 13.869381 5.252029 8.784838 4.812097 3.046286 6.993444 12.749833 16.360124 15.110047 16.959276 20.379957 10.871788 11.294880 40.533294 49.709688 31.728039 84.705741 75.352892 21.307215 10.936425 13.084773 16.546629 14.089465 16.678949 18.161674 12.066864 18.662113 11.280980 6.252163 12.293992 14.501013 23.483629 16.577102 9.819909 10.336579 7.069290 7.576687 7.659297 5.287267 6.346492 8.483851 6.157994 2.539360
1.223030 1.922558 208.0065 208.0065 0.000000 4.068118 10.901994 8.331339 12.433346 20.105535 38.787503 56.212818 24.697497 4.230940 12.042433 15.696817 10.872978 7.431290 6.509560 4.921471 6.105690 14.177802 14.366320 5.191177 3.902114 9.007270 4.977194 9.038716 14.481242 10.912478 11.185419 15.905981 17.419911 12.275967 13.385026 11.151209 21.679293 20.866913 15.558211 15.287055 16.165954 26.759446 18.303544 28.534571 136.494682 307.938066 252.171987 83.883338 23.769665 16.867778 16.955734 15.575179 20.778103 21.359354 21.634403 9.186074 5.142295 4.031892 7.426185 5.312738 15.440748 16.957503 12.790889 6.002554 2.934617 9.673854 12.195639 8.756868 13.037927 18.764388 13.279988 12.952658 16.061318 18.064225 16.701421 16.155668 17.848032 30.777306 38.830565 65.609639 82.732729 33.076948 19.463365 7.882963 18.131541 21.345397 25.306806 21.541954 8.271078 15.543099 14.079342 12.627964 9.553267 19.624002 16.512498 10.396798 6.630913 13.849386 15.229084 6.168404 4.631221 9.113363 8.834812 7.852382
1.273715 1.919045 211.6695 211.6695 0.000000 3.844149 7.258088 2.683960 4.415051 34.525960 64.885281 47.984599 11.025900 10.495221 7.533566 16.017606 18.979130 12.518119 5.094703 5.732521 5.585889 10.641683 16.184045 14.771518 7.395372 7.191577 7.950000 9.227995 10.589422 9.703852 5.732025 3.303483 4.409781 13.177959 15.643011 6.662417 10.618456 20.279197 15.285296 14.734399 14.611108 12.736222 26.062684 36.734116 27.170719 206.437098 338.207911 175.123162 43.273211 35.810936 21.986172 15.370607 24.373521 18.835097 13.408851 18.427660 14.032245 10.212278 12.243834 11.237867 8.865265 11.765043 3.692311 7.958443 5.966616 4.299093 8.396615 14.195879 11.288459 12.135124 18.281574 14.518643 14.247858 7.633132 6.132411 19.609278 26.456389 20.913093 29.633127 41.482033 38.271938 63.197908 82.146548 42.055373 14.752056 20.217800 16.236859 13.411198 19.937998 10.983656 6.867947 6.978967 10.481820 23.239720 30.288969 21.568968 11.315839 7.366056 7.884161 13.837028 16.715229 11.982147 11.148169 11.138377
1.325697 1.920974 215.5440 215.5440 0.000000 1.187588 7.132582 0.447817 9.234329 46.741269 68.155664 25.000084 14.652660 13.652360 11.317932 8.395143 7.695487 15.540289 17.867038 15.266166 11.908516 5.201172 5.475572 17.612586 14.920206 4.591680 1.913499 5.490690 3.939753 6.446179 7.782448 5.191768 4.619969 5.110461 16.223626 18.435422 11.131186 20.067481 18.734069 10.093106 21.494591 24.146311 15.796814 35.804105 31.601266 44.309283 290.898971 342.742160 108.675100 21.467284 34.381515 29.091218 28.301382 31.716683 19.507971 6.692173 9.998976 7.292757 6.885952 9.988111 5.594847 8.678851 6.488170 5.810962 5.696710 0.910227 0.465810 3.048535 5.255814 15.285928 17.831060 10.392284 3.575086 19.371474 22.747257 18.055666 22.402771 21.345073 8.492420 28.294816 43.975140 26.821038 13.992476 83.592747 83.114085 27.601643 26.037336 19.715281 13.764828 21.481515 10.821582 5.914349 11.003575 6.241521 15.938794 30.260149 18.477757 15.976946 11.182799 2.886220 5.369207 7.083297 10.603888 17.374776
1.373666 1.915934 212.0456 212.0456 0.000000 5.641338 7.762057 13.441285 32.726651 60.394993 44.036078 24.861512 13.275736 7.412977 9.646772 9.001366 10.431874 13.980204 9.235110 12.869160 9.995721 2.738534 5.037926 11.527060 10.808940 3.380060 2.775433 2.831212 7.662519 8.935830 3.036175 4.194063 2.814827 9.849127 12.625446 9.014388 21.298961 20.914985 12.174594 13.431658 19.144440 25.575294 19.054996 25.675098 36.271946 91.375373 271.045369 308.136103 123.540098 40.290684 20.903513 22.834919 34.220557 22.196127 7.641787 7.131289 9.021305 5.583504 4.219409 7.094569 7.986972 5.313861 3.636278 3.509804 6.518484 8.237808 5.930042 3.288623 2.330505 7.886249 12.222222 7.067739 4.560192 11.227216 17.532293 16.565923 16.353407 14.344149 13.522494 26.036581 23.369561 26.357067 40.122504 54.792681 85.343627 65.936939 20.076788 25.414254 19.643997 21.336121 20.550336 11.817744 14.755011 15.272087 15.442034 19.041287 18.475774 10.368196 6.834209 4.964761 6.393291 9.312026 9.795138 9.098652
1.421376 1.908837 204.3074 204.3074 0.000000 7.218343 12.349094 15.436812 54.222366 42.972044 7.284474 15.984239 13.584616 5.536630 6.639552 14.870922 18.378791 8.765152 3.486428 8.056414 8.295462 5.578753 7.682523 4.746076 4.327424 6.941627 7.656451 6.346666 7.707208 9.168202 7.601411 6.382574 8.698781 9.909106 11.187175 17.376538 26.730018 27.872792 18.438783 9.040578 10.190020 36.429093 32.005201 36.734501 154.664813 342.727754 215.524649 32.444301 24.200824 42.710689 28.995855 9.527526 5.283946 4.789127 10.278409 9.423493 5.815682 6.296043 8.821691 7.773287 6.072234 7.499502 9.148597 8.942182 8.461444 6.961952 5.898502 6.542253 10.208135 6.641691 6.049678 10.178055 3.324194 11.680288 26.136190 26.791802 12.512445 24.912701 37.772966 39.107571 18.843238 54.701551 89.716108 52.129728 15.542567 11.924028 18.638179 20.888964 15.208176 9.103216 12.196685 9.624614 7.768505 11.925332 8.311368 3.239872 4.117624 10.568658 12.765614 5.176895 3.330320 7.274346 8.630395 2.495423
1.471178 1.903336 202.3948 202.3948 0.000000 8.522573 11.728853 43.318096 57.184317 30.093662 8.370327 14.053894 10.961843 4.015885 12.092733 16.628170 13.814401 10.286853 10.673612 10.411678 7.879234 7.683970 8.888641 8.581885 8.351934 5.886802 7.324499 5.477250 6.036308 4.716600 9.727185 4.316682 6.279283 5.230244 7.603217 7.070753 15.604616 24.930119 19.846731 14.680395 25.993316 34.495950 27.055418 83.318140 268.557302 293.583770 104.030739 25.947950 43.540452 34.815347 16.232095 8.763237 7.121395 6.811499 7.582719 3.681530 4.656449 7.134384 7.415438 3.261401 4.943073 6.505535 6.144373 4.750266 4.846254 7.896021 7.351637 6.408875 7.017298 8.675286 9.643772 9.722896 12.754654 20.880968 30.138101 21.390958 11.897696 34.840826 49.833664 18.801237 27.920192 91.964189 88.870428 22.738459 4.339821 9.765717 9.020552 5.004893 11.829514 16.000422 12.927026 6.068235 5.250878 5.403084 3.817077 5.884106 8.651641 6.691242 6.452079 7.907456 9.061146 6.711972 6.550839 7.884453
1.529639 1.904745 198.5908 198.5908 0.000000 10.839555 30.194743 57.226271 33.281583 11.620770 14.667962 13.250184 14.485300 16.366250 14.879245 12.359172 7.621680 5.372808 10.023456 4.182004 2.032446 3.817523 3.151715 8.179887 4.070236 4.359395 8.016666 7.728558 7.574805 9.213768 9.070563 8.373324 8.595609 8.349884 5.666211 3.680568 14.157794 25.288703 28.043629 11.724684 34.454403 35.917327 65.824526 254.956784 305.861968 118.885766 39.113070 41.682806 19.466732 6.530166 9.851664 5.296213 4.061530 4.048732 5.821104 5.125770 8.240170 9.124820 7.934177 7.966213 9.325105 9.538367 7.388923 7.068381 9.202882 6.336784 3.468687 4.761716 1.611158 6.062893 5.860797 8.681680 12.472111 18.733618 30.042604 22.723587 30.336194 44.843455 29.287568 36.136762 89.755451 64.239845 22.810073 13.160707 10.380102 9.151226 14.789260 8.709831 8.222937 7.950066 7.284086 7.599598 9.440348 8.581480 8.983308 7.501585 4.342608 7.033612 6.425711 2.511336 3.154747 3.324232 6.589431 3.309509
1.580545 1.900701 199.9344 199.9344 0.000000 30.543037 57.922966 56.153382 17.937196 7.619511 12.264889 8.671715 11.284104 16.909025 11.768675 12.619416 14.260766 10.752587 11.054155 5.482961 3.125126 7.194392 10.764594 13.799676 12.198269 13.076031 13.406176 5.788575 6.809845 4.471765 6.717945 4.125843 5.017367 3.735315 5.420444 10.066102 16.666145 13.563675 23.209013 18.127376 27.419545 43.208942 20.299100 228.849626 356.893895 140.402916 38.564097 48.376464 21.513066 9.722241 10.971873 15.139059 17.887431 16.354880 16.885256 13.644056 13.675371 7.804776 11.028477 5.046513 9.336040 2.981716 6.717699 5.779710 8.719700 15.658732 13.682621 12.740077 6.296035 6.594059 10.201486 15.504080 22.999199 23.023976 30.469432 24.604479 11.117365 27.965012 40.793686 30.047690 52.021869 96.203931 56.424266 10.771555 13.705457 25.017505 31.585713 16.174676 2.517475 0.922180 4.037162 4.290951 6.715163 9.284302 6.908767 11.998856 9.824134 6.839740 4.158087 3.698181 4.429625 8.234688 11.680597 13.877817
1.632217 1.922572 207.7374 207.7374 0.000000 43.659565 67.655121 34.965751 17.112090 12.061695 12.582011 10.618395 3.122225 10.851878 10.662114 13.515624 12.351075 8.271433 11.111218 9.531024 9.042546 8.772254 12.327499 11.214768 11.775591 12.233898 12.657440 16.874092 12.305660 8.463362 10.210909 10.978147 7.142975 2.930810 0.805351 3.602778 13.420965 23.772436 27.338885 24.988029 19.030966 17.212183 18.850163 41.740606 170.301860 315.640785 226.827530 73.846198 32.268878 31.787398 27.624805 21.664366 24.625096 24.455389 18.589031 11.818181 15.413240 18.283179 19.797124 21.094252 17.056347 12.961272 12.898717 10.021089 4.331922 4.827088 9.875588 15.030044 21.463071 20.982745 16.554288 11.275422 11.045731 11.504014 13.790933 29.301834 27.940706 32.048694 15.687190 13.648708 35.184305 36.685408 18.741966 6.130155 78.647593 78.367690 30.270769 35.327428 45.149137 40.322518 23.623012 11.906618 5.765212 4.301478 4.535070 7.634286 6.856977 5.644985 12.343973 10.136922 12.344600 6.436854 2.171892 2.592185
1.680603 1.934190 205.7375 205.7375 0.000000 59.957096 48.968319 17.778957 7.236777 6.740340 4.236141 7.143192 5.641403 10.126462 20.076824 24.191356 19.729752 10.565634 6.060170 6.615328 5.948420 4.483785 9.730758 12.069028 12.930079 10.480335 8.028576 9.561513 5.496240 5.421990 10.263424 7.441242 3.956844 5.813507 6.881638 12.230242 12.877265 15.324987 16.038253 7.522413 15.535007 23.112311 33.157134 59.142236 232.882805 357.742834 150.484241 65.652908 31.683471 25.351170 0.722715 18.184767 16.951963 5.891601 9.285589 8.499957 7.049103 5.602931 11.876973 15.799887 8.668322 7.055762 11.684033 7.168322 3.839289 10.255282 12.074096 13.304679 10.876767 8.844619 10.206006 6.875235 8.894088 15.350220 25.298336 23.416858 28.377904 20.835481 10.806319 15.281798 26.518187 32.044750 39.324782 57.874238 69.816268 52.487120 19.048881 39.330238 20.694809 10.201693 13.057387 10.861142 5.188455 3.628501 5.333959 5.528087 17.538402 21.843666 13.809725 12.833988 4.585778 2.486612 3.945789 6.179749
1.731198 1.917768 209.3967 209.3967 0.000000 37.764583 16.866739 9.847332 4.488620 6.666024 5.350185 2.524792 7.992061 15.717563 35.272478 38.938519 18.335768 10.923442 2.813056 7.111714 7.194252 2.420506 7.443667 11.000175 12.958097 19.269869 12.235617 8.963486 7.729237 1.121206 7.969571 5.519151 2.961629 6.701507 11.761839 20.164504 16.887499 6.104708 7.631638 6.958506 3.790071 11.157988 12.451047 16.581253 36.289057 212.358132 364.523063 199.197012 26.913481 16.631260 12.372912 11.132373 5.280265 8.201645 7.998199 4.578859 8.312142 8.147230 7.595282 9.289515 5.684380 7.193319 8.016411 3.665506 7.701012 10.755281 18.491766 22.331874 14.345185 8.841998 6.514356 3.313661 7.871242 7.133347 7.610191 14.161839 24.655604 46.874318 38.422351 13.814724 5.174102 7.124863 9.649749 16.387162 17.990672 19.636652 25.669378 48.633818 41.060551 21.220242 9.412042 4.847552 3.599283 7.558954 5.403098 4.706603 9.861163 20.029951 31.516580 26.848373 14.947690 8.105160 4.132708 6.218339
1.784062 1.928221 198.9293 198.9293 0.000000 16.938393 12.732031 5.141687 3.677185 5.337970 5.873551 6.939869 6.636032 19.922005 37.030388 18.198502 5.108988 5.412797 5.420592 6.179141 6.179924 6.359364 7.166228 10.581462 18.331361 9.056331 7.870712 6.673731 6.240144 5.809917 4.933364 4.985842 3.212606 15.910049 24.129047 10.580788 7.301605 5.846691 5.166407 5.483309 4.199258 7.579220 45.520560 221.266035 345.893047 151.167821 9.191421 3.557501 4.731824 5.997015 6.226757 7.320946 9.591577 12.806870 12.785919 7.687258 6.013457 6.017105 6.080684 6.141185 5.875244 5.776721 7.515911 18.231431 24.090742 12.329744 7.361805 6.356137 6.162984 5.506651 5.247322 4.687593 10.243335 46.607992 53.135916 13.227996 6.883796 5.224872 5.489484 5.545248 6.075497 10.770378 22.582804 40.736545 34.237308 12.420557 3.832116 4.806069 5.719249 6.560870 6.077057 7.456576 5.952870 27.669783 29.993474 6.991157 7.326120 6.459296 6.218889 5.921864 5.720292 5.390358 6.891897 12.841369
1.831658 1.918277 198.3105 198.3105 0.000000 19.511880 14.518033 2.923977 5.438695 5.787286 3.327466 4.072466 9.308740 29.635105 39.175601 19.068784 3.072716 4.239423 2.851278 4.662155 4.102819 3.529815 5.043773 14.412688 18.532404 10.700333 6.108632 4.078040 4.317035 3.499392 3.927795 3.109400 6.967376 19.207436 26.286657 13.032538 2.891258 5.365199 3.327789 5.004628 1.549244 6.351101 68.867495 276.490667 315.808251 105.550858 5.073613 4.839853 5.004665 3.216452 3.954193 2.353526 8.057901 10.425706 9.642844 2.585330 3.510493 5.061965 3.062122 4.767865 4.116972 4.320395 9.625325 23.794057 25.144690 11.800955 3.790708 4.070575 4.397514 3.433862 5.319112 1.745924 12.486437 46.858259 44.728620 11.397697 4.309829 4.587375 4.985511 4.724860 2.431176 10.348636 10.449405 39.215055 42.843314 12.793401 4.204748 7.346249 5.652219 3.317633 4.681732 5.298191 17.484344 33.404884 27.356814 8.825687 3.689619 2.936563 4.213624 3.507632 4.469213 3.782072 4.933811 14.669038
1.891085 1.919613 202.1818 202.1818 0.000000 54.193290 37.606077 16.761128 12.917667 10.682702 5.361289 5.087972 12.725497 28.016708 33.758399 19.274421 4.853470 4.351503 8.949172 12.378408 12.337760 9.242570 3.460703 7.285231 14.254977 10.723391 11.711714 13.353506 9.967516 3.270617 6.630234 10.502302 8.821030 6.487694 12.069014 18.243884 17.382689 18.378535 29.269771 34.281496 31.859351 41.434035 70.231148 206.237870 314.005991 217.662978 95.373966 46.619967 34.088122 26.835732 14.540041 3.382923 3.834912 2.367641 3.681193 9.212123 13.579536 8.107872 3.032297 11.782398 14.632334 11.580945 6.384334 7.114785 15.462275 20.497625 11.965616 9.593650 11.226655 6.054695 7.057355 11.939912 12.834132 11.532827 31.893358 50.934880 33.058879 8.952516 12.636530 19.790824 17.344288 18.240243 19.215910 12.340336 41.289435 53.370531 27.688289 22.070909 22.747358 23.474394 15.788285 6.516622 3.942177 10.382360 22.647545 25.943552 14.362517 4.975536 3.953808 8.038730 10.988589 11.549277 10.093322 6.845926
1.942337 1.935375 195.6807 195.6807 0.000000 56.960827 51.296973 11.790100 14.492361 8.087678 4.972134 4.555781 9.001297 13.213052 13.937511 11.023571 3.819471 3.789461 9.331052 11.717112 11.326693 6.383651 4.834182 2.783439 9.961060 7.172715 8.313126 11.526534 11.680636 6.993795 8.233051 9.621453 10.187739 7.183733 7.678032 14.182900 23.950146 30.556657 44.355911 55.759940 36.084874 38.535827 193.086006 353.157073 159.459882 44.375617 64.459601 73.146486 40.057395 26.407691 19.155415 9.682857 6.775695 7.336213 10.510135 13.661181 14.416813 11.792143 12.421292 15.101483 15.346903 9.927701 5.669508 5.451084 6.818318 17.963130 16.896900 13.151478 11.877663 7.390434 11.281380 15.365605 12.823754 12.227730 21.820927 32.165776 29.601528 22.482733 30.383122 21.446970 17.756052 39.365824 50.916484 71.595776 71.984089 22.519512 16.980537 25.524167 28.848488 20.927379 10.646376 3.185041 4.222617 8.706197 12.171687 8.166171 3.111354 4.178691 7.957717 9.213534 8.952342 7.201603 6.418643 4.141912
1.991159 1.906181 203.7791 203.7791 0.000000 17.717612 52.235237 43.093591 14.733060 1.481360 5.250833 10.141324 12.055379 14.763550 17.212772 16.819632 10.454506 8.825790 9.855334 5.610459 1.222820 4.213975 3.452109 3.175108 6.421170 11.139830 12.033674 6.628187 7.392019 7.083272 4.371299 6.699102 4.497878 10.091658 12.811733 10.027103 3.671620 8.659760 15.408766 13.930727 33.594617 45.891232 31.731477 74.665555 277.248915 307.081139 117.448012 29.912435 50.281797 48.221982 26.432640 15.952103 12.492232 7.292848 5.886441 6.885476 6.129429 5.205947 5.925598 8.828813 6.972272 4.404455 4.774370 7.166324 12.142447 11.930517 9.598536 11.591843 11.769793 5.007195 4.743352 8.159513 6.786466 5.897678 10.858143 14.009436 13.047014 16.845922 23.628860 18.777081 12.569405 26.452066 35.986361 17.696112 33.265574 59.333243 43.382706 61.427276 56.455412 20.472184 13.701348 12.908670 8.525330 8.304458 10.043798 9.609582 8.720908 12.651406 14.886855 12.102348 11.504126 11.118228 6.300639 3.007586
2.040540 1.915818 203.9207 203.9207 0.000000 12.086201 37.374821 55.033043 22.244763 7.405434 4.305749 8.354502 9.407124 6.917780 21.381872 15.916589 7.588611 16.093655 5.755399 5.402872 6.399663 5.684688 8.165276 6.601949 10.220390 4.904736 8.320240 10.661164 3.411321 4.777232 2.875673 7.355185 10.448730 5.635879 10.393055 10.359917 2.525499 7.112289 14.458609 22.697063 16.619404 24.832717 40.390472 139.330214 313.293178 270.799402 75.280393 40.240680 26.206848 18.791478 40.871001 23.400510 11.336909 7.688964 2.789235 2.397031 5.076792 7.813104 6.629181 4.977298 3.632851 4.068684 3.328585 2.783841 7.736028 12.481616 10.513212 13.575408 9.852121 6.113944 8.040150 7.110217 5.367868 6.828581 13.069657 11.715159 10.584112 17.393298 12.403119 8.774296 9.339546 16.190100 26.799913 38.614431 56.925322 53.577404 46.935611 66.047508 55.185154 22.733299 13.074017 11.630969 5.113139 1.433650 6.098235 10.876349 6.829414 12.999523 15.210986 9.810497 15.345667 10.603348 7.088124 6.900001
2.091106 1.912394 200.7917 200.7917 0.000000 9.344629 12.921543 52.125448 49.698610 18.443748 9.494256 6.741263 13.505067 15.672143 9.386887 17.672257 22.037274 16.739780 6.471966 5.112178 9.457364 12.880773 17.313760 18.755692 13.001218 6.332531 9.126612 14.014903 12.678626 8.765997 8.915557 10.467812 9.246825 7.565114 9.691839 14.687004 17.072327 21.607802 22.082356 18.611309 25.038268 5.723927 55.103669 290.451633 322.583189 80.396355 31.004282 30.368325 27.241518 34.561288 41.748261 29.592096 12.648429 5.276897 4.249681 6.986134 13.546369 17.596425 16.988927 13.924243 13.212116 10.971882 11.057615 16.401785 23.451398 23.281343 16.476869 7.611911 7.679488 14.976459 19.728196 20.613778 18.315879 8.389771 10.264764 17.792851 13.322324 9.089270 16.251741 27.572070 29.259952 26.459292 35.171617 50.724277 22.855615 30.226099 62.611628 68.890781 30.704396 17.040555 17.711652 8.885364 6.138948 2.974278 11.223156 14.231564 13.016652 10.562937 17.833684 20.325578 14.263000 8.805483 6.733594 3.138325
2.141035 1.907397 192.7667 192.7667 0.000000 6.757716 15.392690 35.669172 61.408668 38.892259 13.015255 7.146844 13.151440 16.964220 14.298360 12.525885 13.845707 14.850015 9.371617 4.953909 4.148465 8.418145 12.015247 15.701085 15.968471 13.102258 6.966726 13.473643 12.687127 3.368491 10.190616 7.855228 5.070595 8.009378 13.547122 16.284314 11.583469 14.688360 11.334077 14.433445 28.175915 53.545240 200.498886 322.671949 176.467331 48.059681 30.865987 16.178271 19.081276 15.411816 22.489898 28.836291 19.484059 7.781635 3.777129 10.052472 10.159707 15.782060 19.172318 15.269978 9.102601 16.049798 18.509684 16.876663 18.371583 13.421990 3.945968 4.600306 11.479469 15.685086 17.158500 18.368768 17.242740 15.787250 10.383820 9.367874 11.363660 27.544012 36.371681 29.292164 43.076663 24.648892 46.368020 31.911980 18.080136 49.526400 79.438332 42.866680 14.196326 13.602840 13.350714 9.682857 8.909883 6.286733 6.514384 8.623239 11.037043 10.353686 11.210139 5.751361 5.137710 6.023870 6.139111 9.964704
2.194724 1.916954 191.2242 191.2242 0.000000 9.433594 8.645890 21.230850 49.966099 40.596697 10.047655 14.378903 9.857774 9.178131 11.176884 10.585910 6.472671 8.263290 9.578650 4.899194 2.087485 3.650740 2.363488 7.377538 5.181845 11.667164 7.027733 9.544855 7.714610 3.216087 10.474217 10.364184 5.282826 9.940266 15.695188 9.958535 3.397960 8.521752 9.823451 10.074367 5.933591 100.286314 323.399674 289.802957 45.783004 8.279478 14.303730 22.126059 20.560118 8.678225 9.698796 25.256863 21.960079 8.237938 4.864523 7.735019 5.774148 6.148740 8.326947 8.678691 10.552201 6.661114 5.290076 6.112737 9.567299 5.409037 1.081600 5.936679 5.158538 4.690852 2.391258 9.678127 10.269407 5.011162 11.072012 11.259313 14.543030 22.739033 12.940920 29.905663 57.562833 49.912378 15.308662 8.665765 35.117647 77.038874 53.829057 13.010707 10.300606 9.171875 7.566486 5.687123 12.553173 7.598515 5.360358 10.365188 7.845347 6.446371 4.815023 4.217070 6.585797 3.580893 3.742875 2.125301
2.247409 1.909806 190.2645 190.2645 0.000000 10.089516 13.628684 6.549803 32.455043 56.651331 47.250106 26.777895 11.676353 6.042959 7.002225 12.117471 12.153861 9.948353 3.796652 4.838575 3.871975 0.932454 6.088502 5.754851 5.310982 9.201968 7.772738 8.263182 12.126782 9.703889 8.850971 7.637071 5.974084 7.923424 11.036453 7.338164 6.278182 12.486951 14.500731 21.223609 35.143654 89.812231 359.899825 278.409782 48.041001 25.838877 24.846434 26.048452 14.764162 5.685295 12.824818 13.900338 13.450323 11.747847 6.292181 10.336840 11.243688 8.643236 5.798514 11.024796 8.058377 5.833029 7.840862 3.325482 6.512411 4.493362 2.706430 5.860715 7.861489 7.649099 5.929739 5.500493 10.091359 17.363512 28.201778 35.821318 34.490372 22.176714 33.721343 42.256602 30.946946 46.430918 21.030895 17.626967 30.494272 51.543705 67.445294 41.722656 20.287646 10.226273 9.908398 13.641048 15.889950 12.725500 7.452977 5.667984 5.516864 3.197401 4.898576 4.609941 5.811376 7.615866 5.599599 5.294383
2.299643 1.911360 193.7575 193.7575 0.000000 7.098546 9.290513 12.388746 11.241527 44.263533 54.003928 20.807799 15.703052 9.662899 3.931465 6.831306 7.659687 12.773810 10.812290 6.186458 3.983452 5.619668 7.159631 4.772719 3.971577 3.275672 6.676060 11.501158 13.877347 5.119653 7.491130 6.349982 8.669868 6.423654 5.662070 6.491264 7.412501 7.230975 9.186363 12.456667 26.978725 59.117161 211.428258 335.675633 180.870860 35.535816 21.626785 16.743596 16.869925 18.843595 17.576102 9.864804 2.482544 6.035635 16.926836 17.541370 12.264055 7.756627 8.752894 12.826466 7.291238 2.412773 4.674438 7.004523 8.144781 9.682838 3.023034 2.329057 4.432689 6.250572 3.515780 8.418135 6.633434 8.323151 15.263912 18.066634 29.024706 27.269047 18.737729 27.943442 43.272188 46.770632 39.906013 22.334646 14.504549 10.263290 22.677909 70.002359 62.316213 16.528571 17.026301 11.766635 4.637104 9.980957 10.181251 12.916635 10.985110 7.017030 2.308686 4.156759 7.150542 6.086429 6.946899 6.599111
2.350623 1.906738 195.7233 195.7233 0.000000 3.650321 3.293400 7.875058 12.574288 25.158532 44.169376 37.521439 16.958967 3.854946 8.833948 10.045663 12.238823 9.622765 6.812574 10.019227 6.229781 5.894689 6.849369 5.294261 6.764191 9.513628 8.493423 4.032179 7.836313 13.781064 12.440996 10.172329 7.520742 7.071018 8.210492 10.148115 16.166487 14.792264 14.381150 19.265804 34.806178 66.478636 250.228334 346.236486 134.287021 64.200758 26.115409 19.690253 25.126994 26.563145 24.954891 16.598671 6.552433 10.334401 20.749076 35.000510 27.584530 9.025212 5.949855 7.756015 10.644799 7.124004 5.559158 7.815631 7.897679 11.158954 13.161991 9.346473 4.710619 4.550048 5.567295 8.075086 10.244717 11.206261 9.711278 5.565805 12.024292 20.673102 17.325923 12.169864 17.665332 54.706458 54.700240 14.058835 13.245821 15.623129 21.587719 56.734221 80.231383 24.074548 21.865882 19.991697 10.229885 4.136374 1.791140 3.291476 6.538064 5.826422 7.775232 6.729853 7.080899 5.298007 7.982426 6.381692
2.400535 1.902818 190.5306 190.5306 0.000000 9.227741 8.408469 5.326675 6.206631 10.301552 33.389657 46.526755 24.663280 8.520286 5.751379 11.970596 15.486715 12.471645 10.573772 2.874700 3.298621 3.731041 8.853186 12.229827 14.941653 10.386591 2.968973 7.572768 15.435639 14.683220 6.420599 4.725199 5.972492 5.641555 4.270923 11.991555 21.594691 21.900980 16.677155 28.534210 58.388649 269.690918 343.644927 95.795168 45.687582 27.443604 28.232105 31.517672 21.132441 9.169532 16.547108 14.574596 12.267684 21.320024 31.233932 28.736386 17.341981 6.094389 7.934138 7.807610 2.728852 8.441311 10.684171 8.346719 8.537210 10.385139 13.354118 11.084803 7.654587 7.250520 7.341202 4.555096 9.660214 15.111649 17.916044 10.898033 10.065822 16.602734 10.342091 51.977295 57.191797 17.880360 12.128431 15.656235 18.398998 44.477794 68.138229 52.524585 32.859753 11.975683 3.566931 5.824426 6.314431 5.780343 4.726224 4.887659 4.618607 10.194214 10.542914 10.624949 9.566324 7.143440 5.477441 7.561940
2.451152 1.906553 195.6322 195.6322 0.000000 8.671093 10.943433 4.409918 5.239638 9.019648 19.907013 41.875860 34.371998 4.796915 9.703144 6.461800 10.318295 7.218009 8.256389 7.843453 5.974099 5.405823 5.425893 8.360480 8.839511 8.256892 4.838521 4.788601 8.836506 8.392805 7.996717 4.614065 6.113653 8.272859 2.471207 2.867953 9.705114 12.289653 6.989446 4.041136 9.183657 13.754598 229.956531 375.656595 164.467440 8.803630 5.158806 9.511346 10.471399 11.580795 10.682822 17.000764 10.675684 4.777500 7.510083 8.708445 12.740279 15.555193 16.288193 9.722694 4.525390 7.657384 4.886714 5.928374 5.383703 2.429967 3.805555 7.562040 10.155840 7.186898 7.645441 5.918955 4.894696 4.490909 14.137678 18.994556 12.178924 7.565101 8.533236 4.800129 20.404274 60.341790 60.425407 16.052081 7.767699 5.057383 4.957408 12.033930 29.558805 71.810488 48.973441 3.672727 9.195919 2.403196 6.710784 4.598095 1.323095 5.091721 7.171326 9.293633 7.803610 8.496714 7.026035 4.061278
2.500585 1.910959 197.8566 197.8566 0.000000 14.163854 9.922619 3.667746 4.433895 2.825642 4.416293 24.534745 54.932154 42.177119 19.507846 6.518434 6.515054 4.295473 2.580791 5.611361 5.201072 9.016869 11.069799 8.338992 6.314165 11.839864 15.290638 11.162440 5.489897 1.493384 3.758866 5.874930 6.080802 11.409351 14.960654 11.021751 8.501875 7.065939 3.519023 2.624628 6.220436 15.823146 137.280628 320.535178 255.693252 69.424314 8.189727 3.726939 2.339662 5.445403 7.913025 17.352103 23.852560 16.569306 8.284950 5.654884 3.959853 3.699674 3.488321 12.297481 19.330372 17.330865 8.098236 5.797678 9.747983 7.112757 3.767044 6.025676 3.416940 5.302898 5.962273 6.276421 11.434018 18.558827 26.768222 24.541103 8.437307 3.181349 2.556039 6.644299 3.775217 27.193576 69.325436 48.126727 7.360514 7.455252 2.802896 2.476438 5.341956 5.920619 57.275670 76.407832 35.038845 10.551459 4.544671 5.944240 1.556039 5.096459 5.508293 5.491228 12.536647 8.823664 6.184108 9.385658
2.553456 1.910629 199.4863 199.4863 0.000000 11.241432 6.653406 4.097034 5.968591 5.524980 4.815986 14.805273 52.794725 69.251184 35.365007 6.436133 6.365649 7.760431 7.639415 4.467837 5.500121 14.456913 14.985132 6.196113 3.047409 14.424651 22.407753 13.599315 2.113807 4.926685 6.202976 5.482189 4.101324 7.597275 19.517659 22.147472 13.911660 3.909918 5.570324 6.385343 6.310978 13.924682 81.748856 304.776967 313.743493 83.236836 9.976011 8.185606 4.856134 6.156331 4.618299 17.457482 32.974079 27.613486 9.602715 3.662445 6.213060 6.732203 5.189495 5.238035 14.134081 25.354780 16.280636 3.746935 6.056865 11.026332 10.749357 5.644480 2.669188 7.666081 8.048959 5.935501 8.125789 23.695801 37.328433 30.980652 12.828598 3.419980 5.775061 5.774438 4.925420 7.418923 31.828725 57.629800 33.363500 4.993254 4.133405 5.956286 5.590224 4.953927 20.031676 63.373328 80.904490 41.240610 7.976077 6.472940 7.191977 6.924363 4.337823 5.679115 13.623897 13.447580 6.370866 4.339125
2.602081 1.906369 192.7869 192.7869 0.000000 15.289420 9.906704 3.439387 2.163316 4.497115 5.274981 14.625277 34.988607 49.497765 33.393231 7.411219 3.486664 4.326986 6.725388 7.719795 9.199893 10.792668 6.749246 4.577131 9.779719 15.210206 12.425752 4.487459 6.859497 6.402885 1.292100 4.421192 7.649459 11.306467 12.630801 12.217436 5.843349 3.219585 5.347733 5.660235 31.026430 184.416831 333.699241 199.101933 40.058913 8.822847 2.260882 3.200372 5.651152 8.131681 23.178136 23.111117 9.114025 5.646469 0.958609 5.099281 5.319449 5.085288 12.177008 17.784733 18.105151 8.899158 5.030005 5.057731 9.507703 7.966693 5.558597 6.402372 4.120613 5.188574 18.022841 25.321165 20.859626 13.004400 8.190967 5.272057 2.428499 2.932004 6.559729 15.903904 61.549952 57.114119 13.113559 3.297088 3.943311 3.192804 3.894279 13.285414 39.214153 70.058897 47.170727 8.525311 3.708946 3.059873 6.673730 5.557614 9.247769 12.681972 6.143316 3.271109 3.849916 8.775424 9.128631 8.313196
2.651052 1.909492 192.2872 192.2872 0.000000 15.100008 10.357136 1.111342 2.075264 3.009025 4.019945 6.720692 16.172087 26.650984 54.270349 27.907540 9.143305 3.040873 3.344994 8.618649 7.496032 5.429035 3.822224 4.022551 4.721746 5.649665 8.113574 7.288065 6.300946 9.038049 6.384616 5.624348 6.451333 6.386454 9.348487 13.390395 15.773844 11.901182 7.444416 5.870188 15.256868 69.002678 255.824885 320.570166 150.458757 27.635959 6.550438 7.616477 7.134367 12.356466 14.255413 20.886591 16.548430 8.827660 6.944473 5.697304 8.170533 5.328965 5.800474 7.880180 1.623915 9.299229 12.385489 11.708101 6.350887 2.680868 9.131816 4.061392 3.851611 8.461522 9.743269 22.073935 23.954222 2.900000 5.588032 4.425485 8.871811 5.329864 6.176604 6.465664 8.815927 33.936968 50.886266 47.585216 21.523289 10.166761 4.633352 5.253903 9.569212 14.905302 31.581203 66.070872 57.705259 16.822648 4.848160 5.289980 9.286904 10.798122 10.766641 10.029574 4.572620 3.291849 5.289062 7.638828
2.707432 1.907089 187.3271 187.3271 0.000000 17.509872 6.995390 5.353840 4.157630 3.572453 3.698478 10.595253 20.429043 44.775067 63.544390 41.204140 14.757736 8.779999 5.232925 9.344694 13.747280 10.490481 7.468635 8.183274 10.878330 10.065296 1.451054 8.695183 6.522669 8.447932 15.195626 12.007409 7.054603 15.400870 18.176316 19.919041 19.049156 12.276988 12.875252 16.898667 83.343350 276.218859 294.323405 90.304095 24.316787 16.383291 9.995247 14.135600 20.966897 20.685374 20.824171 8.743836 17.944106 21.127007 14.680473 5.891664 6.985546 5.651515 5.010344 7.856825 5.106406 8.341406 15.421595 13.973070 10.141182 3.705306 4.632759 5.080161 19.620930 36.829083 30.499499 11.596950 2.625096 3.260894 12.258728 10.823004 6.519096 11.946182 22.569945 32.292620 17.706882 39.409715 28.308600 17.547280 10.573449 9.120396 16.892291 26.837097 50.195370 80.383859 59.695380 26.309845 17.521494 11.383492 9.843396 16.298928 12.459411 2.452725 6.219664 9.599977 12.893866 9.402825 2.555420 7.032225
2.755655 1.912190 185.1442 185.1442 0.000000 9.912869 10.612694 11.565463 12.398174 7.323471 6.264695 8.700167 11.660498 25.648855 50.710892 53.679512 23.322705 9.033728 4.793261 8.715232 13.322785 11.136222 6.491325 6.813228 8.125795 7.684598 7.072639 6.970991 8.979110 11.841442 14.803422 13.113710 13.597465 8.965616 4.398228 11.893233 14.071196 10.262987 3.248312 35.154612 135.556692 374.796448 233.945045 40.163137 4.718348 17.784446 12.600629 13.290615 8.299206 9.443441 15.598994 21.305969 21.683689 16.144983 10.368591 6.436954 8.015323 8.787623 5.897469 4.286757 5.042835 10.410372 16.262018 12.429720 4.279458 5.935091 12.703466 28.642660 32.567839 22.933079 10.628774 2.004350 4.033712 10.389800 10.430118 6.911943 14.786847 4.235812 38.361137 47.605543 39.279151 15.821485 17.477359 6.460225 10.853321 16.886996 15.947677 14.193347 51.807961 73.955627 40.777972 19.410734 5.445982 4.506985 12.059841 10.161737 5.961338 3.426507 8.533099 7.578446 7.085929 7.070527 9.349610 8.551609
2.809634 1.907267 190.9169 190.9169 0.000000 5.700604 14.065825 12.139469 11.710724 10.550455 7.031542 10.130227 10.047606 12.017239 21.218141 54.765025 49.474685 21.484402 18.449721 12.419309 9.925735 5.660475 5.603680 2.667003 3.101991 5.055622 7.173035 7.747244 10.090480 9.238056 8.235522 11.669518 11.176910 12.267124 8.322418 4.401706 9.387195 18.102219 18.381077 21.222335 26.709514 179.848296 365.165139 205.403632 46.417816 30.342309 24.338178 25.634702 11.619575 5.388159 9.014530 14.482338 10.958028 15.903673 17.320551 11.759348 12.856082 6.010262 8.550039 5.792868 2.549769 2.462280 2.179175 4.199998 8.357338 15.232292 15.319785 15.377931 24.717904 33.886960 17.622222 8.158852 6.412840 3.178074 3.600166 6.505666 5.548987 8.010539 13.348441 22.977964 38.821550 16.964427 35.374338 36.248658 23.576607 17.570709 17.252617 23.442409 20.879797 16.222405 20.311062 64.641621 74.231557 20.973149 26.900618 12.988238 12.270059 7.508452 5.921886 5.521796 3.342221 5.244232 5.286188 6.806291
2.861052 1.891692 188.4926 188.4926 0.000000 9.855225 13.401656 8.418146 7.697417 4.325967 10.230401 5.688556 3.570953 10.873008 22.829645 39.892088 49.203139 29.085171 18.855937 13.836353 7.533834 11.150984 12.287409 8.208012 3.945902 6.753319 6.236089 12.475789 11.885537 5.406697 12.363660 10.583862 17.765337 11.248995 7.748071 15.043541 21.550166 28.128491 28.186016 62.695153 129.488561 290.143230 271.451961 125.318537 53.844304 29.021206 24.978432 12.813131 6.167020 6.106544 4.816493 12.844772 22.933271 19.930473 14.893528 8.422930 13.000562 11.615321 9.026961 16.979072 15.527814 10.745893 5.697831 2.510743 16.166527 21.933060 18.735825 21.924746 29.069372 20.772138 9.259265 17.943016 15.683827 8.136047 3.488550 5.328831 13.432601 12.017783 22.376266 35.193159 33.452179 38.149146 28.830376 16.990644 20.901538 11.682070 24.988420 7.839016 20.096205 6.470059 55.788425 55.233241 46.225528 33.024283 13.306008 10.495143 11.607509 6.275251 5.761970 4.912776 5.609534 10.712161 12.266836 6.622584
2.911083 1.892952 180.7685 180.7685 0.000000 9.845457 9.907843 7.689289 9.618833 13.780470 13.688254 7.429207 5.338795 7.575185 8.854378 23.446373 39.627265 27.784535 16.303648 6.279902 4.667801 16.970454 19.659396 8.383742 4.297094 10.571420 13.292236 17.159012 10.172770 11.725104 14.525972 12.659822 15.687853 14.940488 17.677008 24.505567 33.149690 31.334471 39.361217 168.823768 343.047302 199.349800 50.670263 53.847922 50.235178 28.248423 22.745451 12.828055 11.952320 13.718905 17.264798 19.245800 13.933029 11.594041 14.784264 17.634324 15.794021 20.858920 28.042950 21.440055 7.903409 9.392962 8.895655 13.858987 10.035697 6.605082 8.577160 14.546664 20.993051 20.201825 29.427219 25.491984 10.638915 4.883029 4.856427 19.205992 28.212427 22.563382 19.947068 10.791269 23.169331 24.864947 21.330086 26.335592 29.105985 18.426861 11.026482 34.733921 57.339058 45.187903 25.324700 25.045414 18.777886 13.835730 16.242372 7.684854 4.138700 11.630137 14.864697 17.216652 13.227821 9.303975 8.542072 13.043936
2.961925 1.886022 188.8565 188.8565 0.000000 10.318113 4.936129 5.548344 7.658421 15.985569 14.196108 8.278245 5.899707 5.364616 12.733420 10.829513 26.610796 54.173302 42.398194 13.110376 10.467042 12.893341 17.729225 12.365617 4.678609 3.442628 11.108184 22.288378 21.743190 14.078810 16.919300 20.860069 13.814341 7.902519 6.678072 5.616414 10.719865 7.248242 20.530152 28.389492 70.624826 193.004318 325.055726 204.762377 60.092599 36.696169 16.294234 9.784779 12.490161 10.543826 9.203247 12.305261 15.511165 14.895630 15.597325 22.295350 28.674553 23.768870 13.346859 11.275495 18.543452 15.706956 10.230640 9.552795 8.605320 8.442065 12.432039 14.570901 20.451940 26.228282 22.851807 11.350838 14.111702 22.273361 19.197517 9.885797 5.516979 12.759139 22.033448 22.840925 18.212150 22.388142 26.603416 17.499289 15.219219 9.692599 10.450824 17.183342 19.429471 18.406191 20.984257 34.907788 52.105192 61.211137 47.302598 33.363799 24.015389 19.703487 18.953655 11.905967 7.158303 11.532473 13.292813 18.084131
3.012842 1.902646 191.9086 191.9086 0.000000 11.682004 13.920383 7.234806 7.630197 9.733017 2.512199 4.247542 5.971082 7.944540 7.408476 15.828500 25.100942 35.641044 48.774989 21.062753 12.142381 18.090579 8.798240 6.062880 4.257588 3.272815 11.680751 15.124293 11.450335 17.145547 16.365291 8.544642 7.203209 11.255750 14.111071 13.369790 14.558220 13.657424 15.255405 29.392513 50.915494 234.892754 328.209219 161.987599 51.839119 30.155049 19.045883 20.419871 18.870726 14.828637 10.982036 10.197051 6.824627 10.084442 26.421206 27.190815 7.810631 15.890172 12.084101 8.088701 3.240888 7.421933 11.870819 17.027011 6.656873 15.329286 22.531203 14.733723 28.310742 26.021428 10.399325 11.530415 9.639859 4.236020 7.738678 8.540551 10.131287 19.156115 18.210186 21.606010 38.977905 36.347098 23.661367 24.405450 26.060230 14.302051 6.796216 6.276388 11.532412 9.321921 7.726124 15.534633 26.768117 56.452440 53.371548 26.999282 24.596813 16.191273 8.482479 10.537238 9.311936 7.110588 13.940197 10.473080
3.060639 1.914316 189.7864 189.7864 0.000000 11.204375 13.597519 11.272053 9.426469 5.209827 2.264635 7.188010 14.353829 10.277974 7.401339 11.191184 16.750373 19.976140 53.019153 54.157723 29.813141 10.986769 10.990652 12.811713 10.024169 5.215080 11.456631 14.550966 6.587610 7.650228 17.851783 12.987127 12.138518 14.285023 22.285920 15.169911 6.919149 13.148708 15.495225 8.803254 22.475339 113.624870 342.646536 283.526130 42.573030 11.067770 25.275352 25.793411 15.727876 7.940743 16.150160 19.277193 16.480892 16.520770 18.531207 19.732308 8.823267 14.692913 13.888805 6.601670 7.116749 15.054501 16.338968 12.111321 11.498556 23.038144 30.407277 23.304732 13.551168 18.554253 10.939503 15.306654 19.457713 13.761723 7.546954 9.131511 12.360008 11.397764 6.178844 13.198685 26.610619 31.081604 17.590170 22.776862 29.490942 39.791160 21.468200 8.319481 4.851466 5.438581 8.320850 14.555991 11.997646 18.112342 41.385550 71.470083 54.889215 26.631076 12.089070 12.085400 10.476239 5.758884 6.182696 15.745506
3.113119 1.911116 184.1004 184.1004 0.000000 8.162676 4.465380 11.366498 10.406266 6.239123 4.231317 13.479698 19.119690 12.529979 13.704734 19.524079 13.832019 19.179176 54.160969 59.366912 25.015198 5.831211 11.095026 11.579518 6.020904 4.861735 14.121844 11.306017 4.831983 17.187303 25.257163 13.848176 3.306025 19.712713 20.427418 11.682810 4.511585 11.274096 8.119856 27.483028 144.657624 338.740087 232.081980 38.702499 11.991248 19.885880 11.985091 7.974186 15.169270 15.461648 7.349403 12.241432 27.488455 23.745947 7.956468 11.438958 17.220060 6.509184 5.335532 16.796189 16.942751 1.958861 7.219956 28.934843 38.002496 17.601805 7.094996 16.513216 12.038072 9.205537 23.731066 26.027490 9.989339 4.591095 9.178825 11.699814 5.743398 10.020299 21.264220 13.679442 9.290257 31.051237 44.277776 22.617225 7.559948 3.709314 3.094524 5.036880 14.607806 22.616195 19.007213 4.852217 55.407929 92.482860 43.368452 5.075430 7.727089 11.449712 2.649702 7.390840 13.610884 15.217465 4.749299 2.796702
3.160577 1.907184 185.5550 185.5550 0.000000 7.042282 9.410900 6.327619 5.555333 11.870947 12.611875 16.934554 15.165654 8.475845 12.101530 15.813756 7.653716 17.303353 32.344778 51.949470 43.665082 13.676175 8.171725 12.326573 9.470150 10.455722 17.087415 20.300112 17.930727 21.006092 24.299750 10.860678 9.883706 13.079832 11.303542 7.496973 9.729880 18.037236 10.396425 14.532920 122.352526 358.832436 261.623141 25.780215 10.601670 23.966392 23.456706 5.623312 10.337106 12.325624 13.797632 10.148655 21.805100 25.799288 21.347890 20.270127 24.403336 17.498378 8.343581 12.190080 13.282400 8.670818 12.081818 21.399779 21.340855 17.544141 9.835371 8.435574 14.329239 12.178923 16.660684 29.064861 29.640118 18.442422 14.677460 14.016125 11.938929 6.930745 24.346072 31.099215 15.265686 14.475926 21.927841 40.270225 17.136304 1.873388 3.421910 4.547777 6.424728 16.192700 15.858476 4.777390 18.994082 49.994850 77.074340 39.244294 8.639504 14.485741 16.873074 12.326907 9.833014 14.358440 16.361319 13.370177
3.217107 1.903894 184.5089 184.5089 0.000000 9.527102 7.626924 4.853431 9.506315 5.590429 9.396674 6.326184 9.860759 7.829577 16.242513 18.185512 14.588302 7.285214 8.670864 35.061458 48.946839 27.144344 8.704220 5.728485 8.990563 11.936526 13.280750 9.642015 12.701587 8.387639 20.617075 17.754344 6.638502 9.176777 8.632995 14.063535 19.171791 20.112193 8.053732 19.769550 195.147833 358.322710 183.032725 7.062188 10.415544 23.748430 25.937214 15.405343 8.236530 7.745955 12.758710 21.939495 19.481753 14.378665 10.503897 13.759896 20.296240 18.961702 10.751720 5.112349 10.069512 15.223526 22.718016 9.840079 1.951573 7.256849 9.921402 10.207861 12.680711 2.168158 13.265659 12.125285 29.416663 23.361206 6.073726 7.287516 6.706808 21.260555 29.589621 22.701307 10.555138 10.138090 27.971523 33.500526 15.293835 6.462455 8.828419 13.126639 19.468758 21.737728 13.820094 3.896464 14.349937 62.623583 68.255764 23.570548 6.336254 12.799617 15.065326 11.354122 6.127163 7.891452 9.998841 8.870017
3.264802 1.907081 179.8258 179.8258 0.000000 2.983269 9.844142 10.504922 8.030344 7.769106 9.515606 8.453968 9.711186 12.840029 7.113614 12.714346 14.126975 5.677615 9.736481 39.267508 59.524489 22.166809 3.229674 5.203071 6.741627 5.221176 7.788959 7.389605 15.180844 17.847059 12.524734 11.192684 14.272080 14.766442 6.897224 13.173551 11.434047 8.418693 13.877203 183.722277 369.924314 184.439945 14.320345 9.632548 16.041051 16.821258 9.610623 13.012067 10.090727 8.066561 14.633251 26.554416 23.620700 13.567771 11.107540 4.378935 15.733514 3.210377 4.836011 11.662646 26.545502 17.483391 6.882259 3.470491 6.201147 5.870537 7.964663 9.676339 8.686204 12.162805 13.238098 19.664738 20.350272 15.525287 9.715600 9.067147 19.671947 9.644067 11.905158 19.738265 38.547907 33.997426 12.675678 3.950664 9.510209 14.785795 8.187203 19.431607 18.347251 9.277659 12.049569 55.312277 80.119867 32.915880 5.500127 7.463947 4.881523 7.002219 6.970505 9.232480 10.322868 9.394733 6.988736 7.482024
3.318439 1.901771 184.8822 184.8822 0.000000 9.969543 17.048535 14.327922 4.260159 7.326920 9.898752 14.077999 6.742857 8.068108 8.061155 10.846140 14.204983 10.637863 4.481194 12.186432 40.597655 58.596265 38.602970 20.930649 17.924749 18.897683 18.221186 13.348238 16.389854 12.669750 10.341690 8.926589 14.304254 13.905105 10.072007 4.837986 7.851680 17.569975 20.211865 16.051576 199.692937 369.592765 175.749025 10.480524 21.031293 17.746771 8.129784 8.144465 10.671986 12.471564 13.929758 15.356519 17.422486 18.400429 17.006285 11.643379 16.656917 19.958935 15.994988 13.873175 21.682867 31.492303 19.772091 8.830706 10.752075 11.350229 13.094815 11.745488 7.688831 4.501061 3.141110 16.204386 11.018742 13.752197 17.524245 23.070432 14.771526 6.031726 14.538719 19.581725 17.073440 17.062878 37.365190 30.157719 17.456301 17.959483 14.575509 10.065259 8.525512 10.916551 16.266541 16.879365 12.268499 19.859141 60.168255 75.687095 42.198061 23.634045 18.746573 16.578270 12.760900 8.453192 4.694660 10.277275
3.371244 1.900748 183.6062 183.6062 0.000000 16.030505 16.414267 13.361068 13.568653 15.084153 19.246137 18.776781 8.886301 3.605442 4.265220 5.678297 8.686047 9.599213 5.403965 7.573768 32.895722 61.923887 41.589134 17.001068 14.569124 14.638918 12.722638 18.020664 20.878987 15.450200 15.448112 2.182760 13.997777 4.251358 4.317052 6.489839 11.127421 18.335326 15.079312 89.854291 274.449646 304.183570 113.470985 17.871277 12.090667 11.585750 7.617832 10.186559 9.891147 9.353447 13.022297 21.844545 17.226338 19.138365 19.099053 12.057623 11.990311 16.606669 10.978591 14.192503 31.755732 27.131690 12.561768 5.432532 12.812469 14.997564 7.725680 4.868641 4.236444 7.105816 14.928664 18.438462 10.521378 4.614280 9.577455 21.256225 19.546757 9.981967 10.787905 11.365608 19.949872 35.089786 36.732276 27.109127 29.703104 6.667254 12.767470 7.468643 5.638479 3.333211 9.557489 10.040867 7.175966 25.704498 76.607205 68.992191 26.027900 14.783147 14.266674 9.110312 4.846924 7.641606 10.429740 6.072180
3.421012 1.897520 180.4099 180.4099 0.000000 11.309547 3.090116 2.390597 7.356312 11.758432 12.628223 13.524199 15.593644 12.393424 11.796176 6.423680 4.959618 4.886450 1.642235 3.754051 14.413599 41.160178 52.907802 30.530947 10.554266 6.090860 4.375047 6.095727 8.489204 15.354751 23.750065 22.130049 18.314257 12.002564 5.055381 4.118008 8.495419 8.110076 23.495234 92.017883 325.915115 312.710957 76.306195 19.944678 6.382647 6.491701 9.357946 6.806928 17.824673 24.628694 25.729241 21.801998 14.814664 15.565184 10.474774 10.058813 6.231133 6.230634 11.450470 16.971294 15.551595 12.416617 8.180762 4.661962 7.335279 7.953814 7.832613 6.411813 4.661629 6.603574 9.907625 11.181867 8.664892 11.042936 4.815576 12.293720 35.782979 27.229157 6.342884 5.590857 7.273818 6.476106 21.169344 21.326522 32.082095 36.843780 29.032334 22.716335 10.094280 4.981507 6.094883 3.931721 6.834261 22.935955 61.933371 76.763278 36.608628 7.087990 5.586487 4.542452 4.859095 3.557209 7.502586 8.983013
3.471132 1.903238 183.9916 183.9916 0.000000 12.742021 9.281866 6.392965 3.223472 5.403390 6.274602 7.826351 10.292520 21.114055 18.940106 3.717011 3.856814 6.058851 5.252215 5.710128 4.382798 15.483551 33.583370 49.305273 21.972550 6.818321 11.863453 8.192089 10.481492 10.655374 13.592040 18.010431 14.821010 7.636649 17.517610 16.077648 15.293278 17.602657 16.491751 44.915513 207.489617 342.860113 180.725196 6.358492 17.135976 15.716188 18.846129 17.792262 16.233281 12.031516 23.208575 23.954958 13.031240 12.528641 14.482901 14.079088 13.688194 8.893072 6.951735 10.952509 9.845595 10.403221 5.407286 5.125837 5.873944 5.996608 4.484255 5.527861 9.705204 10.005054 7.139567 5.406043 6.866199 8.702224 10.444173 9.479958 11.124393 27.395448 39.837766 27.387202 14.064978 13.875107 14.998053 15.720384 14.297430 13.635238 18.885163 35.904417 29.781126 17.081280 16.686348 15.936126 14.080627 12.768397 15.708541 28.284793 60.752319 60.940351 23.379308 13.009021 12.345773 9.753215 11.034673 11.835521
3.522899 1.903739 184.3944 184.3944 0.000000 16.539707 12.797179 2.892909 8.656710 4.247181 5.414079 8.771175 4.611930 15.901858 23.263817 13.300135 9.195298 9.836380 4.738480 10.396010 10.427057 7.881288 6.378858 47.547805 51.744087 28.346970 13.294210 6.506605 16.320241 9.341837 5.517474 5.868139 12.632518 8.694015 14.530159 15.053070 8.343719 19.670752 29.328690 32.204000 159.464652 348.187692 237.326367 40.200232 24.155828 24.691731 12.436013 12.029386 18.674585 15.944958 17.047605 20.126144 10.065777 11.463179 12.576276 9.660589 10.689117 18.556009 22.937153 25.722485 21.767450 18.022061 11.072425 11.752545 8.482780 10.539039 7.264934 8.102542 8.911830 5.290896 3.434975 5.556178 6.267655 5.441817 8.403111 7.939640 5.717979 15.143221 24.824694 31.558397 21.462779 11.904760 14.831426 14.879926 10.981570 23.645764 25.722967 30.465839 32.846476 22.718427 16.294608 12.876607 8.708068 11.040731 15.362021 15.602826 22.962507 47.490908 62.667209 42.778489 19.437997 15.251809 17.060947 10.326888
3.571192 1.899335 181.6303 181.6303 0.000000 9.847652 9.295198 14.722995 11.494024 1.801320 7.972817 8.304705 4.904015 11.022521 16.671335 8.731146 5.591946 11.764865 10.515701 8.479331 19.117894 22.477790 25.715339 47.530480 61.123317 29.845453 10.378458 19.363613 16.157728 10.278396 12.859455 15.212681 10.071337 9.368449 10.676445 6.421110 13.710122 32.585666 33.664907 68.040984 276.402553 312.425767 110.306835 37.301744 35.663029 15.952701 6.462014 14.444148 12.755594 7.295364 22.033693 22.531324 6.599043 7.171649 11.783268 10.257954 6.394453 32.137284 33.092614 17.177035 31.788097 28.991820 13.530335 13.587021 17.934098 11.567123 2.796737 5.719113 2.831411 1.958628 1.803819 3.709343 4.268150 7.818803 12.519873 9.202327 8.432755 16.497499 11.127095 10.275160 22.998426 23.871239 13.773203 20.517031 29.803354 13.647358 16.653923 31.026725 18.889078 7.392814 5.162527 5.037443 4.831439 18.189163 18.482608 11.398453 46.389360 81.828794 49.747747 5.476508 22.699152 19.591759 6.582290 14.260084
3.621054 1.912455 186.6103 186.6103 0.000000 6.965448 0.826907 14.655284 21.883006 15.184669 9.353255 3.757438 1.941537 9.865150 10.286368 5.057200 7.837993 3.098744 9.264864 13.307740 24.382094 28.756637 12.296763 13.330619 44.160941 61.312603 31.394560 12.142343 19.844503 12.095355 14.783615 18.299007 6.039126 8.602009 10.215744 4.924045 12.777798 29.848813 38.090615 32.542261 105.506917 306.905089 286.554447 95.743115 31.860478 37.686332 25.325192 9.023982 9.257682 11.711039 4.658574 13.380890 22.576234 13.435210 8.383027 8.623442 9.824546 19.077298 25.730490 20.718151 17.637889 26.589292 35.471121 24.070974 11.355173 9.218585 13.527223 16.067773 12.912305 7.608036 3.721661 2.146753 1.881103 2.034810 2.198310 7.937904 14.708086 11.453453 11.691875 18.703846 16.361768 8.818655 17.591516 33.449774 28.623331 19.127267 21.579799 19.867223 11.566119 19.072661 22.353183 14.551730 6.612219 6.279528 10.503479 14.680242 15.123185 13.601322 18.365508 50.859789 73.155127 37.786206 15.381231 26.853792
3.674217 1.908040 181.1140 181.1140 0.000000 6.766222 7.957830 8.980409 23.111541 16.003970 9.279324 7.497939 10.102562 12.935907 8.644977 7.236953 9.202559 6.980045 7.062156 17.673076 23.666845 13.081446 6.250325 18.536986 45.693726 52.368650 24.869913 12.491916 13.408193 13.526674 18.726258 17.030245 6.710065 6.694948 14.960442 18.373398 16.528327 28.263326 24.836126 131.156972 342.981999 252.240890 46.870858 34.053181 25.263331 11.577577 13.929531 11.597791 9.108519 4.227163 19.054851 14.411450 11.941659 10.150830 4.430829 15.317824 33.216351 26.806113 17.344381 16.377173 18.974704 25.369302 15.535477 3.242907 4.625287 12.507829 19.226845 17.031455 9.209290 3.159639 2.236575 4.316744 7.716668 8.464030 11.878491 9.982738 11.936400 14.131504 9.612891 7.144054 24.500019 34.488257 29.215998 21.579186 31.885537 22.122522 4.406692 14.214980 4.636114 12.848077 10.094597 1.942506 13.760895 14.707474 15.054088 18.085301 25.134486 71.531187 57.006515 23.594665 22.509277 17.449975 7.429025 14.307092
3.720565 1.909044 176.8600 176.8600 0.000000 7.781026 11.190245 15.880045 20.195673 8.952761 8.928763 12.026426 10.739262 11.259561 10.249490 10.809018 6.723479 5.792297 12.375207 13.871473 8.025255 15.719562 22.075605 24.989302 44.345690 58.842169 17.338185 11.416691 5.916004 12.660758 25.765770 19.086529 6.451102 11.032878 20.620988 18.319881 10.403026 15.995033 130.148903 323.338464 250.693022 60.589561 14.351413 24.464065 23.425602 18.099427 4.134370 14.712238 21.993180 19.758388 7.934050 6.392757 11.886170 20.316504 26.604953 25.360343 28.729199 18.854279 9.041298 14.808436 19.556570 10.197550 8.079511 11.544311 5.945185 15.584418 18.000583 2.649084 6.168236 7.361497 7.579760 9.046729 9.088855 15.275236 15.456810 11.301115 7.864221 14.053219 25.570540 19.333954 14.971888 23.095916 33.864726 26.801984 15.166510 12.080665 8.400643 11.638245 11.416664 6.823569 5.099405 18.467678 23.602925 15.327966 25.889042 61.916075 55.340455 17.464776 9.903796 12.507519 21.188475 20.194688 8.621914 9.114184
3.774856 1.906453 178.3781 178.3781 0.000000 7.909447 8.082472 12.701133 17.824555 11.519723 4.370650 9.166539 11.458470 12.208567 14.156032 12.109962 9.583790 12.392995 7.763236 9.586016 15.040356 15.916960 14.816886 12.703771 26.896660 66.771188 60.486146 24.034489 6.754806 13.937105 17.771650 25.148952 15.686754 4.555170 17.834371 19.491056 11.960413 9.389553 70.559815 267.311327 308.393408 110.442750 10.702645 14.613729 17.882018 16.173222 9.660864 19.599584 27.317384 15.160526 8.995036 5.571421 9.925019 33.946048 46.935722 25.912467 22.691830 20.997740 16.138032 19.567935 16.483304 12.614629 24.525485 17.518079 10.225001 12.000929 16.650764 16.105701 12.939299 10.023705 4.158938 4.597033 6.042732 10.931378 19.836778 13.999718 8.377662 14.916966 19.163951 23.630965 22.390499 17.979249 17.916152 29.579248 5.027114 8.462874 6.868576 2.569822 8.763887 9.083193 6.518639 11.423524 14.901873 13.326491 6.484159 16.949971 59.256614 68.823260 38.229374 15.751173 15.582766 20.763686 19.707617 12.622328
3.829617 1.911994 175.2451 175.2451 0.000000 4.650809 1.789030 4.247431 8.431135 5.647070 4.976096 8.809510 14.141161 8.517129 6.243558 8.174164 12.345991 23.949289 22.125531 13.143047 11.589081 2.911646 5.584282 11.776268 29.745528 63.595151 61.743945 20.287957 8.125543 8.933939 13.862613 20.641636 17.619813 16.222345 9.159239 9.079470 9.984541 23.525114 215.271026 378.690205 153.445529 19.772053 6.963714 10.819913 11.355726 14.609129 20.781390 25.450853 12.701653 4.081448 7.355454 15.520147 35.641696 39.235540 25.278580 13.019555 5.498425 2.811146 12.357392 19.036230 32.057742 31.059309 10.399091 3.236907 5.114757 7.533090 11.208620 12.162101 9.381011 3.591916 5.173675 3.751698 5.297485 16.036452 16.161151 10.358035 7.793043 4.744927 10.427484 6.289029 18.358314 32.695653 33.199133 18.509486 11.615359 8.328746 5.969941 12.744987 14.702684 12.211516 9.938266 8.886276 8.157696 6.710186 27.450521 78.562279 68.632929 17.687329 9.211000 9.193588 8.173707 13.470591 14.869897 15.858656
3.881006 1.895462 179.2733 179.2733 0.000000 2.545419 2.517520 2.096820 5.308189 5.225757 3.395729 2.719517 6.869501 11.322464 11.117183 8.051980 12.915328 26.737294 22.870685 11.097598 9.800315 17.508271 22.640345 15.656450 13.558725 14.991634 46.154865 61.796282 39.961516 26.327575 15.703186 14.246678 7.256285 8.453820 6.887344 13.885155 6.400999 23.766819 58.256824 264.536906 326.857719 118.974032 27.182001 15.956480 12.014995 12.904814 7.412911 11.592175 13.830529 13.615886 16.843189 25.103848 34.440548 25.105248 13.258835 12.760533 11.950279 16.028055 19.577924 13.800394 15.869450 21.276884 38.464306 24.200292 10.672770 6.894845 5.669308 4.754549 7.223793 4.204156 10.546960 10.765600 5.965037 1.591032 4.736833 10.511596 10.253901 4.591526 4.299574 12.227793 19.914466 18.022186 22.526916 32.961433 29.688905 23.904358 11.121571 7.495907 8.782636 13.724296 9.331320 3.475465 9.725844 23.225672 18.405183 9.424150 23.768440 44.843247 79.971361 53.152853 32.546449 20.315683 7.910407 6.457248
3.931050 1.891873 178.0798 178.0798 0.000000 9.618086 5.660110 3.763497 6.119285 1.748632 8.006333 7.625705 6.660180 7.977582 4.098931 11.846070 17.488284 21.037674 11.727472 6.152867 6.643134 17.279268 30.673953 31.064670 14.452328 6.441178 18.571154 42.508101 54.607142 33.498898 20.318770 11.941478 10.874067 5.945354 4.296498 13.378497 23.449671 42.026877 80.728088 188.660185 302.992004 222.088247 96.429285 38.620228 7.774812 6.114815 15.032920 16.616214 13.289683 11.524958 11.190031 17.660785 20.419022 29.420694 29.452259 13.325399 12.323933 21.822897 23.660924 19.831829 17.212248 17.302630 14.694145 28.595418 29.455925 18.964114 10.962036 4.940793 7.105454 5.261627 7.123063 10.922345 7.157990 10.161759 7.541890 6.893733 4.067393 9.308544 2.941643 7.085376 5.161264 21.880576 34.133254 24.525946 13.776098 29.296334 15.066080 23.744936 9.666298 7.537868 3.681354 9.788883 9.944167 8.650434 18.426482 28.903874 25.167978 16.104207 29.505444 42.174102 63.196849 53.693399 44.728093 17.830436
3.980612 1.890301 179.8146 179.8146 0.000000 10.567705 9.350510 8.806370 9.038277 8.535020 8.940859 5.675695 9.170680 13.322594 13.104736 3.316807 13.558897 5.816405 9.832381 8.625269 14.502792 8.976335 25.772617 15.290559 21.875225 16.328840 12.874926 10.895221 50.246154 36.845792 28.467877 11.847942 13.514374 12.002589 8.646014 13.909727 22.483800 25.339285 61.063860 181.819624 347.975273 215.372088 57.527518 40.266376 19.910678 9.209032 13.816948 14.320205 17.836624 17.209224 16.012252 11.433488 18.872546 24.492670 36.053570 28.563970 18.610867 14.178470 16.081012 13.551003 10.724232 8.569560 17.033856 16.946808 22.294876 19.853101 13.788928 12.935736 5.455407 5.896688 2.775906 3.371157 10.786511 10.946837 12.890843 10.490492 7.835787 7.810572 9.960490 10.346918 8.910069 11.806206 23.158525 22.823008 11.302783 25.742520 38.515092 31.519887 14.336995 3.454204 7.099105 10.625675 7.910039 7.321215 16.113067 13.899830 16.241979 18.073551 21.451562 39.067863 52.838557 48.748039 36.592221 34.878930
4.031153 1.880976 179.3183 179.3183 0.000000 4.700211 5.353442 2.646638 8.512259 4.913116 6.442301 4.579355 5.265720 8.713761 12.756884 20.894144 18.541379 10.925867 10.238768 8.555911 18.310599 23.378320 21.783529 18.203643 22.643979 12.986019 9.538042 22.065735 40.557739 65.001718 49.080834 18.831195 8.906847 5.267186 9.189356 11.414747 5.004446 11.141612 43.995842 103.404393 328.835380 270.909284 75.112082 19.478735 12.738904 6.919936 10.462725 5.323139 8.951487 12.212364 14.837557 30.817686 31.068489 29.987900 29.311787 15.402256 15.497977 15.698771 16.398239 21.262205 21.931804 17.523017 7.169019 4.513265 16.202244 31.900312 27.032672 9.875880 2.010405 5.621116 6.659597 9.149277 14.110414 11.823180 6.718452 5.521624 3.776467 4.713179 7.000015 5.585035 2.627839 6.010730 16.659143 19.519371 20.515631 32.754431 25.679005 13.197819 14.380594 8.639027 10.586531 11.259207 8.018412 10.520850 13.237050 15.531662 15.054822 9.981525 11.649680 16.269490 27.740181 60.733761 73.116903 45.549695
4.080598 1.896957 174.4190 174.4190 0.000000 3.153330 5.839348 7.937604 8.684377 7.069898 8.026123 8.007951 6.873643 11.270953 17.591666 21.234856 12.918105 7.420435 6.668758 15.162942 15.647404 11.767081 13.725675 17.724987 20.556772 12.338324 7.934915 5.650146 43.989061 62.561753 21.568999 10.101040 4.359665 8.964276 16.680936 11.299067 10.557392 17.059401 147.387720 345.004475 236.324371 31.229020 20.273570 16.700408 14.479509 12.275702 6.123174 3.888359 15.421949 35.263693 31.036997 12.246781 10.588828 17.493017 22.861004 14.023629 10.812071 9.245940 14.424713 17.407052 5.730635 5.744521 11.739397 22.304370 36.237158 17.225860 5.302579 5.787287 2.479382 7.806968 8.519196 9.354910 7.903587 10.269072 8.881773 5.584255 3.964406 3.770744 5.859935 10.422342 14.565953 14.214246 10.838803 28.088257 33.116642 20.018222 9.439682 9.402833 16.531638 17.317607 14.764923 4.900782 10.507966 16.231809 18.457833 11.523708 9.446926 8.802104 35.373642 77.242277 49.534516 11.296787 10.000327 9.790219
4.131195 1.898377 177.4480 177.4480 0.000000 3.133700 3.929868 5.329057 9.199146 2.700290 9.631800 6.398146 11.626457 20.854156 18.875443 13.856447 8.636770 8.961715 14.508619 21.473707 18.860201 12.147277 8.295001 5.920787 14.881376 19.176469 10.579354 5.824249 19.157688 51.277003 48.142984 18.590357 8.739580 11.791015 14.603065 15.439534 12.004361 15.355295 92.909194 281.448568 301.277576 116.517367 16.573352 10.253549 10.703279 11.842194 12.143390 5.512917 3.800799 24.687261 38.943122 21.090817 8.623640 8.911894 15.837237 24.579906 15.436238 5.183597 5.015065 11.237768 16.388677 9.994000 7.503921 3.452576 4.070371 30.622755 30.209265 6.672915 5.189973 7.683625 7.316669 4.332634 6.148925 5.671083 9.657191 12.204836 4.863730 3.292969 4.786803 9.720816 9.399096 4.094456 6.062028 10.442492 20.479872 32.514093 37.318300 20.358030 10.656066 11.434642 18.777729 18.487849 16.444823 10.935672 5.923408 8.286325 12.738765 12.558827 6.888065 16.477884 51.777884 66.328316 32.248262 8.224727
4.186378 1.903453 170.7257 170.7257 0.000000 1.056315 4.905398 8.377555 7.699010 7.032246 11.750764 11.300400 18.076131 17.399240 9.125268 5.907790 8.982790 13.298974 13.150578 17.250081 8.984103 15.923735 8.602730 13.199388 15.591191 14.725399 7.389047 17.258322 33.555266 47.727411 33.023369 15.680564 8.186448 4.933750 8.813358 12.599977 15.506885 145.080228 365.665370 231.429886 19.094285 18.032276 11.334296 3.339294 5.918127 15.404397 18.580477 28.940101 31.362616 18.085250 8.044600 11.194168 14.436165 17.711336 17.752578 7.971713 4.715506 13.295478 10.143939 11.992459 7.787974 3.219475 10.860083 31.071709 29.111189 9.243793 5.218009 5.643600 6.638129 6.231806 3.411454 4.957742 9.311946 11.656511 7.473431 7.833806 6.779823 7.354113 8.531803 7.858733 15.251466 20.127874 26.830573 28.130145 17.040646 14.383146 10.726111 10.403408 8.254160 20.733601 22.610277 14.456119 12.994848 14.171065 8.796448 15.670772 30.019489 51.777981 57.885873 24.760107 11.331434 5.879105 10.312580 11.543529
4.233407 1.898494 171.0612 171.0612 0.000000 3.706142 10.238037 10.460514 5.211321 7.854313 13.870060 13.628170 18.741470 19.306573 9.163090 6.665553 8.593129 7.810508 7.260997 11.301820 17.944467 22.416245 19.139438 7.565177 8.196428 8.624963 9.864995 16.499248 16.572059 33.909602 39.686785 22.812173 13.222851 17.745431 21.327823 21.574840 37.944517 169.638010 350.375867 209.310851 59.207769 16.274438 22.328637 18.455820 14.227317 10.413366 17.857901 33.801448 26.503943 12.145979 12.077563 11.217726 10.877194 11.241029 12.151912 12.710726 18.435170 22.182302 12.998355 10.293082 9.225493 3.210907 4.818874 25.121639 38.135783 18.408022 6.010614 3.532502 5.982992 12.033681 13.219881 7.394886 5.889072 5.911898 8.687424 2.984255 8.832840 14.398884 21.361519 14.015126 20.366915 32.384914 25.681706 14.091004 14.838137 12.756858 9.366625 5.777522 12.815200 24.458047 22.889503 9.582289 8.258123 4.140041 5.665816 15.104761 14.251589 27.492946 57.970641 38.185497 24.480927 22.656563 19.104025 18.591404
4.290815 1.894653 175.3436 175.3436 0.000000 6.568806 11.174244 9.400647 3.000763 7.434482 10.197873 10.536801 19.603487 15.004026 6.457961 9.183115 13.980815 10.608559 10.875435 10.212646 9.047829 11.521253 11.535961 9.483758 7.035902 5.448343 7.527611 18.409111 23.768937 17.182940 17.369793 31.787448 18.668716 11.059566 19.203680 27.530579 20.943059 54.758696 278.491544 361.699132 93.015156 33.128228 33.012218 25.151760 16.658406 18.084645 10.064165 7.165365 23.683938 29.996458 28.332403 14.494556 5.862691 10.363386 8.120826 7.414629 8.688084 12.778622 19.467025 18.319639 9.125529 5.502953 6.693468 5.540018 13.541854 33.727151 31.943589 8.683172 2.967058 2.921435 6.762723 13.731239 13.541671 11.265455 8.572554 4.631942 6.971741 10.345055 14.450955 19.213165 19.321315 15.581794 17.604366 19.356086 21.607977 24.212321 24.763535 12.834530 15.367286 21.210214 16.956106 13.062256 10.570876 7.586636 7.661824 6.338809 10.609542 17.564759 14.482510 17.855565 43.037177 30.131223 22.787334 15.534978
4.341000 1.888198 172.8863 172.8863 0.000000 5.317367 2.758660 8.287773 4.486838 2.866808 9.411414 13.774126 11.590457 5.658709 9.273068 14.578800 14.958855 12.726823 10.102726 12.112700 18.808369 19.298429 14.900011 8.191755 3.735373 5.819454 7.522160 15.563308 12.601484 3.546886 25.222147 47.299613 35.149639 13.428022 11.417826 15.353958 17.749552 125.717040 316.706842 254.771085 68.763513 16.185429 14.124382 6.819180 11.123840 25.390663 26.285349 18.256723 5.264716 24.710272 17.466400 10.844291 7.683209 2.045550 6.300248 14.107204 13.630479 11.795292 10.426988 4.021981 7.798076 6.123156 2.438728 5.510550 16.937573 31.185906 23.910677 11.253360 2.927544 4.706448 3.970257 6.473044 4.403147 10.384897 6.351640 5.068529 12.631767 5.043530 6.796757 6.289030 2.471918 7.296246 15.539906 27.999999 34.567602 21.906913 18.814895 17.788455 18.752818 18.375215 16.080546 11.974276 10.098124 4.842100 5.271657 9.480794 13.349623 13.049604 10.637672 44.435875 59.177667 31.892012 13.892455 5.713283
4.391060 1.896037 174.5654 174.5654 0.000000 4.629224 6.948166 13.106689 14.494303 14.770052 24.278189 27.305837 11.846554 4.311720 9.128843 10.941017 6.522839 5.710467 8.668816 11.347603 17.538074 27.137819 20.503282 9.957032 11.153944 11.782019 8.743627 9.578639 5.106671 8.153594 14.061280 37.976522 53.668815 22.216088 4.853477 13.349778 13.830498 48.563581 278.197912 337.576144 108.226574 18.984236 10.624400 3.013756 11.658817 25.845249 27.641610 14.849487 9.229353 16.152337 19.904938 14.432112 13.247867 11.355281 5.888648 12.748689 20.702355 13.856724 12.198828 5.034642 7.283532 7.812725 5.189336 8.297880 5.677692 9.735065 36.845559 42.283953 19.535314 11.476166 12.882679 11.244025 9.367466 6.633118 5.283750 4.602870 11.118191 15.685605 12.369253 11.521999 13.870475 13.280616 8.735045 21.259259 35.446329 19.136284 6.351812 14.488624 11.077667 13.321553 24.092574 20.713808 3.817525 10.918537 7.770436 1.473708 2.827978 4.397900 10.363060 11.893137 29.983229 64.575671 42.249257 6.291094
4.440998 1.889564 177.5442 177.5442 0.000000 9.814958 9.875839 11.120879 12.469424 21.527548 33.963029 29.554855 19.929188 11.112057 11.589889 13.527237 17.919337 16.727989 18.657176 13.071764 6.559075 15.445593 26.967802 16.641031 12.782871 11.678909 8.006344 8.315301 5.364848 8.461576 10.382166 13.717586 34.529695 44.366480 23.916959 9.176419 16.471871 33.560403 176.436765 328.508657 212.170260 52.763471 18.969278 11.979256 11.772959 21.450201 20.039931 10.566337 4.840927 6.982265 13.893239 15.886844 11.740143 10.226647 11.743729 13.894267 22.860578 19.076816 7.063199 12.489296 19.694551 21.366387 15.491138 15.664333 21.890897 17.262247 6.968824 28.797813 48.072343 29.622278 9.885019 13.303384 14.083222 13.756308 5.678499 6.811223 2.998155 8.632067 16.672856 17.214943 16.374298 15.934287 22.341947 16.609946 11.883991 26.006411 32.162666 15.568112 14.749740 11.846108 5.742082 9.341135 16.520697 13.055618 10.633766 10.082003 5.968975 5.392718 4.536990 6.808269 11.641820 11.909353 35.175660 60.842724
4.495899 1.886646 176.2859 176.2859 0.000000 6.862994 2.713982 3.279550 11.055496 20.373568 24.486752 3.876569 17.862160 17.591996 18.259439 22.478355 21.557208 15.565155 16.224838 18.582938 16.276404 22.811694 20.406836 14.290310 12.366293 7.930302 3.614902 5.167436 8.201596 12.784427 13.048563 6.574604 21.608615 50.288938 41.491689 21.411708 12.292255 45.507288 251.215227 337.352079 131.381704 24.660181 18.708623 15.314502 24.623906 18.246973 4.398304 6.883850 3.605716 4.367817 5.071684 5.712819 2.446525 6.553472 11.222764 11.342455 21.789799 16.468934 12.701187 21.652645 18.749406 21.242907 24.596567 20.943873 18.802958 18.099731 12.032333 19.311734 33.215841 21.371897 6.218492 3.630260 7.693975 14.874845 15.989952 8.660242 7.366501 12.958958 9.720712 14.860783 11.920419 14.440988 17.019058 18.919035 28.648249 33.634559 21.294444 6.583343 16.275397 15.018314 14.028730 12.574316 9.547746 7.301837 13.639943 6.244670 5.125191 6.331468 10.783831 14.941454 11.849308 12.403841 45.907183 69.503460
4.543144 1.880284 179.8462 179.8462 0.000000 7.277805 3.184802 7.184940 22.116497 30.848470 21.563833 10.191228 7.876098 5.131474 4.755021 14.108915 5.344020 12.776708 15.149056 20.625155 25.764479 23.879465 6.254844 23.393565 17.795060 9.863477 1.017610 2.662372 9.755906 11.556619 6.163791 3.097795 6.742668 24.694452 62.058140 60.851295 21.130130 27.378015 75.217387 319.005465 307.762230 74.531737 11.221715 19.394473 33.928414 31.947231 12.492162 6.697461 5.214394 2.890426 3.968917 4.814764 6.875092 12.058946 13.251497 17.998259 20.316790 9.080972 14.727079 21.050118 16.318277 8.280324 9.298835 12.387465 8.478343 3.908204 7.787299 11.051940 9.818141 20.698684 39.387411 25.346484 8.652952 3.911151 9.427778 18.857518 15.848073 4.172812 5.895707 15.321998 21.307165 22.519274 14.256381 4.454870 7.212409 20.799637 34.532546 21.450537 14.758950 19.585388 19.410147 23.801859 20.326191 8.566710 11.397306 9.008939 8.585353 8.361493 6.415482 5.502437 6.042943 9.877896 10.858291 13.062274
4.594647 1.879951 170.6301 170.6301 0.000000 8.096536 7.262735 13.914946 25.861266 17.355597 6.296115 6.932260 7.126786 9.305049 11.698456 14.212314 8.196030 10.666954 14.862903 10.058017 17.595194 21.399001 19.317426 16.491060 11.626249 12.279642 14.518712 16.195800 9.427954 3.706547 2.846588 4.439352 17.685155 37.810101 41.491777 32.567099 39.616016 152.551486 352.875392 243.435726 68.152830 14.065376 9.168342 29.859381 26.494329 3.119966 5.014880 10.615525 7.379916 11.646193 19.945015 24.691196 17.152168 7.544790 14.990177 14.301213 14.299880 12.612629 9.444756 7.875945 9.011784 11.822885 15.553874 17.300047 16.503912 10.550084 9.348475 19.981852 38.374419 29.478342 12.363360 3.520267 3.872598 7.816303 18.330542 12.095435 7.229774 6.973738 9.138909 15.071770 12.190628 6.006426 10.599538 17.058262 19.256257 30.278952 28.873073 18.106269 10.318756 17.557277 18.899655 14.907099 10.242038 6.276089 6.040907 9.853093 13.872550 9.944379 6.143295 4.346567 4.629684 20.513236 48.640589 56.616548
4.640555 1.890318 167.7864 167.7864 0.000000 1.509028 3.927860 16.503507 16.279807 4.166463 4.273493 5.058150 12.364447 17.235972 18.832963 17.995569 16.789410 15.005889 11.652836 9.335507 9.664563 12.155624 10.622370 17.825232 20.451582 13.836690 11.626552 20.550161 15.131930 9.044727 7.586689 8.926299 11.404252 11.390237 16.083950 30.132041 132.471273 304.680924 254.700825 94.304295 40.277320 17.426904 19.040716 23.739533 13.322586 10.252357 18.439843 19.973353 17.027723 10.677088 31.952049 29.743851 10.987434 4.438644 6.293667 6.626486 12.946520 12.556646 16.615983 21.712645 22.291144 21.340790 21.658961 21.005728 17.630753 14.113676 18.646123 36.444843 23.153091 11.421989 3.887768 2.782233 6.959223 15.070566 14.869184 7.808835 3.979186 3.673355 4.584480 13.895440 18.813961 19.796749 15.051545 21.225090 25.770807 13.369647 7.978443 13.833732 13.115239 10.260238 7.300801 5.909300 6.448727 14.312612 18.567082 14.402971 1.837951 11.200472 10.021303 10.813061 25.894209 25.349482 22.530454 51.804046
4.699994 1.881600 169.4576 169.4576 0.000000 8.458312 9.738225 21.946295 18.381116 5.425320 3.327745 4.990086 8.546375 8.134369 8.668302 7.243400 16.505356 19.370581 12.691040 9.938595 6.570031 11.229811 19.611849 8.522627 13.236421 15.865852 13.795393 12.031139 10.317413 16.270758 13.484960 8.280539 8.848315 4.977648 7.657817 34.159535 46.751057 214.059793 360.024631 176.831456 27.472610 12.026687 6.419207 11.521168 12.352290 7.313320 14.021219 14.862957 10.807324 12.273623 20.313464 27.928148 15.232776 7.286510 10.018977 6.012219 9.297314 7.918708 11.079931 16.858688 15.486783 7.255532 6.444090 7.055256 7.447813 7.963830 7.773564 12.176729 28.919514 35.968260 14.907477 4.241551 6.221679 5.896088 8.004817 8.463178 14.382669 10.283343 7.556545 8.255936 9.563296 12.952932 11.224564 9.026741 29.708744 32.019972 13.761693 4.669638 7.635241 18.369438 21.308263 12.219022 6.752450 8.500320 12.905394 4.904710 12.924352 14.116647 16.913119 12.823077 4.910657 13.535820 26.871764 43.652282
4.751103 1.906127 163.0701 163.0701 0.000000 20.664008 32.275304 31.439156 13.507510 3.012652 5.522116 9.160065 8.311812 5.606797 3.002170 4.291439 14.218316 17.230186 9.445057 7.311400 8.588041 23.443450 28.349789 14.462997 7.991950 7.645046 8.170733 10.536978 10.815030 6.540408 7.773068 15.624798 10.223613 14.787194 32.470966 78.670243 266.022582 300.877096 95.046269 12.519930 8.660682 7.092949 9.852121 2.129241 8.161994 12.706698 12.819533 11.704694 9.188897 16.702706 14.477339 18.190366 19.527146 13.441080 11.077041 12.447632 11.638438 2.988379 7.081770 2.352633 2.394957 6.044098 8.400994 5.440081 5.779494 13.834141 38.106587 46.202083 26.369474 13.067842 11.227183 16.952667 18.325498 14.259427 6.743450 5.685954 4.497203 6.693918 6.883873 3.230974 9.349771 32.723671 37.286504 12.919805 0.520816 5.078887 13.703942 26.371200 12.819861 5.966206 10.075677 8.591860 8.280767 6.731054 9.080634 12.765027 18.403312 14.290550 19.731217 51.497293 47.051540 42.958634 62.796789 26.534233
4.800555 1.882586 165.8088 165.8088 0.000000 26.588020 33.424590 19.497921 12.036840 9.721907 11.516540 9.659043 7.719567 5.885316 6.127606 7.059991 12.422257 13.556928 7.155241 5.373111 7.577941 15.450438 30.525635 28.409792 13.343886 7.291630 3.018755 6.055835 8.650448 9.221224 10.907217 14.718246 13.307878 8.608828 16.298268 42.319689 199.664296 368.587651 184.620586 18.195967 14.794857 6.865814 5.167611 12.395027 10.449110 6.974636 9.625628 8.880724 9.391223 16.595032 22.042484 22.074633 19.224610 15.241361 5.627948 7.424202 5.937187 4.975206 10.613694 8.420012 4.432430 6.048290 7.621672 9.272627 11.504289 11.288346 18.601231 29.032624 45.506563 33.477587 7.066578 10.228898 14.292479 11.115891 11.414547 10.613187 9.138567 4.294772 5.029717 5.552133 8.843856 9.618444 21.702044 34.194770 15.680849 6.023551 3.693339 9.898811 25.566128 25.121982 12.571219 3.504228 7.714812 1.444974 5.295869 10.643339 11.368123 14.319853 15.734800 9.460082 20.630106 52.552539 65.718192 70.660404
4.854528 1.835119 168.7160 168.7160 0.000000 40.122141 20.694289 1.948063 6.603526 10.133014 15.972716 10.490426 8.876836 8.872903 7.810013 9.214807 12.164568 10.166685 10.343262 11.311998 6.365415 3.235174 9.894030 23.676088 25.009391 8.575661 5.710719 9.625034 9.081410 17.441510 21.254603 22.176571 15.443085 12.865130 23.615521 33.134804 122.530669 313.180918 270.825583 74.519420 38.242805 22.706424 8.551977 11.587650 15.693044 12.014976 6.258788 5.874086 7.661306 5.652788 19.467532 29.456519 18.204911 3.917830 3.601872 6.747038 5.422664 3.909703 5.862770 6.443247 8.701520 6.857636 10.144550 9.336149 10.529412 13.080218 8.846834 11.691944 16.258456 34.754712 38.352556 21.794776 18.661216 13.572416 11.693626 14.306398 20.931168 14.016194 7.107752 8.327261 6.264145 1.450345 15.296543 25.341268 19.237668 22.124670 18.223269 10.679124 9.859783 15.191146 16.344703 16.002403 14.844837 15.155401 14.463557 14.000929 18.824726 20.551845 15.235302 6.485764 11.949932 10.024668 25.054278 62.422829
4.901519 1.820634 166.1978 166.1978 0.000000 27.713578 9.784069 5.478555 7.377933 11.530337 10.054815 9.739967 10.758061 9.535710 6.434647 7.488634 12.668807 11.920778 11.416085 3.693677 7.160066 6.141724 8.919417 9.140276 18.047893 17.644860 14.419686 12.753052 18.995512 19.195233 11.582138 17.677989 19.942342 14.139081 23.746662 62.736806 160.381813 314.500917 209.301132 96.230061 27.739592 11.346274 5.735996 13.377607 7.107807 5.382392 6.963473 10.730769 11.989395 16.316475 19.350088 10.198517 4.488657 2.433023 4.795145 5.575152 3.638200 3.047986 1.287683 4.748344 8.541921 11.413922 8.523056 6.403063 14.228480 14.232487 9.120848 17.508274 29.075294 41.498133 52.925734 55.597106 32.699397 11.469164 14.748389 19.046782 17.174287 16.518083 26.604654 18.802544 13.028837 17.115506 15.903694 15.704214 17.222675 10.072559 8.097085 9.999102 6.131999 5.351957 5.737492 7.211350 16.024204 19.288570 16.600470 18.787312 8.294693 7.467317 13.336443 16.638479 14.957253 23.062842 30.803470 18.912842
4.957916 1.767517 166.6401 166.6401 0.000000 8.950084 1.368606 1.113224 4.456866 4.865046 5.493779 4.238422 3.998922 4.332601 3.732592 6.629145 14.052944 11.836710 8.810902 11.284370 12.027128 13.287664 9.429592 7.633916 1.875394 17.741358 15.754896 5.009092 12.353298 14.210132 8.515226 17.752638 20.831684 12.891241 11.394288 23.150660 48.712685 246.507632 299.066265 115.899026 16.043442 3.011871 6.540503 11.156532 12.326910 6.234426 3.589068 9.093822 4.734280 5.451335 12.373372 7.303200 2.579608 3.980549 6.160067 6.421477 3.763780 3.157577 1.765468 3.368339 3.619744 4.438082 5.781007 3.651978 9.057597 20.007814 18.573705 10.994373 5.832872 12.431478 32.123301 70.989234 63.865642 25.856154 6.748040 4.473132 16.339189 34.096526 41.675664 18.950805 13.339588 8.524631 3.426112 14.680613 19.378646 5.747301 8.862618 14.354636 12.646881 10.313820 10.824352 6.160848 6.463767 9.761143 3.724650 5.850294 9.259953 5.304374 7.458185 16.709358 8.523941 3.356606 6.514288 11.697119
5.010501 1.812585 166.4888 166.4888 0.000000 24.561341 12.121171 9.495257 7.618486 7.475317 6.169404 2.696374 6.308064 5.778751 5.405764 7.204066 9.927775 12.109135 17.369138 16.663688 5.151207 11.726479 5.182158 7.442325 11.818062 10.817561 10.670110 4.821940 5.923995 11.682220 13.721273 19.429660 13.268536 9.243304 21.146740 55.672071 164.067756 309.071617 214.030410 88.129787 13.846260 9.814279 2.312427 7.510883 10.379700 7.211155 4.825714 7.345825 5.702398 10.314788 13.466790 8.766358 9.214554 12.598859 9.054344 7.603951 5.310300 5.727475 10.596994 11.714784 7.933204 3.426035 7.468990 12.141516 14.238827 11.169121 10.204873 14.710948 18.756004 28.469260 52.757093 70.904958 50.647155 17.172526 4.704731 3.511008 9.390228 22.973699 32.338569 28.151871 22.692045 14.723745 5.776460 14.163537 24.603927 13.272851 7.869643 16.356892 12.628003 9.998100 12.758813 6.461553 4.159919 6.820674 3.189616 3.511908 7.051890 9.078874 7.254790 9.123421 16.413570 24.211641 34.857424 33.898956
5.060544 1.831988 161.8084 161.8084 0.000000 39.645248 28.793592 6.894164 11.741742 12.279909 9.708685 7.599499 5.786297 4.611358 6.575258 11.739767 13.256087 16.136749 22.076961 15.313606 11.976776 11.213049 0.901416 12.025571 17.069094 7.772687 9.490747 6.278745 8.122852 9.244351 6.978560 15.476051 10.240428 12.679627 25.614027 67.922397 254.633868 323.074892 114.238344 52.424067 23.035989 8.387529 8.680239 6.020521 3.500208 10.909029 8.510716 10.483426 6.942038 7.305337 18.146975 12.141750 8.946674 15.158369 13.336578 11.913086 9.397588 10.051339 16.174322 16.816005 7.139889 0.463602 8.980650 12.731490 9.939118 5.807590 9.305905 15.951349 23.829315 30.890915 42.526433 42.097044 21.291784 12.733748 7.810493 6.110245 4.726044 6.291482 9.847394 10.630392 17.638733 22.975513 19.114092 24.017358 33.300233 19.697453 13.166353 16.252257 11.857028 17.802188 16.268053 6.508857 3.368418 8.172619 12.290442 8.950652 9.399692 10.723790 3.423826 6.585190 15.225216 22.583567 70.592287 76.246856
5.111098 1.875870 166.4969 166.4969 0.000000 21.926763 34.696624 17.996067 7.115005 11.317716 5.802259 13.104157 9.322714 10.216218 11.666073 6.748704 7.807474 17.357934 22.870372 11.853563 2.653665 6.897399 14.984281 17.457294 16.851629 13.949843 9.589695 7.360049 8.874282 10.487439 12.781208 6.336972 10.516342 14.695970 21.857379 39.415238 118.156396 316.679831 281.943755 106.139850 49.480512 24.091887 18.219550 13.318305 9.257521 13.314401 16.092699 15.200128 3.640037 6.795964 9.686345 21.923002 19.533867 5.329788 8.521274 13.797596 8.846936 15.010146 12.009393 7.530101 9.572657 9.880394 4.643082 4.210934 10.084119 9.912062 10.682437 11.703158 10.993106 10.982807 12.769786 18.187487 31.373757 38.772901 18.949894 7.172870 6.843304 4.529543 6.022425 8.185066 9.199652 9.924235 4.509246 10.851061 22.742418 24.906722 21.728219 26.605722 16.872772 20.159711 11.518173 14.246386 25.858827 13.257524 1.871485 4.945521 13.255152 19.645334 11.603218 4.379351 11.591512 19.399921 27.713899 37.929779
5.160604 1.889743 167.2138 167.2138 0.000000 10.036983 31.254853 28.289841 12.990762 10.793850 12.334533 9.973046 9.369922 9.578473 10.033661 9.115217 6.479451 8.209996 17.720056 19.164652 14.006393 9.302210 9.457413 20.699541 15.232137 9.023980 8.656673 5.383805 7.031634 8.780906 11.766026 12.704814 16.538447 12.504118 13.242657 23.456579 108.283074 298.205456 282.453640 103.237109 32.035912 15.579187 21.977786 22.058312 14.799318 10.993765 7.681318 11.889505 7.563832 6.498615 4.427810 17.683423 22.965244 13.890199 9.550387 5.554954 14.612616 16.707278 8.514157 2.143294 3.970473 3.116729 3.930631 3.352858 8.584253 10.285321 15.515441 14.208920 7.517024 8.554690 13.616898 23.471974 26.769149 41.271840 40.491534 13.667017 4.279096 6.623765 4.333068 6.996855 10.788371 13.766996 14.908124 7.943845 5.120783 13.813407 22.677117 31.289135 25.107758 13.824651 12.872817 13.865481 20.566763 17.589459 9.646174 5.854712 9.892208 15.101773 12.137050 5.418398 4.852452 18.504884 26.102427 20.786592
5.213576 1.867299 167.4076 167.4076 0.000000 7.706410 21.005152 37.543887 22.678923 10.469781 7.907997 2.780105 2.367560 4.832773 5.326808 5.210521 7.468178 10.592319 7.505301 15.907825 23.949420 16.564002 12.797478 12.952588 14.116413 19.676604 10.779366 4.580957 6.193271 11.389429 13.740651 11.850725 16.446173 15.466818 14.416387 9.383014 93.693213 291.096579 291.399621 98.387371 23.707113 21.460618 15.492330 18.663047 12.686350 13.486414 11.285671 5.731263 7.452300 9.557229 17.778311 13.587009 11.229663 17.630021 14.176152 10.441180 7.426920 7.617683 12.543628 6.928399 3.536786 2.476482 4.297796 7.077706 7.561840 5.148111 9.708441 7.656490 11.111101 3.445426 9.285501 23.119761 14.292871 27.189640 50.695666 34.640614 14.650896 9.227030 8.917137 12.229955 11.471180 12.263493 13.250190 8.082652 4.101385 7.121011 26.742570 39.520551 23.044439 7.945785 9.633601 17.031777 21.477367 11.011156 8.227108 9.700122 7.823542 10.058338 7.454939 8.896770 8.818041 11.774788 14.210915 25.274366
5.263253 1.880207 169.3273 169.3273 0.000000 8.613111 5.363820 29.202036 37.776504 18.288168 5.799984 6.187588 6.846737 7.966982 7.738213 5.777336 5.556074 7.221470 9.572029 9.495734 17.441877 20.501166 6.884725 15.494586 18.673070 25.486576 13.752454 9.747262 9.482238 9.470792 10.355955 16.484286 13.083521 10.532243 8.357429 15.269656 57.290496 241.087713 346.945880 148.657567 22.150694 24.678166 20.680525 12.944402 17.047968 19.164360 14.899268 11.532123 9.701247 12.042727 17.727616 22.000097 14.981325 8.335241 8.600204 10.692442 3.746397 8.434844 11.420266 9.374677 2.686076 2.395298 3.080242 6.231380 5.823067 6.031018 8.163850 10.760513 11.355879 9.733355 10.756329 21.326655 23.729378 12.558549 22.057757 48.346842 39.075267 12.977550 5.937420 9.082359 12.968681 12.808377 11.733641 6.456439 3.412990 4.694926 6.821901 19.858128 37.782831 29.117665 15.001274 12.561481 16.064806 15.564389 11.664603 12.622784 8.143206 7.857574 13.107141 13.084929 10.852490 11.281733 13.522277 17.010131
5.313572 1.856856 163.7764 163.7764 0.000000 4.895324 7.820291 15.443589 33.182510 19.941957 6.600652 3.500536 4.863577 4.541823 3.949747 6.377586 3.983042 4.436237 5.668985 10.826929 19.985631 17.285059 11.750953 13.127441 23.455768 21.253943 17.099996 14.669268 2.478331 4.541100 15.557949 14.497766 13.301829 12.347602 9.716645 62.623985 274.942786 315.632898 107.280540 8.175490 19.035124 24.542964 16.964158 11.547209 7.524976 4.767610 9.798502 12.306866 13.459999 16.072260 10.537733 9.039097 12.709614 15.399755 6.416643 3.887707 5.948321 10.647941 8.861263 4.000623 1.570826 5.868003 4.574705 3.745671 6.705271 13.150498 9.577605 4.403093 11.930592 23.383909 15.287899 9.938558 21.511185 45.067322 32.357527 15.091202 7.132986 7.761010 4.196547 7.874774 12.221717 6.157456 2.080101 10.142077 18.610418 38.564772 34.466236 14.370893 12.441123 17.350538 22.034882 17.455358 13.150711 6.094271 5.980851 14.351828 12.879090 10.030326 8.909823 10.691819 14.566680 55.170796 65.886592 24.863428
5.360782 1.859638 163.1693 163.1693 0.000000 6.765113 2.633448 9.896032 25.416221 29.141151 14.796877 5.292137 5.124175 6.137314 7.358812 10.056042 8.122603 8.179864 8.815751 10.425829 18.668380 12.555500 6.007144 5.240552 17.587115 24.919236 14.811455 12.512585 15.160776 17.185738 12.728028 11.890523 15.612903 11.229610 14.760621 104.560405 300.631187 272.192564 81.221365 18.632901 21.761901 29.102563 18.265223 9.014649 9.614131 7.867641 9.817686 15.647866 17.870081 11.518083 4.631349 2.526573 13.709256 17.405289 8.705649 3.915193 4.518864 11.220521 12.046134 5.271925 5.860278 7.431452 4.219448 5.378421 9.585050 9.864630 5.673611 5.091144 18.607042 25.603842 10.127749 6.534926 14.109666 45.239882 44.947402 13.267840 3.516618 4.744210 7.648757 4.788118 9.953119 10.372872 13.338750 12.338219 21.566322 36.509961 20.068875 8.372978 10.677136 20.934529 19.919504 10.523291 16.788802 15.206127 14.462597 11.203759 11.145934 11.122100 4.851797 7.509992 26.362703 63.130487 42.508868 6.129397
5.420540 1.850892 163.4200 163.4200 0.000000 5.091097 3.134263 8.263081 9.742596 23.545824 20.913244 5.689315 8.512394 6.654727 5.042252 9.505052 7.039345 7.192005 14.915298 20.447735 14.226301 9.447003 4.550553 10.967735 18.371127 5.346944 12.843871 14.324873 18.533362 17.463529 4.459867 4.019900 11.713073 9.727565 14.589797 85.301520 294.993435 287.530298 88.113792 10.684398 10.686443 17.538795 18.719376 14.829649 10.210546 6.220297 7.364811 9.089733 8.312610 13.308784 3.276970 7.084999 11.262190 7.545386 12.655525 5.881190 5.691275 9.752505 11.724565 12.337619 11.948169 10.047884 4.227232 3.737593 3.867108 4.627416 3.295320 6.383793 23.218339 29.379024 15.362423 12.071710 18.280740 17.674814 45.682322 27.867665 4.172007 4.958211 7.283288 11.707189 13.132710 7.043095 15.734334 25.973554 34.666192 31.321692 16.762075 9.974203 9.526000 16.050623 9.958484 10.214645 17.299734 17.974326 10.046274 6.328994 7.204208 11.897498 4.326051 10.738705 11.765867 65.712901 58.650548 17.700126
5.470986 1.855869 161.1662 161.1662 0.000000 3.898998 3.629809 4.827119 10.595940 24.025626 28.980217 16.759576 8.243121 6.616296 4.370860 6.993878 12.004748 4.748805 16.820461 20.525520 10.537541 9.291198 10.708298 13.140544 16.548680 13.611583 14.524992 16.162615 13.610769 18.381047 19.296993 16.469917 10.117547 13.771460 44.986519 233.769862 344.597821 142.718201 32.934665 6.950347 14.326500 5.132160 19.100234 15.288483 5.311261 6.750426 8.377909 12.527946 13.250350 8.612354 6.683277 7.385496 8.483597 12.581606 7.167434 5.827033 6.574170 5.437694 14.011050 16.031505 9.292299 4.400069 3.460483 4.647644 6.149094 5.653500 8.705023 22.039948 21.910107 14.643844 7.270407 10.655243 21.420049 47.190380 38.400340 6.063612 4.166230 6.498538 10.806586 21.258056 18.293466 13.743804 26.210457 32.899179 27.562914 20.414522 14.131544 10.079854 12.073412 9.527848 16.427373 17.887475 9.348187 17.640251 14.302034 12.411702 7.589840 10.899041 28.152995 52.919072 59.605126 33.647943 10.825554 6.516365
5.520987 1.858128 159.8644 159.8644 0.000000 7.510479 1.563946 3.306474 7.473518 11.548880 30.940959 30.558718 13.810008 5.575099 3.923336 10.296474 11.144717 10.471698 15.401640 16.886520 10.883256 13.682006 12.829130 10.012038 6.301888 10.404213 9.352640 12.097778 16.580646 20.674438 25.237594 11.037649 13.670104 18.763682 19.752932 84.026544 331.239092 293.835037 53.084936 18.732352 20.768805 14.312775 14.437955 14.159552 9.690089 11.932113 9.393957 8.529349 7.293378 9.996117 10.599514 9.829983 6.657028 9.547611 15.388828 10.278395 2.396250 7.179272 10.457054 4.485751 10.306986 4.934079 3.459754 6.827707 2.263044 3.941455 8.678901 11.450742 8.583336 25.007826 13.576800 9.306279 14.735193 15.447450 22.006499 44.870582 43.061288 22.986880 13.241011 10.379738 11.498379 15.953206 22.460715 22.462536 18.108636 17.151956 32.841520 19.909082 7.704112 7.560421 14.159208 5.034103 16.783606 18.887216 17.055770 18.153512 8.344650 7.788853 5.899548 7.447895 31.341280 66.297848 42.286787 7.335078
5.571097 1.860382 164.3780 164.3780 0.000000 11.988151 7.835859 7.749004 4.584270 6.152673 15.074523 28.107806 16.715983 7.873900 11.322840 11.306833 8.077282 5.525418 10.988983 6.857337 7.554609 21.291665 24.540867 12.459921 10.106428 9.283251 9.143139 13.962108 11.487069 5.387329 10.267772 14.226248 12.707404 12.204203 19.240481 16.713427 119.571016 333.262747 271.132449 52.900053 20.234668 15.189151 6.635749 6.569326 16.009196 14.046401 11.896574 8.015484 10.720794 6.967905 7.848757 10.000536 17.474375 16.433586 7.846130 9.772249 13.089551 11.511995 8.070454 8.436762 14.106394 15.071690 8.331928 4.814779 7.124082 4.679235 3.458407 3.679408 7.126335 19.288799 33.048578 33.106776 17.769819 13.234390 12.481456 9.348793 14.314985 30.524012 39.798199 21.379914 9.603724 6.988810 2.202982 3.268771 11.547875 17.656426 15.615646 27.042126 38.094342 22.777300 8.112611 11.229946 13.301819 12.802126 12.461501 10.332594 7.169874 8.134640 9.293706 5.965375 6.629131 5.561400 12.271169 47.364283
5.625825 1.846773 164.5062 164.5062 0.000000 8.501829 9.977831 6.629439 4.754688 4.022450 2.528120 16.275149 29.726666 24.945570 18.466603 3.425319 2.984209 5.803014 11.171307 8.691323 2.742086 19.411313 27.786022 12.649679 8.946090 7.471123 6.775503 15.675009 9.206231 12.350000 11.693622 7.029917 13.179980 7.888601 15.643011 31.340708 139.133151 347.416212 252.213402 41.191186 19.650872 13.445251 8.038336 11.382319 8.452464 20.081116 20.727457 13.949920 10.042827 3.500371 5.477404 6.525627 16.403660 21.352251 14.631674 7.279496 2.599843 8.473487 6.666902 9.172801 17.455078 21.573579 11.917351 3.724089 9.215597 8.295415 6.578942 5.896922 4.718718 14.610972 36.212342 34.201880 19.132239 15.702980 11.945500 10.056628 9.755434 16.815252 37.930830 31.087588 10.966730 4.184922 7.726163 7.230571 10.474878 18.074699 16.540856 20.821198 36.878913 32.473450 14.627980 11.216160 9.243335 9.646301 12.009559 10.048792 10.251127 5.417590 5.146530 6.432241 4.457441 7.086279 21.083722 52.403910
5.671127 1.848039 156.8007 156.8007 0.000000 10.377759 6.502996 5.255076 8.383473 4.666691 7.629017 20.511042 28.965961 20.169491 10.135461 8.472696 7.263467 4.316741 8.540433 10.826606 10.504245 21.767675 19.995858 11.853126 10.201202 14.390216 17.347635 22.679954 14.854557 9.102336 13.356019 13.614757 15.934666 10.374205 88.915705 298.119271 289.923344 66.461034 14.714438 17.445271 9.667594 10.539324 9.516730 16.767866 24.555687 13.006196 11.029800 8.805818 5.862545 9.180937 10.676077 12.518410 9.780670 5.165491 5.881648 7.118566 13.019765 17.166097 12.130300 12.026840 14.281880 14.470865 7.788425 6.537534 8.722972 5.602461 15.728399 32.367393 19.486907 5.235505 7.885007 12.900344 7.227087 9.211203 24.111311 41.887619 27.755009 4.993771 6.691276 9.043049 7.797523 16.657874 10.863774 11.410045 32.173935 39.272277 21.990435 12.885442 13.511810 17.074776 20.647364 10.880908 7.588455 7.699254 7.112339 12.675824 11.549491 16.849555 55.429540 63.458736 18.944994 11.607305 9.376959 6.962955
5.720972 1.849299 160.3711 160.3711 0.000000 2.027524 2.729118 11.445744 12.589061 6.063731 6.789465 8.464984 10.392413 17.942148 9.644780 9.607000 13.545393 10.144012 5.961368 9.474686 15.218827 16.147381 9.814920 9.387344 13.582821 11.101380 6.431531 16.545984 23.331028 15.388833 11.465324 7.653266 13.360928 13.892761 24.060616 109.762366 364.748469 268.027991 34.597068 5.709135 16.898164 10.150504 10.412907 5.896240 9.552366 21.700515 13.892533 8.915117 9.480466 10.817598 8.562225 4.582890 3.743330 4.385582 3.355115 2.944130 10.627440 14.490698 9.478401 3.647686 2.727758 12.430235 14.348203 6.060237 7.774669 14.034235 11.229792 5.334355 34.140374 37.354063 9.428512 4.268428 11.547803 11.093894 7.699058 5.214751 12.426994 31.109557 29.254925 10.987686 9.708078 12.475306 10.596382 10.291197 20.763082 36.801509 34.278302 17.434138 13.363380 16.172608 8.981519 10.004878 18.985668 17.410367 11.417895 6.802520 5.818164 12.382868 13.941158 8.467909 42.783348 68.478247 26.751450 4.730954
5.780910 1.844714 155.0980 155.0980 0.000000 3.268648 3.134102 12.081720 12.054338 7.803069 6.855184 7.615117 16.138606 20.763659 12.126940 12.578578 12.348811 9.983256 13.372113 15.815129 17.043842 22.141086 13.575967 4.823358 8.078909 7.223968 7.034852 15.963863 18.070174 6.287116 6.812854 14.566944 9.762849 14.306023 143.902961 374.588345 225.166549 24.797580 10.608799 14.617806 11.261556 4.808844 4.911244 15.627684 23.068157 12.130413 6.607103 4.486826 10.369280 10.068238 1.896941 5.440091 5.868923 3.200421 9.198421 15.641390 12.411636 12.156232 16.745447 15.070482 8.492852 9.234541 12.009280 13.952623 7.232456 14.763870 42.673883 31.764604 5.913363 8.774179 9.530973 4.899185 5.852631 5.459382 11.763679 29.695301 22.925971 9.801547 11.590440 14.406879 13.431841 14.695619 27.817149 45.590783 23.742450 9.090611 10.985098 10.954338 6.798592 8.687331 15.278056 11.260750 4.520531 10.272057 9.443207 3.865106 21.225000 60.589186 54.115074 19.592129 10.714092 10.422380 11.921244 11.277435
5.830967 1.834349 156.2993 156.2993 0.000000 2.323253 8.550693 11.597418 4.012023 11.854614 13.795985 14.571375 12.686715 15.533578 19.185167 9.170171 6.797803 7.111793 14.757772 7.241174 4.211011 18.049783 21.305103 7.829282 15.219509 16.570615 10.536839 9.268943 11.865544 7.715939 5.107075 3.426357 13.341810 22.762465 151.394580 340.512937 224.863658 38.397022 18.503900 1.865738 5.553739 3.142817 3.363180 8.678121 9.122177 26.627580 22.801179 9.712175 6.548598 10.076276 6.372751 5.319860 7.836765 2.997455 4.505360 12.683297 8.104663 10.972935 16.435743 20.488987 15.482725 14.887001 12.911602 4.970829 6.646777 17.627982 35.510308 32.178702 17.489297 13.555245 8.455625 1.800786 8.449818 14.220245 12.854079 10.613160 35.260805 21.554650 2.493270 7.472962 8.068039 13.284710 12.854387 28.142969 38.298921 24.188698 11.120402 15.368807 10.419035 8.195134 7.132693 9.411920 4.843650 6.290379 5.753178 10.795968 16.818236 46.503613 55.328265 24.264863 7.334866 7.724094 5.580477 7.162744
5.883243 1.829822 159.9428 159.9428 0.000000 5.982229 12.138870 13.404768 12.555034 9.550521 6.029097 10.626448 4.012786 6.469854 12.315439 10.970346 6.829917 12.084637 16.331650 13.098219 9.005510 6.089683 13.976737 20.666456 20.005060 19.649678 15.779991 12.916578 5.032118 9.497436 9.239546 4.487940 4.216029 17.220793 73.124153 291.587942 329.728785 78.761600 42.718515 5.002677 7.372295 5.984057 5.649170 8.620779 12.682507 20.249251 28.047296 23.056643 15.073310 9.076552 7.441616 7.788614 6.904334 10.550822 12.028095 13.302829 13.442286 8.565649 4.433421 7.248828 8.418959 9.410341 10.924261 15.842803 7.315108 6.173078 17.018134 42.416567 31.794658 5.318337 13.409353 12.784510 6.250386 9.194331 11.622068 9.770486 17.935313 30.919617 32.487114 15.946249 9.703494 13.739110 13.054407 7.682495 10.989140 16.468609 20.458124 16.703676 23.054991 27.185892 22.598692 11.989697 7.790058 4.626893 3.291601 6.058903 8.005237 18.204870 39.864018 49.768122 24.726011 26.314026 8.222194 4.394686
5.931458 1.821083 164.0920 164.0920 0.000000 6.952736 9.488598 5.768295 11.419412 12.921300 7.421161 11.693905 9.265618 8.149721 1.091574 11.031267 9.898662 12.265041 10.036310 4.091656 16.392891 17.100150 15.174774 17.847544 8.907938 10.989130 4.555786 6.473488 6.950551 13.968150 19.231551 13.844388 4.680510 12.171673 30.742206 88.298171 303.808938 292.175953 90.414195 25.613443 14.166560 8.057510 8.232084 11.033583 8.228514 6.689964 12.108022 15.094309 13.874313 9.059998 11.708165 8.561676 12.465908 9.812555 5.358792 12.225379 12.734971 12.051575 9.197642 9.470100 12.595734 10.557297 9.232459 13.379405 16.330780 10.111068 7.235850 11.555419 27.828137 41.393461 24.473584 6.863506 7.233412 13.206021 11.146587 9.549126 10.079791 10.622662 12.453452 18.872098 27.320980 21.205998 13.846350 9.488421 8.544390 15.999008 20.374083 22.347044 24.651390 23.765418 15.690526 17.778417 16.049812 11.530999 16.109359 17.123280 10.922482 4.126999 8.840188 12.941944 27.060245 51.899486 42.438994 29.076251
5.985593 1.817746 166.3347 166.3347 0.000000 4.584833 6.221225 11.015895 15.620929 12.103526 3.612404 8.955358 14.369094 11.266053 3.638980 8.848530 19.784188 10.814558 7.851536 8.688153 10.377135 16.484124 10.198048 9.549977 13.039388 15.587905 15.871091 15.615344 14.793918 7.411965 17.842236 20.284164 17.384681 16.020099 10.053353 53.083942 256.751329 333.285702 137.627005 41.508303 20.341707 16.891950 11.214984 10.704660 7.202151 7.476855 11.325362 9.388739 14.694210 20.130840 13.400669 3.802235 9.276703 15.169020 12.531294 11.906348 7.905840 7.371703 4.213588 4.242115 12.356562 19.163520 12.183153 5.666017 9.286366 15.129055 15.230678 11.052194 14.844038 31.693457 33.755120 13.918847 5.639179 10.521643 13.309757 9.825985 7.963716 8.209360 5.925501 3.060909 8.494953 26.621397 29.933552 14.974374 8.287331 9.046544 14.402889 18.920432 15.742241 17.118359 27.868667 30.738501 21.791527 12.882286 6.410998 12.975628 19.849769 18.871780 14.698287 7.887205 8.995969 27.540316 50.064409 47.249230
6.031457 1.830415 157.0743 157.0743 0.000000 8.245953 3.843796 7.057509 9.974105 8.631074 4.666593 5.453252 8.078398 6.916798 7.443476 15.837571 23.079637 18.790437 7.768480 4.566463 8.767862 5.945337 3.097067 5.467157 12.614441 12.309637 16.258985 21.163965 25.695979 17.499818 14.822908 14.859748 9.323124 36.805447 208.292627 325.608339 155.417891 28.776578 6.935424 11.612454 10.839066 12.091646 17.080678 14.189100 11.163417 10.855120 12.881279 17.578516 10.038568 8.090372 10.698447 6.480340 6.781993 14.680099 16.051793 9.434570 7.262473 11.868936 17.594628 14.802041 4.677196 7.454172 6.691835 8.106645 5.084826 15.937018 28.050086 14.388635 5.158251 4.116944 6.131376 7.624490 6.572358 3.711783 2.373805 3.583970 10.466570 30.651499 41.198356 25.613726 7.145193 4.973479 10.183122 7.858663 12.169600 27.028137 31.222367 18.250466 12.633820 13.283744 19.548081 14.550958 16.867734 16.214224 11.157601 12.063587 45.219874 55.909227 18.216812 7.157581 5.029801 7.349867 5.846895 6.476070
6.081030 1.820196 155.1345 155.1345 0.000000 6.612230 5.868987 3.482992 4.458055 3.939756 5.265908 6.452733 3.161443 3.823491 1.970543 5.626854 16.403044 22.689259 10.651310 2.843317 5.192866 8.134400 7.396462 10.735007 14.899939 13.462267 8.548411 11.286524 25.265530 23.107274 18.870972 20.877706 6.104727 16.971925 70.033858 331.554253 308.102351 61.050678 15.243443 9.399022 10.525207 13.161439 12.918106 14.122109 7.302056 4.752352 5.356382 6.334919 14.152852 16.706304 7.317153 3.399649 3.601847 9.352853 14.725206 14.213222 6.901280 3.485311 4.393083 8.684016 15.764859 8.202971 3.509409 3.673710 7.004743 6.967111 17.880420 25.557407 7.399342 4.959067 4.810532 5.405598 3.150655 4.288994 4.562114 4.760315 3.686065 4.589971 10.336202 32.712859 36.481220 16.051059 5.791898 8.419692 9.266897 9.714280 31.016550 36.019161 16.042545 10.157500 9.439895 23.246459 21.105532 17.873184 19.041449 5.979601 10.046463 21.668900 59.656832 50.435509 11.413119 8.222919 4.827316 4.387054
6.140905 1.821261 152.3100 152.3100 0.000000 2.588262 6.605805 5.401702 5.115068 5.624334 6.987186 7.222839 6.033645 5.539520 4.223803 3.533913 12.071083 22.274726 16.635249 7.666933 5.443317 11.532988 16.184731 21.991835 23.572595 11.212856 9.811906 7.426870 20.591254 18.126848 18.987150 14.930039 7.571214 54.418346 240.295672 321.473524 133.199927 17.812183 9.229345 15.948127 12.123079 9.339664 6.776124 6.266880 6.827872 6.332543 7.173780 14.575477 20.367222 10.702189 2.404541 5.208976 11.629007 8.139041 7.553538 7.709949 5.212664 4.935588 10.587767 14.156837 6.517511 2.094486 3.063551 8.574513 9.210792 21.640237 25.447606 13.234420 6.840148 5.992120 6.684307 7.510990 7.469959 6.538033 6.174500 6.213206 7.981378 7.582504 28.871992 35.459331 15.924118 12.489983 7.851470 8.637865 21.465653 43.275333 34.138944 10.247674 8.317412 14.679655 21.305271 14.999849 14.233837 8.126897 5.544154 25.522304 63.909301 50.255478 12.083210 2.927619 6.116175 6.676987 4.239176 2.269187
6.191233 1.825993 151.6138 151.6138 0.000000 8.393933 5.845454 2.104653 4.078057 3.091116 4.091939 3.934494 4.236824 6.078437 5.291634 3.256651 8.118710 17.524853 19.085544 6.895146 5.082332 6.571635 10.493344 7.839521 19.568634 14.816021 12.018298 16.339055 22.919278 16.859147 15.061816 19.180924 18.086242 90.625772 300.657885 289.367322 67.006057 17.177843 12.501161 8.536602 10.042887 12.065105 6.372929 6.303821 5.717152 4.539122 4.956386 12.371077 16.168220 8.857255 4.205027 8.336568 9.871716 8.319990 7.318251 11.818170 9.850687 4.754035 12.432218 9.126829 5.139794 6.286145 4.895033 4.059114 12.380666 23.063369 12.889968 6.006080 4.595012 2.952367 4.106459 6.307697 2.744064 3.396240 4.556942 3.820524 5.419595 9.650428 26.282697 35.039944 15.071804 3.286989 5.774565 9.725102 20.333264 39.186121 30.135220 15.682245 18.665624 24.221014 13.432092 13.747185 16.806646 12.558567 20.479474 52.641656 56.025860 18.372412 8.997335 3.280478 3.700026 4.492629 2.456842 2.656395
6.240910 1.819673 155.1054 155.1054 0.000000 6.347909 2.945514 6.406148 9.124544 6.793234 3.523847 5.366385 5.829300 4.527539 9.312110 13.729025 12.019698 11.261063 17.082387 11.799671 6.547728 6.343771 6.926196 10.503933 13.719524 17.108882 17.699978 10.520911 19.244134 16.630287 7.280711 6.894005 18.325311 25.283945 164.295811 377.424049 210.499609 28.610553 18.562280 10.027594 4.323636 7.223715 10.139424 6.055808 7.508966 9.043173 10.084539 7.407789 6.546198 10.552975 6.414542 3.367507 7.890735 6.287534 6.869119 7.784461 10.976126 7.684971 6.936543 9.916058 11.918707 13.582307 12.373886 3.024808 8.023711 17.881480 32.637135 21.469186 9.425364 10.027764 6.916547 2.517898 7.143815 10.938364 8.786655 4.628793 5.079925 10.910674 9.948413 11.321961 25.950701 25.781494 7.816378 2.057419 10.006769 16.123395 21.796678 33.938877 36.307206 12.204547 21.284816 16.943373 5.317957 6.066740 13.961739 13.133438 28.301612 66.409669 44.053804 16.861990 12.416476 10.159472 4.055712 4.455166
6.291445 1.821255 156.3028 156.3028 0.000000 9.338964 7.646595 7.887280 8.925813 7.051344 4.005895 6.020307 5.020635 3.644278 8.336652 13.695755 14.794633 12.051255 11.016284 15.196651 13.593996 5.655586 5.395242 9.729865 9.669902 7.285884 17.487370 25.851662 13.520908 9.091505 8.711097 6.714662 10.279432 17.374415 175.737041 349.412895 206.236459 39.885890 17.003993 13.276764 8.974455 8.909432 4.158884 11.476885 7.777683 1.228715 8.678780 9.667574 8.163855 7.279443 8.817000 7.543706 8.779570 9.794150 9.781782 9.924575 7.101305 5.911536 10.955301 10.008010 7.707186 11.453855 13.143698 11.382125 11.133824 19.639327 29.574672 20.660390 5.113705 5.914551 8.068776 7.237769 7.749867 10.390135 11.791595 9.430895 8.006723 10.059547 11.756111 8.278347 9.871957 30.001468 22.782229 4.297521 6.679637 12.784371 16.289413 12.463586 18.918194 45.296526 31.746452 8.700060 7.825733 4.419300 6.455664 9.150341 20.990399 57.180668 52.510652 17.621337 9.926176 12.099350 7.707818 4.275085
6.345575 1.824464 159.6445 159.6445 0.000000 7.265835 7.014433 2.610718 5.010771 1.194387 7.388037 3.968101 3.285550 2.129561 6.806568 2.708897 7.448161 4.436137 4.423344 11.964585 23.456206 11.907671 0.344538 2.181412 5.466580 5.220730 15.001563 24.993312 21.725819 19.084794 11.965692 3.845604 9.111995 11.790645 60.075053 280.637504 338.229177 114.179968 18.487613 11.941332 10.601684 5.074534 10.895391 8.247357 11.331305 9.697199 3.925367 8.594180 5.365196 6.084859 5.333517 7.817763 9.753202 3.618211 5.572646 1.946591 4.789613 5.301394 6.646531 8.337477 15.073292 18.228257 11.111738 9.657837 9.786025 8.466136 12.755859 20.089495 22.326620 8.356139 6.697612 5.528827 2.906202 6.748551 5.055394 6.142890 5.822044 5.065473 8.088105 5.173005 10.386835 8.353288 15.910005 33.787072 27.764916 11.587432 6.270133 10.010137 12.100986 17.519317 31.445128 36.421264 34.399094 16.651599 6.214867 3.787058 5.220154 17.054732 43.684998 58.677286 38.120561 18.322924 7.812053 7.980983
6.395336 1.817908 159.4960 159.4960 0.000000 3.765705 3.807583 4.318712 9.800792 11.065387 8.659195 5.476328 3.209904 2.693900 6.111989 7.019448 5.973739 1.871188 5.843044 17.853825 30.252855 19.261922 5.154899 3.598344 4.550061 12.868318 23.267954 17.658909 10.729154 16.917314 17.147842 11.107290 7.400094 19.331244 83.131425 295.847772 317.384259 87.241970 35.511512 13.038225 6.860739 13.881884 9.527437 6.122400 7.752148 14.859331 12.166722 6.974719 6.860972 7.669818 9.425423 6.859928 14.258757 14.626349 9.710855 5.405039 3.483384 6.192705 7.310036 4.128248 10.779280 19.268605 16.729640 9.516872 7.698332 15.436834 23.926717 25.763288 13.407766 7.373783 11.084852 8.724210 5.840522 9.669517 7.271744 3.591949 5.174483 9.044554 10.395124 8.297899 10.515987 19.187439 26.495841 33.568579 22.523290 9.268968 14.236687 9.573231 17.007763 30.049110 23.670365 18.937870 26.958515 21.950964 13.508218 5.407394 5.011000 20.952754 50.972545 52.264344 27.553456 19.227945 10.289350 4.995569
6.440741 1.804161 152.5747 152.5747 0.000000 2.974253 3.742742 10.722950 14.284381 8.920150 3.530980 6.733294 6.252639 4.269737 3.361971 6.012191 6.677755 3.387768 9.365849 20.115322 25.062321 15.927594 3.625150 6.552273 12.350602 14.386455 21.715368 20.818838 9.563147 14.187896 14.497825 18.419956 27.709903 145.215764 320.908604 222.624925 61.935334 23.529690 15.089051 11.593298 5.593563 7.100584 8.596137 8.861518 12.732242 6.259807 7.281038 6.546263 13.793366 16.982392 20.674459 15.995659 6.638260 5.588720 5.427804 8.031469 7.142996 6.417045 11.857500 7.410595 7.421072 7.368534 9.396176 10.358061 28.451693 17.310224 4.841229 8.309024 16.663862 14.385125 9.036407 4.489468 6.027756 6.025155 5.903742 9.497679 11.486928 17.024701 9.522599 10.486892 24.292507 29.012540 17.467328 15.205034 19.777558 18.195696 25.980900 35.108801 17.590368 15.312127 14.032815 8.827972 7.566068 19.557301 50.421204 50.530681 23.823569 16.442614 11.643277 6.496944 2.938704 5.086067 5.928948 4.536215
6.491461 1.799115 155.1799 155.1799 0.000000 5.439339 5.878230 11.904876 8.201391 5.702421 5.088895 3.437464 9.351725 7.482745 3.702707 6.346719 9.553840 6.214272 7.935912 6.832387 7.805451 16.412136 15.140007 11.997698 7.240617 7.385601 13.450506 22.503593 21.793994 12.699650 11.137742 11.947037 11.759558 51.797069 301.994425 338.796404 80.754234 10.331203 16.435317 12.752108 4.146652 9.359742 10.360981 10.837640 10.051514 7.533262 7.727965 9.546381 11.797741 10.320283 7.711991 13.500840 16.386767 13.599474 9.055703 5.161493 3.952121 3.033105 8.133809 13.338428 8.177835 2.076309 9.918821 11.125936 5.792229 22.962483 19.686685 2.524286 11.458088 15.518058 7.973629 5.191989 4.652170 7.851251 11.288551 7.793172 5.479291 7.684737 10.555718 15.217503 9.503002 11.062157 26.516047 23.995840 18.984505 13.801466 8.677513 15.260571 34.720637 32.563881 16.052308 3.252930 8.614979 1.413493 7.269721 42.185415 63.356907 24.662437 2.926403 11.131792 11.489019 3.177946 4.601439 3.977956
6.549991 1.799334 146.6693 146.6693 0.000000 6.082354 11.392903 7.692143 7.235588 10.925417 9.503960 6.333593 7.248679 5.506978 6.410871 12.932211 12.307868 8.623129 10.159981 10.848217 3.903747 18.074448 14.430640 10.568670 19.030724 19.372784 11.836693 11.197179 9.480854 11.807502 14.870723 22.309468 62.611220 258.742846 312.712742 111.276598 20.775315 15.310987 14.121738 7.145296 4.960052 3.937939 12.256425 19.075788 14.297976 6.853777 1.596237 6.147090 9.628900 4.033279 6.442977 12.969117 12.723767 5.942764 1.752247 1.384809 3.184243 13.126852 18.328562 7.072239 9.408790 14.259128 12.364603 18.139839 23.350536 13.440130 7.334054 10.237464 5.290622 2.613813 3.638271 7.401454 10.844123 6.371715 5.861824 7.134469 7.623213 12.772626 15.574655 13.638140 23.603454 29.449596 19.247470 18.480212 16.826681 14.403281 25.281014 26.087769 9.787517 18.409493 17.322682 19.868461 25.127063 50.876468 37.105313 17.830346 12.366480 14.147117 10.709165 8.530141 7.576672 7.975880 13.853026 11.982751
6.600916 1.798903 147.5609 147.5609 0.000000 4.303710 15.233157 15.591324 13.765219 13.492459 12.116534 7.944784 6.992407 6.000574 4.436912 8.911309 12.670079 5.102122 5.707657 8.240956 11.059585 19.263098 18.903245 12.896827 8.559864 24.442248 16.465079 6.125929 4.025946 8.469399 12.090604 8.405001 69.524978 254.408880 307.180638 103.885386 12.404343 17.574964 11.011856 2.730525 2.769859 4.906615 12.766177 12.400111 14.302467 12.979546 5.868366 6.295554 7.997463 8.849417 4.847120 3.419872 4.465294 4.011844 2.583479 0.936917 3.455684 13.435050 18.593788 18.512622 20.476420 18.648139 5.364543 20.020216 17.336605 13.835054 11.294690 8.116234 5.767352 4.685392 7.953976 11.438357 8.022158 2.965679 3.189364 8.242585 5.442699 6.258566 3.628690 14.119283 27.440566 36.004998 17.645008 8.724423 19.154187 23.378069 13.499264 9.924072 21.951258 23.034356 14.516228 13.102023 37.477585 58.739492 31.877111 14.329945 8.657548 13.548319 6.533624 8.691753 9.076281 3.754639 4.629380 11.382333
6.651452 1.797859 150.0943 150.0943 0.000000 4.637667 10.231047 12.813799 11.309746 3.522769 7.437130 8.893064 6.462973 4.834095 3.629891 5.176116 8.145180 7.128453 4.554937 2.249339 2.809961 7.045530 17.108014 21.859086 16.977832 15.853983 21.019895 17.560455 11.122205 6.732231 15.582976 21.428500 27.185309 98.222364 356.290279 274.640529 47.990754 16.232430 20.247327 5.784772 2.282606 4.825305 8.228443 8.509994 5.121576 9.035345 11.348025 5.550247 1.385990 2.878926 4.816568 5.554676 8.136649 10.157256 8.301816 2.925596 2.922018 8.694693 14.546868 5.156923 13.736528 21.784240 13.181556 10.983605 16.125599 13.708173 10.376159 11.132206 8.681134 4.128601 4.040196 7.424288 8.982170 7.630670 4.254323 4.655758 7.615262 7.366270 6.058254 6.797890 9.270776 12.693151 15.869355 27.024891 24.421535 21.599389 19.816849 32.726314 31.478262 23.004994 3.781029 23.105583 18.908403 8.560208 38.333543 66.387832 37.430851 13.019400 11.817173 7.846563 3.832858 3.524063 3.130124 2.692630
6.700900 1.805190 153.3402 153.3402 0.000000 5.559712 5.632455 4.522164 4.105252 5.472089 1.498903 5.272797 1.537344 2.119060 1.273003 4.948060 3.484689 3.995197 4.234255 5.638891 3.272787 2.555769 5.912100 16.844219 21.157031 7.469975 5.193457 14.175639 13.137940 6.972710 12.033885 26.380207 33.783868 60.891941 205.534730 328.288474 182.631936 34.305392 17.743736 14.871536 7.658513 5.191698 4.494227 4.350219 4.770091 5.685211 8.891253 7.081902 3.743938 4.903295 4.481625 2.931528 1.448766 5.021656 12.540798 12.419477 5.218971 5.261855 13.382348 12.855586 6.302481 7.741602 12.500581 8.532533 6.842093 11.707466 13.927647 8.969092 3.066708 5.191762 2.201694 2.499276 2.864092 0.739761 3.193199 2.662005 2.650144 6.276620 3.123208 4.539625 7.021167 6.183225 3.186485 3.491837 7.372134 29.579533 32.634123 16.578539 13.701664 33.554914 33.733661 15.901696 15.485890 34.181837 25.962813 12.742014 40.604121 56.009462 27.452858 5.583333 7.715261 2.598630 3.912090 4.093129
6.754888 1.792308 154.6678 154.6678 0.000000 6.223617 7.216631 8.678435 6.528690 7.073358 7.419698 8.717595 7.963389 3.830435 2.407181 4.814457 6.906468 8.614702 8.727781 10.466408 12.973994 11.485500 9.859792 13.624337 18.043850 11.928846 7.695611 11.320464 9.235580 6.498723 7.573961 22.532978 25.153183 45.472413 216.976352 358.662249 172.741905 25.987780 16.339033 9.209621 3.375420 6.517222 8.807671 7.161424 5.696393 9.490870 12.216304 11.038966 11.611705 12.587506 11.240326 6.492320 4.869106 4.892280 5.091289 14.591036 11.669059 6.513889 13.323363 16.366898 8.670559 2.552642 4.607172 7.508488 10.421855 19.028363 22.181752 11.048469 5.678217 8.945756 8.389835 5.003351 4.284034 5.970384 6.333554 4.108751 3.505212 6.798894 9.595815 8.841788 9.090964 11.709172 11.921740 8.283091 8.617379 17.243800 24.614627 16.612897 8.513679 17.740497 14.883555 12.151977 30.444360 36.505678 27.612540 23.878235 47.696549 50.613919 24.078519 10.544179 8.682657 5.579624 5.021664 8.587988
6.801451 1.792652 154.5203 154.5203 0.000000 7.170245 3.615159 9.671693 5.872400 6.430750 5.271738 6.246569 7.980379 8.281751 5.414028 6.530224 12.649828 12.431241 6.286960 8.718264 15.814059 11.200974 3.273189 4.410060 6.194999 13.822519 8.479308 5.813584 6.548565 12.178467 23.229615 20.350218 9.549873 36.255420 235.100074 353.631760 150.924842 5.043337 3.729981 8.958331 9.490348 6.279612 10.091499 6.904953 4.462634 10.177924 7.903087 3.196198 10.061788 12.038813 9.379045 3.955823 4.861619 9.123329 11.840354 10.708536 7.253176 6.554403 11.878203 9.231982 10.684131 10.091478 4.909022 3.472552 5.667051 19.850882 26.657982 13.967088 5.073029 10.706227 10.648503 5.578888 4.914893 8.325718 7.722034 5.493700 3.549285 6.572327 11.354275 10.081403 6.886862 11.547710 14.535926 8.458349 5.578591 8.460049 13.691395 20.907305 10.034115 1.437454 8.574799 29.190967 39.831208 27.969735 13.913350 25.990130 55.930333 49.902186 16.314839 4.479090 4.452753 2.985462 4.515292 9.602233
6.851267 1.785498 152.0896 152.0896 0.000000 10.429009 7.675093 4.585651 7.130757 7.211764 5.610607 4.171990 3.677077 7.030818 5.099462 10.281904 9.340676 4.035076 10.041158 8.026626 7.228953 6.671764 3.221966 5.389561 8.357409 12.542746 10.556821 7.540125 12.690630 23.657405 20.464209 8.202334 8.611548 134.468794 320.768501 247.785983 62.150880 4.410512 3.189120 10.630420 13.012720 7.465006 7.013396 8.494204 3.159789 6.900108 9.727559 3.776274 7.378340 1.145268 7.593010 4.834950 6.267363 11.633423 3.367061 4.301600 5.838417 6.566798 9.127839 15.660798 20.311808 10.058072 1.757737 6.271654 13.527757 21.608457 12.577224 5.394633 7.687684 6.264694 5.937758 7.432335 4.581964 3.411940 3.481306 4.397025 6.097581 5.604866 8.217562 7.319955 8.287524 8.329612 6.364198 8.011772 11.200534 19.681275 21.131104 10.477747 5.249411 21.278907 44.316358 28.571692 9.494638 7.695925 40.550906 68.841462 33.070834 4.074586 5.786241 4.836888 4.405591 7.089919 1.693464 9.944914
6.900905 1.777846 153.2082 153.2082 0.000000 3.935681 6.562843 6.653772 9.305540 9.156368 4.586941 5.233823 5.650665 6.031271 4.692039 6.524307 9.519847 7.307892 7.446551 7.738395 5.289507 6.064745 7.331460 7.229504 6.346105 8.706056 11.192756 2.872955 5.130359 13.911921 18.998075 18.295365 27.586859 126.809335 307.172801 270.434446 84.817489 10.866301 7.224187 11.774194 10.426930 6.869142 10.725029 10.396509 5.038387 5.307834 9.811542 9.187522 7.152618 9.368609 9.988773 6.032575 7.869214 10.312989 6.599858 4.531759 7.837357 5.878203 4.077266 11.576031 21.946287 17.711703 9.280234 8.627298 14.095768 15.067355 6.379628 6.470314 4.830755 3.403365 4.198257 5.614711 3.964539 4.884962 7.034328 7.128780 3.903638 7.011606 8.674629 4.184888 2.823125 6.125043 5.635477 3.997632 6.391438 7.330914 20.400623 21.240436 1.231217 5.932104 25.074814 40.656982 29.494250 17.293739 38.834117 61.540222 46.498016 19.035765 2.940707 6.751851 10.406344 6.381406 5.019782 9.814025
6.957711 1.780801 142.6641 142.6641 0.000000 8.084895 8.805903 5.893077 4.001702 4.855107 4.832454 4.234187 3.666140 6.232471 5.289729 5.562475 6.252054 5.273313 9.720658 5.817183 3.298830 3.612699 2.947521 5.798957 7.938332 18.204373 13.812534 5.789142 4.497061 7.269909 4.199929 41.232703 208.026267 319.027248 150.674448 35.756730 13.264137 9.966328 12.203212 17.898938 24.102316 22.167574 9.102763 5.177688 3.753688 7.044252 3.230986 6.144414 12.718187 9.264793 7.917951 7.722296 4.946530 8.793608 15.918849 17.063311 12.183148 10.343560 13.317984 10.648107 0.365648 15.100197 16.955172 12.193422 9.622961 5.738922 2.057462 3.395153 4.893021 2.948886 1.821733 5.410425 6.739938 4.766583 8.132417 9.085688 2.265756 1.427769 4.427709 3.844427 1.185463 6.146950 21.598872 33.375525 21.642196 9.694040 12.625686 19.161402 18.569437 22.841905 50.144918 51.901838 24.856066 12.600300 8.928033 9.914588 9.997379 11.609059 11.896374 10.483023 6.325813 1.047912 1.687082 5.803971
7.003169 1.789101 142.0417 142.0417 0.000000 12.599146 13.414060 5.691258 2.374440 3.833000 6.865539 4.741286 3.956041 8.186576 7.810812 3.713744 2.125522 6.396300 12.863483 9.765140 3.275361 4.108042 3.427866 4.861773 5.780342 22.860857 29.740004 18.894590 10.129276 7.423948 6.710416 51.842659 243.369215 315.862806 117.172071 18.701484 13.854265 14.389215 10.236344 25.881337 32.299591 12.968138 3.528628 6.091957 6.246119 7.408774 8.496377 11.461101 8.779445 5.252319 5.878619 5.208398 6.565400 8.845922 15.416586 15.430340 9.146158 1.787447 4.357928 4.254329 8.440932 17.881871 14.639729 13.898956 12.401403 5.192609 6.191573 6.202095 3.171193 5.699155 9.769939 8.812415 0.916977 3.582745 10.744426 10.851254 5.694155 4.685344 2.954342 4.041279 3.211216 13.008185 32.303056 32.535577 16.755770 10.059769 7.621281 6.489259 14.548530 28.749983 62.787007 44.520464 9.769802 7.583386 13.765920 17.664321 13.670247 18.662473 13.649543 5.183608 6.217850 7.446621 7.824309 7.141627
7.060906 1.787083 152.0876 152.0876 0.000000 14.399080 12.788948 4.729546 2.659803 8.909930 11.795858 6.632832 11.147795 13.659864 9.344149 3.254559 3.308488 4.769543 6.516246 14.183130 10.251337 6.173064 4.229752 2.779115 5.154408 8.828449 20.898284 32.756711 24.112770 14.054190 14.316681 24.272039 44.223875 217.709300 328.498140 169.745388 37.333877 25.776527 22.868850 12.281213 25.926146 29.403499 10.779102 5.945451 8.003907 5.407758 5.208930 8.862846 13.492616 12.154093 4.619559 3.565737 2.546992 2.070295 7.991737 9.097058 14.672682 8.945390 7.508671 4.580950 1.478544 4.067969 12.389231 15.265633 17.090552 19.102047 11.633866 6.224165 8.136128 12.288616 7.924310 5.687237 12.442825 13.583020 6.886619 4.842861 7.671079 6.681782 9.742273 12.664430 8.927123 6.451680 4.088616 4.879650 13.816920 19.210866 24.382007 24.990192 20.004078 14.693679 16.740580 23.266597 9.901650 50.278831 64.904344 27.952664 15.629440 28.119962 24.002639 6.214001 24.608832 19.756087 4.022224 9.461234
7.111463 1.790480 142.4577 142.4577 0.000000 13.643789 9.470939 3.164936 7.116516 12.030753 14.435268 15.076878 16.370678 11.116930 3.508717 2.841422 7.696863 13.249402 13.974794 7.852193 1.343784 7.229750 8.415083 3.826554 6.148875 10.945162 17.690071 18.415343 11.235685 11.493610 12.192682 45.867761 221.098597 324.586305 147.811390 26.422879 21.512175 20.581984 19.460020 24.704162 17.491282 8.102745 6.255117 6.245619 8.027335 6.470203 4.426519 9.945855 10.880805 8.309876 4.441693 3.820045 7.644749 13.859064 18.155227 14.209395 8.279525 7.796880 7.228864 10.003811 20.168105 13.749735 12.118134 10.961547 4.067992 4.875890 8.282306 12.349401 10.290284 11.614760 15.663230 9.503146 4.053535 6.706748 11.995731 15.494233 15.300768 6.076900 4.194552 2.668483 3.980836 9.335541 11.065042 8.760211 11.028336 14.572433 10.828806 11.480751 18.634122 19.267345 53.796707 60.700777 26.341013 14.050652 26.631175 23.799108 19.515588 19.610685 10.822315 9.828919 10.051130 7.949912 6.312502 3.158463
7.160915 1.780959 148.7938 148.7938 0.000000 12.480879 7.738336 3.640392 2.637742 5.204879 6.962654 5.416368 11.839335 11.020307 2.767519 3.554574 3.178349 9.521620 13.938671 7.966796 4.419471 3.341868 8.958158 11.028823 9.722572 8.033656 2.843569 10.545772 14.333657 20.417608 10.560664 11.513499 45.975387 191.671998 334.554542 199.035471 36.148842 18.749999 18.484480 20.033525 16.760494 9.111798 7.428873 3.194764 4.243323 6.036265 6.199807 4.885052 7.245657 5.659270 5.989728 9.004844 7.162075 8.671709 7.550775 8.489822 9.454549 9.149013 8.563196 5.022291 6.400185 11.220158 16.110157 21.020131 13.504871 7.338283 6.473823 3.598766 3.179364 3.805568 8.579015 7.025369 9.490609 10.579966 6.241756 4.534696 4.422258 11.050075 18.818552 7.578413 6.949572 6.952403 5.375878 5.818224 9.228540 8.114172 10.077067 13.670280 18.167656 16.239565 10.957819 20.912397 30.764421 48.139175 60.456678 38.482985 7.364254 23.375679 10.024623 11.542929 12.181297 8.311981 7.756260 9.331599
7.213112 1.776302 146.4292 146.4292 0.000000 11.263095 1.543056 2.801544 1.741367 0.824712 3.584516 8.900999 13.398964 13.719860 8.571644 5.336990 3.739119 3.133660 8.576899 12.276818 12.420377 11.536591 9.548477 6.144588 6.643389 8.375782 12.176725 16.999378 25.178532 25.587620 13.750410 7.973779 125.171743 323.617261 238.681222 64.405357 34.614946 32.731866 34.642865 22.427652 16.320058 11.562564 2.495234 3.697205 8.218000 6.018133 3.964614 4.056935 3.573844 9.134484 11.099997 12.696052 13.578435 14.839755 15.853618 14.409460 13.233765 12.467619 8.613717 6.446735 8.632455 10.411874 18.340067 22.015554 12.742189 4.741791 4.497527 6.367067 7.190963 11.064264 10.857210 6.538060 2.158712 4.166551 5.293186 10.426270 18.170663 20.267127 15.953203 13.916676 10.189401 6.744152 4.129023 7.765156 4.017878 8.327319 6.801889 18.552431 17.461780 21.921367 23.538614 23.309445 55.619868 33.256759 24.529401 24.538182 16.978027 10.702820 3.639727 2.291644 5.004522 9.833972 11.412926 7.504341
7.260899 1.785415 146.5481 146.5481 0.000000 5.209478 6.438974 3.575394 3.791411 4.727111 6.997099 6.563218 5.674178 11.876838 6.078749 2.721954 3.103595 3.222573 3.332874 9.138029 12.033274 7.719730 4.792411 7.458166 8.446015 8.975993 13.188866 11.544628 19.702496 34.050639 23.257373 19.362845 119.577474 319.637257 263.890107 82.603553 25.446250 29.898972 32.204089 6.527374 17.150759 13.898605 3.572052 6.699288 4.761425 3.704991 3.428728 6.086146 6.655309 5.377891 3.856735 6.278823 6.723749 6.120123 10.477512 9.736084 8.916892 6.647540 3.749080 5.208978 6.091873 12.150855 18.232650 18.518279 10.639220 5.181850 8.423708 11.781273 6.675104 10.247326 11.739428 8.928189 9.187188 5.347485 4.199187 8.317966 9.575149 9.511846 9.982921 15.027826 4.604276 8.632579 10.491641 10.218668 5.853058 10.200519 12.637075 25.695981 22.598397 24.118162 20.062772 37.528767 63.916348 48.956269 29.508901 22.890093 16.070770 15.501671 7.380203 9.492313 8.816564 6.221340 7.410111 8.028429
7.315157 1.784512 147.9879 147.9879 0.000000 1.930543 6.843521 7.985959 6.008683 7.968529 6.883629 3.099525 6.094020 9.802976 6.381000 2.063996 2.042928 4.894980 6.522564 4.931178 5.407561 8.807880 7.696969 6.885681 9.539026 14.184862 10.811111 7.801186 16.003959 35.269849 44.637924 30.711203 80.358106 263.219397 306.750252 122.828333 32.339757 45.372726 33.521389 17.758635 9.470143 10.551789 13.408597 10.377915 5.045046 3.874529 4.684887 4.001067 3.628209 4.270407 3.559296 2.152092 2.271060 4.089051 4.689785 1.614846 1.030886 4.631080 5.965812 3.959714 7.885663 5.004859 1.044309 14.283272 13.387342 11.939912 13.491813 13.735951 12.744358 9.502872 7.344210 13.789818 15.290446 10.166107 6.757489 3.680266 4.422179 5.539848 5.499911 8.563547 13.618814 13.559429 8.163977 7.013669 14.036591 11.494676 7.405669 12.196019 32.749574 36.415926 22.833643 8.479590 28.671694 59.113519 40.418178 25.517567 34.753732 25.007244 14.343839 8.325401 8.652057 11.252311 8.750329 4.176382
7.364998 1.774707 143.8593 143.8593 0.000000 8.776337 9.304123 3.467594 2.132710 4.601138 3.746194 2.174485 4.620486 6.209782 3.759794 1.942551 3.342534 4.082883 5.425310 6.059971 5.222346 4.036065 7.314266 10.462621 9.718274 6.609525 3.019133 4.523053 20.645568 21.853210 29.312029 55.633286 231.844950 331.014345 144.427123 28.386502 29.647917 17.268171 5.635340 2.949424 7.170446 8.679714 8.898352 5.937416 2.525432 3.271300 4.109477 2.482886 1.719553 2.190408 1.344724 2.028218 4.432696 1.904221 3.805813 3.687299 4.850560 7.984313 9.219530 11.365983 10.431104 15.530617 21.385963 19.261067 9.260872 6.586573 4.210316 5.286631 3.351587 5.817739 9.501082 5.068840 2.166671 7.162852 5.776282 4.557080 8.451641 7.352884 6.085326 8.872851 9.556302 10.090183 8.127941 5.176854 7.041420 17.319694 23.372352 13.779884 23.436725 34.225677 61.485458 49.293854 28.681353 22.022067 19.342331 2.280362 4.804401 2.837560 7.231189 7.831547 4.456589 0.679144 0.712976 1.841560
7.415210 1.775170 146.0550 146.0550 0.000000 13.876604 11.114456 3.349732 5.157176 8.107995 8.238306 5.422977 3.875363 3.976667 4.312802 2.559950 3.363666 4.120448 2.798548 1.504881 2.420355 3.074147 2.914023 3.443923 3.204098 1.404522 4.577819 6.438054 11.178827 15.809605 28.362268 30.730319 197.708773 346.947386 175.684647 43.431897 22.825402 6.353305 6.762580 12.191296 11.273426 6.177661 4.204015 5.015628 1.393297 2.804045 4.531468 6.910687 4.255362 1.712978 1.809236 2.437270 3.915260 5.619983 7.532296 8.846961 6.799963 4.025445 9.755439 15.521512 7.904667 14.079569 17.231404 13.210088 12.219602 7.027523 9.017808 11.133014 6.545216 4.029750 2.544468 5.425540 5.145205 2.825464 10.156048 7.664089 3.631677 3.914749 4.191022 1.564907 1.968685 3.798207 3.650636 7.579274 7.168532 5.611383 11.503625 17.908918 10.112610 14.360672 42.454083 58.397039 36.466998 13.523767 10.723446 17.952488 16.497306 7.478473 3.513719 2.324741 2.739478 2.490163 2.636383 3.354369
7.468796 1.753203 145.1653 145.1653 0.000000 16.119623 18.544755 16.060796 14.744284 13.800105 11.944914 8.860196 4.735573 2.277577 2.510884 5.174038 8.668225 9.084864 4.527033 1.530847 2.150976 2.746201 3.049322 5.407362 6.492511 7.764882 7.411906 4.337455 11.480347 26.764831 28.916552 47.942882 234.585039 364.070756 132.062022 48.782057 18.451066 16.743832 17.403867 11.335692 6.884204 3.835838 7.277699 5.444277 2.358066 2.815192 5.798892 7.395629 5.323434 4.158456 4.742169 4.195545 3.036951 4.185062 8.677623 13.348083 13.075585 12.891366 12.466996 11.071226 14.211621 22.513668 23.376890 18.168304 15.273203 15.756528 20.689192 13.417369 7.866835 7.465573 4.930380 3.105746 4.758857 7.948667 12.564729 9.120103 3.410002 2.982662 3.909682 2.732541 2.089993 3.374911 9.383996 9.451595 5.114707 5.740692 21.898409 26.463051 18.079594 5.134863 45.340669 45.863501 16.339385 27.003961 20.464112 24.544681 17.416461 4.731096 1.584356 2.016261 3.507434 3.747773 4.123229 6.728748
7.519929 1.745129 145.3764 145.3764 0.000000 11.155557 10.461569 14.458249 10.124158 6.464135 5.574325 5.458063 5.617642 3.156667 3.446237 5.472157 8.138872 9.394464 8.118379 5.997505 6.152902 5.157763 4.670831 6.566843 9.139628 13.716802 11.624865 7.133758 14.167500 16.972725 13.727622 27.972306 166.225821 371.214465 210.841935 36.945378 9.024056 17.865880 12.417012 8.100686 7.373824 10.597006 9.962559 4.762807 1.598998 3.713676 5.749762 3.350480 2.958746 4.885673 3.800072 2.763156 3.381739 2.691749 5.350100 8.462225 7.961384 13.518169 8.250500 5.807229 10.139449 10.718438 18.113131 10.984715 7.302959 16.511125 22.472041 10.364968 5.046940 5.287848 5.519432 4.445711 4.186411 5.609452 9.448755 9.203177 8.403607 7.136584 7.599986 8.471727 8.529844 8.717728 9.185937 10.258166 11.623312 11.826242 22.969512 29.168395 25.584955 11.229807 31.798232 61.967187 44.246701 22.429031 5.913987 17.331955 14.913213 6.742662 2.628009 3.895426 5.846329 4.540212 1.772836 3.346048
7.571025 1.741455 146.8207 146.8207 0.000000 3.900703 2.303996 5.438116 6.810493 5.745538 4.231051 4.165044 4.937341 5.142240 3.820648 3.165449 4.115532 3.761107 4.818070 5.680072 5.947842 5.479576 3.572221 4.926011 3.852785 8.124269 13.179187 9.846009 7.379090 8.083010 14.668534 63.166287 217.561857 317.452781 184.017127 60.121958 18.514572 16.890863 11.678595 11.276598 7.041703 8.893233 8.811578 8.442799 6.273090 6.445575 6.469799 3.340630 4.611034 5.988691 1.841138 4.454755 5.376596 5.834945 4.571107 4.624573 10.188880 9.828816 8.070522 5.628342 3.644493 7.054461 7.705129 6.119149 2.586543 3.979920 11.650924 12.503963 8.106220 4.632860 3.782164 5.446600 3.240513 3.863685 5.473815 3.614572 5.433146 5.717620 7.762938 2.939718 7.320605 12.836849 10.378562 2.061564 3.547872 8.130663 15.768424 19.081322 12.631063 26.375882 40.782947 49.048942 44.355313 31.392556 9.114044 25.126458 13.761404 8.039855 6.652758 4.381201 9.652759 7.850394 1.965919 1.758761
7.620937 1.737010 143.8594 143.8594 0.000000 9.162334 6.856009 3.627696 6.096128 7.612653 2.712232 2.928172 1.269668 2.436682 4.687756 5.476333 6.081743 6.449828 5.762997 7.089942 7.512923 10.031291 8.736975 5.657257 1.723588 5.554630 4.733940 8.041924 12.926917 13.133789 13.719072 63.681005 224.994454 326.127085 164.381980 28.240019 11.204904 21.990441 16.306658 15.216456 9.283235 5.042142 4.102235 4.111963 7.723425 8.168551 4.967030 6.573387 7.257153 6.224813 7.658352 8.600270 7.418431 3.820919 2.923685 6.072223 10.759122 12.760037 7.583167 5.840983 5.397532 4.682871 6.467384 5.651550 3.662622 5.094803 5.264072 6.084233 5.826356 5.697372 6.054782 4.460393 6.858196 8.569125 7.449657 6.173031 9.312720 9.445582 8.518722 10.666900 9.347245 3.240167 8.583780 9.112377 3.111277 3.663761 8.255043 9.158115 6.700874 20.781094 42.961799 38.433498 29.441063 12.467373 23.907472 20.609408 24.807858 27.847276 19.665279 8.176411 6.165883 11.919429 11.340574 6.158582
7.671501 1.737898 143.5155 143.5155 0.000000 6.941359 2.933314 7.675216 6.157628 2.941733 6.098017 2.844645 0.856485 1.478800 2.238825 2.104519 4.028456 4.146499 10.646995 8.257103 5.511347 7.919599 8.810243 5.726024 4.305521 7.034108 5.045198 5.862397 10.146050 10.603833 20.471980 70.856066 214.199469 319.161719 188.669327 55.056951 24.901880 12.146377 5.548815 7.245020 6.643929 4.542767 2.976378 4.226017 5.573213 6.095834 7.329554 7.126069 4.265114 3.852860 5.752424 6.104710 4.381468 2.969443 3.182033 3.062753 7.726737 9.883269 6.371458 8.340410 8.863299 7.072257 4.430860 3.518355 5.297572 8.101050 8.266355 6.591839 4.324056 7.901032 6.256166 6.744258 7.164662 7.770962 8.301643 7.001861 11.557566 6.782666 7.796795 10.054975 9.690312 8.179753 5.553913 9.197853 4.818095 5.124781 11.046506 3.645263 11.221320 11.390475 46.304423 47.658420 42.736210 41.704020 13.549120 6.752889 16.887399 16.163717 16.602718 10.662847 5.511870 7.070072 5.590561 4.739279
7.720896 1.734002 149.5347 149.5347 0.000000 7.463780 6.491817 3.017088 5.650959 7.457734 7.503395 1.350469 3.335135 4.537517 5.421029 5.396208 2.459549 5.152243 12.567152 9.362932 4.673125 2.447564 5.095671 6.786096 6.326146 10.461192 10.705197 9.815537 8.286620 8.219412 25.622450 43.710637 54.056052 306.752646 301.043618 111.162306 27.954212 18.018868 12.255853 7.857208 7.374185 8.012726 7.907584 5.149017 3.888483 3.975735 5.409433 6.609878 3.836672 5.749119 3.808596 2.479767 2.399038 4.187939 4.121375 3.268233 3.336229 6.270287 4.167546 3.441285 12.902236 14.364485 6.819479 8.812797 6.976084 3.718647 9.573143 14.613104 13.313179 8.651098 4.367687 5.370528 7.355523 6.318465 4.900957 2.875510 5.306515 10.497944 10.693424 7.348184 3.887902 5.709872 6.524267 8.540359 10.582228 8.087998 8.484942 10.183176 14.631985 23.413490 28.161942 30.712551 44.437454 53.876883 39.343939 21.673463 20.175493 14.654993 5.959299 8.377221 10.021430 5.548964 2.560836 1.075011
7.772474 1.755738 144.5716 144.5716 0.000000 8.334055 9.444384 5.598121 3.808422 8.044179 10.090797 7.030093 7.583882 8.383658 8.858827 9.618023 7.778930 9.166306 10.524362 6.955308 5.122700 4.193346 1.510636 4.999371 5.136390 5.236344 10.151729 9.350399 3.217833 4.972098 26.643187 88.034635 210.573699 332.856852 180.498339 77.231202 32.411112 16.399864 4.539974 12.580931 8.858245 6.062648 11.072975 7.794083 3.704703 6.254352 5.575600 2.663320 7.559633 8.390978 5.930341 3.958856 6.455618 10.034697 9.305463 4.337786 3.102634 5.857952 8.454574 9.299347 15.840100 18.941281 14.970179 11.924666 8.747770 4.100766 4.430465 11.279776 14.155802 11.034611 7.406485 9.127806 9.351614 9.351152 7.019750 4.558643 6.034571 6.181849 7.169280 6.904865 4.383516 3.645625 5.522635 12.076374 9.619243 5.266781 6.716394 5.873865 15.176921 34.659142 35.446425 15.776366 15.080128 25.771944 26.966039 23.152701 14.174663 20.185672 18.112942 17.482830 18.491597 10.998222 3.436343 0.986269
7.820944 1.762834 144.7586 144.7586 0.000000 3.257610 6.850222 7.776350 3.467197 6.360778 4.786195 7.250895 6.798954 2.803351 4.365749 5.208140 9.467246 4.731684 3.837761 3.384121 2.341485 3.680119 3.656056 1.843728 0.428174 2.260021 6.081708 4.881251 2.512090 8.593252 31.477449 53.184433 222.917442 357.758211 165.732306 45.985118 28.361143 20.009706 11.330337 10.017794 14.678350 9.418209 4.824456 5.996971 4.280094 7.102413 5.924799 3.978639 4.656283 4.341847 5.790508 2.521903 5.273800 7.788912 11.608978 8.052164 4.600010 7.353658 7.779408 4.589418 8.514361 9.598891 9.402236 4.837419 7.823993 3.332997 5.356896 6.869763 2.256622 9.148898 7.412215 6.859335 5.329080 6.827763 7.458510 3.747398 3.766304 1.596066 1.539794 5.498076 4.928146 5.578414 6.064018 8.746881 8.947751 4.903081 3.465626 5.104429 9.653055 19.419701 46.016493 55.891521 39.484660 27.677708 26.141376 25.847966 11.020725 11.359439 22.314015 18.187422 14.763590 11.692622 3.465542 1.900134
7.871478 1.758337 140.7480 140.7480 0.000000 0.266355 3.727126 5.800019 2.056007 4.475555 5.190365 6.429987 4.061958 1.933274 4.914940 6.318458 3.744975 1.728481 2.075104 2.120131 1.514398 2.897952 3.391255 1.781907 2.988661 4.799480 1.985752 3.590894 14.047368 24.498982 11.116138 159.783790 363.907264 219.477749 18.586055 37.484479 31.546174 6.352818 4.893874 14.632453 8.659400 2.662677 3.408824 3.681087 4.040025 3.088612 1.689142 2.658139 2.989512 5.142496 3.899248 1.011793 4.654020 8.637749 5.099489 3.122004 4.362511 3.913663 3.687359 5.268884 10.736005 10.438043 4.709321 4.201159 7.008934 6.690308 8.143106 7.855265 1.965524 0.801850 7.855626 9.766923 3.923699 2.012238 4.104978 4.653075 4.251153 7.313736 7.415176 3.191147 2.873477 5.861989 4.961648 2.226520 2.790021 3.772506 3.128067 20.865110 62.274140 59.384000 18.016835 27.006672 37.999988 17.827818 10.327832 19.770826 9.868941 2.678619 9.006726 9.545153 4.069928 2.578702 2.636951 1.752208
7.920615 1.766854 143.4442 143.4442 0.000000 1.293589 3.007277 6.621653 5.241290 1.613539 5.367330 4.814289 6.524882 4.385741 4.584866 5.901161 4.274528 1.663384 0.782431 1.710332 1.617675 3.581622 3.938857 3.282193 2.565290 3.130744 5.605984 4.338926 11.873880 22.090580 15.518872 81.206161 269.614449 309.734682 118.622136 17.395590 29.599414 24.534787 9.815984 10.241731 11.433406 6.219286 2.413141 3.306370 3.585312 3.425223 3.448037 3.364090 3.119362 3.982720 5.025031 3.786541 3.864173 6.969655 7.317415 7.045567 5.341697 4.253097 2.360691 1.337844 6.130563 13.760808 11.603368 4.133904 3.950170 6.348246 2.748113 4.950813 5.473578 6.212327 5.966425 6.210511 8.418565 7.282994 3.710660 3.478362 6.269049 4.431050 6.937584 6.994340 5.365237 4.885530 5.105404 5.536952 4.465985 1.037577 5.784827 2.463206 10.622256 46.921642 68.713973 36.736473 6.015433 30.863905 34.001320 14.374407 12.973782 14.252786 13.827754 6.367636 6.688741 11.151466 6.805859 2.875483
7.977884 1.744032 138.6880 138.6880 0.000000 2.075250 2.293622 5.802971 8.488559 8.054991 6.493698 6.489786 8.359429 4.423285 1.543622 2.821499 3.403287 2.321933 2.687407 4.156242 4.239008 1.434981 1.201683 1.517615 2.957115 9.442302 11.335415 16.650374 24.262049 26.946218 98.187936 296.255639 276.433507 81.241269 33.804157 29.619110 17.409439 10.018623 6.939165 6.613599 6.524587 2.910251 3.116252 5.305837 3.887258 2.041338 1.598586 5.860445 8.130707 8.192913 8.641791 12.023542 7.765939 4.656365 7.353194 7.819225 5.615957 3.501882 6.529616 9.875775 10.224223 9.611366 8.176056 5.234776 4.208609 5.872496 4.029707 5.587285 4.458998 4.185731 7.198072 7.038770 1.407007 3.166202 6.976612 9.093967 6.954546 5.115940 7.157768 6.331874 4.227387 4.448100 4.804263 6.660002 11.031589 24.957782 54.511011 31.910598 28.826088 26.642170 28.681801 13.830527 22.766302 16.504826 11.164374 12.934683 10.464054 11.024735 15.940484 12.348077 7.362782 7.691570 9.200117 7.434826
8.022493 1.735437 137.4176 137.4176 0.000000 2.760862 2.176172 3.389948 5.191163 5.939031 4.905924 6.772108 8.475414 5.744786 1.928222 1.759935 2.353084 1.769537 1.933423 3.615499 4.669561 1.945928 1.653385 2.205251 5.642029 7.339259 14.438296 16.193932 12.418916 27.691369 165.538105 321.489922 195.620459 38.992762 12.039160 21.001167 24.789037 17.954757 9.095552 9.319542 3.893937 3.138672 4.713057 2.205606 3.465235 3.353251 4.520141 4.005013 4.976777 7.999248 11.366991 10.327155 5.807787 2.487058 3.485241 5.903293 2.479214 1.248578 9.223882 6.980934 7.800523 7.040500 2.341767 6.710336 8.037493 6.082372 4.137610 4.410908 6.155758 7.008909 6.540211 7.007811 6.287719 5.691666 6.355955 2.833435 4.934346 7.384518 6.004185 7.252779 4.245543 3.706797 4.297404 7.222581 22.659371 49.265805 42.176568 21.997074 12.706561 14.546069 27.085480 32.343005 21.310815 11.735406 5.367747 6.883108 13.839902 12.912045 9.995028 5.356534 5.597393 6.658996 4.863864 3.452533
8.079939 1.714957 142.4067 142.4067 0.000000 6.685091 4.193410 4.195270 3.210637 5.129045 3.805540 2.478993 4.789820 5.893783 2.960111 1.019003 1.047728 3.277762 2.632747 2.485498 4.814759 4.098258 1.819146 3.631921 5.873560 7.300263 8.818225 8.731519 6.198716 9.766859 27.518912 176.616587 321.792821 198.835651 44.024277 6.941094 4.681042 17.287664 19.266932 8.841458 7.003791 5.511068 2.487789 5.358606 5.361684 4.815598 5.881076 4.044229 2.307963 3.555175 2.797096 4.409361 5.908905 2.001794 4.616638 3.439345 4.111358 4.431185 3.645804 7.819723 12.637431 7.720240 4.628225 6.138843 4.971811 6.750296 10.042074 7.232114 3.715431 4.877415 5.106926 3.702356 2.998953 3.576613 5.181519 3.806006 2.365752 2.499859 2.671410 4.473357 3.802594 5.566199 8.634454 5.519989 3.062152 5.144209 8.596136 25.326983 51.828188 37.125599 12.981398 6.049172 5.729753 28.443422 39.756311 15.418076 6.039022 5.946918 2.451508 8.814458 5.882092 5.495038 6.186416 3.585663
8.131003 1.702241 138.6488 138.6488 0.000000 1.544866 4.080542 2.142444 6.101443 5.882168 5.760793 5.392653 2.967651 2.752838 3.264938 2.507931 4.058512 5.183546 3.987355 4.573533 5.206084 4.325882 4.091143 1.183153 3.861207 9.294088 11.726372 7.741131 3.878629 17.560107 115.234990 314.322477 247.464255 52.219545 5.498370 5.207540 15.444934 19.955778 11.736138 3.304930 3.405830 5.582089 7.707551 6.209017 1.793541 3.978988 6.027018 5.122920 5.198108 4.812174 3.074164 2.082576 4.935627 6.046730 6.893994 4.660619 2.939259 5.629899 10.539562 11.463492 6.607112 1.488062 3.245331 3.754700 8.038014 3.147773 4.913966 0.892629 3.710630 2.062910 2.867795 2.447735 2.321391 4.017823 3.416281 2.651321 3.342774 2.991076 2.343000 4.998683 8.455190 7.323585 4.699499 2.191088 7.013199 38.038167 53.711274 23.145843 1.640538 2.321643 11.938763 37.854289 35.854139 9.101881 2.252927 4.273859 7.424507 8.094751 5.640963 2.666179 3.216431 5.629088 6.552129 6.563022
8.180902 1.696129 132.9735 132.9735 0.000000 7.715792 5.279847 3.371765 4.060854 3.841754 4.056810 4.926500 3.196199 1.645116 1.944089 1.851286 4.134864 6.946304 6.253305 1.852327 3.279751 2.008399 4.295527 6.188471 4.740568 7.128071 8.271115 4.976857 6.126052 35.672841 176.747601 314.727128 174.802071 30.342145 4.575658 7.748590 10.940365 13.763435 4.987216 6.001108 3.854477 4.715411 6.154023 1.522718 2.284738 3.232563 4.105688 1.859743 2.509396 1.787644 3.231708 3.797531 2.553752 4.232167 4.594327 3.242031 5.544073 3.697927 9.654055 9.240037 6.118993 1.778551 3.920722 8.352434 9.370258 7.632915 5.902758 2.697520 2.661045 4.425505 3.777679 4.404489 5.614211 3.734948 2.686017 1.307221 3.995116 5.113629 1.815015 3.353106 6.330457 5.085811 3.645923 7.428103 21.124206 41.588971 26.257347 8.562977 3.962562 7.264293 22.192386 38.475572 20.886272 8.835344 3.817217 4.523619 5.849990 2.828987 1.950757 4.923937 4.651881 2.351845 3.261840 2.794272
8.231013 1.679736 138.8487 138.8487 0.000000 2.513816 5.227172 2.391168 1.390107 4.109460 5.119952 2.274972 1.126203 2.105259 1.969849 2.347694 4.072926 4.181073 2.745167 3.928820 3.381780 2.958653 2.021029 3.016533 10.622912 10.712149 4.082465 2.975202 1.877351 5.204895 31.987875 169.768446 325.076521 203.486566 25.620116 5.837885 2.600397 3.375777 5.469920 13.716305 13.173437 5.845730 1.756200 3.333467 4.647087 4.396003 4.600001 5.645734 4.693959 2.892041 2.435610 2.688334 3.281214 3.993046 5.864486 5.858120 3.218325 2.329466 4.587441 8.215276 8.870430 4.556739 4.198864 3.828295 2.462832 4.144354 4.954666 7.601935 6.821759 4.358989 3.177937 2.792568 5.157072 5.258614 2.912350 4.505091 3.781550 3.514572 2.339307 3.250144 7.317745 6.372934 2.566762 3.135034 2.472330 1.493166 5.168331 25.195440 45.970929 27.442880 3.781648 2.555937 2.682425 2.629390 12.916724 40.078804 33.634023 9.308980 1.894673 1.770138 3.788039 2.838658 6.020853 8.407409
8.280945 1.671151 139.5286 139.5286 0.000000 1.723282 3.752166 5.286822 3.419279 4.323622 2.350115 1.688603 0.666424 1.113639 1.515591 2.123750 3.840012 4.208287 2.056855 0.617758 1.266956 1.830581 2.892850 6.628321 14.747122 12.436276 5.020781 2.207318 2.409134 3.331783 26.998509 158.190410 341.933923 213.327358 20.235196 5.208665 0.869777 1.620191 3.716291 12.656844 17.574633 8.832287 1.773277 1.528834 2.623362 4.533769 3.701694 6.343758 6.347526 2.970172 3.561044 2.860279 4.584469 5.464179 4.720239 6.227302 5.461463 3.424814 2.955685 2.679857 7.741014 6.583809 3.306181 4.852827 3.814154 2.916606 2.061305 3.819763 6.271637 3.620005 2.760467 3.551714 4.190467 5.455156 3.947965 4.210383 4.696822 3.589920 4.242879 5.580650 8.591396 8.792011 4.804449 3.191009 2.505108 1.831426 3.815730 19.461134 43.302335 35.065775 10.411176 2.202503 1.443693 3.034134 6.461092 23.509680 39.671686 23.992530 5.434499 2.574874 2.849658 4.568687 4.578968 6.359117
8.331465 1.658445 138.3730 138.3730 0.000000 2.872441 2.704454 3.868056 4.717690 2.200807 2.164275 2.577563 2.927753 3.070628 3.447674 4.276963 5.056997 3.563767 2.672529 3.986740 3.624695 2.516409 4.159153 11.902645 14.066760 6.135284 1.770480 2.597924 3.585486 2.378464 56.990814 228.932921 308.634117 137.954971 8.574602 4.296809 3.824854 2.416424 4.074536 10.831978 14.167404 7.102976 1.255791 2.030442 3.851447 2.874019 2.129396 4.658371 5.951215 4.302614 2.630784 3.080263 4.179385 2.499654 1.980574 4.415024 4.226736 3.046667 1.612702 4.142827 6.621577 4.613120 3.384465 5.011060 3.863051 1.989150 2.933521 8.590204 8.465704 3.234999 3.570974 5.459862 4.798723 1.439590 1.470253 6.310509 6.675661 2.617669 5.248688 11.092980 8.292811 0.547808 2.286602 5.270616 4.818882 4.418893 15.066790 44.862447 38.133403 8.839314 2.198426 2.743911 3.990462 3.594306 11.484165 35.862217 36.622021 10.860430 0.823926 2.176420 4.287148 1.782297 2.152564 5.577502
8.380962 1.652165 139.5499 139.5499 0.000000 3.449914 3.994601 1.776560 3.950983 2.342567 2.184707 5.260129 6.181156 2.133571 3.986399 2.882365 4.950770 4.816735 2.588482 3.876137 7.678628 6.320429 7.285490 14.240037 7.621042 7.328715 7.483469 5.168744 4.278211 11.982584 37.686047 206.173873 335.683656 158.199102 18.748309 7.768501 6.796498 12.675737 9.160396 5.172257 12.191962 11.125654 2.746422 2.413394 3.764804 5.205297 4.834674 4.784907 3.244721 3.634569 3.184430 1.515226 1.550870 3.007720 3.340080 3.461732 4.598745 3.054864 3.480718 2.617642 2.868183 4.233780 3.823799 4.045967 6.022434 3.650906 2.582544 7.093734 9.410959 6.450299 4.488439 3.059342 4.421253 3.924334 3.982086 6.362475 5.412370 3.058105 5.871006 6.085883 5.406329 5.633872 3.846498 5.264435 8.428916 7.224114 12.672520 32.008207 36.317628 19.310363 7.567834 7.878142 12.031661 9.965211 6.578365 16.104675 33.153373 31.491909 15.105594 7.308291 7.543329 5.064875 1.362174 1.716295
8.432744 1.630704 136.1657 136.1657 0.000000 3.569346 4.139812 2.544628 3.409750 2.611865 1.747196 6.046355 7.463430 4.215105 4.108167 6.895691 7.927285 5.612757 3.662336 4.404636 7.327065 13.516588 14.937993 9.002443 6.615976 11.138336 12.308972 12.370832 17.120114 20.544479 167.878257 327.334812 181.491885 41.840515 22.611958 20.603218 23.841856 21.945931 15.344005 10.485833 8.268757 8.844619 3.476927 1.592668 3.085756 4.509306 6.044634 5.762691 4.134011 3.318692 2.783800 1.856299 1.562618 3.638046 4.559975 4.123669 4.479696 4.488418 3.535647 2.867567 2.096034 4.731507 8.102800 7.533413 4.943430 7.689868 7.789841 1.921143 1.509181 5.982492 6.843430 2.711731 2.431084 6.077697 3.976353 4.484873 7.733351 5.480691 2.190885 2.142080 4.462430 3.868653 9.288874 10.028006 16.242720 35.034665 27.118397 14.993917 19.930786 21.551037 23.975928 22.600764 21.832604 11.431614 21.665334 24.221555 11.341221 11.152680 8.939215 4.562968 1.911355 1.587802 1.817510 3.441470
8.480974 1.609061 135.1941 135.1941 0.000000 1.412079 3.574592 4.163133 4.385863 2.460543 3.951264 6.390728 5.461645 3.333887 2.936340 5.096012 5.886603 4.314575 4.135642 4.331915 6.967499 13.449452 10.345952 3.124500 3.396978 8.700788 9.273784 8.954403 12.843833 17.937284 209.756499 350.138227 143.164036 17.971362 14.985316 12.638829 15.943894 14.293421 8.363235 8.330380 9.314028 10.289280 4.866760 2.623843 3.387741 4.948374 6.365170 2.986956 1.855089 1.371876 2.723541 3.995008 2.563656 3.632925 4.495937 3.823354 2.456952 3.459961 4.905126 3.948767 2.350691 6.070829 6.376822 1.958352 7.382387 6.914427 4.933482 4.319562 4.387423 4.681011 6.336798 4.145345 3.634873 4.665539 5.290300 7.515102 7.007681 4.146794 3.634671 6.309682 5.547326 4.476783 7.953926 10.790334 35.786600 46.290342 22.615527 13.877058 16.417872 13.160251 14.818371 15.355152 13.041739 24.332905 34.195742 24.274529 10.975294 4.259576 3.500765 4.639529 2.732018 2.126288 2.168454 4.247425
8.536466 1.591500 138.0888 138.0888 0.000000 3.186331 3.660504 7.620145 6.699017 3.482734 2.599789 5.002033 0.785962 2.041412 3.824681 4.252365 4.938446 7.215936 7.309679 6.264979 4.833787 10.714323 6.909464 4.213367 2.330723 2.896103 4.443329 6.316995 7.761148 17.364028 116.672861 283.596424 232.765570 63.872179 10.175988 6.048274 5.275192 6.170981 5.050301 5.522488 6.114639 10.799140 10.177107 4.710533 5.484639 7.443534 5.820115 5.285632 4.513560 4.052020 2.322326 4.069442 4.412305 2.576755 3.682194 6.629828 4.434460 3.587728 5.150394 2.423003 0.992942 4.728974 7.011779 6.048798 2.597752 5.545148 4.851653 2.061924 5.322114 8.940931 5.894086 6.190867 7.355650 7.437192 4.523534 4.907558 6.728609 1.685095 3.311182 0.640962 2.227776 6.592274 6.720874 6.820538 9.927869 24.616598 43.171176 25.716600 5.014697 3.916480 4.506967 5.412174 6.089403 6.428789 6.188758 17.247443 37.470910 29.494477 10.993610 7.594671 5.997654 4.335224 3.357139 3.427666
8.587436 1.559416 134.2292 134.2292 0.000000 2.969753 5.669855 6.745221 2.449983 3.471129 4.981950 6.941747 4.652915 2.151179 3.021695 4.991901 3.472495 5.116474 4.667640 8.263396 13.675276 11.406483 5.881849 3.874736 2.541660 3.252585 4.524868 8.337157 11.143447 29.427803 116.985325 290.567679 233.274133 57.923861 24.310157 20.277423 10.700432 11.317778 8.646299 9.396430 11.471472 12.594609 15.221355 9.863712 4.472512 8.885987 6.552081 3.602527 3.414957 2.573045 6.479733 8.773586 8.348740 5.016150 2.795166 4.421286 8.802680 9.625150 10.800709 9.575494 6.167534 6.006112 4.829256 3.078011 4.147506 6.279984 7.643606 6.403139 5.853028 9.368655 8.663486 4.839960 3.452221 4.882854 8.083426 7.257548 5.591295 4.933581 4.343599 4.158306 4.083166 4.237189 3.932320 3.588207 9.432303 26.478139 31.941658 25.942647 18.194312 13.037858 8.722546 7.183094 6.199244 5.392341 8.253331 11.038018 26.592266 32.521603 19.411942 16.524912 12.436046 5.504192 4.720389 4.185869
8.634890 1.544697 138.3267 138.3267 0.000000 5.931619 7.621212 6.561667 2.800914 1.842257 5.777579 4.590637 5.242669 5.126054 4.092191 3.794606 1.822677 3.545004 8.318855 14.101249 14.231587 7.098637 5.222424 3.947743 3.495299 6.559174 6.619573 7.462593 11.507663 10.397793 47.480321 187.688275 287.098810 162.282878 20.152562 23.518474 23.998174 8.801097 14.353536 12.561707 4.672770 14.375665 9.622738 8.893866 17.553729 14.400194 7.674289 3.813434 5.721941 3.808506 2.028567 4.759807 5.431919 9.027631 7.213730 2.268982 4.279505 8.897149 8.336532 9.282891 15.419977 13.014616 8.286898 5.441870 2.702611 4.119074 6.522488 5.264660 5.551810 4.061268 6.068531 10.333788 7.985381 4.731456 5.737229 8.624422 8.106326 4.017225 2.104884 2.812314 2.622229 2.432278 5.387067 4.797748 0.935588 4.199779 11.246817 27.645887 37.155678 15.012950 10.935483 20.619266 10.929931 8.704688 12.384635 3.619532 13.018885 11.270091 10.519922 23.181787 29.306542 21.568541 20.792746 13.559582
8.681506 1.521661 137.8442 137.8442 0.000000 1.725525 4.073004 6.594508 3.286787 3.933169 5.453504 4.579598 6.166932 7.706852 6.383179 5.519199 4.498426 3.401915 6.967856 14.851821 13.224185 5.079687 2.484838 3.364968 5.354607 9.159038 10.221734 11.969168 14.171844 17.513794 48.076457 185.961101 284.604457 166.943902 35.141101 19.961627 20.235387 16.046836 15.309988 15.052564 13.051960 13.018736 10.088537 7.390417 13.453799 14.016823 3.318725 2.407649 3.597506 2.028931 1.227106 3.257758 2.845445 5.332434 5.397662 1.957964 2.995465 7.304465 3.467754 9.279922 18.024877 8.979986 5.035093 5.143873 3.227884 5.527674 5.733355 5.094841 6.996584 7.283647 7.544257 4.809250 3.681553 3.649337 5.113156 7.806596 6.086384 3.668259 2.798290 1.892817 1.645290 3.558800 5.352357 5.713806 6.667921 8.939051 11.804189 25.892721 37.697686 21.647461 11.919176 17.223763 16.871362 15.690310 15.293899 15.660643 16.936390 16.775337 14.382956 9.690037 32.331722 27.984936 3.217872 10.851097
8.731057 1.502093 132.2542 132.2542 0.000000 4.249990 3.468212 3.385906 3.535398 4.751790 4.584755 3.797516 7.758243 4.362568 2.264205 4.084057 4.958050 3.766069 7.644221 10.394480 6.225671 4.480155 3.608336 4.095748 7.213173 4.937862 4.566521 8.920821 9.145630 51.591836 211.529248 270.944012 118.485526 23.960557 10.039003 9.510037 5.598178 8.896719 9.097444 5.569230 7.465193 4.434234 8.253831 17.154413 11.369165 4.659650 1.470076 1.634139 2.274342 5.233817 5.976143 1.698963 5.550095 5.227950 4.279945 4.259592 7.917291 17.191266 16.612272 5.626878 3.959530 3.926436 3.932827 4.609623 3.545655 6.977035 6.300087 3.053835 3.529104 5.074372 8.081202 7.443407 6.009819 6.113472 5.383667 3.332174 3.333008 5.565990 5.734503 2.921658 4.763580 5.237809 3.632329 17.056357 41.702907 34.343639 13.771466 8.512603 7.823405 11.773114 5.156083 9.313909 8.472195 5.946806 10.460057 13.930860 36.491437 39.276860 16.363755 4.293071 2.986479 1.779578 5.637205 4.712163
8.782062 1.479641 131.2794 131.2794 0.000000 3.915514 2.401756 1.823771 3.005009 4.635333 4.448123 5.436117 4.717942 3.685382 1.745478 2.771462 6.111277 7.166755 8.560855 5.679564 1.935574 3.470414 4.223378 4.615413 5.699722 4.571530 3.986515 2.801654 7.448803 82.551695 264.055877 232.314571 53.399989 5.106737 4.233268 3.581764 4.271169 5.483630 3.873946 4.429537 3.135444 1.674386 7.397209 18.101849 13.683364 2.972276 2.451503 2.299397 3.794076 4.716411 5.065731 4.581467 4.793109 3.584367 1.436844 5.602060 19.072320 22.329337 8.756694 1.955805 2.230714 4.044805 4.263641 4.482781 4.782761 5.340827 3.166832 2.191377 1.656129 10.789236 17.917884 12.157361 2.113420 2.182845 3.670790 4.434270 4.979650 5.660957 4.246378 4.165078 2.840556 3.722079 16.218071 39.071260 35.911396 10.835579 1.099339 3.073997 4.047585 4.464258 4.405205 3.982084 4.100383 2.764446 2.744823 19.604680 40.146945 25.078497 5.087363 1.247692 2.493022 4.613355 4.465305 5.559748
8.838416 1.444028 133.4413 133.4413 0.000000 6.519473 6.305730 6.711882 5.258888 3.589126 1.933589 2.834416 1.032505 2.593290 2.193969 4.551245 8.324494 6.412579 7.514974 9.734730 6.006831 3.989510 3.798506 2.401514 2.710207 4.506624 5.629478 8.932251 15.286043 66.253704 206.507690 257.910988 111.085573 15.265414 3.759124 3.184388 1.832394 3.073436 3.631116 3.172166 4.150596 3.991983 3.384599 8.359508 15.963354 12.256211 5.215941 3.484981 4.038923 4.190119 4.977824 5.879848 5.876634 5.595334 4.387351 5.230588 11.563307 26.495794 23.064653 9.994551 3.634881 1.101388 3.035821 2.620725 3.338570 1.962522 3.942668 4.137582 3.130440 3.466448 13.668711 17.381254 8.812823 7.086571 3.651640 3.341771 2.938625 3.446102 4.793119 6.014274 7.719554 8.066651 12.431251 26.920646 39.937386 27.518230 13.118811 1.233541 1.875904 5.182139 3.064522 3.441336 3.173130 3.531792 2.406655 2.376631 4.597762 21.416790 30.654927 23.575813 12.365121 9.797754 9.135879 8.055370
8.886543 1.417019 135.3271 135.3271 0.000000 11.707403 12.809474 9.121429 7.828755 5.365841 2.290715 2.433511 4.717696 3.250853 2.312411 7.637347 9.418623 2.823174 3.516813 9.417531 3.539850 7.170122 7.022858 2.218813 5.180504 9.380538 7.198327 7.358790 21.611179 25.136852 181.631358 303.797328 133.180644 19.593790 10.140204 5.039880 10.134369 11.377278 7.720906 0.248394 4.384430 4.167351 4.900883 6.374293 12.228578 15.814680 7.865545 4.904155 4.883101 6.186155 3.753306 5.823463 9.813918 6.670580 4.040161 6.766596 4.846537 24.711247 36.195124 11.976062 7.628891 4.904622 4.182267 7.735158 6.927401 1.477704 2.756487 3.467540 7.037579 7.170443 5.416484 14.600588 17.192046 8.807732 8.798525 7.613054 6.647662 2.388916 5.473127 9.192599 7.383340 8.301284 14.479795 13.204702 28.779670 32.576918 6.364317 13.343127 6.021763 3.070554 6.375848 8.443172 3.868719 6.290386 10.177286 8.791618 4.822764 8.704912 12.770507 8.906678 15.258834 16.946337 14.768425 15.536811
8.932772 1.391684 139.7602 139.7602 0.000000 13.314912 8.934488 1.721342 4.723107 1.946926 3.565723 3.928881 3.305204 4.675535 5.151652 4.244219 7.016876 6.995034 5.930993 8.664128 9.473749 7.341780 6.241027 5.370693 5.675855 8.000647 9.467696 10.533623 15.538769 19.988326 44.909981 197.763554 278.264934 112.160685 19.911539 15.048890 16.155605 17.718279 13.353374 8.900249 6.424304 2.922177 2.402600 3.261793 6.876764 6.247368 6.243334 10.932592 10.194684 5.513931 4.031609 3.736300 3.621560 5.589155 6.746231 5.279832 4.774795 5.331445 12.309395 33.963940 37.827295 14.262437 4.208315 4.389858 6.723653 10.457090 7.306021 3.611108 3.378205 2.735264 6.760645 6.900959 5.819101 6.722734 12.482625 16.475192 9.137820 5.739233 6.304630 5.637216 6.116604 7.420971 6.174281 5.000706 7.517936 10.208240 16.676486 30.774433 30.195042 12.651233 7.882923 8.175200 6.125689 8.695060 7.666969 7.250170 9.447501 7.644650 12.700203 15.395541 15.680066 13.275719 9.375366 12.483701
8.980967 1.368637 132.7347 132.7347 0.000000 8.801052 2.507431 2.652083 2.972823 5.026265 5.419519 2.655188 1.738165 2.197383 6.189683 7.586626 6.774340 3.048670 6.012260 9.081626 6.452557 1.853656 2.253396 5.541651 4.362102 2.569622 5.768762 10.733647 13.310984 100.049279 238.428374 185.100988 47.955007 8.084071 10.312864 11.724562 7.831900 4.081501 4.959454 5.631680 5.733221 5.802101 4.154990 2.945191 1.760877 10.057944 14.706013 7.254545 2.346350 2.816869 0.976540 3.955975 1.184454 3.447361 4.400790 4.886653 38.197269 44.666722 11.560249 1.013509 2.058199 4.436009 9.071239 3.676562 2.236811 3.291425 3.033501 6.854501 4.452860 2.091594 2.376139 8.577753 15.722663 10.531715 3.027424 3.190755 4.802141 3.645652 2.779540 2.563347 5.483262 9.254881 26.151625 37.993381 17.841316 2.074843 3.577907 6.797481 7.004728 4.717891 3.479733 5.379636 5.400576 8.845554 11.534875 9.445876 6.293238 17.071585 31.497825 29.825082 11.368627 7.364893 7.851227 5.479421
9.031012 1.328252 132.7021 132.7021 0.000000 4.702271 0.680817 0.631913 1.320179 4.117158 5.548612 3.221301 2.074225 4.524136 9.538691 11.143292 4.860304 2.925322 3.579283 3.560834 4.877834 2.413031 3.228462 2.250028 2.093824 4.876637 6.551491 12.040645 27.500164 127.994893 240.782829 166.488452 44.753992 13.249985 10.250505 7.077961 5.403173 6.531073 4.412796 6.238961 8.300093 3.709486 2.251097 2.549437 5.562000 15.144605 17.066251 7.286164 2.013557 2.150011 3.182217 1.790899 3.029929 4.407990 7.126821 21.568109 48.793708 33.802304 12.282866 4.353634 4.300479 3.200188 6.834387 7.743924 4.322177 5.903588 8.174673 10.378209 5.918910 2.590796 5.063362 8.797154 14.629032 8.152047 3.422112 2.219383 3.491699 4.772913 5.581958 5.638135 5.729030 17.200599 36.170128 34.871749 19.153416 9.337295 4.938704 5.351766 4.207775 4.101821 3.631775 2.765168 6.494458 6.718844 3.943532 4.157098 7.303628 23.434679 36.660379 27.478644 15.658905 8.370529 6.617657 6.444677
9.089333 1.324237 127.8111 127.8111 0.000000 5.325787 3.583738 1.892787 1.457197 1.320871 3.573568 3.727592 3.843042 5.580653 7.034801 9.420626 7.956630 6.600736 5.575917 4.179846 4.008028 3.130959 1.599098 1.970637 5.742441 6.312686 8.464838 14.896244 35.659811 145.206549 234.138774 125.795369 25.156508 19.689772 13.206123 9.171335 8.341260 7.041770 6.781623 6.069330 6.557860 4.331716 2.893624 3.043869 8.622296 16.975982 15.739082 4.851697 3.122814 3.903761 3.046049 0.667475 2.424978 5.229001 4.535609 33.911264 52.918087 18.058826 6.773076 5.466564 3.038031 2.073263 5.353067 6.609061 7.467817 7.237235 10.786286 10.763295 7.983293 5.425538 4.715530 10.167244 15.692485 12.163100 8.600930 6.060462 3.430473 4.664695 4.675345 7.367039 7.866883 22.144093 35.833189 17.161980 6.767741 12.755322 9.054204 5.889554 5.313602 4.293808 2.481823 3.254772 4.477955 4.280770 4.187304 5.626600 13.023362 22.232659 26.390058 9.655451 16.472189 11.951631 8.928997 8.881808
9.135612 1.320350 129.6007 129.6007 0.000000 2.961747 4.880250 2.484935 1.419323 2.587855 4.461177 5.161598 6.366520 6.642956 4.884590 1.975024 4.025822 4.664032 4.284730 4.603729 5.647199 11.298640 11.995836 10.877737 10.252774 8.691583 6.017820 12.479565 16.592178 77.094684 241.195125 202.775162 36.550035 12.110986 8.104574 5.519667 4.741966 9.055288 7.852355 11.522765 8.957710 6.789822 1.985098 2.432714 2.927570 7.084181 8.699699 10.298588 5.471418 2.654788 5.048244 4.075675 3.218902 4.714813 4.729377 11.028237 37.778686 48.731837 21.017399 2.413115 2.473065 2.675112 3.327752 5.283876 5.408412 8.496219 7.339583 7.542928 2.633099 3.850826 2.843236 1.892964 6.187147 11.236530 10.860139 10.969513 11.479737 9.311659 7.890528 7.673274 8.803374 12.472385 28.040233 38.586506 19.311294 4.240177 8.314318 7.280308 4.394198 5.034057 7.428433 9.607028 12.068680 9.731592 5.583501 3.851241 3.251705 5.832120 6.881295 10.554918 23.092569 23.874604 10.224901 2.790046
9.183768 1.311201 134.8848 134.8848 0.000000 2.759205 3.163805 1.073757 2.626385 2.164166 2.035256 4.541614 8.720461 12.093790 10.416322 5.057160 1.796010 1.098808 1.041504 1.042965 4.539414 14.199321 22.656690 20.320372 10.787896 5.414776 4.003774 4.324338 4.301888 19.337008 80.819666 250.958335 219.963297 40.832948 8.148996 1.332707 4.105783 3.640772 4.502796 12.073638 19.882272 20.135821 12.036925 3.622537 1.677686 2.458677 1.984481 1.991501 4.699227 6.570004 4.911428 3.530103 3.301511 2.427349 2.746140 3.343390 3.525158 10.298726 35.145555 52.883385 20.509561 5.225298 0.224363 3.000889 2.216871 2.353668 7.127116 13.148107 16.175864 12.528035 4.889878 1.613289 1.666879 1.657552 1.097020 4.455196 6.333863 4.645306 5.703277 7.266946 5.557479 4.398408 4.782979 3.928195 8.583482 21.795586 45.314070 28.158778 2.480908 3.799667 1.535314 3.874075 2.865223 4.704184 15.277652 22.818112 19.697667 9.864893 3.293174 2.541347 2.687945 2.700315 3.421646 11.403685
9.231013 1.309502 132.6236 132.6236 0.000000 2.659102 4.502460 5.097210 3.840286 2.196660 0.715277 2.529048 4.719213 7.186675 11.822307 9.147291 3.898466 2.223482 1.369129 4.124270 10.145821 15.251437 19.663148 12.439606 3.793261 1.626411 2.324609 6.246228 8.472345 42.722502 169.111119 234.229645 126.234148 22.270355 5.680908 3.866922 1.586063 0.698477 4.745363 12.332221 14.678024 13.246673 7.554826 1.246095 1.182881 1.991947 5.904394 9.289881 7.450385 2.267603 4.823514 2.216379 3.303187 4.299850 4.985269 4.723431 7.072737 45.053901 58.348809 23.008356 7.055785 4.726880 2.572544 1.191228 0.820761 5.913737 9.271868 9.357970 12.794143 5.539141 1.761765 0.841620 2.932301 6.400055 10.191640 8.494251 4.092166 3.234587 1.835955 3.005266 5.127360 5.224881 3.382989 12.607164 36.642765 42.659206 23.048583 8.754027 5.114759 2.016370 1.080337 2.927701 10.084290 16.935611 14.521061 10.299851 3.742828 0.993452 1.447996 4.064361 6.305300 10.214769 24.632839 34.037561
9.280948 1.278963 127.4330 127.4330 0.000000 1.995363 6.183363 6.322093 2.443190 2.598106 3.356258 1.238233 0.915603 2.525552 10.658399 13.109163 8.985519 8.537907 11.574410 13.218204 7.656152 7.455761 12.242111 7.504700 2.075703 3.350571 6.594059 14.882879 67.694138 191.950414 202.810306 84.151408 14.781396 5.034961 4.955392 5.249747 6.824292 10.671652 7.720883 7.067176 11.311376 7.815780 4.755076 5.719897 8.682352 7.981510 9.773191 10.204843 5.715834 2.037672 6.601120 5.643833 0.730602 10.713323 28.110765 57.545581 40.508733 17.345966 10.020444 2.681077 3.448899 3.271328 2.298469 5.641329 6.234172 9.714464 12.097919 7.575965 5.227606 6.604970 7.069008 7.244363 10.513774 9.502844 4.015531 3.570275 6.658093 6.432478 5.637383 12.039697 30.310621 39.009128 25.472776 13.084198 9.091608 4.258904 3.949001 7.087656 12.009641 12.251658 7.843280 7.928537 7.317012 4.223421 6.020265 8.007770 5.456327 5.305234 22.883298 29.818890 14.705909 11.214535 10.753717 6.427662
9.331054 1.254641 127.2150 127.2150 0.000000 2.452353 3.861918 5.141961 1.681310 7.004393 7.318340 2.900413 1.822668 3.203773 7.839872 10.587556 5.561702 7.847914 13.601064 13.399126 7.015718 3.749658 9.230764 17.477327 15.222545 7.851289 5.592240 6.734195 76.677880 204.575280 173.035031 52.322819 12.513465 11.015677 7.541099 11.297548 14.471977 9.968135 4.681848 5.564870 9.047915 6.235824 2.068195 6.464647 9.003678 2.944734 4.617918 8.131534 11.205367 8.315420 2.286313 6.819601 4.580963 9.174230 38.817912 57.834307 26.835253 7.030783 4.816369 3.284509 7.435593 8.344122 5.255751 2.642511 3.805660 7.887019 9.304569 4.561312 5.996570 10.843432 8.024963 3.794870 6.912184 11.601117 8.546838 4.540248 7.052811 4.071125 5.230536 21.443526 38.052359 21.211644 6.375061 2.191926 6.685171 8.549188 10.765456 14.822142 10.818509 0.857799 9.024144 8.507982 4.482139 2.721142 8.507975 9.898820 3.633609 5.327795 14.230019 19.721356 12.379335 13.775957 8.094023 1.944668
9.387171 1.215270 129.2100 129.2100 0.000000 3.121239 3.519531 8.828719 11.132827 12.087055 7.396783 6.152467 6.207535 4.758274 6.711888 5.648761 6.065998 3.867490 5.775424 9.555694 4.236809 2.106983 9.513584 20.645909 23.376930 15.223779 9.935521 8.661215 27.802939 143.692207 229.354497 114.488260 10.112347 9.915085 12.180368 14.478783 15.109405 7.789190 1.964953 2.743948 4.438283 4.061650 1.514209 2.745116 4.258889 8.370275 8.137934 4.789449 5.716350 11.483408 15.581452 10.916251 7.686010 6.915193 12.851143 37.329253 55.602088 27.501300 4.995979 5.251272 6.281300 7.680032 8.241332 5.196050 2.328590 2.029462 4.516893 5.613806 3.665133 5.687853 9.034869 7.893425 5.708008 6.642251 7.634683 11.535841 14.600119 13.167957 8.818212 9.173976 10.495148 25.622870 30.172742 15.882630 7.981148 8.466212 10.666553 12.000535 10.210967 5.854744 4.543082 7.173845 5.707821 2.679161 2.564608 3.513602 9.077865 10.916002 8.444172 3.919673 14.191845 22.691752 12.193858 6.940715
9.434764 1.195648 129.5810 129.5810 0.000000 1.990597 5.711773 11.039330 9.677261 9.796084 4.355612 5.085301 8.502422 1.649678 7.394699 5.478187 8.016134 8.275874 3.864121 5.625395 7.009094 6.168179 11.078575 8.445481 14.918360 7.792243 6.989973 6.157339 20.405597 127.897520 227.483142 113.640362 11.240779 8.503651 9.220876 11.307109 11.988981 1.389380 5.483862 4.747251 6.232562 7.248263 3.662624 1.393205 2.446774 7.190386 10.222598 6.091521 4.399736 12.986833 23.047048 15.188488 2.424021 5.817815 13.182902 43.377524 60.055161 28.383278 4.870535 6.913147 10.343058 7.814687 8.602962 4.865104 5.211583 6.930526 7.209070 6.818467 2.428219 3.041589 5.841288 4.502784 3.276915 4.543522 7.646848 15.078760 24.517058 16.971187 5.423361 6.533317 9.923383 25.895932 35.740077 22.534070 9.047648 4.673042 3.436656 3.610462 3.198769 2.788265 2.047642 5.005543 8.005920 4.540235 1.747913 3.011389 7.607346 11.468591 7.189675 5.120986 9.740912 16.550810 16.695102 8.333288
9.481554 1.186412 133.7477 133.7477 0.000000 3.503977 6.546837 8.340774 3.134118 6.181387 4.220372 5.869624 8.468957 7.763105 8.855747 8.606690 5.870099 7.811193 7.297445 6.281528 7.887717 7.172786 7.469740 7.912242 7.061976 8.711374 7.491147 5.278365 11.231803 57.904051 167.687627 193.351895 73.606833 11.896299 5.035630 13.793374 17.275564 9.744735 5.910417 4.820702 6.486728 10.590089 9.362743 4.890181 2.747796 2.991336 6.451996 7.253503 3.498675 0.702363 5.393081 18.547917 23.728176 11.812192 5.156685 7.014101 32.548950 60.898096 43.430159 14.585791 4.715334 7.826019 14.694164 13.351341 8.639884 5.856148 5.247346 9.075226 12.410971 9.585092 4.766145 2.767106 3.134384 5.573443 5.873771 4.094472 5.159874 11.449678 27.793147 26.889622 7.896570 3.179180 9.595832 30.433677 40.197278 15.865865 6.412833 2.403200 2.452268 2.343490 1.962015 0.822926 1.726542 4.994438 9.268380 8.442636 3.613834 1.830131 4.022932 9.951431 12.965361 7.323041 2.642742 4.228329
9.531085 1.186446 127.7780 127.7780 0.000000 4.377540 11.095353 8.049786 4.310234 7.835916 5.913216 7.552746 4.570181 3.752947 6.285552 7.322770 6.660364 6.452858 2.697816 4.642793 6.128727 6.036470 9.467235 7.291044 6.371663 10.257814 11.295034 13.020650 65.155819 179.033050 173.452429 59.735047 10.733015 13.198725 15.702360 8.894953 3.701128 3.201141 3.691086 6.786656 5.286962 2.782547 1.880367 0.877499 3.411538 3.874243 1.071317 0.827985 5.116890 8.224560 22.136339 21.855773 14.619238 10.558441 36.211049 73.902502 38.772969 7.604903 7.593576 14.446831 10.473566 1.428463 3.222289 2.585902 7.263881 9.391033 5.099783 3.638836 0.573852 1.418623 3.697174 4.141783 4.930272 3.496189 8.445375 18.602464 23.973150 17.032157 11.785383 16.883274 32.366486 29.102028 10.739572 3.221236 2.154982 2.471997 2.236655 3.241709 2.556811 4.593214 7.634840 7.285430 4.290352 3.134435 4.388438 9.696277 11.908886 11.088189 11.886003 11.320330 4.917290 13.296961 14.482282 9.698959
9.580970 1.194015 126.8214 126.8214 0.000000 9.234140 11.811310 8.374208 10.226976 10.152964 6.447320 8.550254 3.440328 1.525526 4.285887 5.075117 4.461190 6.217716 3.069232 3.733979 3.958372 4.474094 8.813128 11.080661 8.779946 14.522831 13.301490 14.172081 97.062376 208.140894 147.609302 36.951311 6.628458 14.603184 11.521222 4.599151 4.279073 3.473954 1.039518 5.914336 5.019723 4.096216 3.425691 2.319760 1.971131 2.009846 2.500839 2.109263 3.267749 8.451826 22.762313 21.227788 8.084691 22.785774 57.345116 61.104078 25.009184 9.295374 12.177532 8.002425 3.854675 6.191020 6.406518 9.858315 11.726931 8.633094 5.868380 3.005995 2.291757 4.361576 4.895032 6.806921 5.947692 4.804355 1.889164 17.350372 22.085506 12.556638 13.448375 29.988241 32.804895 10.731577 7.548939 2.395253 2.745960 6.048813 6.700165 6.859232 8.145175 6.474575 3.490057 4.603620 1.826217 4.345721 7.413336 6.563177 9.199804 14.259500 15.258252 14.144030 8.907546 12.023691 17.385850 13.086487
9.637618 1.195345 124.1120 124.1120 0.000000 11.572533 8.526229 2.672857 6.181228 10.418555 10.860846 7.979521 4.268855 3.603863 5.708509 6.054427 7.330669 7.432057 5.107771 2.394584 1.942412 4.580532 10.422661 13.489690 16.655164 20.309392 13.722775 44.382194 184.589879 196.490015 58.326259 6.767385 12.220768 12.845805 8.790200 3.825327 2.495858 3.530859 5.118716 5.462514 4.857356 2.719283 0.901924 0.328389 0.774487 2.681921 2.740810 4.549988 10.018441 15.482578 22.299605 13.790040 32.667066 66.511885 41.384310 11.432310 12.973244 12.532127 9.030307 6.195732 5.362404 5.852692 8.298972 9.767485 8.923934 5.625833 2.897394 2.617520 5.200996 5.760779 6.694421 5.332520 6.597115 11.876061 18.918013 15.391099 5.945606 21.222673 30.551430 13.429904 8.345764 8.695175 7.238265 7.806415 6.817361 0.843425 7.086303 9.013717 7.642494 5.794466 2.427582 1.782038 5.090961 8.447491 8.252956 4.936792 6.751453 15.769642 17.525479 10.981410 11.487436 21.636100 25.641081 18.166247
9.685938 1.172618 129.5983 129.5983 0.000000 6.757038 6.111589 6.942568 4.468886 5.664352 3.083547 5.748658 0.971774 7.072657 8.161612 3.114594 3.834813 5.034754 3.473351 2.651525 1.863844 1.477088 5.353600 5.846736 5.711646 9.540312 11.662562 12.446615 41.681686 178.646052 198.196967 52.334274 19.330360 6.311338 6.149035 8.632492 2.376782 5.544178 5.095133 2.104518 3.132237 2.715460 3.401409 2.947702 1.815458 1.503560 1.008545 2.810898 3.111574 4.647065 7.267632 10.360240 24.007405 25.444358 42.992337 74.657205 47.308374 7.650979 15.858550 9.461568 4.227470 5.457569 1.024290 1.988577 1.737479 1.818398 2.625904 3.084478 3.017971 2.396474 4.102870 5.206063 4.804400 5.761104 4.341611 4.293909 3.532495 13.662198 24.738357 27.188169 33.955955 35.421822 16.649225 6.258569 6.902965 5.114144 3.779301 2.791594 5.434472 3.297403 3.401002 4.115067 3.401718 6.110458 5.734909 4.235121 5.302064 4.361440 4.692207 8.169447 11.430535 18.075753 18.909128 18.916066
9.739931 1.169152 134.0247 134.0247 0.000000 8.323848 5.569880 6.679561 6.455366 6.945648 3.749354 2.714282 4.250500 5.799779 7.298202 4.977350 2.350990 1.664658 1.025654 1.631879 3.268570 3.365272 3.908568 6.152411 7.169260 6.177494 5.205711 12.752203 31.008541 82.547867 188.832642 161.678402 55.162704 23.401630 9.137317 9.536154 9.602198 3.749817 4.689766 7.079666 3.978322 0.731850 3.964117 5.899467 5.740562 1.810911 3.209624 4.880855 4.348875 1.733763 4.191464 10.137457 7.308779 15.838196 30.493794 37.272660 59.324602 63.747637 39.950363 23.493158 11.440630 8.720839 10.976921 5.978314 2.410046 5.693767 6.025488 4.256086 1.992191 1.133304 4.030714 7.060712 6.513565 1.976835 9.181376 10.851498 4.340161 8.519278 14.315351 13.428928 27.559778 20.145390 23.963675 30.875489 26.844707 16.913746 6.065072 1.442301 2.254339 5.626076 6.694113 3.843700 3.119789 4.089766 2.833488 2.535793 4.674649 6.149813 5.553740 4.510257 4.708413 9.313155 10.780563 10.661915
9.780975 1.148648 127.8152 127.8152 0.000000 7.463461 10.135598 6.737540 5.565812 10.393510 8.023122 4.638152 1.749093 1.099158 5.755179 4.814046 2.850672 2.020512 3.197713 5.603458 7.165709 7.509206 8.540283 6.795581 5.223348 4.650656 5.101957 12.601362 44.307258 134.841055 189.096575 107.828623 32.245754 29.960032 17.833746 15.075861 8.518818 2.543296 4.573267 6.417464 3.770070 2.813480 3.734618 2.661215 6.758325 6.757847 6.370761 6.532533 3.654618 1.313199 8.012388 14.819468 15.123285 19.779458 33.188660 58.757658 73.448215 26.132723 30.866805 13.269074 7.895151 11.522131 9.225509 6.846602 8.397693 8.958957 6.599342 2.890890 1.221766 3.082151 6.061727 7.795450 8.646522 9.335771 7.009035 9.022402 14.341323 18.279199 21.242364 23.196485 27.566196 34.379591 30.981617 20.949655 20.355876 12.871768 3.023172 2.703016 6.311303 9.894465 6.697025 4.161842 5.222254 4.015919 2.413402 2.416366 4.920368 1.408375 3.291828 1.605754 7.366610 15.336915 12.886032 16.976309
9.831017 1.144392 128.6044 128.6044 0.000000 2.113494 9.696023 9.185331 4.034680 12.866935 10.324903 3.633387 1.499069 4.268385 7.750237 6.556776 4.294250 3.132721 2.690126 6.420080 5.626258 2.759171 8.874344 6.876840 4.017722 4.471705 10.151463 23.851257 71.516267 191.052409 152.176280 45.419640 10.678377 8.942149 10.275782 11.327174 7.886134 5.419277 3.488608 2.184259 2.450263 3.683723 4.817270 7.125619 4.448077 2.960689 4.239561 3.333381 6.071635 10.356679 6.942272 2.095997 13.492824 20.807372 55.456609 65.152942 38.561583 15.035178 8.105950 6.277341 4.561881 3.657119 6.615316 3.954225 3.207088 2.392414 2.656282 3.504208 2.024241 3.312446 7.353938 11.162148 10.661064 11.331799 6.899336 9.441664 7.124913 6.578980 11.733844 30.094158 36.442793 23.108187 14.095175 3.179648 5.350678 9.870702 9.785457 4.093582 2.793447 2.199740 4.488958 4.732757 5.118261 6.515013 4.785079 2.344254 1.870760 6.784160 18.116325 19.777624 9.526428 5.215779 6.430758 13.983089
9.880933 1.148411 121.8754 121.8754 0.000000 5.788895 11.866161 10.002048 8.949890 8.612182 6.205412 1.345313 1.682972 4.444770 5.787503 2.788374 2.282912 3.043930 3.113699 3.023295 4.385904 6.451605 5.977757 3.894167 2.295374 5.546072 10.872038 59.535663 172.280549 170.937362 57.332711 16.166347 6.872273 4.189575 5.879585 8.509314 5.649017 1.624886 0.698983 2.369561 3.449295 1.402738 3.381508 6.533650 4.753727 1.666854 2.027777 2.344496 4.962215 5.451636 4.961560 16.099095 45.567848 69.174041 49.318750 18.475909 14.643044 8.251219 3.499550 2.225919 3.339364 5.292627 5.025551 2.806237 1.555467 1.683660 1.276363 1.693270 2.004420 4.026962 8.518249 9.597852 7.707227 4.392527 3.149726 1.609967 10.303060 13.815912 26.885955 18.294256 5.851854 6.063237 6.692967 6.632328 7.438218 4.505855 1.590187 2.253167 2.821063 3.315767 2.308184 3.130220 4.661269 2.430589 1.000647 3.390602 8.651046 11.979562 9.646378 5.916444 13.846021 29.439298 31.360454 9.582383
9.936756 1.123277 124.0004 124.0004 0.000000 7.372482 8.394481 1.995489 5.036173 1.564072 5.346202 2.571304 0.622167 4.948568 4.526348 1.144535 1.838421 0.943121 2.344652 2.755701 3.107733 3.076356 4.015544 3.617460 4.886424 4.060128 8.177890 28.002356 128.625823 201.962707 102.070499 6.337982 7.378813 4.710525 4.836336 3.924610 5.639507 4.178230 2.228402 4.175159 3.326945 1.783226 2.473203 2.206942 4.053188 4.424524 2.439844 1.969866 1.455617 0.664581 2.049547 4.402457 21.432217 62.186898 74.060560 33.919276 5.840816 3.281635 1.799873 2.110743 1.981520 2.036466 4.343688 4.530061 2.431889 1.553647 0.667655 0.633370 1.178898 2.595950 4.660355 3.438466 1.052344 3.480252 1.808981 2.685092 1.347363 8.184783 23.717807 24.084899 8.582214 3.402962 3.020097 1.377864 2.030318 1.657459 4.957073 4.849577 2.605193 3.306954 3.438271 1.564876 3.037373 2.031590 2.882637 4.669459 6.843303 2.370581 5.720862 4.775503 6.619842 6.599882 23.911165 39.576928
9.985473 1.148116 124.5951 124.5951 0.000000 5.599505 2.507630 6.413142 3.132035 3.103739 6.509672 7.668972 7.299875 8.915230 6.255992 3.960184 2.716481 0.698504 1.563146 1.415564 1.974972 2.031693 4.997606 8.288750 7.665023 5.435227 6.945181 31.957859 69.786124 205.080978 146.398751 30.874249 13.077764 7.747187 3.051688 5.550730 6.818416 7.015558 7.315430 8.106132 7.425397 5.754910 3.022866 1.043760 1.899781 5.201699 4.589497 2.089076 2.375276 1.978528 1.883240 7.233229 15.810693 23.399390 72.239812 66.473929 25.480917 10.509994 4.310875 2.493553 2.372060 2.536286 3.940555 4.283666 2.373247 0.914847 0.978221 1.202700 2.036114 2.030636 3.884638 5.474579 4.482259 5.761354 7.164103 5.259788 2.921624 5.638834 13.192302 25.752164 22.299056 11.116305 8.602275 6.278974 3.501305 1.530057 3.217849 7.315477 7.659806 5.932175 5.427665 4.219922 2.875316 1.805809 1.750657 4.389666 8.611496 11.817396 12.217468 12.850767 13.777744 10.273118 11.949442 16.487822
10.032011 1.143111 123.5669 123.5669 0.000000 8.583463 10.757885 7.680499 1.492110 1.504460 5.309159 4.657127 9.169383 9.360749 2.921027 6.558216 7.182006 4.670350 2.779298 1.804811 1.275327 2.858398 6.041172 5.929467 3.238798 7.823673 14.613563 44.583591 136.361337 197.288021 99.488830 13.345222 9.894493 2.963175 5.717681 7.089003 6.190211 7.948240 7.487943 4.820870 6.485304 4.215261 1.764238 2.094304 2.672329 4.009855 3.804213 2.213188 3.605788 5.413113 8.617501 12.199814 25.045409 63.928315 70.035533 31.089552 19.959530 11.471368 6.809366 8.368287 7.963397 4.559833 5.067214 4.596987 2.429124 3.034059 3.694674 4.443898 3.884400 1.413342 6.854865 9.496375 4.571719 7.393186 13.691096 9.435873 8.122937 10.024712 29.065266 35.316959 5.099262 14.833455 12.740079 4.953840 1.154740 2.383715 4.739414 6.972175 4.202291 3.846086 5.459893 2.839986 5.236847 5.140905 5.397130 4.635580 11.486475 8.934232 7.872835 10.713929 10.518506 16.607974 25.488480 24.381669
10.080967 1.170223 123.9665 123.9665 0.000000 7.811043 13.954822 7.831847 1.767985 3.633261 4.674317 3.593098 6.146392 5.547025 6.322293 6.112900 8.134755 5.055559 2.352761 3.065583 2.904497 1.753477 4.353970 3.183546 4.112660 6.980737 8.416550 31.964672 145.337024 200.499006 86.733847 13.805211 7.950238 5.359653 7.162765 8.594102 8.388302 7.105764 7.240452 7.300097 4.693632 2.405368 1.908173 2.312506 1.361103 1.618886 3.172426 2.647167 2.883992 6.309133 11.992084 15.230654 29.294466 68.032950 73.268588 36.267197 17.691525 15.035368 12.434466 8.287836 7.123368 7.258246 5.490964 3.803699 3.359708 3.180146 4.019008 3.010012 3.508525 5.203394 6.580792 5.931574 7.227428 10.030285 10.963158 13.509678 11.127132 15.849914 33.065627 32.663724 25.038662 16.693463 8.947522 5.205829 1.028404 0.992741 1.104674 2.394120 5.062421 3.479872 3.588664 6.017247 7.305857 7.047832 5.703318 7.843171 7.705386 7.498003 4.775022 1.991723 1.309779 4.674071 30.350156 36.138036
10.138455 1.172366 124.5962 124.5962 0.000000 5.580646 13.794874 10.194990 4.863752 8.797004 7.748541 6.122832 9.292988 6.359582 6.808484 3.418813 5.868601 2.546653 0.638155 2.062716 1.749616 4.073350 5.635299 4.699974 6.319309 8.382284 10.428899 27.880475 131.817477 213.070125 99.884257 19.718361 10.411889 5.421579 2.572919 4.092304 2.456292 5.573055 5.731892 7.725093 2.760325 3.261474 3.495371 4.781965 3.601766 2.201080 2.855258 2.326898 1.437696 2.576089 4.289622 12.173625 23.337100 60.190748 78.866058 33.670808 21.792869 14.628483 12.869162 9.035822 2.789648 2.792231 3.422657 2.586016 3.346500 3.661768 2.893805 3.407687 3.871209 5.448732 4.277144 3.977013 6.135939 8.822687 6.621602 4.077918 8.445177 18.577273 29.402034 23.008983 11.474623 19.906631 12.883288 7.690045 6.465293 4.204255 3.687218 3.895818 5.794010 5.641489 2.921630 2.567693 3.518484 3.310992 2.403802 4.073737 5.917658 6.609624 9.454646 8.749760 7.930152 10.880040 15.943190 26.285543
10.186522 1.155149 124.6584 124.6584 0.000000 3.101326 8.604637 12.049882 5.769119 13.084196 10.843117 9.166758 11.143579 10.540714 7.268155 4.295862 3.147346 1.752600 0.943225 2.958727 3.597826 4.638995 2.039885 4.869900 2.945014 9.962056 16.338992 29.259626 123.020592 214.959100 105.438700 16.421695 16.290198 11.142035 4.328871 2.574153 4.734997 6.213948 5.185709 6.021071 7.881484 5.128568 1.325536 6.539379 4.979831 1.181820 3.161211 1.831519 3.929076 2.901002 3.029108 7.099515 18.449617 57.871183 85.416982 44.686580 19.351165 22.057602 13.398100 5.570685 6.931006 6.374494 7.232807 5.535221 4.255809 5.005743 4.140106 1.402164 2.042363 6.537990 7.829064 5.462267 4.426551 9.592138 10.027209 5.202823 5.289046 9.165345 16.417779 27.654032 16.606147 12.045843 13.707431 7.101368 7.820724 6.799561 3.881185 4.878212 4.998472 4.784464 6.342234 4.885569 2.678294 1.025691 3.081381 6.192872 7.235123 7.265879 9.742115 10.233872 10.180000 16.182587 19.871502 23.897142
10.232043 1.161008 129.4292 129.4292 0.000000 4.439466 5.497586 10.141992 11.836552 11.270445 7.020044 5.722164 2.385533 5.852487 2.623761 2.246062 2.928892 1.771243 1.158656 2.096286 5.411581 6.902088 3.482311 1.937302 4.821941 6.619549 8.040638 12.271258 48.484513 165.674065 194.334684 70.985906 10.961213 11.370189 11.177829 5.059830 2.859860 6.046005 2.746268 3.392390 5.055937 7.020127 5.590233 6.108234 7.291721 5.511233 5.844501 7.223552 5.422366 3.564191 5.329970 7.228549 9.460865 16.524324 43.480381 80.191439 65.368855 22.793226 12.031432 18.861821 9.207502 3.137902 8.352851 13.064594 5.958431 5.396119 4.345201 4.866081 4.677821 2.359554 3.097521 4.767684 3.667484 7.267696 8.127049 5.802075 6.499900 11.577930 12.456641 15.427392 23.804693 26.329378 17.980446 10.715107 13.352982 14.780301 8.667247 4.739146 5.247651 8.133829 8.137360 5.200638 2.032591 5.170596 6.602842 3.705954 3.708535 4.815878 0.976920 7.713807 4.998641 4.446447 4.496199 2.120845
10.280900 1.146566 128.1645 128.1645 0.000000 4.837948 7.435713 0.990513 7.555298 3.105262 9.029240 9.910818 9.689149 8.164062 5.824899 6.261557 6.161804 3.968983 1.942798 3.532240 8.039071 8.178573 5.063999 4.803257 5.372044 5.479697 5.689427 21.260523 99.253810 185.476628 136.792116 32.721911 15.166033 5.848822 4.664122 2.858343 5.276810 3.992482 5.256128 8.644644 8.486664 1.458512 2.179156 6.000346 8.587585 5.994784 10.542042 8.844216 4.774279 6.659967 9.463795 1.881687 8.657994 36.405311 85.222366 68.584753 19.891748 4.747583 15.176875 15.843487 9.790664 7.093820 11.410080 13.013694 10.955639 8.051346 4.606425 2.371067 2.608296 3.656085 2.823358 2.397789 5.541553 9.793062 10.848350 7.256737 7.057132 13.992578 19.812146 29.559127 31.156447 10.898305 6.621299 13.243221 16.526668 7.925458 4.446470 6.937692 10.230352 8.808171 7.251887 5.996803 7.636384 4.362888 1.337610 2.422579 6.820711 8.922626 10.954168 10.781258 5.056851 1.228470 4.844329 8.658041
10.331018 1.128732 119.8950 119.8950 0.000000 4.749396 9.107082 9.519083 9.326088 8.000559 6.431025 5.647303 11.526992 6.627371 5.040574 5.771429 3.262397 1.320988 3.246905 8.122217 7.153469 4.678980 5.340690 3.366730 6.132110 16.278173 25.119368 136.629881 206.367993 83.957537 14.088142 4.286209 5.449357 6.766714 3.706752 1.117547 4.440980 11.813138 10.893326 6.740231 4.351075 5.296977 9.273173 7.125798 6.365843 2.786330 7.358528 9.213509 7.714069 5.289483 20.906278 73.124294 86.457555 37.066374 16.350326 8.634703 10.001009 9.796857 6.207382 7.916722 9.603985 6.884218 3.591024 3.266580 4.480765 2.598229 2.155837 6.034816 5.265059 7.003205 12.148202 9.525272 12.468889 1.546220 10.212402 33.696427 31.217395 18.795145 13.991802 7.285276 6.219380 9.715136 6.795863 3.531385 5.122020 7.021217 8.892909 5.010578 2.035384 2.039767 6.210038 8.093078 4.088412 9.958199 9.993214 10.527474 16.182158 16.720768 12.136030 20.296942 22.435362 12.818686 3.340336 5.309072
10.380985 1.150976 118.6303 118.6303 0.000000 5.065174 6.128467 5.418376 5.629975 5.619249 7.624323 13.170731 15.660194 8.953802 3.691717 2.143489 2.653640 4.126184 2.325039 6.398252 8.641027 5.704195 3.161255 2.784142 6.469351 4.735802 33.977519 146.400882 178.021840 63.411310 6.795132 4.611390 6.951157 4.037529 3.980142 6.867183 9.124680 9.056264 9.055219 1.897907 5.099703 8.769424 8.448824 3.845851 4.980207 4.771449 5.005541 5.200581 7.594251 11.783323 39.904479 87.003661 63.286960 20.933321 7.651923 6.498728 15.486133 12.939734 3.974276 3.109500 2.808937 2.753174 2.513179 5.271688 5.371605 6.079778 9.673727 9.818542 6.345854 6.767892 8.650169 10.511004 9.464029 8.090557 29.756385 38.264440 12.080312 8.544123 4.925904 8.619723 16.980158 16.610877 10.985634 8.905781 5.849599 6.111873 4.235240 0.878262 1.872527 2.635443 6.076373 6.054301 3.291417 7.024147 8.154315 21.163930 12.717345 4.851722 13.153154 19.638160 8.612880 5.886881 3.134211 5.051903
10.439919 1.142171 118.6974 118.6974 0.000000 2.987430 0.927722 1.316108 3.477019 8.769430 10.041545 9.075420 11.087019 14.359718 11.697475 7.012024 4.546026 5.493052 6.520513 6.957911 4.906772 1.776130 2.218379 0.917658 3.987981 4.560777 31.053119 152.895409 178.862182 59.602493 2.741768 3.601787 7.316586 9.569715 8.484212 5.393738 5.761268 4.720650 8.428526 5.789374 4.138844 6.018258 7.412783 4.114310 3.620810 5.824837 8.636477 10.782796 10.593786 8.574706 39.780317 87.665110 59.228412 12.977878 4.069770 4.988914 17.170398 20.170377 7.489408 2.777772 3.687688 4.828142 3.740672 3.968461 4.536765 7.057096 13.057537 7.603733 2.225239 3.366267 3.951749 6.127199 7.475367 4.912323 26.059269 36.277847 13.067296 4.428360 1.906444 3.700357 16.546346 14.768492 3.817978 7.802650 10.939378 9.793527 4.934294 1.967627 3.000004 5.236525 7.509598 4.584523 2.654316 5.730014 11.521278 22.497234 11.736269 9.125843 18.984437 16.846199 6.252659 3.451474 2.885630 4.329814
10.490992 1.141949 118.6506 118.6506 0.000000 1.552121 2.794440 3.657264 4.854384 6.476838 7.993795 6.290900 9.940944 13.807967 11.300468 7.272870 4.181937 4.894740 6.821924 4.795238 3.475800 5.030247 4.124038 1.105591 3.990821 5.183536 44.328922 164.313078 169.277635 52.424983 5.729100 3.468032 5.402973 7.559823 6.381584 2.893733 4.270628 8.589427 7.039560 6.875225 4.256263 4.236599 5.976972 6.619408 3.681322 2.615510 7.867138 9.916045 8.000269 10.688607 49.944233 86.780291 51.869866 11.672207 4.055268 8.320376 9.625995 21.406989 13.744620 2.061016 2.759685 5.494487 3.456833 1.612785 5.604283 11.811492 12.166370 5.321461 3.593612 5.642372 5.584259 7.676508 7.333501 9.786245 30.669363 32.081320 14.715583 5.151985 3.044249 3.034423 15.801119 18.648691 8.846589 7.714054 11.249397 8.582432 3.864744 2.333114 3.463744 6.591174 5.473883 3.705145 3.608343 4.773719 12.902630 19.484432 14.870401 15.025713 16.141804 9.063220 3.741836 1.718040 3.470350 8.935318
10.540992 1.148650 121.7358 121.7358 0.000000 4.596753 2.834103 8.643968 9.745353 8.089239 10.280679 9.839199 13.655823 9.232755 5.018149 4.842131 5.365186 5.980064 3.467341 4.831917 7.354432 5.689541 5.276149 6.133101 6.677654 6.469418 24.560136 124.632597 187.278043 87.090762 21.821153 4.842656 0.970892 2.351184 1.349355 4.630244 1.983324 4.860462 7.734262 3.667115 7.902950 9.499270 5.726178 6.589650 5.046723 2.316816 4.002843 2.414964 3.106284 3.217519 17.067224 61.949621 88.227669 43.678991 10.187515 10.282532 10.079825 8.838235 12.762815 16.817317 9.542417 3.104785 3.880776 3.582249 2.213983 3.844867 3.920624 10.122128 7.276703 5.308976 10.045328 9.201771 7.019184 7.792427 5.549613 28.757977 39.718013 13.571418 7.002433 5.295563 7.620553 10.508543 16.131699 20.179055 11.647295 5.763996 7.761028 2.894190 2.427888 4.629726 5.299652 6.352292 3.429869 1.027516 4.175229 5.593986 9.240563 7.932561 9.250849 12.598158 12.077317 6.274532 5.420080 4.692004
10.591042 1.147553 123.9565 123.9565 0.000000 6.831691 7.194862 5.578856 11.173359 13.077353 7.575043 2.389709 11.021931 14.361930 9.250055 5.032024 2.287875 5.281864 3.655539 3.486351 7.720344 5.329352 3.417794 6.537701 7.311494 7.341212 15.734136 53.095137 176.786037 157.347509 37.336618 3.421668 3.487741 2.707579 5.879922 7.568325 7.197050 5.030679 5.415274 5.074427 4.642144 6.872369 7.479660 4.378210 4.910701 5.116297 6.165375 6.303686 3.730924 2.105850 2.441577 24.083577 77.076191 89.263699 40.543834 9.704374 8.657770 11.384895 8.667531 10.091028 14.825425 7.621638 2.803034 2.819759 3.020461 3.284370 2.387432 2.747159 8.703787 10.696073 9.440906 9.846421 8.799821 7.920003 8.019957 10.267767 26.386388 37.705154 22.372904 6.191109 4.557995 10.008164 10.349569 4.424251 12.294057 12.254102 7.630923 8.466886 4.412883 1.636332 4.965327 4.430340 6.376915 9.184718 6.080143 5.911304 4.551485 5.329601 8.342674 15.809274 16.951153 13.696537 18.168411 9.090449
10.642102 1.141629 123.9939 123.9939 0.000000 9.603586 8.555188 4.327283 6.270654 4.378639 8.080365 6.322363 11.820375 15.257976 7.854137 3.526483 3.770722 2.230794 4.430089 7.555432 7.716970 3.018416 5.446435 2.936467 2.038198 4.370112 16.991003 80.307905 187.024503 152.069374 32.191207 9.090500 7.399470 6.164305 9.878981 8.280469 5.230747 12.624736 11.134314 6.832395 6.021466 7.382576 7.818077 4.640660 4.212634 6.139755 8.739398 11.118387 5.575934 3.394586 5.883865 26.233952 77.833069 84.078927 34.776986 9.872426 6.338616 7.233395 11.283178 11.555027 11.285536 12.016661 9.965496 8.131523 7.364297 6.630193 7.139290 9.269248 13.993409 11.074729 8.417574 7.262198 5.307506 2.746454 3.882995 4.804468 17.946657 30.344381 13.146333 5.359453 3.159421 6.090032 9.172384 5.341805 6.678430 8.073074 5.354295 9.882121 7.659279 4.742952 9.860258 11.797154 12.363526 7.937380 6.451528 11.802478 7.698014 4.004105 3.093375 16.036605 29.965920 30.273046 14.837920 5.335337
10.691515 1.143323 122.5920 122.5920 0.000000 7.011029 7.459051 2.704451 1.926785 2.609646 8.157149 14.297708 13.559187 6.652195 2.865152 3.586213 4.590860 3.454107 6.614440 8.413072 5.825034 7.455140 7.836416 5.156109 4.070997 10.085085 23.586761 103.406546 181.236626 106.723457 21.365672 11.675136 12.230024 8.230585 10.802797 13.337434 13.624623 11.122674 8.337618 8.990515 7.605058 6.112693 3.336613 7.745898 11.034246 12.159457 10.598382 8.400873 10.095854 10.861169 6.831621 51.434712 112.407098 61.549665 14.007609 14.018811 12.805570 8.250366 5.566455 3.968702 7.387854 11.237176 7.853883 9.634228 9.170036 7.705464 8.234273 11.314151 12.102315 11.345803 10.951042 9.124808 8.293781 8.920099 11.095323 24.427385 35.782018 23.157172 6.583964 4.113274 7.228118 8.619834 6.163348 2.527789 6.899216 11.746489 8.424905 4.727744 7.737028 10.815124 14.408749 13.053291 6.239504 10.302876 16.860948 11.183057 5.365765 2.355711 16.861424 16.770889 23.131585 14.284104 6.618303 11.907068
10.740988 1.134375 124.6796 124.6796 0.000000 3.974359 4.938773 4.609743 5.156916 6.064372 3.646923 11.831673 9.557988 1.674275 3.587269 5.312478 7.157829 4.011253 6.746178 6.392698 3.817836 5.724758 8.729209 9.070173 8.899343 3.068703 7.182386 47.984114 174.205461 168.541125 38.573709 11.375743 9.583845 8.655159 6.063349 9.876867 9.660105 4.001390 8.064588 6.673939 5.504741 2.362176 6.717787 9.043880 9.404792 6.140409 5.114632 4.560920 4.437671 9.016923 9.903540 14.646855 66.466074 109.595389 55.087400 2.970106 7.778689 9.154703 8.315664 5.088445 3.836377 4.160780 8.922535 7.192420 6.801399 3.582763 2.983790 5.089086 6.290318 4.991957 10.475045 8.446212 4.612831 5.347363 13.932180 17.341449 17.561847 35.982432 33.185681 11.356236 4.305644 6.262571 5.444468 4.379875 7.920984 9.282880 9.946830 8.539153 3.504668 3.906124 5.531085 4.198260 7.783918 7.095339 7.040783 10.820008 11.551385 10.748234 11.315924 17.345083 16.361827 14.458283 15.849446 9.946484
10.794345 1.125864 118.4499 118.4499 0.000000 3.162356 4.947050 2.681831 10.237674 9.736947 5.936873 6.979085 9.281923 6.248541 4.531245 2.788822 8.415336 4.990468 4.892382 3.186892 2.650320 4.399858 4.649651 7.072905 12.767470 10.923608 20.671952 88.003339 176.906404 118.060786 24.651921 11.955921 8.095334 7.039379 3.639566 5.134968 8.112515 8.384802 7.519090 4.571833 1.868145 4.532140 9.355632 7.828369 2.557388 1.125550 2.304842 6.228273 6.924293 7.363049 14.290548 55.546568 107.855279 72.721132 23.340071 9.604904 9.170191 9.023124 5.829620 2.437910 3.841017 5.557323 9.493919 5.677748 2.630010 2.011792 6.626345 8.836149 8.086809 6.956126 7.757625 7.808507 10.376297 7.357401 18.824400 27.007589 41.969580 32.555379 2.629391 8.001601 2.688626 3.769008 5.760008 8.003841 7.641008 3.832709 8.332839 8.696337 6.242466 5.440886 5.228437 4.088817 3.297195 5.239106 5.635577 8.114070 15.581737 14.915733 12.753876 12.802120 11.742159 12.710232 10.946521 10.561749
10.840997 1.133078 119.7394 119.7394 0.000000 4.989461 5.170411 6.257788 10.406128 8.120577 4.037539 3.315500 11.034708 7.597722 7.489527 11.587518 10.864473 7.519612 6.866765 5.537791 2.646662 3.626984 3.010424 7.775099 9.549649 9.409554 18.025341 64.207222 187.871070 143.440569 26.671696 13.416578 11.781530 5.367444 3.221061 2.073920 6.683554 8.479277 3.083270 7.248416 4.835367 5.715756 7.517710 4.477162 4.246420 1.169653 2.083814 3.021889 5.556260 9.156723 13.647221 22.160132 96.658635 102.012592 34.562606 9.377770 11.573843 4.593371 3.022812 1.864248 2.002910 4.827579 6.328892 11.742565 10.271125 7.251720 6.906520 5.473336 4.069931 4.428328 2.109440 4.062171 9.222583 11.335255 10.956149 16.543179 28.841866 34.206825 21.409499 12.160110 4.424161 3.503395 3.615486 3.708991 3.715701 3.905809 4.387344 9.668624 7.394891 3.172640 4.937385 4.963624 6.066146 3.884460 1.928847 5.072928 11.376873 14.494488 12.941374 12.563990 17.528027 17.602601 13.574949 8.895662
10.893511 1.128058 119.2975 119.2975 0.000000 3.344079 1.039634 4.226276 3.496192 7.509396 6.657912 9.389478 12.517721 13.151988 12.412257 9.617711 5.995465 3.925094 9.380559 4.243842 5.844145 6.897772 5.326767 7.405594 4.529814 6.999571 17.962343 94.465757 189.960812 117.134501 4.808574 16.522620 4.004977 5.002306 4.444473 6.017758 7.262180 8.815122 8.372978 6.576338 5.936833 5.017753 6.268888 6.028724 5.882170 3.146433 0.925458 2.033611 4.161254 8.604023 18.736548 54.607771 101.837713 70.750995 16.028515 16.590161 5.014384 1.957242 2.723541 3.143028 4.091916 7.445905 11.104630 13.206548 11.541559 8.513184 7.746780 5.728393 5.593702 5.373153 4.686436 5.154570 6.653791 12.446296 10.839852 9.862962 20.815521 16.865876 13.304196 12.155179 5.579718 3.111689 3.100040 3.504785 4.111446 4.839161 7.882846 12.180936 10.388686 5.965389 6.476558 3.824368 5.561774 6.776841 7.017418 9.122510 5.412965 11.594121 8.254855 14.860279 25.409521 19.863940 10.948028 6.495614
10.940808 1.136575 119.6329 119.6329 0.000000 1.463071 1.081102 2.860781 4.391404 8.503371 7.866624 3.101762 5.768233 6.503275 4.281711 5.665393 3.044760 8.040377 13.968991 11.837512 6.385719 5.495814 5.044070 5.699950 3.134768 5.124361 14.481419 71.171123 192.416054 139.043595 23.667377 7.632239 7.022049 8.251561 6.344702 4.892480 4.191461 6.201608 6.843160 2.725970 4.372658 2.041085 4.180600 9.314116 6.744060 3.112623 2.362319 4.010191 5.160105 5.833610 10.393677 20.967810 93.822344 93.469619 31.350560 10.613734 6.646611 2.361175 3.362928 4.651329 4.650306 6.720104 7.568770 5.999971 11.796885 7.981982 7.402550 3.765951 4.018717 4.004996 3.043294 7.014405 9.495849 11.181427 13.987922 14.115817 22.595812 27.546941 15.900372 10.709650 7.414522 2.181741 3.209574 2.938547 3.183357 3.956196 3.461990 6.357447 13.527460 12.436126 10.505283 10.156416 6.545759 6.180557 7.106071 7.664860 9.025133 10.716980 14.819024 15.622461 16.552982 15.828436 7.693009 3.687348
10.994905 1.141434 117.3218 117.3218 0.000000 4.959313 3.519249 4.141637 7.011571 3.900883 5.731034 2.382073 0.993589 1.765387 2.884372 4.416532 5.452321 9.931276 14.031524 8.636323 2.725285 1.658738 1.661111 5.229073 6.018506 7.143180 39.695986 141.992952 171.181946 67.903531 9.673105 3.220645 3.715487 5.777217 4.292130 5.690039 7.545013 5.145973 4.923306 6.947837 8.779149 10.305128 7.645367 2.286049 2.439031 2.612838 6.732717 3.023677 4.976747 4.975467 33.367248 103.168215 92.649301 18.856448 6.542411 5.709550 4.374655 3.411525 4.426250 6.418500 6.695141 6.777856 10.329718 12.080368 9.464564 5.160788 3.914368 3.008231 3.764654 7.502514 6.613353 4.275591 8.434116 14.821616 18.630439 29.127037 20.094685 7.858728 8.114791 6.783256 1.318413 1.513756 1.173962 2.629915 3.685574 6.935925 10.108600 12.779577 11.502516 12.013771 9.292243 4.033784 4.581331 1.572202 4.223129 7.499547 14.254478 23.400451 18.659138 18.331438 9.130173 2.949171 4.789136 3.935655
11.040995 1.132046 114.1105 114.1105 0.000000 6.419021 6.606900 9.538000 8.017828 3.784126 4.818915 4.977320 2.898413 3.104660 3.010210 4.362688 7.781994 9.622730 4.659256 6.291090 4.504168 2.484838 4.764057 12.039081 10.084703 15.963891 105.559801 189.907089 98.254717 12.277498 6.882408 3.917606 4.820288 5.717511 3.105891 4.747481 4.905237 4.435603 1.961520 10.618399 12.501923 3.153711 3.676279 5.006562 6.133246 4.584597 4.891509 7.645848 21.898994 71.938701 108.242495 55.765736 13.312446 9.206733 7.588735 6.157377 5.134925 1.065107 4.338402 3.997699 6.687221 3.732660 5.897316 3.545275 2.001500 4.796668 8.617304 7.982827 6.546099 8.337524 11.277009 13.784475 15.729945 23.566432 18.882808 7.468820 7.845257 5.633696 3.682546 3.853939 2.202123 5.243378 9.219993 7.644096 2.941437 5.748663 4.371851 5.600016 6.301815 7.315895 4.687190 4.339330 8.856860 8.611656 17.919962 34.169983 25.074726 1.557833 9.679458 9.060427 4.960202 1.976203 2.865425 2.374540
11.097449 1.132246 116.1282 116.1282 0.000000 5.057133 1.237184 8.699576 12.228449 8.076464 7.940581 7.238629 3.077385 7.000555 8.329650 5.971556 7.163079 8.977692 6.779475 5.597593 3.755358 2.418559 2.450469 7.963561 13.397521 7.443710 76.676646 183.084821 122.583154 21.336676 8.062746 3.691148 2.915503 1.680997 5.576129 4.444371 1.647289 7.241306 4.884332 4.970621 10.833166 7.258411 5.623575 6.866033 5.256375 2.127727 2.646455 8.147116 9.795979 38.567591 101.332786 91.097689 30.977552 17.020284 15.215946 5.634402 4.242884 4.801708 1.883256 3.518464 8.865515 5.172829 5.347093 11.231479 10.047187 4.160514 4.132252 11.459242 9.974640 8.020535 13.120824 13.219876 13.156755 22.789820 21.533583 8.341114 8.018093 12.480749 7.001164 3.522465 4.606739 4.876855 3.641753 6.555316 8.135288 2.643004 7.666395 11.771650 5.074373 0.511969 5.391173 5.494096 0.909910 6.629314 8.497951 7.856024 17.932120 28.049487 17.565849 6.939040 9.161610 6.098822 2.748571 1.912443
11.150486 1.124097 113.9034 113.9034 0.000000 4.235457 1.609925 7.098628 8.149198 7.704827 10.452971 7.863005 5.311588 10.229352 12.765748 9.115376 5.110978 3.840458 5.197003 5.729062 2.805046 2.065682 2.243967 7.899618 6.945291 35.764329 142.019756 163.477452 53.131772 9.599872 3.570842 2.923462 3.678162 4.283269 3.875444 4.568444 8.394622 10.412454 9.016861 9.445456 8.035575 5.589512 2.957456 4.616305 3.942535 4.094049 6.141792 11.933329 54.033810 104.237147 69.747905 21.596695 16.472785 13.479255 4.384509 4.688540 2.723928 2.568401 6.763559 8.242504 7.595737 11.988791 18.236793 13.917023 5.168753 7.620291 9.988439 7.647969 8.231849 5.453143 13.221821 27.788122 23.534693 6.106254 12.673986 16.225518 8.024062 2.830689 3.051180 1.454467 4.741471 5.150491 4.704316 5.917200 11.619330 14.994995 11.180895 4.715940 3.652019 3.287649 3.774057 3.678100 3.894679 7.574416 9.872946 14.247853 14.947196 11.970449 10.695727 4.530015 1.335637 1.550854 1.914842 2.415988
11.200939 1.118723 117.8263 117.8263 0.000000 3.824077 4.366867 4.856194 2.389723 2.500494 6.084836 5.319717 4.241531 5.987444 10.166517 14.258927 12.691482 8.766255 9.777944 8.683888 4.367857 2.745312 3.316207 4.006823 5.390607 7.771435 70.161169 166.694445 132.548906 34.013825 3.896825 4.390207 3.990049 4.266304 2.767862 2.226852 4.496331 4.265439 9.993621 11.082657 4.177404 8.563730 10.399147 4.622130 2.155856 3.492009 2.369322 4.810341 3.367375 21.713746 103.979746 106.461137 23.781558 6.901181 9.183151 7.502124 5.664815 5.416695 1.667044 4.405249 6.900232 4.320966 3.903071 6.711695 12.726514 16.706662 8.969971 6.820795 5.444078 2.982450 4.385086 6.172065 7.967108 18.339544 24.980320 13.741837 12.061622 14.608650 7.221719 3.237448 2.162615 1.838791 4.042338 5.106795 6.838493 9.640725 8.321784 8.329652 11.862652 7.109785 2.829599 2.673739 1.680499 2.246750 4.610749 2.195747 10.819039 18.250489 12.883563 14.513430 21.909730 10.207875 3.927017 2.851247
11.251053 1.127567 118.9693 118.9693 0.000000 4.372659 2.687758 3.383822 3.841876 4.533601 4.599448 3.135172 6.637794 3.225894 4.784837 5.516957 14.665394 9.996261 7.090866 7.241229 6.315199 4.721532 4.802162 4.900474 7.704649 6.707232 50.447666 161.173519 157.162031 43.229589 7.702031 8.151064 8.633044 7.568913 8.017822 8.266285 8.553779 5.061475 5.149465 9.697302 7.187097 5.035734 11.470083 12.507429 7.473374 6.168952 6.337550 5.520587 4.815771 17.262613 72.639411 108.796784 59.870830 12.211072 5.560347 4.670158 3.698591 6.965440 8.378398 7.021489 4.095994 3.040136 5.316419 5.360868 2.029353 10.299885 16.281965 7.340036 3.420311 4.207935 6.098834 6.170564 4.661733 7.669913 21.329483 21.680020 15.921717 16.672911 10.329636 3.128559 2.446908 5.053245 7.106176 6.692021 2.550869 7.028343 11.206267 5.157943 6.603793 10.632580 4.354305 3.953181 6.250280 7.539055 8.860977 7.380503 6.544485 17.667557 20.251142 5.687971 13.208304 23.208879 11.559353 3.921598
11.300514 1.132561 119.0317 119.0317 0.000000 4.428173 4.217583 6.069829 7.182736 2.733965 2.922337 3.932887 7.125178 5.754733 6.567491 12.550524 13.382742 3.331319 2.987391 3.256433 4.091506 2.341067 3.981384 5.333102 9.125507 11.999774 57.265169 168.730912 150.960120 35.463962 8.740399 7.774722 7.145746 4.455717 5.874371 9.292834 8.739513 5.184083 6.047263 8.697155 5.043985 3.675983 11.129971 12.748886 6.673720 5.277855 5.943358 5.083325 4.268227 24.476062 83.101948 102.911257 44.869979 6.927122 5.456933 3.066788 3.338993 6.139863 9.457925 8.845822 3.840043 2.022458 5.620977 7.835720 7.062512 12.608480 17.837572 10.380785 3.888570 5.325514 8.517181 6.453860 6.397888 16.325097 23.412457 10.306819 4.781928 9.621843 12.501390 7.470003 2.844516 5.284734 8.714792 7.013896 3.720807 8.474187 12.403012 6.017786 4.791205 9.947693 8.828931 4.405895 4.784600 8.729186 8.388296 6.363756 2.805362 18.904986 18.140260 5.742028 8.574436 22.029827 13.971157 5.407662
11.351089 1.133942 119.6366 119.6366 0.000000 3.188448 1.029732 3.841983 7.538747 4.808662 2.132896 2.939916 7.471476 3.598588 5.280208 9.433531 12.946928 12.061833 7.703551 4.433510 7.720273 6.811120 3.964312 4.676403 6.680530 6.212014 45.216859 169.895286 167.930513 38.973490 9.367937 6.470557 7.886121 5.663646 4.446341 5.150960 5.360790 2.097795 5.873802 6.110584 6.584278 5.868431 5.973533 10.137940 13.148795 9.029835 4.362645 4.191071 3.555575 13.805760 69.187898 116.459851 60.265679 5.644272 5.258332 6.889293 6.105126 6.735816 8.436085 7.759725 2.806838 2.851198 6.239318 7.011461 3.570749 4.100270 12.164538 15.450800 10.794309 5.700918 7.392810 7.099234 3.939840 9.868604 19.170573 16.890871 8.480794 8.865975 11.392268 7.363779 4.373884 6.548531 8.773881 5.453916 3.616038 8.621585 11.203471 9.793516 6.952272 6.264813 7.621949 5.019856 2.253321 3.462084 6.223514 4.954163 6.496838 16.791400 20.914819 11.652711 11.058515 19.031552 16.512829 9.325332
11.400940 1.132932 117.0595 117.0595 0.000000 4.189000 1.857048 1.916746 7.017826 5.762412 1.394788 5.102621 7.926152 6.491739 3.734155 4.233448 4.263396 11.107424 11.499827 9.129606 9.271889 7.815802 4.402409 4.697394 8.479345 19.594562 109.658671 178.002059 94.500034 20.386384 7.594300 6.423237 7.553943 7.220252 3.460063 5.165674 4.587158 1.957251 3.776297 6.024691 7.948157 3.710692 1.999567 11.589369 13.145353 6.465816 4.974041 4.087764 16.047626 69.988574 120.086598 63.960507 11.675971 9.764252 5.472491 4.793504 8.522313 8.463397 3.399904 2.047301 4.325673 4.830435 3.379883 3.050320 3.908245 4.783631 10.201865 10.542217 9.076413 7.057214 2.585863 1.784494 8.208248 15.621630 6.671724 11.738465 12.729757 4.879587 2.105243 6.413186 11.375760 6.896775 3.741337 3.458159 6.693416 3.836414 9.144467 10.019035 4.691620 5.081937 4.143854 4.157259 7.208931 6.842813 7.539028 17.213262 22.878646 14.469992 18.386591 19.742579 9.851103 6.242728 3.554187 3.838981
11.451046 1.133710 114.2817 114.2817 0.000000 1.354753 1.585187 1.465655 6.681678 8.080339 3.256161 4.871489 6.991984 0.855880 7.605275 7.429980 5.982708 3.845065 7.768056 3.251442 2.165487 8.857835 9.237938 2.401879 4.296039 12.871199 61.868440 177.739350 150.610842 31.660989 6.699339 15.433564 10.077181 4.799261 8.070747 6.139885 3.214906 3.377086 5.461163 7.999231 7.048000 4.062789 5.062013 6.631466 13.117272 12.807967 8.192426 9.944077 7.277645 25.351365 88.897264 107.909336 45.094516 10.126959 14.382885 9.681979 5.264003 5.718435 4.899927 3.077280 1.893962 3.555089 4.896898 6.561333 8.208652 6.073950 5.534804 10.111318 10.551252 8.633483 7.743153 3.691171 2.235196 6.937058 11.645444 10.626529 9.646541 8.156024 5.550637 6.553001 8.429177 8.572034 5.219306 4.588359 5.820349 3.636098 3.710126 8.726624 10.391402 5.147760 6.502996 8.663588 7.538495 5.866925 3.528800 3.822133 15.927155 28.340723 18.656452 10.195522 20.436985 19.200850 7.975971 5.738616
11.504909 1.139347 114.6107 114.6107 0.000000 2.179110 0.765429 0.375421 5.541866 9.018068 3.181532 6.934491 10.298344 5.553435 4.715682 5.912669 2.948100 3.934463 7.438282 8.534274 8.607946 11.940959 7.956425 2.462090 7.984363 9.501032 61.564932 183.477106 147.471679 27.025981 12.424997 11.354969 11.703842 11.022878 4.521048 4.051680 1.260467 2.126320 4.259145 5.101256 7.859130 5.129281 3.728620 2.167753 10.864041 18.714785 12.764281 4.883763 7.526380 27.189457 92.999872 106.317489 38.938369 10.967725 14.086450 6.879459 9.783201 8.164195 4.996441 3.968019 1.733251 2.429060 6.715259 10.149471 9.094420 9.325536 10.352114 8.473616 14.740111 16.446894 8.596208 3.543969 6.368979 12.856647 12.378840 4.678738 2.633808 3.791544 7.796516 9.186288 7.814313 4.388200 5.919137 7.698363 5.927064 4.077813 4.537971 4.951723 8.142551 10.129477 4.940060 6.530630 12.499421 8.991352 4.653921 4.160363 10.849009 22.495423 21.876517 13.345174 15.036028 18.017647 9.710126 2.992930
11.551729 1.147561 114.6539 114.6539 0.000000 3.215501 0.113228 1.001056 4.516619 8.805048 6.532586 8.708112 13.395384 7.798503 4.376514 2.053994 2.805984 4.692824 3.738883 11.246154 10.934000 6.289903 6.213285 7.843118 10.077363 14.583169 82.430168 191.028051 124.810369 11.656848 16.517482 9.525530 12.058040 8.667696 2.750538 3.994298 3.882792 3.367011 1.680687 4.165469 8.546315 6.019136 1.282954 3.500253 5.442865 17.793904 17.624251 9.256915 9.753903 43.522010 107.460554 88.242933 20.511860 19.307037 13.944660 7.975654 4.915444 6.627897 8.034076 7.331534 3.848347 2.370551 4.324627 7.639519 9.065739 9.881502 12.055119 11.609381 17.471417 14.975269 4.054264 5.311780 6.761755 14.904339 14.701621 6.767883 2.866417 3.338690 7.121733 8.221401 4.524124 6.034841 4.738170 3.212065 6.125566 4.044732 3.972091 5.889627 11.277100 13.859831 11.115368 10.669549 10.306152 7.296939 7.472329 9.124946 14.692417 14.144295 9.962631 16.891433 13.771515 9.584689 12.204764 7.726730
11.601003 1.135696 112.7737 112.7737 0.000000 4.330635 2.923210 2.042432 4.276591 6.052147 4.073377 4.460890 10.319436 10.465061 4.046709 1.277139 4.177425 7.979216 9.064998 6.922934 3.210758 5.721489 10.051640 9.594220 5.972013 37.693253 133.799445 168.686035 74.609417 9.246194 7.223598 13.078620 8.872958 2.226222 2.474520 5.802579 6.714624 4.197249 3.341541 5.053485 6.941349 5.239503 4.155430 4.036896 10.349713 20.785852 11.163410 7.977471 28.689672 117.381387 102.187140 18.342038 3.730549 11.343689 15.037816 6.095270 3.332414 3.313340 7.597014 6.392368 5.467386 4.610061 4.707393 10.104456 9.918754 6.240940 6.851475 14.223654 16.943920 11.689106 5.489080 7.706180 13.624873 8.453137 1.956014 1.140476 1.600898 6.622720 9.513063 5.393042 4.862635 8.176726 8.739597 6.176836 5.170702 5.784951 10.970087 10.081242 5.702122 7.985792 6.182943 4.709196 5.004314 0.666486 15.048030 24.676616 16.296362 6.475720 8.540385 14.135997 18.498978 12.853798 1.425952 4.221508
11.651034 1.138450 112.9546 112.9546 0.000000 4.655490 3.193636 2.698718 5.413641 3.149328 3.186973 4.420744 3.600860 9.096477 4.730642 2.274512 5.125157 8.884924 9.284268 4.598461 3.021863 7.151741 11.786736 13.577958 8.424427 32.893086 128.723604 166.056214 70.850772 7.781343 9.099462 10.045803 5.861315 3.118472 2.091921 4.073930 6.387065 6.962937 4.294966 2.150085 3.963449 4.094042 3.593930 4.619783 9.040871 16.916517 20.036530 9.041281 32.731748 118.946817 108.883082 21.798685 10.966064 12.568052 11.853174 7.391644 3.317401 2.624143 5.135215 2.751132 6.078450 6.563915 4.095319 5.674886 3.878857 4.124047 4.549516 3.156444 11.548268 12.909584 4.744233 6.097629 17.324716 17.117724 10.846604 9.624641 9.858822 11.873214 9.449885 6.584581 10.114924 10.993452 7.798344 3.489198 3.358552 6.325030 8.357156 5.466344 2.765667 3.855931 4.018073 6.509772 8.451982 5.068741 11.225467 21.146982 14.932242 5.897568 2.844640 10.097990 19.735353 11.405407 7.187171 10.747599
11.707712 1.138986 114.3186 114.3186 0.000000 3.484545 3.836843 4.000657 4.805423 2.464464 5.813433 8.159625 7.824717 6.902960 3.859645 1.790098 3.639561 2.568047 5.515460 6.355762 4.184973 2.183726 5.670662 7.713145 17.641340 22.895524 100.242754 182.204274 97.106589 4.700538 11.940860 5.906516 3.235896 7.633028 9.290546 8.502901 5.051050 4.504116 8.139547 4.798527 2.223274 3.466752 4.485986 5.084162 6.289093 5.777389 10.376076 22.421719 29.590940 78.746712 124.060743 68.910261 14.165278 18.603254 9.430652 1.990399 2.634975 1.199857 1.701155 4.331538 5.892327 5.050175 2.730924 3.162496 5.053004 5.420459 4.424261 3.211205 3.827026 8.067665 10.133211 9.620930 15.818328 19.735634 16.904377 15.831330 12.140152 11.769173 14.198511 11.480138 11.733439 12.909158 8.556741 3.912417 4.303366 4.599825 5.585823 6.334261 2.526768 0.655852 3.212215 6.223066 4.437831 6.863997 8.497136 15.481894 19.263092 9.401391 9.255599 4.129217 8.520716 14.452567 11.123341 10.626518
11.754726 1.123943 114.4855 114.4855 0.000000 5.756487 3.514035 2.964587 5.046230 2.472867 3.512557 8.315316 6.616341 3.578741 5.677828 1.855274 2.702064 4.076172 3.609674 2.142508 3.687571 4.517017 5.363912 8.422464 23.787434 34.654031 100.660015 180.866470 102.464824 24.764597 9.861342 5.549175 2.061708 6.333852 12.700469 9.559642 1.827914 7.240644 7.593781 4.479623 1.252920 2.510722 2.011112 2.114981 1.307468 3.237151 9.444005 32.464795 42.490596 74.631845 121.547849 76.489634 28.356499 17.631841 9.572698 1.838070 1.940986 2.697543 3.800790 3.249142 2.386483 3.789954 1.949807 3.777202 4.756791 2.901652 3.217029 2.944361 5.485468 8.317800 12.275910 11.316898 13.504542 14.428644 8.345767 10.322510 10.192224 7.460230 8.496632 7.508710 10.663275 9.870371 5.984603 7.006310 4.600973 5.326385 9.997406 6.731143 3.409963 3.829642 4.437219 7.908931 9.573778 9.034142 6.042364 12.355660 21.508014 19.399514 13.615370 10.025066 10.181294 8.027811 7.557709 13.675262
11.801578 1.121832 118.0267 118.0267 0.000000 4.010808 4.148141 4.732218 5.370624 2.640875 1.321810 3.530841 6.517131 7.892897 6.106105 2.085161 2.840456 4.662579 3.072367 1.261575 1.820009 2.476648 4.064932 4.792759 13.625061 38.369572 96.625972 155.165099 111.871003 37.685949 31.433808 8.505216 6.453458 3.562929 3.866684 9.697367 10.472378 6.618350 3.780801 3.111871 2.383534 3.111025 4.530802 5.577020 5.253957 3.415791 6.554999 14.383347 42.159770 70.806641 109.344220 88.831735 49.355745 43.888071 15.487284 9.036099 4.670105 2.263957 1.055555 3.254060 4.986275 4.681591 3.951923 2.802431 3.128507 5.525759 6.659930 6.714920 7.828102 10.435842 15.019817 20.904325 23.685651 20.183655 14.393752 7.585986 6.538663 5.603733 10.528938 4.995978 5.122903 6.538366 5.804888 7.636428 10.190231 9.267455 5.574634 3.476699 10.646362 14.487704 11.096759 11.025313 10.684436 9.768008 7.708764 7.680343 9.387161 9.639108 8.312745 15.638028 6.908726 7.349989 4.368838 5.429081
11.851316 1.120458 111.7394 111.7394 0.000000 1.129381 3.578640 1.127852 5.949416 3.750622 3.529846 2.363196 4.923052 4.478908 2.853800 3.204883 3.644816 2.850603 3.378883 4.214992 2.883863 2.129657 6.274688 17.685656 32.321332 77.522949 151.859437 118.010730 51.743513 20.626831 5.096986 4.759028 4.862080 3.555337 5.134988 6.429962 2.355073 2.344712 1.963115 3.294728 4.529090 4.899582 5.975963 7.431707 10.108140 20.476481 39.548906 53.261488 85.517396 102.864000 69.080043 32.636508 10.047502 4.412744 2.922645 1.718427 3.302185 4.293549 2.998847 2.767459 1.990319 4.201041 4.359150 3.625882 6.963090 4.748086 10.301876 12.467929 16.888272 23.204470 15.503445 14.166226 16.122232 18.685023 14.381123 3.960376 6.779482 5.928059 1.764374 2.982366 5.385805 4.700999 2.932555 4.701843 8.761457 8.724806 10.055188 9.670811 5.565364 3.514990 3.832386 3.407771 6.650779 13.497089 18.511064 15.388576 13.075989 7.359977 4.155549 6.258888 4.790830 7.723074 6.833518 9.141027
11.900981 1.119515 109.4645 109.4645 0.000000 3.458640 5.463076 7.630891 7.475476 5.230617 6.776932 6.122734 3.240808 2.712296 1.625921 2.017789 2.274625 1.615777 4.847799 8.061357 6.635944 5.792965 3.471196 9.049483 9.849606 83.212602 175.020570 94.204295 7.519343 9.626446 4.856829 3.464561 4.382318 2.771789 3.341722 5.405844 4.546896 3.332302 4.114347 3.620886 3.390702 0.691045 3.486443 4.258355 7.907655 14.185037 12.934178 71.848246 133.190080 79.474971 15.458279 5.042359 4.008802 4.978638 4.470337 4.464947 4.444059 5.246102 4.553089 0.802480 4.255013 2.665603 1.750481 5.622228 4.872631 4.531994 6.044395 8.629846 7.123819 7.283194 15.527115 20.691945 24.052108 22.051381 12.231425 5.412202 5.071794 3.073553 1.889265 2.400497 2.743203 2.526504 5.710346 3.565762 3.507163 6.386288 4.746609 2.505908 3.751106 4.752524 6.660844 18.801543 21.056003 8.852558 13.720208 15.496099 7.548976 3.673849 4.445983 2.249196 2.786948 5.678094 6.024384 3.066861
11.959931 1.122716 109.3467 109.3467 0.000000 3.616689 2.735482 7.579899 6.373341 1.373442 5.380440 9.392506 6.852282 3.530297 1.761456 2.253408 2.695889 1.129190 4.706637 8.817608 2.910556 5.581798 6.265286 5.449329 11.259865 104.821245 175.284979 80.543826 6.015627 8.445508 6.834548 3.225320 4.964016 6.800752 5.895385 3.058019 3.175487 2.063529 0.936665 4.370585 5.418474 5.055822 3.118555 4.566307 11.138836 9.703416 21.680424 97.502976 131.756498 54.147481 4.637608 2.124909 3.208490 2.267675 3.343680 2.579838 2.094404 3.742000 7.135632 5.298402 4.157993 3.291681 5.556059 6.824127 2.338377 2.141278 6.525190 4.813777 2.681242 9.044855 9.785153 3.988539 14.763749 26.227386 14.633024 3.747732 5.092917 3.834048 1.270693 3.641517 5.573211 6.773063 4.328514 1.434851 2.322763 4.018767 3.300533 6.386160 7.234444 4.564883 8.433820 22.407133 21.091272 6.249568 13.929737 20.470748 10.239624 3.455628 4.063391 4.366873 4.246836 2.095274 4.920475 2.191804
12.011048 1.139526 109.1436 109.1436 0.000000 4.415038 5.912058 8.303378 6.442111 2.896993 4.851130 8.263586 5.133351 2.382217 3.335032 4.166203 5.436755 4.257140 7.464847 8.820348 5.296930 3.600768 7.453965 3.616981 14.034967 112.504950 168.331341 66.854744 3.743840 7.437076 6.601987 2.039922 4.908964 6.531660 4.563912 5.643265 6.752023 6.527527 6.853103 6.935880 1.974457 7.092520 2.771445 2.880864 11.630134 7.787864 30.036423 112.826878 121.968642 43.597434 6.535095 4.679069 2.673945 1.131612 1.852828 4.542321 5.604629 8.279880 10.073896 2.957425 4.340498 4.248367 8.934325 7.450138 3.336965 4.227986 4.721628 5.282850 9.155097 15.341767 14.469184 12.385212 20.802561 21.810950 11.646802 4.607815 8.386267 6.667754 4.433966 4.631080 3.496141 6.106634 8.557948 6.417757 4.904343 2.602073 2.716217 6.187075 5.170569 2.765411 10.103375 24.980656 15.478892 5.402687 16.030652 16.905028 5.491438 2.775872 4.514529 3.119388 7.032661 6.859310 4.459929 4.423965
12.061011 1.143702 113.7390 113.7390 0.000000 6.163158 4.418334 6.104184 4.708166 2.341138 1.994573 4.391093 4.968555 7.497211 7.675430 4.670934 3.097280 7.680640 6.518948 5.659566 5.426706 1.734595 1.241094 5.126293 18.672066 62.404218 149.713134 143.842725 48.939043 10.796058 6.173458 6.753741 4.016315 5.870701 7.854647 8.332937 9.478494 8.659492 5.324994 7.431884 10.315031 7.448334 7.420394 7.052746 4.075578 4.437570 21.377529 44.952969 95.162253 119.200088 75.705910 33.267540 15.238948 6.734476 3.019156 2.087290 1.924980 2.740695 5.907554 8.220301 9.083105 5.643884 4.862174 7.351737 7.873534 7.353324 4.160680 2.253210 3.758607 5.427643 12.954411 18.683020 12.832120 9.701869 12.826321 11.524596 11.712528 2.069476 5.560231 6.942263 13.681464 11.630216 5.663796 7.772141 11.830110 9.851537 8.773736 5.789146 1.181249 0.537736 1.731521 8.377257 10.685665 9.768593 16.784501 20.449453 13.756156 9.747798 10.317550 7.920643 3.893253 6.072589 10.895076 12.532301
12.111066 1.115204 109.4197 109.4197 0.000000 4.381093 3.604446 3.812124 3.812356 5.149832 5.775766 5.565125 4.735487 9.030604 5.586197 5.436407 6.052697 5.412729 3.294198 2.371799 5.532240 3.631460 4.218851 4.812189 13.856654 76.511401 174.487168 127.378534 10.310371 13.573897 1.815221 6.101734 3.135595 5.572795 5.912387 6.378393 8.301796 3.549407 7.601739 7.790497 7.624424 6.561850 6.592242 10.870656 8.635951 8.598139 18.609217 62.370675 126.404578 111.518489 33.090108 18.382924 9.434681 12.353793 6.978220 3.075241 1.695738 4.226984 4.988990 4.168598 4.563952 4.396488 2.873697 4.843843 3.590501 1.847813 3.495156 2.668940 2.323187 5.648746 11.509745 12.586778 8.910901 7.048122 4.933327 3.195354 3.169077 7.274319 10.517146 11.867933 12.140938 9.240455 8.361266 11.132110 13.147457 10.082263 7.520919 9.348190 7.922433 4.802820 3.550203 7.523746 15.921842 15.380143 10.588966 11.334957 7.613838 6.500256 4.019264 5.256406 7.435094 12.417895 14.309277 7.500299
12.161528 0.973176 114.0766 114.0766 0.000000 5.845086 6.157253 4.926137 3.151281 5.469188 5.586143 3.403430 5.511608 9.268781 8.510232 7.234568 4.808305 3.369793 2.565831 2.246793 3.033076 5.716315 9.364212 8.877735 10.606085 29.605675 84.779305 160.288278 125.403906 42.603016 11.796362 4.657833 7.275945 3.557506 4.250772 7.013951 9.545048 9.665943 7.168144 3.735283 5.443114 3.017922 3.414653 6.778051 14.604950 13.887416 15.120176 22.019373 22.972793 59.542314 113.149088 101.324663 50.774448 19.222822 9.051554 6.209323 5.236288 6.348922 6.537315 7.300839 5.036630 3.061944 5.704603 5.185902 2.046556 5.091099 5.294019 2.341407 3.405236 6.047975 7.195674 5.816097 6.647935 10.325613 8.445060 7.453406 6.317886 4.148746 4.314616 4.450806 5.574902 9.214600 11.501680 10.819497 6.319162 2.878327 2.043514 7.598419 6.517088 5.231902 11.013827 10.377563 5.642444 4.418845 1.325188 7.802311 14.604872 16.999794 16.276430 13.624457 9.111926 4.432038 3.467472 6.838722
12.211492 0.780050 121.6171 121.6171 0.000000 5.297089 5.765224 5.000485 3.749944 2.754057 2.167733 1.793979 2.079640 3.900973 6.175727 7.771590 7.135778 5.225999 4.109055 4.016132 3.596341 2.736738 3.531182 7.885322 14.731162 23.354204 34.928810 66.977112 90.616683 84.718184 56.992758 28.423512 12.197972 7.067178 5.157524 1.311672 2.072668 2.994366 4.922347 4.813100 5.862442 6.345042 7.036811 8.913359 9.678023 9.174705 12.555899 16.870139 19.933350 22.841638 25.329639 33.700204 46.569722 54.698107 50.580088 35.688343 17.799301 4.596412 2.035447 1.156547 2.809578 4.963555 5.678913 4.462405 2.627628 2.144227 3.309291 3.524645 3.180954 3.595648 3.670989 3.270797 3.240960 4.108779 5.430665 6.395043 6.823476 7.267815 7.672660 7.277294 6.311318 5.426651 4.896023 4.761845 4.432781 3.391929 2.268206 2.509175 4.070906 4.586816 3.830989 3.504246 4.038433 4.139559 4.252409 4.894469 5.249560 4.029708 1.835372 1.973777 3.655233 4.235578 4.741253 6.263392
