# LRA Full Analysis Data — Replot Source File
# Source file: pitch_increase_strong_220to440Hz.wav
# Generated:   2026-07-17 13:59:04
# Accel sample rate: 1557.6-1873.7 Hz per-window range (1644.3 Hz overall)
#                    Each window measured with its own real rate, then
#                    resampled onto the common freq_bins grid below
# Rows:        233 (one per time window)
# Freq bins:   100 bins, 0.0 to 496.3 Hz
#
# MACHINE-READABLE METADATA (used by replot mode — do not edit):
#@duration=12.000000
#@rate_overall=1644.258318
#@rate_min=1557.574053
#@rate_max=1873.667066
#@freq_bins=0.0000,5.0130,10.0260,15.0389,20.0519,25.0649,30.0779,35.0909,40.1039,45.1168,50.1298,55.1428,60.1558,65.1688,70.1818,75.1947,80.2077,85.2207,90.2337,95.2467,100.2597,105.2726,110.2856,115.2986,120.3116,125.3246,130.3375,135.3505,140.3635,145.3765,150.3895,155.4025,160.4154,165.4284,170.4414,175.4544,180.4674,185.4804,190.4933,195.5063,200.5193,205.5323,210.5453,215.5583,220.5712,225.5842,230.5972,235.6102,240.6232,245.6362,250.6491,255.6621,260.6751,265.6881,270.7011,275.7140,280.7270,285.7400,290.7530,295.7660,300.7790,305.7919,310.8049,315.8179,320.8309,325.8439,330.8569,335.8698,340.8828,345.8958,350.9088,355.9218,360.9348,365.9477,370.9607,375.9737,380.9867,385.9997,391.0126,396.0256,401.0386,406.0516,411.0646,416.0776,421.0905,426.1035,431.1165,436.1295,441.1425,446.1555,451.1684,456.1814,461.1944,466.2074,471.2204,476.2334,481.2463,486.2593,491.2723,496.2853
#@n_tracks=1
#@input_spectrum=0.000000e+00,1.623568e+01,1.628180e+01,1.635165e+01,1.644274e+01,1.655395e+01,1.668445e+01,1.683373e+01,1.700171e+01,1.718819e+01,1.739368e+01,1.761834e+01,1.786268e+01,1.812742e+01,1.841345e+01,1.872173e+01,1.905328e+01,1.940959e+01,1.979225e+01,2.020308e+01,2.064397e+01,2.111758e+01,2.162648e+01,2.217389e+01,2.276363e+01,2.340014e+01,2.408811e+01,2.483385e+01,2.564429e+01,2.652806e+01,2.749542e+01,2.855892e+01,2.973407e+01,3.104052e+01,3.250319e+01,3.415469e+01,3.603864e+01,3.821503e+01,4.076942e+01,4.383026e+01,4.760263e+01,5.244481e+01,5.907840e+01,6.941655e+01,9.391839e+01,1.694998e+02,2.324974e+02,2.456254e+02,2.510085e+02,2.533479e+02,2.540136e+02,2.536714e+02,2.526825e+02,2.512614e+02,2.494368e+02,2.473491e+02,2.450748e+02,2.426934e+02,2.403895e+02,2.380487e+02,2.355606e+02,2.329832e+02,2.303431e+02,2.276819e+02,2.250451e+02,2.223596e+02,2.196540e+02,2.169388e+02,2.143338e+02,2.117089e+02,2.089778e+02,2.062768e+02,2.037049e+02,2.011233e+02,1.983775e+02,1.955519e+02,1.927040e+02,1.897940e+02,1.867115e+02,1.835683e+02,1.802849e+02,1.767570e+02,1.728791e+02,1.685017e+02,1.632368e+02,1.561543e+02,1.435868e+02,1.134150e+02,6.595623e+01,5.173068e+01,4.505759e+01,4.073393e+01,3.752902e+01,3.498611e+01,3.288384e+01,3.109720e+01,2.954830e+01,2.818504e+01,2.697101e+01,2.587933e+01
#
# Columns: time_s  rms_g  peak_freq_hz  1 track_hz cols  then 100 FFT magnitude bins (in g)
#
0.406544 1.817415 225.1933 225.1933 0.000000 6.110875 4.795104 3.253428 4.759115 4.890847 8.107388 9.856842 4.493522 1.253136 4.682871 7.542069 8.074468 11.463039 8.982989 7.490085 4.533120 6.979005 11.155533 10.540806 19.253904 36.562827 32.942963 18.289277 15.920743 22.079954 20.970397 12.536360 8.218968 5.065338 12.207944 17.093873 20.448000 13.172041 7.607754 8.297794 6.245392 8.950430 10.626746 8.475330 7.980024 18.529762 23.092027 92.688858 259.200206 323.697792 112.646427 43.894784 30.766956 29.103747 14.023502 10.543757 10.522469 12.794784 14.036084 20.072604 27.643765 26.091819 16.856571 8.758990 8.488786 14.138275 24.849197 27.797128 21.998223 20.930191 24.036827 50.594970 79.015391 57.367124 37.735474 16.284550 13.047040 18.741116 27.297317 37.334633 18.786884 11.433951 4.234776 7.145345 7.472561 10.609064 11.397861 10.116126 1.295683 1.353777 6.389010 14.960378 22.155850 22.312653 15.530983 3.081012 8.321346 10.375517 11.553401 9.781830 6.820632 5.198016 4.817727 5.613149
0.459788 1.801485 225.3989 225.3989 0.000000 6.412188 7.748103 9.054507 5.345227 2.267638 1.917571 6.950742 8.737905 8.698678 10.816760 9.207081 9.014315 9.390634 5.450689 4.174070 2.386429 3.985164 5.844025 6.647735 11.990597 28.631231 34.278835 16.739707 10.412775 14.056023 9.595339 4.905389 3.502646 5.157133 10.623688 8.726281 13.956851 14.311225 15.747013 16.320020 7.145540 5.921005 13.114433 9.365349 4.627945 10.488476 63.097283 85.581483 225.547022 319.893877 159.423178 60.435809 26.103789 29.287255 9.012298 12.139527 7.626967 9.167424 8.090252 15.638969 13.398958 13.501486 14.667238 7.939113 11.330520 10.648518 13.629884 13.302138 20.634071 32.907420 43.015287 54.983743 67.796000 62.551855 47.655850 29.022250 20.436615 16.201275 11.191136 27.331393 26.331744 20.612798 22.482781 19.252973 13.173971 6.158772 5.929863 4.451277 5.477181 7.461728 8.522567 17.456563 16.893789 15.383091 15.965274 10.014656 7.013666 2.067591 4.198467 7.729689 6.917710 3.902643 4.005110 5.831229
0.510229 1.785899 219.9782 219.9782 0.000000 4.077426 4.000075 8.658114 10.094018 6.317421 4.967112 4.041508 6.967987 12.739327 10.029802 6.078649 8.742070 10.126391 6.408091 2.820518 2.414454 3.402518 4.676190 5.512419 11.126372 24.337991 33.444701 25.074953 11.388765 6.689565 6.219501 3.737121 2.599397 3.208401 11.008608 14.742339 12.742334 9.948691 21.652913 22.657722 15.336664 12.236352 13.407097 3.138979 6.808946 6.745118 61.124458 160.355354 289.749743 230.038173 45.558264 82.339579 26.326736 18.732147 23.739761 18.114663 13.537178 14.049020 8.346014 5.695428 14.734993 19.753361 20.518661 20.716410 22.467140 24.303007 25.113229 30.036993 42.296732 62.303699 88.211192 65.918403 29.800993 10.006054 24.652279 11.178255 16.221035 8.667154 23.226020 35.481068 20.304285 14.615735 25.806123 26.898790 8.941810 4.241360 10.068510 9.061581 8.625086 7.398309 9.942411 20.712442 24.612487 13.684836 5.817800 12.926588 10.136470 4.416577 3.202688 2.375993 3.306773 4.718233 3.141041 1.544557
0.560031 1.800560 223.8145 223.8145 0.000000 1.247810 1.032376 6.033613 9.987779 8.521844 4.012173 8.224625 11.521282 7.018074 4.697354 6.893977 5.379870 3.600039 2.859675 5.260421 4.395116 3.882957 4.881892 4.497539 9.371600 12.497394 16.113610 28.577916 19.021982 8.969633 5.086234 1.338904 5.644805 11.451749 12.491187 3.362460 9.089296 7.352775 17.812246 12.942182 14.794816 28.589439 19.681024 8.056725 11.285062 26.504205 65.172716 95.879612 194.969197 291.063064 172.913734 66.761718 28.439375 16.455398 22.870488 15.879068 12.831062 16.678094 9.867602 5.944182 8.567938 10.488192 9.514406 11.557717 12.757707 13.002544 13.377511 14.750929 33.876840 11.948731 90.876063 81.355183 30.809896 23.541899 26.209325 27.679714 29.180539 18.199677 26.969101 26.976491 8.144559 6.582701 15.116436 17.973201 11.244732 8.979874 16.539004 12.906383 5.163581 2.596200 6.993883 17.828575 12.978514 10.750304 15.891915 12.228620 4.428200 4.609240 4.764738 0.639831 2.325991 3.154516 0.890163 1.762272
0.610486 1.800707 224.3808 224.3808 0.000000 2.662059 1.947975 5.591968 4.927984 4.755240 9.854396 13.644611 10.616080 3.991341 9.113214 9.464756 6.321249 6.247476 5.118798 4.487019 4.870310 7.808804 10.023068 8.188717 6.463330 9.119994 10.035235 26.211788 38.259298 23.286992 9.129078 6.859727 8.168618 11.293766 11.848318 8.976167 11.592478 7.658715 16.453241 17.656308 10.754017 26.474883 33.001726 21.434538 17.425502 17.072779 30.850051 32.786615 169.893086 324.457288 195.656946 25.300126 24.947951 18.863489 12.772329 18.692028 24.463246 19.913963 10.020829 10.133400 9.996673 8.995604 7.003326 4.182076 4.059457 5.897444 8.354470 12.112575 11.492428 46.691935 90.199189 60.844569 23.864466 14.654579 22.570495 9.759468 35.918691 46.044555 35.194756 14.511388 18.032388 16.173276 11.809218 15.579697 17.019565 13.047636 13.932725 16.786180 12.197701 7.816105 7.094192 10.533041 13.118980 18.227066 20.955245 11.579262 5.638920 9.970897 12.003199 7.645079 3.570190 2.618359 1.789399 2.566622
0.665225 1.810855 223.5136 223.5136 0.000000 3.335259 1.728147 3.763416 6.865320 6.016522 4.335185 11.114659 14.043702 7.414225 5.786249 9.175447 9.762058 7.580704 4.455455 5.054301 7.628820 7.863179 7.794995 11.402250 14.915351 14.162201 10.456852 23.555285 45.571573 39.342992 17.731093 3.067893 6.725479 3.448179 9.619596 2.542804 9.451184 15.366145 15.833182 5.732884 15.508722 29.199624 22.317619 8.739982 20.885505 23.639611 18.146554 45.038415 202.317441 309.202361 149.106777 22.873214 25.460785 21.501686 12.783769 14.052865 29.086239 27.874280 15.580513 14.719232 17.732191 18.096545 14.590989 11.377947 13.124782 15.080282 16.679810 11.482326 32.963237 90.458587 83.641533 22.536255 10.299037 22.363476 24.453332 18.283647 18.783572 45.915604 28.955874 6.996348 8.988801 16.558813 17.335079 9.735054 7.722188 10.410753 12.816260 7.050136 8.118502 8.674076 6.286474 2.754191 2.630609 16.727113 22.413113 6.091346 8.093216 17.109407 18.026162 9.015833 4.282308 1.864887 1.165280 3.396241
0.714613 1.812150 224.5594 224.5594 0.000000 0.500987 2.107903 3.802164 4.727230 4.342137 2.102116 10.714492 16.012382 8.683011 4.949870 5.552591 4.967923 6.834331 4.064674 9.066608 10.918584 9.346471 6.413152 6.214921 10.193144 10.372484 7.930375 8.667827 25.469597 39.176306 18.124698 12.812685 14.881615 13.210703 12.570626 5.572277 5.847823 3.914381 10.989870 14.350067 20.734303 35.684778 32.657550 6.635828 13.990882 10.432282 15.027057 18.652567 129.223232 317.011567 243.222458 49.360916 21.680038 12.646881 7.967692 11.555036 16.568600 27.759004 14.273862 5.144182 8.570891 10.441135 12.397747 7.071697 10.046189 9.387848 7.482222 9.584810 29.945477 81.925925 66.605250 23.299313 10.190124 10.112739 20.713084 5.780559 26.296861 52.976501 41.267769 19.635124 13.470368 4.801648 11.886095 5.379814 11.921211 16.323028 19.100365 18.911176 11.516407 3.796350 2.026645 2.950762 6.520003 11.959575 23.291302 21.179111 8.411580 8.920568 12.026975 8.191632 3.657720 3.761543 4.237167 4.476584
0.765207 1.813673 228.7892 228.7892 0.000000 2.960474 1.230729 2.532949 1.090794 4.318468 6.129451 9.773163 14.325796 8.777219 8.148170 7.819778 7.285055 9.553656 9.554948 7.409085 3.866650 7.053086 11.192649 8.777739 4.320083 4.382379 4.338617 7.243585 11.150724 25.497006 38.571814 34.114560 14.300256 7.446485 10.561378 9.862736 5.567499 4.470786 6.326767 20.651494 14.340523 29.365658 36.225534 20.891170 16.108460 11.374641 13.263950 24.862298 103.615116 298.424523 252.977286 68.581428 14.883273 11.725408 4.943230 7.541167 17.614870 26.997773 18.187435 12.737679 11.454115 8.793369 7.100982 6.988287 9.764079 8.653342 11.591847 19.271188 67.058044 86.069176 33.436698 3.728189 3.749083 11.836384 17.602552 19.973613 46.013838 48.403737 10.480611 17.269917 10.933566 13.091760 13.673123 12.970932 14.757585 11.162965 12.809923 16.820350 7.777597 4.371877 4.879018 6.716076 4.907263 7.064015 23.569874 27.995651 15.533872 4.733901 4.617768 4.125237 7.259884 9.290018 9.662034 2.818913
0.814707 1.809188 227.0054 227.0054 0.000000 3.271248 3.366134 2.056507 1.947050 3.669999 7.358552 7.759179 13.705664 11.632836 8.492899 5.168913 5.157077 5.989927 5.619534 6.274662 5.822725 8.675120 13.823279 15.597705 11.811590 5.919064 9.111502 9.200631 6.088664 10.262777 44.500133 37.422501 11.666497 6.429761 9.689671 10.299332 2.960102 5.157548 8.286265 20.211821 27.948758 28.477495 16.278481 9.851165 11.969264 8.624783 12.269306 30.467281 177.424909 323.754359 186.754453 59.437459 14.700394 9.924018 7.949228 5.421609 12.190798 21.493610 24.057604 21.338130 11.398779 7.036804 4.280570 5.845982 13.117828 10.932323 23.402767 53.988860 76.988464 38.395539 9.470367 10.976978 8.179363 16.251665 20.082780 40.478117 50.818875 34.554023 18.717669 7.764025 3.735329 9.214275 6.292616 5.233622 11.033485 18.494344 17.471038 12.182748 9.138785 8.000490 9.749836 8.278211 3.633610 12.663839 30.425264 25.607042 7.745036 4.079547 8.000424 5.579120 5.475802 8.691185 10.451165 10.254053
0.870028 1.802536 228.7841 228.7841 0.000000 1.272100 3.786993 2.486771 3.644056 3.838974 7.698883 13.586758 9.247097 3.100761 3.453296 3.882759 4.622692 3.715390 5.329711 9.915261 13.985383 10.776048 9.788845 14.206165 12.208176 10.696010 14.527088 14.500623 6.174124 9.747306 31.164377 38.590796 18.737722 21.554927 17.902692 10.209503 8.254371 7.347288 3.480700 11.036921 15.660204 7.770565 20.192178 13.689174 10.583212 23.878636 33.046513 38.278493 92.196215 271.303009 265.292527 102.789169 57.279005 41.531160 20.767616 9.281655 9.053206 6.186220 11.741309 9.582145 15.053779 21.796603 21.524626 21.178699 30.607715 41.233089 45.758739 56.029004 82.653578 33.929838 17.187427 17.092966 18.416542 15.255414 29.706467 47.973017 36.849687 20.042627 8.831602 16.759555 8.204368 7.448655 8.745303 7.533128 6.665610 8.622911 10.475465 9.362215 11.301368 12.452051 16.385618 17.000614 10.019657 7.046072 18.528221 25.226275 17.762932 12.751127 10.957666 5.516139 6.587713 6.847231 1.438729 8.973855
0.921576 1.798508 224.6732 224.6732 0.000000 3.131859 3.644583 4.378351 5.656790 4.386828 6.554417 9.142903 11.845823 11.105597 7.099417 4.679772 4.992914 5.196332 4.161987 6.520973 12.176068 18.422237 8.724362 7.176091 3.837560 6.447345 10.769352 10.748835 8.180670 13.883819 18.847288 34.117040 34.129699 16.000758 9.323696 5.924245 6.540643 9.100825 12.272216 18.141220 28.422643 27.639600 13.794183 9.731281 16.244729 24.502988 30.401891 53.071249 232.828886 304.017290 119.186726 56.868132 38.051770 27.406281 16.592802 14.766224 14.329573 20.966811 23.426091 15.831453 16.221181 20.395277 26.842975 28.727586 28.271148 50.468898 101.906028 65.400196 17.115038 11.184910 12.777956 10.317413 5.517070 22.346403 38.482293 30.012284 25.685776 18.468920 5.400353 3.626815 7.546125 10.625064 12.120076 13.323890 18.837928 21.021947 13.104666 1.329136 7.086743 13.679442 9.673678 9.940108 9.990168 17.286064 18.165460 13.527346 12.762886 5.533592 3.804032 5.709989 6.464848 3.810374 5.286212 5.662321
0.972638 1.782321 228.8347 228.8347 0.000000 2.421045 1.687999 1.997612 5.112136 3.712811 3.603996 2.314079 7.878592 14.971267 14.393384 6.474948 3.204009 6.991317 8.750277 8.157106 11.556922 19.486745 17.677812 8.428102 4.399285 3.728966 4.613484 3.273910 8.469503 5.814996 4.787152 17.639054 41.329605 35.182682 21.384676 12.881794 3.723305 3.938354 5.968114 14.353182 29.795832 25.483416 21.827887 12.630203 17.999997 13.594698 13.681920 4.438644 52.491394 229.422573 301.177374 129.516971 14.018552 20.607667 21.726062 17.825144 16.027216 12.184218 17.834181 27.890961 23.187887 16.719322 10.923228 18.039291 12.759978 21.100842 54.438999 96.487641 46.412283 8.634293 8.038863 4.856016 12.641571 16.932172 19.766715 23.096347 36.736844 44.855976 27.334423 10.725716 4.616743 6.680928 8.302341 8.412653 10.106939 16.490689 18.421586 15.273365 11.468221 9.681522 8.640001 3.855804 3.329357 10.455968 20.066954 28.341779 20.330915 9.640711 8.574239 4.114302 3.039593 2.905766 5.609777 4.090338
1.023262 1.790984 229.8536 229.8536 0.000000 1.045655 0.827199 3.829113 4.927550 2.712634 2.616611 2.519568 5.769437 9.304602 14.547897 6.500817 2.956706 6.757704 8.920836 8.001724 10.040860 19.791728 16.505452 5.884105 3.629710 6.688489 10.108403 11.180531 11.865309 11.642070 10.131867 10.229541 26.741490 38.549969 17.695545 15.843201 14.322066 10.014330 9.983895 10.850504 25.350405 17.056119 18.351349 13.346997 25.645723 25.718075 16.673619 10.701596 27.873408 149.592603 322.593215 201.509931 30.795292 18.217238 31.956817 22.176091 14.921823 13.814991 16.554449 21.645847 28.929242 14.447997 13.388993 25.420516 25.181383 14.826951 49.678000 92.465560 57.904886 13.562556 4.479297 2.805080 13.716430 23.860298 18.953139 19.790007 32.180566 34.435621 12.528412 13.028635 7.355542 11.251807 17.548323 12.397621 9.550825 5.396053 10.074387 11.376977 10.112741 12.535647 13.621946 10.476165 4.042609 6.227849 11.739030 14.034276 22.413751 20.961633 11.674583 8.417010 7.271992 3.513672 3.019669 6.129156
1.074790 1.784978 231.1298 231.1298 0.000000 1.868624 0.985645 3.859401 4.315319 3.611833 1.896650 7.460197 11.836630 14.061423 9.615754 5.764383 8.535913 6.383586 2.853868 6.774204 11.504232 15.425634 11.296875 4.935844 6.206679 11.433858 9.835683 7.292053 5.693077 8.598095 13.054918 7.152410 8.895532 21.863147 30.385283 28.299034 16.919541 5.903117 12.809847 18.412363 13.238374 26.236171 26.941455 15.523102 18.643766 21.004211 6.415243 7.895653 25.495327 46.991764 275.608081 301.945609 93.683805 27.834532 18.105681 10.424743 5.154447 5.464991 18.536015 31.056664 28.969366 11.478183 11.931708 19.444417 16.185508 13.752268 42.914549 90.409106 65.637335 19.115904 2.487522 7.704481 12.308977 17.644573 18.248975 24.552011 42.412814 31.360641 11.386915 14.033200 12.194978 11.233605 16.009318 12.949815 6.262189 8.879446 8.064188 9.652506 16.513636 11.353838 9.287249 13.651011 12.378788 9.153414 3.859706 1.713405 10.793561 26.181882 17.445682 8.125503 3.122935 8.392995 8.586810 2.297641
1.125430 1.784457 231.9536 231.9536 0.000000 2.120886 5.008894 5.455490 3.274961 5.421810 6.202117 9.772362 9.899409 8.592796 7.617392 6.457518 8.540363 5.007204 2.478496 5.477209 9.598969 7.752834 4.142806 5.923115 7.602546 9.753456 8.468325 5.960240 10.003078 14.669944 16.197809 13.979993 9.197530 13.336656 26.936676 29.577014 19.525772 11.105062 17.595543 24.162608 23.191092 24.155908 18.630169 14.242450 9.111790 9.445136 17.324320 16.905912 36.387967 106.424936 276.507092 262.232713 124.397740 47.392721 21.850254 15.774273 11.350391 5.292570 17.161515 14.049478 12.271040 20.060090 25.759153 28.001253 28.936545 47.904981 74.706891 75.347425 42.869816 2.382972 14.561028 10.408014 6.305507 7.810098 7.673352 22.174278 41.762786 42.164613 21.665688 8.130711 20.137768 16.458710 11.742452 16.464436 7.156328 10.558290 10.227356 11.069637 13.799223 15.519615 11.359508 5.054359 11.184161 16.734095 13.398239 9.679688 16.840863 23.762635 18.874715 15.294543 13.574379 12.635501 13.471262 9.838569
1.175367 1.778582 234.2595 234.2595 0.000000 2.352688 5.910744 7.502667 7.075976 3.158926 4.279545 6.220358 2.409696 2.687159 4.993688 5.378116 7.536061 9.760874 6.074492 6.637387 6.148674 2.335273 6.152758 7.508503 4.413549 3.457432 6.909363 5.351123 9.901585 9.349996 7.393264 12.120284 22.669476 17.341557 8.403969 16.574872 15.924446 20.033998 33.754669 24.608580 7.666454 18.638048 10.071137 9.454329 11.909557 8.485815 11.235640 23.185823 31.552203 79.450187 214.860782 303.517247 159.925908 56.695122 27.935644 17.261128 6.369841 13.778159 16.925213 14.081800 5.674694 6.004194 17.933814 28.705438 24.467218 43.481076 82.613578 55.518088 15.358463 23.973138 17.440829 8.951091 4.651801 9.772419 13.408068 12.050986 14.968821 17.931337 24.404281 36.038932 28.394093 26.252710 19.774801 16.844329 20.300603 18.578759 10.697916 8.241185 8.055174 2.935092 7.804305 14.302256 9.079685 9.727587 16.037697 14.176538 13.806460 24.483806 27.762469 18.810418 12.926911 9.799506 8.228204 9.822954
1.228547 1.777082 234.1782 234.1782 0.000000 1.690944 4.350830 0.799948 6.361881 4.577271 1.866699 2.427411 4.866410 4.233515 9.168747 12.658791 10.199832 9.084086 12.154168 7.768460 5.372591 6.568335 2.423364 7.998550 9.002266 5.000862 8.094258 8.520545 9.433354 11.183997 12.025079 19.654396 20.833228 9.715113 7.980803 13.295288 20.014410 29.864343 28.903036 28.352606 25.995170 13.484308 4.599682 9.978461 17.342136 11.841653 8.963296 20.548517 20.811853 45.684621 123.712078 307.813508 236.874550 67.824987 24.442931 24.248506 11.203530 4.415298 10.403214 9.514759 11.506154 11.702126 17.975978 21.486063 16.527891 50.028127 76.904446 49.012050 20.698826 11.351793 10.596703 11.416384 6.529763 12.049920 13.292354 10.280376 19.179932 29.844155 37.876570 40.194659 22.198297 13.218389 15.466523 10.742996 11.468330 12.983772 18.139069 16.641563 9.264443 5.183687 12.063868 18.756389 13.663557 9.461811 9.468175 4.814126 1.646305 14.600709 31.374157 24.622292 8.312646 6.226273 8.790323 5.185514
1.274810 1.774515 233.8492 233.8492 0.000000 1.326221 3.633408 4.408056 6.332995 4.170687 2.233746 5.172085 4.569034 3.588477 10.651912 12.152890 7.289079 7.533704 8.498096 3.903620 3.849290 7.764117 9.352286 6.793321 8.899116 10.495775 8.942261 10.379189 17.135183 19.990705 14.695188 11.281256 15.179697 12.636502 3.461617 4.618399 18.871832 15.998337 15.191278 28.204033 22.823312 5.085499 8.781112 19.602503 8.723543 15.126245 28.578648 24.142119 36.044935 141.122667 298.170635 220.988771 57.169829 46.880980 28.806385 22.875540 15.067004 8.678735 11.116625 17.897713 21.314252 26.604449 20.459627 35.564063 72.532686 49.178219 15.002550 12.583509 18.454420 14.239734 8.609554 20.525309 17.837702 7.644982 21.435325 38.677010 28.511721 17.936120 36.477438 24.281306 14.259001 11.832341 14.096283 7.566818 6.804774 16.528138 14.006162 9.732915 11.302445 16.656632 12.174091 2.952845 5.345301 5.256983 3.594875 13.991942 28.365421 22.494567 11.103695 13.164040 10.053839 4.045981 2.469874 2.413710
1.330026 1.776808 237.2831 237.2831 0.000000 5.246470 0.975702 3.454863 2.195544 6.891766 6.384395 3.755714 5.979724 2.459035 7.585971 7.519383 3.185089 6.711047 4.075695 4.810396 2.739019 5.900731 9.022010 7.777174 8.722333 12.971076 11.551549 16.010827 19.037410 11.598990 11.136922 10.149020 11.191937 14.169066 10.106850 8.599956 14.057832 20.416025 14.709258 9.282907 16.430131 19.269565 18.298039 25.008016 25.496878 24.898161 32.979690 25.169942 18.655870 16.024750 150.631210 308.841320 212.783167 51.089218 17.686426 14.016814 28.246523 29.711975 24.198475 28.002128 21.398830 14.163363 20.540245 15.980611 42.963551 68.802047 37.688805 13.228199 5.862574 19.185109 21.218382 17.296411 26.507425 22.432544 10.710762 28.337677 12.577488 30.553676 40.396904 19.858480 17.855294 12.962281 12.794516 20.784557 15.980986 13.073844 11.600066 5.039657 14.584044 10.497825 7.193247 16.275237 15.706892 14.468441 14.347239 9.982904 8.439773 10.869231 25.065197 26.502954 12.559511 9.627655 9.843938 7.885963
1.381006 1.785078 233.1823 233.1823 0.000000 0.740010 2.463974 1.904073 3.799943 8.493030 10.127781 8.268852 9.172096 6.086999 4.134523 4.366052 4.056312 6.833838 7.053702 3.950863 2.274231 3.042513 3.968045 3.111175 8.571753 13.007077 14.407366 14.935296 13.348477 16.710818 16.929238 12.028070 11.655020 4.313954 4.859721 10.730613 22.539692 8.983923 7.272792 4.857011 13.754173 17.172921 22.281782 21.646083 11.129974 23.632617 19.973085 13.236455 9.165906 92.518099 276.206915 271.880181 89.621437 12.761554 16.202824 24.117127 24.236355 14.188973 22.242368 21.735168 13.962545 12.543187 21.153882 60.879462 45.894293 14.917594 4.922706 7.309744 13.786661 20.169405 7.893876 20.537577 21.536128 19.472736 17.044270 22.427609 45.280740 44.995379 19.402044 6.778494 4.871845 11.473999 14.245905 10.968796 12.179880 12.110224 8.963804 9.190461 9.076075 10.126740 8.085275 14.863442 12.682755 9.311674 2.959352 4.223198 23.298208 39.339236 18.907846 6.865626 7.100691 9.783544 11.000445 10.380429
1.430221 1.778361 236.3379 236.3379 0.000000 2.875369 3.464644 2.692759 3.662141 4.894223 8.533148 10.612804 8.348131 5.225551 2.526874 5.318279 8.709480 12.928048 11.495359 5.834470 2.621266 0.940873 1.588631 3.384475 7.551027 9.069882 7.522952 7.140082 4.287259 10.893523 21.413019 21.690654 10.607910 4.664471 5.558114 6.978168 13.885135 21.447390 24.987616 25.872697 20.156764 13.027536 6.216544 14.090867 21.598897 19.856024 9.519608 8.128990 5.625784 12.849970 132.063965 326.379867 235.405773 40.281656 3.790859 5.281835 9.274820 17.520261 18.074996 13.008898 2.782959 5.471473 17.566793 61.333313 77.784684 24.435374 16.418647 5.889555 3.030767 3.297435 12.828157 18.826042 16.555086 9.125759 8.479863 3.290990 17.477031 46.889051 42.884846 19.213096 5.961553 4.973565 5.048384 9.897059 17.049620 18.239824 11.309514 5.324969 8.055603 10.199397 11.360990 12.390430 11.966269 6.911250 5.663072 5.032290 4.126780 18.037362 36.231373 26.894264 9.627103 5.045607 5.367607 2.770561
1.480030 1.774089 234.9582 234.9582 0.000000 0.597032 4.155418 6.781038 3.516186 2.360472 4.477980 2.766169 5.449460 4.639913 5.921976 8.413127 16.877544 16.562685 7.842493 4.269219 2.556938 0.531859 1.266139 2.048581 5.045135 8.418930 12.389275 17.142103 18.604543 17.291410 16.807558 10.453477 7.486733 4.165873 6.379069 7.542972 9.981910 9.302195 32.842748 53.676113 45.696280 21.384334 5.644272 14.928159 11.468681 11.591344 6.794829 11.366349 8.371249 29.355960 98.460674 308.830257 246.710632 54.585845 13.642829 3.859723 8.224701 8.597867 7.551743 5.602604 7.576938 10.441351 41.747803 93.832787 79.945283 29.869011 10.158813 5.850767 4.085756 5.846670 9.526750 11.104936 9.620837 15.797698 19.645705 28.392713 41.432389 21.124607 14.693249 6.566654 4.689324 3.339604 5.023896 8.287404 12.436173 9.064585 20.898359 24.796316 25.893337 17.216840 5.582184 8.388408 7.189881 7.749414 3.624074 4.449220 8.403174 16.800318 24.970836 29.356285 17.033560 8.568679 3.564472 1.718617
1.532506 1.763623 233.9839 233.9839 0.000000 2.883400 3.807752 8.164202 10.340911 9.734321 8.686086 8.047073 8.370064 6.486463 6.368545 12.240896 11.450586 11.494080 11.401537 7.706330 3.670563 2.154724 2.909479 3.458489 6.864473 7.632660 11.590828 13.446166 15.081771 12.728407 14.010136 15.191838 12.393218 8.397682 9.605757 11.750227 13.714383 17.665259 29.509138 35.640620 53.574142 23.412203 2.841065 10.660610 9.977376 10.646429 13.793477 18.525971 15.580834 32.618191 140.864071 298.005350 206.249863 45.352053 22.478926 19.993895 11.607728 5.190022 8.259211 6.979921 15.131353 40.533757 86.158524 80.544364 47.492123 24.678176 22.166463 17.278285 10.801391 10.323396 13.842802 5.837449 10.669281 23.888636 15.605279 27.458062 38.679781 28.767738 17.871425 9.647722 8.650191 7.484170 10.364504 15.199110 15.426713 13.167287 16.883324 25.518405 19.169773 7.878571 6.444996 4.119858 4.440918 5.283229 4.171558 4.382412 9.039677 15.949206 29.418296 22.431926 9.767142 2.415949 2.376922 3.278506
1.585212 1.763498 233.1785 233.1785 0.000000 1.806868 2.487194 3.020400 9.309096 7.963848 6.125932 6.003740 3.927712 7.717571 11.048511 13.402821 7.771496 4.635814 5.501069 6.723244 4.287596 5.187361 7.736230 6.926002 10.661579 16.970534 12.624731 6.145131 5.542145 14.910412 20.138390 17.346335 10.439131 6.761442 7.376613 10.950550 17.588280 17.009367 10.690151 18.411731 49.262351 39.750356 14.377457 8.007256 7.321427 7.911693 16.167590 23.345159 14.598346 36.233787 177.758558 289.217748 157.699837 33.266508 31.509276 34.004988 23.657297 17.674175 17.188084 11.139059 27.058418 86.962650 97.366931 27.366935 4.257242 28.507253 33.550966 13.719490 2.496477 13.786852 17.944505 17.362080 25.972171 29.617219 17.960034 13.751217 27.843762 29.754051 20.445330 9.048400 6.057416 7.919234 13.417938 17.429589 10.247357 5.886326 14.359843 21.833237 13.608589 7.587973 5.585814 2.018001 5.833818 3.000980 4.664427 4.447103 10.618151 24.743598 34.926419 15.299228 6.173948 0.876418 2.123796 1.308736
1.634737 1.759905 238.6571 238.6571 0.000000 1.083058 1.890555 3.878864 7.891637 7.015125 4.653457 3.790623 3.370081 4.291752 15.365066 13.292472 7.570535 7.869672 5.670351 3.429286 4.682017 8.514123 11.375394 9.527420 11.252076 12.250777 12.018605 13.278715 15.815080 11.513055 10.909025 15.251566 9.957812 7.942614 8.648724 9.690170 14.736468 22.255096 21.405489 31.470411 31.506198 43.648625 32.869156 15.516693 9.386790 2.115352 3.993420 18.619610 25.719907 27.800791 98.386797 262.413314 254.549081 88.487650 26.737525 29.021729 17.035659 12.508568 13.319951 12.361251 25.189032 83.164700 87.506790 31.962447 15.786153 29.534448 28.177870 8.380154 8.169608 10.486666 12.241804 10.950521 27.795271 16.307213 32.933100 32.395898 27.212258 9.692312 18.911823 17.914415 8.224181 5.639517 9.844080 9.731654 16.115891 18.676791 18.631327 17.625358 15.017221 11.481846 8.940367 9.521301 6.544482 6.004626 8.256240 7.489011 7.934129 7.297198 22.118548 28.894903 15.904300 4.772430 2.490623 4.807097
1.685254 1.755833 241.2747 241.2747 0.000000 1.651907 2.899917 4.870512 3.823287 6.063046 2.842292 2.005359 6.349271 13.487997 19.889508 14.144041 7.112742 6.167223 4.338778 6.237421 4.085867 5.321016 5.408953 11.980282 12.565237 5.759130 2.698848 6.960265 11.938442 10.930944 11.876608 15.765296 15.111834 12.092023 11.266052 18.330163 15.505166 15.740135 20.417712 14.365705 9.826426 20.026535 45.879623 46.755268 23.483133 6.872968 5.159960 11.477418 13.574173 18.375941 54.466833 96.119808 298.584212 248.554738 86.209470 32.277196 9.534950 5.813552 8.122472 10.389199 17.310544 39.474794 106.648408 74.466763 29.450491 30.703597 13.044165 20.011553 8.463427 6.848776 5.971517 16.399899 27.179421 27.531958 24.481886 22.880692 15.364542 22.338393 11.851417 18.707156 17.721004 6.974099 7.436795 19.081434 23.649739 14.296224 10.657755 10.479308 4.727794 3.228003 10.258182 19.612850 16.843408 8.123251 6.310658 8.434623 9.065053 5.281863 11.250850 10.500845 19.105972 23.846007 14.265157 8.582972
1.737196 1.760161 240.0628 240.0628 0.000000 2.237211 3.861212 3.243995 3.981822 4.237617 1.192066 2.299154 9.627731 15.944002 13.148363 10.944170 6.651432 3.780277 3.469753 9.052122 11.863531 10.329312 6.233312 7.453822 11.433942 9.902607 10.249420 10.303771 9.361553 9.548433 12.869556 5.965945 6.468953 4.283528 15.115418 26.962274 23.460040 19.305582 15.559668 8.072463 9.715490 12.235302 42.767049 50.169306 13.266429 4.159376 5.297719 4.350941 8.892627 38.852084 100.226309 216.236885 280.281368 128.339082 100.788712 32.431513 19.077813 31.190906 43.895924 61.782832 80.372657 87.934608 63.428378 36.896190 22.363661 23.805221 22.046737 26.455070 23.451312 17.279933 11.578341 22.075900 21.903883 19.610531 22.993081 22.381120 26.797316 23.175579 13.926149 12.343543 12.171225 9.211686 19.626154 21.955762 20.594237 14.737198 9.906110 8.217283 4.208710 2.747259 17.343478 19.785140 10.213284 3.286837 6.298827 3.953712 11.204479 16.636553 24.023515 20.895501 17.477142 13.790843 8.830161 6.348090
1.787681 1.756615 238.5216 238.5216 0.000000 3.967841 5.069827 4.236984 7.484038 6.665608 3.961688 5.478148 10.107270 13.895178 6.792184 5.639497 2.795303 3.155561 5.914662 11.547565 9.274451 7.455774 10.035412 13.562695 17.047385 15.011665 14.311829 13.613577 10.031141 17.131216 13.756671 6.317398 6.977183 9.491768 20.038553 16.121598 15.956353 5.255834 12.180053 4.503039 4.751159 13.183202 41.589819 51.186706 24.682991 16.886223 12.279230 12.540277 26.303382 58.282098 125.655537 236.853263 231.012404 122.159943 67.761323 19.090187 21.230256 43.913783 40.093995 81.034531 112.770102 52.231923 26.040652 19.057763 16.167776 8.122305 27.763086 39.897941 17.652541 18.002234 28.493481 35.620289 22.526913 16.015505 4.934844 17.280238 18.007608 21.405355 9.483788 6.349020 10.115174 13.589856 18.525688 15.049752 16.311789 7.913937 2.428735 4.587744 5.505876 11.336977 12.648245 7.021696 9.072566 11.469268 4.960622 6.668083 15.120038 23.298613 19.849560 14.578815 10.465693 13.087215 9.522273 8.867437
1.840232 1.751164 240.9657 240.9657 0.000000 5.457217 7.247876 6.612955 3.229194 6.860526 9.043358 12.623336 17.724067 15.240481 8.380401 6.747828 3.723834 5.426995 9.282246 15.806552 10.875538 4.195396 5.613423 9.924435 8.989329 8.584499 7.360277 10.597134 11.584816 17.334258 19.576248 11.812022 6.489602 5.474210 12.284369 13.951488 10.496138 11.732996 12.974555 8.189047 3.303709 14.811368 27.529525 27.866620 54.137684 59.331295 37.707605 13.238203 12.513847 21.451470 15.715442 66.351795 285.315734 265.465895 62.393738 18.912435 20.754535 29.276983 9.264212 38.104956 112.999326 107.686108 34.725862 16.237639 8.160719 5.506006 20.047737 39.420519 37.838139 15.733049 12.386961 25.886519 21.844452 12.006573 8.725819 15.899186 10.702645 12.117101 18.759515 13.412801 9.014147 11.128153 18.341427 28.834961 22.981955 10.276243 5.999071 2.829317 2.974670 4.690009 10.710174 8.566343 7.838424 18.511830 20.650196 10.201599 3.655451 5.657507 9.875570 6.011915 10.302605 20.667141 15.095624 4.984328
1.892067 1.765398 239.3192 239.3192 0.000000 5.104289 3.226399 4.963928 3.888802 2.759165 3.823794 10.930673 12.712739 8.895215 2.886732 4.153686 7.854211 14.001038 17.827126 12.351194 8.530594 8.754373 7.181946 5.362457 4.260603 3.753956 8.090098 11.456783 12.838901 18.581830 12.408340 10.033684 8.890668 7.471478 13.658319 10.509267 6.034220 6.521646 15.112828 12.520414 10.778561 19.080794 18.245997 20.557173 45.121250 74.388440 46.391644 15.331792 14.223540 16.213244 27.283270 134.653259 286.108406 188.793493 30.059069 34.713704 24.353170 30.392857 57.357489 108.361926 102.574875 43.307702 13.534900 9.242865 8.919926 14.459145 23.523500 24.696662 34.270540 30.716972 27.929430 23.764693 21.486131 24.892857 20.733391 6.416953 6.307822 13.595789 15.899357 3.521198 12.477450 8.685962 28.529599 28.732987 11.637038 3.524028 3.445625 4.207373 5.943075 8.372695 10.620920 10.088317 13.566603 23.744880 22.358507 10.805345 7.546698 5.487150 1.940154 7.814778 18.505428 13.651618 5.130746 3.355936
1.939924 1.749834 249.3745 249.3745 0.000000 7.784738 6.352662 5.697027 6.843384 6.981831 10.578270 13.627569 4.720832 6.342859 9.338800 7.453667 12.420952 20.436015 16.570063 4.840721 6.337910 10.206342 5.931130 1.814040 5.784248 3.700130 1.515731 10.432709 11.744426 9.006375 16.138464 9.176921 12.563079 15.822160 16.287695 10.968624 2.364593 4.126260 3.831434 16.136432 24.733284 21.521985 11.977773 17.993937 11.638984 20.767467 52.242630 51.553511 16.204664 12.756785 18.615902 31.556564 108.744060 273.636703 222.314498 56.950205 33.477970 48.237465 33.246207 46.411012 119.629195 91.415264 20.231621 7.549073 11.268194 9.558342 22.409115 25.701389 14.442870 16.532566 33.011653 23.513106 15.692324 31.907089 30.810351 18.838207 14.003867 13.387063 13.361737 15.421994 12.987292 12.125496 11.095219 14.997855 18.557089 12.115011 8.280332 4.739087 2.573214 2.964812 3.724909 3.676055 7.631114 6.667959 4.692809 14.787641 22.131407 16.227029 8.319728 3.777459 2.012258 7.723839 17.625285 15.273318
1.991805 1.767249 245.8903 245.8903 0.000000 6.863507 9.733742 3.644134 7.626432 9.260700 15.965809 15.275230 11.056946 6.994519 13.422231 13.797338 6.831329 15.344719 11.947319 5.760804 9.269005 7.861872 2.258628 3.044737 5.004506 5.595609 8.121761 12.340304 13.261643 16.397774 15.950164 16.589597 12.344875 10.559527 14.821199 8.625310 4.625208 8.427843 14.193398 15.383763 13.910210 17.542655 27.468486 25.791086 10.693364 25.112890 53.446464 40.331993 17.770068 16.417169 18.487501 31.684786 213.858701 303.281414 105.027894 35.575907 31.037439 13.564482 67.421866 136.641708 83.865672 11.837478 12.776506 18.061962 13.104897 12.792995 21.315953 18.132334 20.554970 40.600811 33.652324 12.928704 17.392681 17.739555 12.077038 12.169527 16.345843 15.064232 13.788336 13.620845 17.212272 15.004200 14.840630 16.076962 11.137674 8.798020 5.246852 4.189820 4.431145 3.036372 5.003516 11.745030 10.935371 7.557719 13.881364 14.787181 7.724698 9.149057 6.906400 6.382783 4.740295 18.053467 18.782407 10.064619
2.044715 1.763961 242.7614 242.7614 0.000000 2.486035 9.250492 11.596928 10.190495 8.611517 13.152603 6.026055 9.516889 11.802587 16.112988 15.275831 8.531309 9.418844 9.114655 7.911014 12.246651 10.416027 5.711968 5.309618 6.277535 5.131717 9.935088 6.751688 6.617166 9.739140 24.671922 28.769615 14.385643 8.759814 10.012447 8.852260 10.550715 8.531097 5.798146 5.034354 6.881445 16.777525 33.207254 21.388110 8.641866 21.059091 47.636157 60.511440 34.993102 11.007859 11.069657 102.033267 263.635432 226.817235 66.020183 6.679707 17.099882 74.745571 127.948275 73.744958 16.625465 9.764553 15.795551 18.530782 12.735395 1.427703 10.748929 7.585390 47.601100 52.428820 22.015510 7.191664 3.499774 5.119569 9.203613 6.387846 4.678762 5.632298 14.293236 29.894061 28.485436 14.594911 7.930519 7.240556 8.354560 5.520427 3.893015 3.521309 3.560655 10.460308 16.923579 10.805112 3.998081 8.301025 9.097476 17.686316 19.293830 7.861433 3.490754 5.662468 15.526905 24.423597 11.975242 1.539005
2.094790 1.761088 241.7741 241.7741 0.000000 4.097759 6.318940 5.321046 8.736596 12.097284 10.953693 8.068542 5.688109 7.687876 13.807633 15.924630 8.488216 7.322634 6.432965 10.536296 14.323973 11.618585 6.316163 3.706527 4.069608 7.940583 10.941166 4.985105 7.110892 9.460616 24.826050 25.407223 13.651965 8.039328 4.510084 6.891373 5.994497 10.756446 11.416462 7.603123 9.813470 27.759210 27.698086 13.846710 12.095620 15.763607 35.422283 59.810661 50.449230 26.165092 17.733903 95.001079 275.452845 242.535307 65.427357 14.303491 33.354115 117.455548 111.312530 23.666801 9.510183 1.982701 10.421912 21.861216 18.173551 11.680601 8.703658 22.457004 49.608773 37.328738 11.941606 5.751882 10.747545 10.310873 4.644686 2.198043 8.342805 13.001817 24.759842 32.163887 26.427779 14.996221 8.293168 4.212229 11.910583 9.592550 6.142749 7.512968 4.076616 12.007491 13.664409 6.697676 2.219745 5.225571 8.525660 20.218409 19.331950 7.261780 2.998025 5.223321 17.590974 23.159646 9.882851 2.551437
2.145260 1.778718 253.5307 253.5307 0.000000 1.722396 3.336594 1.844519 4.989811 6.087178 2.456369 6.234038 4.277678 8.087501 11.376699 15.760214 8.068176 5.226436 10.679809 15.568550 11.185775 4.487495 5.048649 2.374194 3.175944 4.445712 6.010511 7.866924 13.890995 15.936854 19.935312 14.723322 6.607841 11.621676 9.247103 5.483974 6.469389 9.828033 14.934211 14.641799 13.760008 17.473716 18.362040 29.615366 36.430891 29.708423 18.609861 9.691075 25.657483 46.973719 51.842443 28.908176 31.718599 143.282796 284.438605 203.005363 53.713763 29.641210 84.673516 108.324938 47.147407 5.574503 2.711054 4.492074 10.192739 14.862987 10.678087 11.013399 22.916170 44.805935 41.275538 18.860180 12.166831 14.954459 16.809650 10.599067 5.108741 7.261080 14.000273 17.196962 22.058645 11.278211 18.902002 25.636002 16.259226 7.919261 8.257249 14.520084 13.625202 7.240048 6.724360 12.233544 8.723364 9.558975 10.829029 7.915658 2.820415 11.305742 16.345013 15.541637 11.812732 9.672308 9.603589 16.351123
2.198548 1.774861 247.5997 247.5997 0.000000 5.912177 4.765235 10.997088 11.475514 4.488077 3.417856 4.211563 4.822685 4.770774 4.499724 10.161150 9.104488 5.034456 10.160771 17.741869 12.212898 6.340881 4.604151 5.136346 6.841681 8.082668 10.682046 14.977771 13.257865 8.011662 18.095607 12.399009 2.602988 4.948360 4.496501 5.538746 10.646801 11.068216 9.641882 6.059327 18.787412 26.123148 34.043153 32.133474 19.330404 25.986389 23.907972 12.263673 28.961877 60.725385 45.093302 24.715749 151.837284 277.338705 180.099403 64.693681 92.521218 126.195296 66.044028 17.298861 4.074786 2.399192 1.272815 7.208549 15.025089 14.939034 13.669127 23.609172 56.703428 38.177254 15.615341 7.423647 14.987493 6.773672 9.051628 10.645145 12.346460 9.216597 13.383199 24.470573 25.064273 15.592902 12.185124 11.642553 9.584669 9.723567 11.422394 7.541949 7.497462 11.751469 17.166249 18.164913 15.659475 5.734593 6.571089 11.101882 2.369090 5.147125 13.396529 12.538034 4.042133 9.694421 21.717761 17.878979
2.250057 1.744445 248.2739 248.2739 0.000000 4.710070 13.435721 21.221979 15.499957 6.457946 5.966318 3.630122 3.424136 5.797136 3.772578 6.509099 5.928754 5.097433 14.220487 16.252432 7.382927 2.822185 3.459390 3.053070 3.519341 4.212006 7.226476 9.004823 4.712209 14.893946 24.889073 16.893208 5.480834 2.174597 2.129600 4.233077 4.248776 0.314354 5.567590 9.448649 4.576358 26.184369 27.653987 5.028530 28.971947 34.673103 31.536852 29.446335 30.231193 54.578314 73.378878 60.300947 132.717386 245.855087 148.978666 86.685452 161.625046 123.553060 40.954018 10.031306 4.534746 2.881656 1.696182 3.866474 11.241899 10.180868 9.837102 37.142591 54.139977 15.241564 23.896641 22.374434 13.149257 9.704436 12.971551 11.652380 7.836453 4.563621 14.521133 27.698154 19.768804 6.206348 13.658137 13.189793 10.070569 5.646812 5.544539 8.684887 6.716401 4.977124 11.061144 13.127030 10.058878 13.964660 15.806258 10.283787 4.122824 1.340618 5.029922 10.170448 6.322570 4.150511 13.102983 10.920643
2.300139 1.776241 252.6255 252.6255 0.000000 3.922874 11.210065 21.221932 13.510790 4.031369 10.760437 9.667165 7.973973 11.773356 9.764817 4.904821 7.892883 10.176781 11.120111 15.634325 8.311720 3.670913 4.044973 4.177567 5.981792 6.424394 6.127263 5.901414 10.067462 20.076844 22.543795 16.507309 10.351262 3.423800 2.485612 0.924407 1.583395 2.420693 3.906797 3.566197 8.689506 20.766634 21.027406 16.977870 31.591346 38.651281 22.988824 18.658807 33.584620 24.425982 39.684141 79.755151 59.900920 138.237789 238.250401 149.790786 133.881956 176.351905 91.221913 20.394726 3.501115 1.471177 1.381099 2.218772 2.795245 4.694823 13.069971 17.489823 25.570085 50.905565 36.557127 15.072841 18.222002 9.784822 11.546293 15.260156 6.249138 9.317016 8.523505 8.721571 15.581255 23.323072 24.227648 13.183963 8.726382 6.437412 4.113060 8.133739 3.520277 7.863907 9.671868 4.076893 10.202439 9.683294 14.301604 16.026988 9.530541 10.431842 6.246252 6.511002 4.506892 9.963273 11.438295 8.249294
2.351878 1.703859 254.3034 254.3034 0.000000 11.557257 12.183653 10.980215 5.403344 9.447187 10.560023 7.501532 10.002612 11.292766 8.156739 9.382377 14.947003 13.592246 6.610403 13.369787 11.414614 4.222637 5.400749 7.005550 6.354894 5.872417 9.851771 3.979633 14.960634 26.680849 17.368841 5.675671 10.900803 9.137096 4.551718 2.952150 6.578012 6.597315 2.726404 7.606792 7.891860 13.908051 30.356528 31.498944 36.414865 28.121099 11.036429 19.219636 19.980663 27.387875 34.636457 50.421572 68.453982 104.042019 153.412811 243.987171 201.821927 199.301330 114.481304 19.963453 5.419641 1.945574 0.939803 0.920402 2.683821 3.499863 7.087752 16.759742 25.590854 42.635241 51.815941 28.003106 10.555914 9.199479 12.789521 10.752210 9.922214 10.676396 7.249005 10.569881 11.449917 11.839899 21.601209 23.444943 13.964681 5.559199 4.040472 7.155656 5.384576 7.382671 7.202492 6.628161 8.297395 5.876800 9.062710 14.804661 10.802115 9.787598 12.526616 8.208825 9.506543 8.795356 9.593386 14.829349
2.399813 1.707995 259.4686 259.4686 0.000000 13.612485 10.698337 8.113838 12.405542 12.024208 5.386803 1.870093 2.328347 5.548994 0.567849 2.316042 14.973972 13.304278 6.931763 5.839367 9.098404 7.966898 7.667747 3.237142 9.561253 12.101848 17.102229 13.963822 15.584998 19.770330 12.939463 7.979124 2.312445 6.438268 6.031406 10.388804 16.194285 17.379540 13.422054 9.324062 7.488204 16.279814 21.863046 22.465633 24.229967 21.832182 26.389054 28.053779 36.763798 51.524276 70.871127 92.266485 118.851319 143.045829 154.683270 158.381387 214.460785 149.192663 69.055508 38.619435 6.623929 4.648341 1.926945 0.951093 2.940813 5.202013 7.060973 11.687660 20.619724 34.007501 39.459388 27.464863 7.362809 18.120541 20.819343 16.566797 10.163156 5.848376 6.611596 8.105145 8.325838 12.253856 14.264829 14.489137 15.741267 15.262128 14.029665 10.669722 5.452892 5.862548 8.831242 9.853563 9.025554 7.743771 12.897853 17.091479 12.520133 9.011648 16.531604 20.363553 23.175040 23.040522 19.889754 15.579460
2.449993 1.809886 255.4999 255.4999 0.000000 15.518978 12.313646 7.597186 10.711301 8.708792 4.966085 3.059420 3.123148 4.008564 2.633287 5.957977 14.693279 15.828834 11.189566 8.813795 8.140452 9.774040 8.978975 9.944272 11.858010 14.054278 14.024593 9.232761 9.781261 13.752154 12.872189 11.495273 6.818565 2.260258 6.290295 10.987855 14.742082 13.166916 9.447263 5.840718 7.867661 19.359180 25.393202 25.843933 22.512008 19.651215 21.367685 26.214381 41.944436 59.370371 82.674607 100.234970 127.615622 133.311653 143.343343 240.655705 184.961930 68.051324 22.618697 12.362383 3.497210 2.333762 1.720895 1.752201 5.242500 5.901489 11.693432 21.678389 31.487581 39.346393 37.042337 18.919018 19.642784 19.934474 15.799940 8.671810 5.247047 7.420071 8.447595 13.092379 17.164727 15.921352 10.912213 11.134380 12.500527 12.201373 7.260260 3.240099 5.750314 8.606501 10.740548 10.405413 12.391249 5.931508 17.077080 15.755730 6.635563 12.798781 17.013422 19.666465 17.307430 13.716131 4.787575 2.947361
2.504706 1.832893 252.3699 252.3699 0.000000 12.014369 5.250210 1.616130 3.820485 2.876410 1.089374 1.984162 1.561670 3.317732 3.667848 5.720718 10.725705 21.105208 19.631569 7.756440 4.571318 4.370760 4.451160 5.767077 4.217266 6.674466 4.898358 11.549598 18.436267 11.004435 18.017998 19.975388 9.835584 6.770521 8.182872 3.680372 8.496778 5.108656 8.668794 11.304306 16.620268 38.776881 38.906112 19.928895 20.048209 12.045987 8.480967 9.471819 10.307921 12.463138 14.048051 18.285872 23.510774 94.412354 286.701896 314.375986 123.447209 29.049100 12.684762 8.655701 7.779402 7.697788 7.309512 9.170239 7.952474 16.586529 18.019294 34.212780 68.804232 46.932267 8.952652 12.247011 7.815984 8.036764 7.640200 5.224948 8.956590 8.828250 16.188801 20.275163 16.573427 21.115888 18.076755 9.188426 7.851328 4.782987 5.327523 5.297278 4.475330 6.844499 4.780105 14.231916 21.932985 14.549221 9.059947 9.316203 5.054082 2.903082 4.657688 1.566338 4.543514 1.963195 2.603436 3.512537
2.557451 1.868883 253.2782 253.2782 0.000000 10.169463 4.632134 2.575532 0.559897 1.938199 1.353371 1.251067 1.801661 2.566863 3.285762 6.920114 14.899035 22.510128 16.338206 6.742675 4.089279 3.439332 3.538080 3.314993 3.730845 4.480959 5.390621 8.028848 16.587469 19.559676 23.019705 16.802678 9.661524 6.575509 5.337119 5.559362 5.163582 5.228785 6.728927 8.295585 12.183736 34.839679 49.730069 26.364464 17.570448 10.783819 7.280647 7.263515 6.117343 5.916362 7.170264 6.937623 10.899910 51.877106 220.699033 348.621241 195.070921 37.579572 12.496801 8.424355 6.805614 6.692433 6.338456 7.158782 8.708687 9.518755 19.305648 42.660674 73.364349 42.366211 14.070423 8.306512 6.504427 6.449457 4.869842 6.183776 6.112783 7.040311 11.135246 17.375978 23.316334 25.935195 20.273940 8.605627 6.415793 4.841708 4.539599 3.921373 4.098891 4.469645 5.438852 8.491432 18.120972 21.057134 14.482799 8.629037 4.701057 3.231468 2.625925 2.123741 1.896731 1.891998 1.734704 0.818203
2.605231 1.823583 257.3002 257.3002 0.000000 10.660310 6.926498 3.165647 1.721528 5.242246 6.093916 6.995988 6.702888 5.389996 6.646078 10.542096 18.225837 20.647430 10.724523 2.627490 1.428105 1.332280 3.367972 5.038036 4.770322 4.638928 4.038526 3.303531 13.414652 26.858992 19.633736 8.110134 3.338166 3.989324 3.408538 1.816758 3.298213 3.134259 2.203458 3.764620 9.086423 28.317042 43.993146 31.132499 7.808692 2.719668 4.881256 11.349047 18.997594 28.354249 37.726340 46.102056 51.100806 85.329660 227.246812 301.983606 176.857916 42.978345 11.152261 10.602257 8.952446 7.144988 5.719160 5.549990 5.576195 5.098107 22.461427 59.026974 56.533132 24.012132 6.603500 5.630591 5.277723 4.868937 6.127560 7.838870 7.805902 8.763271 8.439902 15.544728 31.130906 25.421969 9.141729 5.362256 6.361327 6.916695 6.304420 5.958924 6.590699 5.849330 3.975568 2.146672 15.156980 23.182637 10.652275 4.003274 2.958007 3.087021 4.190600 3.165325 2.138330 2.055929 2.382219 5.983069
2.660059 1.775982 250.9518 250.9518 0.000000 6.990482 3.490528 7.279623 8.351242 9.952411 12.248946 13.827681 14.461375 13.081019 9.448293 3.796856 8.080213 10.663404 17.563412 8.527625 3.168674 3.644453 6.640011 9.298578 10.040263 8.805218 6.444825 4.180039 10.188504 21.240140 13.265203 3.867463 4.745297 4.659991 4.997296 3.991651 3.773405 4.760922 4.087738 3.626267 12.289526 15.749667 20.949989 27.064681 11.281373 8.034986 8.907582 15.868229 30.529242 48.585980 68.485171 87.683471 99.378908 122.367487 211.533660 106.175147 198.260802 163.897031 21.125908 26.375468 24.406317 16.812701 12.102996 8.540218 5.258933 7.757488 12.661840 14.200888 44.956773 25.190395 24.278614 19.597442 11.176313 6.566693 3.410341 8.552727 14.084262 16.692498 17.172188 16.288809 12.789457 20.600036 28.245438 14.719343 10.007158 12.803837 13.401203 12.173590 10.221798 9.210442 9.486803 10.071996 11.178353 15.400877 11.075238 11.553418 10.006533 9.790310 9.529223 8.857144 7.029669 4.409698 1.190991 3.993481
2.710063 1.732055 250.2925 250.2925 0.000000 7.534887 7.072004 10.781335 8.972485 5.596543 9.161916 7.381640 9.773891 8.092628 7.133220 7.201596 13.843987 19.301947 12.182230 6.276673 4.798064 3.941523 7.403383 4.255671 6.912664 4.754815 4.310945 5.224418 13.543107 24.288039 17.996998 11.874545 7.495013 4.374958 5.452190 2.913246 2.752405 4.886500 5.161701 9.113292 23.187175 31.573631 32.262781 23.477698 11.976351 10.797338 13.109160 20.304986 32.809826 36.421044 56.982097 45.121568 60.498590 158.809107 270.658709 253.402687 142.958094 45.676001 21.037025 24.412215 4.415741 8.037543 4.093568 4.945359 9.187019 24.770895 42.586665 48.731273 42.563976 18.743965 11.421929 6.843329 2.926487 6.721230 7.496174 8.626748 11.617402 5.631291 15.267782 23.552011 27.242477 18.691568 10.692644 12.522451 8.120564 9.463786 4.391799 5.872017 5.082838 5.456959 11.081231 15.895517 13.484285 15.402790 11.761561 7.895096 5.463982 6.773837 2.615942 5.245262 6.443035 4.056232 7.299245 9.649234
2.760057 1.749843 259.1934 259.1934 0.000000 7.141454 4.638486 7.894357 8.148854 13.361031 13.940271 12.627582 10.927256 11.120141 11.698181 10.291292 14.612006 9.467526 18.927132 14.738214 6.553632 5.284440 4.883100 4.203138 5.406796 5.303392 5.878069 7.923025 7.848707 8.750803 20.761884 12.876492 13.202969 14.894687 8.718603 10.095326 7.369381 2.974622 3.487300 4.364939 9.573741 25.210566 32.885316 14.602550 30.574421 25.011007 14.242777 13.962963 13.059383 18.825165 23.772618 22.354366 16.744932 11.599195 34.488599 174.622442 305.302791 178.979448 54.611101 83.698918 45.688511 27.027539 22.028703 12.788361 6.550387 7.794956 14.312329 30.381486 35.165274 28.714041 45.826681 36.845658 13.466986 8.050435 5.490846 5.171246 5.199018 4.581079 6.411667 8.499133 6.270449 8.999136 15.106238 13.414146 20.336810 24.842530 18.914111 15.186917 13.780168 10.768154 6.983845 5.840005 3.762265 7.639222 9.866752 11.135085 17.017548 13.039253 6.887563 3.918974 2.480362 4.232624 6.032910 6.010503
2.813354 1.774095 253.3700 253.3700 0.000000 8.390038 9.382588 10.943775 11.507445 10.539839 9.421901 7.083308 7.146296 7.605253 12.479845 9.508901 8.326110 13.866550 18.829192 10.088798 1.994285 3.504073 3.509731 3.934683 3.327125 2.806801 3.157420 6.783063 11.422545 9.796383 18.143371 24.381027 19.226728 6.511750 11.540062 11.651971 4.167666 3.874099 4.219932 7.606295 14.491769 42.853450 37.410436 22.376457 13.023054 7.163361 14.290510 13.410776 17.830820 22.876955 10.289605 5.673114 10.280245 48.574295 197.165811 292.933053 154.965444 64.294035 76.917136 45.763780 28.718647 28.617644 19.091421 16.100901 10.236250 19.576583 21.968827 30.780986 55.565530 48.688391 9.191195 7.443009 2.789468 2.356996 4.141157 1.138605 2.786150 3.258069 9.863597 12.867174 9.425051 13.056257 23.206168 18.443362 9.880560 6.832700 7.646114 10.239386 7.120157 7.186968 10.099223 15.052423 21.750801 19.642592 9.264226 9.225997 8.919052 4.365578 3.194361 5.931289 4.621108 1.948553 6.001971 4.012077
2.860070 1.761626 252.6217 252.6217 0.000000 8.564224 6.328552 16.793910 18.978386 10.299979 6.593255 3.093275 3.743981 7.146963 8.070222 4.463166 5.293767 14.901720 19.437454 8.477859 1.570222 3.410395 3.543775 3.565458 2.321945 3.309954 5.230737 9.701691 10.663254 6.549706 14.706391 28.739404 16.306843 8.027506 12.889418 11.010845 3.443380 5.717819 8.728072 4.696435 21.791740 43.920866 27.902408 5.274401 6.307921 7.005832 11.565962 18.704790 16.185768 11.415437 6.073384 2.800086 6.476059 55.912142 228.172918 281.639156 110.483846 35.409447 72.105873 67.308084 19.266076 17.016100 27.216132 31.200803 23.826767 21.758966 6.626782 9.849790 58.110828 44.496423 7.179278 5.120030 2.033835 1.905581 5.093793 5.187175 3.443760 6.305495 13.740873 13.590432 10.405792 17.626522 20.381606 11.824841 6.201828 6.071875 6.390069 4.959781 4.407979 9.558923 6.182814 16.359139 25.059768 14.907466 7.880535 8.242139 4.859200 1.860388 4.486564 4.717221 4.143625 3.611205 6.034446 5.612922
2.914671 1.734146 262.4124 262.4124 0.000000 9.255272 6.607674 9.689818 13.404001 15.953502 9.426869 0.942603 1.894334 7.553486 6.846726 5.992368 10.779227 14.625604 14.740985 12.669498 8.344917 9.863554 10.748266 10.338886 10.846099 6.871982 3.303637 8.386596 8.427085 8.103440 7.088055 14.704307 20.479079 19.723526 12.096262 7.425141 9.576331 5.500225 10.071785 15.791487 17.363210 21.797780 31.126065 30.143150 20.276185 18.830947 16.945392 19.788345 17.992848 14.693047 14.629434 15.883801 12.900272 10.060802 50.392285 214.119687 296.901326 146.081535 35.172561 40.349720 55.638142 44.311186 18.611319 19.403410 29.003806 18.389811 25.366543 34.378949 38.332983 50.717062 35.872116 14.344698 14.357295 15.358520 11.775730 13.203895 10.068006 2.473168 8.617038 15.200208 14.097233 3.498766 9.864053 11.141193 14.162216 15.751670 14.488188 5.797345 7.013515 9.464503 11.138703 17.766052 19.340538 15.293910 13.558140 6.766294 4.489639 4.208283 2.270861 4.931135 5.024317 5.428995 8.181847 6.871079
2.965271 1.763761 257.6439 257.6439 0.000000 9.606026 3.839321 1.640102 2.512342 10.089047 8.106093 3.380948 4.804390 11.851615 15.265557 12.944075 8.604001 6.522397 9.355075 12.304072 9.933296 8.359753 9.790745 12.123943 14.684929 13.800725 12.360309 7.272832 5.655055 4.413332 7.271028 6.842338 9.117589 20.569960 16.497727 15.230037 13.597820 8.919031 12.520337 18.543624 18.253514 24.349701 27.705556 11.236234 15.455316 28.939245 22.519113 13.783431 22.572568 26.012370 30.439801 24.311023 13.667035 20.416142 133.312976 296.332921 227.772942 71.587669 17.261108 18.185001 35.537401 20.748133 18.594719 19.112826 15.491565 47.029102 48.810706 16.948395 25.347320 34.902073 27.305251 30.824970 22.965421 17.435656 15.240429 12.792592 6.606996 10.832763 11.473336 10.221123 17.856998 14.520167 9.805603 8.765300 13.590390 11.765251 11.360460 16.786265 16.338680 15.569364 17.013287 11.441612 8.807267 11.566012 6.914111 4.738389 7.416777 8.643416 3.800008 6.165713 7.342629 4.409790 7.496573 4.087448
3.014710 1.752227 264.1974 264.1974 0.000000 8.995597 8.485611 7.517858 10.384480 11.994850 5.249402 3.237115 1.287077 12.927687 22.152674 9.449709 7.505329 10.549248 14.532538 15.589066 12.477440 8.765632 6.557699 2.374580 6.552463 9.258666 7.898464 13.051647 11.024026 3.854157 2.105431 4.058046 4.694495 13.707792 15.593174 7.155105 10.993317 9.700063 10.413499 11.693532 8.693975 19.906906 16.333374 24.279957 14.547644 15.633604 28.290409 21.557848 13.895212 15.049382 8.117343 21.669253 18.878592 17.887261 11.166031 61.489229 236.738026 308.436695 133.896612 18.280375 13.818883 22.860970 38.385616 31.876346 17.818130 13.260516 34.610790 56.065339 40.824644 18.425053 22.238989 31.797734 27.999950 16.474156 5.919233 11.457521 9.253723 13.067233 15.219873 18.907415 19.029345 17.029049 17.592364 19.602711 13.586869 7.675394 10.087592 8.426144 10.501187 15.726668 12.720265 10.337175 5.713602 5.607611 7.580803 8.559126 8.637114 4.042093 6.002262 10.248450 8.049679 3.861394 5.722837 7.743757
3.065153 1.745514 258.0540 258.0540 0.000000 4.178194 5.383173 11.071381 9.163299 6.233475 11.336853 6.411138 3.894998 15.500171 21.632079 14.037926 7.543827 10.491002 9.043184 5.029069 7.779702 10.015405 6.323651 4.026792 5.657331 5.150893 4.567595 7.159357 10.527724 9.012095 8.482902 11.520297 8.639784 8.482969 14.222700 9.696810 3.204892 12.933980 30.109516 30.479822 20.337681 18.267279 28.719519 22.098563 14.412034 21.880520 12.530244 6.674369 19.588566 25.790612 13.963529 6.988826 14.409083 12.933936 100.667066 280.579422 246.903326 71.358291 15.186939 15.988831 23.165228 42.179184 31.562931 11.737887 12.152635 45.557874 48.235147 17.265099 34.159144 30.341001 5.146950 13.928000 27.008292 23.339975 10.399517 4.404032 9.307783 17.272771 11.647158 9.335085 9.567723 13.044006 16.295362 8.925400 6.373615 14.336182 11.298136 5.043290 7.741615 14.997414 19.236798 15.855537 13.449364 13.751205 9.316306 4.923855 7.776217 10.713729 7.019688 4.031636 7.940568 10.555135 6.134884 4.963708
3.120054 1.763811 257.2990 257.2990 0.000000 5.792646 5.851580 3.919595 4.332268 5.586655 15.197550 17.943670 10.510846 7.260373 16.356659 14.174584 8.000806 7.988267 8.581508 8.696740 10.012162 9.032871 5.036413 3.555242 7.644829 7.598320 7.416499 10.842371 14.362216 8.255300 4.307685 10.465344 15.080697 10.479352 7.383614 11.921061 5.102988 18.590239 31.611312 29.600568 14.442268 27.884422 21.626667 11.166480 11.087999 14.922542 12.812958 13.338711 28.296634 32.409261 13.975490 5.627164 12.923985 24.380037 129.324576 295.582035 222.459980 64.944091 19.388144 7.366460 9.200278 31.282545 43.749079 21.700657 9.246770 43.354542 37.315440 23.163732 27.274464 28.982843 22.908598 24.875781 31.945303 17.823484 7.757045 6.714572 9.182108 7.770480 13.186032 17.252230 9.965368 6.376944 12.325875 13.094036 12.987494 12.778234 12.493308 8.780780 9.792499 17.181716 18.513349 9.054258 13.437654 14.707056 4.145482 8.493738 7.902582 5.663496 2.654063 2.402557 5.095927 5.798127 4.965137 6.631202
3.170028 1.740298 257.8729 257.8729 0.000000 7.644878 5.114524 1.781197 1.560938 3.429552 15.331043 20.174612 13.962989 7.681920 7.065815 7.336168 6.209190 5.299323 5.837716 10.921059 12.217108 6.770630 3.236766 3.477821 6.884944 11.380546 14.166492 15.567534 11.178295 5.371375 5.762128 6.783146 19.201896 17.484055 14.134256 15.581254 4.890106 14.414534 11.695330 12.811687 26.944000 39.746235 28.945731 14.266062 4.920375 8.225507 5.989408 12.563853 31.871881 30.653622 11.572446 4.292950 7.181588 16.543536 63.086423 226.645619 291.058849 139.217209 27.534339 10.617586 7.866406 13.887165 39.131457 41.282440 34.486279 26.452765 14.902477 14.319524 11.724331 6.880810 36.590147 47.342082 20.209657 4.894716 7.293684 7.097489 4.893438 10.531732 19.381351 23.355830 12.938043 4.336571 5.477620 8.161426 16.225670 10.428677 8.100481 8.180281 7.007627 8.919634 4.869242 8.687737 19.147701 22.009575 15.653644 7.252986 4.165960 2.836388 3.918965 5.238793 4.801157 3.394072 3.802382 3.722920
3.220068 1.765846 269.1193 269.1193 0.000000 6.820480 7.784974 2.581278 1.414262 4.644210 12.148542 9.619563 11.944218 11.747633 9.051447 9.397544 12.603445 12.507481 11.641284 7.592122 2.448064 8.809955 9.606469 6.729807 5.804294 5.264692 4.978327 8.248109 5.540526 7.497519 10.935274 14.659736 16.412090 16.569313 11.017601 8.771618 13.920563 14.356714 11.798648 6.231558 6.142721 12.662698 33.369048 37.630463 26.372096 16.389943 13.456549 13.594150 18.375878 29.670364 26.428881 13.237721 8.824965 6.747812 14.785461 30.883058 110.655522 299.189453 250.901129 74.848749 17.313514 9.365247 11.399365 28.995544 28.166664 17.544028 34.058812 16.660348 15.605506 21.938452 28.666411 37.788560 42.453750 29.716038 10.182564 3.412658 4.617655 2.211032 3.021807 9.911227 16.125131 12.625996 10.200603 17.129058 21.314916 21.868153 19.720462 13.600969 6.433885 6.006569 9.765499 8.970613 5.269186 8.252449 13.825436 16.737163 17.014936 12.972828 8.444057 6.011797 5.583884 4.570639 7.115123 9.160250
3.270054 1.759776 258.0994 258.0994 0.000000 6.194596 4.977606 4.086936 3.244391 2.976927 8.776233 13.760925 19.228600 25.597147 22.082930 12.263458 7.598472 9.611859 6.595834 3.817195 5.592810 5.992047 8.596845 5.396129 3.597060 3.734456 2.274343 1.698575 3.146463 13.075109 16.700843 6.387855 6.405302 5.396274 6.872517 5.209196 11.051649 15.334529 2.644042 2.616870 10.626003 18.673078 11.504457 20.835658 12.294939 16.448746 15.545966 17.487657 19.232810 10.493865 16.795682 8.810636 12.498630 21.655293 48.345341 190.516807 301.798168 156.643359 41.289954 24.155228 14.308373 14.345429 34.682810 45.517583 50.060105 52.075729 42.467765 22.053739 17.190979 28.823825 14.408979 24.594033 12.637680 13.145150 13.668991 6.183954 5.308021 6.633012 4.010911 5.784199 11.872617 23.607940 29.573566 16.608032 8.215860 7.294463 7.204315 4.835831 7.686837 13.645913 9.170970 6.430348 4.211940 4.304816 4.796120 5.723459 4.548036 8.535827 9.425781 8.049406 9.405590 6.368659 2.799501 3.544422
3.320097 1.751948 262.5188 262.5188 0.000000 4.581671 2.114456 3.497582 5.670721 7.701725 6.903096 6.993039 10.855154 21.843353 21.758482 7.275552 3.335402 6.012857 10.295341 9.882159 9.114218 8.939574 10.130568 9.587832 6.118133 4.484091 4.993313 5.818549 7.829744 13.665332 15.206780 12.553351 12.763470 12.704745 6.553909 6.940502 19.797490 29.372728 21.125504 15.333386 13.224730 9.880270 12.410606 8.901923 9.794969 22.081529 34.665736 38.462991 28.895106 10.772695 8.926429 21.605455 23.155017 13.712716 32.069678 175.172849 299.686814 179.785447 39.110626 16.954497 26.418741 37.203739 27.743164 29.027012 23.582547 37.386238 46.239788 21.392688 12.214608 7.733455 29.376365 32.136563 24.226065 19.662908 21.387982 22.137249 15.257601 6.041149 7.608896 6.768124 10.734598 20.902337 19.304948 12.077339 7.906694 8.040295 4.563769 5.221178 14.191764 20.984449 14.656502 10.717608 7.310295 3.443137 4.459124 3.340939 3.823617 7.912116 7.223602 5.215280 4.625716 3.647212 0.803911 2.990299
3.374749 1.751158 262.7079 262.7079 0.000000 3.344074 2.303032 2.987781 6.322458 10.989973 4.300873 2.758930 8.143611 18.427645 19.193725 8.694503 8.211519 11.884882 13.712761 7.717239 6.427993 7.607667 8.416896 15.400372 13.054242 6.068231 8.332617 10.683517 7.918940 5.177150 8.392276 4.415814 13.857862 18.413656 14.133328 4.897684 21.765529 32.012692 24.774766 7.090210 17.036699 17.561288 22.782034 12.936458 9.295472 12.664459 42.159174 41.937590 23.439871 14.877025 15.950679 21.103675 19.372855 11.888718 9.801786 113.751822 284.208972 230.789107 67.138326 12.587468 21.254731 39.660147 27.659064 14.029229 19.017241 33.183649 34.924087 3.660509 15.471863 17.575130 37.011118 37.670812 3.777480 16.641679 8.596801 23.198494 26.089010 17.495491 11.065859 12.400610 14.459982 9.896309 7.615015 6.890938 4.742406 10.224113 14.633817 10.587470 11.419741 19.252530 18.778679 10.851844 6.606258 6.998258 9.667938 7.182766 5.485888 2.526630 3.734460 2.861479 3.057222 3.195062 2.632230 5.674072
3.425141 1.745114 258.4388 258.4388 0.000000 2.702998 0.885352 3.272478 11.882510 17.362974 14.089770 9.105860 7.873882 13.156226 16.381668 8.749916 6.439076 7.295783 9.566022 8.634691 11.625817 12.510954 4.914769 18.916373 17.502282 10.549555 10.890611 3.101238 3.525476 3.738963 10.303224 10.825962 7.490283 12.822541 10.489622 13.921746 19.068688 12.917551 17.782409 26.775623 31.819346 28.718865 15.873605 7.677485 21.529839 45.105429 25.396273 7.621621 4.301402 8.588315 7.946354 9.194066 7.539699 21.636863 94.038416 262.594558 259.358654 90.296717 16.183956 19.387586 37.232456 32.459501 18.235506 10.623601 19.945330 34.054580 25.402825 3.312717 14.010750 24.740362 41.869402 27.477534 19.076111 12.724843 7.476827 20.001495 12.092509 7.024762 8.172692 10.880745 12.368511 7.994294 5.088076 4.944004 12.051437 16.077754 17.799645 21.345964 10.341405 8.683279 10.450007 9.249043 12.972468 11.673531 6.182383 5.682643 8.316399 9.265360 6.239904 2.675890 1.646881 5.783255 9.326291 5.582105
3.474979 1.750868 266.7562 266.7562 0.000000 5.754241 1.783819 4.529193 10.243337 11.756502 13.120221 11.008328 6.838484 5.219652 12.202178 19.157314 15.731384 10.905170 8.010513 7.559483 5.817063 9.329302 12.408528 17.993724 19.451171 11.348701 13.167075 11.040360 5.188726 3.600333 6.490431 11.581498 10.938406 10.103035 12.212974 12.021080 12.842506 12.507041 15.961759 21.977826 20.962132 17.958335 13.909050 11.601181 8.263849 21.313166 41.560320 31.945097 11.310390 9.730351 14.323968 12.165796 7.792080 9.203081 10.805889 33.575008 87.516608 275.835359 279.131706 117.510046 39.608806 12.849223 21.097497 27.778141 20.946929 21.458327 18.447883 11.503866 33.561034 40.876449 41.111286 32.943372 22.377752 20.398756 7.365909 11.831051 15.874697 18.309167 8.097971 11.596561 12.262896 11.423896 14.281793 5.027237 3.114904 5.546081 7.696882 6.054219 6.396861 18.629842 17.156347 9.252523 9.781885 7.032405 5.853901 5.894968 7.767685 4.304255 5.322431 10.551220 10.555750 5.581996 2.826294 5.955642
3.528580 1.762882 262.6504 262.6504 0.000000 7.756010 10.106896 12.289748 7.712328 5.935499 4.874329 6.464197 10.284601 12.863958 12.077229 12.470433 18.861986 9.594846 4.770343 6.924579 7.818279 7.535273 8.708349 13.916674 17.689042 17.223773 12.737376 7.193296 7.524613 7.209085 8.694491 3.980543 4.081059 4.231244 15.076901 21.823015 11.039947 3.487145 16.179555 20.905941 19.668917 21.342149 12.361478 7.934134 19.191663 37.310997 28.039298 10.396811 7.184992 14.152509 15.180583 7.542003 4.494095 6.205705 27.517708 65.089691 219.711479 297.975709 155.945473 48.756438 17.004673 21.396062 17.204706 10.401938 20.283393 15.536581 17.379030 12.644456 44.412453 49.693118 25.200761 18.308392 27.137937 17.021026 10.252730 9.476999 10.864570 19.600915 15.905339 9.283131 17.744268 18.109736 7.944368 5.342900 6.673161 3.797952 4.276368 13.584524 18.857196 11.976614 5.869222 5.216487 6.751259 9.371134 11.588848 7.951333 3.603524 5.635980 5.273211 3.693399 7.231154 9.542385 14.341776 12.352766
3.576564 1.761585 267.3274 267.3274 0.000000 8.578442 15.551987 12.387618 9.642437 5.009859 3.954541 6.266985 5.732340 11.980072 15.835045 15.294843 15.949066 12.353022 8.291374 9.517536 14.840653 13.423689 7.500916 5.118530 9.749473 12.723956 9.847987 9.272452 13.141067 14.013573 5.751398 7.366926 9.135940 7.525643 4.954277 19.181875 20.834676 11.117430 12.857745 10.587022 31.097094 30.653437 16.024806 13.532133 32.837727 43.303046 23.262661 12.336998 15.015909 18.039172 10.850437 3.290977 7.925545 17.372683 42.477300 90.415418 213.473325 283.736649 150.206140 91.019932 46.686118 26.540877 10.843517 10.860254 16.917547 14.248930 31.213899 37.589053 41.190662 16.940409 9.919280 18.903140 28.857747 26.854499 20.039807 9.688750 5.718698 17.510101 14.535940 12.200077 19.838023 16.415254 6.239891 6.884739 14.197745 11.685013 8.797092 10.814914 13.780105 13.289367 8.613554 8.515956 8.223274 8.866816 14.736314 7.833355 2.338901 1.776474 3.156478 2.398570 5.525252 5.289917 9.191433 9.076592
3.630110 1.762013 269.0006 269.0006 0.000000 10.736322 15.598584 5.473081 7.280928 5.115324 1.963999 3.084155 7.361300 11.333912 11.881525 7.560010 7.431247 5.025751 7.904699 9.675389 12.565685 12.853186 8.432490 3.452836 4.551661 4.081774 3.210620 8.778957 11.399226 8.901050 15.238096 23.106030 22.791787 11.749650 8.329509 15.630806 16.410592 11.449532 5.096236 8.357269 26.027652 30.952119 9.031462 16.716421 35.148094 53.904555 17.536658 19.525889 25.929655 21.667076 19.895051 14.895885 10.358479 16.727439 25.890604 30.007097 60.776322 193.977709 304.622902 177.149317 50.597285 18.841723 20.310985 17.121717 11.319100 19.457559 36.105440 50.309779 45.235347 18.400374 6.867086 9.099913 11.264718 11.546225 12.806213 17.962938 13.052793 13.451272 15.922880 12.568819 10.361763 11.962318 9.322025 8.936020 22.118155 29.126514 14.246884 4.939536 4.631929 7.232455 5.061033 4.189877 9.295393 11.901497 15.136387 14.019258 5.492485 2.649212 1.957608 1.045031 3.525240 5.617234 6.180631 7.284161
3.680092 1.759535 268.2532 268.2532 0.000000 13.001816 11.320696 7.608383 5.925283 3.447959 2.306142 2.644261 2.885543 3.838936 4.345738 7.066688 13.479587 19.049417 19.391645 13.803715 7.667713 6.791636 6.068056 6.592402 6.620739 4.230425 7.432865 13.434132 10.829395 10.691430 12.376721 24.038696 29.155073 14.939153 15.563871 12.571154 3.444153 2.423488 2.381782 12.094839 15.329068 22.779635 15.679499 35.477398 54.135540 34.132602 27.993321 22.503581 12.321367 8.708187 12.166948 17.405291 13.736294 11.489522 10.589761 22.585580 86.182083 247.081776 270.722788 104.486334 20.171880 17.945273 21.268438 16.928384 15.594683 15.390001 16.899549 20.981813 35.582669 43.783359 35.227304 21.769415 10.962860 12.901789 14.885345 11.098322 10.370829 5.549764 13.090884 11.516203 11.657587 13.911944 13.699380 10.299918 17.796802 30.491658 20.474904 7.501322 7.840176 5.688560 2.070365 2.413331 5.729323 10.505336 11.758682 10.533851 4.926232 3.067186 3.059896 4.881378 7.730819 5.641508 3.449373 4.381464
3.732417 1.752388 268.0116 268.0116 0.000000 10.441195 1.541086 4.216300 4.563261 6.793244 5.759437 3.306823 3.010330 3.931939 6.466850 11.523319 16.550356 18.021855 17.759759 12.873256 7.124408 4.260353 6.484421 9.275035 8.517663 5.982693 6.874582 12.631605 11.626508 14.560714 12.534700 19.823831 29.856549 18.180282 17.365574 11.886620 5.163448 6.292808 10.734199 21.615373 14.840955 20.540969 24.534052 48.689542 46.401541 14.274114 19.759605 16.050625 1.333911 7.087184 18.298092 16.200864 9.220526 9.900956 14.335773 25.383103 89.315770 250.919210 274.311805 105.376000 12.454165 12.492114 14.864343 6.572415 7.115681 13.078960 7.011271 10.972574 34.801247 58.847780 38.123017 17.044787 12.776825 11.576811 11.674224 8.506757 14.363359 12.144805 0.614041 3.806779 11.038992 15.055884 6.990969 4.144679 11.192395 22.166813 25.410592 18.410381 14.770513 7.347300 4.423538 6.703931 11.008863 11.911769 10.359202 9.217414 8.885525 8.901558 7.116704 7.780380 6.104158 3.554976 3.522476 7.899485
3.784701 1.755741 266.1617 266.1617 0.000000 12.123860 9.890550 5.638195 12.560743 16.052472 9.828185 6.821327 5.175564 3.792364 7.163299 8.635381 7.359101 6.907159 7.241834 7.213103 8.095093 7.310800 10.209952 5.313952 7.164302 5.879123 3.617648 11.286979 18.525081 18.405764 15.332583 8.791770 27.768135 26.047383 11.420570 8.831910 10.128931 13.791529 26.458692 25.548328 15.059047 17.193561 36.247427 48.757111 24.561949 10.270479 12.976260 16.787014 19.722133 22.558897 15.810615 19.048070 19.604073 15.632752 10.025116 13.128192 66.099552 293.843983 287.693449 72.568368 15.734334 11.749602 19.172075 13.727539 13.725453 10.393089 22.279957 39.169219 56.774093 32.364932 6.002637 6.205776 6.996661 10.514594 11.586613 12.275571 17.116808 14.083092 7.750452 7.213823 6.094104 10.825699 11.918028 6.655228 9.039210 12.876763 21.059997 27.244472 18.472219 7.438066 4.997567 7.313220 15.383597 12.890181 6.249230 5.037392 13.026146 13.816143 10.013739 5.584493 3.347101 3.377431 6.210359 9.864253
3.834700 1.756277 267.4975 267.4975 0.000000 9.550621 10.860924 13.528023 17.042001 19.393783 11.974969 9.936580 10.726553 5.897133 1.681895 5.187072 9.452686 10.025606 9.464424 12.483779 11.611805 5.192796 7.628777 15.445336 16.260640 11.999434 12.690510 10.620367 10.810082 3.920371 10.934032 20.728773 19.399746 11.397822 23.103415 19.991492 10.557234 10.975723 18.425691 26.332255 15.399494 25.067662 43.927888 40.397247 12.570506 6.960021 7.726025 13.732968 16.527303 21.311048 21.913149 15.197526 20.685610 21.291631 13.082177 8.848866 44.128436 214.306494 300.018936 124.796361 36.511894 23.156934 24.798066 32.665055 25.600503 22.343617 34.209599 20.002930 47.313742 47.681144 13.019932 4.049655 6.786814 14.099877 16.017550 10.359591 15.376390 22.156381 11.927735 5.889618 4.135141 5.177879 11.325473 10.888945 8.350478 4.475771 4.624151 14.649571 13.973736 9.639650 8.017822 7.478364 14.573211 14.559967 7.788359 7.942499 10.303568 6.706188 5.762191 7.080738 12.120314 11.492852 6.683627 7.173292
3.887104 1.758472 278.6457 278.6457 0.000000 1.855624 3.457902 8.646656 3.444537 11.643619 12.446811 15.738393 8.920756 6.787763 11.216318 13.272083 13.542854 3.315374 6.623198 8.213636 12.190002 4.860524 3.511687 11.915522 15.018398 13.805311 12.775118 15.641453 15.719031 15.065209 11.966963 7.990275 19.178202 26.806437 18.970137 15.572097 15.679563 16.882571 16.465130 19.272888 21.312106 16.111934 36.056258 45.879064 22.005528 8.551191 5.104812 10.637098 18.846547 19.064928 20.770624 21.486680 16.501968 15.893648 22.836890 12.146312 10.016780 26.622836 129.182055 289.017693 237.339360 71.749047 21.922242 18.903111 22.013285 24.302907 16.705117 21.673044 29.532182 46.418750 48.372850 24.708930 9.213000 9.259073 9.517985 14.580781 10.430990 8.213389 14.897861 17.341472 16.388198 11.266779 5.298630 5.225477 8.768273 7.645978 8.969516 8.291387 8.647265 12.699095 12.612357 12.344914 12.092653 11.742423 12.512054 16.777663 14.350726 6.837500 8.135993 9.016704 10.092061 11.315939 9.896475 11.305264
3.937400 1.759192 271.8814 271.8814 0.000000 3.418665 3.837499 6.898004 7.192027 4.121789 4.215601 8.270586 15.921860 18.142558 12.532141 11.223602 14.384816 10.927040 11.278449 11.572448 7.365177 5.397486 10.965689 11.597538 8.723330 7.694487 11.315010 19.370451 16.276978 10.507512 4.043189 13.273105 30.027257 17.399381 10.100913 6.650568 8.802586 18.630746 20.866031 8.387488 22.964638 46.623415 38.941870 8.302739 5.745974 10.341334 14.222654 14.606585 14.029672 18.141227 16.419001 18.883101 21.363149 21.388196 14.931821 11.201451 21.004624 145.839846 315.503676 208.007873 52.006075 21.243451 20.716173 21.969050 23.800488 20.843879 17.734247 56.084834 55.371549 11.525782 11.350415 10.254037 15.684857 16.939050 15.876721 13.768302 9.376282 9.658657 9.938860 16.526249 9.431105 3.576651 6.283187 11.582632 10.502177 6.306727 6.136284 7.852378 13.055728 10.046334 4.382461 5.535452 4.259553 13.275452 12.696802 6.649634 7.282042 8.611763 14.438793 10.908646 3.399600 5.026278 3.490440 13.437479
3.990085 1.749127 275.1049 275.1049 0.000000 1.919691 4.288917 5.641593 4.556693 6.423397 3.325526 6.935361 17.035118 25.734898 18.860021 12.891651 8.575748 6.095580 6.398832 8.418186 6.022191 6.165206 12.656852 13.967983 10.850327 7.537697 10.205888 11.244377 9.411324 8.896381 6.895794 11.505673 24.069092 21.027981 12.034416 12.774588 6.719068 6.272715 12.624692 9.108877 16.474127 45.902331 41.096651 16.777329 6.047741 13.044962 13.383927 7.369739 9.533769 22.043837 34.556176 24.009069 4.292494 10.576918 11.393861 10.284816 12.606502 17.581851 169.539831 333.796184 184.728656 10.140232 20.556551 6.541784 11.163939 16.890793 17.880469 35.448714 61.828883 40.706124 12.567522 7.061870 7.352875 10.177145 5.498734 7.335699 16.084768 23.029817 21.515856 16.824689 9.204761 9.210952 11.012972 9.975228 6.297732 6.712501 8.143944 10.996084 12.247961 8.444463 4.116986 6.289749 8.821778 6.844008 9.155634 5.835456 1.794185 3.757103 4.119837 8.052773 8.614170 6.971426 3.239523 7.044973
4.040044 1.734969 273.3528 273.3528 0.000000 6.669502 7.149150 8.241949 9.533409 11.079924 12.292491 12.841735 11.053815 18.240696 12.501598 9.230340 9.201931 9.953264 13.007501 9.660620 4.975461 5.858026 7.335618 5.062074 6.999053 14.075475 17.667812 15.045863 12.335325 14.138983 12.554662 18.490347 22.867744 13.042957 13.810156 20.459131 15.910852 7.853577 2.976229 17.205171 38.562333 52.243645 20.609229 4.362521 9.121593 17.185095 10.593662 3.743020 7.132247 23.800512 27.881394 14.446708 5.297558 9.775118 15.971098 22.251515 18.637994 58.787677 214.721116 287.390518 129.521601 23.519617 28.118632 32.072174 30.666034 24.654815 16.946011 42.304104 49.007411 15.073462 11.163541 14.328657 18.145802 12.900009 5.507991 8.837848 14.330165 20.789341 8.745866 5.708265 11.138377 19.180390 17.919170 9.486080 8.051295 6.539057 8.407307 12.350988 5.434152 2.667250 4.325117 12.442793 11.415966 6.299484 4.782078 5.072171 8.320557 9.699311 5.341754 2.633395 7.041188 10.201365 6.936729 3.153936
4.090042 1.741716 279.0305 279.0305 0.000000 8.599649 5.800387 4.059981 11.598694 4.775339 11.948428 14.825326 6.469155 9.568480 15.424175 10.461419 4.510875 4.230016 14.518572 15.280281 6.460852 4.282647 3.925822 7.120093 5.986688 7.773461 18.743641 18.832828 12.004190 4.091215 13.060695 19.793212 26.330150 22.844058 12.817041 12.094277 16.074944 22.654173 17.136909 21.203244 43.918588 53.738773 26.321814 15.546445 16.277966 15.752304 17.354593 9.225852 5.626606 7.019719 13.259794 12.848001 8.780533 6.625460 7.076607 26.646919 37.158671 27.080989 55.352874 199.312956 290.191492 144.469176 27.164791 42.607818 39.254749 21.325488 30.611975 39.371543 33.361416 29.442263 30.162756 19.540933 10.396291 19.556385 32.010652 26.780275 16.589426 8.825330 8.018220 12.057317 8.781905 10.007578 18.588497 16.521640 6.699652 6.061067 11.887832 10.533444 7.863056 9.018105 7.258536 5.583816 7.899881 12.462777 12.687108 7.564238 5.751979 10.484934 14.440586 10.899034 3.774073 2.539081 7.027637 8.794446
4.141639 1.732466 272.1304 272.1304 0.000000 2.968881 4.518832 5.640100 11.115080 8.454410 8.278463 15.962900 12.878622 14.345641 14.721535 7.112014 3.927548 6.254201 9.001365 11.306476 12.433837 6.996171 7.086969 12.049406 11.604240 8.811666 6.779171 8.432785 5.229262 12.401427 11.454980 18.197216 25.599612 14.937074 12.699176 15.517539 9.862749 17.342955 8.784544 52.994101 45.684173 17.082858 17.114022 21.771116 17.376433 10.695878 4.008090 3.981341 12.663481 20.034279 18.332884 14.872231 14.293554 14.545192 22.875459 28.848921 35.759750 69.992441 246.867871 274.792997 117.439848 50.046046 30.551127 26.232485 20.221860 34.116602 51.029976 39.191097 42.151535 21.097039 15.056870 20.261439 25.164011 24.581596 24.856029 15.427828 6.836673 12.507847 18.596116 13.926847 12.387791 10.374537 2.993773 6.370208 14.800044 13.584958 7.973808 6.632005 3.603905 4.044264 2.992501 8.578753 5.738435 3.216503 6.243537 13.076725 5.763873 8.733191 5.317336 5.834498 1.655730 6.527436 4.015702 6.618244
4.190168 1.752857 274.8184 274.8184 0.000000 1.648463 3.999863 4.557893 10.431487 12.514616 13.819145 12.245855 10.004660 15.524981 8.024643 1.945780 4.078844 5.311779 6.803929 11.667992 10.820813 5.211545 10.704507 18.346086 14.412545 9.596073 7.806579 11.040535 20.763082 26.818673 22.947780 13.249393 15.891341 15.615651 19.449974 9.158664 6.334032 21.120855 48.694415 51.674896 18.988233 6.824146 12.752068 8.914997 3.688068 4.374050 4.622267 11.208354 22.048415 22.676169 9.132519 9.259908 14.149438 8.005392 14.103837 9.554532 16.625685 97.656279 286.316598 263.390837 55.486805 38.442659 15.629339 15.003023 26.795045 28.265463 29.624751 49.682598 48.863948 28.423543 7.721632 7.850404 5.607996 9.814422 12.952245 6.803689 7.764162 19.925288 18.428752 9.484293 9.393444 5.149446 3.024931 13.139630 15.715694 6.787678 2.147115 2.426799 6.163527 8.744135 6.717393 7.704537 10.376774 11.227301 10.919768 5.360454 6.960916 13.476357 12.593790 7.847945 3.336716 7.402789 11.697594 10.311386
4.245200 1.763230 279.2665 279.2665 0.000000 1.723274 4.462239 7.198772 3.011928 8.312163 16.864317 16.011081 8.222518 6.353006 11.478317 6.656005 3.478813 3.252651 4.967420 10.578395 11.025771 4.760289 7.943568 14.363367 11.197955 9.991443 8.011084 6.214283 18.187004 27.338378 14.511710 10.021837 15.523720 24.094506 27.287702 18.521071 12.787973 4.920253 35.793141 59.782147 39.241247 15.718275 13.445889 4.975206 4.714472 2.603936 2.453170 9.332286 17.861828 8.956441 13.438075 14.059403 7.185624 12.954807 9.283425 5.672611 13.209658 38.057230 83.835355 221.757942 294.822558 140.471410 45.026675 25.433446 22.786310 37.861134 49.928920 43.074280 28.830728 30.518995 22.843870 9.306129 8.075205 8.480876 5.997121 7.693840 8.005283 4.611074 13.531741 18.102931 10.507785 3.495937 3.854877 2.701182 12.387960 15.841390 7.691247 9.093989 7.227153 9.640002 13.930088 12.063723 10.954803 14.273220 10.497763 5.583503 9.647768 8.281944 12.562168 11.979065 8.955599 7.490257 5.354608 8.742929
4.297342 1.761022 272.5093 272.5093 0.000000 4.603373 3.761081 5.711758 8.030836 6.536247 14.871676 17.952241 8.482499 6.170909 8.430445 7.977420 9.537464 8.287950 7.334310 8.998617 10.807859 10.548298 6.660957 15.014704 15.463618 11.808456 1.697457 9.864211 15.658917 11.894196 23.874417 22.387455 14.076101 15.194815 14.660108 10.856791 21.716595 46.445256 39.766529 22.113814 16.379985 8.129119 8.329036 10.526288 11.158593 6.321945 11.760922 10.345470 6.474822 13.489468 19.341483 21.152723 15.502503 7.066969 8.845086 16.445946 17.285562 88.017309 273.248156 266.355278 68.286508 21.523392 24.507266 14.345586 28.379889 71.822325 50.448529 19.857801 19.288538 12.939181 9.090920 9.491742 12.465778 15.778448 13.587788 11.454101 9.672578 10.826748 8.611810 8.216877 10.738900 11.849866 8.261176 8.746683 16.717643 17.071976 11.338534 4.684319 9.714469 6.887575 8.629342 7.639552 3.345230 7.604215 9.776675 7.442658 7.830687 4.377017 5.394867 5.219440 7.630622 5.642254 4.661434 7.525776
4.345123 1.766897 277.3457 277.3457 0.000000 6.182429 4.286641 6.111022 12.126725 12.318256 6.970864 15.681682 11.790070 7.676660 11.470550 9.711712 9.286096 9.136906 12.829041 9.880785 8.755689 13.682786 14.160179 15.362962 12.790258 12.906912 10.318469 7.623700 11.008523 16.236492 30.574113 26.623330 13.914774 14.644487 4.878208 1.755979 9.538087 49.074613 53.541362 17.778571 12.244826 8.513876 3.019508 5.422363 11.038460 16.126276 9.907901 4.722979 5.947296 8.856922 11.474795 11.026063 19.207796 15.183862 7.311497 6.855657 10.539377 13.538183 86.515322 273.589306 268.783445 72.000189 18.302642 11.024605 18.286012 15.497216 57.210672 68.537775 25.082618 19.979220 7.966631 9.818507 9.608265 9.461994 17.020217 10.675887 9.772678 9.911557 6.659894 7.835554 7.615745 15.677863 14.373202 5.482455 3.661057 8.124897 13.131771 8.316006 4.501763 4.931118 6.162080 5.951658 3.452445 4.676391 5.429800 10.144270 12.942788 9.706159 8.790081 6.788786 12.634109 13.386612 9.733777 8.876178
4.398698 1.752871 277.9019 277.9019 0.000000 1.975053 1.311583 3.500068 8.753154 14.261497 10.574584 11.176657 9.814770 7.756522 20.156973 16.101125 6.460534 7.138306 9.890980 7.544786 8.932536 11.035034 11.238599 12.303235 8.615973 8.546365 16.371530 16.795445 7.378789 15.088207 23.933083 28.214565 23.946825 25.233812 11.596715 9.736434 28.359566 63.529163 43.699888 5.587134 10.829078 11.677566 5.583578 6.230042 8.917333 12.795056 10.958369 3.447040 2.403709 6.804815 14.791244 17.325230 12.420048 8.783966 9.676889 9.700814 7.903712 17.071458 58.669441 202.073234 295.146878 164.534110 44.082461 16.406004 28.414825 42.546621 56.512983 47.113112 33.017424 16.174381 12.635533 11.126489 3.078279 1.626909 11.367004 17.716884 11.140694 9.402373 6.167984 7.633144 9.963353 14.570706 16.193883 10.474107 8.312150 7.796615 8.704224 7.229237 6.967862 5.518224 4.557945 7.528893 9.904380 10.696274 6.404695 5.199006 12.094929 13.137660 12.708761 16.342914 13.779432 10.678801 2.738483 3.487227
4.450093 1.755802 282.1874 282.1874 0.000000 1.148893 1.829359 4.259032 9.833622 12.142361 5.529583 6.529359 6.253704 21.860212 24.174489 11.931846 4.223244 7.466864 9.894001 9.879829 9.303130 10.527532 9.967394 7.678152 5.199365 4.288855 14.305649 21.181030 12.034998 11.787120 7.196822 24.590227 37.367446 28.766641 7.767005 8.913068 49.372743 65.373796 27.897188 3.443202 8.035884 7.684108 10.183397 10.477601 3.999017 5.883031 11.340376 11.142001 8.315311 10.172081 12.507442 10.341388 8.571711 2.953747 7.408153 13.654933 16.434486 13.178327 9.241958 153.566610 305.596419 189.505692 37.134140 11.430298 40.069460 66.482903 42.830208 16.727530 5.150963 17.418296 16.124348 9.250524 1.965684 4.527839 11.707005 8.820663 10.491937 11.459371 15.445269 12.753612 8.507518 5.261362 9.331587 13.245683 10.944034 6.852129 4.355414 6.125891 9.389143 7.999936 5.174768 6.634366 13.503991 13.779066 6.133718 2.854143 7.471746 14.697551 22.185570 15.263016 1.478506 4.281465 6.709603 4.592045
4.502391 1.755272 280.7095 280.7095 0.000000 2.877540 2.299745 3.279078 8.294358 3.210304 12.393276 15.003318 19.565382 24.448531 15.170088 5.050051 6.407113 6.162500 12.830894 18.546428 17.450764 16.498740 9.981885 2.944620 2.449140 2.405808 12.032219 21.322335 12.890632 12.784765 23.424051 14.446490 20.091553 21.952450 11.530573 24.735140 52.012791 34.167418 13.328299 9.634577 4.962746 5.671609 8.255557 11.026574 7.362602 8.448281 13.139062 7.830495 7.482261 12.370601 11.661684 15.000380 14.695063 8.402081 11.066877 6.409168 21.896751 33.332508 46.761383 227.693703 342.750643 111.758842 36.947713 35.913030 26.724450 47.201344 53.314988 29.086455 29.547046 29.186629 17.039089 7.424138 4.668376 9.922586 13.397018 12.292174 17.163835 18.254680 7.228923 7.385583 6.718019 3.992181 9.010484 10.261635 2.932635 2.598518 5.186336 3.114228 7.605177 3.923753 10.106880 10.251879 6.790133 10.559896 4.774516 4.931036 5.026827 10.726408 14.985936 10.108843 4.045533 4.116142 4.456975 4.233601
4.550033 1.752853 282.6245 282.6245 0.000000 4.749626 2.429558 4.976004 12.204651 13.007700 14.033436 10.736529 11.204116 12.146069 13.206730 8.087672 4.146421 7.777809 14.507808 12.427458 7.121193 7.691762 11.084053 10.326376 10.089457 11.639528 11.096142 15.058310 15.657761 14.931793 21.370381 15.325323 13.575619 17.591803 10.260184 36.664477 40.573001 14.124475 9.720148 10.473846 6.275236 14.095053 13.616512 4.045689 5.960665 8.116192 12.298068 16.570862 8.736404 2.505686 8.281892 12.635430 19.162944 18.132807 16.027947 16.163865 16.600590 25.148749 25.243052 119.332846 290.369351 239.127797 76.270849 25.639776 29.813684 50.584254 64.135984 23.120017 28.882298 22.960605 14.533883 2.415258 10.210160 18.556764 20.791391 9.941863 7.570869 10.546186 11.523523 16.227269 12.958181 4.570275 7.463650 7.202156 9.093907 9.258908 6.594851 3.780245 5.010289 10.782620 11.961727 11.019675 8.083886 7.488517 8.278059 5.473382 6.782966 6.938256 4.375090 6.440613 7.561435 6.719059 5.054199 5.383495
4.604687 1.755371 282.5978 282.5978 0.000000 8.333900 7.899505 11.465771 16.871501 7.143787 12.118321 8.993613 3.793042 4.349561 8.846445 6.857046 5.416200 7.222841 7.854078 6.651402 2.611590 3.364091 9.020596 11.658737 12.461922 15.025762 7.741869 6.156558 19.076686 24.656016 15.141765 7.849490 8.945165 6.610423 26.754014 40.863089 21.852218 10.995304 13.359708 14.865326 13.998139 22.424921 16.182513 4.740379 2.703178 4.757861 8.227305 18.548512 21.165470 15.265579 9.659754 6.602509 7.605215 20.165245 30.289847 18.632648 8.555742 6.579206 10.327385 118.811277 292.807123 234.192115 67.203251 13.744667 20.460457 24.107831 63.251514 57.846674 22.363939 2.904291 8.636251 3.658499 15.751578 25.335741 13.355619 4.474619 0.908500 6.848183 11.533808 20.268490 15.792488 10.675346 6.113649 1.409730 4.133033 13.183919 15.201319 12.209181 13.435330 15.808090 11.836535 12.777808 11.493528 8.074330 8.439920 6.874738 5.427544 5.817502 5.380671 2.272395 1.391303 7.149024 10.727143 6.635642
4.654687 1.750169 282.2446 282.2446 0.000000 5.875527 5.715728 6.943900 19.253553 18.999593 12.501842 9.195541 8.632896 9.831215 11.852511 5.743324 3.308550 6.583743 9.946819 11.581071 6.411818 2.855283 8.371094 12.795659 14.631670 15.795141 8.175222 5.142080 16.574045 24.993177 14.377859 12.035941 6.410491 16.116804 41.015537 36.445007 5.929913 12.769172 10.358522 10.211604 16.798138 14.665280 14.396799 5.676589 4.901539 8.063578 6.967270 12.399085 17.082664 17.408075 14.445667 6.977085 8.420136 14.005506 23.304914 27.086694 12.544593 6.304652 12.618828 99.727668 281.212775 256.958825 80.085025 10.546095 15.119196 40.123286 68.879942 45.826113 7.572983 7.719293 7.561935 18.770109 22.648874 12.043254 8.653078 5.612325 11.401848 15.002876 14.352612 11.704911 7.986659 7.773111 7.327723 2.456292 7.039991 11.206292 10.363451 9.298856 9.420750 11.830302 14.355307 18.903361 14.923816 7.648992 4.453448 10.702361 9.760760 8.904635 5.833498 3.789026 6.385200 12.799974 12.143529 2.877041
4.707336 1.763182 293.3201 293.3201 0.000000 6.805738 7.039229 10.205578 16.637206 14.951995 11.485122 7.157447 10.838819 9.211196 13.549904 7.673258 2.706637 8.852077 15.963068 11.291926 8.332833 9.139552 7.747756 7.694406 17.046455 14.634954 5.875078 8.477830 6.042091 14.068081 22.222282 25.715816 16.135254 15.005644 37.881523 51.204770 26.844518 6.307918 14.291810 13.005007 11.162141 8.473324 6.844222 7.090226 4.590642 6.528737 8.728836 9.140896 10.307204 8.339927 8.929493 11.963990 12.275146 8.707505 5.450723 13.762458 23.364733 17.698241 17.127943 30.533509 47.416819 165.202941 294.850203 195.404990 58.224500 38.479926 54.085273 42.535143 33.681080 30.359729 12.806806 11.034581 20.253437 17.592682 8.974667 7.517192 10.945791 12.247302 14.323518 11.139642 6.187564 5.713425 8.436128 8.743462 6.199579 7.394067 11.949278 10.170316 7.959640 7.237432 7.852352 6.660482 9.124220 14.887232 11.581507 7.842672 11.664972 14.252895 12.245585 10.556155 5.470944 3.555712 4.134281 10.641757
4.754902 1.755682 286.4239 286.4239 0.000000 7.348775 8.798373 11.398986 7.080930 2.060508 8.952784 10.345513 6.084222 6.986612 9.160681 6.313554 7.934113 12.159835 12.032524 9.536086 8.977050 10.974376 9.538587 9.498692 13.044667 10.070010 8.147201 10.799897 4.281658 6.540311 18.963328 15.605296 9.229469 32.962310 45.760504 23.743890 12.871317 11.571032 5.548375 4.367277 7.047818 6.664317 4.369399 3.031712 5.244547 3.984764 3.071185 6.918223 8.232035 4.990676 2.868946 7.313558 6.294930 7.047264 15.447010 17.534290 9.234861 23.549528 38.570003 42.142321 200.647564 338.698947 164.364541 53.141145 80.339334 52.911896 25.877838 37.806646 22.989490 9.868761 19.050722 16.867911 10.165014 10.034733 10.793471 6.474606 5.126271 9.307601 7.585438 5.018387 4.235427 5.126636 3.551082 5.195191 8.586786 8.284631 5.328094 4.304426 3.695661 6.026791 7.080114 6.364321 7.223557 11.190808 13.460584 6.714148 0.380068 6.296535 5.400175 3.404322 3.593248 6.708728 5.394575 3.771931
4.810087 1.736659 287.5137 287.5137 0.000000 9.526652 2.673984 6.165090 3.248507 2.491876 6.236513 11.710076 11.207068 17.361317 14.171165 11.497546 11.391167 5.640665 5.565264 7.555632 7.567935 9.147935 15.268798 12.606050 14.506803 12.483026 7.656592 7.071914 7.849549 5.978224 16.087379 20.414215 30.366389 39.829368 19.951280 9.109741 5.969915 7.188697 3.951277 5.665873 9.938053 5.766632 6.033248 1.064456 2.654260 2.515296 2.046530 5.947547 5.347424 8.427006 9.588729 11.806839 16.920073 13.319673 8.889377 11.332806 11.152050 9.778503 36.765385 55.336912 166.257901 298.580712 218.691538 115.184660 76.171586 35.670886 13.271231 29.171012 32.165341 24.489478 28.202877 11.276201 9.591947 15.119785 2.284784 3.503149 9.350400 13.916315 9.666908 10.925152 4.644537 3.725651 5.170136 2.275925 2.986064 1.774102 3.847410 5.131096 7.895851 7.808254 7.301083 5.687251 3.113806 5.779158 8.547075 5.937068 7.001025 9.024130 7.886563 7.547531 4.812896 3.140648 2.812534 1.871186
4.860047 1.751801 286.6395 286.6395 0.000000 9.116511 11.529873 7.537699 4.232808 4.433645 9.962857 13.681097 14.757904 21.152631 17.578811 11.199846 11.907924 6.340587 2.451535 6.365106 10.464919 10.219601 13.586560 16.425523 15.660833 15.628877 10.635853 4.565812 6.504377 9.915621 9.785808 31.221300 56.334185 34.318966 13.288925 20.165008 22.577732 12.512203 8.789459 9.308576 16.548947 19.763986 14.069954 7.163304 4.209863 6.349981 11.198845 14.048878 8.799730 5.239665 9.827852 16.575061 27.194574 26.426282 15.256668 11.477355 17.837435 13.112183 38.423521 100.193921 228.164040 278.780947 84.194820 73.674604 29.747600 23.839772 9.038559 34.030065 45.801598 34.396658 24.137977 10.082700 13.484155 17.606143 9.420224 7.930368 17.676144 23.436085 15.609822 7.176991 4.393272 4.500616 10.288806 10.167812 5.604501 3.169474 2.683381 7.883556 18.393824 24.158795 20.642671 11.055617 10.077120 11.791434 4.416603 8.441826 11.632571 12.175832 14.375239 14.099837 8.966193 3.529273 2.513203 4.900005
4.911918 1.732131 287.5895 287.5895 0.000000 8.544427 10.681843 14.242365 8.258375 10.852337 12.645288 6.593256 4.953002 13.251165 11.446516 7.906109 9.300428 7.194205 6.502576 8.173313 8.408265 6.769890 6.780910 7.277415 6.333673 7.032492 7.967913 4.738901 2.867776 5.558260 5.995129 18.442460 51.483251 45.579252 28.361170 25.185748 25.680550 18.106729 11.089736 3.656022 12.008562 19.226801 17.552963 10.464357 4.864161 6.576699 11.930550 15.980155 12.527696 9.482054 7.246913 6.736647 17.789263 22.436408 14.815033 9.558459 12.923354 23.627247 40.254415 51.532308 71.340164 220.303102 280.518961 160.326290 48.881155 16.261954 17.808645 29.792713 27.054512 12.670940 9.615800 16.690995 14.528691 18.561807 9.912788 0.725906 14.029094 20.396760 14.470663 6.769657 6.441935 7.657554 13.197594 14.159037 10.895914 7.119195 5.800103 10.374735 15.381499 19.355937 22.341370 16.840397 10.235388 11.767169 10.787885 7.443470 6.105490 3.382254 5.860075 9.204400 8.110421 5.275253 1.698895 3.100287
4.960108 1.732972 291.5208 291.5208 0.000000 10.809138 17.789997 21.958879 10.496849 12.222642 6.283679 3.507498 6.249867 6.652781 4.841713 8.313336 5.330258 4.728777 8.364730 4.803188 5.141133 6.240865 3.471064 3.889514 8.190732 8.687049 11.301889 14.280881 16.127588 22.689782 29.395620 43.627800 48.168098 14.708554 15.772247 6.788658 15.303965 11.695921 9.082235 15.096079 8.810909 14.489177 10.065994 8.578314 8.434808 3.127275 5.907584 6.576371 6.843092 8.248186 11.628293 11.442396 14.823285 10.049374 11.367394 16.123328 8.882731 12.818328 17.753546 16.890611 59.312119 261.024553 308.691292 127.088278 66.313714 42.168507 17.697393 17.112588 13.012749 3.997398 11.870749 14.936749 6.852131 14.463069 11.837997 9.356294 13.094104 7.394603 6.890564 7.049091 2.900384 5.961217 12.033939 9.596895 12.366029 12.615705 12.511613 10.309744 6.467907 5.474683 10.678187 14.864737 12.645633 9.415553 1.801815 4.831769 5.257651 7.996386 3.974123 6.245768 4.370188 5.550665 2.663252 1.078199
5.014616 1.769977 289.9255 289.9255 0.000000 8.732381 17.262818 27.954757 24.596281 10.718819 3.479555 6.489951 6.055579 5.426087 12.244220 12.221004 7.491796 10.744982 12.332040 6.771789 5.636316 11.814087 12.362788 12.234149 12.974109 8.398780 11.546719 22.991758 20.462453 17.996505 39.107713 58.055975 38.380341 17.228841 11.641783 9.360655 11.976806 12.146310 9.488181 12.004292 14.416661 14.611216 14.210935 10.813765 6.159741 8.213355 8.920606 9.334789 9.075936 6.248815 7.201036 11.695560 16.960388 16.676552 4.999937 14.880793 22.886919 16.558668 10.793027 18.699980 24.453481 126.531710 309.410506 209.598040 18.493808 44.947938 67.543374 30.514382 11.542144 13.607213 7.957602 11.178069 17.970908 10.654593 7.409309 15.679780 13.055164 7.482357 6.689067 6.339325 5.019120 7.037822 11.079549 9.147002 10.525272 17.402849 18.684697 14.296166 9.822032 3.866695 8.568157 15.223779 13.589473 8.185026 5.732596 2.708257 5.725514 12.467396 13.475188 5.080443 6.339619 12.337818 10.968951 4.484789
5.065237 1.744738 291.6384 291.6384 0.000000 5.246314 7.733162 14.605077 16.668441 9.363679 4.221345 5.145972 6.823779 9.560680 12.125137 12.832868 11.071967 10.924929 10.274946 6.769640 7.715475 11.127735 12.062101 13.340453 12.636980 11.416772 15.037322 16.114364 10.711538 10.261686 38.971069 43.244593 19.548620 7.913779 5.170588 3.176622 7.056042 5.267930 2.694068 5.037987 4.261945 4.517568 5.386497 5.054459 3.976660 6.469634 8.355652 8.508299 4.705353 0.934443 2.237201 4.618219 8.559405 10.067559 11.041972 13.546292 15.196471 16.337012 14.138212 22.237565 59.093154 222.274289 316.804835 154.902338 91.849644 49.892592 38.527116 17.102026 12.405645 7.668188 12.120246 11.699472 11.735201 10.108289 11.461928 7.701571 4.751107 2.776458 2.996391 3.048946 6.031955 8.451117 7.079561 6.738097 9.727647 8.798180 4.533042 5.566542 9.773886 11.527695 9.837233 7.171811 5.493326 5.567327 2.920904 5.301402 12.051088 11.405606 7.541786 8.324739 10.050058 10.569563 6.520660 3.214379
5.114798 1.750644 298.9039 298.9039 0.000000 4.706247 9.892284 6.634304 12.326206 6.781645 12.250135 11.562727 5.654203 7.014205 3.660690 7.452524 8.810853 7.443847 4.249592 7.033772 6.171361 7.207258 3.027760 4.317956 2.803002 8.601542 5.543389 15.276164 14.321144 26.293825 31.174337 30.614167 11.553585 8.932867 6.454138 4.038418 8.099244 6.710803 8.400202 8.879777 8.118707 5.700710 2.720349 2.830892 3.417191 2.685204 2.017180 2.150989 3.602133 3.807481 7.356311 7.178426 5.708701 6.817735 11.580988 11.785717 14.997147 17.096492 20.703358 22.342346 37.223352 51.333685 123.041509 270.914765 268.916696 156.585551 79.075720 34.261610 21.131666 9.078750 9.760648 9.738602 10.621124 9.620423 10.479591 11.830117 13.881755 13.016625 13.256913 12.674300 13.570632 11.735500 10.201572 8.899855 8.948582 7.615298 5.654775 5.564086 5.895107 11.241634 16.939564 11.418939 8.085684 9.870577 12.036930 10.129172 4.994449 7.488380 7.893091 6.742456 4.675218 5.912723 3.690256 3.531157
5.165215 1.752685 286.5479 286.5479 0.000000 12.608469 11.809458 9.168282 12.213929 11.868455 10.038979 15.434664 13.827329 6.030480 6.322965 9.551065 11.737878 10.714135 10.296426 8.143711 5.134891 4.256033 3.251085 4.725496 7.040128 12.439178 18.603147 18.640636 33.767278 49.146046 28.164176 5.982514 4.502057 6.537220 8.300975 7.067883 8.297429 11.043115 15.509240 15.933718 9.468266 5.093251 5.684901 4.841734 3.078467 2.590112 2.757041 3.774664 6.571422 9.795791 10.371027 12.204056 15.241771 13.805316 16.123143 21.910385 25.061062 31.061548 39.398463 54.101503 99.072145 235.114381 260.121230 105.446915 145.168831 58.097989 21.893333 11.059337 4.923275 8.585720 9.774616 16.068017 16.083909 12.371572 16.063229 17.946850 18.410557 20.283932 20.471197 17.956550 13.583083 12.955498 14.289424 12.698811 9.362287 10.707403 17.301894 20.477319 16.349843 13.262185 11.980106 14.782121 14.791952 5.527698 3.493277 13.492995 18.049365 13.159128 9.621528 9.466645 4.333095 1.231248 2.542035 6.235192
5.214737 1.747614 291.3986 291.3986 0.000000 11.840059 8.008868 2.732141 3.568932 7.127599 3.692309 8.961316 17.595926 14.003862 5.564875 4.152326 6.800747 6.085529 7.125395 6.795255 4.464012 5.250750 5.464896 5.506352 3.482654 9.143330 10.262723 7.540935 26.436337 47.536683 24.180401 3.474051 8.185530 11.246969 3.277721 2.657209 1.952457 3.734607 7.218126 13.141577 8.580959 3.254976 3.012065 4.646555 2.997278 5.539049 4.675839 3.999095 3.766730 5.437179 3.093334 7.684147 13.268077 7.373797 6.483267 8.786917 6.983415 12.478814 14.223270 20.442076 38.807675 95.845042 295.522481 285.214485 92.067048 29.354564 10.320997 7.188982 6.688938 3.484947 3.353615 9.476021 10.129706 7.269271 9.457503 5.277232 6.820980 7.920652 8.660796 9.692077 6.637846 4.847845 6.877060 7.004889 3.534780 7.550835 16.065049 14.761451 6.405437 4.104908 4.471229 3.991936 11.006335 6.973511 4.480529 14.412198 21.536598 11.611490 3.459789 8.545586 7.007536 4.094038 4.549552 7.331205
5.270509 1.759424 296.9167 296.9167 0.000000 3.969550 8.556947 7.386310 4.823178 5.038920 5.848686 6.589189 13.240411 12.577864 8.469682 4.665381 5.577727 7.346877 6.447111 3.292593 2.416023 4.369142 4.157732 4.496457 7.062761 6.731237 4.700953 9.062765 32.581026 38.794589 21.520884 5.264440 9.623720 10.899619 5.555763 4.588785 3.862318 2.771303 2.627161 7.602140 7.730786 8.959890 7.260094 6.994556 8.346922 10.996576 10.707478 7.736266 6.034749 5.942634 6.041396 8.294799 11.571235 8.955760 4.486177 3.398054 3.398705 4.146864 9.546221 8.210105 8.290055 44.884435 245.632662 326.995686 128.793340 22.807671 9.438753 12.293726 5.996148 3.880097 0.693173 5.152892 1.130545 8.174197 9.603001 7.076656 5.671966 6.373977 6.444963 8.200653 9.760321 7.602688 5.707980 5.559708 7.270391 8.449542 7.116291 8.834022 7.865342 5.644306 5.462972 4.445738 7.349188 10.183682 6.966836 10.520447 9.821707 10.292116 6.519339 2.902422 4.145985 6.247325 5.982488 1.486093
5.320074 1.750218 289.6784 289.6784 0.000000 3.978208 4.645570 9.893976 6.765737 5.338181 5.291541 4.433746 5.782832 4.236865 7.316943 8.947157 3.793928 5.526146 2.972428 6.125793 6.839739 7.435991 10.265801 8.971839 3.545221 7.527391 17.887677 34.894885 29.323395 10.184986 8.162785 6.706198 8.053185 6.357167 7.111618 8.836302 5.688605 4.607047 8.060344 4.066655 7.808740 10.338048 4.542666 6.259390 8.066507 6.332079 4.888048 3.128837 7.255779 8.135513 9.603121 10.725430 5.333709 7.055275 10.092576 9.404316 8.046955 9.278291 0.564988 10.688556 70.936926 297.317558 299.833398 79.700869 4.853386 6.896673 9.984204 9.239600 9.511682 9.160981 6.040832 5.294901 7.948685 4.889044 8.453210 6.461112 2.443809 3.848928 4.481358 7.701046 6.125303 5.559629 9.490482 7.609019 8.861270 7.070392 3.119142 4.950860 8.138072 5.588629 7.562982 7.565266 6.536985 8.405698 4.681103 7.792458 7.177948 3.319597 3.571030 3.242203 7.710941 7.108260 5.711743 7.885853
5.370034 1.743599 297.8855 297.8855 0.000000 7.261764 6.861953 11.308810 6.348344 6.347220 7.211717 3.050902 1.602996 4.971789 4.413436 6.827623 10.996365 9.524619 6.674128 7.245579 6.838042 7.400691 9.418401 7.657838 10.561503 9.360634 21.244255 46.466618 36.398711 14.075499 10.178240 8.005157 3.790072 6.775538 8.929288 5.992558 6.747495 11.359432 10.936756 11.219424 9.153444 2.742012 9.522702 7.305009 2.272625 4.567383 2.828273 2.387490 5.674538 7.274317 6.694216 15.711947 15.927317 10.316848 6.507077 6.901386 8.558933 11.169922 7.945218 5.618270 9.033631 19.423470 143.125084 305.377557 224.193176 58.569917 9.823271 9.013864 7.287626 11.675809 8.015499 8.477817 6.218860 7.728015 12.071291 13.501539 7.957739 4.805672 5.311370 0.709278 2.651155 6.669646 5.467874 5.636318 9.992351 6.794092 9.339941 13.065472 9.523452 9.682630 9.318963 4.859305 7.706521 6.378631 3.084671 5.473225 8.549737 8.509946 13.582381 16.087209 8.658190 5.194920 8.601787 5.460428
5.425212 1.716112 296.4019 296.4019 0.000000 13.866565 2.043980 13.944577 9.627618 7.639901 8.802175 4.679842 2.385141 6.874344 8.062726 6.097213 6.013064 9.808240 8.921872 11.997853 12.652836 8.207263 8.601815 13.743330 13.458187 20.995268 51.687529 62.378064 32.946756 13.610114 14.773381 15.085218 9.530322 10.742926 5.998155 8.366139 14.618496 16.142541 3.116660 9.467470 7.496819 11.037816 3.261142 9.161135 4.610197 3.085738 7.715388 4.395308 5.338809 12.568935 11.723136 11.380963 6.883027 6.680910 11.590615 12.490931 12.939700 11.777939 13.893488 12.113404 17.980693 13.882926 176.273787 316.847300 164.052735 18.758999 27.499864 20.820515 3.542085 20.829124 20.203586 15.435159 5.578535 4.137715 8.532520 8.827279 12.875337 7.635377 5.009926 9.959359 7.187128 5.261901 10.086186 8.035360 6.524273 4.855535 9.609956 8.988318 7.750605 12.455896 12.525352 8.460627 4.169718 8.201630 9.032054 11.153074 15.007485 10.817843 17.225086 25.292729 14.743139 11.823147 11.980441 9.875707
5.474661 1.685977 297.2430 297.2430 0.000000 19.592137 20.723081 15.534706 0.933774 7.086631 7.094946 12.220049 8.916316 6.080182 6.407071 8.168614 10.125692 8.093167 8.378485 17.458661 16.052640 10.078965 9.164689 15.333905 22.782852 39.051421 64.367262 52.340291 15.387596 6.330663 8.626713 17.305573 12.159219 16.016692 13.407667 11.267499 16.947843 16.265268 21.338756 22.089482 22.028147 21.979496 17.314626 18.225569 13.490747 9.753902 14.827255 14.243120 13.023561 20.072739 16.793716 8.644025 8.352057 10.351609 16.162356 31.313772 27.919765 12.571173 13.707187 15.948454 6.770107 37.297585 188.197857 265.497179 121.677755 69.133254 64.334524 37.464931 24.649009 39.902304 43.840044 29.879705 10.830199 1.194210 5.206171 7.652618 16.869310 20.516331 17.696355 18.439152 14.038557 9.943940 15.803744 21.480101 16.278803 13.928024 18.570557 18.488440 8.128718 4.925341 12.386079 12.698619 8.118947 7.958920 7.212111 4.433866 13.941044 16.295359 14.313724 20.686778 16.220905 7.644363 5.796314 8.868595
5.525248 1.683096 299.0144 299.0144 0.000000 10.484397 10.680774 22.505118 16.917305 10.479345 8.698457 12.034575 13.029463 4.590908 2.292580 3.863015 8.334296 15.081818 14.914996 10.644811 7.706384 7.034889 10.004181 11.662627 9.266417 42.480777 69.286082 41.412572 15.589047 20.782757 10.226627 4.277325 20.037689 26.213632 16.852206 11.087530 12.696181 16.842771 13.642672 26.156832 19.211346 16.710416 19.433915 9.739995 17.253115 14.185280 7.724109 17.680241 14.105921 7.937559 23.786870 30.442745 21.578352 17.668238 18.211917 15.998997 32.879832 46.851301 39.021249 32.654212 48.833609 56.614324 64.597743 155.384155 238.631743 140.446617 49.450075 93.696230 83.049278 39.728673 36.929280 29.252453 26.083665 16.807443 8.156152 7.715459 10.994503 10.430622 13.123714 18.309750 14.811091 9.404422 8.052024 5.493294 13.202909 26.392130 19.933484 16.864856 29.052286 26.092020 11.360749 7.657897 13.890016 13.022319 8.815005 12.254498 16.764084 20.342697 25.167873 26.004355 14.085638 11.747190 14.927354 9.692552
5.574627 1.685015 298.8985 298.8985 0.000000 10.037725 9.123240 20.407303 18.886762 2.652396 5.791571 6.380006 9.235764 10.198534 6.069814 3.321147 7.302311 10.905072 6.405140 4.223573 5.057713 11.488589 14.602669 13.388124 20.080433 45.547019 46.866461 21.996402 19.685149 26.143017 20.913237 11.294832 24.811646 26.752861 19.773278 22.687383 17.050311 15.192673 18.997137 16.789395 18.057592 18.733877 10.156187 6.439043 8.477253 16.036029 13.438630 9.398401 7.016975 21.002412 21.401162 19.392116 18.525248 24.894289 16.652960 13.285982 32.811797 33.508210 34.071904 77.819519 86.462458 57.434617 83.736084 199.172628 213.487982 131.228894 95.276636 90.408343 73.029040 30.289576 14.327064 13.153386 14.910326 14.453507 14.387661 13.768951 10.066046 4.878378 6.047885 6.795951 5.928837 4.681696 8.253928 14.871768 20.378620 18.506999 25.907257 25.334140 16.622085 12.985372 10.899135 8.100837 15.971947 6.090969 21.147300 31.128436 16.037274 16.857895 24.741754 14.773738 6.237738 8.322574 7.727399 4.833606
5.625259 1.715701 303.6202 303.6202 0.000000 5.596791 8.359530 9.425218 15.995479 9.246460 8.984854 12.411033 9.169206 16.322354 15.554539 8.463624 13.261894 8.669569 1.228652 0.888706 3.207041 11.215931 17.508026 12.484978 32.386206 51.857908 38.888436 10.507894 4.791272 17.736444 23.168893 25.471393 30.221996 31.918600 22.016488 17.163919 17.070662 9.543707 7.620549 5.778437 6.253145 15.606621 13.389559 4.738649 6.032484 9.418041 9.035537 3.390553 5.229182 9.679062 14.072799 11.556113 10.729910 14.476299 22.256814 15.330703 8.532629 17.964620 30.947268 48.139065 52.169521 46.102383 70.631230 81.259761 169.554200 259.388778 155.328702 76.265365 76.131058 55.826966 31.323993 21.034791 14.702894 27.850353 30.945914 18.771724 19.208987 22.061702 13.490842 5.615722 4.986486 8.700202 10.617356 8.195197 6.129753 9.874279 9.743060 12.159682 8.952483 4.572257 4.431901 8.516260 10.634805 11.669360 13.651869 19.985685 23.950062 18.403193 14.810256 15.050494 8.683585 5.542099 6.253831 7.332634
5.678642 1.738440 295.9476 295.9476 0.000000 5.228925 4.486662 9.444517 13.983647 6.330939 8.866483 7.111739 19.937037 20.587187 12.505036 16.840371 17.679094 8.270727 4.695285 8.479372 14.664220 14.167317 16.102322 40.838662 51.738679 28.716015 10.634822 6.777823 5.121159 5.607403 10.167036 15.430664 15.876275 10.393624 4.758533 5.732558 9.504949 2.672175 3.224471 3.081334 7.783444 7.317679 7.570189 7.761996 6.200966 6.365936 4.507173 3.456620 5.454783 9.107550 14.029160 13.626652 15.204999 16.879045 9.520230 6.892043 14.867552 20.708596 36.490095 34.567672 33.428491 62.339759 219.955030 324.669467 121.246967 46.753849 91.630366 66.019838 20.127686 10.276580 28.472392 36.106768 29.787064 23.162156 26.795811 21.881504 11.603625 8.729103 5.152604 4.769807 8.196761 4.750241 5.945162 8.319390 9.970339 10.932075 3.892095 3.412467 6.947088 7.910011 7.846200 5.034227 6.668815 7.031558 11.266171 1.855461 5.162558 4.979651 6.810345 3.557149 2.452634 3.827572 3.971575 5.280258
5.725544 1.735344 296.8224 296.8224 0.000000 1.495985 4.519473 11.145429 21.264456 14.517255 3.537131 10.182345 18.182305 15.246448 10.498510 15.176777 16.763716 11.274129 10.876264 15.398265 16.720526 11.062827 21.635080 48.167151 38.863703 12.787512 3.744251 10.504262 14.873641 15.361772 12.206556 5.184576 3.746470 4.810136 8.305055 7.148169 10.246136 5.250353 4.345926 7.287095 11.330738 9.399962 7.061406 2.406951 7.428955 7.300467 4.884549 5.173818 9.627465 11.736814 9.297686 6.627578 11.494426 11.842102 6.938178 6.664579 7.250733 9.458590 18.851596 18.744305 27.548940 67.921687 167.957746 272.237458 234.294404 101.311459 104.698386 67.602357 32.014783 17.595787 21.470452 26.754237 20.947503 9.277773 6.776588 17.885656 9.867063 5.332559 6.443457 9.188482 5.678089 6.272070 10.086140 6.688021 2.066136 4.987453 10.604453 11.892848 8.176221 5.327380 4.712776 7.194063 9.315630 8.341408 7.330421 2.008310 4.994666 7.562950 8.204806 6.526534 5.092252 4.964383 6.956319 2.777581
5.780116 1.731103 306.9504 306.9504 0.000000 1.947232 9.079460 18.246839 13.590975 16.414317 12.274814 12.534826 9.619835 4.711925 6.604612 14.572184 12.168538 3.981031 3.664026 7.436703 13.413370 12.028634 23.746147 57.470704 50.318020 13.337594 10.470066 15.718615 17.291951 19.827272 26.934961 16.886050 7.168161 10.274971 10.065483 6.645562 9.809602 10.256528 10.614877 10.312877 9.038822 11.840277 13.323849 9.283155 9.120860 11.224668 10.023616 7.199506 9.683787 16.110060 18.859835 17.329882 13.021238 12.178354 14.353274 12.739825 8.607032 7.918572 17.452131 21.076065 13.697223 30.591401 71.071589 67.323334 102.098569 260.653596 242.070912 101.305388 34.293218 11.746510 27.663917 14.372849 8.477244 21.685981 15.864793 4.727505 14.183849 19.236655 11.720957 9.464325 7.004385 7.663245 12.727598 14.798104 7.799624 5.340644 5.217719 7.277448 10.707326 13.206670 10.137690 8.702200 8.098479 4.305800 12.422969 12.945889 4.826527 12.118890 15.057504 10.626706 2.270592 5.762592 6.824295 15.036039
5.830143 1.699424 299.6637 299.6637 0.000000 3.430350 17.441509 21.349815 9.023893 10.288854 10.697825 5.563764 3.724920 8.344033 15.655645 21.709005 17.858224 11.113851 12.824456 19.002715 19.519993 24.197174 55.489473 57.198433 26.965553 14.281515 16.404511 17.086856 14.813880 27.395227 24.286879 12.713915 8.254412 21.367603 19.792889 10.869541 2.196732 6.632713 7.984735 4.116478 8.333533 10.364408 4.472712 5.463050 6.961258 6.460175 7.779710 10.599091 10.651062 9.570545 15.792952 10.603000 9.657885 5.196827 16.993931 12.143408 16.432231 36.033053 58.908705 55.246948 42.332103 23.682529 30.880818 133.113915 276.225563 164.503019 17.301496 45.209960 48.264148 40.135127 30.662658 27.836783 21.775776 8.866381 8.566178 14.463128 10.329926 6.697937 8.815958 12.543738 14.849436 10.055653 5.373640 4.788672 2.407716 4.318413 5.772545 5.716325 3.549536 5.070593 3.031830 9.373945 16.908529 18.121814 16.234537 15.619109 11.684362 8.353625 8.184600 9.883143 15.868091 18.712878 11.471536 10.071806
5.880013 1.695381 309.3373 309.3373 0.000000 6.174434 22.419632 29.585713 12.873367 4.855664 4.619444 2.139652 4.490430 5.591535 9.211795 12.497360 16.771572 18.767345 7.358913 28.324298 36.050557 15.126405 50.384139 54.575873 24.886124 1.412872 5.268261 5.106133 11.547998 16.568178 18.624332 4.361960 18.629469 16.570563 20.687490 19.153634 13.495571 5.750192 8.010203 10.000495 10.379523 15.064247 11.098254 4.790487 8.061469 6.609982 8.509669 12.100459 13.688120 9.506966 3.436856 14.056032 14.758674 5.997251 15.629955 23.623013 29.817957 23.116291 14.665731 39.481191 62.638934 55.161394 29.589195 29.956857 54.007749 142.492171 266.380828 176.298548 84.171306 72.508498 38.236902 16.945378 36.421608 37.493723 24.493344 9.879135 9.159076 10.077284 16.176578 14.587511 9.792427 17.518212 20.738282 11.570682 8.215989 7.518090 3.578388 3.934189 7.830955 8.252895 5.938648 6.818871 8.966734 9.759123 11.911440 11.881426 8.614569 7.852119 6.766968 4.222669 4.636735 7.911341 13.921677 14.610928
5.931812 1.684757 302.1338 302.1338 0.000000 8.672947 21.803062 20.496208 11.779880 8.662922 6.304876 2.530485 6.583199 3.317285 3.511159 7.582077 10.652544 14.555655 21.463395 27.682757 43.227352 58.153425 34.336004 14.882838 9.610560 3.520645 2.160825 4.705297 4.656545 14.078201 23.952435 25.131861 15.943393 8.867968 2.830508 8.563263 8.569397 8.107989 4.324325 11.182253 18.052932 7.295006 10.940658 7.290368 3.993692 8.071190 11.152913 5.784855 13.144558 12.682945 13.726735 14.815098 12.443416 18.996633 24.915177 18.364552 17.375437 22.434333 22.561219 22.469739 28.171340 32.543859 46.777779 144.390921 279.473289 180.958437 83.307036 56.661558 38.163445 21.206114 12.896704 15.177368 15.466065 16.696393 4.784683 16.350438 18.477404 15.133610 17.593930 17.664911 20.139211 13.797881 5.577068 9.079279 7.188605 4.277067 5.388291 8.342100 6.250948 10.621379 10.889494 5.673750 4.252561 5.167408 3.093290 2.810568 3.640484 7.371579 14.490898 20.717895 15.147335 3.934699 3.821329 3.487677
5.979934 1.665168 301.0000 301.0000 0.000000 10.801285 8.296645 7.232894 4.962039 7.693408 16.417968 14.806372 14.533991 13.907107 16.305618 19.218950 12.611026 7.591724 7.628998 10.207396 39.357957 65.793661 40.110026 13.455213 5.402299 4.489962 7.531515 6.035925 7.306139 21.228399 19.872390 12.033012 17.527340 11.134742 4.547062 5.751063 3.851292 5.928546 3.959006 7.768109 15.823131 15.917636 15.954303 12.993778 13.126299 20.001551 21.573494 12.707915 10.479222 13.770725 8.097232 11.679680 16.441402 29.120840 27.775056 17.403990 12.412965 11.345424 7.851742 2.681484 7.130842 3.491934 32.499238 118.688441 298.991998 221.608957 44.290313 4.426463 10.341584 4.345420 13.562447 12.336694 11.537695 19.160370 26.049327 28.903964 18.587406 10.757985 5.765493 10.697856 11.539673 10.879371 17.818968 17.885394 11.635389 6.976461 10.731942 11.809868 9.066863 7.944417 7.455856 6.638952 10.303746 7.767317 4.530229 4.643437 9.679955 2.812361 21.087285 20.330415 7.025634 7.630345 10.608216 10.085390
6.034724 1.667992 304.5554 304.5554 0.000000 11.331107 7.221990 8.078651 12.587368 21.058200 20.766031 10.033845 9.428704 14.232252 15.566029 27.536310 26.404323 13.313398 8.728012 24.298352 60.307787 73.411259 36.788254 13.916987 10.291705 5.900463 6.541720 13.098316 19.062242 18.268774 13.620155 15.581276 20.416705 21.469079 15.652037 9.297337 8.667192 10.711836 8.098047 4.404654 10.309278 15.761626 13.644844 10.251648 3.943009 17.085415 13.848540 22.032501 30.233423 31.191480 23.797365 21.313642 30.960074 42.703788 39.295764 26.593234 17.987623 20.827554 12.009674 14.102782 14.731622 10.560211 14.254929 21.790528 108.887655 248.800584 174.018104 19.969347 17.047206 13.870085 20.597492 17.861903 11.181893 16.407431 20.140734 27.316442 35.554215 34.061376 23.660946 19.825234 24.208323 30.306820 29.321735 15.683705 14.316307 10.178553 5.067777 8.448725 14.054808 10.892467 8.057503 6.195553 9.566019 16.728982 11.808950 7.908959 11.550836 14.993367 18.409727 17.691932 6.106875 12.566960 13.467520 12.274214
6.085365 1.651459 305.9813 305.9813 0.000000 9.657020 10.290428 4.023662 12.796998 21.223516 12.942389 2.824275 6.976534 9.367400 11.162979 18.868199 19.523424 13.912944 15.030890 46.593447 68.857403 51.796380 27.787043 19.513928 15.361689 9.268650 9.561048 15.773074 19.265465 15.114808 13.545286 20.214899 11.635008 23.474981 25.693256 9.929261 8.057819 13.079674 19.504409 18.079033 14.811376 4.223340 5.800747 6.248306 15.011434 20.291016 21.862237 23.430763 23.164097 26.632923 27.336962 40.102281 31.749995 16.449732 15.154491 11.017544 15.728518 18.340014 17.596579 20.281852 22.087152 18.295641 22.302832 15.937128 186.633471 270.993059 112.207787 37.727606 17.232000 9.005290 27.595626 26.959779 20.031854 8.964141 9.965896 10.591125 28.077852 23.165155 15.571841 15.064850 21.763348 37.892686 22.402812 12.152213 9.025046 4.551788 2.951585 7.524427 10.355273 6.992085 5.432293 9.670304 21.832796 20.095771 18.923540 7.075491 19.518254 5.509214 15.473803 14.276913 16.850301 10.863970 7.545830 11.196530
6.134767 1.647678 313.9464 313.9464 0.000000 6.480582 7.768779 7.959653 5.142270 14.295263 6.564908 5.928250 9.433861 8.344610 5.479499 8.602933 2.768185 9.050650 16.346546 53.615554 59.141544 17.997031 19.410828 16.712364 16.063330 14.914539 8.396309 6.951265 11.325756 6.053864 9.903832 11.233503 8.040612 26.733730 37.209454 40.132659 34.689784 26.238745 18.243604 10.321229 17.898104 12.667353 5.422362 9.400782 9.659725 10.573939 16.518974 15.688216 19.786780 29.480268 44.748716 53.580510 43.148533 19.614593 6.684653 9.179384 9.534325 8.683274 10.613300 11.115818 10.532710 11.190250 19.924648 17.922382 19.352324 80.863936 217.901009 228.823164 88.949461 36.067495 23.834383 12.346353 17.707389 19.825007 14.196002 10.004872 10.331275 12.678663 10.859450 13.742003 21.783506 31.982774 39.154488 31.986555 15.755397 7.509676 5.443937 3.930046 5.256351 6.206853 5.387267 6.106775 8.507839 8.096578 13.250404 28.613346 36.847307 36.306647 31.694898 22.160838 16.560419 9.286854 11.764245 13.452309
6.185201 1.658277 309.2213 309.2213 0.000000 7.111152 11.726073 15.192725 10.573969 6.666094 5.542829 7.629495 10.523079 4.526421 2.597037 6.552933 9.694028 19.728062 50.018534 73.604927 40.561487 17.350096 26.272944 24.179730 21.364765 16.819056 15.474262 14.118070 11.127260 5.162224 5.743066 12.392145 16.847386 20.525460 17.515404 28.304706 28.637553 15.435442 11.416468 12.949887 13.878972 9.388456 6.026033 6.999393 6.472210 9.637071 8.068489 6.987400 24.016092 47.805202 24.341402 34.780734 14.983667 5.316100 7.523899 2.531453 9.057865 12.934819 16.621115 14.076700 12.801317 20.549138 24.124363 19.851343 39.732022 177.425306 254.277794 129.995294 37.781878 24.518600 14.734969 13.929118 9.456628 6.655014 6.868808 6.289399 6.307368 9.921840 14.656839 18.488018 30.899978 17.708779 18.915444 19.810476 12.142887 6.854822 6.281564 7.986366 11.018231 9.960564 6.413237 8.334769 12.320906 23.728570 21.488891 19.066744 30.844643 22.362355 6.376557 12.275555 16.008729 19.019984 13.311013 8.247798
6.234784 1.637974 311.6374 311.6374 0.000000 5.075461 16.051791 25.109667 13.085338 5.377496 4.234685 7.635030 8.727423 5.678384 6.759228 6.449158 8.216970 17.043639 65.069477 78.985147 52.835072 37.739348 20.908126 13.443750 22.124148 9.971405 11.619841 7.337360 6.353628 6.109742 5.937269 11.784202 8.545189 2.886245 5.067013 17.561781 23.944722 15.193769 6.901484 6.184478 7.271546 9.766074 9.043753 9.249788 9.452564 7.831523 9.879758 13.278503 25.179078 36.013787 26.585849 15.616432 18.901383 17.764042 10.805996 6.581274 10.050105 9.633809 6.417037 12.549999 11.248139 16.337135 6.742762 13.235040 19.112580 84.690128 254.112951 205.687071 43.013995 28.998257 12.802403 16.598725 5.052996 9.203327 7.168588 1.697644 9.333163 13.437242 14.467390 9.314344 25.045994 32.635276 20.795339 26.959699 27.000680 11.144561 9.576012 5.513058 6.680251 9.091006 7.967317 3.580763 5.265652 8.073903 19.917345 13.749370 9.057259 9.064727 5.366385 8.291072 8.731972 10.849595 14.803238 8.220857
6.288481 1.648651 306.6520 306.6520 0.000000 9.575644 18.472516 21.500223 11.922886 12.000248 8.024746 4.094309 5.166065 1.881418 5.343376 12.565059 31.230587 64.117078 70.579013 32.603005 20.696470 22.321728 20.898169 22.528523 17.115957 13.247107 4.649383 5.937546 8.071460 4.398440 10.047410 17.665634 15.619679 14.965038 12.040454 16.150314 26.976680 10.780370 4.342524 8.683633 10.581890 3.946584 8.987025 12.191006 14.217580 13.436897 11.162758 16.588194 19.989553 23.836446 26.158249 24.687986 33.536981 21.699695 9.832819 11.695113 7.800960 6.848866 12.166143 16.805770 22.401247 19.953990 6.982555 6.383648 79.666976 241.347136 215.895273 41.353532 41.812480 28.237599 11.808032 12.984095 9.008096 6.379021 10.050970 10.811762 19.335100 20.849912 26.998077 41.770892 26.394503 12.737426 16.545351 15.662929 21.039205 13.023062 6.332956 5.852774 6.998387 4.019493 2.594454 6.180069 13.687809 14.662360 6.810087 5.133543 3.239078 8.788359 10.794271 7.069046 9.330694 10.878894 6.432311 11.257488
6.340020 1.661539 310.8245 310.8245 0.000000 21.381938 12.142955 12.163727 13.590529 18.214994 16.309278 11.187239 7.859197 2.745361 6.143573 13.818114 40.694921 72.088650 54.759119 23.908897 13.437679 17.275077 23.261102 20.914927 13.242356 11.021612 7.097104 10.120038 12.275743 6.969380 13.185624 17.863181 8.710342 14.931555 16.930204 25.103540 25.440286 5.915594 4.346935 8.379101 14.474115 8.470243 4.617168 4.313059 11.585952 9.759885 13.618070 22.086306 21.106546 23.745316 21.818304 24.286235 31.661892 24.184913 19.020988 21.724901 16.208325 9.969082 7.255778 2.981144 21.458076 27.118566 17.911267 32.164486 32.208781 217.942971 263.583584 97.768676 46.813555 14.317663 5.395509 17.829918 22.331739 21.401553 13.757620 8.608188 11.830365 15.154004 31.374952 38.218606 27.786158 11.050548 7.338084 17.031058 19.730780 11.482288 8.994251 12.445398 10.305834 3.745606 6.613620 7.124445 14.349519 8.652018 6.124526 5.798576 10.627172 18.578387 14.033110 3.491454 5.770312 3.913988 5.746203 10.249086
6.390019 1.669613 316.5253 316.5253 0.000000 17.714086 16.479742 11.768291 12.975778 24.794690 14.665271 8.829839 14.707237 8.580878 9.111471 21.325427 54.333062 63.916868 18.752575 19.723648 9.962828 13.698018 25.395536 15.403936 14.348785 12.086791 9.152393 7.593754 9.866081 8.950843 7.340834 14.349775 15.107115 6.925645 5.715930 14.467236 22.717653 18.507578 6.400232 5.720821 12.711131 14.756963 11.263550 11.972334 10.659419 7.754460 13.853254 19.922259 12.555461 11.100752 11.552460 12.768001 18.693232 9.888092 16.386673 20.519127 22.020317 12.975083 6.761298 2.700495 7.532079 25.063450 22.295082 23.190529 46.898550 76.592494 221.298386 280.850997 104.298755 52.160009 16.786786 10.392796 11.186642 11.964340 26.551490 17.291689 7.732096 5.562040 3.529908 18.777910 14.726573 15.498169 15.953524 5.799205 17.421386 18.904505 3.578375 13.398077 4.550622 12.347397 14.791364 13.578449 14.907267 12.702935 12.149398 9.655491 5.207089 4.128765 12.382322 16.496620 9.672638 4.956386 7.230589 4.895184
6.440060 1.681706 318.5925 318.5925 0.000000 4.595481 15.958056 13.226390 10.570240 15.459549 21.155787 17.222038 6.232776 12.256001 14.128315 13.929391 63.416094 65.529798 26.566620 14.324299 11.476854 11.292850 29.457688 30.980859 22.315595 11.952136 15.585299 12.057108 5.352377 8.207057 5.341336 9.496626 21.223856 16.690922 7.668811 4.549924 13.103208 18.812659 9.706204 7.035641 12.424828 10.574036 10.356968 17.458504 14.088591 9.476268 11.430002 18.662157 17.076202 7.392044 4.553167 13.130891 23.208440 19.762140 13.734805 8.496371 5.471049 14.410826 19.016013 18.957101 21.327318 31.688344 31.165441 16.334277 22.671543 53.228007 115.953355 219.353436 231.575556 126.954675 54.882032 12.314873 5.134937 8.600649 13.960946 16.281518 13.971012 14.080743 15.401880 12.363182 12.331126 16.481696 15.245799 8.968504 11.586262 17.198050 18.432191 17.941907 12.153558 7.465266 8.987943 11.215919 14.201085 7.165185 2.083712 10.089693 14.077244 7.519538 7.602679 7.405635 8.506634 12.946563 15.608925 11.562900
6.490060 1.677849 319.0293 319.0293 0.000000 13.615462 17.300914 5.138178 13.792206 7.403326 19.715800 19.577592 14.813388 16.606755 10.743240 43.501130 66.760500 31.375251 19.354156 12.286160 20.078819 10.144113 30.612862 43.596630 31.299759 14.834222 10.115640 12.260896 11.869031 2.344307 11.468089 16.965014 17.519181 12.268890 10.937739 6.448150 12.644007 16.383205 6.884565 8.392554 12.231446 17.365208 12.840605 7.089567 6.483105 5.598928 5.158188 11.336092 16.933718 8.548593 4.229949 12.303145 24.353595 18.656035 11.838766 11.356300 6.150805 9.393273 12.718877 21.537641 33.662253 43.151809 35.951183 21.700262 12.847324 15.703959 37.943184 126.062409 265.472919 195.274661 63.557340 18.836655 5.943886 7.009656 4.874999 6.216811 9.291738 13.008717 23.751352 16.288746 5.070565 9.594090 16.869573 12.774438 12.521257 8.614659 7.300530 13.856887 10.887110 7.841922 10.166881 11.338387 11.463269 10.651975 9.711429 12.961602 13.196975 10.933601 10.804547 8.138644 5.733865 7.248956 14.037920 13.678066
6.540291 1.680801 319.1198 319.1198 0.000000 15.340442 11.214008 9.446473 17.308345 26.030568 15.122294 9.038971 14.703883 9.584565 38.132187 72.381771 52.349878 11.763949 7.877276 22.348396 29.598248 16.435400 16.803611 23.385643 23.151862 7.037346 11.547111 12.792269 11.303688 10.645637 18.632973 19.377396 6.765071 1.428989 5.916450 7.019093 10.876069 15.080445 11.027407 6.107427 11.496273 25.914141 20.054829 8.856328 5.843498 4.695837 6.196545 14.748841 12.216715 4.014900 5.371956 11.393408 29.103460 31.739227 18.196746 12.406271 19.873150 24.833163 22.519491 15.011819 21.892304 20.866627 15.272619 25.108135 20.729688 10.304688 36.202199 154.385561 261.752073 150.666375 16.403975 29.801452 22.710481 23.238464 20.767183 16.261869 8.452213 12.180316 29.122915 32.439315 19.578567 11.349231 12.831162 20.387337 21.527629 11.625587 5.029236 8.136465 8.558124 13.487620 18.262785 11.594171 5.139746 4.900525 9.623424 13.347100 6.875734 3.018710 6.292047 5.972180 3.778311 5.377342 9.388211 12.765070
6.590016 1.684595 316.7358 316.7358 0.000000 9.170220 7.343213 8.562047 12.812268 19.285864 24.179368 18.280441 10.321362 26.504441 61.698628 59.143379 23.526728 8.193404 9.368126 19.051238 31.946727 26.439118 16.356633 16.253105 16.136386 12.498334 13.836573 10.732839 8.886033 10.074970 15.488250 7.874502 3.972992 7.033934 8.872767 9.786077 3.890558 7.977830 3.707289 12.331198 27.273387 29.989933 15.339480 4.191024 8.405019 15.650736 20.766664 12.488821 2.909508 6.730897 22.793586 31.875485 19.604162 13.187997 14.142556 20.619964 24.910351 28.124261 20.791557 15.295496 25.590693 31.822124 15.249513 7.387254 14.882875 38.223668 192.705564 271.521590 125.494333 26.732232 16.730861 32.920791 23.210610 21.855988 16.307000 9.316816 14.064269 37.105473 22.824030 11.503203 8.445177 8.096094 18.419417 22.661760 15.089538 6.877502 9.715539 20.277481 19.985471 7.435828 1.424078 3.411935 8.413538 10.854790 5.092445 1.679667 3.239834 4.005725 5.899991 10.546772 8.173414 11.547634 15.485879 6.686768
6.644699 1.691834 316.1654 316.1654 0.000000 3.340335 8.208024 7.266953 1.516231 6.220930 16.476835 21.201352 18.978853 46.510366 70.775186 41.494278 16.016791 19.643548 10.254911 13.440843 26.001385 32.526254 23.898362 13.103102 10.075812 8.611456 5.407484 10.349146 12.126756 10.010179 13.183628 10.443111 10.842565 16.290201 14.544358 6.227445 4.259991 9.393438 12.948164 1.885445 16.094315 17.241420 11.039979 7.106500 13.831325 12.130755 20.572838 28.002603 20.321577 19.593080 26.766540 26.266377 20.592460 17.268232 10.481903 6.905291 12.075420 23.480765 14.885963 22.800739 31.352360 32.881739 19.941841 6.933196 7.319262 28.881790 138.167491 292.608632 182.669428 34.998511 26.186599 10.373236 12.737404 14.269651 26.754545 17.559839 18.483226 28.391260 25.192642 21.928578 23.128964 13.116879 9.243136 16.254714 17.432284 9.905893 12.553690 19.178246 12.083247 7.943097 7.392325 3.616029 7.258334 12.301737 9.044003 5.600108 4.842698 2.853961 4.359571 8.686325 11.596743 8.829801 14.523850 7.889015
6.696159 1.695784 321.6113 321.6113 0.000000 6.525376 5.398684 6.005915 1.898779 3.401632 9.532189 8.262838 22.845543 48.053773 54.840054 34.415677 26.156455 22.472583 9.623948 6.416440 10.298456 14.264798 24.119139 24.826878 19.408494 16.339364 13.983430 7.481822 8.422920 12.534755 12.406579 5.729387 12.234744 12.491559 10.873930 3.720768 1.732805 10.088109 13.356422 17.504172 17.563349 16.120183 16.641164 7.106586 10.842557 22.009950 27.241048 23.076849 22.749951 26.589058 15.465371 11.980950 18.167313 13.403518 6.408879 8.314064 12.818331 27.409193 44.383105 36.598153 17.949090 16.690203 15.199919 6.899897 8.636618 24.962980 40.267903 220.753317 275.524556 112.755401 16.804180 10.865696 7.526674 15.342831 22.998852 17.015246 8.474032 20.283003 24.670218 21.819208 26.633662 20.395242 8.068296 6.542828 12.890110 11.441572 24.293324 24.220140 12.454879 7.942117 6.276072 5.627489 7.482936 9.554075 8.436469 3.400660 2.801897 5.392506 6.988111 11.143412 14.430485 12.375526 10.924635 5.842481
6.745253 1.691967 328.1169 328.1169 0.000000 8.041656 3.595867 6.015186 8.679216 9.880188 8.325253 16.334015 45.641080 61.997441 16.139318 13.832524 6.207956 19.930592 20.160285 14.574034 11.929483 4.768569 25.377860 37.094656 15.929502 9.694413 10.807017 10.757334 10.597700 10.444483 6.778467 11.486756 13.683957 6.667652 3.432128 6.222944 6.898698 8.592745 9.347357 8.429381 19.180187 33.743204 26.744556 10.874852 7.074678 11.155974 17.778245 17.141694 9.695689 9.417086 19.407453 22.367399 9.520326 5.916686 7.267760 7.202733 7.863045 6.335405 19.255826 48.430716 48.273373 22.105408 7.464707 4.683135 3.738431 5.207715 8.473649 22.406711 134.149644 269.490221 198.545838 54.987677 10.985067 8.392791 9.651507 11.824687 7.180390 13.007560 21.730233 10.876501 2.170699 8.322710 13.277000 11.356706 9.061423 9.547860 16.309325 31.071047 33.761325 11.838975 8.560871 8.917094 6.994141 6.018403 2.649821 6.887855 4.655652 6.643430 5.725493 5.872208 8.570490 10.715991 13.817954 15.351284
6.794607 1.691692 322.7807 322.7807 0.000000 4.299758 6.010539 1.481780 11.910053 8.281922 9.553412 22.193460 69.245639 69.261629 34.865016 14.645291 10.714159 11.631679 7.808514 9.963743 15.362973 26.648060 39.113024 30.360146 13.574762 6.823770 6.663913 7.731886 8.883574 6.260733 10.750127 16.358671 9.885614 8.901465 8.066050 6.017445 9.158478 2.414506 5.654473 12.502253 28.295657 27.324863 12.921284 10.654492 9.717429 11.035071 6.951430 9.925259 15.566460 23.541192 34.568605 23.824639 9.124727 10.893162 8.918125 9.753302 5.245246 18.627664 41.440640 35.586041 12.046465 8.343702 7.290308 5.233677 5.343092 7.331580 13.679493 103.301856 253.713500 206.817017 56.246833 7.440717 10.014686 8.988299 15.818169 11.442679 26.372038 29.921586 17.009842 11.943872 2.665698 6.254660 3.755032 11.216117 4.276507 10.546836 28.184199 30.835907 14.660470 3.445672 7.177845 7.133998 2.124681 6.319303 12.932101 15.882597 13.589832 8.934120 5.344998 4.177442 5.327398 7.929870 12.234211 13.149245
6.845233 1.686066 321.2175 321.2175 0.000000 1.743773 6.670029 8.563890 9.667533 16.492431 33.598364 63.720325 65.744169 31.642050 38.444479 23.451822 14.897024 7.772014 6.790320 9.592297 11.740826 22.433266 28.841937 13.501818 5.499865 8.154645 14.939354 17.575242 9.853225 5.679932 7.389549 12.517157 18.615216 10.086349 5.443156 10.655060 15.943138 15.641466 8.606203 9.795536 10.866802 17.149597 7.415976 19.026800 17.479045 13.676639 7.588781 10.247709 16.319066 16.383051 25.408532 31.420356 33.750845 28.062245 16.195284 9.070477 5.520106 15.084683 29.650605 27.008332 21.887824 21.523780 12.328786 6.683550 8.807902 8.216574 19.060016 150.787119 296.426876 160.194233 16.456696 13.633513 17.680954 14.984586 31.659648 43.227040 32.354050 12.509270 17.047128 13.796309 13.706958 9.161891 11.011016 19.579466 17.211602 15.990784 16.294935 11.922111 10.273347 4.218060 6.051422 8.927950 5.405910 9.118207 13.027114 11.075265 7.341052 1.588148 1.006519 7.686785 12.801098 14.827315 11.256211 0.882610
6.900918 1.693037 320.1803 320.1803 0.000000 2.468314 5.077929 6.157911 6.215825 15.045898 34.471512 81.738717 68.287351 36.607088 19.147303 6.335919 11.197814 6.948353 12.534490 23.765305 26.743381 13.923516 9.659283 14.483223 13.492436 14.751817 16.325746 14.136832 10.857434 10.204063 10.815833 13.473878 15.954225 12.391381 8.640205 2.636424 15.007145 24.595725 18.919180 6.446784 8.016949 17.635970 17.081135 12.967013 7.504946 12.967387 6.731922 11.283460 19.321481 16.817310 14.378356 25.678295 27.902556 23.139720 18.156645 14.263582 14.913214 10.843794 16.954247 22.254391 16.631438 29.114284 17.746564 10.802870 17.196299 22.707577 41.143102 159.032143 281.164984 128.728332 29.621363 27.958357 20.298887 15.119507 26.918205 41.700573 32.776913 18.270185 12.976493 11.530309 13.940284 21.119929 23.053876 15.642230 18.086868 12.333840 4.307229 2.672970 8.355757 12.366509 16.174353 15.346382 13.048396 7.342682 5.947537 5.443069 4.417763 9.183183 11.659807 12.509224 6.601918 8.777132 5.410552 5.979762
6.950094 1.692936 318.3764 318.3764 0.000000 6.791816 5.895624 6.965619 19.613130 38.656268 62.617922 63.967934 32.876100 37.669200 21.416403 7.086843 5.897286 6.437931 11.947921 23.527017 29.811183 22.285966 7.567546 11.515431 18.630510 11.252721 7.411727 3.153261 9.335833 10.405154 22.854076 11.774085 11.780646 5.008348 10.736540 8.669799 9.935159 15.608796 16.176341 15.090532 14.641492 12.570726 11.463679 19.009769 20.344465 11.588253 10.929847 26.357907 30.053344 15.428480 15.403469 13.212271 18.203581 24.460463 32.708559 17.420764 12.324194 23.210280 18.619461 20.196287 23.767193 26.464130 16.336206 12.440626 17.556759 21.992900 72.246827 213.486701 238.233888 97.646760 19.254867 21.288788 34.649062 30.581189 36.947537 19.338442 24.930716 21.051329 10.333585 12.962280 18.613972 24.725687 20.146915 15.303374 14.822333 6.407382 4.727299 7.291884 10.061562 9.347714 14.126937 9.673223 11.532088 8.537728 6.786750 6.257392 12.448492 16.057632 9.793392 7.176507 5.985447 10.613206 15.195955 13.199968
7.000113 1.693407 325.5235 325.5235 0.000000 12.966935 13.417462 14.128337 10.288804 48.351102 78.222983 43.067699 28.348861 26.751463 7.534675 14.426613 6.719576 11.207596 17.010923 15.250399 10.450488 24.023012 23.471447 12.494870 5.727559 14.347924 9.229863 5.778288 8.834198 14.093164 21.493499 29.235982 25.851820 20.049032 16.076175 10.804934 4.728031 4.896708 6.994666 15.649670 16.482728 6.903313 8.193453 17.293292 19.205691 19.305795 13.920225 20.439291 30.947188 25.184741 13.296015 11.223746 6.421794 13.810581 31.750110 25.830416 10.760298 26.682456 41.162748 25.123159 31.237819 10.848220 24.471821 19.954107 12.802991 25.769587 31.669461 27.141407 164.096091 280.752236 132.564878 24.364949 52.082380 45.255836 13.609107 47.680333 46.747216 23.897360 9.969788 23.230656 25.208689 28.427409 16.434525 9.243304 13.087628 13.312850 12.083824 5.742697 9.480381 9.997097 10.667840 12.031012 17.582730 17.712732 9.487887 7.232877 14.947364 24.419895 30.008347 20.760579 7.365262 4.524665 5.011568 11.515140
7.052903 1.711791 328.2937 328.2937 0.000000 15.862672 11.470834 6.340632 27.754904 69.608976 71.073925 16.315046 19.687246 22.670708 33.182734 32.500792 23.654879 23.567672 17.359498 16.309339 19.279213 6.892932 15.229958 20.324484 16.840558 14.336210 5.465541 11.654766 13.979456 19.816430 19.064705 18.839933 17.277866 13.745173 11.826184 8.571760 8.527482 10.559096 13.637231 19.708188 21.042196 12.916580 10.664512 17.322238 12.675278 6.027240 12.832859 15.810440 12.994176 14.767167 5.069420 9.918968 21.056951 23.670320 27.155541 18.329703 7.574438 16.470290 34.479532 48.081919 40.565572 27.058629 26.138724 25.745719 24.059733 33.636468 44.639243 54.690230 101.117175 203.358703 198.988074 108.726656 85.954975 70.762511 49.893133 39.059972 31.189539 39.489044 34.896543 26.442281 30.833667 27.445339 21.624252 15.033495 12.588557 17.519471 21.928613 21.275144 13.740264 7.985305 4.189271 7.301904 7.628391 14.532063 17.794300 15.336591 16.881568 22.656066 27.528744 25.449063 21.090127 11.262168 7.440901 4.240687
7.103571 1.707642 325.6425 325.6425 0.000000 7.061442 8.726373 17.495438 64.168696 84.852379 42.850592 17.302729 19.699007 26.932545 37.804711 26.077210 22.412557 26.298459 22.946447 18.815984 12.688595 8.245934 9.431037 8.953820 8.136836 11.721716 20.176790 27.519363 18.373116 5.339878 8.081969 10.728922 14.962587 12.155398 5.655666 10.500826 19.973380 10.219484 9.572039 13.841979 11.862541 13.846107 17.294545 12.967880 14.150854 14.272715 19.375086 18.584590 19.475977 22.631805 34.024419 42.248067 31.279229 25.152318 22.491197 10.762115 13.070277 16.704388 26.076742 21.604445 18.021491 18.053855 7.844353 14.129490 30.177236 7.590958 38.451551 31.240767 213.634586 260.051231 109.934285 41.678526 29.783561 56.500571 47.958492 34.412452 32.492095 20.490733 12.055557 15.073856 11.447682 15.028423 15.585205 20.258407 15.135331 13.865525 24.577169 22.981744 13.334400 9.640254 13.425768 9.373816 9.463082 15.878297 9.082950 9.699477 11.072559 4.235790 12.699520 11.935344 10.858271 10.457519 11.527931 10.945595
7.154765 1.708048 330.9971 330.9971 0.000000 5.912536 8.809870 38.975924 85.993449 62.136709 17.333599 6.601430 14.414540 34.500566 35.257964 11.597433 14.016359 23.245743 31.824534 17.039389 4.094749 9.144202 11.295369 10.007199 4.162031 3.503423 12.894165 22.237810 20.023194 9.162950 5.667781 9.543630 17.866719 16.336779 9.041865 12.163972 19.612892 17.364017 9.770088 4.886143 6.436198 13.064325 19.371576 17.439859 15.254603 16.509607 20.282887 14.415278 16.268516 13.566945 32.587561 43.100357 33.876792 17.364729 21.811300 31.395478 26.855311 15.564178 9.523950 8.833939 12.990198 20.788249 18.924827 11.323005 13.864931 16.102120 41.055585 44.405754 43.161098 122.741863 282.276769 174.305890 57.746618 53.886762 70.652803 41.881935 19.643545 11.360803 35.820156 20.941036 11.544325 16.461396 10.220602 16.068848 19.102795 11.054668 6.726021 16.872927 30.597760 26.872192 8.975917 10.543183 15.078848 10.775054 5.538445 7.033115 9.757920 6.439461 6.218295 8.850036 4.145237 5.227284 7.628768 6.622617
7.205232 1.702794 331.3444 331.3444 0.000000 13.888690 10.911336 61.753104 79.045111 29.838041 4.944798 6.029282 11.310216 14.002669 28.615859 35.298838 23.833064 9.306353 23.834647 22.507554 8.759566 8.728725 19.646349 17.869645 6.059559 2.956731 6.897956 7.342608 12.361103 15.496118 10.750985 11.734816 20.051757 16.196247 6.861513 13.363313 17.832269 9.979884 3.317914 4.718479 11.179314 17.457499 17.814753 23.026578 25.966283 20.567886 20.527657 25.709790 32.878893 33.185778 27.293914 20.764270 14.017388 17.684953 11.917847 20.928255 20.849226 9.210006 7.221449 5.116370 3.871350 8.380157 22.877784 33.035787 29.449138 20.374058 55.070962 53.148382 32.137609 106.917188 255.717722 186.503879 61.055755 39.921210 43.840924 38.318208 46.092906 61.070716 41.401882 34.571033 30.593458 15.051757 5.028970 3.929711 7.789672 15.935548 16.198254 13.909422 28.873156 30.196793 10.193069 5.092445 12.303233 14.987087 8.947252 10.264922 10.365978 6.302673 11.040857 10.182698 4.183345 2.656498 6.207681 8.750946
7.254704 1.696651 333.1070 333.1070 0.000000 13.236725 47.675935 85.836419 51.448349 9.854525 4.322537 12.887543 16.304851 11.583151 12.914135 26.454908 32.313764 9.795294 18.898651 23.878813 9.307363 11.168218 13.409520 21.232881 16.099682 10.123726 11.885065 7.875441 4.351932 14.364912 15.751913 10.083747 24.206376 27.088547 15.430539 11.360890 15.492462 9.507556 4.058910 4.469086 4.715614 11.592755 8.428912 8.136616 27.087005 36.114800 21.488889 22.492995 39.528680 36.858651 16.712564 9.159288 14.379300 15.338379 18.333215 18.180427 9.620046 6.392515 13.638012 14.583153 11.824196 14.783638 13.595102 17.996958 36.353899 40.032835 51.258889 71.186975 53.527318 98.395759 207.791813 158.790449 67.723311 55.799690 52.326498 57.116806 82.600925 83.490025 45.210511 29.654132 28.757920 14.062551 8.408673 6.931695 7.259974 12.288141 14.367083 24.754332 27.828169 24.692280 16.649331 11.250661 15.056692 17.509061 10.989977 16.132299 21.419603 16.112638 15.391294 11.389668 3.719536 5.853442 5.995305 5.535685
7.307912 1.691194 334.0738 334.0738 0.000000 10.773693 66.823028 81.674457 29.133732 14.199318 17.380904 19.390203 16.627559 3.674593 10.780852 24.061148 38.415117 33.926906 30.302117 20.626966 9.463806 10.670626 9.328309 14.630179 10.892898 11.708126 13.051160 11.825420 6.889882 8.239630 8.179902 23.964980 26.594638 12.367560 19.871463 12.877330 8.527952 11.549239 4.715860 5.969332 9.642391 10.615267 8.726456 4.523070 14.168069 38.409891 42.058235 21.750562 23.361115 22.159551 16.684829 11.593509 5.032301 6.405606 10.323361 15.766577 9.602205 12.076267 20.154169 27.898314 37.945246 36.297000 20.633033 12.157830 29.607530 48.897468 36.079995 36.723506 65.580796 97.954170 177.622186 197.161811 95.231135 30.052929 51.622836 69.463649 100.130611 54.786488 41.271259 38.732212 17.738123 8.724521 12.278413 15.037164 14.444731 12.258409 12.372678 20.187761 24.652435 18.724280 17.896210 14.175615 9.622485 10.824658 11.193418 12.902455 18.643357 18.610607 13.519960 7.306881 5.749289 8.322559 7.257676 7.374037
7.355289 1.707618 338.9694 338.9694 0.000000 46.515511 80.065425 51.753211 17.248296 16.092880 23.024534 4.269664 14.736666 14.104835 11.423425 20.530053 21.097473 28.092296 28.365274 4.884365 12.779095 8.494037 8.994166 14.149715 12.072129 13.302074 15.433685 16.246718 6.891769 9.475046 11.580399 19.306547 18.696117 17.181373 21.871050 21.389553 12.398029 4.446495 10.035889 13.066825 8.345877 3.974055 9.746542 10.862641 12.475603 27.603541 41.757359 35.336766 31.283961 32.179439 27.906581 19.523777 7.041720 7.984952 10.525325 6.742728 15.213300 21.977643 20.249700 21.065745 40.034622 34.656153 23.676327 16.872555 30.968267 35.987915 18.365075 19.828936 69.676802 100.786303 103.619912 172.594707 163.728411 86.244496 95.102500 122.393276 109.084742 65.668959 25.907977 12.709371 13.089504 5.430651 13.469364 18.342985 9.511918 5.771981 9.866730 14.689552 19.927879 25.235725 16.699834 8.034187 7.411583 7.723697 7.108810 8.348908 6.523253 5.758577 6.298539 7.474766 10.774482 12.255097 10.480476 11.294676
7.405175 1.696062 338.4825 338.4825 0.000000 69.944680 64.558160 18.329683 10.137713 12.634563 17.412288 16.925403 12.165558 9.740734 13.435950 21.773273 29.670051 35.627391 35.108808 17.425841 4.731050 1.196287 2.690155 9.881873 19.639661 20.603906 13.974982 17.323690 17.704748 10.439013 7.713509 8.697159 6.383225 4.536424 15.288236 14.613148 16.856913 12.863536 4.597484 16.471149 19.381674 8.265753 6.569640 8.853838 9.207665 3.672425 19.201118 25.322859 17.308357 29.104629 30.745839 22.107276 18.828192 17.960507 15.716334 8.978881 7.129750 9.679595 16.638484 26.240206 32.275984 18.585157 14.669191 18.093056 18.108161 17.311624 23.550096 19.646833 31.001087 46.790295 75.784946 176.359133 230.253596 136.214790 55.480778 66.496777 64.949698 54.581124 42.726926 31.033161 19.303656 12.290974 8.814930 20.916803 29.606052 25.227772 19.076587 14.862089 8.399867 8.535928 12.290167 11.829264 9.501509 12.926240 9.826727 4.170019 2.256433 3.308583 3.969558 9.958998 14.204463 9.271585 7.606371 7.693279
7.454701 1.682074 325.7504 325.7504 0.000000 59.163474 29.319793 10.544936 5.674089 4.120890 9.333290 8.479721 5.856430 5.465724 16.513469 29.038873 24.995162 25.380518 25.847739 8.682659 3.319457 6.021461 6.075403 10.738155 12.800527 8.580446 11.044661 8.613083 9.806382 12.477923 11.976819 8.135673 8.588573 11.024484 7.152295 15.940179 24.212122 18.728586 23.141001 28.057147 17.872178 6.615694 6.178274 7.645849 15.503218 24.605258 17.345172 18.121896 18.814944 5.230396 7.011837 10.873084 12.030865 13.245063 7.632846 8.489159 17.764529 15.372397 30.732061 30.392239 9.130889 17.271473 19.894940 21.226670 37.639704 43.423067 58.396931 61.860819 144.686355 282.506507 164.023413 58.118190 70.811524 17.805328 15.775484 12.563348 11.898441 15.467987 12.142105 12.405604 22.918622 21.117344 21.587322 28.559390 12.459694 3.940122 4.837466 7.083516 10.269343 10.118594 8.248066 4.188470 3.071627 4.794056 6.600269 12.122361 18.560798 15.491030 13.001380 13.434462 20.223900 27.315802 21.116172 14.104960
7.510044 1.667134 330.9829 330.9829 0.000000 52.324777 18.593754 10.071292 7.008706 6.173320 3.183224 3.175521 4.895335 11.830125 17.421122 16.832267 9.783074 22.076978 28.514518 16.519060 9.060110 13.359529 16.880934 13.812141 9.222363 6.831542 8.373489 9.871491 10.356834 4.875096 10.141143 7.169433 5.601399 7.517049 1.770250 13.466753 24.056093 20.182704 10.220616 22.411992 17.713535 9.467539 4.379605 12.182819 20.125170 16.201285 15.068206 16.339905 13.696912 9.721717 13.992724 20.212234 21.389736 20.148284 12.035514 14.140884 32.959825 45.984518 38.202147 24.140599 21.142908 17.939816 7.732434 11.610236 27.905989 30.804411 39.286840 36.342364 84.639932 174.252466 263.638322 169.636917 81.793630 5.321687 23.094887 23.128862 21.021787 13.593520 1.959819 7.015816 20.085818 18.809180 15.573526 24.218916 24.470807 11.693267 4.558914 6.143265 11.687782 12.124074 8.270512 7.721706 7.979501 5.554476 5.502202 9.935644 11.568857 9.556240 12.909127 9.439020 9.429462 10.915115 15.510084 18.423357
7.560340 1.667679 330.1494 330.1494 0.000000 57.837441 26.687814 13.053298 11.247951 2.098801 4.085908 7.188490 14.440018 19.881437 17.374896 19.346302 23.177718 19.971471 20.719393 23.687326 11.072664 10.905327 15.009529 12.892578 14.072811 10.689229 8.220463 9.774406 4.820711 9.684683 15.986593 14.395374 6.343468 5.623199 11.184260 9.267560 8.119843 20.983442 19.044675 10.315797 8.771273 9.909069 4.295723 9.940926 18.511926 15.109679 13.369494 11.300619 12.038894 11.986416 17.685623 19.959467 16.310195 12.145955 9.368781 18.338244 38.160691 35.802299 22.420924 15.955911 21.905799 10.272089 10.183473 13.252785 28.946170 36.511136 45.581499 82.868275 113.897468 209.593117 220.317550 115.154926 91.082594 23.311530 6.638586 15.465714 21.298304 21.713543 14.148912 12.079986 16.827951 10.372695 1.798002 15.525935 22.952983 11.301257 3.306320 2.515028 6.802364 13.165945 8.352655 6.770303 13.294986 10.328105 6.078693 7.466891 10.459079 9.494704 5.615339 1.938261 11.684345 19.008722 20.045642 12.677243
7.609998 1.690419 338.9722 338.9722 0.000000 78.147210 45.822137 28.429087 9.416640 8.968762 9.759875 10.126449 16.107980 10.539342 22.385206 26.334931 44.669373 36.745115 23.802878 13.468046 10.575124 10.776332 17.123670 14.463075 10.959897 10.662879 8.323149 1.787604 9.261542 13.648595 16.327096 11.461774 13.646390 8.093782 7.541086 8.503689 8.973777 8.766547 11.443351 7.768366 8.456766 14.916131 15.083384 10.517032 8.884279 15.071352 28.292523 21.432648 16.794921 17.439520 8.456874 7.174014 7.718024 10.685556 8.325046 10.870994 9.217519 11.217377 26.093922 20.282476 20.313629 21.400690 10.930576 13.441203 15.980482 21.365908 35.187007 44.584408 57.019782 86.182351 136.935604 220.418952 190.015423 108.935005 67.701413 21.733383 15.785233 16.273090 12.893878 17.500001 14.537224 3.707713 10.511599 22.370797 23.711800 25.905444 20.894968 8.478189 4.424761 4.690822 6.314965 8.503987 9.140883 6.980908 10.524817 15.514263 12.546173 8.067868 6.427102 8.213886 6.961564 3.801995 10.634075 23.401639
7.660040 1.708910 340.5075 340.5075 0.000000 84.558598 88.835021 32.657060 15.633860 23.245694 23.160978 19.095815 20.368376 21.874296 25.366698 27.635986 30.142096 33.680372 24.001614 12.768130 10.882162 12.175188 15.361237 13.235105 10.634611 7.085740 6.778985 3.233445 9.626448 18.068067 22.517304 20.079462 16.144241 10.149690 9.705967 8.727726 6.493081 3.579420 3.919469 4.994897 6.545730 14.920470 12.607705 14.760473 27.504695 33.158685 15.370955 16.718913 25.998463 18.123998 10.474791 9.456181 8.447386 7.301703 8.230267 10.593001 16.588778 21.601371 7.461222 22.560877 21.908616 10.978613 15.591138 13.260354 6.897948 19.035478 37.291084 28.591527 33.670723 32.346822 143.024797 189.575257 196.899999 115.354064 74.790040 91.945558 80.741019 54.043888 37.675264 27.158220 9.300772 11.283436 19.405104 25.184609 20.287581 21.916728 15.791328 4.926437 2.626498 7.277723 7.410740 9.210223 9.455577 9.155821 10.459284 6.562070 4.018668 3.174932 3.883276 7.205028 4.336766 11.413274 22.301412 14.969509
7.710039 1.734785 340.9356 340.9356 0.000000 53.603917 90.050942 56.101588 32.078148 23.517809 12.260566 10.789179 16.327120 31.244727 19.892492 18.520316 14.493013 12.256743 8.974420 19.435585 23.406346 16.618327 7.991234 6.095414 11.104856 13.605609 9.124031 7.548252 9.384812 19.296067 30.167827 29.534413 17.229067 16.688409 11.166942 8.034248 9.188106 3.712320 5.944549 15.302970 20.572092 13.302343 19.058888 32.328682 39.168890 26.515496 8.601139 18.007497 21.626553 17.750384 10.108584 9.275624 6.205038 4.411327 6.363582 10.693553 9.433440 17.464134 31.485786 22.184921 12.623153 12.324584 11.705121 11.522862 23.608864 38.567009 30.360264 19.244481 31.704805 120.068219 89.209226 163.130373 219.056920 99.062315 107.949974 93.512158 79.136492 66.143993 27.395531 12.046598 4.006642 8.185795 16.325378 17.173673 20.500058 20.863960 10.710381 8.778114 13.359156 8.425899 8.613247 10.790146 4.902084 6.654868 8.098453 6.608815 5.573158 4.196883 8.237743 14.547753 21.313319 19.313195 6.317586 12.115291
7.762361 1.714599 340.1072 340.1072 0.000000 22.989976 64.104498 83.241148 25.719018 9.986400 7.709349 15.154175 27.604547 28.378140 29.920393 32.482654 24.536470 10.576432 8.728119 11.660835 16.552382 16.666944 7.412027 5.466651 12.685466 17.037289 10.469837 12.043051 16.365942 9.638774 18.830574 24.330089 11.581876 19.276643 12.096285 6.942406 9.636434 3.342851 6.242616 24.206280 28.382168 17.471237 18.078165 12.189907 20.205493 19.211824 21.048330 18.240391 14.099598 19.911301 17.949697 11.412130 7.276134 8.681294 10.707090 8.058088 15.121898 33.667714 41.739208 23.546950 11.526844 5.086337 4.892228 15.186349 11.413852 23.034236 21.496930 11.715864 65.227746 101.884313 79.025545 221.767537 212.960504 74.968114 72.609395 42.451513 46.349748 51.908280 32.902485 25.569165 18.281424 14.892469 15.843491 13.402695 13.622770 19.767118 17.696649 17.492666 19.522376 17.204945 17.143986 10.120368 4.278972 9.583116 10.574744 8.283245 14.562799 12.454720 15.508408 11.372512 10.194435 11.439327 9.885371 7.336203
7.814689 1.722136 340.9832 340.9832 0.000000 6.630239 48.827587 79.403929 56.603019 23.911497 14.805037 14.442372 25.544526 22.619107 20.554939 17.382659 28.012908 21.786217 12.724917 10.825039 9.744285 11.531196 12.480396 12.457280 11.067233 12.895702 20.688665 13.868728 9.540128 15.983082 21.309262 10.942524 14.318260 19.201740 16.419978 5.802844 12.017579 9.639728 12.139022 19.088942 23.469229 11.874003 19.348535 22.234574 18.156526 16.677635 22.262443 13.201191 15.294727 19.565556 17.251082 7.755339 10.631111 10.621194 11.381360 15.686449 24.540223 21.061723 28.836060 27.878517 15.126332 9.290593 3.199828 7.163688 16.336053 24.008880 27.314587 22.978047 71.365420 59.736099 45.562125 192.567677 260.267171 60.543892 65.609592 59.932707 36.168785 43.444228 58.637800 42.003000 19.367557 12.870297 12.728164 12.927838 20.514680 17.711863 9.822219 9.386822 15.190480 12.202759 15.246133 15.081076 6.392746 7.673837 10.566624 13.335540 12.954275 16.039755 15.854624 6.618965 2.204731 3.979951 4.329848 8.020138
7.865230 1.711419 343.9818 343.9818 0.000000 15.726916 22.060902 33.022252 83.998276 71.125726 28.382407 8.700098 11.362931 35.909690 39.961138 27.159818 25.757414 22.824975 9.644007 13.001614 4.724377 6.434675 11.023481 7.441720 6.058928 13.934318 21.613892 21.149557 12.493150 7.370595 12.127181 17.448519 15.175996 9.055230 11.634574 12.618799 12.186924 7.954409 13.927431 12.936758 14.163125 21.158342 26.671799 22.948418 13.383781 19.626158 24.332343 15.918942 12.083130 12.118283 24.457004 20.175181 1.167080 5.681465 9.745522 7.518129 22.242913 20.078503 27.859654 38.855683 21.451167 7.728682 7.900625 5.739850 12.148390 19.174953 16.229300 29.027657 63.014645 61.050450 29.284517 73.498797 199.639825 225.718568 99.515676 25.488098 35.846861 68.792019 49.862012 27.101255 34.616124 32.083412 12.327676 11.496328 20.578944 19.383411 9.486416 9.496213 13.129204 11.231992 10.883590 19.053530 15.351655 7.150107 9.895597 8.206100 13.579144 7.077974 9.460626 10.322132 5.626563 2.745357 7.787487 10.545925
7.914702 1.718706 348.4220 348.4220 0.000000 11.516570 9.952396 7.050488 69.294405 101.650274 39.648930 9.400477 16.123787 33.329543 35.426207 13.540441 4.278102 25.344613 31.686632 23.640449 10.738114 7.785841 7.948810 4.824836 4.874305 9.960466 18.076501 14.630839 8.419656 8.762982 2.609014 9.319691 14.945602 17.213692 14.395714 8.901647 6.585148 15.637504 18.262116 16.538175 12.158663 16.390251 14.454627 25.151699 13.529838 4.438752 10.397933 15.558451 20.713472 13.098944 11.145420 18.375657 16.954748 16.679648 23.684060 28.179909 22.586234 10.463279 11.044417 30.839016 33.696361 17.537140 11.691721 14.861951 10.921092 10.612309 12.673636 13.739520 38.828114 44.267598 40.432997 65.757056 140.623072 219.453823 182.414820 79.832441 35.256202 48.175008 53.826419 46.783526 30.321561 25.093517 39.845137 31.111948 14.027882 15.864364 16.778161 21.789007 17.183435 13.516208 11.396889 8.651186 13.038216 15.815020 11.997237 15.054448 15.315612 13.072092 11.112989 4.595793 2.021377 3.778801 6.973639 9.012716
7.965240 1.723598 343.9682 343.9682 0.000000 6.398869 12.841088 20.755681 43.650371 98.208146 75.828267 21.724010 12.704455 15.080488 20.124605 12.344743 14.070273 17.424947 17.049351 27.835239 29.857924 17.809332 14.698713 7.297874 3.550710 1.099551 8.730228 18.914250 21.415206 18.593742 12.560088 8.322499 9.403214 6.369222 8.192629 7.177847 3.248290 16.813452 24.741915 22.477150 14.336244 12.535893 14.560994 24.379041 25.377662 15.323161 8.466831 7.508409 13.635461 15.542798 12.363486 8.597085 11.980192 11.915808 32.884609 35.791187 17.600163 9.731358 11.649026 10.614697 29.351745 33.325806 31.380971 27.996232 21.976460 21.675045 26.517687 35.400442 38.430308 26.829773 33.045273 68.575565 155.826966 212.900837 137.298226 84.548435 80.606911 35.627253 13.441249 21.529480 40.565198 47.776569 46.074968 44.372327 39.192568 39.261727 37.343164 31.600864 27.275044 21.754525 15.526409 8.630881 3.955603 6.838201 11.176225 14.989868 15.740506 12.130214 13.955293 12.939940 9.167002 6.687481 8.751757 11.554987
8.014982 1.723360 342.3156 342.3156 0.000000 1.470054 10.912549 16.874519 14.468467 70.869593 102.130935 52.505910 24.858798 15.792095 15.297168 13.289079 18.461967 11.448625 11.488947 22.236870 28.825626 24.429359 18.850925 8.766938 4.703760 5.209252 8.851578 18.722700 18.396229 13.944468 19.506856 20.037371 14.257525 8.645535 8.274818 12.083413 9.397890 7.960275 20.361773 24.115618 8.341637 14.378094 6.399676 21.072672 20.664117 12.585372 3.601416 9.440471 6.397110 20.072899 15.598628 19.957705 26.982477 22.670082 21.478267 25.801801 12.390618 10.988937 16.904145 12.544158 16.474776 23.584082 14.599468 10.508465 12.078348 15.428171 32.455938 35.798775 27.914228 21.978094 34.813655 87.887323 207.073033 217.316879 90.335490 44.621450 34.270427 24.987769 43.222291 53.962659 9.408844 22.184478 18.255392 29.599922 41.232770 16.995889 21.302053 15.067047 13.409931 18.939173 14.030674 11.520072 7.969131 6.411016 13.694458 12.411689 11.961820 17.652246 11.653539 12.569739 15.750974 10.944371 4.947049 5.810524
8.065219 1.736260 344.1817 344.1817 0.000000 6.799375 11.915041 15.412470 14.715415 44.035110 103.500026 73.499593 15.108994 22.351675 11.183317 11.155544 23.103548 23.517789 17.001868 17.117158 11.076424 13.056911 17.045269 13.885696 13.617365 12.505036 8.102998 16.379660 15.365500 15.433583 15.163950 19.212951 23.362892 5.935180 10.581762 12.822303 11.868841 8.508071 20.213551 16.026848 14.760977 16.878851 17.772739 15.020037 10.524783 10.467151 8.811780 20.395602 25.152055 16.213594 13.159803 18.921615 14.318110 15.044868 24.437702 18.701652 14.957118 21.436162 11.738043 14.054096 24.142131 11.444327 7.503806 6.643703 7.702796 13.722095 45.446990 37.169909 7.720475 19.408822 17.924912 76.942639 227.149031 209.409342 58.954773 16.984888 27.559201 24.161731 48.046808 50.121789 25.636218 10.054617 10.173433 13.909072 25.843690 25.921285 21.287900 9.559310 15.802884 8.446826 12.397376 4.223219 6.348117 10.516576 19.571530 17.282063 14.224030 8.199613 7.473518 11.766793 9.337540 5.563293 5.491064 5.588481
8.120070 1.735366 344.6395 344.6395 0.000000 9.895125 15.205565 10.796878 13.017598 37.447228 69.840024 91.323009 48.503634 16.187423 10.938979 12.559359 18.986196 15.531839 10.074387 5.418250 11.916782 14.771601 9.246950 8.600813 16.861424 10.213828 14.239782 24.317914 13.178863 19.374281 21.312555 20.793996 20.405295 20.508048 13.417700 4.943099 15.740883 17.172784 30.071594 30.689185 24.086239 14.159406 20.761045 32.606156 28.433772 16.559944 11.990683 20.721967 22.884874 13.658414 10.820654 9.914110 5.472798 17.833072 27.111340 12.944885 14.978512 18.836710 19.605932 27.817795 27.721096 18.924026 11.740982 4.265956 17.262410 36.446402 42.964608 32.266860 17.478350 11.589596 17.962755 35.621782 201.060387 255.578433 99.435779 18.558403 26.793349 22.156482 32.097501 46.472592 42.934073 20.870079 13.967487 21.292800 24.545836 10.614727 17.194156 23.858325 25.474007 18.016972 12.326664 9.802257 13.517489 22.036339 18.155736 12.493890 7.939443 13.618503 13.229270 15.919517 18.935936 17.570478 21.065575 16.684339
8.170897 1.743072 345.5027 345.5027 0.000000 15.282066 5.679992 23.225910 25.636265 13.494771 30.477817 69.153136 69.537427 21.850390 13.502290 16.497174 13.799081 5.896071 10.855794 13.906223 16.756213 18.794202 15.479746 18.505681 17.246739 14.633479 21.285883 24.041304 20.604559 17.764418 24.699447 24.110015 12.835851 19.480533 10.250667 11.265924 13.739583 5.668459 27.220662 43.412790 30.668727 14.003028 18.883612 30.034958 18.091145 24.673354 21.777078 20.080803 11.145152 18.748895 19.878209 15.812306 15.134325 28.813624 34.535879 15.819399 10.330320 11.872536 12.360678 20.764608 16.249658 5.691465 10.365051 8.667375 16.887510 33.932622 20.572756 10.191436 18.643599 12.995539 16.798402 24.567390 145.553646 289.373445 149.964575 24.750998 18.605618 14.696481 13.279344 11.004834 38.116871 35.216943 16.840215 17.799354 23.141650 18.060540 12.855879 22.776851 31.579169 25.665021 9.212142 6.707033 9.839217 16.354897 21.023576 20.188456 23.240657 19.991632 12.854892 16.550073 27.289830 29.696375 15.075109 18.971412
8.220367 1.735267 354.0666 354.0666 0.000000 24.835278 22.587773 21.776947 14.085394 16.272447 12.119994 31.033968 94.057289 82.092834 33.578621 18.125012 21.488971 10.445340 5.022844 13.251054 20.426209 11.168377 19.388229 21.247926 13.862604 5.946115 9.409022 20.393891 10.482811 14.557468 11.104877 15.079984 18.015098 28.004773 17.890437 5.723481 2.975755 8.663898 12.613895 20.669528 25.980453 8.210498 14.678934 17.364313 21.224439 21.080840 26.627777 29.066590 26.862908 16.693113 11.281848 20.023776 18.167113 12.106791 27.880156 28.434273 21.995467 21.174840 14.178168 9.484258 18.115935 9.699339 4.524340 7.936062 7.509348 9.896458 20.512670 19.966237 8.230020 11.470497 16.420933 15.233990 12.547759 68.823779 201.918346 241.314504 108.317517 25.509423 14.978705 21.186700 17.534421 13.461237 30.012259 48.018600 32.509041 16.413599 19.058601 15.861356 9.522798 6.700920 12.867925 24.778840 14.392081 5.310678 7.166514 7.743703 10.372090 19.533944 24.420058 13.542328 7.838928 11.817001 10.728478 16.248046
8.270090 1.735173 355.5630 355.5630 0.000000 17.942233 5.824314 8.711226 12.009052 11.519966 4.539196 27.695882 64.474987 114.621200 67.019705 26.911155 22.077030 3.820336 10.721653 6.966304 23.101513 18.837610 14.721501 7.380930 5.448747 3.270820 8.751854 12.951811 15.027825 20.914512 27.393498 15.868381 15.356125 22.710759 13.818131 12.761426 7.371804 3.107935 5.940516 16.015154 29.435352 18.370810 8.417982 11.104157 4.705132 19.392983 19.178819 4.902119 12.393833 19.349243 12.513128 2.927496 20.142861 19.137321 12.687273 19.027683 13.446558 24.456306 22.071607 20.912335 12.769663 9.354703 9.434213 5.926585 8.479804 5.319369 18.981338 22.128535 13.763410 7.109837 9.872038 10.322102 15.952263 46.003149 155.377799 272.087054 134.658809 38.863654 12.295935 22.451255 21.650063 8.071202 23.089806 38.737604 42.378270 22.158632 22.248769 18.587096 3.740196 7.182979 6.203396 26.652491 31.993040 16.838569 10.632385 5.525157 6.599190 11.897109 12.671397 13.107514 11.559916 18.443607 16.288341 12.115127
8.319986 1.738017 345.6346 345.6346 0.000000 9.152394 3.556468 6.351052 12.867215 13.185055 13.833436 15.981847 37.233099 102.354899 88.038214 30.116692 15.536695 12.511634 12.200855 19.518736 23.280327 14.353266 4.930767 5.276752 10.209879 11.027819 9.522712 8.697006 13.052210 25.340462 19.374219 11.305088 17.707605 11.053063 12.371349 5.744357 3.906444 9.857712 25.160798 29.698338 14.919965 3.756580 11.221823 19.299370 12.706847 12.677648 13.704715 13.036746 20.118207 18.158671 16.059650 16.594972 12.319771 9.686330 24.137844 28.165631 17.559588 17.318384 10.361283 3.447390 4.421045 10.790588 13.474213 15.121742 16.786878 7.809923 14.149639 14.750271 9.608549 4.990585 14.217593 26.496868 70.756222 264.181589 206.137692 35.577527 21.265359 27.335722 23.490125 24.294083 25.037669 19.299909 31.680032 38.139343 21.811025 17.859349 12.061382 6.551214 15.483723 27.168229 20.914265 10.279701 11.745334 15.917870 16.511183 9.069103 7.903949 5.159263 16.109064 17.491273 5.283751 13.154401 9.569709 7.914694
8.374829 1.738359 348.3601 348.3601 0.000000 13.530402 8.382259 3.070633 7.989308 2.803009 10.473945 11.100564 37.447775 75.250505 91.354533 55.496762 24.362224 8.247320 7.374576 10.195234 9.673004 10.244034 10.227121 9.329310 16.770726 15.651998 9.442895 11.476923 13.898753 13.590285 15.943892 12.029434 14.189299 16.895219 4.168398 8.793904 6.938300 10.269967 16.141185 12.822566 8.185106 13.419843 21.358517 26.048244 30.096082 30.075761 16.309606 12.128614 13.793152 10.860604 8.743320 17.234355 28.686315 35.296192 42.985991 36.173101 10.835801 12.924762 10.199481 2.028473 6.038554 13.938353 4.289394 10.147964 6.729219 13.019654 11.252534 3.570338 9.799962 10.051646 10.285472 34.220237 137.032438 248.661964 188.584370 72.470874 24.408161 14.814226 12.645075 17.770076 10.681291 31.834133 39.858687 23.556515 21.882200 26.963139 8.033592 3.453757 12.445431 15.605765 9.276105 12.361832 14.667058 16.823341 16.123701 7.282045 8.466997 10.544780 9.565537 11.344051 9.630894 10.168608 16.238726 17.288279
8.425160 1.747679 349.8486 349.8486 0.000000 6.606364 8.050355 8.499317 8.546684 6.641197 9.797928 15.859921 18.835898 23.020475 83.208727 104.215936 50.771804 12.087907 9.551741 8.330430 3.984587 8.580072 15.800228 18.450736 18.285855 9.007426 3.065950 5.749140 4.663480 3.248483 2.577672 6.969917 9.663015 14.232981 13.957275 16.043010 10.077906 7.127101 3.757183 7.256092 4.076163 17.318455 23.449258 11.635738 33.666423 38.456074 24.028970 10.259614 13.114287 17.939920 13.867342 17.923238 35.547633 28.807461 22.740451 27.667704 20.523115 13.175995 8.610228 8.858378 8.742548 10.019308 12.674296 13.690570 13.562147 16.447030 12.925597 12.921014 10.154202 11.317148 15.449513 24.558289 42.662854 138.724194 274.594876 163.635768 29.930199 21.940764 22.744805 16.418538 16.892240 28.687878 32.503007 18.734042 27.894924 40.872508 20.045082 6.837638 8.077386 5.242299 2.944152 7.159671 7.379822 5.975936 10.662836 11.303004 9.130462 6.496385 1.030740 5.130996 6.605702 1.832635 8.825137 19.557172
8.476650 1.743758 359.0573 359.0573 0.000000 10.127502 2.635491 11.204006 7.643092 2.931237 8.651723 3.340694 17.212029 12.862205 52.515428 100.270196 94.486154 35.840467 16.451630 6.028437 7.226319 5.792267 10.302679 13.110213 2.520536 17.067740 13.695421 11.780928 7.047657 3.721408 5.293832 9.064526 14.717818 10.188817 5.457835 12.371618 16.550148 11.303678 8.256561 9.363564 12.107464 17.691279 29.808124 32.606299 20.303469 14.242191 18.882336 15.694139 15.239951 14.069134 14.615511 7.408413 12.658563 32.317196 44.007631 21.202841 9.121467 12.540837 10.488209 13.192720 8.841921 10.683121 8.864264 9.191956 8.028828 12.904414 18.921177 11.912818 8.330268 12.173516 9.559464 11.003848 10.649644 11.724656 35.742565 138.119317 258.685626 168.909058 34.430292 14.649787 14.886957 11.145006 10.995583 16.452530 16.495817 16.175437 32.435159 48.668749 35.174309 16.685047 9.127956 2.637997 1.016480 5.677220 11.309106 7.200572 3.101493 7.670191 7.126363 4.386501 3.698869 3.539653 9.223496 12.486554
8.525162 1.727559 356.5426 356.5426 0.000000 15.855203 18.165403 14.651826 3.733405 4.835863 10.025843 16.170105 18.701943 30.238784 45.033396 38.058356 79.993070 65.024076 23.371205 10.205401 4.663319 2.773649 4.699184 11.406483 14.554638 15.787711 13.748859 10.577683 10.668301 7.889386 12.900265 19.329274 13.317140 5.441852 2.087834 9.298000 12.313938 11.081778 8.264027 10.068000 14.897032 17.247754 26.059622 15.801562 8.764862 12.586631 10.328759 5.839909 20.088676 11.745402 7.246960 17.451535 40.698894 44.963350 26.199511 19.462589 19.788270 13.892344 12.174906 7.777392 8.306497 14.492710 7.869610 6.395707 12.180635 10.226466 11.390049 9.543752 7.993414 7.839336 10.327789 22.275972 21.244768 47.995793 208.779534 265.100791 88.062463 26.094183 12.743060 18.972115 5.639770 9.782291 11.021163 11.234375 14.138545 36.623020 28.369188 19.988481 18.660649 10.674113 10.728391 11.820004 11.062604 9.024048 8.318095 10.002566 14.738946 13.813493 11.646686 11.377104 12.432207 11.586713 10.510274 11.532939
8.574742 1.728038 357.8513 357.8513 0.000000 13.766659 17.450703 10.375848 14.082359 16.916490 26.791817 30.037283 13.502418 28.320194 39.685259 51.464042 79.635255 68.123987 22.322417 16.659813 10.723087 8.925591 9.235274 11.674080 10.252427 5.631876 8.006404 8.612496 12.411738 13.030995 13.046375 13.139285 12.300267 7.220225 4.363615 8.178140 13.526618 15.070429 15.206252 12.196454 6.425784 4.401196 8.671355 15.578848 11.349612 17.344737 11.400067 20.223937 37.258616 32.087253 11.141232 11.883501 23.055777 28.855803 16.696401 21.466821 28.981528 10.918440 6.601115 8.176112 13.239592 16.916939 10.146925 5.234734 5.713585 7.007416 10.728381 15.810847 17.209369 15.842612 14.300656 15.049731 34.875501 38.492734 137.601532 248.016071 148.953371 47.978766 29.368276 18.834814 28.618387 34.812511 31.260320 17.717090 13.671295 20.625453 17.764608 12.931414 14.499841 15.877578 18.452406 9.434851 9.473643 4.792123 8.836747 15.272141 15.796484 11.385378 12.640521 12.441875 15.558712 6.513013 4.989038 3.182290
8.629280 1.730500 355.2541 355.2541 0.000000 22.156821 19.471488 10.779168 7.934259 19.750250 38.526441 38.032799 20.073240 11.598503 18.802419 21.023731 47.768820 59.481917 54.430805 32.846871 17.449568 18.836882 22.105022 16.282596 9.883045 7.997646 6.736979 13.573227 13.400865 6.192843 10.389306 11.160301 14.453994 8.193681 5.694644 10.894856 4.366044 4.561796 10.895283 6.199119 8.314625 11.145560 12.386211 13.620130 21.397807 21.380344 19.418711 28.215466 38.526538 43.524987 23.508659 11.211112 7.894622 10.369241 18.741232 28.609247 24.783326 11.380842 9.631196 15.417802 18.746486 7.363725 3.376798 4.983729 5.498014 5.397772 10.592490 13.308796 12.721327 13.893727 31.563290 50.831900 66.385696 47.362034 189.772605 245.369616 92.175390 45.819366 66.113963 57.810214 40.296447 31.483498 25.567841 13.022247 14.705811 12.027162 13.441838 10.627498 9.676420 20.240610 22.482144 18.050880 15.491200 10.249999 12.157421 6.949494 7.861082 14.858827 17.363881 24.814246 12.510042 8.654018 13.479043 7.902908
8.680023 1.733635 351.7751 351.7751 0.000000 10.915009 13.359097 20.459677 15.059938 13.430536 20.070888 23.308200 14.243741 16.363244 17.621753 21.687311 25.825529 54.627383 77.340908 50.589350 14.717489 13.562543 22.679754 13.379721 6.426918 6.399729 14.046541 11.517908 8.070910 2.809658 15.231928 22.864288 16.979844 9.716107 15.959378 13.669201 6.073345 4.263220 10.582862 13.666648 9.932888 14.007540 16.487214 16.898985 10.512346 27.098164 38.540022 37.571893 42.347665 34.875263 20.404179 8.924091 11.436656 10.885473 10.556037 21.765647 9.852467 19.734951 26.442572 24.620466 14.314480 7.722764 7.665403 12.014562 13.177630 12.005097 11.282800 10.261402 10.256328 25.602226 48.768596 53.756191 61.117086 112.460160 199.204969 197.644986 101.527210 131.961198 73.630688 11.202533 7.350529 26.985473 24.644577 14.666139 18.059191 16.981417 15.749080 24.131378 33.060820 32.343384 18.331948 11.667656 17.629613 18.081657 13.429449 16.574550 22.909889 20.939897 25.528913 27.012180 19.479293 14.110815 11.318508 18.381245
8.730022 1.737741 367.4116 367.4116 0.000000 2.593324 2.201674 15.813942 22.420797 10.448588 7.909702 23.507890 26.171972 31.844816 19.756807 21.295579 32.090447 20.758914 53.214056 68.603375 22.281127 13.407796 15.636174 12.039766 15.723681 21.346727 20.805124 10.891604 4.163371 4.053382 10.190195 14.848711 11.975942 13.892758 11.477265 14.638273 10.401257 5.644423 5.480732 9.961735 20.576049 19.785674 18.637136 22.792176 18.309593 13.621056 29.607995 43.220308 43.162423 31.931177 13.841497 13.361218 19.578057 25.475964 26.582450 17.041922 11.341268 13.724018 19.866614 16.326148 16.350902 14.780331 11.720359 12.972283 9.290870 11.237698 15.789162 17.832250 14.358721 8.895062 7.827192 18.970173 14.664017 15.768166 33.990614 67.588531 106.528539 227.063899 209.089741 130.720385 72.074474 21.612948 14.560150 17.428739 16.736334 12.387893 16.464703 14.860892 7.200734 20.658797 20.482061 16.913416 20.797879 10.120018 2.713757 14.937386 10.917091 7.665042 11.361272 16.728777 7.702044 15.491448 17.726354 19.305779
8.781629 1.738813 359.0476 359.0476 0.000000 11.912242 9.608195 10.541819 20.848533 19.965906 22.041029 24.481215 32.158393 45.625963 26.563340 19.564984 30.212139 25.023576 41.433837 58.146060 34.991774 11.407370 7.118302 11.310302 25.292171 30.856368 22.960675 12.993566 7.483004 9.089145 13.846964 11.331656 12.438570 8.824137 10.159420 6.211801 4.274392 8.977374 9.804338 14.608523 24.594375 13.059779 16.990600 13.165489 12.184962 27.991500 23.878101 13.457861 26.985263 28.851136 25.873406 36.424088 30.302958 22.349072 14.270816 7.683355 15.521199 18.491768 16.013338 19.569382 20.895782 15.286443 7.905376 5.185466 8.980517 0.648349 13.642013 11.090501 8.286543 11.340891 16.718381 13.800395 20.583771 42.863687 102.335461 233.898069 206.488570 74.868823 52.185687 19.256520 8.273094 13.363333 9.199547 12.653079 21.596017 11.738004 13.219178 16.238701 9.057550 10.444424 14.608496 8.690809 9.675134 16.361154 12.418216 6.276443 8.064010 4.111125 13.216175 11.574770 10.604107 21.794493 26.351089 24.689587
8.834825 1.740288 360.1860 360.1860 0.000000 15.686599 12.086180 7.391584 13.658705 8.676799 13.504214 25.806603 35.933389 48.120642 28.867496 23.562595 23.725193 17.085837 19.554463 49.280327 64.742676 36.670858 13.396552 8.884310 18.255428 15.106271 13.189637 11.537354 5.435331 4.743926 10.165363 7.699913 15.390643 5.134348 12.068676 8.844670 9.249680 6.125427 16.674207 22.546909 24.972697 10.861337 19.024446 19.602725 18.685938 31.533684 23.563155 12.484539 30.407141 35.955755 28.463302 35.906746 31.506170 19.508351 15.223709 6.707031 8.921425 8.963923 10.889308 13.848067 10.438803 8.624099 3.537155 2.054586 6.966401 10.107625 4.963377 11.310140 12.087354 6.616873 15.666447 12.071604 11.418609 30.140000 33.278650 197.995766 270.828256 108.376449 28.987032 28.584318 13.587488 23.472418 21.752343 17.347491 27.369994 28.811334 13.561786 9.949183 12.696120 11.583829 7.776164 8.903499 14.936532 11.608798 12.122095 13.288727 7.512470 9.780358 11.861176 5.620418 12.779641 6.559464 19.712575 12.106087
8.886009 1.738132 359.4212 359.4212 0.000000 4.429509 8.764531 3.257037 12.627738 8.559330 18.374816 24.943256 31.183321 41.483371 25.569135 18.889871 16.803416 21.113132 20.731658 43.238955 79.856152 70.200100 29.386454 10.904467 12.005586 8.917919 7.922571 13.622627 13.812837 13.714235 10.404957 9.963410 16.422041 20.902122 24.207679 23.338622 18.406581 19.492451 21.127754 14.816876 23.356216 15.157909 13.641737 16.611735 15.287183 20.037929 25.604018 18.889082 17.519000 34.396965 32.949811 28.689606 22.462676 21.953945 13.289952 5.180105 9.732687 16.513796 12.682196 4.585054 3.782975 5.453124 6.317513 5.544758 9.269335 11.605705 9.058022 9.951469 1.784672 14.132023 11.355835 10.301562 12.668687 20.212134 63.460234 163.087577 257.070437 136.445145 37.422946 18.930151 26.467302 23.162131 13.656546 14.970686 27.359762 29.840821 17.579020 10.680955 12.188877 15.727653 15.992377 20.816441 26.452290 21.055160 14.383615 10.468519 8.915845 18.242683 19.701700 16.591447 12.542908 8.748787 10.715976 8.100431
8.934845 1.739809 369.3985 369.3985 0.000000 1.679432 6.792220 12.519184 14.849243 15.480066 27.857707 26.719243 29.988829 35.309379 8.153242 37.122835 31.361920 15.837303 21.934984 7.135902 38.218608 80.515385 67.657336 9.522287 11.941373 2.704385 8.626945 10.632174 13.271941 14.352055 12.092985 3.444976 8.865433 9.008398 18.148802 18.312699 15.111158 11.373223 13.233528 11.753225 15.371511 25.388143 23.497061 13.249857 18.578996 14.935661 11.447169 15.575146 30.537391 39.039284 29.643249 19.416147 39.989759 30.338733 24.998552 15.036125 5.385329 12.934927 15.888292 9.936727 11.508053 8.004630 4.754941 2.936356 3.515605 4.493984 4.523888 9.726026 6.620462 11.484336 12.942959 11.761054 11.734925 10.755501 14.605760 28.818130 51.937738 153.220021 258.127764 153.816306 20.744865 43.139985 31.226211 22.742155 20.908539 23.118478 25.966051 19.790045 11.364985 16.413460 12.298120 9.406894 8.942092 11.761944 12.505420 19.855441 21.516582 15.249314 13.110316 12.706326 12.772598 14.281808 10.899904 9.165778
8.986887 1.733535 375.3709 375.3709 0.000000 2.971115 4.973386 10.126494 17.432923 14.140017 37.706192 13.318198 33.575931 39.156559 32.827227 24.070462 25.760148 21.960919 23.720254 20.299350 11.217170 39.698053 84.884178 54.044488 20.074088 4.512370 8.091663 11.089492 11.003285 11.962343 11.140753 7.558067 8.022808 12.670141 14.365433 13.923820 16.664588 11.130948 9.589628 11.743786 17.343937 12.455865 21.671628 19.569634 20.589507 23.460230 22.281989 10.315455 25.624011 32.667706 30.506052 28.203907 34.257375 11.377253 28.558716 20.135632 4.434584 13.618900 14.443739 7.554078 10.916032 15.260712 11.530435 8.641996 8.100869 6.861445 3.767623 13.822593 16.137488 14.659883 12.378908 6.144412 15.552378 12.904900 6.366702 22.797003 47.094530 46.395290 241.245604 233.238462 81.297244 39.431344 22.308092 7.671231 32.387455 31.683969 9.055351 14.648222 16.568120 19.979520 21.019622 13.568835 8.245628 7.421549 7.638402 8.733285 19.030286 27.412026 11.742150 6.732284 7.684570 11.971751 12.254594 11.735634
9.034539 1.733589 364.5095 364.5095 0.000000 4.140844 4.535823 2.503236 15.909175 34.715891 42.324180 45.197573 33.726085 11.597662 30.731222 21.136280 22.772969 25.412605 17.382773 9.368675 18.663056 46.741785 77.290284 57.364716 21.413409 7.387902 5.747391 12.038568 16.251221 9.661853 5.471289 4.285926 7.617554 16.767118 18.910389 15.614622 3.146144 10.910016 4.325645 14.923306 18.476758 18.313671 8.552893 8.789929 12.594787 16.794955 17.184917 13.110115 15.839881 19.431539 22.052402 35.378720 29.422727 21.682615 12.390759 7.526976 7.472914 7.609938 4.855746 10.116266 8.526922 8.671206 13.973092 13.897963 14.408096 20.000638 13.735639 6.009199 4.688702 11.405584 16.729336 12.191181 6.835237 7.647980 32.367721 102.075197 235.147667 191.460650 40.981693 32.087046 6.900558 18.417521 25.137266 24.209598 17.692514 13.689942 13.406306 12.833615 15.395278 6.996266 6.154694 2.341010 6.963368 19.870495 28.896200 19.535923 9.424137 2.987169 8.274628 13.520516 13.558015 6.986289 8.843923 4.044221
9.090079 1.732048 368.1893 368.1893 0.000000 4.629309 3.125249 7.454313 7.793044 23.309530 20.446503 30.980379 57.839737 40.933776 16.805095 23.465313 13.029445 9.247186 8.948570 11.477526 12.283275 15.938733 50.348777 78.823625 48.279950 14.168092 10.254418 7.067124 10.653403 12.890821 7.778805 7.958334 7.143591 6.883707 7.401648 7.296542 10.055887 9.332948 12.781336 15.921350 18.310568 27.930826 25.220123 18.974879 13.192914 10.634527 13.283380 7.581902 15.904999 42.274634 53.751064 42.202442 18.483542 10.871897 10.744709 0.866568 2.550525 5.582308 8.329738 4.853054 7.024188 11.390316 10.446510 7.195799 7.359224 9.385946 13.852796 12.567841 8.405158 7.468245 8.503408 8.423120 3.869841 5.041968 16.040684 21.171046 90.160411 228.198909 219.327869 89.509440 23.134980 8.506638 11.153794 5.834189 14.401498 26.637679 28.768245 20.016766 12.799217 12.891879 10.431438 10.841740 8.881028 3.920884 14.828035 12.259383 19.047082 15.336068 5.288174 10.332323 6.248147 9.432478 13.645423 7.615019
9.139974 1.737527 363.8945 363.8945 0.000000 4.843073 6.369504 4.284374 5.705864 19.873851 19.541024 19.403461 55.183769 54.200576 26.227777 21.719117 13.280582 4.335807 8.126606 6.529158 6.632342 18.027862 34.159313 67.731869 63.956281 24.354401 11.141013 8.105234 13.683951 20.193195 16.868784 9.292889 1.995328 1.083753 6.089674 13.368108 13.225318 9.733983 17.034305 14.333324 16.682965 24.744808 12.666387 14.590793 14.099246 13.618520 16.151315 14.863333 35.402563 57.890030 30.865485 13.928675 15.018413 10.257611 7.784633 6.214718 8.596690 12.870823 7.057478 5.121638 14.247301 9.129750 2.125522 2.650065 2.025622 8.055555 11.851495 3.324220 11.091875 6.188311 7.234782 5.945896 5.938789 9.996209 20.470311 45.032854 148.170375 256.963597 150.737323 32.878036 17.498198 12.961297 11.194683 11.953220 14.217790 26.122339 18.545496 8.825720 6.100143 1.999477 11.108279 14.499653 5.340984 8.676393 11.424048 17.145689 24.185099 22.292242 12.785318 7.630923 11.787498 4.581685 5.631069 2.580081
9.189966 1.745361 370.2488 370.2488 0.000000 3.425576 9.593039 17.656814 23.252020 27.792896 11.395460 19.672815 52.880939 51.297757 21.294607 20.048100 31.199253 20.466208 12.680402 7.317384 5.137972 5.341498 9.925424 39.665418 79.927032 67.967905 37.152746 17.688820 16.004878 16.914017 12.943696 9.765545 4.420597 3.850591 9.110086 12.784600 10.019421 15.929249 4.515433 11.241895 13.883245 18.736237 14.860832 10.805508 13.752389 13.952663 12.448291 9.796709 32.888161 52.178094 36.063497 13.777049 12.553739 10.820770 10.184191 9.432172 5.750664 11.513464 16.486645 17.033029 16.649447 10.666236 3.623467 3.809159 3.885517 7.229758 11.840779 14.211790 14.339206 6.439680 7.524401 0.655307 12.105814 10.928887 23.316983 19.728218 57.961939 233.989625 240.792473 64.640291 10.872176 22.466757 22.271745 16.142369 10.169772 15.753492 19.206610 10.817857 6.633098 5.158160 8.736046 14.069172 13.162200 8.617818 6.968370 11.383361 8.602777 20.987218 25.312479 17.948860 19.590102 18.201385 15.083803 7.575591
9.240015 1.746853 369.3460 369.3460 0.000000 4.499448 16.033695 20.970842 25.506955 28.367463 17.472291 22.297132 43.090813 40.378956 21.358824 43.436547 43.144737 22.610663 5.576956 2.428633 2.980152 5.866397 7.847894 19.693174 64.903974 93.534390 50.821025 16.467003 14.073810 8.025814 3.638572 8.649468 9.011098 2.336742 11.877621 14.419398 13.542682 15.053093 8.398446 7.806402 5.884855 4.371180 10.921676 6.481918 12.950269 24.216559 29.716473 23.555502 27.077208 30.327046 19.217819 11.993244 9.330505 12.074331 14.011871 12.223738 4.936586 7.384226 14.975015 14.171955 9.325389 9.191054 4.565136 1.670827 8.652324 11.369747 3.608817 12.641420 17.198770 10.124862 10.437502 10.371178 14.275094 18.932460 24.729785 26.150223 71.571253 194.148843 229.128988 99.101728 43.222930 32.956763 26.342444 15.046137 5.586177 12.215777 13.595185 8.997026 11.619283 8.774131 6.292949 10.496792 7.777076 6.468840 8.874680 5.689715 8.841557 24.630740 27.632985 8.555934 23.009515 28.101481 16.416416 8.517712
9.294720 1.760903 370.3765 370.3765 0.000000 9.425451 12.811552 6.897140 7.515003 16.311410 11.759395 7.292087 19.421818 43.716246 44.377850 36.280991 25.477570 18.429406 15.456222 19.831394 21.189795 18.078692 13.932974 7.983018 29.842200 84.572202 82.891013 34.703108 18.083889 15.521389 12.868706 16.136807 16.650282 11.223344 4.754121 11.772002 13.126852 13.617078 6.125426 14.922398 27.169688 26.430005 18.955458 4.631995 8.899273 19.966527 42.200732 49.520311 33.482598 9.530827 9.185550 18.091878 13.371236 11.190842 9.487435 9.934528 11.928365 5.723988 3.914122 6.937723 9.319191 12.188094 11.509459 8.302907 9.021161 8.886237 4.880566 7.488330 14.020038 8.292501 11.498593 7.924766 12.260830 6.828000 14.607610 20.135598 23.782587 79.556194 261.908005 211.733095 61.778768 11.922171 10.549319 13.179453 15.381459 20.931481 23.030464 13.214890 14.517623 11.955435 7.308062 2.793620 6.479189 15.747405 19.863643 15.173978 13.268418 16.874660 12.930062 15.136697 34.078930 31.796169 14.504465 16.231775
9.346859 1.759837 369.3670 369.3670 0.000000 9.241314 2.196123 8.153842 1.558126 7.336725 6.147240 13.978953 25.311129 25.005924 14.863814 11.830508 4.337204 13.867541 39.278057 49.059367 33.124231 14.931909 9.296171 8.805636 18.911510 63.138664 100.201601 70.645541 22.590983 9.040348 12.475016 5.886311 19.361017 15.705434 6.305706 5.935276 2.597056 10.297644 6.508357 17.588713 42.979473 47.823486 25.057289 11.020410 12.891460 14.246974 25.035239 33.809028 35.056355 21.384992 17.684412 13.751833 11.381386 9.377079 13.374605 17.995812 14.091940 7.118072 5.955993 6.885016 5.639717 11.578088 6.512654 8.495808 4.237616 9.660647 6.079216 2.023305 10.856052 9.614957 14.315318 22.404390 21.984613 11.251396 8.555735 11.434862 24.365668 126.118630 253.312327 164.644959 26.444608 15.099654 4.949716 4.690769 20.196809 41.353749 39.242882 20.085783 7.375625 5.231921 2.909356 5.481922 14.546329 26.423993 22.235903 6.443709 9.716568 2.232640 9.096460 22.611527 45.313158 44.768704 18.563549 7.724813
9.394537 1.753780 383.6313 383.6313 0.000000 2.242558 13.507238 18.675280 17.204928 8.718487 4.218745 16.813660 35.795474 22.375376 10.235276 16.110913 12.887764 13.498787 39.281470 62.170101 40.744421 4.493734 8.733354 5.107208 2.886323 17.924420 40.668302 81.694130 74.149914 20.583427 9.617463 9.344903 16.550304 21.835662 14.073862 4.986355 5.756600 3.945210 10.962829 13.279930 15.590125 29.929588 38.572683 24.334333 9.357901 18.445584 13.794168 14.959471 22.381452 33.613338 24.712370 20.141119 17.503983 15.858456 11.614249 7.909164 10.059701 17.580063 9.189928 8.895734 10.227039 6.207898 6.885121 13.785315 16.715805 17.188774 10.557300 7.847448 15.698558 16.966723 12.047329 10.842052 13.280962 15.801864 25.637867 25.267523 20.885680 20.598507 30.737312 119.735395 238.197064 181.575679 56.844979 18.219857 16.935833 20.016952 26.119961 34.399926 29.138785 18.240424 11.551287 7.526173 8.910903 9.277397 9.902626 16.484535 17.009154 12.062940 10.651911 8.539880 6.405011 14.024249 18.276592 28.438392
9.445145 1.742666 377.7634 377.7634 0.000000 6.101293 18.542286 14.492968 22.456647 30.746081 20.173549 16.240814 32.423828 25.734722 16.491309 29.555012 34.369369 27.814179 20.080718 42.825794 37.822581 20.879375 12.617125 6.344344 6.401693 8.734335 18.652345 55.293255 73.464088 45.232289 19.748756 20.133219 18.810618 9.167371 8.421938 9.313371 7.698181 6.946408 12.632751 16.501911 21.045529 13.152395 13.544610 28.681363 30.123791 13.446771 11.752438 30.780025 20.241581 12.785686 14.301425 23.762464 22.744392 12.662887 9.458258 19.549393 17.968247 14.552908 10.889438 2.951415 13.469568 13.005322 14.310377 16.396814 21.972078 15.892542 12.744982 17.270951 15.942182 15.042729 16.898468 10.291761 10.796534 20.652935 20.543329 37.510100 44.449230 22.401066 107.621958 231.248118 182.094384 65.131541 43.427357 49.507290 27.818985 9.685087 13.435228 6.210593 5.343047 10.040297 15.895973 20.558501 17.972739 10.533665 5.847622 4.005213 3.926897 9.799065 11.794829 9.806745 7.862958 9.161155 15.010107 24.905807
9.500012 1.732869 373.4670 373.4670 0.000000 5.015281 13.914580 21.862174 35.177511 47.659127 33.006426 19.304261 19.086504 21.427498 20.413694 16.865900 30.009358 21.168231 30.077454 27.132719 15.107806 12.549151 7.540388 3.219981 7.012281 11.600282 13.977644 51.390550 74.302341 25.045282 29.577351 24.526367 7.647266 6.173581 2.593175 5.739866 6.683578 3.992647 11.667539 24.459701 23.087331 11.498958 20.221787 24.720449 21.391665 13.285349 16.605121 29.624322 27.662860 28.468129 20.598250 15.307353 19.238225 18.690835 21.720961 13.519067 8.219004 10.382605 14.414914 19.291314 20.072432 10.259554 5.821416 12.955848 12.443238 3.962555 10.277720 5.229024 3.679740 12.499484 16.350828 14.682020 21.051134 23.324954 37.632774 69.010123 91.291763 146.901037 209.581380 111.191317 72.040688 84.467863 50.505925 32.590138 16.782164 16.858481 18.291462 11.475156 8.690307 6.918658 17.564086 13.340520 9.247057 4.928188 2.208302 2.204598 3.774035 8.014271 6.059643 5.480449 9.885709 9.235978 16.002826 14.893474
9.550069 1.723457 374.8170 374.8170 0.000000 2.176289 8.430907 19.420453 40.205489 19.211538 38.714967 20.899144 3.248796 10.437539 24.195259 36.447054 41.897929 37.040341 38.564890 28.209372 8.594454 2.731929 4.832088 9.222203 7.468007 8.584406 14.616307 23.135488 52.689059 70.251207 57.890972 29.142532 10.480335 4.860170 4.691450 5.887579 0.778115 2.274969 7.388708 9.180004 24.185308 35.202181 32.631550 14.862389 14.505618 20.991575 19.997049 18.155405 30.007431 26.418533 17.772132 22.549192 14.303245 8.613366 11.516459 16.049950 11.498736 7.765581 10.431016 11.472421 10.262656 8.390321 4.208376 4.587798 3.568565 9.026414 8.189795 2.165748 4.345384 3.622642 11.052744 7.805231 17.749175 10.853006 14.600102 35.705775 48.565050 112.110105 99.194050 201.900710 183.046224 115.519655 44.518154 38.646467 37.379242 18.003744 18.688888 19.712982 7.854958 6.668836 12.056206 7.195476 5.457197 10.393910 8.189729 4.389854 2.721049 2.785964 4.105393 4.147105 8.225239 10.531017 6.957750 12.760559
9.600085 1.734477 378.1729 378.1729 0.000000 8.936835 18.512688 37.812674 47.268271 33.530228 28.292198 23.350043 15.858875 12.805420 12.927541 27.082030 32.309715 30.776127 24.886380 25.014348 12.651738 5.309556 10.629610 19.703896 22.506162 18.614357 14.527484 12.107980 30.708231 74.397684 74.296606 29.719471 15.703334 15.508870 11.929977 9.143267 5.676534 5.528874 9.586322 11.499101 5.828747 27.206155 28.621002 20.898149 7.474003 16.686754 12.524481 15.150228 29.243871 35.687484 23.557772 14.990590 10.353390 7.697832 10.413476 10.187700 6.872427 6.233662 13.855718 8.583053 8.449811 8.455906 8.731528 3.322877 3.631951 7.622230 13.727370 15.062359 10.415293 9.045819 8.825805 11.819459 12.904133 14.517952 11.970199 16.118562 38.785735 84.742254 131.711302 180.999307 154.621914 131.830036 86.758629 40.828529 35.209680 38.803293 34.149414 18.778304 11.192362 12.534370 15.190708 11.304996 6.269839 10.549487 16.310264 12.637747 4.135686 4.216210 7.630691 8.888722 7.758830 1.740993 7.966140 10.774891
9.649952 1.742890 374.4887 374.4887 0.000000 13.751885 18.804347 32.286288 36.789089 21.447765 10.368851 8.346470 17.924995 14.262348 20.968059 24.946720 25.939771 20.017388 8.685785 7.522470 9.593445 8.611029 14.845967 19.890774 17.926439 18.853211 16.026755 15.017709 38.504419 57.986858 67.971855 43.058535 13.147766 14.300968 12.043239 2.482813 5.016860 6.547535 17.818035 21.142749 28.287918 42.645562 27.023805 18.979394 19.988431 23.210611 21.348818 22.188711 21.875187 28.193044 20.798877 13.294196 7.445974 11.940148 18.832512 13.516923 12.388829 19.924701 23.123439 14.083795 7.108571 14.025435 13.776274 5.923138 6.811190 4.201275 15.609910 23.759398 20.260114 9.146715 18.701327 16.810465 6.408788 22.206065 14.630329 39.228552 79.559881 100.960110 131.977223 193.210556 163.945035 132.337606 66.218665 30.459545 36.978438 48.689634 23.412591 9.325542 12.916439 16.520365 11.982236 14.231612 18.398061 9.325868 10.298010 10.318228 4.229188 9.973598 12.798510 5.436221 7.000895 7.531308 8.733428 15.013226
9.703002 1.750526 379.3169 379.3169 0.000000 14.064509 3.222737 11.406398 8.654773 11.795516 6.611968 8.945158 13.478181 10.257524 23.139860 41.692952 31.666184 14.469043 15.314191 10.838976 6.912629 7.209632 6.799271 6.686905 6.317598 9.848518 17.500541 23.191899 14.813226 8.708048 42.403713 65.620606 29.486716 8.129935 12.589071 8.530071 11.824883 13.637881 4.900498 19.179220 14.092054 54.424977 48.895665 17.380547 15.902809 18.025304 24.687030 26.183939 16.447590 12.369211 12.275543 23.552030 28.955257 31.650156 26.266330 12.771594 13.665195 19.625220 19.524248 14.046139 6.072451 12.786257 21.865426 18.669275 14.472551 12.379983 12.324223 12.858618 17.223654 16.958233 20.245713 12.904951 12.015237 37.618000 47.304980 48.648489 24.738961 20.354154 64.104557 207.026507 241.384474 100.281746 28.322093 27.939644 45.717319 59.898037 36.544084 14.683895 6.481888 8.832954 19.492948 19.869763 12.411786 12.476268 10.141464 11.515075 13.361264 14.662628 4.849724 11.147994 13.859610 7.814082 3.114104 7.302505
9.755056 1.745721 379.7546 379.7546 0.000000 22.121929 14.277625 17.175385 14.446031 17.059249 23.781337 23.045100 24.806322 13.602801 17.847616 31.921894 36.384935 23.896770 15.046465 6.706055 4.314378 5.168237 8.477263 6.817669 5.809378 4.479860 14.061887 21.175007 18.887392 17.584489 37.239253 67.158159 63.860534 37.497579 15.702663 11.665445 8.787025 10.910940 19.367192 28.844821 37.312800 37.353948 41.520913 35.756062 11.848005 10.816441 22.758380 30.989887 15.713215 8.559049 20.965436 23.163810 23.243778 33.502035 27.093070 8.732315 7.887188 11.011416 10.138059 10.852981 5.589162 10.337836 17.779443 12.265821 12.247322 7.543516 8.614561 10.729007 11.050887 10.594713 13.940736 5.974681 19.758592 43.036731 44.453712 27.306014 21.911396 15.879977 45.488966 171.164185 257.994297 129.426721 22.794476 27.075577 40.680422 41.970118 43.866849 35.009151 19.835161 16.159941 12.503338 13.876433 14.150591 13.431879 12.107248 13.647781 23.974538 24.188740 18.083526 21.731914 20.941521 10.219608 6.951036 7.997705
9.805090 1.731341 384.7064 384.7064 0.000000 38.287636 44.651849 34.496450 8.879284 11.497926 22.691063 42.821005 35.454362 26.613159 18.335735 17.842045 26.113134 22.736616 12.951369 8.134202 3.846221 6.228405 12.823776 11.358795 7.359789 9.714175 12.299465 10.179138 8.811885 18.374137 22.143695 25.366600 59.627809 69.307934 29.052690 11.986661 15.405749 13.521268 13.197173 21.119604 28.078915 23.711179 24.003166 26.215385 24.565625 23.624180 24.740913 27.800573 16.232804 16.964544 27.513641 18.344780 5.929013 11.663543 23.692019 24.460857 13.853236 7.880052 9.740710 12.047121 12.798087 8.223946 14.838226 10.732170 4.074966 5.455481 4.793055 8.650132 15.192575 10.120725 10.658628 17.872572 20.108615 28.912598 21.734950 10.591697 12.958077 21.898597 38.879074 54.152120 116.841121 249.113407 161.774539 57.187115 49.726420 30.285599 15.811442 24.406765 25.257747 20.012733 22.014682 17.469710 16.854908 18.526178 10.294729 7.896550 12.842124 17.151543 18.450712 11.353083 14.186261 18.078982 8.850418 7.147665
9.854722 1.727568 384.2694 384.2694 0.000000 31.035780 25.756733 37.278844 29.135429 24.545275 33.241131 31.957178 13.392629 13.508877 28.905042 23.720056 6.588623 9.601845 2.238950 6.057343 11.219241 14.649787 14.772049 7.098399 5.137640 11.333347 11.768207 7.807931 10.315184 10.183338 13.439290 16.932186 46.738705 76.967689 49.357381 12.547357 9.448261 11.674828 8.626838 13.842482 10.128475 18.630080 26.894012 18.226446 17.338821 26.417518 12.955572 16.133994 25.001287 25.015934 20.863215 21.532169 15.895793 10.122874 7.335331 15.609140 11.315551 2.239839 2.510432 3.263295 8.417875 13.280504 7.814419 6.312492 1.722943 5.394002 1.762165 6.672866 7.648591 10.584497 11.961183 11.978153 9.764726 13.360073 13.758279 8.339851 11.024775 34.706649 44.181636 55.114686 167.667985 229.578694 106.458893 33.383877 53.887525 33.414896 24.733853 22.518509 13.937506 11.400456 12.155488 15.432807 12.058160 15.202173 15.522387 10.186029 11.585331 14.947652 10.266444 11.452499 11.314327 10.594339 9.496666 10.366813
9.905136 1.715002 388.8229 388.8229 0.000000 17.468629 27.184526 28.886218 18.604992 49.480500 34.675516 9.450931 8.798411 5.467444 18.540179 27.120981 24.595329 15.161700 6.003057 5.669928 8.897747 15.134076 10.772709 4.262957 3.172835 5.503182 13.208104 19.162468 15.166254 6.087915 8.369628 16.778113 26.760639 58.002045 93.999153 62.251682 24.477773 7.320956 5.933146 5.155150 19.926658 21.927933 12.899350 9.303316 14.462550 12.894589 23.384019 25.003976 14.184667 26.219717 12.540389 7.896884 16.568780 18.216523 10.507533 7.737758 13.601294 8.717378 5.477252 5.421430 4.924059 5.669388 4.787180 6.573816 5.324436 4.259744 6.121276 4.874800 4.266890 8.999452 12.165201 7.830784 9.255443 11.169601 12.349408 14.817261 10.751257 13.843671 30.602148 34.958479 59.590513 172.465256 218.552543 105.911224 45.446730 45.383376 26.180839 23.376752 13.695979 11.720459 20.924389 20.673355 13.485008 12.890300 21.984252 22.462189 17.404066 16.233258 18.896338 21.000478 13.944375 9.866845 12.401379 16.545030
9.957420 1.729097 378.7007 378.7007 0.000000 17.226066 42.329420 42.094335 32.981700 34.513880 24.138454 12.215655 7.925190 4.636833 9.873855 12.130516 15.812489 19.256166 19.932810 14.817259 8.231975 3.298924 3.881777 6.964338 7.997699 10.697782 10.516047 16.525883 7.557060 2.884305 16.363310 17.769232 19.932497 66.800603 101.194342 48.627867 6.670529 15.245261 16.203430 17.207428 11.226004 9.182995 5.777650 9.605421 7.181089 18.674651 30.595776 39.355408 39.691119 24.620307 15.851604 9.199245 9.692883 16.446717 17.038232 16.321756 14.944357 12.517405 4.914614 9.163847 11.548914 12.165576 6.952259 8.835671 15.624721 16.672174 10.842750 10.295913 17.498799 13.578442 10.307508 13.161338 19.415569 18.304525 9.072451 5.884122 10.919364 25.270887 47.219548 141.264173 239.330216 148.748882 55.608639 26.075141 8.082963 12.182856 9.457616 15.075056 20.076752 15.766001 10.090881 15.819484 11.842393 29.763147 28.653128 9.549139 14.183590 19.710732 14.765798 15.452602 13.329948 13.946291 5.153179 3.769555
10.010003 1.740716 384.5216 384.5216 0.000000 17.814408 30.334648 36.397598 11.668133 19.796861 7.205919 15.730961 18.815993 18.903225 18.597426 17.259775 15.067133 16.133366 17.449602 15.607521 7.513308 2.965969 3.425389 4.170652 13.122780 18.891540 16.588086 19.818615 17.205250 11.348806 10.341254 18.454464 15.558677 20.663215 74.705230 86.756826 36.583435 3.335465 18.457384 11.169819 6.102193 18.009899 24.310010 23.830473 22.546259 29.307678 23.978397 33.981288 32.222913 20.725022 17.503748 10.028329 10.731580 12.145662 8.496207 7.278390 7.535767 12.617719 16.857345 19.658177 19.689736 15.244647 6.485673 7.038335 22.688349 29.666863 18.772216 9.367568 19.194161 10.784797 5.943099 0.970659 12.118802 12.664997 4.838921 5.176998 8.632708 25.331441 47.359203 97.797143 208.748825 212.385018 88.855057 61.397030 35.917373 28.705765 17.298463 9.233373 7.025738 4.718037 6.465571 16.314567 21.723247 24.358454 25.923689 20.470786 10.505361 14.572944 28.903584 20.127228 9.830269 11.486159 5.525066 4.172661
10.060061 1.749831 385.9849 385.9849 0.000000 14.265143 10.050595 23.095272 40.535693 34.322300 18.980944 10.593548 20.358779 22.354668 16.849792 13.242628 14.819856 6.777361 6.906242 9.571227 7.067163 3.515592 2.139031 3.966374 14.950780 22.838194 12.944232 11.097834 19.928638 18.710512 11.523294 9.612620 11.226835 7.843422 37.599582 80.589208 72.609615 26.521894 15.612111 22.685511 14.721573 21.727764 26.362351 25.089733 10.395199 47.916019 48.236898 27.834056 13.709387 8.800725 14.393455 11.017349 10.821819 11.720768 16.783219 8.622832 3.592591 7.420245 15.952229 22.159558 12.904075 8.854759 16.307335 14.952966 21.159275 26.029763 11.858625 13.260351 17.698921 13.340572 10.623947 8.408402 4.869695 11.453133 10.366938 5.842744 10.881210 28.160297 21.744290 9.277320 73.339511 257.414934 232.010461 56.767882 36.688040 33.971279 29.027052 17.794388 15.662461 9.964844 10.478215 16.646844 27.122733 22.052080 7.245919 10.529482 6.061293 11.076224 24.306449 24.365598 13.933618 10.348775 15.506371 11.137606
10.109959 1.745695 398.8902 398.8902 0.000000 18.849733 26.584760 22.555255 43.740208 26.725646 19.146543 16.066267 18.981416 11.918623 21.665424 17.071126 15.539116 8.517443 11.194058 10.255216 4.534091 9.062193 9.656381 8.005784 12.761458 20.533167 15.508679 8.475302 3.418254 15.761421 18.859579 12.518401 6.029140 13.467039 21.030255 22.627222 49.292599 97.179823 75.394029 45.929943 30.152698 21.857766 5.201008 8.357939 21.326813 30.938287 47.114656 32.456859 3.407236 8.163515 9.069545 12.811418 18.554868 25.004380 24.778419 20.009590 12.323984 6.628857 5.409467 3.763718 12.163375 13.052910 11.070708 12.896886 18.127855 17.479132 10.692808 14.413116 19.146984 15.517411 7.563078 8.320098 11.076472 7.056559 9.998904 16.160953 18.712069 17.940772 16.171588 15.296261 17.116701 18.479988 100.775390 240.643935 199.802449 68.772898 18.694597 11.472669 20.877844 30.676838 32.017491 29.801206 29.516290 16.023475 15.889880 28.636755 20.394163 12.372182 14.809431 18.187889 11.968788 10.634574 18.875795 21.382262
10.161467 1.724943 389.8018 389.8018 0.000000 18.948921 23.914865 46.516659 37.229538 14.993861 18.272491 23.109773 35.475831 26.576372 12.247680 16.029473 10.044305 8.171902 6.667294 6.792100 12.815503 10.724094 10.599584 7.987257 9.521451 12.123819 9.903802 13.944168 13.398155 7.174470 7.075128 8.947362 11.822887 7.922114 15.945876 29.332303 64.660067 112.531287 56.964027 23.062811 28.668319 14.304941 15.056449 14.868681 6.018866 32.137369 31.721404 10.773171 7.658026 7.956758 7.324137 15.479483 20.177069 12.354461 7.879755 8.714147 8.740245 11.293021 6.253881 6.060049 5.647285 4.411831 6.964618 9.743474 6.628867 7.342878 10.356826 13.056852 9.578518 8.249853 15.642382 9.915863 8.975578 2.513730 14.319326 10.491455 13.082472 10.603509 25.293143 29.250312 60.401943 199.402532 224.150323 76.388433 37.748613 31.116127 25.904207 32.284695 20.837568 18.698837 30.176371 20.620535 25.526366 27.583093 14.025298 13.766061 14.953018 10.400862 4.509237 13.063829 21.195530 6.258690 13.011101 10.491862
10.214693 1.722602 389.3300 389.3300 0.000000 22.743850 29.955135 25.240727 22.821399 16.739970 19.260765 25.029349 33.109692 27.116150 19.752804 15.046260 6.174033 5.474351 10.048976 9.579268 10.591891 8.362049 6.375300 10.378436 9.641005 11.801558 15.632769 13.485649 14.704098 8.968317 2.134496 4.095896 5.842057 5.761726 12.411623 8.858344 28.707516 100.885641 78.653550 13.431556 22.865690 15.428177 17.516488 7.509993 11.141814 17.666223 24.329683 21.910461 17.558878 13.932330 12.274656 9.887251 5.627123 4.189589 8.174655 8.176420 10.456284 14.194723 10.786680 10.604844 10.338102 8.367736 5.864397 6.034166 5.206942 2.918219 4.165401 6.097856 11.788997 13.760392 13.013978 13.415768 9.193363 8.064574 9.210298 6.356536 9.680946 10.365292 18.931605 26.292397 83.631470 207.964655 194.889161 68.666418 30.069432 24.350077 27.380588 23.491636 20.643460 22.024396 19.610605 19.987526 27.324811 19.051169 11.273580 9.877061 5.079206 2.421395 6.131054 11.450447 19.964172 11.539060 12.835766 14.458212
10.265206 1.703188 391.2905 391.2905 0.000000 18.994769 24.836481 17.678686 15.564042 14.202813 15.975919 13.817965 18.405794 7.922629 19.643831 10.413808 13.890997 12.091025 10.190146 7.575903 11.802541 17.746652 13.698982 14.601331 15.483187 14.332792 16.768270 15.472473 20.329074 20.532901 13.030496 7.508303 3.705016 3.441168 9.040157 5.801244 24.755840 60.550111 90.417837 55.520881 31.395363 17.019926 18.039088 4.292257 5.332573 3.835218 5.939236 28.149206 35.649474 23.757212 17.076295 6.682884 3.821583 5.179237 5.935852 8.889099 15.853519 19.737753 14.025571 8.403691 9.288966 6.464908 7.335048 10.989813 14.486945 15.441278 13.324479 10.396674 6.561847 4.681741 5.974876 8.359969 11.752984 11.312709 10.541764 5.665093 8.091925 7.568600 12.647052 15.290669 57.576579 211.521433 237.342361 50.756570 21.335969 4.707354 6.812625 19.737644 18.886224 24.934935 22.005285 24.111876 25.220787 19.674945 13.009247 11.776985 5.144479 2.463071 8.943510 12.461446 16.123445 21.190136 17.314807 17.356457
10.314814 1.721020 395.1728 395.1728 0.000000 13.465613 16.691908 16.138891 15.712264 14.328241 20.117839 25.497121 11.263562 21.560663 27.842154 19.861577 16.805374 9.514744 6.145181 6.810462 17.844209 22.801473 20.118149 13.021342 14.892880 19.478047 11.694748 19.742868 17.664163 18.924587 21.209728 16.994962 15.356374 15.556181 13.148453 10.235113 15.922698 24.074873 59.338022 84.641052 42.921342 17.496907 21.060079 17.169272 14.924908 13.599700 16.324531 31.725845 34.452348 12.000013 10.652397 11.597542 7.156483 7.720503 11.823946 14.432758 20.031489 22.524754 16.099699 14.643093 7.955031 11.087763 12.009817 8.031282 12.528202 13.811152 19.734463 9.664580 9.292722 11.341793 12.441656 14.516378 12.363976 16.533396 20.402810 14.703479 7.455587 5.132324 6.733154 12.040853 28.221148 35.992967 198.105434 236.336216 85.092187 12.109494 17.580094 26.447933 24.428708 19.101298 22.037736 19.984675 32.378197 29.534795 29.663456 22.660229 11.783700 22.928007 25.726957 27.629195 18.862565 15.367451 19.807681 15.617956
10.365295 1.744054 398.2136 398.2136 0.000000 23.053543 14.725997 11.755983 10.805229 18.331354 30.220923 34.894367 10.463987 15.600585 32.493521 21.716585 7.854047 6.011251 5.298197 12.424806 14.754982 9.240970 11.459928 12.128713 12.696332 27.822509 30.315468 21.660111 11.309176 11.941427 10.899764 5.238296 17.899214 24.869339 19.380382 12.202362 12.963786 24.416753 39.007909 48.015351 68.814828 65.224127 45.812894 35.936220 35.997320 17.199254 12.367794 29.933477 34.441346 22.779636 7.557459 5.281960 6.161367 9.451701 16.651733 13.250285 8.923256 9.745826 8.509454 8.190394 14.289745 18.776262 15.904178 8.278522 5.381331 6.223923 9.640792 15.271493 15.808312 19.137070 20.047028 16.270514 12.269750 12.176429 13.714113 10.545532 8.863522 8.588589 8.775580 11.205807 15.088892 30.420115 88.099706 177.467347 202.669464 137.648780 97.566582 70.396071 27.454075 9.806494 14.858809 17.060531 22.539490 30.520199 34.621943 37.905864 35.668720 37.278712 40.910801 35.985601 32.451732 25.242408 21.575687 9.946819
10.416519 1.746680 398.4664 398.4664 0.000000 17.396691 10.974746 13.681772 12.591464 30.532622 51.572504 36.077143 18.863222 22.072870 17.789239 7.222618 6.935301 6.062660 9.148324 12.985821 10.505619 16.331493 19.619836 16.747563 19.013851 19.580161 20.239345 9.495301 13.260060 12.362799 7.000622 18.912616 13.815022 12.806381 8.537281 5.925845 3.410951 19.237966 12.755727 31.285465 83.652301 107.900622 65.237290 19.726537 19.167590 17.824587 14.259635 16.240498 14.520025 4.873896 6.258228 7.640312 12.394570 13.855444 7.210805 5.643504 7.058610 6.582339 6.979550 12.629663 7.390326 14.815881 10.086641 11.701267 9.949768 6.353929 10.709022 12.659339 13.685447 10.359788 7.443140 18.118528 15.435679 4.036559 4.248277 6.101256 7.241526 7.845836 5.211340 11.842999 28.690057 52.988303 122.009269 226.868547 198.624789 76.444325 17.145829 16.395351 16.404564 11.408633 12.654702 8.354152 4.968927 22.033817 15.625593 24.175586 27.928503 7.197015 27.756221 20.419390 18.032858 15.991877 15.631641 19.339218
10.465491 1.753700 397.6877 397.6877 0.000000 12.002706 6.786782 4.532130 24.905032 48.776217 40.075600 16.495088 12.531387 21.642146 19.204756 12.179457 8.664960 13.329445 26.155253 23.909538 13.551472 18.143053 22.789792 18.835945 10.632014 4.063231 9.677057 20.594061 13.956244 5.993678 13.672696 27.742363 28.910044 21.532566 7.974611 9.176948 14.564848 20.066278 13.727202 9.627894 58.205998 107.373909 70.682693 18.186568 12.745935 18.472794 16.717165 9.768952 10.254285 9.321176 10.977703 9.289320 13.187796 14.552798 9.763529 10.814753 8.594175 3.913879 2.077586 12.035255 20.061866 23.228824 13.566100 15.196676 12.885112 5.046452 1.258995 1.103342 2.928823 10.829221 8.417348 13.361254 13.841729 6.596059 7.826651 10.753327 9.485825 6.516447 11.230410 18.763138 13.751333 7.658477 86.515227 237.836443 198.336236 52.827728 8.360940 18.922243 17.910050 10.412984 2.815821 11.312988 18.675033 25.616763 22.123085 12.342020 8.947771 25.621512 20.060824 3.958513 6.584044 13.531731 25.049471 28.399621
10.519976 1.739578 400.6805 400.6805 0.000000 18.769351 11.214968 12.690223 29.014007 43.733379 19.626025 4.170273 11.931992 12.359495 19.178640 24.004473 10.897625 13.822570 35.828920 32.203659 13.051079 12.461004 11.695498 5.603787 6.476732 8.865229 16.920721 22.858357 13.320092 4.941647 4.678915 20.812703 24.343266 21.528648 26.695960 29.725548 19.834420 15.281892 18.571817 5.385519 29.210713 54.404954 85.347530 50.587929 21.282272 39.404460 34.369389 17.939073 15.271862 9.740329 17.219966 13.038149 4.221204 15.724118 16.295848 10.124190 5.754547 3.697095 4.889045 12.014864 20.035744 22.359111 16.318929 13.097361 16.308604 11.798351 4.691365 2.428945 4.806078 12.872257 16.478858 13.365452 10.122425 6.222045 4.893120 13.249001 13.730290 12.703730 7.260078 19.439935 49.491377 47.469798 25.047553 138.528721 273.248915 155.086380 8.513348 21.528204 36.580422 23.022489 23.959664 28.140907 25.424634 18.755886 14.004680 15.118081 12.447723 11.525894 20.890796 22.937248 13.331485 9.206663 10.857323 20.230552
10.570858 1.752686 398.9017 398.9017 0.000000 20.577703 8.690439 16.902761 20.945405 36.346875 21.561322 16.196006 24.830567 25.343220 24.850620 18.480376 11.197252 19.464421 33.986049 31.525694 18.882793 13.082041 8.489497 8.042369 9.622369 10.268335 15.685291 21.954555 12.253908 5.039856 8.853953 20.890523 17.590645 16.191626 19.784361 24.860595 36.147845 35.959461 30.115259 12.937812 25.635660 18.256640 63.329661 67.636344 36.951027 38.959353 23.743773 16.036996 17.714380 15.201765 14.282434 14.106831 10.702821 8.930699 10.881021 8.659782 6.731974 5.175074 6.133743 12.950430 6.099918 9.594725 9.311460 13.504130 7.769322 9.697671 5.519006 8.553339 6.085466 20.099387 18.454294 4.404333 5.588788 2.824492 10.741970 10.954155 6.309842 12.038212 21.240021 39.675120 63.073054 66.693694 72.492722 160.738206 214.276611 93.375050 31.568003 50.109952 62.594437 57.202131 42.972774 17.443808 13.324028 11.812111 7.612313 8.269011 15.570553 20.226304 27.753179 27.358398 10.624124 9.588499 7.205105 13.971129
10.620547 1.780194 399.5362 399.5362 0.000000 29.385650 29.690479 31.538668 26.201896 17.221917 22.752647 24.844797 20.732657 15.215791 12.205477 7.788455 6.039201 12.132924 13.645830 19.495599 27.946167 21.743775 10.043881 10.956273 23.726281 21.734194 12.971771 13.198988 15.280087 8.722177 10.790382 17.504389 10.249965 11.525841 12.046182 16.001153 24.770005 23.337185 25.592065 24.401465 21.901038 26.526445 36.585550 78.174684 58.487647 56.515789 20.550286 6.084967 10.891542 10.691795 8.236144 7.537867 9.199886 14.251806 14.013653 8.386741 5.314499 8.247034 9.827666 10.869568 12.993007 17.473026 22.102749 16.968632 10.100701 15.369721 22.505204 19.371442 16.207719 13.568580 11.268915 6.464214 5.498269 9.486858 12.989814 7.759299 6.148592 15.970873 17.636156 15.993770 33.166017 30.105483 82.962416 211.131076 218.305050 68.961827 21.153820 33.054785 41.327355 38.422121 30.021180 19.008347 14.642546 14.325317 8.296510 7.293238 15.823914 15.712379 11.112769 19.585784 16.577115 6.514579 13.238183 27.337972
10.674791 1.773563 400.5588 400.5588 0.000000 26.644684 35.701252 15.356857 15.848785 4.206874 6.963198 10.125359 4.146019 3.472365 2.562134 2.111143 3.444358 5.540288 5.403335 8.570316 14.556924 16.662009 22.483746 37.735134 48.386394 38.340686 16.629327 5.694854 8.626928 11.587886 9.304678 11.115319 6.770019 7.141334 11.021002 8.809551 8.642646 3.926269 4.153894 8.476398 6.924279 3.404688 11.275377 83.261193 132.962047 85.806981 22.913726 8.275427 9.687478 10.642431 7.986884 8.320316 9.474547 9.302742 10.611353 6.326525 5.168729 6.285586 5.644164 5.553321 6.654595 11.633592 26.566059 40.964446 40.927774 39.956761 24.350814 15.214693 8.761381 4.875651 2.481679 3.245016 3.412616 4.872473 7.905842 7.271606 8.260520 10.380808 8.113733 9.499775 15.000600 9.378077 44.462531 199.888007 289.944798 128.094816 30.481048 7.029496 11.071258 4.635140 2.259337 6.681965 6.421215 7.164575 7.983692 5.176117 7.277826 10.252506 9.359884 12.098094 11.101059 9.759680 17.473186 39.996156
10.725143 1.776490 399.7290 399.7290 0.000000 7.613514 35.050347 35.763823 32.038288 14.872246 9.739579 12.818280 10.951630 8.223441 5.644877 4.831190 5.902900 8.926421 10.207372 7.650379 7.971042 12.345574 25.659971 47.055389 42.805483 23.436461 16.832230 12.134521 11.413418 12.613605 9.927706 6.674798 5.674010 7.340391 7.288173 6.762177 12.940044 10.989255 4.348596 9.045040 18.169314 20.322967 35.490772 79.670228 104.664965 74.799147 11.624929 12.565929 10.786294 4.841790 6.697353 6.614985 4.914716 2.058947 4.588558 7.474911 8.902134 8.053667 5.733612 8.099788 13.520885 22.209242 33.716980 27.484056 31.920130 41.707561 29.754969 18.426683 9.069868 2.533005 6.302074 10.122331 7.046522 4.521291 0.900336 4.237708 5.873399 9.493345 8.415020 11.456862 23.658141 20.704327 39.401971 153.893652 267.002759 160.698156 32.833405 23.153174 22.709147 10.518178 8.583006 13.474227 11.454547 8.438574 7.534100 5.736884 4.196386 8.218107 12.558230 11.475357 6.470069 6.960781 14.061149 40.326583
10.774948 1.758887 413.7425 413.7425 0.000000 7.611453 33.865999 59.050207 49.753788 37.897971 31.998498 17.004293 11.630633 12.694082 2.322783 7.436196 12.462623 22.344969 22.729696 10.052306 11.390625 19.296469 15.006379 18.322142 27.318619 22.074614 8.192159 5.112537 11.969175 5.778327 18.845799 13.330846 4.749659 5.191081 6.909591 5.271159 8.854499 23.389046 29.629078 17.644837 11.828315 18.916926 22.213573 12.906685 36.646776 22.455412 70.551205 59.576783 30.930406 15.972432 14.297984 9.148519 4.481305 10.062187 6.052676 4.134899 6.948959 10.416471 7.358530 2.761488 4.057002 7.097390 17.529663 19.134173 15.435862 19.483603 20.550246 19.371210 20.037831 14.240081 6.270597 3.899522 10.545076 14.498312 9.588167 3.515349 3.300189 6.549264 9.028914 13.797080 20.791912 27.694965 36.066146 43.188121 40.951205 117.490976 226.648167 152.390832 45.181698 34.186942 31.138423 30.064661 32.988976 23.658920 11.887208 7.968571 6.257020 6.590238 8.143120 17.331604 22.051096 9.799021 5.783089 8.557751
10.825061 1.726142 405.1124 405.1124 0.000000 13.896747 17.295135 41.933392 26.527194 23.372794 40.904788 26.431982 19.581364 12.928607 7.589027 11.964432 18.655909 27.053340 16.468141 13.048904 17.498432 16.491009 9.503142 8.002794 14.221692 14.479433 12.127161 16.331138 13.027376 15.415974 25.632589 14.884994 3.355979 9.765436 22.026462 28.947620 36.575744 39.021234 25.288984 9.840780 9.868194 10.088634 35.908630 43.151890 30.524628 46.009496 75.753698 44.599537 13.368359 13.457644 11.646738 15.036803 15.713206 12.590765 10.765094 7.101791 2.703836 5.331186 10.628092 12.856092 9.813503 12.360969 13.165169 11.622701 14.739802 12.008803 11.156241 11.045323 15.948694 9.920119 5.104341 9.585332 11.290276 4.602928 4.521723 8.645049 3.337820 6.112966 10.490379 20.666752 4.743187 39.581464 33.752441 50.670940 186.590329 237.601224 94.000817 18.076451 12.247472 16.963847 38.097879 43.075185 36.735953 27.477970 11.727979 4.345981 13.851728 26.935007 22.621281 14.496040 17.518136 16.150970 13.855438 15.037527
10.874788 1.728686 407.5533 407.5533 0.000000 28.931997 31.492844 26.139434 14.828690 30.149308 22.602647 22.039051 21.068933 17.371554 20.122911 28.195900 27.687882 19.197399 10.540039 11.553709 13.326493 8.979330 8.726371 10.479513 11.377280 5.762878 6.803103 17.462437 24.366477 26.582654 33.706601 34.658248 25.611795 31.180354 37.900808 24.418839 17.441296 21.886624 12.550834 21.966398 24.122698 18.390116 25.473043 37.062188 25.018988 31.420032 46.421131 54.384268 30.836018 9.615929 9.588146 16.758806 10.139285 11.759793 15.029305 11.149282 9.941951 13.394329 18.570451 14.363434 18.076299 23.738615 11.534229 1.947049 13.800428 10.773177 11.194513 22.590388 21.157541 13.188897 7.477781 5.861894 5.808582 10.433100 11.720524 11.081339 8.773612 11.147282 11.167832 11.546134 26.673783 34.288210 35.748513 73.303444 175.393126 218.868313 121.620888 53.222669 35.273820 36.255362 18.569046 31.317846 51.055927 35.895419 16.328265 19.005060 35.146259 25.210078 10.852663 19.611843 21.593646 8.120735 8.877178 14.151901
10.929400 1.722845 408.0552 408.0552 0.000000 37.151666 39.013641 24.718387 25.082348 26.436616 10.479010 6.083615 6.447939 10.304998 23.514191 30.312440 18.383565 17.110368 15.360848 6.612848 11.213011 13.747798 6.229255 2.871143 7.278878 10.098087 9.078326 20.017024 39.036659 27.999595 23.508130 42.078532 33.168230 14.275191 32.077591 16.530388 10.384940 15.951332 18.980842 23.921013 46.724978 42.356810 28.183574 17.283319 16.706497 9.181758 19.328312 51.588256 51.556902 20.295893 9.608670 13.293778 14.460695 16.221863 9.496428 11.234696 15.506615 7.427201 13.634978 11.979070 18.938129 27.528380 8.767775 4.482133 11.699626 16.339643 15.736410 16.117970 8.116561 10.772008 8.207483 6.382425 10.368370 9.492472 8.677370 9.683267 2.905666 6.887247 11.291095 14.154756 19.444261 22.236440 20.899177 26.518561 97.520824 219.440285 192.673528 67.774394 32.775655 14.323881 25.816463 29.503242 27.899596 26.873636 29.692699 14.032322 33.743643 35.470400 26.354330 34.695491 13.612142 5.713202 15.180857 11.313369
10.980428 1.727301 403.1351 403.1351 0.000000 28.354841 16.694403 9.298671 12.660199 27.076503 13.305956 8.350768 7.357653 5.987183 20.100403 20.143072 16.753641 26.833861 21.661070 11.973251 16.279951 18.326412 12.779251 13.372496 20.109604 20.346325 19.822865 30.159325 29.587886 24.751412 29.093661 29.609819 10.559372 20.065065 27.108629 28.596863 20.403783 8.684901 9.323575 10.605645 52.664933 64.251374 25.579006 7.404249 10.422932 9.913942 17.560675 42.855979 50.945858 21.276360 4.957540 6.062946 5.865460 8.099307 14.694050 18.541148 13.362805 12.465308 15.947734 5.325697 18.133623 31.120397 30.377123 21.593967 19.839862 12.209672 8.762874 4.763610 4.134797 8.659760 9.943640 8.297488 5.451560 12.505580 16.836477 16.476523 8.952063 9.045095 12.832594 13.022787 19.915854 23.004010 30.403712 65.079276 168.358415 207.799761 126.991590 77.977204 64.345424 54.143217 48.149805 22.623141 21.785877 24.397345 42.252235 42.184729 7.913176 35.844241 57.327204 45.242209 18.277037 23.523226 22.917412 19.866614
11.030288 1.729257 416.5504 416.5504 0.000000 10.696141 9.497748 15.206619 18.698037 29.182617 21.754591 13.681735 17.966598 20.330680 23.748326 12.231408 11.451468 16.791362 24.336831 17.434911 9.673498 18.938638 11.819216 11.600487 22.914977 21.450232 26.499662 30.843765 18.879651 8.769307 13.095283 22.083013 28.867069 20.793579 15.959754 11.231288 15.160662 13.567691 8.717502 7.292529 25.175961 63.295499 50.310238 15.213445 10.531738 13.846414 15.056541 11.609230 25.322108 42.666450 33.109894 17.219572 11.565888 6.494839 5.440243 12.307602 16.686046 7.735268 4.840243 13.869849 18.409486 17.073782 13.013444 28.630018 37.851194 25.928112 10.699277 5.634025 4.430568 5.129119 6.727694 7.735964 15.034568 13.961349 13.546658 18.740575 16.497506 12.742274 8.846960 18.284840 17.636773 19.798526 22.207692 7.504390 40.724808 74.809105 181.016691 218.144866 135.820581 94.926675 41.140466 40.010243 45.495064 38.026003 21.017086 17.208048 31.328507 46.270656 29.300259 21.197757 31.163099 44.210203 28.827307 18.907710
11.080046 1.728842 409.2328 409.2328 0.000000 26.797877 23.516339 13.358667 19.214563 18.049596 21.649421 18.158190 19.039329 34.824497 27.749221 15.716031 12.880604 6.760514 16.624628 20.968155 16.821933 9.976965 9.369639 16.984884 11.360929 7.538029 13.938468 16.082456 17.734473 12.896327 12.552455 28.501320 26.273581 12.780960 19.315162 11.877026 7.023536 7.463454 6.400004 13.333003 62.930635 68.286139 27.913407 13.726800 16.847086 24.211565 12.608912 9.505693 19.942760 32.646656 38.989220 18.292350 7.188780 7.617696 7.595822 9.487100 12.476696 13.396624 15.570376 9.220215 11.086993 19.860764 22.944155 16.663087 19.833150 19.194751 15.168136 8.328326 7.939603 12.422155 16.008445 19.094453 10.121251 5.251042 14.059993 14.910035 19.276736 22.879642 14.932876 3.615588 8.279867 17.979181 23.773497 15.037763 37.660939 161.652812 253.585565 141.191819 22.574737 9.467836 9.044597 17.606920 22.715704 18.442673 21.722153 32.060407 19.988162 8.085729 10.552395 16.438961 16.412490 7.815766 8.010446 14.381588
11.134538 1.739509 414.7841 414.7841 0.000000 30.370479 32.091510 16.814102 19.842162 24.831116 30.227404 28.846471 17.812838 22.439949 28.904535 25.173359 17.586018 9.837165 13.200208 19.632961 12.602324 4.199376 7.792546 12.501280 11.837194 5.809590 7.406065 7.946515 8.866907 11.861408 15.802458 14.638946 19.186001 28.093335 27.979153 15.689694 11.706377 14.576886 22.283010 37.974393 70.379641 36.439666 23.904872 17.863212 16.478565 33.685600 22.498570 11.918311 11.172572 20.057713 41.452412 46.181116 27.988789 15.602322 12.455356 9.153608 10.118254 16.938378 14.895550 7.616622 8.846308 10.281425 11.363142 13.975761 9.981927 11.012156 12.733177 10.895835 10.146275 14.257620 10.893232 16.158593 9.569282 8.914231 17.679735 26.861630 25.129311 15.990978 1.854538 13.316559 16.836667 28.585029 28.718164 14.359554 30.512808 84.625481 227.590043 220.573202 72.522011 25.570954 8.691185 13.635407 27.733797 34.318417 24.871175 18.179383 17.423315 11.409292 10.013623 8.550448 12.377184 11.183305 6.838561 10.229801
11.185064 1.739018 413.4394 413.4394 0.000000 23.627865 23.282484 5.506411 16.207462 22.165546 27.495693 23.622902 10.281800 7.939211 13.095999 10.889882 15.768161 11.668394 10.047789 14.871103 24.868133 21.335031 19.058949 21.712447 18.337595 20.318498 16.945331 7.990490 5.683145 9.399324 10.621924 6.312866 10.419561 14.812373 20.764958 10.404245 11.506418 17.199864 36.445273 75.494411 58.461572 15.843021 6.221190 9.318447 23.410182 29.317394 27.170274 16.976960 9.397736 10.475285 24.250860 53.352321 34.493202 15.172709 18.027077 16.020342 17.688695 14.506019 7.276585 7.015023 12.731169 15.546678 15.481464 13.874193 16.253197 19.863432 12.690777 12.681381 9.182243 18.802863 17.837342 21.575685 11.646583 5.450536 15.770784 22.977986 6.325530 14.136379 6.326344 18.135363 27.573943 27.550806 20.666550 10.881393 5.853459 73.186279 222.469244 230.039154 85.917611 16.359894 9.162832 14.483506 20.901553 20.357850 11.252080 5.374083 9.648548 8.548666 13.396830 11.416466 20.146102 14.636616 21.135482 25.370446
11.234589 1.735481 417.3190 417.3190 0.000000 13.668105 13.812843 7.220103 11.694115 5.353947 11.664911 7.094434 22.856332 16.055615 13.997691 25.942206 26.791906 20.954998 23.768248 23.983816 24.499392 24.926255 23.925256 24.546492 22.354129 37.950814 37.292676 20.825733 9.481471 7.984594 8.104893 6.349461 9.152931 8.885981 7.862112 8.591391 7.506563 12.252236 25.453372 65.031008 56.870303 14.640506 12.579720 14.459202 7.352987 14.181967 7.372577 12.336372 13.330904 18.753849 29.362109 34.689829 53.486867 42.571997 10.273288 15.288132 16.556902 14.923276 19.036269 9.173718 10.816821 18.688084 13.691577 6.236992 5.868810 15.436784 26.490715 16.899945 10.235780 21.174952 19.746296 18.424613 18.667691 9.624436 11.739872 24.258422 28.877917 25.317217 19.555633 16.026292 13.621429 14.893110 13.352626 15.933334 9.602466 13.729015 72.952333 236.168654 223.882802 69.490829 22.226122 10.346573 5.781752 8.253918 7.120741 14.813670 11.080742 11.028325 10.774710 18.923446 17.056672 34.168852 33.449728 18.901368
11.285012 1.724033 423.2319 423.2319 0.000000 16.054593 17.112276 6.793911 8.787075 17.554420 4.025344 15.967807 29.384324 23.185663 12.179011 26.238562 28.709499 11.393085 30.696008 31.787292 22.946412 26.928624 22.411021 35.888886 26.288379 29.465463 37.369322 32.391982 14.553991 10.576898 13.852919 10.435214 19.798972 21.868277 12.044533 5.352482 4.091181 5.742343 25.069592 50.135795 45.197435 37.209340 21.920755 6.869176 13.056141 20.792589 18.466115 8.449439 3.180731 8.541463 22.833858 26.351691 18.976144 40.636207 42.288705 17.858295 11.079528 15.709234 18.047493 22.638733 20.888432 19.165393 12.195762 7.743142 6.280638 6.911197 16.653790 19.002473 16.621774 19.791088 19.899012 13.375559 11.841172 13.551254 10.171564 8.585913 17.680148 19.959410 16.563033 20.388259 17.825509 18.254397 23.526865 31.179509 38.809557 33.603318 25.142941 71.515845 199.372335 210.199485 103.023525 54.675739 46.663527 36.838321 29.352067 19.140890 11.385018 16.818824 14.217485 7.338350 9.606424 19.433266 31.895915 40.590947
11.337598 1.726754 411.6691 411.6691 0.000000 19.958811 22.572804 30.086891 34.057413 27.608042 17.912431 20.387024 16.429977 23.455462 20.237153 22.780353 21.713742 13.546883 31.045960 45.173798 26.789639 21.157418 31.828074 31.445271 17.656315 16.314546 19.401379 9.248009 15.051437 23.916607 23.704787 20.049356 16.495732 22.192755 13.139065 3.711088 7.041385 30.063794 38.300992 22.894167 25.715914 22.024059 8.696551 9.620253 20.637874 26.145080 10.505869 5.287080 14.966434 20.030643 22.307952 11.601450 33.657886 47.240316 29.740665 16.899881 9.092393 21.421722 3.371275 18.987872 16.441523 17.012554 17.168102 12.006524 19.215519 17.266367 12.620344 17.428307 12.134342 8.357520 8.648469 5.687977 6.109899 8.878729 9.830005 17.994428 21.449069 19.572417 22.396263 20.501952 14.140552 27.953841 24.943627 47.621801 40.123652 118.232540 231.924359 136.448252 56.191828 75.079783 36.187802 32.325618 33.790324 24.402189 16.673119 13.635926 13.953824 14.487850 16.977561 15.886035 26.918594 35.975911 25.771337 14.366344
11.385288 1.712935 412.5382 412.5382 0.000000 19.741639 14.779035 45.985392 40.543649 20.701267 5.682078 22.507925 18.191174 22.662414 29.600604 32.005930 27.516372 18.561118 20.959529 29.681326 31.204138 26.892173 19.018075 11.523048 19.447324 16.566984 9.069892 9.982108 13.235725 17.738480 10.079207 8.948874 1.911601 16.611475 26.843102 14.270361 20.945436 42.004871 23.902499 20.849785 30.212800 16.819500 8.045604 16.098421 25.946796 30.986436 21.355856 9.977223 12.721591 11.725856 9.477033 18.305706 33.697216 50.721161 38.570819 22.600754 27.597223 32.982784 27.012448 11.543929 3.665979 9.783653 13.539961 13.138193 14.894029 14.408435 18.743690 4.990598 15.859071 16.779291 14.063565 11.716237 12.460191 12.025352 11.510391 14.667223 12.786536 8.215264 8.512827 13.124561 14.914544 22.125894 29.298058 46.292731 76.255245 134.907401 196.012013 122.136618 111.572449 88.612408 31.113286 14.678431 17.477525 16.316672 3.970820 8.495644 10.260522 13.774934 18.430765 22.475486 13.759042 13.741923 15.467452 8.067525
11.440436 1.710995 419.7800 419.7800 0.000000 18.859200 33.285130 38.364559 35.341133 22.597126 34.164187 24.312320 10.796734 12.113339 15.084846 11.022095 23.669117 13.409585 15.429435 18.287775 14.435518 12.915869 19.387199 15.115134 18.916500 13.660858 15.821255 17.440948 13.818800 10.254713 5.494239 7.849370 11.514716 22.710452 35.703033 36.406778 43.566692 46.195527 32.534973 23.878304 9.320404 17.778748 3.900542 18.625578 17.342252 8.673566 26.362901 21.345475 13.561319 15.299918 7.414896 8.036307 13.649070 19.392436 35.790332 53.942326 38.097283 23.350406 25.553741 18.054688 6.697392 7.732990 7.990096 5.369811 6.938948 9.036417 16.975991 21.351299 19.048159 10.417379 18.691976 15.483222 5.605017 10.144107 2.833326 11.656395 9.390207 8.733649 16.565681 13.851297 11.873195 12.315961 20.725832 39.550499 27.955077 53.304092 81.889712 123.631691 217.318845 161.312594 87.429190 50.341087 29.017311 18.200298 19.286122 19.419842 10.968301 6.300712 10.326627 17.643288 16.119984 10.477062 17.461896 13.797119
11.490425 1.725079 409.5441 409.5441 0.000000 26.305168 31.233007 23.430969 45.895889 41.383395 29.638890 13.399269 7.174602 11.011050 10.446453 17.776655 28.895684 29.613248 25.751676 15.346943 15.157180 24.980455 26.948558 28.482988 24.218197 19.815593 27.664350 20.675066 6.113910 2.603480 7.059465 18.234434 28.545038 23.950875 23.223564 30.537826 33.634448 14.004561 19.936052 22.728487 24.152704 19.733329 9.252119 7.004809 14.602913 16.374363 20.322049 20.156106 11.507671 3.542927 2.521889 3.127615 12.389717 35.971348 51.928319 32.297484 11.360668 19.292818 21.844239 14.185420 19.837154 13.184645 8.798560 18.530271 23.532742 12.873232 11.517947 16.591067 16.636359 15.658769 9.558624 7.571737 10.785071 10.162470 4.209421 8.124513 10.095901 10.818067 14.110059 14.148628 21.813421 23.666754 16.445672 24.747780 67.740898 147.866340 214.760703 127.711693 59.467576 43.398902 22.042156 16.749641 21.590001 23.153308 17.445869 16.526480 11.914325 13.071396 22.089859 28.555425 29.993207 23.054258 24.583485 28.612443
11.541843 1.719200 423.8675 423.8675 0.000000 20.899825 35.437945 36.073374 21.858022 20.013717 7.829741 17.975266 10.087667 5.327404 9.189978 9.239131 20.159837 23.264350 13.750968 9.790932 11.266261 12.922304 12.017389 14.599457 16.637532 13.637369 15.002119 18.990527 12.258683 10.440954 13.016795 12.120323 21.988717 30.550747 39.465475 62.143077 68.928748 33.942445 10.554260 17.817462 20.009119 21.894254 8.006030 11.050651 14.201938 7.863021 5.254892 7.273650 9.871527 8.482774 10.640073 7.103246 4.600829 8.243430 16.824037 24.357301 33.074857 33.791871 26.011404 25.037675 30.446289 22.708317 11.040322 6.471627 19.325775 25.155494 12.974441 4.815890 8.591621 15.295924 7.108110 5.324274 2.397799 5.363267 13.080752 8.246716 1.336658 7.429910 3.539710 2.951780 10.505471 7.423698 9.852541 7.806785 17.764826 27.437701 48.206254 84.822532 175.216572 229.317168 146.010636 57.050148 20.483295 10.135697 13.034385 10.901892 14.425200 18.336423 9.069351 3.842305 10.802256 17.940713 18.078159 13.569933
11.594637 1.722789 429.1371 429.1371 0.000000 18.012458 16.589603 19.625614 12.044652 13.405399 16.906084 13.283965 7.422466 19.304988 17.299422 9.167053 13.521639 17.386641 14.718914 21.052384 25.990163 21.731230 17.169318 14.781917 7.716531 4.999601 10.058696 8.785831 13.853283 24.781708 20.730919 8.072880 10.598130 17.357002 17.669849 65.124667 82.798099 42.914409 23.429116 15.959101 14.779472 14.602773 1.849970 10.647860 20.956403 16.688359 10.126593 6.109569 11.690522 15.626003 11.269086 3.740134 10.466685 9.863361 8.316271 9.834560 14.784474 33.800657 35.796740 23.683847 21.896837 17.485175 7.454769 12.160564 23.044925 15.531824 9.061194 4.868100 8.085169 9.453443 5.324593 6.285371 10.655431 16.267230 8.165966 8.819712 11.722550 9.806596 5.920104 11.286463 19.565455 17.948594 8.226130 5.014081 14.977622 15.959678 18.490055 32.256414 121.490934 249.584680 188.492182 49.168260 16.590955 9.735220 12.104124 21.400409 22.457470 10.713012 11.497496 13.409394 10.257752 11.771223 17.996538 18.800095
11.645063 1.719045 429.4526 429.4526 0.000000 18.903490 14.113273 18.551856 12.187557 8.693711 5.010288 18.690499 17.527060 20.734557 22.372145 12.085043 13.012050 17.158866 18.339983 31.583820 38.591872 29.619523 20.080983 18.475168 9.023996 6.037691 9.699583 15.775236 25.437212 23.948477 21.267864 11.774375 13.604907 15.625602 26.321529 63.828115 54.043740 16.996267 14.504640 17.785743 11.019505 10.308064 9.712153 17.126453 15.120557 15.225535 21.125422 15.562944 14.850772 11.029561 16.408073 17.205023 13.408712 6.171874 4.966952 7.020518 13.417830 30.425199 52.719083 44.863795 23.436716 19.113373 16.458667 19.502811 20.251206 15.569344 16.579479 14.987375 9.932867 7.410438 3.802226 5.909045 11.198342 22.597218 21.362964 14.468350 6.641950 13.159607 11.057614 21.288736 18.296567 10.508986 10.980869 4.609701 10.242117 13.456886 19.196874 18.637214 64.872469 200.241206 221.917894 84.019025 23.436354 11.756918 10.114179 17.667510 23.592455 24.485676 17.415814 16.024679 7.888437 12.549944 20.782760 21.008519
11.694863 1.709169 427.2159 427.2159 0.000000 23.153024 11.513609 19.262533 26.761576 22.194223 22.357069 26.398710 18.480706 13.539771 16.541057 16.830690 22.215676 17.143410 9.564658 15.379846 20.990582 15.793107 14.321838 18.578123 11.839261 7.549676 8.868029 21.450355 35.857853 22.158984 23.261517 21.439762 10.682726 26.750454 61.029313 53.740031 26.300303 5.957285 13.483361 3.474688 9.199684 14.624269 17.063855 17.543414 5.075397 11.316341 21.594936 16.894141 9.215732 9.611164 12.937933 15.672326 10.834542 5.212960 5.916918 4.556450 5.308238 20.062858 52.299702 51.184708 15.170088 13.667465 25.277932 23.865289 9.137743 25.515869 26.201066 12.389769 4.793448 6.913519 2.939241 9.445965 15.435968 18.630701 13.278403 9.974108 7.227526 14.193564 20.710600 17.522931 7.539609 8.754006 14.426001 19.776684 22.477422 24.101185 12.026554 26.881286 91.158545 234.487617 189.958621 72.444488 20.456663 21.137882 32.605577 27.065279 38.972984 18.945484 7.162489 10.088131 13.100131 20.854021 17.962564 15.291998
11.746130 1.706120 427.1053 427.1053 0.000000 31.149081 26.000601 18.049837 24.530531 24.500336 9.020676 23.414269 20.033072 17.556879 10.861418 9.791296 18.198201 26.654879 27.612777 23.080905 15.419205 8.079248 10.930156 17.747365 13.160148 8.813052 18.909965 28.397647 25.048990 32.296434 23.929911 6.521961 10.034764 33.830823 65.899854 22.841488 24.243785 25.105747 17.647419 12.569043 20.085562 27.707744 28.391769 23.724949 13.797104 10.306151 11.624355 13.661048 14.774960 18.066594 14.982044 11.657239 5.906072 5.233953 7.438199 9.578585 14.307019 20.469448 25.570693 42.372600 28.684580 10.363921 15.029181 18.553276 22.580779 11.399793 18.960434 8.156650 9.583731 10.272585 8.088180 13.207760 19.168585 19.093126 16.683810 15.083867 10.827173 9.502176 11.958190 14.334409 6.609407 6.431206 13.089994 23.400264 37.549404 41.873315 42.774306 53.446025 136.728384 242.064721 127.764805 78.871430 58.859376 45.388544 43.433379 28.354181 36.074999 19.796474 4.892223 4.476177 7.983930 11.269264 20.431125 20.135420
11.799994 1.704419 422.6344 422.6344 0.000000 38.885019 34.514708 8.289724 9.856867 20.739131 21.201279 12.630926 7.237532 13.813895 10.407015 5.748414 7.042478 21.409689 30.515631 30.039751 19.669646 9.286097 4.309983 13.173125 6.994368 7.038597 20.573056 19.673884 14.524197 17.589718 21.160295 20.093789 35.081209 59.556358 46.699266 22.917538 15.244319 18.090453 4.491220 16.442800 18.012231 10.805165 15.530104 21.084293 11.040147 6.229430 8.975455 15.653739 22.774371 22.109482 9.694168 3.310957 4.518831 4.795837 4.423333 17.062270 13.797439 8.404867 23.867907 48.359599 41.408448 28.540320 23.848002 11.114370 5.106609 14.980210 15.612807 11.014066 5.202657 4.814151 7.047082 12.259159 24.282449 25.196173 18.510194 11.897701 7.541175 12.453292 15.270263 8.457898 7.862326 5.334225 17.880056 25.197087 23.212866 32.938330 62.437789 154.317491 222.877677 153.622741 28.940070 36.264249 20.421374 10.688798 24.633129 20.854684 7.660323 9.332054 8.466349 6.198833 9.485464 21.765366 27.205864 25.435216
11.850473 1.708192 425.2699 425.2699 0.000000 41.941794 46.737567 14.910585 5.041357 12.279845 16.305536 11.978922 7.385640 12.628010 8.074153 5.843652 9.476568 13.745819 7.691387 15.787093 10.297963 9.348634 8.633178 12.188252 8.656210 7.294652 12.349621 11.609194 19.932803 14.265530 23.026116 47.714579 72.128544 60.217207 26.546975 15.083563 8.858167 16.051325 16.443004 8.452972 5.289454 7.998564 2.738517 14.341625 16.688714 3.948329 3.463274 5.595081 8.454427 13.209123 18.680901 7.924820 2.466655 4.117510 3.701766 10.704069 21.364097 14.361894 15.524939 31.698289 42.945183 37.179450 22.370821 20.574921 10.130645 19.531701 20.947824 3.249759 7.380205 3.688106 5.704693 11.532628 16.501660 12.699568 10.825965 7.167409 5.353377 9.776505 13.982548 6.863525 8.896671 9.147044 6.576621 13.848558 17.144913 9.122697 3.733939 38.539598 90.662394 257.814511 186.736976 58.819681 18.717940 12.570298 16.070086 14.201400 12.669049 9.292689 11.913467 10.459374 5.822966 5.123695 16.030387 10.910420
11.904804 1.699503 437.4475 437.4475 0.000000 51.051557 46.772525 22.194895 10.837762 12.081230 9.614754 11.402444 9.691982 13.892443 11.108754 5.029709 3.868674 7.984003 10.048651 11.161376 9.985527 9.757552 7.149558 7.269238 12.020514 10.584468 7.840809 13.978122 20.060722 7.661140 18.316464 17.301388 53.753064 87.124947 50.758641 23.867457 18.796323 22.811739 19.600280 3.002850 9.650313 4.459598 8.547514 12.623215 13.798152 8.911602 5.585272 4.420599 4.669866 6.399650 12.726379 15.680199 7.234920 4.168661 6.822192 4.186882 12.405832 23.829002 15.685039 15.765836 16.682165 17.890575 34.222113 29.412321 26.573656 7.463164 20.993864 24.313127 7.118718 5.357062 9.737897 4.755202 8.493264 16.362882 10.527623 6.744815 7.321168 5.671930 6.947074 8.322048 12.679648 13.260003 9.855264 7.880977 9.686108 10.994267 17.314736 20.618751 20.193708 56.067321 195.279560 250.802023 92.837145 36.186262 13.155195 13.075526 16.963687 12.533824 7.449442 14.216955 14.373927 3.215214 6.852667 7.737235
11.954771 1.692378 439.1370 439.1370 0.000000 40.303032 20.267846 9.790498 19.671050 25.532315 19.450761 10.162860 5.941420 7.660409 16.318160 8.928825 3.506665 4.281347 3.000611 5.263040 3.395794 7.458318 16.147115 12.289443 9.635465 12.411605 14.190698 21.745255 21.006283 16.429997 10.205912 29.548137 63.761399 59.268986 28.768734 14.886489 12.446328 24.349389 23.130446 12.468199 5.080482 8.640197 13.915850 12.699438 4.699734 11.802192 9.457293 6.517739 4.912853 8.616419 13.409757 14.289025 4.990850 11.449178 13.348495 11.501711 11.192435 16.867063 16.589944 10.688152 12.932560 17.189372 27.603273 45.599745 37.897693 13.587556 16.834109 19.238322 15.754665 13.604156 14.502105 10.362618 3.630759 17.494651 14.783709 7.062957 5.869062 5.549717 9.013279 7.699981 4.849892 13.545388 15.401380 4.997020 5.103159 14.060212 22.530281 24.304763 14.413673 20.433237 82.902914 205.366231 207.697243 77.561499 19.461787 16.662337 22.415642 22.503461 13.467990 11.004628 8.226746 14.966066 16.053392 5.820705
12.005105 1.677310 436.3605 436.3605 0.000000 24.966583 21.566436 25.543909 34.064518 23.144793 11.914958 24.372683 11.715158 7.313262 21.591097 19.081672 10.236307 6.349588 3.797042 4.030547 6.810557 14.988605 20.771057 22.501469 24.274900 14.978134 18.489849 27.104784 12.973173 17.035030 30.059757 61.530890 56.127006 25.966150 8.176700 6.681234 7.474017 12.664506 11.927669 6.814699 9.250191 16.458115 14.714392 7.060830 14.029063 18.367270 15.378166 8.757901 7.937234 14.033595 20.193232 19.896269 12.613733 9.095954 10.828978 8.309006 5.031097 5.071793 12.434083 14.111975 4.262107 8.213925 17.762040 49.333351 34.225791 10.858634 18.346167 8.259263 15.001163 10.834921 9.160560 12.410695 15.581563 25.178043 23.626266 12.937996 11.033104 13.670269 9.170244 7.000310 14.898540 18.350479 11.388709 9.815662 15.719451 8.522357 24.031481 24.805673 20.434587 28.501141 136.317457 245.383948 128.722181 59.117720 42.669406 23.006499 31.292212 17.619142 4.285750 20.173165 33.987317 37.212480 20.990166 8.853173
12.054795 1.657667 436.2072 436.2072 0.000000 26.738305 36.197974 32.780698 23.739772 22.342736 27.234406 32.149625 23.934390 19.500425 25.177945 16.546418 5.965435 6.127635 6.246768 10.052500 17.893204 16.466577 10.718346 9.553093 22.466458 27.717694 24.688007 17.938274 20.291959 21.398128 23.978485 62.199836 29.491816 7.766991 14.038561 9.711605 9.014499 6.332422 6.970845 6.407224 12.067411 20.285103 16.295518 10.029273 11.898928 12.152446 9.536686 13.365274 14.641407 10.253599 11.067291 15.023384 13.813233 9.757586 5.951125 7.129321 10.371516 9.838994 14.544148 15.828296 12.444811 11.029251 17.573462 27.424828 35.612397 28.843444 32.504892 16.598020 4.699532 10.080123 10.294758 9.605505 9.515282 16.864168 23.217328 20.837333 10.424802 10.289855 8.166915 8.365583 16.059861 18.009401 9.540504 12.231664 20.446681 24.994012 22.660961 21.617451 27.863639 56.295558 128.781167 223.007648 102.287760 97.320117 51.151417 29.902888 26.255557 11.479780 9.124235 26.739754 34.129412 34.978619 28.597909 11.254775
12.110427 1.610436 442.7207 442.7207 0.000000 30.963408 19.528436 6.244329 14.486518 14.854511 9.592813 23.921329 21.734468 14.917909 24.939939 12.043738 13.736093 11.318918 8.902695 8.050430 15.257853 23.881156 15.560931 12.918744 18.450338 14.368545 10.753763 6.796154 7.311939 24.258276 46.734666 53.605344 34.910866 13.427547 18.575911 14.861876 10.545471 16.066010 11.940944 4.357047 9.147253 9.523448 12.279836 9.336192 6.702388 10.263794 17.507021 23.008049 21.593124 16.638220 9.929153 7.470642 8.833432 7.339553 7.523593 8.836877 10.380834 11.813991 6.848624 9.101067 6.502642 8.706746 10.091343 8.570877 21.974624 45.246452 31.100291 18.972878 14.671963 9.838423 5.095976 14.153930 10.934156 8.035036 14.996074 27.667631 20.320902 9.509651 5.572931 6.327925 10.554084 14.082468 18.495050 9.837328 12.556291 14.133315 15.637489 15.969658 8.869477 30.843378 34.431659 142.914035 210.412114 130.585323 58.387401 32.517741 18.465158 14.542438 15.400631 14.935924 18.799965 13.652286 25.323913 11.610184
12.160466 1.384160 448.6071 448.6071 0.000000 33.432272 12.362915 18.699515 28.339765 31.181796 21.281784 10.048655 12.958681 26.937857 33.110362 29.761839 24.569915 17.984428 11.292647 14.801317 22.197269 30.026400 19.054629 5.866631 17.024951 9.652339 3.855900 10.114454 13.605721 15.582209 30.428275 31.053164 27.952350 7.354460 29.841953 33.217395 25.642156 18.085535 10.674618 5.618624 12.346792 10.919869 5.987267 4.619724 9.315710 17.605686 22.734210 24.253854 17.814252 9.170767 9.540523 9.946050 3.465046 4.354115 1.243328 2.517228 3.825503 1.807050 3.296506 9.150278 10.400316 12.643627 16.102372 16.073840 9.422668 13.195794 33.533004 32.094010 15.165193 10.639868 9.674539 12.460260 12.352645 7.264078 3.266509 6.370457 12.903358 20.054060 17.250601 10.139630 10.221644 11.012265 13.059097 26.831791 32.540986 19.449274 15.544606 26.085754 32.146709 26.603784 14.669738 31.280548 88.521701 164.015518 173.331187 78.892892 29.384399 40.033852 36.100169 27.567384 13.026884 3.226818 8.843764 23.991353
12.210026 1.109466 487.0465 487.0465 0.000000 24.506705 19.729800 19.756710 22.870833 23.886397 19.682460 12.411201 7.964200 8.972770 12.484030 15.812555 17.667316 16.034774 10.363950 2.297214 8.028723 14.940304 18.153288 17.107313 13.944574 11.271273 9.276314 7.208748 6.901576 10.419955 15.319033 18.700320 14.650414 5.071524 12.776155 19.376979 22.865901 23.192936 18.672692 11.935785 7.932810 7.046801 6.968208 9.447259 10.824528 8.982755 6.507908 7.890265 11.376264 13.809748 13.092358 9.125514 5.304487 4.739040 6.455440 7.285342 6.281667 5.183418 4.203896 4.015360 4.153298 3.141138 3.991265 6.292504 6.995154 5.491203 6.248267 10.115937 11.850166 10.863153 12.484421 19.093957 22.222800 18.520214 11.497910 5.710144 6.715165 8.391008 6.856435 4.041240 2.320478 2.256312 4.169395 6.829382 6.542041 8.773625 12.391886 12.903483 8.013440 14.892106 27.834095 34.069127 32.111242 30.411297 32.203692 31.861042 26.247564 19.727621 22.718539 45.883456 77.883340 94.105791 81.530110 50.177463
12.254805 0.742065 594.0896 468.4168 0.000000 3.328700 2.356475 3.068113 4.161619 4.477338 4.113616 3.272116 2.196739 0.858231 0.490205 0.609465 1.082079 1.573479 2.011908 2.563407 2.716645 2.749896 2.954684 2.826799 2.919762 2.915015 2.571788 2.172480 1.828963 1.886718 2.995273 4.057416 4.706313 5.246582 5.738830 5.998806 6.241500 6.288367 5.863551 4.716301 3.357510 2.012632 1.279854 1.533220 2.077296 2.549755 2.776527 2.831116 2.559012 2.394967 2.141868 1.713965 1.757233 1.432164 1.559511 1.521158 1.776834 2.374712 2.990149 3.266692 3.150617 2.944666 2.559576 2.534849 2.559906 2.621191 2.557590 2.254013 1.845541 1.637145 1.914057 2.430974 2.814924 3.216405 3.587734 3.790148 3.753090 3.495490 3.224634 3.157438 2.923850 2.414417 1.823971 1.168505 0.669266 1.239427 1.660941 1.490609 1.134794 1.741910 3.067150 4.562236 6.031498 7.615190 9.412902 11.171564 12.322774 12.689129 12.146050 10.763046 8.679583 6.047323 3.462609 3.834650
