# LRA Full Analysis Data — Replot Source File
# Source file: ramp_90to110BPM_12s_210Hz.wav
# Generated:   2026-07-17 13:59:49
# Accel sample rate: 1695.4-2031.6 Hz per-window range (1893.5 Hz overall)
#                    Each window measured with its own real rate, then
#                    resampled onto the common freq_bins grid below
# Rows:        231 (one per time window)
# Freq bins:   100 bins, 0.0 to 495.9 Hz
#
# MACHINE-READABLE METADATA (used by replot mode — do not edit):
#@duration=12.000000
#@rate_overall=1893.473266
#@rate_min=1695.449617
#@rate_max=2031.586193
#@freq_bins=0.0000,5.0092,10.0184,15.0276,20.0368,25.0459,30.0551,35.0643,40.0735,45.0827,50.0919,55.1011,60.1103,65.1195,70.1286,75.1378,80.1470,85.1562,90.1654,95.1746,100.1838,105.1930,110.2021,115.2113,120.2205,125.2297,130.2389,135.2481,140.2573,145.2665,150.2757,155.2848,160.2940,165.3032,170.3124,175.3216,180.3308,185.3400,190.3492,195.3584,200.3675,205.3767,210.3859,215.3951,220.4043,225.4135,230.4227,235.4319,240.4410,245.4502,250.4594,255.4686,260.4778,265.4870,270.4962,275.5054,280.5146,285.5237,290.5329,295.5421,300.5513,305.5605,310.5697,315.5789,320.5881,325.5973,330.6064,335.6156,340.6248,345.6340,350.6432,355.6524,360.6616,365.6708,370.6800,375.6891,380.6983,385.7075,390.7167,395.7259,400.7351,405.7443,410.7535,415.7626,420.7718,425.7810,430.7902,435.7994,440.8086,445.8178,450.8270,455.8362,460.8453,465.8545,470.8637,475.8729,480.8821,485.8913,490.9005,495.9097
#@n_tracks=1
#@input_spectrum=0.000000e+00,3.241581e+00,3.240839e+00,3.286718e+00,3.309980e+00,3.371615e+00,3.413969e+00,3.489881e+00,3.543880e+00,3.640552e+00,3.717656e+00,3.825180e+00,3.911059e+00,4.048114e+00,4.149819e+00,4.315626e+00,4.439560e+00,4.636508e+00,4.784341e+00,5.023204e+00,5.199812e+00,5.494773e+00,5.718217e+00,6.076970e+00,6.338532e+00,6.811826e+00,7.143673e+00,7.763681e+00,8.178262e+00,9.052506e+00,9.702624e+00,1.087017e+01,1.167122e+01,1.367284e+01,1.478686e+01,1.864476e+01,2.074565e+01,3.009349e+01,3.553714e+01,1.017081e+02,2.110575e+02,3.149305e+02,3.537655e+02,3.030304e+02,1.944597e+02,8.894481e+01,3.132128e+01,2.939386e+01,2.019514e+01,1.841396e+01,1.467833e+01,1.364988e+01,1.170263e+01,1.093521e+01,9.794598e+00,9.144420e+00,8.303400e+00,7.883280e+00,7.281830e+00,6.938232e+00,6.477925e+00,6.204033e+00,5.849480e+00,5.614081e+00,5.323130e+00,5.131197e+00,4.892436e+00,4.727511e+00,4.527693e+00,4.385188e+00,4.215470e+00,4.091039e+00,3.945242e+00,3.836290e+00,3.714013e+00,3.611296e+00,3.499734e+00,3.413127e+00,3.315515e+00,3.236266e+00,3.148421e+00,3.077735e+00,2.998405e+00,2.935023e+00,2.864072e+00,2.805332e+00,2.741469e+00,2.687443e+00,2.628803e+00,2.579344e+00,2.526246e+00,2.480116e+00,2.430862e+00,2.388705e+00,2.343580e+00,2.304031e+00,2.262081e+00,2.225457e+00,2.186067e+00,2.152466e+00
#
# Columns: time_s  rms_g  peak_freq_hz  1 track_hz cols  then 100 FFT magnitude bins (in g)
#
0.430327 0.005114 25.7565 25.7565 0.000000 0.147572 0.204600 0.339234 0.415585 0.452015 0.304316 0.144252 0.174903 0.221514 0.220725 0.231128 0.263049 0.181358 0.178767 0.175410 0.119633 0.114563 0.145674 0.120544 0.150856 0.280065 0.245177 0.121471 0.195003 0.320886 0.324911 0.183099 0.200643 0.178010 0.140858 0.141095 0.182868 0.159549 0.234103 0.292087 0.209638 0.255001 0.147729 0.135323 0.117616 0.040426 0.043448 0.144123 0.191290 0.093402 0.092716 0.048467 0.112370 0.164684 0.192522 0.244820 0.194446 0.130429 0.093643 0.064028 0.051454 0.080281 0.160830 0.150297 0.088737 0.089238 0.073596 0.091526 0.138904 0.136567 0.174828 0.225483 0.222447 0.172900 0.134471 0.060367 0.057075 0.078469 0.076178 0.052661 0.041131 0.064912 0.069228 0.081965 0.052904 0.121533 0.102116 0.094356 0.130451 0.123478 0.093362 0.063605 0.055875 0.053907 0.054423 0.072023 0.083523 0.055666 0.043733 0.059361 0.045543 0.070507 0.074460 0.058098
0.472152 0.005036 77.9323 77.9323 0.000000 0.093672 0.114340 0.177481 0.144321 0.213137 0.255837 0.169923 0.092311 0.040987 0.013252 0.017860 0.096938 0.104983 0.177222 0.311383 0.274970 0.136451 0.056987 0.087057 0.167354 0.296281 0.267011 0.209830 0.195473 0.205673 0.289091 0.221471 0.149966 0.039080 0.184198 0.264501 0.318101 0.321581 0.289026 0.219613 0.185362 0.267376 0.201908 0.087082 0.053071 0.064306 0.081920 0.098143 0.111731 0.137264 0.169821 0.167209 0.139103 0.111956 0.148300 0.214451 0.183615 0.175562 0.149107 0.030941 0.040146 0.128605 0.105303 0.049822 0.089144 0.127304 0.154520 0.136117 0.103188 0.100232 0.052455 0.062233 0.103194 0.109691 0.095532 0.091932 0.078811 0.052464 0.055003 0.055025 0.060780 0.038958 0.018214 0.046116 0.043860 0.042827 0.087962 0.100253 0.080297 0.086991 0.032396 0.025500 0.021971 0.024577 0.017219 0.015898 0.039037 0.022328 0.059658 0.105248 0.104657 0.073187 0.029601 0.009445
0.526481 0.004449 186.7832 186.7832 0.000000 0.144811 0.078694 0.160103 0.170533 0.108583 0.149691 0.139220 0.130349 0.147538 0.162628 0.213731 0.280458 0.263654 0.184798 0.229324 0.289061 0.189663 0.095579 0.127121 0.234719 0.212974 0.074802 0.170917 0.065292 0.050980 0.177775 0.122264 0.149485 0.171751 0.066608 0.217015 0.303855 0.195754 0.139219 0.089383 0.154531 0.286388 0.267799 0.129531 0.043176 0.083584 0.146632 0.126896 0.083194 0.080323 0.139730 0.167754 0.077035 0.055429 0.066113 0.069590 0.050459 0.078705 0.187073 0.169433 0.155565 0.144276 0.068898 0.069801 0.045306 0.120701 0.187717 0.122093 0.039688 0.037634 0.035480 0.028452 0.019527 0.034029 0.062020 0.090575 0.092841 0.109389 0.132894 0.083112 0.035448 0.040593 0.018564 0.036980 0.031371 0.025518 0.030929 0.063628 0.057259 0.072352 0.021429 0.016689 0.006105 0.035887 0.043884 0.050034 0.047938 0.041595 0.067294 0.098982 0.076823 0.050845 0.048033 0.045792
0.574575 0.004267 60.2082 60.2082 0.000000 0.151902 0.140934 0.173881 0.130528 0.104290 0.181601 0.131440 0.158031 0.237935 0.213961 0.244248 0.477079 0.355904 0.164763 0.217659 0.105884 0.129779 0.143349 0.262887 0.133416 0.197939 0.197828 0.122179 0.121414 0.101008 0.140801 0.228636 0.239834 0.155597 0.015576 0.173698 0.105953 0.059342 0.101838 0.218919 0.165426 0.186383 0.094842 0.038879 0.098081 0.138644 0.101484 0.119834 0.185459 0.154819 0.074978 0.087948 0.098971 0.072630 0.049615 0.081450 0.148795 0.132873 0.112764 0.082596 0.059597 0.090398 0.107290 0.131909 0.079292 0.097444 0.068551 0.056399 0.042213 0.034772 0.044266 0.017549 0.090239 0.081968 0.072974 0.185061 0.180351 0.100471 0.076333 0.059559 0.047145 0.035993 0.027438 0.014530 0.048813 0.088950 0.081740 0.072122 0.053490 0.045238 0.033011 0.032831 0.036329 0.037718 0.022445 0.016024 0.041557 0.043520 0.048359 0.061973 0.051005 0.041913 0.050306 0.066579
0.622554 0.004362 62.1892 62.1892 0.000000 0.105858 0.120569 0.108448 0.047755 0.062514 0.085485 0.162445 0.201961 0.094739 0.165915 0.251786 0.351359 0.330437 0.210233 0.118958 0.147213 0.239769 0.275110 0.276668 0.217578 0.175240 0.152319 0.075461 0.162952 0.064496 0.065820 0.150403 0.268523 0.162537 0.161570 0.196170 0.137648 0.146765 0.082344 0.177135 0.182004 0.116461 0.112021 0.076974 0.029504 0.051695 0.034522 0.054119 0.123208 0.189040 0.146876 0.045035 0.068499 0.169790 0.236958 0.178944 0.082126 0.036769 0.075581 0.053894 0.051473 0.045219 0.085687 0.114542 0.122301 0.030727 0.106479 0.157105 0.172112 0.111459 0.063264 0.032135 0.043223 0.093559 0.121229 0.070821 0.053849 0.128736 0.165096 0.085136 0.043025 0.053387 0.032448 0.036876 0.030444 0.041032 0.032998 0.056984 0.064081 0.031157 0.086610 0.047272 0.047651 0.054715 0.050181 0.053738 0.078920 0.096234 0.077004 0.042106 0.035223 0.032842 0.044682 0.021842
0.670933 0.004101 58.2550 58.2550 0.000000 0.059091 0.062082 0.141843 0.165121 0.129199 0.065869 0.109291 0.176354 0.173019 0.203489 0.298912 0.299517 0.153653 0.031389 0.085958 0.180846 0.212172 0.171457 0.190455 0.040005 0.216385 0.275960 0.214467 0.163488 0.110790 0.093207 0.134049 0.145229 0.130369 0.145956 0.191661 0.246663 0.203457 0.281261 0.313152 0.218279 0.115170 0.218074 0.062828 0.095641 0.093326 0.134684 0.163585 0.163713 0.159463 0.169239 0.159371 0.126599 0.141217 0.210317 0.244011 0.204768 0.093087 0.013221 0.052561 0.032660 0.066371 0.089257 0.053693 0.038895 0.065932 0.082460 0.108591 0.156155 0.174148 0.115868 0.035355 0.024324 0.066874 0.099784 0.101974 0.112003 0.081277 0.086110 0.098260 0.086100 0.106641 0.078052 0.047588 0.032261 0.032708 0.071349 0.092121 0.075954 0.071642 0.063277 0.054399 0.115877 0.107052 0.076006 0.040887 0.036170 0.071477 0.113822 0.125989 0.113595 0.096149 0.063415 0.040274
0.718930 0.004133 162.7524 162.7524 0.000000 0.020835 0.014461 0.143998 0.270795 0.183626 0.104965 0.120921 0.160184 0.130992 0.129136 0.146080 0.137605 0.109608 0.069241 0.105304 0.177558 0.124679 0.064250 0.073778 0.087999 0.198439 0.247051 0.121596 0.071618 0.074474 0.050507 0.117341 0.117306 0.164585 0.121426 0.188665 0.335604 0.327757 0.231875 0.221187 0.279584 0.314683 0.257177 0.152428 0.122081 0.171476 0.160340 0.176674 0.132313 0.073885 0.078327 0.062279 0.129449 0.099885 0.091509 0.074675 0.094151 0.085225 0.048861 0.035277 0.056917 0.082452 0.060163 0.033846 0.046194 0.021717 0.060586 0.057230 0.062981 0.115731 0.036545 0.031401 0.072772 0.073542 0.052629 0.077241 0.100176 0.056480 0.056183 0.068784 0.080381 0.067704 0.036393 0.040287 0.052174 0.071830 0.110360 0.150172 0.161079 0.131991 0.105530 0.112793 0.060060 0.073778 0.029265 0.016187 0.024530 0.046813 0.063991 0.042969 0.063983 0.062512 0.032812 0.027202
0.762900 0.004222 155.9729 155.9729 0.000000 0.120245 0.076890 0.207465 0.291958 0.218683 0.123601 0.051313 0.147485 0.239713 0.203136 0.154007 0.142045 0.124601 0.127317 0.134397 0.121163 0.090201 0.042426 0.052814 0.063402 0.086576 0.127436 0.028945 0.036270 0.040394 0.086617 0.079558 0.172998 0.132853 0.154763 0.324814 0.345677 0.142658 0.107789 0.166784 0.205725 0.185163 0.154125 0.091908 0.078812 0.091671 0.085193 0.120747 0.149841 0.088383 0.049119 0.112176 0.082921 0.038965 0.081875 0.088510 0.083130 0.064956 0.042722 0.061362 0.064550 0.095266 0.113187 0.116368 0.103928 0.068835 0.067592 0.076380 0.073677 0.063933 0.043932 0.070340 0.074762 0.058591 0.090951 0.121006 0.099651 0.065340 0.065609 0.053398 0.060617 0.065818 0.032999 0.058009 0.064974 0.047923 0.089813 0.097735 0.126755 0.054370 0.068078 0.073606 0.096336 0.077753 0.051114 0.035322 0.030222 0.049599 0.060546 0.051416 0.035973 0.021051 0.016768 0.021199
0.812523 0.171193 5.1601 5.1601 0.000000 0.454997 0.282633 0.242701 0.165922 0.123223 0.049953 0.091290 0.153527 0.210155 0.125460 0.095206 0.106015 0.153525 0.170823 0.132295 0.077095 0.070957 0.118359 0.177373 0.221863 0.240186 0.214669 0.129435 0.085129 0.078821 0.068899 0.047721 0.173192 0.210923 0.237614 0.205157 0.244554 0.190553 0.262855 0.080051 0.154852 0.066912 0.295332 0.229321 0.128420 0.155371 0.091033 0.138419 0.222687 0.277241 0.141690 0.190961 0.125049 0.159115 0.196433 0.125651 0.105891 0.085362 0.101704 0.107808 0.082607 0.169756 0.148427 0.080637 0.133198 0.159162 0.071472 0.014201 0.069517 0.073018 0.133573 0.137796 0.058256 0.054050 0.055443 0.089683 0.058886 0.048398 0.074615 0.080450 0.062030 0.069941 0.106119 0.119063 0.056255 0.052698 0.066226 0.089288 0.059881 0.026307 0.054100 0.100667 0.123136 0.103861 0.069584 0.047008 0.059807 0.049745 0.027773 0.023632 0.016973 0.012448 0.030374 0.043491
0.862765 0.934071 230.8656 230.8656 0.000000 5.164701 3.777479 3.325645 2.138267 1.847262 3.064424 4.471600 5.255040 5.214273 4.392321 3.084850 1.565237 0.526000 0.491231 0.799489 0.648439 0.530232 0.246349 0.395626 0.324939 0.099189 0.567889 0.814694 0.961087 0.876802 0.658444 0.920473 1.469886 2.129353 2.517568 2.055545 1.429750 1.773133 3.043498 4.222197 5.478090 6.427838 6.562819 6.583768 7.597133 10.208588 14.668204 21.077233 29.719376 38.223026 44.094609 44.452404 39.500836 30.523704 20.450895 12.092744 7.199555 5.506813 5.188282 4.503178 3.445840 2.692304 2.127374 1.607197 1.135033 0.700813 0.710061 1.214191 1.647628 1.763598 1.468798 0.998358 0.602334 0.709823 1.136931 1.263404 1.271979 1.186306 1.340991 1.130298 0.826592 1.013190 1.914739 2.777572 3.190773 3.237061 3.553918 5.004207 7.236043 9.248486 10.532437 10.847854 10.400148 9.451997 8.231211 6.982929 5.896783 4.829826 3.923147 2.877642 1.877465 0.966905 0.469807 0.831383
0.912214 1.191211 224.5066 224.5066 0.000000 4.407448 9.496585 10.833879 11.194408 14.493688 21.464578 29.133444 32.837144 28.905190 18.287483 7.437233 2.644931 2.385675 3.343253 4.087316 4.591163 4.408480 3.685421 2.503034 2.034758 2.473639 3.180902 3.480417 4.244510 4.899199 6.708296 10.015843 10.828037 8.598333 5.542136 4.089666 7.243075 10.760495 10.178928 8.659008 16.414684 12.539563 8.355273 16.515732 27.048550 42.096919 54.929617 89.267122 175.147338 216.716547 165.930065 75.020272 25.189514 13.724571 10.954386 12.499751 14.036575 13.340082 5.166538 4.916217 7.789433 5.117018 2.503377 2.730902 4.320726 6.573298 9.203250 9.016049 5.646317 3.990076 3.510477 2.511176 2.690161 2.486262 1.753059 2.753575 4.786591 5.255832 7.994132 8.294260 6.791971 7.146991 5.292013 5.567608 16.532116 39.615317 57.781878 59.953047 48.052679 31.463038 18.405805 14.315780 16.002393 17.665173 13.761429 5.335586 4.027000 6.053180 5.507862 6.164853 9.260809 11.673128 12.379947 11.753175
0.970263 1.203360 233.2910 233.2910 0.000000 2.524468 7.350659 10.391594 7.875105 14.085115 22.109012 32.039120 37.521589 38.971657 32.109662 15.958717 4.819515 4.725927 4.201475 2.670870 5.118299 7.851407 9.123498 7.715001 4.701786 2.026124 2.750289 3.708153 2.180314 4.659251 8.423730 11.672198 14.499032 13.519731 6.867757 6.206678 9.524611 7.029150 7.479066 13.812855 11.063680 20.653976 26.623545 13.788657 11.212221 14.154777 21.274788 28.605180 31.123917 77.044981 242.896484 309.395493 205.007129 64.033923 21.655262 15.440979 12.687030 8.323157 11.157950 21.846500 19.074114 15.549781 13.776166 7.186670 1.378432 4.258954 5.495346 4.183190 8.926776 15.019786 14.274387 10.484435 6.921788 3.206499 3.194758 3.191908 3.172303 4.130651 6.822756 12.383613 16.073885 15.815281 8.717286 3.599381 8.959660 5.574028 7.097176 17.362384 46.236615 70.803682 73.702622 54.757845 32.736469 16.703848 8.008634 10.357939 12.121879 24.580315 25.657737 18.985264 16.620717 10.308249 3.770291 5.721482
1.030202 1.194573 228.2383 228.2383 0.000000 2.980873 5.416369 5.449869 4.627656 4.502636 6.849108 10.698713 10.161208 14.762287 15.780062 10.845240 6.313292 6.117707 3.121788 1.869464 2.487307 4.569992 5.836044 4.463705 2.358485 1.886962 2.939261 2.540591 1.625325 4.063815 4.757324 5.859442 6.375974 6.375964 4.965348 5.747402 7.687689 8.370637 8.311404 13.112069 12.232104 19.114408 21.464564 13.186168 24.446534 34.231409 34.542621 41.447266 83.213930 152.255700 173.703835 129.505784 64.362834 26.783488 15.328512 9.564850 7.529794 11.490346 17.158975 17.039778 11.723808 7.117401 4.143684 3.085619 3.935320 3.871927 4.952659 8.043182 8.333646 7.481824 4.875674 3.426345 3.579581 3.673391 5.048150 6.108023 6.252483 8.072297 11.798757 10.976670 7.435560 6.453993 7.124282 8.221496 9.463835 15.388296 22.485739 27.258522 26.936549 18.470571 7.876252 5.500143 6.579745 6.513647 8.803257 17.042843 21.742943 20.057377 13.829128 6.085862 2.230801 2.951100 4.934430 4.243046
1.072248 0.771076 232.2239 232.2239 0.000000 1.583038 1.892007 2.130685 2.464699 3.082498 3.192786 2.988484 2.814457 2.452808 1.768051 1.849718 2.487705 3.358752 3.053206 1.462189 0.508622 0.473318 0.781535 1.101700 0.804459 0.514634 0.552927 1.391434 1.791199 1.419216 1.248846 1.317458 1.052668 0.725954 1.014574 2.389602 2.248292 1.884474 4.115577 5.557831 4.409033 6.130606 8.398910 11.326362 16.391494 18.040986 18.908322 22.325093 25.796779 28.390677 30.046030 29.433599 28.568906 25.700169 20.400241 14.200050 8.459425 4.489387 2.062665 1.556911 2.994418 3.969250 4.026762 2.504355 1.100914 0.735311 0.513631 1.073313 1.439728 0.804615 1.627613 1.837902 0.837184 0.802154 1.240228 1.007818 1.073505 0.375816 2.274057 3.355034 2.351583 0.702293 2.561577 3.059833 1.721102 0.340681 1.616164 1.820264 2.677491 3.349607 2.291982 0.980521 0.823773 1.156127 2.212635 2.252036 1.254874 1.219226 2.911998 4.532341 5.076301 4.589915 4.165231 4.155592
1.126334 0.176798 199.2746 199.2746 0.000000 1.458762 0.129794 0.075747 0.198789 0.593084 0.477315 0.248760 0.408415 0.205719 0.352666 0.037491 0.198332 0.314087 0.504952 0.387400 0.082355 0.084241 0.261437 0.342967 0.103223 0.089403 0.229456 0.110755 0.533830 0.572433 0.413850 0.623770 0.414573 0.526663 0.488987 0.624833 0.756417 0.831777 1.215049 1.692561 2.235061 3.176056 4.452786 5.558758 5.734968 4.246874 2.103833 2.021163 3.025408 2.367071 1.306703 1.323264 0.872457 0.229992 0.183552 0.121745 0.182414 0.204563 0.091693 0.145960 0.245404 0.199601 0.222194 0.331046 0.194200 0.097008 0.139012 0.144258 0.174068 0.242788 0.368196 0.326600 0.243191 0.344675 0.419410 0.412546 0.428390 0.464091 0.394646 0.450799 0.541457 0.480708 0.389972 0.430107 0.319287 0.238905 0.220281 0.271255 0.229915 0.233555 0.263550 0.167746 0.118313 0.156142 0.197615 0.236375 0.248549 0.272512 0.277615 0.344578 0.347277 0.247101 0.201851 0.202005
1.172119 0.025153 95.5132 95.5132 0.000000 0.266453 0.126943 0.049024 0.103759 0.188162 0.029052 0.147249 0.183982 0.186862 0.181336 0.164542 0.169018 0.179222 0.080385 0.118616 0.089221 0.158230 0.324905 0.391788 0.241544 0.107123 0.114388 0.150543 0.124938 0.148359 0.297083 0.222570 0.113407 0.155677 0.062762 0.122046 0.158337 0.034627 0.067623 0.059157 0.063860 0.231963 0.220432 0.174972 0.299378 0.216012 0.239497 0.285857 0.213912 0.168219 0.261829 0.235547 0.175116 0.258380 0.106142 0.119394 0.115066 0.164735 0.050460 0.068301 0.135577 0.122222 0.074954 0.076307 0.065205 0.022856 0.084146 0.113263 0.099184 0.097893 0.182666 0.275765 0.229916 0.149248 0.147166 0.163664 0.138979 0.102794 0.074589 0.059759 0.038960 0.072745 0.161078 0.162188 0.083454 0.026963 0.072081 0.052376 0.040664 0.022623 0.047540 0.026338 0.065977 0.067837 0.042363 0.057149 0.061599 0.058889 0.048551 0.034213 0.047092 0.039745 0.048929 0.052380
1.222691 0.004480 5.1795 5.1795 0.000000 0.388325 0.326850 0.151478 0.126999 0.151438 0.161075 0.097377 0.119707 0.107395 0.078488 0.151427 0.250190 0.243773 0.199994 0.209664 0.223437 0.271887 0.257832 0.196643 0.331125 0.316516 0.139325 0.091335 0.054129 0.119678 0.196328 0.255430 0.180133 0.096923 0.205127 0.243846 0.258838 0.203403 0.066369 0.085514 0.116282 0.104314 0.129948 0.163378 0.166134 0.147063 0.112733 0.078770 0.071337 0.067926 0.066109 0.067896 0.078117 0.147266 0.209146 0.156533 0.113180 0.145223 0.161080 0.142812 0.112210 0.105679 0.075656 0.097767 0.086989 0.043769 0.011238 0.054071 0.092664 0.084827 0.045578 0.017005 0.103262 0.148315 0.123623 0.073751 0.036148 0.078601 0.079966 0.050582 0.052023 0.072319 0.073989 0.059107 0.080664 0.101783 0.088838 0.066105 0.122232 0.142197 0.097786 0.051225 0.043772 0.066085 0.071261 0.078198 0.064662 0.045233 0.056278 0.027245 0.045024 0.067362 0.043100 0.038785
1.270647 0.004478 5.1272 5.1272 0.000000 0.393177 0.384203 0.137753 0.055924 0.074185 0.063388 0.156206 0.173465 0.152465 0.062588 0.111720 0.159640 0.115041 0.091256 0.230094 0.353624 0.351371 0.245926 0.245408 0.317985 0.269136 0.159348 0.092735 0.072264 0.089999 0.099524 0.117800 0.141042 0.142667 0.227002 0.199268 0.169479 0.194410 0.142365 0.150983 0.136633 0.071708 0.116972 0.083770 0.100909 0.061398 0.080657 0.032843 0.041406 0.053982 0.072827 0.134729 0.151041 0.123489 0.165337 0.107997 0.220560 0.263384 0.117214 0.125526 0.122927 0.068150 0.029466 0.080676 0.113558 0.101665 0.094320 0.055282 0.056470 0.079614 0.092075 0.106493 0.085249 0.073154 0.073431 0.070602 0.080681 0.057340 0.056225 0.092197 0.077235 0.060887 0.080127 0.046066 0.054949 0.114220 0.122054 0.120683 0.116681 0.109191 0.029389 0.022570 0.047828 0.059816 0.012994 0.082647 0.087268 0.028585 0.013586 0.028985 0.073522 0.052309 0.043510 0.043686
1.318891 0.004711 10.5252 10.5252 0.000000 0.133948 0.343757 0.243279 0.190021 0.168882 0.136790 0.095394 0.105122 0.103426 0.141852 0.124022 0.061752 0.074227 0.084300 0.159312 0.219037 0.092311 0.202134 0.073396 0.191872 0.235448 0.069683 0.075929 0.053455 0.116767 0.173147 0.177815 0.177200 0.215411 0.282608 0.318683 0.279489 0.165250 0.062426 0.065684 0.088414 0.077525 0.168566 0.118957 0.056015 0.096220 0.159989 0.164570 0.135293 0.135876 0.135774 0.125379 0.132518 0.160492 0.148678 0.150748 0.124902 0.159822 0.254816 0.196717 0.111190 0.160525 0.151243 0.073053 0.067350 0.080250 0.072773 0.073872 0.107619 0.144877 0.107306 0.054350 0.113146 0.137478 0.112529 0.067814 0.046307 0.078760 0.089637 0.056946 0.064787 0.080556 0.054905 0.041215 0.047900 0.054186 0.036550 0.148270 0.203921 0.080371 0.051217 0.045450 0.052453 0.034202 0.039437 0.043578 0.033208 0.058745 0.087782 0.067739 0.032253 0.020843 0.041484 0.084965
1.366643 0.004556 15.5766 15.5766 0.000000 0.187537 0.263120 0.397665 0.390632 0.290179 0.163760 0.084030 0.116834 0.221571 0.294549 0.218795 0.076469 0.054744 0.142197 0.248061 0.300098 0.248155 0.120369 0.043863 0.166790 0.286102 0.238399 0.135763 0.142273 0.198872 0.256274 0.163158 0.096792 0.175538 0.105197 0.334976 0.357520 0.174602 0.111959 0.115925 0.111635 0.113343 0.142102 0.097918 0.085827 0.124669 0.138857 0.163560 0.224349 0.249031 0.164321 0.048613 0.059026 0.136404 0.211322 0.173281 0.114536 0.124693 0.164878 0.096970 0.130146 0.161763 0.033034 0.028881 0.062875 0.090753 0.106903 0.133530 0.155419 0.117822 0.082488 0.093071 0.066705 0.065834 0.060834 0.065411 0.112118 0.102033 0.054808 0.060465 0.053366 0.034208 0.065676 0.038043 0.046621 0.127630 0.220147 0.178725 0.083713 0.046068 0.028673 0.042247 0.029750 0.048576 0.056518 0.036117 0.054613 0.062714 0.040777 0.049179 0.037353 0.042591 0.094806 0.113986
1.412207 0.004712 15.5975 15.5975 0.000000 0.298533 0.166240 0.359425 0.255556 0.142779 0.130757 0.042129 0.063195 0.185188 0.304223 0.267145 0.147996 0.059657 0.085492 0.159139 0.229238 0.288020 0.198981 0.095432 0.150531 0.240225 0.236543 0.223782 0.194915 0.091612 0.220750 0.105289 0.154845 0.172998 0.115755 0.161071 0.256440 0.292357 0.186651 0.074398 0.111759 0.116370 0.124974 0.096589 0.071212 0.086041 0.090652 0.063553 0.097568 0.202666 0.178095 0.078058 0.033962 0.061209 0.133918 0.123750 0.105434 0.062417 0.113572 0.030304 0.053487 0.112254 0.121916 0.090452 0.129003 0.197704 0.202098 0.114069 0.086555 0.067335 0.055868 0.038404 0.079146 0.147761 0.148761 0.131069 0.136510 0.108141 0.042157 0.040649 0.059051 0.079687 0.047441 0.066981 0.043554 0.132624 0.182983 0.115410 0.026709 0.061718 0.040362 0.047951 0.060388 0.070906 0.069315 0.054820 0.069803 0.083851 0.067685 0.070860 0.060607 0.046727 0.066753 0.072866
1.462734 0.033435 5.2037 5.2037 0.000000 0.485656 0.344990 0.326837 0.129275 0.090460 0.141982 0.110462 0.067167 0.074509 0.150847 0.173686 0.094700 0.091096 0.156597 0.150602 0.139909 0.173015 0.168615 0.120808 0.051147 0.095821 0.128370 0.163287 0.317915 0.218134 0.102724 0.140667 0.191738 0.230789 0.122794 0.087526 0.129778 0.212359 0.130950 0.097963 0.190264 0.220781 0.170221 0.110749 0.075843 0.095304 0.140673 0.161119 0.166727 0.128335 0.062392 0.116541 0.149566 0.175700 0.121495 0.080943 0.079022 0.028646 0.149027 0.148610 0.102688 0.099859 0.089247 0.055568 0.117106 0.157910 0.134760 0.082073 0.076700 0.088972 0.081797 0.089999 0.118637 0.162331 0.179828 0.145845 0.148527 0.110917 0.017729 0.047122 0.101782 0.126998 0.082084 0.109982 0.124747 0.032244 0.100279 0.047554 0.059631 0.057382 0.035277 0.080253 0.079855 0.053679 0.048192 0.044411 0.090167 0.130801 0.106893 0.102822 0.125606 0.112304 0.085416 0.061970
1.510198 0.862026 239.3696 239.3696 0.000000 2.537857 1.566188 2.229262 2.258329 2.774198 3.250761 3.170706 3.414802 3.317740 2.980531 2.614481 1.813501 1.407316 0.754318 0.990141 0.841476 0.857736 0.850526 0.620002 0.591717 0.685950 0.882757 1.370329 1.105378 1.153897 1.224369 1.034856 0.827111 1.202670 1.347395 1.455487 1.339779 0.677056 0.283363 0.820382 1.507627 1.460994 1.231477 1.457369 3.139025 5.602075 8.619242 12.522914 17.336628 22.318891 26.729290 29.173086 29.497399 27.339024 22.947344 17.512288 12.221202 8.938924 8.014686 7.976421 7.746394 6.747376 5.358506 3.830515 2.552320 1.631202 1.350704 1.512377 1.529662 1.438385 1.495137 1.538122 1.635758 2.145349 2.331895 2.509086 2.822086 3.024798 2.778742 2.270554 1.627126 1.053208 0.853421 1.248201 1.950868 2.626590 3.387990 4.040662 4.763157 5.625996 6.312937 6.894860 7.201129 7.089478 6.612300 5.676610 4.737814 3.978248 3.660558 3.624370 3.583303 3.440911 3.087794 2.776647
1.558307 1.188474 232.7107 232.7107 0.000000 4.392295 2.717873 7.220657 10.168137 14.607833 20.373080 24.107210 24.091004 20.606859 15.001578 9.407427 7.273472 7.941333 8.457727 7.884445 7.226927 6.462816 5.230959 6.319565 7.778365 6.558081 3.085993 2.570441 5.761113 8.441913 8.757676 7.971084 9.200814 9.803530 8.399932 6.835787 5.881836 5.531943 2.998143 4.421190 6.276510 5.300875 8.960603 12.687124 22.137355 37.257729 52.226917 62.300000 83.820977 137.766875 179.331491 159.715355 91.626193 25.477398 12.715239 21.605935 29.107154 32.037893 29.134471 23.244253 19.108024 13.596546 6.325524 4.914483 11.326423 15.031067 15.572243 15.559446 16.089296 14.600287 8.740689 8.173653 14.468413 18.700356 19.305974 17.965705 13.711747 7.197380 2.982676 6.176648 10.636642 14.152684 18.815182 24.163351 26.615427 26.360998 27.281687 31.406236 36.995383 39.209884 32.229180 17.515385 6.839385 5.495040 8.255627 16.117851 19.678602 14.874729 5.700795 4.894370 8.506066 8.316859 9.483242 11.667731
1.612203 1.217832 225.7622 225.7622 0.000000 7.196493 7.042293 7.312349 9.083518 14.823777 26.517718 32.843313 27.356103 22.035097 17.412342 4.571923 10.166452 14.231921 10.161934 8.107268 8.189686 10.744016 14.591740 15.429546 12.478727 9.101329 7.261769 4.558863 8.961050 19.386323 22.487968 20.445002 13.891701 7.242219 9.498737 14.077566 13.867932 9.452958 11.325720 16.285759 14.885283 8.503740 7.869147 17.963536 35.912327 40.126432 48.700630 60.892445 231.387034 325.976250 215.972552 71.371451 13.574347 13.081579 21.993911 26.482417 32.456784 20.127217 19.711862 26.074765 17.970849 12.231739 20.606051 25.691301 22.012821 15.098255 22.191035 28.798719 26.439400 24.519421 24.526727 22.783088 18.627295 21.865199 28.512607 24.425412 19.524230 18.434992 15.418621 13.769592 23.379201 32.314170 27.877235 17.750865 26.921126 29.580143 41.206464 52.620423 36.691861 14.166014 7.295046 7.462859 16.300741 25.702112 24.573936 17.789690 16.844945 15.415073 4.694611 11.766457 14.663179 20.489294 21.478220 15.074950
1.672203 1.218498 226.4471 226.4471 0.000000 7.753940 4.892965 2.517337 4.118531 5.742126 9.862424 14.438377 8.434614 6.323102 9.064631 9.005329 10.275264 9.791405 3.539394 2.214086 1.843764 5.225095 10.761046 9.940284 6.046299 5.158096 6.856089 5.025660 7.316468 14.276406 17.011919 13.580051 8.825303 4.041485 5.079450 10.014267 10.744437 9.514334 11.755623 12.989428 11.099110 13.651492 11.318232 12.201251 12.415878 28.422215 42.115224 89.319808 175.948210 211.436711 146.986325 59.360177 12.373658 4.307960 8.090535 6.470127 14.480652 16.141200 14.770690 16.293948 15.467671 15.382292 13.339824 12.310234 14.178879 7.702896 11.359978 16.825644 18.211517 18.057874 12.795156 7.311881 5.094113 7.900093 18.773931 23.163402 19.697163 12.633762 8.246291 6.080680 8.795239 11.752405 11.000733 7.028369 8.073544 5.427407 11.886710 25.740436 27.572285 20.623691 12.502970 7.695595 6.636447 11.299938 11.328984 11.558296 17.257175 18.151133 13.369827 9.943214 3.957876 9.486056 15.479161 8.332131
1.726666 0.872180 223.2078 223.2078 0.000000 6.316047 3.070014 2.778660 3.072516 2.623997 2.402321 3.564325 3.916364 3.061766 1.771444 1.717670 2.675490 3.476651 3.245747 2.011890 0.964176 0.905464 3.020700 3.554424 1.852607 0.318420 1.724523 2.877930 2.965067 2.610076 3.369458 2.620408 1.586945 1.853288 0.979230 2.013250 3.003947 1.302177 1.051800 2.792220 6.852524 8.057792 18.002928 21.517891 19.297242 20.257525 26.435376 38.164298 51.730378 57.158404 50.715229 35.744009 19.045627 8.403444 3.524141 3.733552 4.560749 4.892572 5.348977 6.328308 5.521282 2.504903 1.685730 3.266014 2.474117 2.631054 3.988295 3.801679 2.814676 1.359063 1.472327 2.504436 2.593081 2.127290 3.199661 4.696025 4.639079 4.501311 4.351869 2.317931 0.822127 2.591734 2.310507 1.008300 1.497023 1.821427 2.314879 3.668189 4.467406 4.338104 3.706735 4.201095 5.159764 4.319258 2.450792 2.066014 2.329956 2.396379 4.066313 6.191688 6.752236 5.407118 3.860449 3.892956
1.773758 0.281639 208.9471 208.9471 0.000000 1.405837 0.161985 0.283052 0.571878 0.636545 0.711729 0.562115 0.511484 0.371168 0.226584 0.354419 0.173779 0.087335 0.354281 0.343670 0.506996 0.460902 0.543850 0.564104 0.610822 0.612868 0.752681 0.737253 0.392261 0.472919 0.659066 0.350781 0.365603 0.585209 0.545699 0.453685 0.415183 0.607827 0.630562 0.482545 0.649945 1.246381 2.907008 5.527127 8.404841 10.300725 10.163733 7.876855 5.678204 5.324074 4.296508 3.258916 2.631445 1.333272 1.473453 1.045624 1.085591 0.549412 0.189700 0.286953 0.402352 0.362295 0.201349 0.283423 0.443068 0.486831 0.684697 0.561962 0.453630 0.549347 0.460011 0.271879 0.096081 0.074204 0.188880 0.206489 0.136221 0.093386 0.220400 0.436567 0.402381 0.302771 0.251372 0.300573 0.298002 0.267782 0.298674 0.398705 0.392091 0.312812 0.346134 0.298572 0.237998 0.225949 0.147665 0.157917 0.215488 0.262228 0.355648 0.411843 0.354101 0.178292 0.093735 0.215999
1.822212 0.045614 205.0512 205.0512 0.000000 0.088150 0.060883 0.081689 0.035740 0.067993 0.085961 0.093479 0.092792 0.085726 0.104426 0.109932 0.083063 0.093455 0.187447 0.307808 0.317135 0.194857 0.038743 0.127587 0.106287 0.119831 0.285327 0.411009 0.256005 0.154366 0.259932 0.359856 0.332884 0.220838 0.134634 0.112284 0.118187 0.112435 0.149672 0.225365 0.249808 0.308064 0.389574 0.719739 0.636583 1.019841 0.887736 0.934707 0.678736 0.682761 0.384301 0.198928 0.121185 0.229608 0.308066 0.353069 0.377602 0.269576 0.125715 0.084935 0.058949 0.023481 0.066108 0.131759 0.140023 0.080304 0.010094 0.048403 0.080333 0.062814 0.056951 0.072733 0.037497 0.040274 0.138070 0.171132 0.107518 0.096996 0.129218 0.082346 0.050101 0.105330 0.103624 0.076918 0.076431 0.067568 0.099620 0.103253 0.133645 0.121880 0.056206 0.048210 0.074379 0.097101 0.110918 0.108648 0.105874 0.088032 0.078721 0.064073 0.036411 0.036160 0.064185 0.079125
1.867905 0.004935 110.0052 110.0052 0.000000 0.067111 0.112826 0.163553 0.154838 0.105012 0.041536 0.027163 0.055414 0.059976 0.069265 0.043503 0.011099 0.060727 0.158984 0.246048 0.280673 0.200190 0.109894 0.148126 0.249469 0.361141 0.546405 0.453851 0.157346 0.164479 0.255037 0.139713 0.095427 0.068873 0.067276 0.134999 0.162790 0.090498 0.087606 0.089543 0.122813 0.235268 0.210861 0.187243 0.193589 0.108117 0.132587 0.247013 0.274374 0.244896 0.134299 0.063797 0.100889 0.127765 0.089586 0.177833 0.218649 0.137131 0.080017 0.080580 0.081887 0.104688 0.167761 0.204093 0.168363 0.103351 0.059493 0.052359 0.068721 0.055246 0.056630 0.070910 0.064259 0.126602 0.185775 0.141480 0.041944 0.109184 0.130652 0.062420 0.057792 0.030781 0.052615 0.060390 0.051670 0.093297 0.120413 0.104109 0.123209 0.159038 0.118256 0.079144 0.066492 0.042083 0.069395 0.032120 0.077277 0.098884 0.053411 0.052168 0.076201 0.054471 0.050465 0.070603
1.916359 0.004487 114.5816 114.5816 0.000000 0.092251 0.217402 0.270471 0.207702 0.102038 0.056977 0.044646 0.053283 0.084395 0.143602 0.158494 0.125176 0.092269 0.067504 0.095754 0.133848 0.081628 0.033041 0.078370 0.242934 0.281104 0.344576 0.389099 0.172364 0.184446 0.347965 0.197253 0.037213 0.073765 0.030522 0.077133 0.164662 0.169196 0.138900 0.122064 0.136415 0.102021 0.050732 0.099300 0.133716 0.115105 0.143821 0.150017 0.126604 0.116916 0.081501 0.052263 0.121877 0.079483 0.165672 0.240629 0.127916 0.129607 0.116381 0.023124 0.041337 0.136720 0.132741 0.094537 0.066095 0.052244 0.045512 0.079122 0.080628 0.058919 0.059884 0.055568 0.060994 0.091603 0.083827 0.056142 0.084026 0.083164 0.073709 0.092170 0.100781 0.121974 0.124255 0.083554 0.074577 0.171573 0.205650 0.099942 0.111692 0.115056 0.058766 0.069044 0.082641 0.081034 0.078173 0.056002 0.057747 0.090904 0.091947 0.068283 0.063683 0.069806 0.071209 0.062963
1.964153 0.004504 129.6109 129.6109 0.000000 0.065590 0.188145 0.156940 0.103552 0.103410 0.130327 0.153155 0.137955 0.210578 0.202222 0.193493 0.253590 0.251345 0.162139 0.110055 0.121529 0.112675 0.066992 0.108552 0.221853 0.197146 0.182883 0.157769 0.176239 0.241355 0.331782 0.212872 0.115280 0.164049 0.145873 0.119145 0.217159 0.160919 0.069251 0.038889 0.043977 0.088494 0.111669 0.182989 0.193604 0.180123 0.121228 0.051557 0.049458 0.078284 0.123449 0.168022 0.159295 0.149491 0.139908 0.135914 0.228766 0.187202 0.094661 0.047858 0.079441 0.094055 0.042499 0.061000 0.087140 0.089238 0.102696 0.097999 0.063493 0.033190 0.079345 0.096723 0.054993 0.050160 0.056567 0.070227 0.063890 0.049681 0.082603 0.101640 0.083833 0.126256 0.171372 0.110460 0.085051 0.184646 0.201733 0.103584 0.078463 0.092858 0.062324 0.035130 0.034952 0.027629 0.052656 0.055029 0.060474 0.093022 0.058042 0.036869 0.025007 0.035356 0.036794 0.049425
2.012200 0.004276 101.9270 101.9270 0.000000 0.050734 0.113032 0.091350 0.051131 0.125824 0.212228 0.230440 0.245111 0.274021 0.240539 0.176365 0.217426 0.290379 0.236409 0.113693 0.122123 0.050639 0.154453 0.261283 0.327069 0.249422 0.151737 0.134873 0.152687 0.124212 0.100231 0.211533 0.243649 0.196762 0.309989 0.146626 0.170858 0.251128 0.143820 0.070847 0.057579 0.075811 0.079485 0.104651 0.156066 0.154538 0.168115 0.222631 0.168136 0.117314 0.094714 0.117673 0.183402 0.084217 0.053212 0.081403 0.121878 0.184604 0.201884 0.117997 0.045101 0.070046 0.066134 0.076851 0.050364 0.101869 0.134552 0.142197 0.120735 0.041478 0.032086 0.046037 0.059001 0.072332 0.080554 0.077448 0.044952 0.067803 0.078563 0.014819 0.061412 0.092134 0.044216 0.083339 0.143253 0.115989 0.076282 0.067953 0.121717 0.164398 0.100255 0.057614 0.065496 0.016272 0.053097 0.048917 0.033912 0.033130 0.024944 0.025419 0.042706 0.052270 0.047170 0.032289
2.060280 0.004412 143.2010 143.2010 0.000000 0.108201 0.037789 0.101482 0.124963 0.187496 0.160786 0.076230 0.109164 0.130646 0.123555 0.151721 0.134142 0.116668 0.108070 0.119172 0.151983 0.226387 0.262957 0.261481 0.237480 0.165177 0.236148 0.345893 0.312658 0.184291 0.075215 0.148282 0.321006 0.355915 0.245204 0.168897 0.227392 0.262341 0.099907 0.097968 0.132174 0.062147 0.065671 0.128542 0.104584 0.086533 0.104333 0.119682 0.093507 0.095010 0.123106 0.150994 0.175107 0.145915 0.148118 0.182032 0.167764 0.085172 0.156549 0.172198 0.115399 0.085305 0.036594 0.052461 0.071275 0.074125 0.051070 0.065960 0.095452 0.084770 0.076194 0.080193 0.076483 0.063045 0.045286 0.070095 0.104049 0.086832 0.033877 0.039790 0.081115 0.078754 0.104614 0.097829 0.059902 0.052852 0.082843 0.146693 0.182693 0.104280 0.052963 0.062929 0.034455 0.045763 0.068272 0.035424 0.040198 0.030454 0.033229 0.037786 0.035684 0.034684 0.023558 0.013260
2.102274 0.041289 83.8614 83.8614 0.000000 0.264686 0.123236 0.189003 0.226231 0.127467 0.070584 0.034448 0.065635 0.136662 0.178346 0.152717 0.127032 0.132407 0.140168 0.180296 0.270597 0.359710 0.287070 0.227643 0.240844 0.149867 0.165283 0.371490 0.322023 0.170470 0.067965 0.231654 0.250391 0.152889 0.061387 0.109462 0.212347 0.216104 0.185201 0.187933 0.151984 0.113102 0.145459 0.131069 0.076198 0.093383 0.069066 0.114513 0.149019 0.190365 0.138045 0.101950 0.098701 0.145146 0.142117 0.083888 0.060753 0.081566 0.160890 0.184149 0.114033 0.058065 0.054845 0.046232 0.035021 0.056702 0.056379 0.032781 0.085793 0.073448 0.115394 0.125632 0.066021 0.061348 0.074126 0.059701 0.059669 0.040248 0.033620 0.081376 0.067870 0.070848 0.086881 0.073331 0.036837 0.082438 0.213828 0.224542 0.133342 0.080008 0.051901 0.009122 0.016348 0.052101 0.068108 0.048689 0.045256 0.030126 0.049522 0.063072 0.043678 0.035213 0.039009 0.022995
2.152200 0.872103 241.3663 241.3663 0.000000 4.773038 0.877699 0.655377 1.254339 1.567236 1.756358 1.738680 1.532730 1.373943 1.181400 1.152333 1.295624 1.230903 1.125411 1.221716 1.168926 1.688457 1.929560 2.365974 3.275671 3.633609 3.800585 3.969264 3.851118 3.596336 3.134535 2.808117 2.252117 1.892094 1.728540 1.822764 2.059346 2.590139 3.157256 3.483288 3.365817 2.728397 2.577953 3.896821 5.850148 7.734603 9.172971 11.311002 15.441816 21.008437 26.401709 30.128412 31.345279 29.691422 25.760805 20.447400 15.296012 10.584843 7.047984 4.824094 3.876548 4.112787 5.096684 5.898873 6.345373 6.526108 6.258126 5.445795 4.743211 4.062021 3.493464 3.054112 2.944461 3.156953 3.598593 4.327730 4.930423 5.197611 5.235132 4.882474 4.497959 4.060438 3.313203 2.775797 2.075152 1.482699 1.205989 1.569102 2.004828 2.009537 1.484227 0.706892 0.955478 2.241630 3.234186 3.743264 3.804594 3.573038 3.480600 3.637492 3.803315 3.687311 3.364031 2.968665
2.202486 1.190717 221.6804 221.6804 0.000000 3.692550 3.384744 3.607551 7.237440 12.861442 16.455243 16.993474 15.055101 11.349851 7.703970 6.414990 7.301174 6.471454 3.315254 3.892175 6.911025 8.221979 9.123467 10.544529 15.348394 19.854453 20.850308 18.660863 13.968212 8.765003 7.109422 8.248662 9.248414 7.157644 3.131920 9.370899 14.308837 15.151408 12.402971 9.119381 14.718048 22.249118 27.051192 21.158028 18.278896 46.420463 70.869934 121.219145 179.410600 176.973338 108.816820 35.849604 26.670397 35.992531 29.968866 16.472195 14.498023 22.119119 27.653445 27.733845 23.291759 22.944375 23.349920 19.881470 15.812571 11.851151 8.129871 6.238311 8.375046 16.221807 23.048270 26.094475 25.820364 21.331394 17.038698 16.886651 17.257668 16.628330 14.949547 12.546310 14.906104 18.650123 17.544775 12.437168 9.951765 14.830209 24.533546 30.808479 25.231753 10.017755 8.587992 13.059423 13.852563 15.663275 12.765745 5.492775 3.191026 7.245213 12.554181 13.653192 9.231356 4.487972 3.347235 5.185202
2.262754 1.223602 221.5804 221.5804 0.000000 4.257192 5.021744 10.427096 14.676263 19.602431 22.279170 24.940531 21.774456 14.561832 8.511722 2.826592 10.604387 13.303621 11.039048 9.457704 7.976023 5.671222 9.475689 3.664951 16.539782 23.063580 20.713396 20.646589 15.766505 5.359941 6.067577 8.892732 7.568577 13.839276 16.772517 19.501796 13.515259 13.980358 20.513613 19.648024 17.823112 15.954660 24.673438 27.435962 26.659468 55.904385 41.926259 126.534982 295.374377 274.792108 120.301521 24.579328 20.739422 42.533773 45.676091 34.354509 25.804475 22.024810 28.795566 32.188304 13.862941 19.934606 28.078820 16.706598 14.539942 12.437926 5.470091 5.726220 6.028289 22.326299 25.659617 22.653638 30.306311 21.541462 11.681660 18.495161 17.498289 15.807841 26.771443 28.995093 27.709768 29.317586 27.183641 15.293128 9.674513 23.595836 40.601932 50.921795 48.592986 35.706768 28.257153 15.456278 11.849597 19.922238 14.652302 9.173546 6.637788 3.926621 18.360616 17.960563 9.836512 3.994352 3.534833 7.173129
2.322728 1.224161 222.2071 222.2071 0.000000 7.132433 9.691325 9.072524 7.461214 9.590902 7.078285 10.948070 10.005381 3.558048 5.767437 4.680448 6.498849 8.832466 8.606881 5.822638 3.320112 3.090797 5.670009 7.814374 11.264225 8.730406 3.752681 6.279462 6.647051 4.751644 4.353435 5.072683 3.699705 9.155887 15.658865 17.584439 10.650139 9.137515 12.550790 7.470016 10.852866 13.171315 11.034469 24.901979 32.170671 19.909385 76.053187 143.874948 207.197976 174.664859 79.046888 20.240041 14.035867 15.354405 22.715277 19.438902 12.165219 5.065092 7.882323 13.805965 11.726037 12.921110 16.240961 11.037217 8.203517 9.737829 6.448022 4.473922 8.433155 13.448255 11.127740 3.978408 14.403515 13.831878 8.178606 9.386784 9.327797 7.925453 14.686519 18.481985 11.101616 12.329982 13.702030 12.578577 12.023920 13.664966 18.868096 22.157946 28.335868 30.250648 25.341925 22.021378 19.519652 15.197322 6.970720 8.249216 11.534979 12.968587 15.193674 7.783435 6.317392 7.484853 5.854597 7.048919
2.372754 0.870338 230.6723 230.6723 0.000000 4.308273 3.912815 4.393395 4.122919 4.149189 4.264563 3.300269 2.506721 2.573637 2.409204 1.349949 0.729531 0.888177 1.430524 1.127473 1.063586 1.211187 2.338484 2.772872 3.175199 3.440063 2.341724 2.014192 2.092385 0.906946 0.782103 1.132833 2.082442 3.347852 2.661368 2.242624 4.427533 6.377070 4.135765 3.717758 3.264890 5.436358 13.142838 19.593386 21.556134 24.936580 27.945391 29.055057 38.722451 51.636631 58.125323 52.635703 35.418673 17.438611 6.976301 1.292714 3.012167 3.924347 2.985364 1.321741 1.581825 2.948100 3.358036 2.219088 2.608994 3.915536 4.090088 3.473845 3.353917 3.535453 1.878204 1.650417 2.981316 3.325712 2.931153 3.260121 5.604357 4.090430 0.846114 1.909813 3.105703 3.673068 3.442267 3.499005 3.620089 3.070058 1.813494 1.491719 3.223026 3.357123 1.946373 1.925321 2.307007 3.635176 3.986826 2.268408 5.555876 8.340663 7.799407 5.600744 4.543279 4.961620 6.406007 7.503341
2.422418 0.288982 210.6892 210.6892 0.000000 1.289905 0.151338 0.887332 1.246778 1.058886 1.163442 0.761121 0.352811 0.211716 0.518013 0.512041 0.451177 0.347637 0.432178 0.534918 0.358787 0.486768 0.738989 0.688001 0.469042 0.320179 0.364217 0.378230 0.273046 0.336444 0.403778 0.369925 0.648497 0.822558 0.943918 0.711527 0.507084 0.338613 0.714862 1.591455 2.307131 2.875910 3.267696 4.345697 7.184028 10.254014 10.705504 8.712304 7.702496 8.038084 5.507812 2.664998 1.535803 1.373983 1.367618 1.714973 1.410908 0.839940 0.361534 0.180117 0.322475 0.743755 0.928989 0.681733 0.507725 0.558421 0.491922 0.378270 0.285279 0.183422 0.313103 0.182308 0.216742 0.413930 0.606353 0.616419 0.487396 0.230492 0.120546 0.477039 0.815817 1.023730 0.969317 0.604318 0.136596 0.123264 0.207864 0.326567 0.225010 0.272893 0.521357 0.474705 0.384765 0.631465 0.903675 1.058156 0.986186 0.902620 0.780909 0.385995 0.413280 0.642945 0.659635 0.560823
2.470291 0.050973 209.9714 209.9714 0.000000 0.225172 0.231813 0.162645 0.291721 0.205582 0.193580 0.206039 0.227684 0.230475 0.226069 0.171235 0.074689 0.031557 0.111312 0.272537 0.323708 0.276210 0.267151 0.120536 0.101233 0.025811 0.039281 0.155605 0.084487 0.220321 0.242927 0.255117 0.239847 0.266657 0.285572 0.166455 0.100950 0.150304 0.129893 0.189349 0.329404 0.351243 0.660411 0.834136 0.889681 1.110544 1.404613 0.968869 0.802691 0.628883 0.509050 0.584847 0.540564 0.321569 0.215646 0.329481 0.314456 0.192127 0.150137 0.149939 0.092071 0.038953 0.093718 0.143265 0.080853 0.124347 0.069587 0.170675 0.130836 0.122953 0.083528 0.260841 0.226487 0.130132 0.123892 0.092469 0.081791 0.079888 0.099773 0.155060 0.153631 0.095348 0.053835 0.047586 0.065807 0.068006 0.074599 0.158163 0.172959 0.137001 0.052818 0.088202 0.124721 0.048896 0.050657 0.051483 0.042660 0.050144 0.059521 0.078288 0.090311 0.127449 0.102183 0.055273
2.516275 0.005497 256.3445 256.3445 0.000000 0.091699 0.118613 0.160848 0.201274 0.150291 0.158108 0.252648 0.281490 0.136996 0.102488 0.176012 0.184818 0.148598 0.114477 0.119437 0.158593 0.123044 0.116838 0.147918 0.156672 0.106018 0.132124 0.171107 0.137429 0.217489 0.148552 0.183569 0.244763 0.219429 0.156971 0.173414 0.196785 0.210712 0.179256 0.125171 0.086750 0.062590 0.076310 0.115151 0.134094 0.164471 0.174592 0.154476 0.136459 0.063344 0.029727 0.090077 0.035604 0.094387 0.153481 0.269353 0.186867 0.072562 0.047324 0.064442 0.081310 0.077451 0.084879 0.117729 0.137411 0.126977 0.104319 0.060119 0.025010 0.097399 0.153103 0.156917 0.168171 0.183920 0.164406 0.173726 0.110108 0.054194 0.142361 0.122941 0.086466 0.067941 0.043600 0.019304 0.014953 0.043304 0.097884 0.096744 0.061749 0.069565 0.068581 0.061720 0.079187 0.060304 0.048263 0.052986 0.043553 0.020228 0.028368 0.040586 0.049461 0.065007 0.042843 0.035032
2.562752 0.004296 62.1833 62.1833 0.000000 0.010608 0.041357 0.079234 0.126891 0.048252 0.158805 0.061250 0.172233 0.206951 0.115665 0.161834 0.291265 0.316438 0.284375 0.248925 0.178306 0.120967 0.124819 0.146473 0.140293 0.113973 0.129043 0.151773 0.110989 0.184728 0.275579 0.206163 0.040596 0.111433 0.078589 0.091894 0.043927 0.176749 0.155435 0.103511 0.046751 0.033200 0.021506 0.099441 0.155984 0.075510 0.021498 0.074859 0.073492 0.040589 0.058930 0.068926 0.047655 0.090831 0.190020 0.133068 0.070298 0.114702 0.082895 0.036294 0.078434 0.038416 0.041370 0.057306 0.057134 0.033635 0.054384 0.078397 0.051175 0.184346 0.178038 0.144923 0.075386 0.068373 0.111250 0.114610 0.095430 0.103680 0.092964 0.058000 0.031738 0.032898 0.042950 0.033053 0.038026 0.069004 0.115168 0.062511 0.060895 0.070258 0.043720 0.032995 0.056243 0.058876 0.027750 0.048538 0.012821 0.024569 0.027039 0.053584 0.051642 0.021466 0.021184 0.057879
2.612505 0.004203 128.3823 128.3823 0.000000 0.037869 0.053029 0.058992 0.066785 0.154486 0.205743 0.196671 0.169983 0.137887 0.161176 0.238914 0.214479 0.184459 0.250386 0.244611 0.237256 0.145785 0.126761 0.179089 0.140091 0.229613 0.272588 0.175225 0.159912 0.276562 0.291759 0.193709 0.220933 0.252741 0.109352 0.071111 0.072602 0.037144 0.089980 0.184207 0.250188 0.213069 0.134336 0.056274 0.049503 0.086814 0.106637 0.157884 0.175262 0.166345 0.081439 0.057550 0.044513 0.064728 0.099497 0.141265 0.152743 0.100460 0.070257 0.140468 0.195990 0.165187 0.124363 0.072710 0.035529 0.032026 0.015049 0.019301 0.079632 0.078446 0.103377 0.208724 0.243807 0.156533 0.077390 0.040731 0.038272 0.046682 0.026014 0.039234 0.072065 0.094354 0.053591 0.031611 0.020087 0.056934 0.067882 0.080058 0.134745 0.144121 0.110536 0.099628 0.083850 0.036850 0.024758 0.045077 0.059445 0.050913 0.045959 0.026136 0.047749 0.065615 0.029176 0.050120
2.660256 0.004688 142.1093 142.1093 0.000000 0.207079 0.161980 0.071536 0.159050 0.259204 0.178209 0.103285 0.119714 0.117638 0.133674 0.187572 0.179967 0.091627 0.030766 0.056261 0.083516 0.161229 0.198889 0.146006 0.235140 0.281771 0.314018 0.258495 0.143091 0.296809 0.362639 0.301336 0.347244 0.324429 0.170345 0.082651 0.104381 0.110584 0.117592 0.208761 0.290376 0.275999 0.197634 0.165829 0.184875 0.183951 0.206062 0.152439 0.230410 0.139711 0.083294 0.072150 0.074404 0.054964 0.045551 0.067563 0.096159 0.141022 0.219598 0.239571 0.156951 0.103061 0.043006 0.078583 0.083332 0.052502 0.054913 0.136824 0.113015 0.118949 0.109709 0.160031 0.107364 0.067103 0.060581 0.069003 0.083796 0.079689 0.048349 0.047096 0.068609 0.042453 0.062264 0.065558 0.072774 0.066164 0.021201 0.158369 0.170850 0.045969 0.106139 0.103865 0.065360 0.028720 0.038828 0.054584 0.046490 0.023577 0.026532 0.056914 0.077718 0.092853 0.090386 0.048627
2.702722 0.004793 141.5024 141.5024 0.000000 0.147132 0.204617 0.142819 0.222900 0.268742 0.162712 0.112426 0.194914 0.179482 0.135115 0.156910 0.190549 0.202832 0.192225 0.154778 0.126132 0.156969 0.160583 0.140342 0.185532 0.042826 0.145902 0.165708 0.099699 0.194389 0.390779 0.230722 0.381531 0.389525 0.216792 0.158852 0.213033 0.205677 0.156777 0.103422 0.111873 0.150419 0.109451 0.191354 0.256695 0.249845 0.169913 0.102186 0.189387 0.234109 0.139885 0.089254 0.093433 0.065570 0.073789 0.092568 0.118408 0.196188 0.213445 0.132792 0.077167 0.076124 0.085182 0.089918 0.074027 0.052471 0.079540 0.189414 0.210052 0.127498 0.070468 0.080851 0.081381 0.065789 0.057901 0.035246 0.092324 0.120834 0.096298 0.035019 0.063573 0.114941 0.129775 0.090494 0.046720 0.058788 0.112038 0.161094 0.152295 0.097494 0.061919 0.071403 0.063925 0.035040 0.026687 0.013885 0.043709 0.024187 0.042458 0.033990 0.036574 0.091510 0.119279 0.101430
2.752244 0.246435 5.1947 5.1947 0.000000 2.677908 0.453031 0.248967 0.116762 0.140391 0.172807 0.301499 0.356273 0.236622 0.086706 0.063792 0.091540 0.148128 0.244310 0.252964 0.193437 0.136742 0.151173 0.313581 0.286925 0.155510 0.087752 0.122334 0.084924 0.151346 0.425376 0.417471 0.324116 0.231246 0.086398 0.167715 0.286738 0.180385 0.101512 0.159454 0.200371 0.152272 0.137598 0.196992 0.177935 0.159849 0.223682 0.272414 0.227361 0.214233 0.287840 0.239815 0.200849 0.240533 0.149168 0.241804 0.171641 0.199001 0.151569 0.141601 0.155385 0.126225 0.058890 0.041848 0.044737 0.103755 0.136270 0.133770 0.132742 0.097303 0.049445 0.071913 0.090611 0.086116 0.078568 0.068568 0.090318 0.134245 0.122175 0.072939 0.085450 0.091808 0.096472 0.060557 0.073525 0.068102 0.076882 0.081020 0.044358 0.011874 0.047545 0.027534 0.046725 0.033506 0.043272 0.049409 0.058959 0.057579 0.044873 0.060724 0.063405 0.048397 0.080679 0.080127
2.802809 0.964036 233.2284 233.2284 0.000000 8.925899 7.002763 5.946077 5.178375 3.877126 2.182964 1.242548 1.798523 2.224439 2.111106 1.614826 0.880772 0.443531 1.249245 2.088128 2.619811 2.168957 2.140509 1.676029 1.205120 0.971921 0.648108 0.495969 0.509605 0.975284 1.592398 1.899609 1.937851 1.835000 1.617954 1.781944 2.035531 2.243783 1.741256 0.733709 2.609198 5.615684 8.779943 11.905597 15.632021 19.220433 22.894629 28.436906 36.544234 45.430185 51.310689 51.489003 45.309683 34.443649 22.145252 11.393173 4.841274 3.537070 4.044495 4.376333 4.500740 4.456227 4.323480 3.939388 3.161725 2.241176 1.258834 1.271262 1.984260 2.813848 3.178501 3.164303 2.732501 2.126902 1.710119 1.723133 2.012096 2.191332 2.148606 2.290038 2.601698 3.025894 3.434646 3.737225 3.618112 2.878053 2.117739 2.376519 3.118981 2.813773 1.785580 2.855596 5.872268 8.547549 10.204683 10.751143 10.766440 10.493604 9.961856 8.841137 7.118826 5.126760 3.023644 1.434254
2.852252 1.227783 222.1159 222.1159 0.000000 11.902113 17.252311 16.704703 15.065573 14.968971 15.661453 18.146628 21.341564 21.625221 17.305879 11.859366 8.364203 7.158713 6.984620 7.909493 8.899094 7.253860 3.401195 1.591312 1.824332 1.220927 0.885330 2.636234 6.207952 9.692205 10.196422 7.783480 4.745705 4.056464 6.609183 7.645883 5.505679 4.513151 8.379048 16.326074 20.827598 20.379836 25.500022 38.376541 43.840256 54.062927 61.035381 106.026844 201.415971 224.683147 153.679587 70.356077 31.719500 14.130216 5.471534 9.461585 9.592667 7.499269 9.261953 11.397159 9.518974 8.133929 9.559568 8.770202 7.469621 7.079682 8.099575 10.742715 12.994084 11.990065 8.651779 6.828234 7.437143 7.857705 7.221878 5.184190 5.077339 8.902943 10.793479 10.592190 13.036590 15.389202 18.034456 23.955024 30.526633 31.636159 28.590258 30.563923 33.240281 29.835722 27.027254 20.776126 24.249052 31.996758 26.383628 19.876490 17.845067 14.087884 10.015059 7.915677 8.600992 13.572666 17.525584 15.289258
2.912261 1.242303 222.4480 222.4480 0.000000 6.419981 12.959424 13.484865 8.817138 14.083659 16.484010 23.810387 32.223674 32.384219 22.720322 15.719433 10.293826 7.975518 5.584574 5.763318 10.740106 7.947797 2.845227 1.347271 1.953226 0.999375 2.378242 5.439923 10.442587 13.685317 12.463585 7.168914 3.570940 0.173870 7.469425 9.503202 5.547801 5.104650 14.368808 21.042513 15.982535 11.017145 3.335345 32.151289 18.127197 25.402209 58.045541 115.807205 275.061326 299.390425 153.680046 52.486605 21.013742 12.176490 15.056574 12.801091 6.957630 2.503229 4.824564 10.047940 7.622310 4.298100 11.547958 11.569233 7.360343 5.154137 4.836489 7.820145 13.236595 14.547752 7.822415 4.686491 7.740962 6.160400 6.422034 5.194987 5.096182 10.390372 11.264558 4.840387 11.764657 15.647957 14.811557 29.103315 44.196877 49.726349 48.540610 48.921449 43.786351 17.236225 24.683455 23.381927 23.100045 39.930896 21.762647 9.424105 15.102082 13.338232 10.002757 10.875907 2.631986 13.755158 21.679571 19.268643
2.972266 1.224666 224.1798 224.1798 0.000000 4.317870 7.980313 9.532036 8.547172 5.322808 4.788324 7.554217 14.043139 16.020637 6.648394 6.047547 3.624897 1.372148 3.925072 5.274776 6.739668 4.915347 1.263779 2.250089 3.295933 3.599555 4.298878 4.779880 5.615195 5.944323 5.018319 3.331296 1.352863 2.964184 5.698691 4.341718 3.234960 5.992637 9.037913 9.963321 9.007621 12.907190 24.699852 33.554548 24.860150 21.320889 54.013484 112.046639 174.604075 177.929561 111.117788 32.803112 8.437397 9.772445 9.277038 7.518934 4.619423 1.795180 0.522389 3.517161 5.735444 4.605064 4.909109 5.524743 2.778463 1.094847 0.647402 0.727261 2.744490 5.784979 6.025480 3.365544 3.164151 2.525177 2.014548 0.830527 3.717799 6.667729 6.690944 5.091447 5.218451 5.941614 4.222500 7.091257 15.361827 20.378494 20.215446 18.338158 20.585515 22.186096 17.694138 19.250401 24.507038 26.672778 21.073676 10.226090 3.375458 4.197787 4.311836 3.801454 8.005070 8.507554 9.131689 7.715897
3.022503 0.793309 231.7561 231.7561 0.000000 0.728266 2.160573 3.584220 4.056205 3.714113 3.262364 2.115918 2.299393 3.638611 3.595224 2.386512 1.129266 0.865632 1.110932 1.258062 1.555986 2.131591 1.919063 1.198758 1.376410 1.798554 2.504836 3.001286 2.091056 0.832890 0.618392 0.608424 0.475713 0.388358 0.606009 1.851199 2.568482 2.001023 1.090915 1.300821 2.504544 2.924793 5.798749 10.510363 18.808606 26.922722 27.931132 24.699713 25.200088 30.097848 34.535524 35.287371 32.210974 27.302982 20.950584 13.032341 5.807754 3.343332 2.253350 1.088405 0.384050 0.826055 0.141651 1.677600 2.215963 1.439134 0.637294 1.145586 1.286961 1.032989 0.393964 0.307271 0.347123 0.374887 1.163602 1.604623 0.930275 0.914958 1.873180 1.821793 1.566792 1.706428 1.623878 1.324871 0.840567 0.554054 1.032992 1.249241 1.549192 1.643833 1.138193 0.818179 1.078529 1.106018 1.448986 3.131034 4.808609 5.207140 5.095534 5.552060 5.994465 5.372157 3.823461 2.120925
3.070248 0.207027 210.3238 210.3238 0.000000 0.696830 0.235189 0.268107 0.317656 0.204197 0.319263 0.388572 0.415904 0.589469 0.439409 0.407543 0.371157 0.175836 0.072390 0.114280 0.195895 0.186542 0.284540 0.347163 0.342828 0.246592 0.217985 0.451488 0.626049 0.504861 0.368891 0.345555 0.240095 0.328695 0.293379 0.265205 0.331870 0.574419 0.526888 0.410349 0.474173 0.931524 1.906117 3.505013 5.953538 8.384809 9.278031 7.100259 4.209144 3.276057 2.572807 0.970322 1.052472 0.338017 0.722216 0.307578 0.273289 0.462393 0.605837 0.586368 0.319832 0.270431 0.138766 0.166126 0.416899 0.469442 0.404299 0.347401 0.289127 0.230264 0.113201 0.094988 0.154497 0.133527 0.178327 0.146213 0.137976 0.306006 0.321899 0.394204 0.381675 0.353969 0.253013 0.255553 0.371569 0.190556 0.044841 0.026368 0.095480 0.134031 0.129602 0.062242 0.105430 0.077562 0.047937 0.160777 0.251967 0.256003 0.267281 0.284156 0.218908 0.206771 0.165348 0.173465
3.114523 0.036100 215.4898 215.4898 0.000000 0.295499 0.099573 0.055598 0.120019 0.181314 0.124479 0.088628 0.101846 0.208431 0.233595 0.130082 0.088141 0.114818 0.091439 0.090586 0.138287 0.112397 0.130627 0.163266 0.061209 0.056324 0.114150 0.084672 0.057636 0.137823 0.111013 0.104311 0.102980 0.193567 0.231364 0.164505 0.125850 0.137486 0.121939 0.077949 0.113967 0.247920 0.222348 0.321626 0.687598 0.574739 0.465794 0.727593 0.440040 0.373305 0.367396 0.276305 0.190502 0.242057 0.420789 0.494413 0.359651 0.144387 0.072271 0.085895 0.088075 0.152338 0.168331 0.189622 0.134477 0.101299 0.147296 0.085978 0.059839 0.063028 0.077616 0.103491 0.120295 0.086821 0.096233 0.166884 0.109373 0.097502 0.110578 0.070748 0.054022 0.068027 0.074723 0.074309 0.070019 0.106564 0.143162 0.126415 0.041512 0.026591 0.023448 0.011412 0.040400 0.060363 0.069361 0.066066 0.082104 0.078430 0.064689 0.043471 0.028515 0.025638 0.037734 0.049933
3.166688 0.004406 181.4875 181.4875 0.000000 0.185870 0.150919 0.102732 0.079170 0.198516 0.184287 0.077376 0.151994 0.242170 0.200007 0.118418 0.159794 0.204509 0.144160 0.096235 0.072313 0.027483 0.085735 0.206092 0.187395 0.123066 0.104012 0.114320 0.186430 0.190664 0.157268 0.157043 0.165104 0.204201 0.133789 0.073684 0.050307 0.024514 0.075888 0.170236 0.251168 0.266153 0.267657 0.249552 0.143132 0.114970 0.152010 0.115370 0.065713 0.041790 0.037401 0.043622 0.059163 0.123131 0.147557 0.200985 0.162003 0.071638 0.099294 0.053639 0.061992 0.022155 0.136766 0.202940 0.083646 0.078413 0.027051 0.083389 0.061012 0.083209 0.113001 0.066109 0.049035 0.119680 0.165092 0.143822 0.127086 0.103708 0.062618 0.030867 0.052360 0.100545 0.086093 0.082927 0.087112 0.040296 0.092830 0.065017 0.017752 0.014790 0.027921 0.005063 0.048447 0.059571 0.024352 0.042982 0.043763 0.056877 0.088880 0.076103 0.059167 0.062959 0.029068 0.024132
3.212264 0.004027 183.4481 183.4481 0.000000 0.184364 0.167576 0.052704 0.182524 0.216434 0.114579 0.102450 0.225527 0.227760 0.104876 0.173846 0.218065 0.256300 0.182235 0.147805 0.153920 0.164865 0.225486 0.232369 0.167573 0.089386 0.096528 0.115051 0.214154 0.228601 0.147178 0.184693 0.158175 0.083952 0.086470 0.091922 0.102474 0.137151 0.110060 0.126837 0.285257 0.218797 0.118627 0.145718 0.121618 0.060014 0.078225 0.124771 0.116752 0.076699 0.061230 0.115429 0.097719 0.058329 0.075999 0.127611 0.113381 0.089514 0.058259 0.057044 0.044488 0.087032 0.173024 0.147356 0.121337 0.121230 0.068902 0.063274 0.126536 0.117164 0.053500 0.096407 0.120361 0.056719 0.076495 0.070248 0.137005 0.118652 0.063734 0.055208 0.110777 0.094332 0.067195 0.071052 0.090454 0.072605 0.035006 0.033103 0.040330 0.032898 0.017580 0.028893 0.045835 0.037791 0.037329 0.059589 0.072730 0.078273 0.085513 0.069346 0.061849 0.061878 0.076535 0.080943
3.262589 0.004253 128.9896 128.9896 0.000000 0.164944 0.119639 0.136574 0.180575 0.117104 0.107899 0.174053 0.191862 0.162433 0.168941 0.180987 0.147814 0.113046 0.150235 0.179549 0.168802 0.095174 0.195365 0.138573 0.087856 0.077696 0.075936 0.057526 0.059353 0.168248 0.309937 0.257313 0.154462 0.188289 0.177171 0.099788 0.076780 0.092439 0.130373 0.222719 0.287430 0.292516 0.185945 0.076255 0.127626 0.114482 0.047588 0.044215 0.031029 0.131166 0.223408 0.214294 0.155126 0.086168 0.084577 0.055609 0.024366 0.066699 0.130221 0.123521 0.029006 0.020111 0.069894 0.071543 0.057736 0.076668 0.111870 0.115481 0.081245 0.068440 0.081548 0.088856 0.081898 0.093773 0.132571 0.116413 0.104181 0.099950 0.068948 0.071996 0.146434 0.128950 0.073256 0.070087 0.105940 0.099175 0.062100 0.039592 0.041278 0.081405 0.051962 0.049228 0.063565 0.008561 0.033073 0.027399 0.039115 0.038366 0.030041 0.040167 0.058583 0.059974 0.055276 0.048529
3.310245 0.004217 31.4066 31.4066 0.000000 0.184217 0.138036 0.191967 0.245472 0.258829 0.336424 0.302083 0.164863 0.108876 0.081932 0.160472 0.255603 0.208848 0.146927 0.145071 0.126867 0.158642 0.247335 0.205012 0.175641 0.144873 0.117711 0.109334 0.238396 0.318776 0.252485 0.079957 0.098729 0.084059 0.085044 0.117452 0.160630 0.200896 0.228156 0.188848 0.210072 0.249877 0.142192 0.081209 0.111074 0.140183 0.127332 0.107197 0.103470 0.146557 0.179072 0.150366 0.082114 0.094877 0.084592 0.064462 0.134962 0.163595 0.083313 0.029926 0.052462 0.084670 0.068375 0.038440 0.026282 0.024060 0.033747 0.039504 0.068019 0.092767 0.090390 0.084415 0.087649 0.055951 0.045489 0.095618 0.117095 0.124157 0.143728 0.053672 0.020963 0.041691 0.077540 0.078032 0.046738 0.051782 0.083716 0.074865 0.047929 0.057610 0.076699 0.080264 0.065087 0.033555 0.039908 0.034220 0.033505 0.013965 0.069019 0.084949 0.058276 0.014134 0.013978 0.035867
3.352257 0.004219 31.5514 31.5514 0.000000 0.165725 0.214703 0.198158 0.099608 0.299717 0.404885 0.238252 0.132181 0.130643 0.149276 0.173358 0.220619 0.213316 0.134999 0.152383 0.171875 0.183093 0.284138 0.286583 0.251390 0.120746 0.018661 0.170706 0.273259 0.145142 0.106151 0.153529 0.096879 0.053083 0.073233 0.148300 0.248247 0.275890 0.185053 0.110224 0.179594 0.248068 0.158959 0.023753 0.064371 0.164253 0.174357 0.181792 0.087085 0.077549 0.060257 0.121976 0.121259 0.065513 0.079944 0.076747 0.119908 0.184267 0.135314 0.056077 0.046746 0.040591 0.058406 0.068142 0.047131 0.071540 0.066679 0.033964 0.080886 0.038259 0.118664 0.089945 0.063871 0.041502 0.056052 0.056166 0.119823 0.169812 0.139658 0.083519 0.050437 0.040101 0.032785 0.036834 0.024009 0.030931 0.058690 0.061282 0.050356 0.031935 0.019589 0.077455 0.108808 0.061603 0.029722 0.017641 0.027475 0.056731 0.076506 0.050648 0.032302 0.049702 0.059433 0.076510
3.402801 0.543859 237.6670 237.6670 0.000000 2.646577 0.277960 0.113716 0.239670 0.162360 0.346697 0.167048 0.236352 0.225657 0.199272 0.223121 0.380523 0.431019 0.336081 0.375386 0.358681 0.309280 0.345440 0.243645 0.171394 0.218869 0.167451 0.222734 0.266289 0.206290 0.285754 0.204082 0.257187 0.236242 0.251564 0.311818 0.477985 0.335763 0.285180 0.486454 0.408034 0.786438 0.849704 1.052141 1.437356 1.676539 1.852758 2.385268 2.903989 3.270658 3.372247 3.639480 3.819015 3.817936 3.668091 3.422219 3.131016 2.745180 2.453178 1.993614 1.667111 1.335181 1.047384 0.757284 0.729346 0.424517 0.393960 0.278999 0.213931 0.276011 0.119809 0.363366 0.323409 0.223493 0.389848 0.271596 0.248274 0.164752 0.138517 0.159657 0.135037 0.080187 0.084413 0.143179 0.142515 0.125383 0.136473 0.125207 0.082901 0.070874 0.139502 0.233051 0.295796 0.373054 0.485838 0.549675 0.650246 0.596233 0.672520 0.629467 0.665232 0.602456 0.615378 0.476219
3.452252 1.079016 228.0420 228.0420 0.000000 3.434839 3.907322 4.665396 5.732795 7.180207 9.145876 10.506337 10.187526 7.717889 4.222551 3.589564 5.562503 6.372443 5.421451 3.322513 1.273454 1.701394 3.128095 3.602265 3.640413 3.705470 3.875955 4.655769 5.050073 4.506804 3.072069 1.571161 1.525433 1.841165 1.712798 1.666981 2.016895 4.459770 8.437256 11.606588 12.599850 11.251092 9.011010 7.396398 13.597979 25.266361 34.037686 44.164233 64.481006 87.190260 95.957270 84.392595 58.650150 31.061750 11.900099 6.881910 9.139263 10.330422 9.349666 6.935040 4.882264 4.147369 4.788580 5.598820 5.926811 5.298287 3.703188 2.297851 1.858858 2.008666 2.570013 3.320522 3.761913 4.209931 4.930061 5.587706 6.014988 5.898487 5.110892 3.689190 2.611145 3.370052 5.464564 8.472708 11.276879 12.227015 10.492505 9.637029 14.163815 19.709277 21.048044 17.514013 11.376924 5.962255 3.169028 3.617600 5.679074 7.323487 7.911316 7.686087 6.947252 6.077663 5.233947 4.540175
3.503281 1.212846 222.1356 222.1356 0.000000 2.413149 7.056318 10.495013 13.111199 19.970433 28.227429 34.518325 33.742659 22.225843 9.321464 11.140444 11.871500 11.142577 10.320916 7.495095 6.093864 7.416519 7.091146 8.437073 11.735611 11.829773 9.933992 9.327483 10.280480 8.911458 5.321748 5.498919 6.436459 3.819334 7.088577 8.124055 9.115661 14.732694 21.110309 18.842506 11.660133 9.668121 7.164623 17.794625 40.019645 49.665914 46.996580 87.757279 224.962961 272.750508 179.063468 75.779285 37.685526 15.089015 14.342494 20.692061 17.757453 16.390600 15.295569 11.770140 10.134557 10.074036 11.608235 13.257776 9.533518 3.773222 2.995662 1.713803 2.721663 5.975693 8.165324 8.417230 10.072903 12.261798 11.661893 11.723188 13.835351 13.729819 12.461046 14.011087 17.577076 19.158349 25.404814 34.637582 28.859525 22.481686 42.021321 60.187000 53.720438 34.037174 21.089400 8.549236 7.211238 17.341820 17.471573 12.464886 15.267528 16.191953 10.325126 8.604829 12.542530 16.464987 18.350968 14.927765
3.566561 1.218012 222.9804 222.9804 0.000000 3.971715 8.752096 8.197425 5.909635 15.453742 20.610738 28.211980 31.444174 27.546872 18.031461 11.040208 5.931422 4.945684 6.844119 7.285039 6.343119 7.725926 4.243010 5.989826 11.460708 9.801372 5.836172 4.077860 6.916724 7.042915 5.944390 8.820967 10.494918 10.422577 10.166668 7.952810 6.025346 6.839611 14.486448 10.148290 5.247164 7.941254 20.688004 23.504376 20.603700 26.578960 47.810692 108.030418 232.484732 278.336846 164.404610 43.585960 24.583180 15.583648 17.711678 17.799722 9.014927 6.912517 12.600930 7.977311 5.919942 5.062148 4.828137 9.728003 9.952418 7.541504 5.656669 3.512094 1.979364 3.037029 5.332663 4.405901 4.871162 8.559528 7.439244 3.274224 9.466134 12.209881 10.574096 10.463172 14.876948 12.869977 10.763798 28.859381 37.399820 35.678400 40.506474 51.810770 48.557118 24.835842 16.554126 20.254410 20.274936 28.877454 26.551839 10.925145 9.585472 12.466489 8.762847 5.296190 7.216581 11.044544 19.957132 19.614527
3.622803 1.098429 226.3898 226.3898 0.000000 5.869871 8.026899 7.769878 7.036169 4.457824 3.327290 5.407407 6.198037 9.107897 7.988539 4.190736 2.007147 0.162610 1.676255 1.955938 1.440754 2.720502 4.625619 4.421186 3.730706 2.825515 0.985619 1.391479 3.678034 3.828761 2.146289 3.550229 5.492961 5.267739 5.696549 3.496105 4.233881 6.342151 2.900102 7.710086 3.336841 10.733276 24.521675 31.732031 26.812305 30.890793 45.550086 71.601438 105.518235 122.194354 99.952800 54.351225 18.823906 4.604065 4.354983 6.436972 5.676082 4.189136 4.766601 4.676935 3.268310 1.757092 0.806720 2.052501 3.082838 1.908513 3.371294 3.895612 2.604409 1.077729 0.497025 1.350110 2.349864 2.427175 1.539559 1.942534 3.276815 2.509317 2.657937 2.345634 1.056950 3.015739 6.543305 8.451325 8.877159 11.543396 13.452315 8.334572 12.025124 13.608271 11.947854 9.374354 10.761607 15.507363 17.765686 16.360037 12.330196 6.951650 2.606678 2.595933 4.381602 3.761077 2.529404 6.021073
3.671421 0.586043 226.3556 226.3556 0.000000 2.004556 1.923239 2.174076 1.579309 1.788720 1.604165 1.243923 1.013620 1.234667 1.149871 1.098007 0.412696 0.380739 0.767018 0.666999 0.377591 0.348134 1.159618 1.574569 1.169709 0.559266 0.122030 0.480406 0.352185 0.714942 1.409766 1.498234 1.025222 0.395021 0.937222 1.173468 1.425013 2.297510 3.259550 3.891090 4.163489 4.214447 6.080373 8.543099 12.728706 17.622517 17.572362 16.822471 19.011081 20.054972 17.950931 12.976101 10.198370 10.673372 9.697982 6.574144 4.009020 2.981391 2.580542 2.393843 1.454541 0.949095 1.109862 0.696803 0.757750 1.056417 0.947081 0.652131 0.764255 0.971936 0.771472 0.624844 0.539994 0.605693 0.871390 0.821943 0.625084 0.718784 0.688676 0.537713 0.551608 0.758784 0.905313 0.801111 0.837368 0.987980 0.871379 0.875956 1.404400 1.809950 1.652717 1.183366 1.050119 1.460075 1.697979 1.492688 0.580345 0.602288 1.045012 1.044331 1.333869 1.748057 1.747911 1.700997
3.719149 0.116385 209.9693 209.9693 0.000000 1.000664 0.392799 0.243801 0.313708 0.256378 0.280087 0.336778 0.358510 0.245382 0.144791 0.224902 0.218332 0.077943 0.145675 0.258219 0.183477 0.199019 0.129492 0.248982 0.122772 0.239752 0.088824 0.028071 0.225833 0.228347 0.230657 0.218581 0.175456 0.150612 0.169165 0.225698 0.272155 0.423289 0.460322 0.435465 0.605380 0.802002 1.413584 2.190349 3.072235 4.069643 4.276035 3.640906 1.777024 0.395373 0.909069 1.016068 0.329369 0.795025 0.969340 0.369134 0.361277 0.294450 0.173693 0.229551 0.249119 0.230326 0.151273 0.116103 0.170629 0.277382 0.360065 0.219960 0.089550 0.067870 0.054946 0.199582 0.233888 0.198600 0.121028 0.167196 0.126243 0.173006 0.185629 0.123625 0.121990 0.129432 0.092733 0.077984 0.121065 0.188316 0.117869 0.057688 0.223051 0.117969 0.216513 0.028249 0.152987 0.109408 0.062149 0.029737 0.081394 0.167542 0.098092 0.151265 0.202172 0.163524 0.086616 0.097513
3.764838 0.017248 10.3701 10.3701 0.000000 0.269358 0.396290 0.151100 0.188408 0.177497 0.172573 0.244566 0.249480 0.205287 0.226183 0.208793 0.151767 0.171764 0.297681 0.369090 0.275641 0.162950 0.110787 0.074761 0.125882 0.186005 0.191586 0.183294 0.153945 0.083121 0.081672 0.104421 0.161300 0.144190 0.126373 0.087531 0.095613 0.152356 0.192658 0.192246 0.155843 0.167041 0.190846 0.226354 0.168025 0.057541 0.105948 0.295596 0.311392 0.155543 0.080945 0.132714 0.184180 0.188717 0.215880 0.189387 0.256968 0.135053 0.102341 0.080971 0.024511 0.061754 0.060936 0.069033 0.046843 0.130908 0.148766 0.067262 0.045249 0.049489 0.085185 0.062179 0.068110 0.082113 0.075709 0.095841 0.106284 0.081363 0.086615 0.114385 0.079407 0.025956 0.041287 0.081274 0.103520 0.082797 0.100871 0.092620 0.136109 0.109085 0.047211 0.008194 0.057365 0.045133 0.008045 0.017890 0.042954 0.080274 0.048876 0.057076 0.069007 0.088137 0.048254 0.029873
3.812804 0.004938 51.6391 51.6391 0.000000 0.156862 0.375421 0.318373 0.110716 0.177843 0.253240 0.167933 0.122585 0.146576 0.334970 0.334805 0.249035 0.139604 0.232038 0.362461 0.234341 0.147571 0.156093 0.089822 0.086097 0.102215 0.115501 0.151874 0.115986 0.118998 0.129821 0.049643 0.147115 0.122820 0.132999 0.145867 0.146030 0.084067 0.204493 0.097179 0.108771 0.154280 0.319834 0.349396 0.257374 0.183479 0.126463 0.148633 0.160904 0.125028 0.059796 0.029020 0.040488 0.080227 0.149363 0.213645 0.182412 0.092495 0.067003 0.077991 0.080253 0.068118 0.079835 0.081631 0.085271 0.048933 0.059075 0.085475 0.097451 0.128154 0.069592 0.027316 0.054012 0.070405 0.029638 0.094226 0.111195 0.105235 0.172356 0.153448 0.081918 0.037075 0.067969 0.113363 0.114985 0.109349 0.104682 0.120548 0.090659 0.037676 0.034174 0.042505 0.049358 0.025821 0.035937 0.043218 0.040561 0.041182 0.078189 0.091881 0.098940 0.051334 0.031666 0.055929
3.862767 0.004443 31.2577 31.2577 0.000000 0.178487 0.250285 0.194481 0.163707 0.321021 0.408393 0.333419 0.200243 0.204261 0.318009 0.368284 0.292497 0.189519 0.194712 0.267489 0.302300 0.280197 0.150799 0.042923 0.124353 0.150451 0.162902 0.174796 0.171572 0.130935 0.151629 0.174040 0.175011 0.084928 0.040685 0.126764 0.204812 0.210859 0.194086 0.160729 0.103896 0.065609 0.164083 0.291073 0.245115 0.139481 0.107856 0.072992 0.045758 0.035326 0.073949 0.056439 0.032998 0.011636 0.073999 0.210562 0.264380 0.049722 0.133628 0.139573 0.070938 0.050709 0.107169 0.175492 0.155417 0.110373 0.093383 0.084772 0.075260 0.105548 0.119445 0.074646 0.052606 0.080669 0.120323 0.152590 0.192865 0.184438 0.136787 0.125162 0.131374 0.089469 0.098293 0.118865 0.086577 0.044176 0.097506 0.081557 0.119124 0.111070 0.074553 0.069424 0.084376 0.064593 0.029183 0.047197 0.088079 0.086511 0.057775 0.044606 0.050659 0.046434 0.070948 0.081252
3.910774 0.004723 20.8588 20.8588 0.000000 0.035491 0.074378 0.214217 0.281473 0.240394 0.247379 0.238124 0.097932 0.110386 0.167716 0.112842 0.127806 0.142116 0.131569 0.132743 0.110509 0.175625 0.170728 0.169336 0.160527 0.170447 0.171364 0.050242 0.138775 0.051006 0.096416 0.114522 0.167008 0.110529 0.093917 0.167612 0.138862 0.123650 0.088075 0.090997 0.047792 0.046350 0.094903 0.156313 0.147750 0.040710 0.015687 0.031384 0.025544 0.044695 0.043130 0.014396 0.049186 0.051745 0.033908 0.091206 0.259633 0.239443 0.174124 0.128202 0.066376 0.093561 0.181459 0.201765 0.095615 0.125910 0.213433 0.200869 0.145584 0.073700 0.060557 0.123092 0.080278 0.034093 0.087848 0.140897 0.176850 0.096284 0.046210 0.037628 0.096548 0.048655 0.104816 0.066088 0.035691 0.071528 0.080216 0.058144 0.075397 0.095370 0.081385 0.063467 0.090522 0.084290 0.043160 0.054100 0.078549 0.079472 0.076054 0.045287 0.021036 0.011147 0.043717 0.074127
3.956282 0.004245 15.7868 15.7868 0.000000 0.117765 0.094086 0.334641 0.363725 0.148142 0.078983 0.144667 0.138914 0.066786 0.056387 0.093635 0.156872 0.234029 0.190298 0.095437 0.183890 0.183372 0.180798 0.181730 0.017203 0.039865 0.143987 0.206358 0.173132 0.056287 0.084784 0.101248 0.113636 0.078961 0.103839 0.163728 0.138497 0.146369 0.253258 0.274792 0.195746 0.083476 0.039273 0.135586 0.206585 0.133825 0.062410 0.034300 0.040064 0.033395 0.052155 0.070339 0.036999 0.062642 0.115199 0.131566 0.214373 0.282076 0.159584 0.036524 0.071315 0.052415 0.090281 0.148376 0.148075 0.085404 0.154229 0.217320 0.148529 0.101352 0.106795 0.129216 0.137647 0.114301 0.073011 0.070307 0.067794 0.065698 0.069636 0.061354 0.060150 0.085520 0.131395 0.087945 0.039294 0.062139 0.024909 0.058891 0.058590 0.033660 0.051861 0.076344 0.141920 0.126308 0.059886 0.038871 0.052467 0.050125 0.079225 0.116314 0.078512 0.020485 0.014021 0.025105
4.004062 0.032542 15.6010 15.6010 0.000000 0.146417 0.299773 0.420097 0.330441 0.148149 0.100326 0.067841 0.128003 0.108077 0.059022 0.023266 0.096508 0.220279 0.268997 0.280470 0.251650 0.178074 0.182833 0.194947 0.109687 0.087290 0.178605 0.260622 0.175556 0.102798 0.150596 0.130530 0.130138 0.075169 0.245596 0.278545 0.190152 0.205237 0.291555 0.323990 0.236132 0.132666 0.097507 0.137185 0.128058 0.104511 0.078027 0.051271 0.100861 0.141939 0.132957 0.090052 0.095611 0.143256 0.171580 0.169695 0.214031 0.177379 0.122176 0.079788 0.051139 0.035660 0.092677 0.102527 0.023549 0.057099 0.091255 0.053723 0.015537 0.062290 0.076650 0.080470 0.113659 0.101060 0.054719 0.041094 0.061970 0.094463 0.083518 0.022779 0.053133 0.163159 0.164251 0.084703 0.065950 0.070647 0.068693 0.017015 0.063224 0.122186 0.184697 0.178202 0.075574 0.038404 0.046106 0.026704 0.061225 0.102380 0.117724 0.098670 0.052854 0.022058 0.023432 0.037758
4.052297 0.873520 234.6733 234.6733 0.000000 0.328582 0.470961 0.871562 1.328902 2.060221 2.711309 3.128320 3.131625 3.151387 3.152306 2.897100 2.626570 2.555106 2.632003 2.666232 2.453598 2.368165 1.939262 1.351387 0.830670 0.468560 0.525302 0.830572 0.976956 0.836505 0.374348 0.716976 1.702718 2.310628 3.239330 3.665086 3.571009 3.320757 2.623251 2.504520 2.843618 3.822192 5.590400 8.066432 10.901184 13.307228 15.050729 17.247762 20.282808 23.783640 26.684803 28.114077 26.968112 23.569926 18.601183 12.703628 6.965127 2.593981 1.740257 3.781604 4.948041 5.426734 5.315216 4.815932 4.084979 3.209135 2.577253 2.239861 2.107853 2.253808 2.478168 2.673028 2.715973 2.691336 2.612049 2.306748 2.016033 2.179137 2.406422 2.946685 3.557427 4.069290 4.428892 4.829356 4.891951 5.116886 4.929529 4.779315 4.572896 4.442739 4.515180 4.511546 4.486127 4.077370 3.329955 2.060470 0.956930 0.914007 1.991701 2.672372 2.817341 2.520970 2.045499 1.884636
4.102561 1.197925 227.5954 227.5954 0.000000 4.922916 1.158637 2.583844 6.970883 15.506018 23.284979 26.307206 23.089534 14.950786 4.872442 6.244013 11.672727 13.393404 11.226722 8.055129 6.258835 6.295518 7.406346 7.145329 6.191665 6.597000 7.665625 7.310291 4.833065 2.794293 4.210675 7.308698 10.459516 14.688754 16.441421 14.262574 11.304374 8.432090 6.490864 9.364811 14.088406 22.909558 36.932281 45.086062 42.776647 44.156785 51.111011 53.783333 99.293820 164.947983 175.404040 128.652450 70.848769 35.023717 17.305765 11.190542 15.027342 21.689407 24.637011 23.663054 21.321943 16.468316 9.155947 4.536995 3.806231 7.238960 10.620243 10.708587 10.763739 10.593695 8.348911 8.134697 7.746287 3.907877 2.851926 7.534790 14.101637 18.795021 20.238503 21.147290 20.297291 18.134182 20.436249 23.433826 21.821956 13.740672 8.507257 20.090816 33.400673 36.000919 28.353466 16.964225 8.170994 8.919449 15.997748 17.440013 12.451696 5.659886 2.360892 5.902939 12.618789 17.260589 17.917821 15.389339
4.160281 1.226512 222.1472 222.1472 0.000000 9.304923 9.403962 10.231102 16.456001 27.726109 35.609946 37.160564 31.288783 17.272188 6.990504 11.108713 16.333477 13.954934 8.452875 5.075112 2.954052 6.325150 12.086462 11.502527 6.888099 8.383328 12.656009 10.466020 4.340957 5.306147 9.599762 4.587496 14.632672 19.951473 14.797308 8.407288 11.340037 9.489266 11.469944 8.643836 16.054174 34.787866 40.631800 31.837269 19.426324 46.734314 49.487630 138.843071 293.946704 274.413966 129.339579 58.704839 40.251099 15.655305 9.503065 15.969783 25.993480 24.745605 18.350298 24.457048 18.273244 2.752847 5.038003 5.510005 14.576675 13.965605 8.971858 14.031687 9.538087 6.677379 13.023706 11.341331 6.676399 5.916541 15.647007 22.987917 17.111793 19.204915 22.216752 10.794185 17.412759 28.907930 22.447921 23.025798 27.709412 39.449952 51.668512 57.330122 52.582593 35.287995 14.107122 19.981384 26.998970 21.915983 14.093722 4.591601 3.713400 10.577860 18.819508 23.954058 17.251887 17.586539 13.807862 7.453086
4.218787 1.227170 230.5070 230.5070 0.000000 10.067234 9.758392 7.437099 8.614074 14.181807 14.971815 13.364951 14.430588 11.363958 5.987036 5.969293 7.508757 6.644214 1.438488 4.450270 3.916671 4.621609 5.770674 6.901161 5.489766 3.382161 5.386138 7.566208 6.023189 5.827855 7.899145 8.111085 7.161807 9.696133 7.805391 3.656844 7.037751 9.439824 11.873831 12.270535 10.985343 11.922585 12.299801 14.391639 16.656506 28.740332 25.767259 24.775161 93.251778 194.131827 226.676089 141.747980 41.206360 11.966663 18.183230 7.682207 1.820293 4.000128 10.954350 12.030181 9.596985 13.280377 12.991560 7.458097 4.384868 6.838954 12.067607 12.070687 10.660538 12.148485 11.117062 7.398191 6.897669 8.729935 9.810331 9.640407 12.573179 15.551948 10.606943 4.229680 6.663490 9.062794 8.225184 12.499028 13.509044 7.044327 13.030796 23.091525 25.056478 21.475573 24.178362 28.893744 27.725408 24.329988 21.435733 17.142086 8.557509 6.415646 8.009017 5.972965 6.805065 5.809144 9.854373 9.740987
4.272288 0.872653 236.1032 236.1032 0.000000 8.698360 2.463437 0.869316 1.696854 2.392809 2.317590 1.823045 1.511806 1.370245 1.609897 1.537073 0.933545 0.859478 2.082648 3.143416 3.878661 3.493254 1.816257 0.878364 1.040035 1.066372 1.489715 1.779142 2.026277 1.230835 1.788100 3.280981 3.085001 2.796585 3.177771 2.743558 2.410842 4.332358 6.019739 3.060733 4.877209 4.007817 8.219021 14.522365 17.511255 19.134198 23.029801 27.501282 26.656360 34.169218 48.764063 57.526580 54.248550 39.298334 20.482770 10.600094 6.088253 2.851977 2.392008 1.565843 2.094061 4.023831 3.610873 3.600662 4.567091 2.661042 1.099548 0.668069 2.553948 3.829075 2.718129 3.789684 5.642978 3.734465 1.162094 0.781449 1.332128 2.298217 3.427242 4.561071 4.652191 4.177266 2.674578 1.240608 1.371340 1.328894 2.350389 4.392580 4.707485 4.507028 4.279963 3.598509 3.289219 3.326110 3.323874 2.292523 2.787002 5.154881 5.342808 4.058855 2.920531 2.124359 2.273081 2.916808
4.314574 0.280136 206.3041 206.3041 0.000000 1.519753 0.605140 0.647513 0.497151 0.394770 0.228628 0.149773 0.223944 0.212710 0.092973 0.145434 0.261514 0.391933 0.413150 0.669251 1.103620 1.208311 0.883679 0.543049 0.362924 0.257081 0.309632 0.367062 0.447497 0.631689 0.495436 0.406484 0.455377 0.633965 0.459055 0.478694 0.084401 0.187070 0.959200 2.058396 2.477989 2.573260 3.179168 4.813479 7.266498 9.529623 9.670712 7.844291 6.969077 7.806286 6.793926 4.050782 2.570943 1.847310 1.564233 1.761427 1.830809 1.456309 0.791637 0.389002 0.432177 0.568680 0.673444 0.715559 0.597590 0.526112 0.621972 0.671170 0.480535 0.367371 0.379815 0.441430 0.787521 0.869807 0.927513 1.084303 0.841306 0.631084 0.341136 0.138386 0.252775 0.356234 0.247357 0.102698 0.090491 0.216944 0.320899 0.337885 0.445518 0.542693 0.558262 0.514870 0.414112 0.265863 0.160049 0.189264 0.275425 0.347574 0.300916 0.361467 0.555270 0.553496 0.560868 0.301069
4.363044 0.048690 207.5230 207.5230 0.000000 0.338533 0.074238 0.222933 0.219986 0.209471 0.122951 0.103290 0.114341 0.131378 0.051237 0.060424 0.086640 0.091456 0.089786 0.138422 0.178877 0.129435 0.106787 0.144182 0.198841 0.236319 0.209317 0.104719 0.145004 0.298997 0.450954 0.379067 0.291861 0.292798 0.211172 0.275405 0.212495 0.220242 0.331856 0.366776 0.267348 0.294053 0.544504 0.754815 0.885559 1.161149 1.093233 0.836905 0.666651 0.570895 0.525589 0.436853 0.427489 0.391461 0.398642 0.370268 0.203535 0.117340 0.078405 0.088029 0.067299 0.012522 0.151288 0.049964 0.082395 0.071922 0.037957 0.090695 0.116166 0.086456 0.067249 0.070413 0.136137 0.124036 0.100946 0.130503 0.095720 0.041962 0.081789 0.135626 0.153776 0.168523 0.122805 0.058923 0.062390 0.026026 0.013267 0.060738 0.081406 0.024558 0.025864 0.063582 0.083788 0.108719 0.016302 0.051438 0.044333 0.054642 0.039157 0.054687 0.087975 0.109259 0.107768 0.063239
4.412163 0.005390 106.7286 106.7286 0.000000 0.075983 0.085838 0.254704 0.302402 0.182052 0.070749 0.103145 0.080663 0.131782 0.147209 0.183666 0.134800 0.063278 0.081782 0.045438 0.121102 0.172326 0.106740 0.113946 0.212105 0.310494 0.230020 0.183454 0.245515 0.169606 0.181888 0.256897 0.165850 0.165270 0.184715 0.117924 0.047542 0.058387 0.120260 0.147101 0.132780 0.104120 0.074774 0.069657 0.140305 0.168736 0.103447 0.091227 0.120079 0.138104 0.137849 0.111267 0.089383 0.160806 0.124293 0.081212 0.062185 0.096398 0.106459 0.114678 0.126204 0.101081 0.035473 0.067400 0.079389 0.042819 0.085168 0.136112 0.053524 0.047634 0.071941 0.095973 0.099193 0.090540 0.070725 0.065220 0.066006 0.055556 0.067597 0.108145 0.057662 0.077116 0.076602 0.061474 0.035267 0.072522 0.048329 0.035229 0.056055 0.096348 0.086549 0.066362 0.073935 0.065208 0.040489 0.045419 0.034146 0.045703 0.040982 0.065717 0.071552 0.047316 0.047200 0.029912
4.462522 0.004429 109.3558 109.3558 0.000000 0.120265 0.087970 0.138392 0.203116 0.057783 0.159247 0.106788 0.141941 0.177743 0.173024 0.230817 0.199513 0.100440 0.083545 0.108854 0.129170 0.186859 0.208877 0.102573 0.107302 0.203238 0.359503 0.209782 0.168135 0.196433 0.042305 0.149753 0.153096 0.163252 0.141525 0.069738 0.071686 0.046709 0.091940 0.187249 0.188805 0.115182 0.121685 0.136818 0.095396 0.105902 0.150625 0.142564 0.113844 0.080034 0.082184 0.096720 0.122187 0.211220 0.131390 0.068490 0.028987 0.048910 0.044186 0.113317 0.188906 0.187770 0.087046 0.059011 0.064995 0.049115 0.074322 0.095687 0.099556 0.097428 0.105880 0.119729 0.116781 0.121443 0.116029 0.053162 0.023712 0.059912 0.102591 0.059476 0.028948 0.042182 0.046696 0.046490 0.007535 0.076426 0.131756 0.145247 0.093072 0.045283 0.057668 0.082429 0.052135 0.025837 0.036387 0.047593 0.052353 0.063731 0.061867 0.052547 0.063723 0.073412 0.069078 0.048478
4.510814 0.004530 47.0714 47.0714 0.000000 0.147170 0.109720 0.086873 0.122104 0.192805 0.230946 0.271876 0.369948 0.447948 0.396183 0.228911 0.126680 0.090876 0.052504 0.094166 0.147670 0.159838 0.282374 0.296655 0.325458 0.352342 0.171631 0.299325 0.288652 0.175820 0.138254 0.119574 0.026131 0.086341 0.152299 0.152391 0.075039 0.076629 0.074797 0.138924 0.249499 0.232110 0.125092 0.071577 0.090695 0.092668 0.088221 0.166861 0.165702 0.052658 0.087593 0.134014 0.175768 0.234764 0.213234 0.079273 0.028029 0.029050 0.030000 0.046703 0.086908 0.129910 0.119315 0.105912 0.106690 0.081885 0.066763 0.060428 0.032843 0.038145 0.048108 0.141410 0.208234 0.155858 0.066699 0.026812 0.047310 0.110912 0.152973 0.076222 0.014615 0.019274 0.027270 0.066592 0.062222 0.067808 0.125313 0.133118 0.096537 0.074418 0.055494 0.058438 0.050162 0.031783 0.041382 0.030188 0.053142 0.065272 0.075935 0.015036 0.034197 0.071378 0.059573 0.035904
4.554570 0.004727 42.0435 42.0435 0.000000 0.121913 0.116500 0.045820 0.062157 0.170504 0.109416 0.199587 0.378406 0.437318 0.309542 0.163025 0.132432 0.140677 0.126827 0.174101 0.313821 0.348463 0.185585 0.269321 0.373978 0.316046 0.234169 0.281796 0.228282 0.060117 0.138690 0.117423 0.050256 0.067490 0.055066 0.114064 0.164906 0.118453 0.110451 0.187955 0.277774 0.324821 0.295814 0.209808 0.185291 0.163671 0.159782 0.213356 0.179680 0.074764 0.047447 0.100967 0.149337 0.105954 0.148112 0.127251 0.090464 0.103872 0.099716 0.075481 0.075467 0.060382 0.040926 0.113900 0.104881 0.080991 0.038076 0.043644 0.063382 0.032552 0.089648 0.148866 0.138479 0.092346 0.048039 0.022803 0.040194 0.087832 0.142368 0.130050 0.060133 0.030052 0.058230 0.108386 0.137795 0.109330 0.112880 0.115343 0.014574 0.017941 0.086056 0.048759 0.032376 0.054658 0.058813 0.063466 0.080607 0.101369 0.090616 0.043370 0.018791 0.024679 0.029550 0.031276
4.602855 0.004722 83.1850 83.1850 0.000000 0.050591 0.049408 0.025187 0.040381 0.135714 0.183095 0.165912 0.143998 0.131718 0.129696 0.139340 0.238044 0.295375 0.211138 0.181500 0.311958 0.399762 0.330842 0.216622 0.094358 0.094764 0.250425 0.151426 0.086780 0.157965 0.125481 0.063402 0.128343 0.100742 0.070867 0.180668 0.163078 0.073466 0.079725 0.133000 0.080509 0.220348 0.359005 0.312864 0.185041 0.105348 0.121390 0.171111 0.131007 0.068648 0.127765 0.172339 0.178876 0.151703 0.131599 0.078525 0.193767 0.218022 0.148921 0.127105 0.147182 0.142690 0.088489 0.054719 0.039810 0.031669 0.045896 0.080376 0.119075 0.150422 0.102949 0.062085 0.046564 0.039036 0.046947 0.052765 0.060026 0.091003 0.129589 0.061578 0.022741 0.029537 0.107026 0.135525 0.093631 0.071183 0.170033 0.124479 0.096470 0.058531 0.047016 0.048347 0.025016 0.027381 0.023443 0.042690 0.050573 0.069921 0.045496 0.029839 0.040689 0.046653 0.050863 0.031498
4.652298 0.636511 5.0282 5.0282 0.000000 6.754496 0.721342 0.581962 0.588739 0.401600 0.525856 0.264920 0.233237 0.239871 0.371723 0.503301 0.261292 0.430414 0.374020 0.669102 0.246396 0.447660 0.528119 0.620198 0.520716 0.248875 0.394633 0.515572 0.448970 0.510929 0.538777 0.319390 0.581856 0.519070 0.215416 0.334728 0.154952 0.112790 0.530788 0.927334 0.947120 1.638637 1.969599 2.578141 3.163543 3.647815 4.483774 5.128667 5.675282 6.250255 6.400018 6.407170 6.242177 5.609509 5.181250 4.168738 3.435230 2.642861 1.786464 1.264410 0.640987 0.323387 0.248820 0.333598 0.532477 0.731987 0.798466 1.004423 0.950433 0.980840 0.985298 0.893841 0.848020 0.888879 0.754753 0.803885 0.707893 0.790081 0.839852 0.856892 0.879265 0.974068 0.923796 0.952372 0.729692 0.692814 0.562682 0.453536 0.366261 0.258217 0.221735 0.231055 0.324579 0.410974 0.552558 0.773663 0.859420 1.009534 1.078613 1.094874 1.062519 1.017435 0.898455 0.748489
4.702647 1.111751 230.7972 230.7972 0.000000 11.055563 10.400808 7.763621 6.049278 7.397738 9.058791 8.817834 6.923347 4.087638 2.622434 3.068547 3.863930 4.191325 3.734639 2.659736 4.020921 6.364413 7.433990 6.182128 4.668536 4.521969 5.279257 5.350035 4.838639 5.418851 7.566633 9.213192 9.070600 7.553996 5.202694 3.040739 2.061765 4.475903 8.994908 14.737721 19.904281 21.677420 19.039932 16.494025 20.657433 30.711167 40.054278 50.322335 72.619005 100.407300 112.850926 99.253388 66.793355 34.497359 14.113697 5.503644 2.376613 2.913861 5.227613 8.133346 10.843231 12.322163 12.132759 11.028854 9.918137 8.894742 8.335852 9.894940 12.918581 14.742441 14.118244 11.507081 8.616225 7.803809 8.809682 9.690011 10.233812 11.212919 11.974723 11.075102 8.281978 4.394692 1.574974 2.236115 3.117611 3.772648 4.406842 5.932175 9.955188 15.171881 18.042470 16.134173 11.592680 10.428875 13.145428 15.544176 15.976850 14.344764 11.198345 8.179266 6.367373 5.422404 5.733576 7.111308
4.752920 1.230452 224.1925 224.1925 0.000000 12.565968 20.917502 15.649621 9.494808 17.891297 23.044244 23.433655 20.840760 14.937059 9.069103 2.953059 6.824853 9.604380 6.214663 4.874406 9.337785 13.362968 14.736715 8.409390 2.963591 8.455865 10.342920 6.540960 3.235320 10.983707 18.960637 19.731692 15.943144 12.866348 8.366508 3.476732 7.334632 10.830200 19.698007 32.200144 29.925800 20.293185 10.664311 22.265525 37.030341 46.404114 64.131074 68.015963 231.119104 290.079871 194.572204 80.574924 31.826387 12.103143 5.236330 6.136673 12.179461 15.869362 20.693711 25.220446 20.932621 13.435743 12.668642 11.902126 7.203595 9.871392 18.791298 26.658259 27.725104 19.250574 8.627746 6.657946 12.658837 14.089544 10.369231 14.578377 21.658313 20.464855 13.016383 7.663644 5.695577 8.459851 6.754201 6.008972 15.225570 28.215279 43.442344 56.234384 53.610280 27.261740 13.027657 20.313598 17.140470 30.193015 31.029118 24.744216 23.089953 17.039400 5.452954 5.825545 11.459320 10.700900 11.040260 9.352554
4.814601 1.234104 233.4348 233.4348 0.000000 7.629116 15.854022 18.076552 17.346544 18.412058 15.990698 14.206221 18.847208 17.282032 12.667408 7.951391 6.632094 7.755988 7.591314 7.401531 8.036235 3.358622 10.010044 13.546332 7.646700 4.903384 4.986373 6.567953 5.436128 3.122201 7.648275 14.094492 13.190958 8.166342 8.127735 9.224790 6.702270 5.318197 4.550447 6.579954 18.848710 19.901913 4.499306 11.315435 24.363600 16.136727 23.517031 28.288332 74.089587 136.594212 252.670261 256.835479 143.530659 40.050052 16.088363 10.557267 7.377875 11.327339 14.272806 9.106842 10.529522 17.233867 15.267277 5.233997 2.616196 6.770912 3.760631 2.624273 6.931440 10.801211 15.317811 15.165300 8.802343 3.941770 3.672500 7.453335 7.043173 3.682529 8.037943 13.049828 12.257240 6.740090 4.042420 9.233921 12.095137 10.307944 8.008736 14.928989 25.742922 34.555070 43.642159 49.426196 44.875939 36.181940 29.878410 19.122465 21.987958 27.710524 16.186719 11.838735 22.276861 15.908584 5.254195 3.832029
4.870282 1.066023 228.5505 228.5505 0.000000 5.832904 5.943400 4.593196 6.685338 6.017044 4.984607 4.334845 5.238455 3.728220 3.453603 4.786134 4.171851 1.954450 1.605656 2.105454 3.820688 4.058847 6.047964 5.933814 1.933223 1.991849 0.879720 2.096911 2.894059 2.575857 3.756827 3.713528 2.826852 2.989893 2.814994 2.709564 2.022405 0.698364 4.081641 5.861053 6.688468 14.889790 7.063541 14.498559 28.733890 32.772234 37.316403 51.072284 76.144330 100.180924 102.171881 84.269045 56.161553 28.091330 11.617928 7.582036 5.779365 5.726670 6.863739 5.112507 4.116692 3.209444 3.779867 3.305490 1.482013 3.203397 1.575270 1.371122 1.969523 2.270068 3.612700 3.254387 1.835738 1.806485 2.237041 2.915551 1.235297 2.645946 1.805190 2.641282 2.042844 1.439242 2.770980 4.459980 6.037892 4.947548 5.881292 7.508231 6.768792 5.559254 7.286735 10.606062 12.967603 16.110417 17.547998 15.612258 11.187258 8.996896 9.173505 8.971057 9.388644 6.874168 3.015757 1.978282
4.912001 0.547372 221.9661 221.9661 0.000000 3.022823 2.018804 1.528972 0.798657 0.565413 0.793822 1.091224 1.023366 1.126788 0.925611 0.640658 0.359305 0.804600 1.018814 0.966524 1.344356 1.156206 0.382489 1.750984 2.118224 1.213383 0.652078 0.303287 0.489599 0.866973 0.807674 1.030788 0.756583 0.518262 0.590174 0.943018 0.898974 0.875643 1.003061 1.171393 3.209520 5.368809 8.206553 11.095154 12.498205 12.953767 13.834305 16.917827 18.666561 17.310405 15.860937 12.866365 9.239829 5.046430 3.304116 3.022575 2.157502 1.429145 1.147509 1.447886 1.708185 1.848122 1.317218 0.806813 0.896652 1.022534 1.333340 1.627063 1.572132 1.221464 0.541133 0.457174 0.930727 0.996661 0.723110 0.864152 1.210190 1.161557 1.024782 1.050762 1.167953 1.242227 1.253156 1.157970 0.955869 0.803652 0.684572 0.493771 0.767305 1.306068 1.333329 1.093570 0.641799 0.528291 0.958870 0.802889 0.508043 0.641526 0.906989 1.133940 1.487520 1.429823 1.184750 1.075129
4.962384 0.102387 204.7645 204.7645 0.000000 0.389978 0.285776 0.372557 0.316384 0.283625 0.116743 0.089210 0.138500 0.183264 0.235802 0.208740 0.209384 0.213654 0.226955 0.417950 0.382681 0.328619 0.247949 0.485414 0.669329 0.487725 0.204881 0.186596 0.291365 0.182374 0.272598 0.246799 0.267282 0.279342 0.200085 0.162139 0.236666 0.330367 0.467586 0.611016 0.727801 1.140333 1.915993 2.769088 3.437001 3.637152 3.069457 1.821841 0.193195 1.083244 1.165315 0.836854 0.511684 0.536751 0.498890 0.445821 0.238926 0.257246 0.314356 0.210822 0.135136 0.234363 0.434639 0.421165 0.366406 0.408799 0.296656 0.245792 0.241789 0.285563 0.229651 0.179878 0.245228 0.223556 0.182582 0.158106 0.143578 0.191036 0.238651 0.174636 0.086420 0.062867 0.085845 0.132827 0.213073 0.282600 0.230135 0.303785 0.133744 0.106549 0.240360 0.248560 0.250915 0.347808 0.284966 0.273201 0.204246 0.203768 0.185530 0.129337 0.061139 0.058844 0.098275 0.111842
5.012305 0.016098 130.3953 130.3953 0.000000 0.316251 0.217687 0.039923 0.085476 0.119495 0.080721 0.123010 0.171258 0.193197 0.265842 0.230954 0.132924 0.206170 0.312914 0.221016 0.070045 0.057132 0.148597 0.187085 0.152038 0.074277 0.164678 0.073949 0.144530 0.352023 0.429689 0.224169 0.242618 0.253599 0.180431 0.140557 0.162820 0.203051 0.143690 0.072662 0.111284 0.088360 0.058969 0.081962 0.094926 0.124727 0.095690 0.089610 0.216335 0.189363 0.087654 0.106639 0.236415 0.185787 0.141249 0.110766 0.235509 0.196357 0.084192 0.087726 0.143941 0.103034 0.055883 0.090138 0.122134 0.082948 0.049333 0.049079 0.039461 0.039556 0.083213 0.153687 0.212309 0.210097 0.150617 0.064297 0.022549 0.041826 0.060025 0.080563 0.068041 0.069862 0.092520 0.076011 0.047762 0.108482 0.124430 0.068007 0.032683 0.047817 0.032805 0.060790 0.101915 0.079647 0.034483 0.013495 0.042497 0.094213 0.093787 0.080638 0.076420 0.063870 0.028231 0.041634
5.060241 0.004612 5.2515 5.2515 0.000000 0.385262 0.365691 0.234416 0.238571 0.175949 0.121099 0.112521 0.172463 0.284394 0.226530 0.124520 0.160715 0.249636 0.260029 0.168549 0.148647 0.130268 0.103551 0.099896 0.041847 0.193476 0.121443 0.035163 0.083831 0.174930 0.315568 0.232628 0.213438 0.149505 0.057206 0.016131 0.067757 0.162075 0.163390 0.096537 0.084965 0.107649 0.151071 0.087798 0.064731 0.147556 0.133159 0.118000 0.065125 0.150268 0.211526 0.193224 0.162710 0.150164 0.157276 0.101269 0.133576 0.141469 0.064352 0.020502 0.043368 0.077879 0.066478 0.040294 0.107914 0.104211 0.045912 0.015714 0.046414 0.033457 0.020856 0.158160 0.241671 0.168920 0.131536 0.095607 0.041198 0.034883 0.063986 0.125560 0.139002 0.068604 0.034699 0.065096 0.060912 0.062439 0.100872 0.068642 0.030054 0.024509 0.047436 0.091156 0.122734 0.058620 0.053446 0.043418 0.030746 0.073160 0.131643 0.133989 0.072719 0.055930 0.071132 0.049882
5.103218 0.004226 47.1777 47.1777 0.000000 0.238438 0.242328 0.193633 0.217654 0.188094 0.188160 0.148676 0.187074 0.298136 0.253652 0.111643 0.064807 0.150579 0.192828 0.094627 0.109513 0.226398 0.283083 0.282272 0.269252 0.189517 0.055055 0.085300 0.082383 0.145195 0.208727 0.136054 0.115180 0.109389 0.077009 0.055509 0.108616 0.174499 0.150106 0.126046 0.169865 0.215286 0.213756 0.099897 0.075910 0.146267 0.087115 0.090713 0.176762 0.158438 0.142715 0.092993 0.098636 0.123719 0.181739 0.220938 0.182678 0.086601 0.040584 0.020264 0.017309 0.043682 0.060689 0.068928 0.086667 0.068914 0.029830 0.057574 0.063436 0.058855 0.072377 0.142589 0.127964 0.082370 0.062608 0.040769 0.030873 0.057110 0.128665 0.199331 0.180205 0.087866 0.038564 0.047891 0.046747 0.048213 0.081376 0.092425 0.067227 0.044274 0.060097 0.092428 0.085560 0.086133 0.069321 0.046435 0.027505 0.054315 0.078091 0.088027 0.063095 0.056009 0.042947 0.038275
5.152302 0.004076 181.7623 181.7623 0.000000 0.080627 0.074754 0.074250 0.124120 0.080845 0.164902 0.114755 0.125989 0.258601 0.273887 0.148417 0.128449 0.217205 0.213866 0.122636 0.131170 0.204217 0.201526 0.223817 0.248189 0.145439 0.051172 0.079588 0.141317 0.081501 0.172396 0.131381 0.077478 0.033878 0.070850 0.082771 0.141563 0.148227 0.089290 0.178144 0.297465 0.230816 0.156285 0.141404 0.148368 0.112632 0.076840 0.121367 0.133934 0.065601 0.066920 0.125720 0.117965 0.077527 0.140700 0.144831 0.066558 0.091868 0.074587 0.041576 0.019888 0.051041 0.045842 0.063899 0.102905 0.077684 0.048632 0.029246 0.053920 0.035784 0.072202 0.058303 0.066861 0.080567 0.052792 0.047461 0.069174 0.077498 0.097402 0.141114 0.134434 0.057001 0.026197 0.044133 0.044804 0.016433 0.074923 0.097137 0.043056 0.052121 0.072980 0.047119 0.084913 0.063491 0.018563 0.021092 0.020988 0.018581 0.024532 0.036155 0.031699 0.041120 0.048219 0.036027
5.202569 0.003888 171.6101 171.6101 0.000000 0.122991 0.099676 0.070179 0.055877 0.160207 0.240516 0.167394 0.041059 0.215237 0.214841 0.133340 0.201312 0.262074 0.084051 0.136029 0.157664 0.060401 0.028009 0.117071 0.106295 0.063837 0.023869 0.097908 0.190224 0.257167 0.256257 0.178967 0.135752 0.127635 0.109281 0.130481 0.070774 0.114936 0.238352 0.272814 0.144184 0.106486 0.094468 0.104994 0.070042 0.049877 0.134720 0.149315 0.068693 0.078308 0.137391 0.131078 0.067141 0.124603 0.169672 0.163545 0.134619 0.073096 0.031990 0.018633 0.044201 0.064456 0.078137 0.056585 0.035723 0.047152 0.065803 0.074591 0.053520 0.070374 0.091358 0.057631 0.033981 0.051142 0.071079 0.058850 0.054882 0.086306 0.088344 0.041476 0.025294 0.047563 0.056808 0.054813 0.088312 0.081150 0.040738 0.073030 0.070988 0.052505 0.037446 0.029186 0.019625 0.032504 0.039787 0.034978 0.035303 0.038430 0.049820 0.051873 0.037805 0.043420 0.053093 0.025367
5.252290 0.400515 214.6868 214.6868 0.000000 0.021801 0.105373 0.039240 0.027598 0.171247 0.192093 0.144028 0.202432 0.193074 0.006858 0.087367 0.150673 0.244959 0.115983 0.152988 0.045216 0.127000 0.043565 0.186249 0.149250 0.077809 0.116375 0.279005 0.132347 0.347431 0.108990 0.256519 0.165661 0.052270 0.304614 0.146429 0.075106 0.242976 0.180241 0.328050 0.336468 0.307614 0.539433 0.580174 0.606037 0.830518 0.664914 0.845381 0.726219 0.770355 0.835279 0.681546 0.682211 0.562198 0.660660 0.440682 0.410245 0.448797 0.246412 0.229072 0.286821 0.188605 0.184888 0.191482 0.141366 0.150446 0.145438 0.040829 0.098365 0.070423 0.100647 0.074840 0.100134 0.147456 0.132665 0.063008 0.077223 0.033504 0.047065 0.076353 0.061243 0.053109 0.091453 0.178128 0.157621 0.071388 0.054207 0.046394 0.033693 0.033870 0.046539 0.029303 0.034296 0.037415 0.066115 0.028076 0.063705 0.063697 0.060853 0.091224 0.100430 0.105837 0.109163 0.084764
5.300817 1.019194 234.6934 234.6934 0.000000 6.083228 6.023322 6.405098 7.343352 8.102722 8.441114 7.842240 6.371026 4.565497 2.913386 1.561127 1.107293 1.666080 2.552926 3.061577 2.861934 1.992896 1.082732 1.608534 2.962032 3.975506 4.309397 3.078955 1.721837 2.259595 3.401416 3.559878 3.006867 2.239308 1.900801 2.400309 3.020734 3.296589 3.248086 3.426973 5.148724 8.312638 11.201757 13.980532 18.372352 25.011013 31.861608 37.768017 45.203106 55.160070 63.236259 64.138481 55.567058 40.119908 22.590112 8.355777 3.801669 6.992189 7.516785 5.969228 3.478236 1.083448 1.216588 1.926034 1.752329 1.168443 0.880996 0.748577 0.495187 0.310927 0.235731 0.610015 0.341198 0.214026 0.758674 1.207599 1.457353 1.378184 1.472249 1.937668 2.430772 2.417853 1.948432 1.948105 2.926508 4.306281 5.496870 6.367656 7.157914 8.253377 10.028760 12.389830 14.467877 15.476947 14.868433 13.142793 11.102726 9.984930 9.971026 9.874698 8.991974 7.315653 5.952917 5.705598
5.352064 1.214806 232.1499 232.1499 0.000000 13.104997 15.361938 8.670933 13.689904 26.247570 32.419917 31.992585 24.347982 12.525031 4.327426 3.992583 6.349864 8.955348 10.117199 7.707864 5.120599 4.191174 2.869153 4.349119 9.698743 13.370412 12.649067 7.708269 4.834373 7.098050 8.343285 7.030971 4.787120 1.521321 2.866843 6.568822 9.970872 10.879607 7.253763 2.829725 13.729796 21.567232 18.911138 18.873209 29.656355 49.540831 65.451840 75.448987 69.463988 114.351106 211.421998 233.940621 164.434652 77.019549 26.669502 13.454999 19.729431 19.708545 19.046311 18.321634 12.741306 9.575845 10.214434 10.964096 9.805078 7.020839 4.417703 3.396950 3.194554 2.549412 1.062976 2.064928 3.410964 4.339510 4.786138 7.420529 11.118836 12.200652 11.390993 11.791197 12.913072 10.904486 8.496216 10.941154 16.075390 20.315474 25.603110 27.513133 15.710510 15.873764 43.123102 59.929400 54.033175 36.376019 25.495052 19.991049 14.254116 17.563355 23.607478 22.727245 15.496122 7.182902 11.675967 17.756418
5.410800 1.225652 231.0886 231.0886 0.000000 13.726768 18.665153 14.262141 18.488734 25.153768 27.932353 33.251791 27.857877 15.146203 6.775470 5.810783 5.718220 10.946238 13.385256 4.780211 4.342070 2.548376 4.030161 7.403832 9.340999 11.943680 12.379857 9.768453 6.148440 6.040851 6.573095 3.027282 3.554505 3.946972 4.014319 4.152865 10.426077 10.014601 7.957384 7.564325 14.881290 19.137612 12.991313 7.398470 11.548445 37.595428 25.742404 61.714651 81.530308 176.368656 286.466154 250.177654 139.042451 51.310644 12.025397 25.064789 23.853182 12.157822 17.523826 22.654955 15.968482 9.779686 9.988632 13.858834 14.599298 8.925087 2.263606 5.585282 6.123653 4.855068 4.126486 7.102649 10.181040 8.250578 5.157257 12.244279 20.786287 17.920624 8.446486 14.028005 19.839972 11.828193 6.854304 16.876670 18.272859 12.700377 27.779139 37.035177 33.116940 43.015363 61.078571 61.144852 39.126496 16.793253 13.933373 8.288506 5.858258 14.667995 19.423209 12.279573 14.672958 19.177451 23.260897 12.864980
5.462802 1.168987 225.0017 225.0017 0.000000 8.612035 10.529253 9.911168 11.202020 7.062148 5.172533 10.937081 9.777875 7.755099 5.973475 3.444858 2.273082 6.420601 8.852363 6.648246 4.390659 3.935396 4.200167 2.766372 1.479186 2.828720 3.315048 4.068277 2.334546 1.908557 2.354764 3.043230 3.063890 1.997881 2.589918 3.973504 5.153409 1.889025 3.046135 5.331368 7.142200 11.785995 21.284810 21.160940 13.975443 33.075630 57.047960 84.266233 125.893978 147.227138 120.970888 73.379348 37.703695 22.467296 14.905947 14.903112 14.022053 12.200634 11.662376 9.152706 4.363521 0.912463 3.468266 6.099193 8.312439 7.164740 4.835138 3.855156 2.991490 3.368450 5.986091 8.381935 8.308150 6.650551 7.460596 11.582357 14.856640 11.657322 8.858333 11.484138 12.006435 9.610243 8.880504 8.301425 6.083342 8.361750 15.299517 23.006859 28.080466 23.936137 19.065626 19.664022 13.459741 6.808831 4.516057 3.031729 3.358905 5.657697 5.324809 6.225523 12.911605 16.391864 12.061076 9.398342
5.512296 0.688690 227.6821 227.6821 0.000000 3.292748 2.084388 0.825135 1.743747 2.724225 3.196353 2.053761 1.280655 0.701944 0.635278 0.742912 0.653197 1.809298 2.302240 2.249541 2.093163 1.585133 2.164833 1.700625 0.946680 1.248921 0.965328 0.614816 0.850542 1.475938 1.154287 0.647482 1.194563 1.812564 1.152896 0.717198 1.747254 3.156944 3.110044 1.360092 1.905888 6.310969 9.723602 13.828721 19.326366 20.651818 19.923550 23.251050 28.038954 31.228665 31.356158 26.782475 18.801692 10.933827 6.612000 4.730332 3.883885 2.877329 2.296627 2.521650 2.843460 2.065523 1.279258 0.912701 0.632686 0.583388 0.419669 1.353284 2.167486 2.077380 1.244512 0.323261 0.497507 1.530919 2.152304 2.066100 1.743398 1.231708 1.137050 1.769080 3.234747 3.436859 2.135403 1.859513 2.323201 1.908403 1.281927 1.393916 1.522386 1.041436 1.376396 1.268823 2.730865 3.520466 2.956100 2.213709 1.809290 1.516064 1.694051 1.309823 0.474331 0.758142 1.120366 1.645136
5.562822 0.170056 202.0256 202.0256 0.000000 1.514666 0.346212 0.188912 0.259675 0.230283 0.229262 0.523397 0.350773 0.197476 0.124461 0.086411 0.283985 0.328101 0.166784 0.095052 0.168370 0.402282 0.522840 0.458408 0.410580 0.412336 0.392113 0.401308 0.321858 0.357044 0.354403 0.125568 0.417297 0.639708 0.553712 0.347860 0.298040 0.711905 1.055969 1.155811 1.427050 2.251752 4.012446 6.164581 7.310829 6.249729 4.052963 2.828408 2.688525 1.794698 0.787689 0.517714 0.395205 0.421384 0.445263 0.503843 0.602097 0.647015 0.686342 0.484887 0.172103 0.141921 0.309549 0.382829 0.315678 0.259407 0.272731 0.198201 0.183501 0.205780 0.098267 0.143917 0.208130 0.278623 0.383754 0.257779 0.127298 0.085825 0.073221 0.087010 0.128088 0.195843 0.289016 0.228184 0.225520 0.273240 0.132938 0.058766 0.084596 0.178944 0.138198 0.159589 0.215196 0.187898 0.171050 0.197481 0.136756 0.279520 0.216616 0.174727 0.186529 0.169849 0.150172 0.060076
5.612301 0.028967 209.4521 209.4521 0.000000 0.291774 0.106205 0.208419 0.205930 0.136368 0.178975 0.346453 0.320769 0.113656 0.022142 0.031730 0.067253 0.088826 0.068045 0.084360 0.104864 0.118721 0.196118 0.073885 0.099094 0.105542 0.026093 0.084411 0.203365 0.131218 0.119549 0.033669 0.078396 0.201595 0.227746 0.179605 0.136088 0.196306 0.157285 0.075974 0.115615 0.190359 0.218680 0.248297 0.401473 0.461839 0.501576 0.389567 0.249809 0.369942 0.216679 0.371220 0.330032 0.115541 0.254997 0.223328 0.137739 0.106614 0.088636 0.090544 0.172681 0.175533 0.087228 0.052439 0.059928 0.063008 0.067133 0.068702 0.119594 0.127915 0.088079 0.080409 0.042958 0.057389 0.084919 0.130472 0.155208 0.044296 0.063208 0.100157 0.085978 0.052108 0.066728 0.112700 0.120989 0.093225 0.105896 0.151334 0.139466 0.077895 0.048633 0.079587 0.108531 0.110184 0.098873 0.048249 0.023455 0.071203 0.075966 0.038870 0.071389 0.045461 0.038556 0.027121
5.660273 0.004636 110.5459 110.5459 0.000000 0.142750 0.256721 0.268022 0.122692 0.058893 0.127175 0.264189 0.231363 0.097905 0.031667 0.052931 0.123890 0.160220 0.109780 0.112971 0.214359 0.201859 0.101386 0.180030 0.280122 0.351107 0.354215 0.349507 0.193140 0.143844 0.186721 0.137286 0.060400 0.110369 0.207078 0.209021 0.233433 0.308280 0.252493 0.120316 0.084239 0.121655 0.051982 0.166231 0.171545 0.173630 0.260593 0.260126 0.163008 0.205177 0.191627 0.123287 0.175324 0.179935 0.127888 0.066821 0.029821 0.031666 0.044314 0.069650 0.090187 0.074604 0.154817 0.148503 0.133304 0.092315 0.054988 0.028571 0.104181 0.139633 0.099023 0.063418 0.062855 0.047314 0.035208 0.054941 0.096208 0.097592 0.072548 0.093843 0.110147 0.061503 0.037038 0.035394 0.131407 0.123760 0.091804 0.177546 0.060933 0.036243 0.023823 0.042296 0.038895 0.048563 0.067483 0.063828 0.031527 0.039539 0.059125 0.039603 0.038040 0.052668 0.040209 0.026515
5.702766 0.004676 108.5393 108.5393 0.000000 0.127770 0.176671 0.143592 0.135835 0.146318 0.214420 0.137422 0.114383 0.061367 0.082003 0.176035 0.265311 0.269044 0.229768 0.285809 0.236638 0.123206 0.174552 0.278161 0.328203 0.346746 0.351836 0.318303 0.309049 0.197184 0.113558 0.160197 0.092945 0.193145 0.229092 0.160803 0.274297 0.183924 0.203275 0.068016 0.165688 0.203938 0.150906 0.160836 0.169254 0.190155 0.144426 0.176838 0.229663 0.140291 0.084194 0.127113 0.116948 0.071673 0.069144 0.075561 0.062518 0.041299 0.037345 0.061930 0.123059 0.185280 0.184332 0.135516 0.081239 0.043813 0.014836 0.094607 0.162396 0.159414 0.180547 0.146280 0.084219 0.057744 0.045046 0.057115 0.048661 0.038881 0.090469 0.092573 0.068318 0.073847 0.117513 0.134381 0.128606 0.166247 0.171574 0.108216 0.073205 0.064476 0.050212 0.059620 0.070651 0.044807 0.053062 0.067872 0.054018 0.035580 0.040274 0.072945 0.031137 0.052269 0.064748 0.050786
5.752286 0.004679 74.7095 74.7095 0.000000 0.169145 0.073958 0.023231 0.041126 0.102842 0.254788 0.188341 0.166832 0.174772 0.218894 0.158661 0.207479 0.152870 0.308338 0.411777 0.262568 0.228318 0.346452 0.167283 0.129294 0.160549 0.118227 0.250270 0.231631 0.204998 0.225973 0.103613 0.132533 0.194311 0.187407 0.203528 0.155256 0.219952 0.217332 0.244850 0.158341 0.053007 0.066489 0.030242 0.063451 0.092623 0.207887 0.245358 0.122935 0.112653 0.098459 0.054417 0.074128 0.108009 0.075660 0.021926 0.062127 0.083204 0.113147 0.093407 0.059539 0.062773 0.049937 0.081195 0.091112 0.101120 0.068190 0.084469 0.171104 0.205184 0.116636 0.024401 0.019769 0.038736 0.053902 0.079616 0.055315 0.030634 0.042129 0.070603 0.087539 0.074367 0.113852 0.169249 0.139063 0.103374 0.097542 0.102320 0.113739 0.090612 0.048311 0.043552 0.037325 0.012302 0.023936 0.060604 0.079721 0.090432 0.103923 0.084435 0.048263 0.056382 0.099089 0.121181
5.803761 0.004397 90.9705 90.9705 0.000000 0.189286 0.120447 0.034359 0.083365 0.106268 0.286010 0.293899 0.129966 0.087780 0.227649 0.161715 0.142437 0.139565 0.169660 0.239209 0.301184 0.185858 0.361334 0.279072 0.055760 0.108141 0.165416 0.123676 0.112164 0.219972 0.233491 0.189586 0.082050 0.105604 0.102569 0.149015 0.157713 0.156205 0.174282 0.209439 0.150737 0.109163 0.122225 0.067626 0.055381 0.058968 0.153414 0.323121 0.305319 0.143867 0.093520 0.070058 0.029238 0.055594 0.113482 0.111357 0.070481 0.072450 0.076320 0.055069 0.051232 0.061500 0.080255 0.082956 0.062203 0.054850 0.058431 0.058303 0.054932 0.105150 0.169996 0.124986 0.059932 0.062703 0.093332 0.063767 0.029782 0.061201 0.045434 0.061597 0.051133 0.058605 0.053350 0.048977 0.086059 0.045223 0.031300 0.050428 0.033651 0.074485 0.069424 0.049086 0.050008 0.047960 0.026257 0.034398 0.025027 0.059629 0.065332 0.070601 0.071154 0.037474 0.046807 0.079666
5.852252 0.173935 5.1448 5.1448 0.000000 0.573807 0.227668 0.206335 0.265167 0.308376 0.152086 0.210446 0.154007 0.107111 0.249110 0.274179 0.096412 0.126140 0.163612 0.198354 0.292433 0.270692 0.267223 0.254943 0.150011 0.078765 0.060729 0.067901 0.106765 0.168521 0.119740 0.109809 0.203563 0.221951 0.255212 0.262817 0.031259 0.042480 0.090456 0.089337 0.116990 0.200075 0.247111 0.144205 0.207872 0.122905 0.123244 0.282255 0.215471 0.345622 0.108198 0.167148 0.067746 0.076489 0.136036 0.102392 0.131807 0.099240 0.062070 0.089063 0.086703 0.047348 0.030129 0.065193 0.077770 0.056935 0.076286 0.068931 0.070968 0.068236 0.069320 0.076940 0.090578 0.032035 0.045833 0.090502 0.129591 0.138855 0.130286 0.080812 0.079853 0.071867 0.031186 0.053223 0.031062 0.096153 0.052224 0.039852 0.069023 0.051696 0.054848 0.069514 0.059606 0.057631 0.077295 0.044976 0.039595 0.052244 0.069199 0.048256 0.023083 0.041352 0.057339 0.055614
5.900109 0.943566 245.4820 245.4820 0.000000 1.125239 1.667219 2.388962 3.258304 3.991339 5.047774 5.233802 4.831454 4.491696 3.172486 2.484914 1.764859 1.388491 1.617837 2.076749 2.399004 2.334602 2.315091 2.239162 1.698433 1.011484 0.588607 0.734550 0.818310 0.538216 0.753331 1.734556 2.645269 2.553179 2.381237 0.845640 0.525567 1.574944 2.006783 1.700565 1.261345 2.196924 3.851801 5.970283 8.363024 11.000123 13.903123 16.616729 19.371956 23.733978 30.782807 38.740506 44.860698 46.475433 42.688183 34.749339 24.834034 15.245020 7.834288 3.667409 3.316281 4.055128 4.259697 4.030853 3.561514 3.093040 2.669062 2.601827 2.509286 2.042097 1.267520 0.674178 1.722268 2.665842 2.834448 2.689763 1.866882 1.556903 1.385307 1.043816 0.520596 0.514446 1.190751 1.401722 0.988438 1.068949 1.769594 2.451305 3.033319 3.315646 3.504090 4.416663 5.784829 7.684058 9.746530 11.281856 12.054975 11.587525 10.293304 8.487732 6.755364 5.908599 5.766233 5.637176
5.946144 1.212640 226.9752 226.9752 0.000000 9.369467 9.142452 9.598106 10.521508 15.510327 21.986055 24.441581 21.055663 14.242133 8.572999 4.749342 3.165333 6.525246 9.377845 9.750189 9.917748 11.651866 12.027666 9.186679 6.399588 5.720713 5.093044 4.466034 5.417751 10.547930 16.414048 16.866438 11.331558 5.476465 5.086116 8.583957 8.305911 6.352525 6.376579 2.810156 13.559444 20.339480 20.696683 24.316798 33.556126 44.309808 46.268993 57.802929 129.914425 208.749460 204.462557 127.049726 58.258344 30.660482 13.230401 6.037362 7.843704 12.234031 10.448518 12.502512 12.223481 7.771972 12.188221 16.240363 13.067216 8.808578 10.500309 16.323122 22.060412 23.635290 20.227711 14.613912 10.528453 9.808073 10.917203 12.833137 15.583321 15.170200 10.469559 6.649660 9.838945 15.005150 14.967567 11.409462 11.256893 12.979583 20.195903 35.753475 45.251624 39.723169 28.292853 24.905240 23.050607 12.458605 6.742289 19.920702 20.822176 14.741510 8.668826 6.272081 6.331113 10.115896 15.952213 16.866202
6.002840 1.229819 228.6482 228.6482 0.000000 10.916472 11.106161 7.680928 6.541626 12.393782 23.253040 26.371754 23.982617 13.964874 6.862333 6.674676 4.395195 9.854941 11.363763 8.478369 6.552293 11.228812 16.064967 17.560883 15.141495 8.722847 4.770628 5.085238 5.714453 13.186464 23.313544 27.122681 20.691377 9.955771 3.988131 11.812046 19.006493 20.215621 17.138935 13.829603 15.549577 17.554212 7.455706 9.807490 14.418897 24.853122 32.264852 21.056917 78.892090 260.918426 312.004499 176.817157 55.130476 30.851288 12.233466 10.411829 18.394875 23.089044 13.090185 13.519958 22.925127 22.125832 23.914621 28.593562 23.521371 9.008343 8.868470 19.603174 26.848836 33.076411 32.813577 23.371172 10.249016 7.687624 12.004875 20.853753 28.931972 30.951906 23.118185 9.713600 7.215811 17.705165 24.936972 17.491139 8.551299 17.863395 7.164310 26.587110 49.262612 46.853755 26.034055 13.223188 16.695400 21.656957 25.785352 31.419863 28.586444 13.927353 12.896073 3.363292 7.173505 12.758779 20.574139 21.685223
6.065544 1.220877 225.4922 225.4922 0.000000 7.317704 3.315725 1.532383 3.827945 7.795688 7.671146 6.461599 8.921951 6.343016 3.243652 5.781020 7.571227 6.597318 3.381554 1.674428 2.666454 4.721056 6.341337 10.393652 10.544768 5.178565 2.820506 2.602004 3.498848 9.233493 11.549784 12.500986 9.697200 7.432176 5.895694 9.771442 16.974032 14.202770 11.543981 9.492934 6.960982 14.154280 19.535773 17.850316 19.067166 27.362805 26.696991 65.518736 159.565700 204.608002 139.488642 53.619156 17.397200 14.762645 11.215781 13.247742 16.650187 16.374164 14.631979 13.038921 11.695177 13.950020 18.095365 15.656148 11.075069 9.518567 8.809557 8.943668 12.546835 13.565592 11.927712 4.844197 1.457781 4.450512 11.003324 16.972489 19.059602 14.452904 8.197271 7.272473 10.248057 14.000604 15.654408 14.538040 13.189376 15.136146 19.823279 19.210413 15.329278 10.218634 5.761106 4.553493 13.760620 24.194481 24.890613 15.706893 6.658196 8.638141 7.605465 4.836465 8.778400 12.916235 6.852343 3.530962
6.112330 0.801118 228.5529 228.5529 0.000000 6.078620 1.406743 1.499256 2.548066 2.240926 1.798982 1.799896 2.219376 1.805787 1.111492 1.763903 2.095423 1.944176 1.194819 0.372285 0.755565 1.526164 1.610220 2.161163 2.424882 2.702102 2.313477 1.369976 1.518094 2.109935 1.523937 1.309786 1.899457 1.273083 1.316427 1.524068 3.271516 5.947428 3.767932 3.099789 3.068556 8.674412 16.490542 22.893994 22.160408 21.765863 22.475218 24.253692 31.167369 39.621079 43.069105 37.024427 23.480662 11.704070 6.606463 3.501342 2.045405 3.138311 2.618771 3.365352 2.791968 0.735521 1.530747 2.293243 2.324954 1.787310 1.561520 2.127226 2.566590 2.322570 1.462817 0.779208 1.297201 2.301886 2.819755 2.395805 0.657188 1.756406 2.204852 2.480565 2.003062 0.689166 0.829218 0.666492 2.579027 4.004255 3.995922 2.712716 2.851388 2.879503 1.269139 0.498117 1.256519 2.812736 3.781566 4.702719 5.197229 4.882321 4.892866 4.784585 4.102949 3.420353 3.452169 3.954671
6.162872 0.216336 204.8315 204.8315 0.000000 0.997149 0.699526 0.664127 0.581431 0.381168 0.115929 0.116558 0.325442 0.526088 0.554933 0.341175 0.268075 0.152709 0.278696 0.261305 0.237680 0.392635 0.483595 0.426000 0.306253 0.278996 0.331715 0.327546 0.262321 0.229069 0.301032 0.363415 0.430959 0.667525 0.809007 0.662651 0.371713 0.324042 0.506291 1.542412 2.341631 2.575674 3.050594 4.519648 7.058775 9.013918 8.357928 5.441697 4.344179 4.750123 2.567981 0.288126 0.449731 1.042572 0.824333 1.230299 1.191575 0.968495 0.469948 0.355929 0.478428 0.482496 0.566432 0.489818 0.476872 0.509876 0.588345 0.609697 0.383321 0.157030 0.079657 0.136169 0.186074 0.276936 0.340824 0.373295 0.314047 0.152610 0.300528 0.544900 0.708073 0.658244 0.492408 0.371601 0.234925 0.227507 0.188642 0.183959 0.270541 0.250145 0.113709 0.183338 0.252254 0.365767 0.495241 0.664649 0.545089 0.479840 0.383767 0.267586 0.135724 0.079998 0.161048 0.230497
6.212302 0.039473 209.4198 209.4198 0.000000 0.063941 0.033587 0.047411 0.124763 0.166007 0.273916 0.166856 0.159721 0.097250 0.093012 0.153865 0.136253 0.105058 0.202278 0.353131 0.324385 0.179398 0.138099 0.115144 0.018317 0.103514 0.219366 0.147628 0.207905 0.143862 0.145678 0.204271 0.255045 0.208079 0.208144 0.260954 0.224763 0.139872 0.122940 0.251836 0.322468 0.235601 0.268845 0.439808 0.569654 0.716996 0.758409 0.669219 0.725824 0.609221 0.434013 0.286917 0.368118 0.396974 0.378200 0.451070 0.332069 0.220937 0.144655 0.116373 0.084536 0.114140 0.116923 0.099067 0.121029 0.098781 0.063235 0.034607 0.065157 0.090869 0.136360 0.135828 0.096044 0.042839 0.057595 0.036202 0.100789 0.162963 0.153416 0.075535 0.030426 0.019947 0.074967 0.097585 0.097553 0.074826 0.072662 0.078884 0.056243 0.061868 0.025996 0.047002 0.087674 0.089197 0.073981 0.085238 0.120685 0.128084 0.062777 0.063158 0.024476 0.037439 0.030052 0.056912
6.260310 0.005323 36.8486 36.8486 0.000000 0.077436 0.060493 0.090825 0.127700 0.214162 0.364561 0.437236 0.350233 0.223710 0.216224 0.208756 0.103291 0.096690 0.238283 0.276567 0.233699 0.323533 0.256103 0.202339 0.131335 0.147912 0.189116 0.165279 0.195357 0.133634 0.106938 0.140999 0.139816 0.216006 0.162220 0.107586 0.149228 0.099073 0.048514 0.099352 0.076186 0.052154 0.098389 0.057977 0.057865 0.073445 0.064776 0.186220 0.232929 0.084043 0.038841 0.070274 0.071154 0.058324 0.080034 0.185208 0.207394 0.162301 0.147480 0.105005 0.126196 0.123484 0.089304 0.098522 0.044201 0.085512 0.110466 0.098677 0.113018 0.083033 0.055063 0.047055 0.080894 0.073216 0.053729 0.049965 0.066999 0.060464 0.064099 0.102052 0.082327 0.053417 0.075166 0.083227 0.027864 0.059294 0.088957 0.133453 0.094219 0.051345 0.033490 0.022226 0.066135 0.077612 0.046009 0.027953 0.023053 0.043595 0.090430 0.098934 0.049987 0.021576 0.045741 0.066139
6.302829 0.004610 36.3935 36.3935 0.000000 0.130640 0.143495 0.046786 0.032430 0.066016 0.227801 0.349723 0.323872 0.317047 0.293861 0.178601 0.127501 0.168932 0.173422 0.161402 0.245880 0.284729 0.196803 0.243949 0.253266 0.130764 0.190005 0.144774 0.198916 0.111274 0.046743 0.130443 0.193014 0.310008 0.238221 0.068392 0.134903 0.137491 0.073430 0.059476 0.104659 0.058527 0.088395 0.136671 0.105645 0.055800 0.106247 0.236370 0.283323 0.220403 0.129299 0.047712 0.026969 0.044281 0.100306 0.156044 0.251649 0.157533 0.079817 0.157446 0.151111 0.095521 0.072578 0.068100 0.138051 0.105463 0.129219 0.174279 0.132104 0.062779 0.050764 0.075783 0.074138 0.044977 0.032564 0.027925 0.031591 0.072661 0.088598 0.063197 0.036044 0.077401 0.083445 0.026687 0.044292 0.048383 0.156732 0.106532 0.061150 0.046432 0.064265 0.091402 0.089353 0.057176 0.030413 0.020184 0.040275 0.066040 0.069667 0.048537 0.031659 0.025078 0.043162 0.072134
6.352336 0.004701 94.7558 94.7558 0.000000 0.081095 0.177685 0.151855 0.137979 0.102981 0.215017 0.183615 0.121050 0.193529 0.113212 0.253026 0.172685 0.141831 0.110099 0.204921 0.269298 0.222179 0.284921 0.312221 0.228641 0.186093 0.143600 0.236622 0.263329 0.205578 0.138772 0.153617 0.298096 0.195555 0.095809 0.181449 0.131511 0.036370 0.104731 0.171944 0.170952 0.183815 0.115784 0.050766 0.114963 0.177559 0.136098 0.272367 0.276013 0.142673 0.102604 0.079429 0.103392 0.122097 0.207676 0.165500 0.079657 0.052819 0.139969 0.169386 0.158412 0.113113 0.153495 0.263712 0.194723 0.068806 0.112202 0.116510 0.080832 0.029799 0.068317 0.049445 0.048228 0.069771 0.067354 0.037627 0.021916 0.044870 0.085586 0.089163 0.052620 0.068309 0.133618 0.162045 0.103986 0.067348 0.077964 0.055043 0.049264 0.056204 0.036666 0.019713 0.025114 0.021297 0.024576 0.030541 0.025735 0.025231 0.030443 0.063633 0.066840 0.044477 0.028605 0.018065
6.402628 0.004755 116.1781 116.1781 0.000000 0.064210 0.199428 0.182725 0.183143 0.231412 0.092361 0.151461 0.128640 0.174234 0.246061 0.272455 0.132274 0.196358 0.193081 0.053179 0.145079 0.145069 0.231390 0.214380 0.075455 0.130875 0.088459 0.276667 0.169180 0.236733 0.278384 0.175531 0.131599 0.190890 0.168942 0.149304 0.095778 0.058321 0.095996 0.121185 0.140539 0.135958 0.106281 0.055965 0.143403 0.172945 0.076960 0.162669 0.278268 0.206139 0.162901 0.139433 0.112840 0.128253 0.104039 0.126419 0.166325 0.126214 0.060279 0.053996 0.126700 0.181228 0.191658 0.227381 0.244874 0.183885 0.096671 0.058804 0.082297 0.104015 0.109512 0.121830 0.135089 0.164402 0.148124 0.085568 0.063072 0.051148 0.056162 0.085341 0.068383 0.030322 0.027912 0.081769 0.115629 0.074775 0.028610 0.057498 0.080546 0.069872 0.054212 0.053772 0.035579 0.014817 0.036064 0.036322 0.028684 0.066173 0.073409 0.049466 0.036414 0.048958 0.033297 0.017174
6.452310 0.210444 5.2476 5.2476 0.000000 0.943735 0.302700 0.153796 0.169689 0.128296 0.148186 0.196148 0.207786 0.232812 0.178727 0.135873 0.227776 0.270231 0.161678 0.092451 0.089561 0.095062 0.241516 0.278581 0.148074 0.068875 0.145988 0.200039 0.329091 0.298998 0.342250 0.339236 0.232681 0.156417 0.121925 0.137051 0.183992 0.149239 0.072949 0.121056 0.194601 0.129559 0.122651 0.216614 0.168203 0.154907 0.331601 0.220922 0.408131 0.167151 0.352144 0.188635 0.170074 0.203721 0.208893 0.178910 0.095667 0.174378 0.138508 0.086798 0.101232 0.057179 0.075373 0.132450 0.150945 0.142813 0.090560 0.120163 0.104042 0.058230 0.051079 0.056785 0.063495 0.121370 0.034393 0.101091 0.194468 0.175414 0.113645 0.070269 0.077823 0.077599 0.059808 0.039643 0.032137 0.066814 0.070970 0.095227 0.098644 0.063814 0.054684 0.068658 0.052380 0.110133 0.089343 0.046229 0.055990 0.078882 0.073374 0.071856 0.047260 0.066357 0.097616 0.087746
6.500277 0.951405 237.4361 237.4361 0.000000 8.425419 4.761833 4.491640 3.574337 2.313504 1.117702 1.408582 3.275781 4.167759 4.584223 4.556946 3.852888 3.446199 2.625108 1.979793 1.770982 1.931034 1.880960 1.843200 1.623041 1.067196 0.638644 0.347520 0.289518 0.387581 0.447342 0.662869 1.036855 1.235021 1.560884 1.670539 1.474457 1.451078 1.562219 2.220892 3.344380 4.612846 5.762025 6.734823 8.414138 11.565120 15.963944 20.823414 26.656889 33.996535 42.095303 47.955991 48.671037 43.836683 34.423169 22.977437 12.770067 7.175641 6.412003 6.602960 5.774324 4.471307 3.539386 3.284397 3.462155 3.424400 3.075120 2.530134 2.107186 1.840167 1.591206 1.409117 0.885759 0.704586 0.632039 0.770149 0.842788 0.788111 1.050535 1.507335 2.021237 2.126222 2.185420 2.122766 1.952761 2.055510 2.384806 3.192187 4.314490 5.184385 5.861921 5.836123 5.289632 5.565945 6.900357 8.826189 10.293525 10.995261 11.159765 10.664366 9.802903 8.417542 6.792552 5.447139
6.542396 1.200356 229.9149 229.9149 0.000000 8.153352 11.298068 8.957320 9.443531 13.097224 16.306352 20.593506 24.674746 24.386411 19.525228 13.257549 8.667263 6.844094 5.689129 2.002833 4.497103 8.317130 6.700529 3.222223 3.909440 4.851038 5.427851 6.156606 5.659841 3.906661 1.362335 3.507442 5.398129 3.849989 3.798853 5.687739 5.207335 5.014899 8.451450 11.792523 12.916169 12.802864 9.274724 20.796043 39.918688 46.157937 54.043959 65.818313 99.914949 187.527863 225.584454 168.840327 74.485889 17.535717 7.660762 9.603069 17.501884 21.062194 12.387155 6.922046 8.967902 6.337652 8.999405 11.228940 5.780579 2.756084 5.781895 4.434080 4.299679 5.176323 4.210936 1.972831 2.866208 4.409125 4.626013 8.176058 10.316704 6.377153 4.311671 10.265129 9.509609 5.997935 10.723264 12.643672 10.064777 13.301403 21.840306 31.172854 41.136414 47.651671 45.678573 35.294431 24.771096 23.183625 31.256277 34.077342 25.072409 11.842546 6.472109 9.958896 12.221731 10.503004 4.831039 3.987369
6.604253 1.215821 220.1636 220.1636 0.000000 5.179676 8.845105 6.487200 9.475452 17.974123 22.402206 31.604777 33.672104 21.800619 15.809464 7.453501 4.080324 4.509502 6.738398 9.348718 12.760897 11.881649 6.451024 7.469126 10.412912 13.033590 14.823350 11.957934 6.893662 4.241539 7.405910 9.350859 5.654204 6.473011 7.068861 2.650988 3.875924 9.907954 10.473838 7.002196 14.610967 18.162693 35.834947 30.008816 17.735766 44.909978 25.908618 209.708653 331.160478 226.875086 72.399599 6.805903 3.437705 6.295946 21.498946 31.934307 25.162332 17.964644 10.251712 5.468415 13.136828 16.745968 14.138745 10.942583 3.421197 2.550445 6.973725 10.458612 9.124835 9.395852 11.779021 13.006272 16.491833 17.681723 11.625099 11.502633 20.797461 21.753997 18.630590 19.518795 15.853002 11.328946 19.593509 18.923609 42.504362 64.583330 60.381661 35.899811 16.767197 8.436246 22.720146 38.445355 25.535298 8.726694 4.675004 7.252679 9.866383 13.431756 8.865994 3.555825 10.353507 15.443650 14.469036 11.517685
6.662862 1.203925 221.6425 221.6425 0.000000 1.011622 4.434190 5.220425 8.423843 7.647383 6.577123 12.969564 15.371158 6.163197 6.416023 6.439326 3.004126 2.985792 4.957863 7.212550 6.989123 6.379205 7.101932 6.427267 5.868579 6.919714 11.476335 8.809012 4.335976 3.560534 4.951184 6.457190 7.911623 6.474889 2.812645 3.856344 3.075096 3.655596 7.666187 10.401775 18.342202 6.540323 33.072391 39.004446 32.403598 43.267200 70.501726 130.153310 174.198321 145.525909 70.616044 17.254072 5.749980 7.223910 11.109903 16.148483 19.039414 16.652027 8.391301 4.659647 6.646999 10.059949 13.278813 11.541177 6.710073 2.261491 2.738578 7.195269 9.058835 8.947990 9.837497 8.186298 7.979886 10.346058 9.324121 9.725175 13.408777 17.267440 14.533214 6.346467 11.357414 14.639298 12.409229 7.256494 12.201420 25.426298 28.759530 19.134129 8.845890 1.924992 7.745200 13.680421 14.150438 6.747161 3.250182 4.294639 3.197183 6.978825 9.670857 6.061439 4.238843 6.332148 4.355071 4.644365
6.717385 0.769975 225.2332 225.2332 0.000000 3.233623 1.543781 0.748886 1.740799 2.795659 2.912052 2.338607 2.127218 3.464350 4.428807 4.004798 2.574355 1.759614 1.272294 1.148340 1.134682 0.842720 1.009249 1.362367 0.422366 1.074874 2.152646 3.508868 3.447083 1.948282 0.485551 1.011542 0.955889 1.618507 2.550761 2.785041 2.635906 1.972506 1.778295 4.080072 5.397279 4.772240 13.077456 21.283258 27.342332 30.308033 29.785681 28.809103 30.814778 31.909653 31.067376 27.762317 20.910956 12.784964 6.280165 5.068857 2.789666 1.418808 1.485519 2.088092 3.293670 3.316538 1.786678 0.504724 1.028587 2.451169 2.900673 2.636786 2.106794 1.576923 2.108538 2.515242 1.600205 1.114766 2.090308 2.075518 1.744090 1.506878 0.830139 0.722298 1.537844 2.756542 3.496963 3.312238 3.353493 3.641447 3.553322 3.071760 2.534334 2.640024 3.426583 3.400431 1.457694 1.126816 2.028784 2.042081 2.320117 2.813879 2.386504 1.663388 1.229370 1.699041 2.654585 3.057950
6.762888 0.202490 207.2231 207.2231 0.000000 0.619164 0.470317 0.299101 0.202475 0.468267 0.168573 0.280414 0.550710 0.371917 0.643357 0.610848 0.695951 0.404875 0.188445 0.338263 0.134787 0.172306 0.250116 0.478834 0.446750 0.432261 0.438653 0.595839 0.540941 0.437078 0.591164 0.786673 0.730539 0.705495 0.584537 0.286753 0.426318 0.960447 1.132122 1.124580 1.315975 2.056831 3.194173 4.962585 7.573911 9.112356 7.793307 5.238227 4.161968 3.020069 1.215608 0.875244 0.681759 0.219310 0.243818 0.484707 0.760213 0.764232 0.438759 0.201486 0.167508 0.174241 0.280663 0.427473 0.502054 0.455108 0.295475 0.198076 0.216829 0.236482 0.141599 0.084850 0.118361 0.177552 0.245503 0.253086 0.244663 0.286689 0.352126 0.420208 0.308578 0.207608 0.112821 0.254228 0.182635 0.234058 0.268823 0.099333 0.156496 0.291850 0.196604 0.041732 0.075270 0.044427 0.093200 0.235375 0.255989 0.276013 0.124591 0.146185 0.119018 0.161435 0.203967 0.081071
6.812374 0.037983 213.7952 213.7952 0.000000 0.193818 0.233643 0.185705 0.164324 0.143581 0.241855 0.280343 0.330421 0.456183 0.468446 0.297087 0.147587 0.164959 0.091544 0.107328 0.233662 0.217131 0.186802 0.306917 0.270656 0.147498 0.063160 0.092926 0.188713 0.227475 0.211596 0.163300 0.080346 0.204878 0.077446 0.284124 0.064369 0.176047 0.157004 0.287845 0.220816 0.408014 0.245953 0.308388 0.514063 0.565086 0.650002 0.692941 0.643768 0.650392 0.486210 0.388748 0.167196 0.259279 0.345938 0.319956 0.258209 0.190329 0.158163 0.103080 0.088769 0.083262 0.037095 0.051702 0.077842 0.068529 0.049763 0.043507 0.075760 0.021844 0.079258 0.085090 0.088435 0.057331 0.045260 0.061447 0.053750 0.027634 0.036123 0.055697 0.032229 0.044188 0.086236 0.040058 0.088195 0.137948 0.180208 0.117883 0.139583 0.176618 0.110308 0.060610 0.048719 0.038292 0.060951 0.078455 0.052884 0.066532 0.065782 0.061278 0.031202 0.070590 0.059394 0.064251
6.860193 0.005320 52.7281 52.7281 0.000000 0.185125 0.227866 0.171152 0.043593 0.095021 0.208828 0.282809 0.332107 0.262841 0.290469 0.275040 0.149960 0.176329 0.158231 0.127175 0.153665 0.036614 0.057428 0.217855 0.246056 0.271749 0.196671 0.103156 0.226645 0.270388 0.170771 0.166074 0.146426 0.174390 0.290121 0.272259 0.144302 0.143819 0.190852 0.170795 0.161740 0.169324 0.214249 0.075339 0.272182 0.279147 0.151317 0.105343 0.106054 0.075408 0.092395 0.165811 0.170162 0.097380 0.105343 0.141176 0.119083 0.101879 0.078001 0.075871 0.066414 0.072355 0.068257 0.076720 0.085000 0.044908 0.067779 0.042608 0.068671 0.084391 0.073259 0.038181 0.050717 0.080811 0.092812 0.115369 0.146060 0.147162 0.102275 0.032587 0.029640 0.052113 0.076953 0.136989 0.113139 0.076596 0.126201 0.157076 0.107249 0.062144 0.060926 0.035563 0.026931 0.059168 0.078898 0.061882 0.059980 0.087668 0.096018 0.105236 0.124120 0.095190 0.094560 0.048771
6.902475 0.004774 150.6349 150.6349 0.000000 0.043869 0.111434 0.117508 0.056860 0.164904 0.239894 0.226319 0.263330 0.180698 0.264256 0.367749 0.243443 0.166096 0.254427 0.294063 0.236262 0.199304 0.195281 0.142916 0.147232 0.298877 0.244418 0.155514 0.170089 0.136828 0.098018 0.194604 0.246878 0.344984 0.396526 0.237374 0.168882 0.128090 0.062848 0.050044 0.055856 0.055739 0.161383 0.285403 0.232192 0.105919 0.073145 0.117236 0.138780 0.129969 0.122548 0.097631 0.100944 0.083794 0.096769 0.068447 0.065649 0.073882 0.012865 0.065756 0.062884 0.159478 0.092333 0.130448 0.151794 0.107527 0.073361 0.073353 0.031608 0.040060 0.061378 0.092347 0.118911 0.082614 0.108114 0.187466 0.206355 0.181451 0.137790 0.115123 0.110833 0.142644 0.136882 0.043968 0.054771 0.133025 0.157975 0.071577 0.037840 0.092977 0.096372 0.093245 0.098458 0.066579 0.037967 0.029497 0.053246 0.100693 0.104773 0.103721 0.123233 0.126079 0.103643 0.070015
6.952039 0.004682 36.5177 36.5177 0.000000 0.125828 0.207480 0.188751 0.126913 0.064640 0.245086 0.412519 0.381894 0.211225 0.233511 0.326493 0.249484 0.191399 0.242808 0.207776 0.152164 0.213593 0.193536 0.131920 0.268471 0.162084 0.172971 0.155325 0.061937 0.027801 0.127526 0.056190 0.298940 0.310502 0.234680 0.130279 0.159726 0.102458 0.077327 0.100098 0.094771 0.061763 0.094979 0.216534 0.228759 0.113880 0.113586 0.149905 0.108279 0.043866 0.105997 0.103308 0.114682 0.098698 0.143769 0.123523 0.063226 0.081102 0.082546 0.072470 0.123657 0.203934 0.208029 0.152107 0.122845 0.093581 0.068062 0.053629 0.039421 0.038744 0.040882 0.054768 0.094057 0.093429 0.127008 0.144164 0.029048 0.139632 0.130804 0.158852 0.098834 0.135978 0.151365 0.089404 0.063023 0.043294 0.077212 0.089842 0.056596 0.089004 0.127904 0.079309 0.048647 0.054537 0.031384 0.025838 0.043384 0.044071 0.036900 0.044952 0.055129 0.063007 0.060633 0.091764
7.002861 0.005024 94.5864 94.5864 0.000000 0.156458 0.172846 0.192488 0.191072 0.116464 0.174879 0.266847 0.268384 0.203790 0.132770 0.152250 0.190892 0.171738 0.173448 0.143334 0.081086 0.161263 0.357772 0.405104 0.354468 0.221932 0.161242 0.095486 0.149866 0.123012 0.183727 0.260198 0.286632 0.162411 0.076936 0.122407 0.171933 0.157867 0.113867 0.077303 0.095873 0.140912 0.134966 0.217525 0.241704 0.101277 0.063156 0.118659 0.034185 0.088356 0.089592 0.099786 0.124201 0.146967 0.083123 0.086259 0.090864 0.068888 0.089510 0.083717 0.060770 0.116223 0.144666 0.114771 0.056091 0.100764 0.089131 0.099235 0.079304 0.077464 0.096791 0.135792 0.127885 0.079090 0.090826 0.164557 0.181188 0.110892 0.055666 0.072752 0.081456 0.066634 0.071267 0.062047 0.062061 0.034271 0.042089 0.054926 0.039657 0.101109 0.122836 0.102814 0.045709 0.039603 0.030018 0.021019 0.052246 0.061183 0.039093 0.037727 0.039126 0.030174 0.032937 0.031463
7.050371 0.335779 5.0329 5.0329 0.000000 2.944898 0.204535 0.245376 0.304732 0.130656 0.223489 0.126870 0.168619 0.102970 0.228193 0.238610 0.143875 0.066676 0.099040 0.125553 0.265559 0.371030 0.250517 0.276546 0.144837 0.242049 0.293516 0.364080 0.247118 0.214508 0.258343 0.337992 0.170693 0.118197 0.320957 0.283312 0.179888 0.071370 0.227257 0.153933 0.247408 0.288392 0.330560 0.409863 0.414851 0.376095 0.546320 0.561291 0.451817 0.500346 0.570802 0.538611 0.453717 0.455017 0.382526 0.367548 0.248263 0.373665 0.287336 0.172737 0.142006 0.220884 0.197433 0.234152 0.177267 0.164050 0.131004 0.084507 0.221091 0.107981 0.042344 0.047098 0.148126 0.168618 0.104165 0.069004 0.067783 0.054878 0.049625 0.071505 0.059746 0.045275 0.057026 0.088183 0.124743 0.065926 0.029626 0.076277 0.047726 0.036930 0.042955 0.055889 0.075553 0.100163 0.089030 0.044673 0.063121 0.075247 0.076953 0.122557 0.108049 0.058521 0.075257 0.106500
7.092274 1.004130 243.9577 243.9577 0.000000 5.525915 4.000501 3.365143 2.906975 3.700671 4.778205 4.567672 4.156144 3.730218 3.303571 3.230515 2.640728 2.364004 1.911172 1.252754 1.042120 1.252345 1.898204 2.276483 2.105816 2.011932 2.646615 2.838427 3.707248 3.414787 2.226653 1.339882 1.750939 2.958452 3.813172 3.782665 2.558067 1.270113 0.486172 1.338239 1.226545 0.690896 1.290317 2.871056 5.176435 8.978885 14.100604 19.482508 25.003374 33.177318 44.781261 56.242564 62.759786 61.301283 51.842734 37.588960 23.267634 13.143191 9.096090 7.927216 6.623349 5.681727 5.563330 5.706850 5.892792 5.835959 5.354076 4.153798 2.800489 2.471550 2.956021 3.754348 4.284475 4.491825 4.660266 4.698625 4.575235 4.075795 3.355409 2.788065 2.999796 3.810734 4.292596 4.301925 3.894647 2.919236 1.782958 1.598217 2.669629 4.135964 5.667536 7.365522 9.165848 10.747428 11.358201 10.607695 8.892276 7.379887 7.139558 7.747795 8.344359 8.235590 7.042401 5.176900
7.150206 1.221624 226.8476 226.8476 0.000000 5.600747 8.287978 7.181154 5.416929 13.495268 19.710731 21.106680 19.171266 14.497529 7.452938 3.526230 8.353801 10.092447 8.349887 6.561944 5.631027 5.691749 6.581827 7.676018 9.603903 12.162211 14.304022 14.207208 11.231460 8.529825 8.829351 9.729221 9.034547 8.502249 8.681576 8.617923 8.904194 8.198468 6.011149 5.021604 4.716496 2.793961 14.006585 30.657682 34.778292 41.326298 61.523388 78.047291 154.417874 238.805963 218.734128 119.512417 38.690695 9.781763 20.687802 15.018571 5.573168 9.668442 8.736717 8.766203 11.368791 15.104384 18.039162 18.375970 17.079415 15.858132 15.036940 14.840787 15.724891 16.965519 18.033366 19.090682 19.549346 18.758121 17.305926 16.263916 15.332756 13.613236 10.662795 7.531216 5.326438 4.221260 7.992135 15.552564 16.149041 9.028603 21.382318 39.249077 43.819131 30.980007 6.870795 17.873056 17.435470 13.047965 25.327164 25.448617 16.580822 9.322115 5.951764 8.947648 13.695398 15.510620 15.058206 13.965542
7.203185 1.230954 219.7805 219.7805 0.000000 3.405815 7.968277 11.975026 14.839947 18.325138 19.675302 20.901505 20.563385 13.739845 7.186256 7.480147 12.502320 11.354024 7.701277 5.614181 3.323526 3.902295 6.262045 6.393848 10.997351 12.733669 13.409163 13.224299 6.329639 10.204319 9.937375 4.320709 4.975155 7.129327 11.544019 12.944755 10.314891 5.087532 7.173954 2.473820 4.828743 17.497376 31.316148 20.718085 24.528946 56.599853 52.342189 246.977363 324.233650 193.848966 56.297693 20.011102 22.087495 22.586638 12.132232 9.979741 4.109420 3.600281 4.297519 9.479079 13.799944 20.075565 19.337436 15.792009 14.338241 9.618354 13.055727 13.716300 14.764340 16.629395 19.316674 20.429503 17.336250 14.653950 11.688004 9.904887 6.246754 3.777908 4.439122 6.093127 13.508800 24.969166 22.557235 21.934256 35.110669 42.423571 42.066039 34.283799 35.025733 34.560175 22.554339 35.386497 29.076534 13.133124 8.619392 8.740609 14.929230 20.630422 15.645982 13.070493 13.589829 9.776354 11.201105 7.009673
7.265803 1.189442 221.2561 221.2561 0.000000 7.971788 6.631144 5.466883 8.769758 6.575776 4.083214 3.443550 6.750552 5.227110 3.397220 6.025385 6.196960 5.216050 2.294222 1.838488 0.581162 1.221932 2.187404 1.593190 3.924498 3.738396 3.241009 6.544025 5.332752 5.514036 6.349266 3.533381 2.720154 2.989070 3.568157 5.478036 4.901058 3.790478 4.298498 10.072853 15.283620 11.770983 20.909202 35.826775 25.065674 33.728283 84.100494 147.128298 165.120818 116.145787 48.728578 11.768770 15.715326 14.052809 11.467657 6.748601 4.750949 3.575245 2.857804 3.182413 2.094355 6.373898 7.549629 3.620865 3.280382 3.282879 4.184249 3.482726 2.864715 2.458109 2.993988 4.784786 4.496126 2.907202 2.115601 2.280759 2.584184 0.931171 2.027611 2.690496 2.820688 9.629454 14.283793 15.883157 12.870178 9.478879 10.243177 16.560410 19.642197 25.170425 26.739084 24.421341 19.679974 10.295839 3.585193 1.508948 4.678639 9.788378 9.979721 5.517617 4.997619 4.124510 3.935998 5.833603
7.314634 0.729931 230.5647 230.5647 0.000000 5.193890 2.453209 1.322927 1.588354 2.339576 2.038537 1.389457 1.702408 2.052481 2.143873 1.725967 0.958584 1.339119 1.734174 1.465407 1.098390 0.791968 0.794970 0.916464 0.763735 0.943462 1.302413 1.472752 3.026574 2.556082 1.318349 2.116898 2.589217 2.675236 2.182073 1.729027 2.220875 2.818220 3.454210 3.894881 3.558183 8.889062 15.954540 17.658459 18.934303 21.171868 22.010259 22.759375 25.480211 28.590937 29.738764 23.524257 14.822543 9.735685 8.180868 4.507750 1.130556 2.506430 1.578112 1.029831 1.424128 1.258930 0.773762 1.217622 2.092570 2.073237 1.967717 1.560506 0.791997 1.021226 1.873924 2.258957 1.882048 1.463077 1.034785 0.659927 1.130704 1.191094 1.180086 1.157306 1.264804 1.357173 1.310394 1.511918 2.079732 2.170897 1.434513 1.398398 1.904100 1.434916 0.860496 1.373845 1.317745 1.336071 3.516592 4.357771 3.376273 2.483898 3.331404 3.559122 2.658619 1.457329 1.091643 1.532606
7.363629 0.161089 214.2003 214.2003 0.000000 0.726123 0.195834 0.227885 0.288139 0.255673 0.384493 0.296220 0.382703 0.513374 0.340132 0.373849 0.464597 0.439696 0.390271 0.614652 0.218076 0.145468 0.255085 0.082775 0.227238 0.266127 0.349587 0.407335 0.443132 0.550293 0.590633 0.579478 0.606803 0.291283 0.453497 0.158638 0.453328 0.401485 0.271627 0.620866 1.098481 1.532350 1.930490 2.445197 3.402880 4.973839 6.511587 6.749165 5.351115 3.107924 2.779762 2.746477 1.772331 0.537731 0.473835 0.812873 0.759493 0.548092 0.400143 0.491496 0.835629 0.999848 0.668636 0.228717 0.195138 0.306337 0.403317 0.137010 0.160471 0.300652 0.418426 0.381207 0.175357 0.109189 0.213958 0.237571 0.214808 0.283161 0.251195 0.280901 0.203504 0.141479 0.325307 0.419813 0.285531 0.164571 0.125110 0.136180 0.163088 0.146310 0.099403 0.081909 0.117332 0.221699 0.336702 0.239964 0.186093 0.209104 0.217962 0.176381 0.195774 0.173384 0.326541 0.397359
7.410818 0.029835 206.6692 206.6692 0.000000 0.222729 0.216474 0.194633 0.091811 0.104870 0.184817 0.246942 0.288806 0.317897 0.248623 0.132263 0.097774 0.123477 0.231729 0.283341 0.193697 0.078755 0.154861 0.218615 0.293236 0.344472 0.138488 0.056680 0.176736 0.243311 0.195459 0.199022 0.238541 0.202968 0.186293 0.238331 0.189008 0.126027 0.122201 0.117854 0.229315 0.066695 0.237811 0.292186 0.308502 0.510909 0.404092 0.414055 0.368203 0.356485 0.259227 0.111173 0.147129 0.219461 0.316046 0.443598 0.325157 0.164161 0.163045 0.005526 0.161443 0.220456 0.180017 0.102316 0.087213 0.095642 0.102010 0.086546 0.067084 0.099602 0.159733 0.168647 0.148974 0.153431 0.148354 0.118496 0.062589 0.052583 0.012043 0.037381 0.108000 0.080279 0.071017 0.079879 0.072030 0.063773 0.073970 0.114085 0.134622 0.088988 0.041543 0.047548 0.089522 0.098021 0.044219 0.100483 0.103899 0.090069 0.049784 0.056290 0.063178 0.057531 0.043509 0.044038
7.452050 0.005096 68.4427 68.4427 0.000000 0.055144 0.107440 0.135356 0.198537 0.179146 0.086358 0.043880 0.030420 0.109307 0.168784 0.143503 0.206900 0.330632 0.236146 0.059898 0.137753 0.056200 0.113000 0.100552 0.101920 0.320378 0.215048 0.149676 0.050283 0.120831 0.097397 0.072103 0.110181 0.100587 0.100451 0.180729 0.228960 0.188122 0.182567 0.235094 0.182926 0.073558 0.193964 0.237419 0.257224 0.227417 0.197432 0.216949 0.188144 0.153640 0.083241 0.052679 0.054721 0.119829 0.139134 0.126159 0.102064 0.082108 0.124145 0.161070 0.137127 0.145053 0.090017 0.029437 0.093521 0.123592 0.137872 0.055664 0.080748 0.110885 0.082971 0.090225 0.111108 0.050213 0.058378 0.071427 0.063323 0.060221 0.048163 0.060833 0.094094 0.086943 0.034476 0.039033 0.065749 0.059160 0.063266 0.073698 0.063005 0.100357 0.057400 0.063725 0.049407 0.073735 0.081758 0.101636 0.112654 0.069284 0.036228 0.052003 0.062421 0.054982 0.036720 0.041579
7.502842 0.004380 67.5360 67.5360 0.000000 0.186512 0.238861 0.212590 0.253596 0.180649 0.048592 0.022418 0.040816 0.140153 0.227729 0.254364 0.301067 0.375657 0.353281 0.234923 0.166089 0.154504 0.139553 0.150639 0.167528 0.239541 0.328751 0.249756 0.162992 0.089120 0.034392 0.055642 0.028220 0.077622 0.024778 0.215264 0.354191 0.232429 0.122717 0.194002 0.249342 0.198508 0.127357 0.154205 0.087202 0.048866 0.122231 0.187323 0.150046 0.095610 0.124963 0.082892 0.114411 0.176492 0.135308 0.096157 0.065918 0.040265 0.119209 0.233811 0.214580 0.072005 0.108448 0.108280 0.072432 0.097173 0.086784 0.095031 0.069643 0.068852 0.131791 0.147901 0.095619 0.102051 0.111794 0.073503 0.074029 0.083415 0.051167 0.053495 0.085229 0.035300 0.011097 0.024992 0.057555 0.046289 0.055219 0.085585 0.104405 0.112720 0.061951 0.035365 0.062752 0.040725 0.057002 0.066674 0.041654 0.031506 0.044592 0.076371 0.093807 0.084499 0.059737 0.056910
7.552311 0.004590 155.7513 155.7513 0.000000 0.186001 0.269985 0.094382 0.244837 0.216982 0.066121 0.047050 0.106394 0.158283 0.197187 0.238297 0.087784 0.237222 0.268110 0.126217 0.164509 0.283494 0.273596 0.096905 0.105612 0.206946 0.200099 0.126750 0.161046 0.098221 0.042175 0.099580 0.124489 0.048626 0.286625 0.370248 0.127352 0.085365 0.080016 0.186162 0.195368 0.127615 0.105575 0.086711 0.120335 0.207450 0.251184 0.236510 0.140624 0.063871 0.100221 0.149764 0.112141 0.053162 0.045712 0.020865 0.064654 0.160658 0.119151 0.157707 0.202959 0.116086 0.021455 0.062478 0.029593 0.100528 0.120528 0.053172 0.117123 0.182669 0.188494 0.185884 0.124929 0.102036 0.100180 0.028292 0.066503 0.110529 0.087443 0.049635 0.047213 0.085946 0.130765 0.151066 0.125455 0.041763 0.075656 0.071888 0.037798 0.064214 0.076960 0.026891 0.025809 0.018408 0.017852 0.007897 0.048594 0.076536 0.046437 0.056313 0.046124 0.025850 0.036254 0.015103
7.602799 0.004675 152.5208 152.5208 0.000000 0.137671 0.165075 0.224974 0.133719 0.276066 0.229721 0.165330 0.246030 0.229465 0.203690 0.142775 0.204419 0.165003 0.181452 0.241132 0.137081 0.187309 0.302586 0.198591 0.162945 0.109630 0.111992 0.107740 0.125163 0.155548 0.154849 0.167877 0.201204 0.254849 0.325936 0.308536 0.227505 0.185999 0.158286 0.122412 0.107556 0.089680 0.052952 0.028236 0.044645 0.110173 0.116950 0.124596 0.202573 0.103069 0.056806 0.087966 0.086819 0.029038 0.050892 0.045948 0.039876 0.059484 0.105001 0.102149 0.161911 0.210893 0.140641 0.102808 0.128363 0.118975 0.091770 0.055316 0.133692 0.179278 0.074612 0.105015 0.146272 0.041178 0.124635 0.149299 0.098117 0.017215 0.107875 0.113725 0.055504 0.060212 0.119843 0.187103 0.204768 0.131363 0.046330 0.053723 0.064808 0.032543 0.038008 0.067249 0.076453 0.051577 0.025478 0.011700 0.016353 0.032126 0.045988 0.051056 0.053150 0.030949 0.039497 0.063241
7.650559 0.543020 231.6649 231.6649 0.000000 1.359192 0.078150 0.261375 0.241948 0.257580 0.308685 0.236125 0.128396 0.424304 0.249635 0.067847 0.169427 0.270831 0.220649 0.146884 0.122719 0.409112 0.175440 0.305957 0.182637 0.335742 0.169391 0.158080 0.110960 0.113860 0.348119 0.265649 0.313570 0.509042 0.281712 0.453325 0.706757 0.636260 0.477611 0.561625 0.630480 0.756663 1.070070 1.363893 1.783539 2.224661 2.722026 2.820461 3.231661 3.378542 3.508470 3.289517 3.262664 3.050725 2.768470 2.375533 2.069186 1.764952 1.540402 1.209307 0.851719 0.686061 0.543540 0.415101 0.232429 0.087201 0.086706 0.175228 0.156180 0.158253 0.086625 0.038226 0.145850 0.156737 0.165972 0.152979 0.138947 0.229913 0.171961 0.137819 0.177010 0.233308 0.198831 0.238602 0.185984 0.157835 0.179468 0.174130 0.129474 0.065623 0.046424 0.107861 0.203739 0.271496 0.358102 0.439697 0.500285 0.562912 0.584081 0.617343 0.610439 0.606935 0.575806 0.513018
7.699016 1.070593 234.6872 234.6872 0.000000 3.803774 1.435010 1.401980 1.621731 2.611947 4.239417 6.881916 9.069258 9.983763 9.422192 8.289136 7.185759 6.227031 5.129866 4.064871 3.556318 3.480946 3.607479 3.552187 3.286863 2.202429 1.386765 0.913748 1.371070 2.094348 2.585767 3.410068 4.997612 6.254108 6.338402 4.857853 3.054509 3.000848 3.278873 3.639455 7.228245 13.077441 18.085490 20.411634 20.736414 23.830227 30.373020 34.596298 41.962202 62.599154 85.178229 93.948224 83.885201 61.027114 36.306510 18.688268 10.787436 8.205500 6.592171 5.301870 5.163538 5.693735 5.466590 4.440348 2.948776 1.870586 2.273841 3.147401 3.785012 3.856175 3.048682 2.061504 1.310614 0.995285 1.759769 3.310020 4.656967 5.320969 4.902859 3.664139 2.552471 1.909389 1.704998 2.811830 4.947024 6.932399 8.586063 10.507227 13.534453 17.399436 20.437520 20.537432 16.996486 11.740001 7.024201 3.120859 2.416753 7.425206 10.306122 10.163602 7.830720 5.576580 5.097996 5.554259
7.750348 1.203682 230.2620 230.2620 0.000000 4.458522 7.532345 7.436278 4.566945 4.083867 11.967848 21.008346 28.286465 27.561860 18.839617 14.098969 14.411252 12.326220 8.246197 5.161695 3.333581 4.362803 8.533202 8.741566 5.640850 4.750533 6.005121 5.396987 3.281614 3.156532 3.082149 4.434536 11.641311 15.623976 9.885989 1.215710 2.418459 5.965912 13.061721 17.488606 22.941716 29.311171 30.541077 23.975551 20.126178 38.083362 50.171673 42.007249 53.188166 189.602570 287.374460 230.016667 109.085654 50.989883 28.310763 10.041672 15.478306 17.760778 13.664098 12.736186 15.471389 15.268491 10.044156 2.257940 2.784087 0.996075 7.655628 11.520040 9.488714 5.994027 5.176347 4.550822 3.718360 6.204181 9.428411 9.217118 10.603099 13.413526 11.796084 6.589416 1.785414 1.068890 6.158998 13.161900 20.006456 21.150287 19.706974 32.724731 54.951645 63.477629 47.540827 16.862942 12.002182 13.902727 13.878547 24.262061 33.079971 25.310499 11.934589 5.620481 4.655094 9.326176 10.732811 5.850853
7.810504 1.208591 222.0923 222.0923 0.000000 3.031374 8.961199 11.409517 9.368535 9.197586 12.117380 18.253370 27.038236 22.995047 5.409274 8.489604 8.694206 5.869111 2.809656 1.627893 2.882879 6.688188 7.664718 6.334841 3.654771 9.563451 8.876083 3.860606 2.018757 2.315570 4.178558 9.849007 13.503624 10.430857 4.826150 5.836562 11.656351 16.356934 12.964447 12.092733 19.232022 6.372606 17.503134 15.311043 25.770649 27.563133 28.039288 134.203634 275.739372 255.013869 97.979745 23.490072 28.154090 15.172525 14.929862 15.245242 8.616559 6.993748 12.872225 12.498290 8.706986 7.203870 7.324835 7.958668 10.485112 10.429955 6.398346 3.854677 5.237430 5.430652 6.298556 8.214249 7.859186 3.624829 9.977124 13.814776 10.464025 3.773413 2.291857 5.105884 6.545726 14.477417 18.720722 11.590299 22.603055 46.760347 58.527214 47.246186 23.343531 17.685265 13.879787 11.559802 32.986067 34.899010 14.289410 3.807783 3.179487 3.627337 7.256758 8.809857 6.153933 10.065225 11.932892 7.857703
7.862797 1.084718 229.9624 229.9624 0.000000 1.154135 5.664110 5.959378 5.299788 3.890343 1.563506 2.598317 6.621948 8.947902 7.519567 4.996089 2.685289 1.050311 1.744986 1.331840 0.862923 3.033170 2.992235 1.385298 4.253092 6.193019 6.935489 4.973616 2.570757 1.716696 1.472127 3.117749 2.883548 3.768247 5.190864 4.053021 3.644298 8.734382 6.950741 5.320282 4.346530 8.717645 19.592977 25.410188 23.311029 24.189281 34.261859 35.978698 71.916043 118.433996 126.328056 90.941713 44.514204 15.398867 5.751324 4.439865 5.755788 3.791968 3.559604 4.381856 4.217093 3.206515 1.170681 5.563634 7.518751 7.736928 5.162402 1.783424 4.526928 4.084594 2.527908 1.670886 2.202131 1.857270 3.454737 3.854875 3.935820 4.551493 4.782605 5.489666 3.853592 2.736423 1.777825 2.246686 5.589663 8.682750 8.867006 9.191192 12.245954 15.219412 16.534055 13.987013 11.749283 8.284885 9.862047 17.506533 18.988040 12.366589 5.400739 2.225709 0.870096 1.408394 3.281346 3.109473
7.912360 0.577373 224.0076 224.0076 0.000000 2.507511 1.979209 1.311024 0.615340 1.148590 0.912953 0.956130 1.346315 1.582339 0.445852 0.693920 0.521013 0.935645 0.942720 0.535439 0.417380 0.815003 1.319982 1.214157 1.405367 1.398109 1.218252 1.143396 2.012875 1.745744 1.151575 1.433692 1.274697 0.765422 0.518554 0.593494 0.667603 1.482607 2.850041 4.063054 4.360986 5.003751 7.282867 10.689813 15.382258 17.144055 16.149626 16.781266 18.286728 17.979206 16.465396 14.684127 13.893074 12.181517 9.311443 6.556524 3.713505 1.993767 1.942666 1.147600 0.992972 1.190697 0.957300 0.455234 0.302065 0.944236 1.713133 1.716511 1.430600 1.854450 2.156090 1.813419 1.304336 0.965885 0.867513 0.936154 1.010313 1.252494 1.363741 0.988586 0.559895 0.445053 0.561432 0.891835 1.121661 0.891312 0.580649 0.485601 0.538321 0.933482 1.397569 1.439940 0.999239 0.383451 0.454424 0.796954 0.634494 0.990286 1.560060 2.068040 2.886325 3.372238 2.952544 2.211569
7.962863 0.117751 201.2535 201.2535 0.000000 0.392422 0.418312 0.370771 0.311866 0.293601 0.168855 0.301890 0.351374 0.498126 0.347544 0.150351 0.142128 0.225315 0.273555 0.223578 0.159432 0.289963 0.460451 0.363384 0.208475 0.168809 0.076317 0.164356 0.444176 0.469372 0.550301 0.640991 0.381231 0.320739 0.291834 0.018308 0.094085 0.264814 0.515475 0.707677 0.864298 1.441647 2.376802 3.364447 4.195608 4.167077 2.987891 1.346920 0.831746 1.245721 1.225203 0.561068 0.503883 0.576710 0.329911 0.265609 0.358801 0.318420 0.331231 0.385104 0.193637 0.061366 0.103702 0.156850 0.152364 0.239787 0.144052 0.193198 0.263620 0.211939 0.278758 0.242007 0.257955 0.264962 0.130804 0.083792 0.106900 0.118435 0.137470 0.201088 0.276037 0.208542 0.267352 0.255427 0.161320 0.174851 0.109365 0.095341 0.091970 0.069392 0.062732 0.070676 0.095738 0.105426 0.162427 0.138791 0.062838 0.131073 0.068581 0.181452 0.198158 0.149409 0.186237 0.133648
8.010859 0.017713 36.6575 36.6575 0.000000 0.076682 0.252906 0.364102 0.215213 0.144383 0.279596 0.446952 0.401991 0.298857 0.181882 0.120699 0.133203 0.141903 0.132866 0.136781 0.177864 0.197396 0.155640 0.170512 0.263193 0.220469 0.157438 0.274222 0.208480 0.131947 0.302824 0.246979 0.160319 0.241265 0.277266 0.190231 0.085330 0.162721 0.249129 0.215456 0.169246 0.144569 0.116992 0.103782 0.128283 0.142976 0.165745 0.188205 0.169453 0.099064 0.067050 0.160056 0.100758 0.160914 0.230112 0.184957 0.146729 0.105270 0.116806 0.199567 0.233843 0.131473 0.039702 0.061253 0.121599 0.145324 0.102761 0.080114 0.107772 0.109595 0.095663 0.074567 0.027595 0.045924 0.056216 0.015817 0.057647 0.041004 0.032239 0.076295 0.127206 0.108071 0.082167 0.042624 0.030187 0.039942 0.075757 0.114359 0.082710 0.062529 0.063040 0.037707 0.043274 0.051886 0.047556 0.110080 0.043336 0.095372 0.087352 0.052190 0.019297 0.043443 0.030385 0.077399
8.056070 0.005054 36.7367 36.7367 0.000000 0.214130 0.393360 0.377205 0.247833 0.124932 0.350217 0.446981 0.253015 0.116200 0.118570 0.161526 0.250270 0.351557 0.343341 0.229337 0.140821 0.118492 0.206290 0.186711 0.076626 0.223626 0.039784 0.251647 0.302687 0.287253 0.307148 0.289659 0.245365 0.143530 0.149787 0.242542 0.254889 0.202287 0.181303 0.221343 0.250150 0.172843 0.074207 0.038648 0.087663 0.079259 0.076799 0.192982 0.182204 0.113372 0.111851 0.086889 0.037067 0.056658 0.087599 0.086244 0.105686 0.108241 0.071475 0.113417 0.182597 0.165806 0.110483 0.061129 0.062705 0.077054 0.084592 0.031858 0.041150 0.041023 0.090757 0.066848 0.040292 0.055863 0.021324 0.055724 0.063839 0.048683 0.074774 0.118960 0.112182 0.063095 0.037929 0.047969 0.053365 0.057200 0.096644 0.141288 0.104493 0.069103 0.081048 0.055869 0.061206 0.052097 0.057086 0.120711 0.154229 0.143803 0.068138 0.034305 0.028542 0.042983 0.076974 0.126613
8.102812 0.005025 10.3943 10.3943 0.000000 0.335456 0.508601 0.218973 0.188829 0.267757 0.349124 0.176511 0.235523 0.209897 0.180140 0.112870 0.198662 0.361570 0.374803 0.284242 0.187021 0.124951 0.177558 0.293339 0.247296 0.158783 0.176111 0.205336 0.192843 0.147433 0.106249 0.102581 0.100827 0.082742 0.122253 0.294553 0.240388 0.058168 0.030248 0.118110 0.171625 0.097192 0.074035 0.124911 0.145666 0.125145 0.124493 0.104415 0.074250 0.103137 0.129715 0.149250 0.134302 0.100093 0.094364 0.091106 0.182384 0.134481 0.112352 0.091539 0.025823 0.089430 0.107307 0.132235 0.133979 0.137550 0.109093 0.074599 0.046793 0.031510 0.056656 0.074429 0.074873 0.068458 0.070401 0.070211 0.046230 0.046998 0.085696 0.082598 0.033197 0.046128 0.037923 0.024780 0.047445 0.024672 0.135325 0.129361 0.051388 0.041905 0.040975 0.063553 0.054655 0.063798 0.077542 0.092440 0.134507 0.113164 0.055687 0.026659 0.031924 0.043323 0.087109 0.127323
8.152345 0.004836 46.2056 46.2056 0.000000 0.283111 0.382479 0.334178 0.220907 0.076517 0.237359 0.249156 0.281333 0.373053 0.365142 0.266433 0.118410 0.134549 0.182273 0.146182 0.199924 0.195173 0.156384 0.258582 0.267074 0.205986 0.171764 0.153578 0.187141 0.169540 0.144581 0.092073 0.088258 0.121713 0.183463 0.193844 0.132845 0.085522 0.073200 0.058292 0.149395 0.053465 0.141624 0.172171 0.124744 0.064924 0.136584 0.080776 0.036998 0.069725 0.052252 0.180185 0.195842 0.158905 0.168050 0.225944 0.135895 0.103859 0.070820 0.064861 0.079029 0.061989 0.125261 0.210778 0.180893 0.116425 0.084970 0.043071 0.026765 0.061560 0.078580 0.061339 0.043311 0.040705 0.051692 0.043934 0.024168 0.050330 0.086103 0.042300 0.068511 0.087442 0.063412 0.050898 0.112587 0.160277 0.050866 0.037020 0.040565 0.041099 0.011881 0.039604 0.040009 0.068611 0.087678 0.084961 0.050255 0.047596 0.018220 0.019427 0.029408 0.056991 0.074974 0.064132
8.202244 0.004925 52.6692 52.6692 0.000000 0.132009 0.109408 0.108130 0.135302 0.166123 0.197166 0.124873 0.143677 0.201045 0.285013 0.250118 0.107130 0.047875 0.049648 0.181664 0.284835 0.308458 0.232764 0.201317 0.204010 0.328700 0.349125 0.290211 0.199978 0.134558 0.201983 0.165986 0.076138 0.070244 0.127083 0.157123 0.129736 0.086219 0.072772 0.098660 0.156690 0.190829 0.207378 0.240009 0.154084 0.120181 0.211211 0.175083 0.048337 0.086358 0.108738 0.101354 0.134725 0.131888 0.099075 0.148345 0.203972 0.177383 0.139157 0.110572 0.099448 0.123987 0.131629 0.107356 0.052130 0.202094 0.151355 0.110938 0.106446 0.058759 0.022113 0.051570 0.055110 0.035400 0.030770 0.051203 0.063578 0.052001 0.028682 0.044335 0.126922 0.139996 0.104958 0.077524 0.100764 0.111727 0.166244 0.191229 0.105724 0.073508 0.103279 0.099777 0.065107 0.032564 0.037412 0.071416 0.075970 0.047600 0.030980 0.035776 0.043908 0.038038 0.028381 0.019227
8.250336 0.781379 239.3559 239.3559 0.000000 2.585300 1.117591 1.514700 1.888390 2.122607 2.357797 1.851626 1.415855 1.264483 0.412954 0.273149 0.451507 0.706827 0.986386 0.944667 0.994734 0.959504 0.627970 0.508716 0.455349 0.218062 0.255242 0.555302 0.366279 0.403888 0.258308 0.258422 0.235854 0.130278 0.336901 0.252305 0.268820 0.470538 0.566103 0.962789 1.282177 2.179144 2.845174 3.890843 5.203796 6.483823 8.256408 10.046103 12.126381 14.448133 16.404551 17.601039 17.954304 17.173818 15.422728 12.857953 9.955402 7.095890 4.594687 2.720523 1.658754 1.536791 1.727011 2.018475 2.029868 1.953812 1.682107 1.459222 1.349215 1.268767 1.272138 1.195636 1.062730 0.944935 1.021352 0.966180 0.783461 0.656998 0.453504 0.176068 0.178057 0.454770 0.660201 0.784787 0.671254 0.664047 0.543076 0.371928 0.627337 1.089771 1.757817 2.459291 3.122853 3.735741 4.229626 4.542731 4.598078 4.453691 4.097334 3.618236 3.092759 2.589028 2.173154 1.836840
8.292174 1.187056 228.5554 228.5554 0.000000 6.518865 4.746937 8.055994 11.736063 16.468210 18.783819 16.856280 12.232516 7.158405 3.810437 2.939498 4.474035 6.278746 6.818284 6.068863 5.504216 6.475507 7.735490 8.028200 7.492379 5.918574 3.472658 3.638721 6.122385 8.144299 8.789823 7.881366 6.149031 3.128607 0.903959 1.700633 1.685152 3.274382 7.293936 9.397501 9.973216 10.322883 13.964127 27.861806 41.280420 46.000361 46.587594 44.059798 74.172739 131.024839 155.610680 131.367103 83.448026 45.437128 24.941028 12.215086 7.091021 9.869272 13.093421 15.426594 16.031158 12.301750 5.207351 2.600862 5.188920 3.087240 4.991247 9.040908 8.148464 5.668881 8.268216 9.926734 7.154183 2.409710 2.761144 5.977724 9.149813 11.927117 12.590770 11.068776 9.475770 9.476169 10.887394 12.796071 14.733297 15.453597 13.530983 12.670387 19.443860 29.003036 33.395019 30.636307 25.480537 20.762392 12.650284 4.770107 9.601607 13.504339 13.127716 11.909414 9.759952 6.447250 5.745743 8.406422
8.352353 1.229500 220.2748 220.2748 0.000000 13.484337 12.001733 7.551283 13.313425 24.309030 28.182464 24.206500 17.916811 10.056280 3.093752 4.072008 7.507042 8.452887 7.750806 5.277453 5.776153 14.057577 15.883933 16.440724 14.095997 6.683829 4.828773 12.177243 18.636679 19.460619 18.555188 16.041408 10.371812 6.512457 6.424864 7.726023 11.560615 12.355828 6.581659 7.061058 7.285042 11.353692 41.304927 46.296957 34.280891 43.056107 31.582240 187.506628 328.231585 252.330304 107.120686 51.884200 33.284592 19.360822 19.575626 16.661792 11.842460 18.534981 24.318983 22.813406 16.169325 13.334194 12.986814 11.788279 17.679878 22.586017 21.778211 22.525032 24.107058 20.653541 13.704178 10.891039 15.096433 20.124567 23.660268 24.526680 19.358478 10.317712 10.437211 17.339553 20.062673 17.706888 21.315430 18.645018 4.182994 22.080795 36.358529 49.446603 35.107553 22.152465 36.964877 34.219487 25.844797 23.460420 16.382464 13.557779 16.470583 16.393340 14.282605 16.261603 15.317344 8.383184 5.844597 11.555510
8.414059 1.231045 222.0528 222.0528 0.000000 13.537137 9.062668 4.553362 6.816852 10.752077 12.704744 9.348204 9.351172 7.233001 3.923718 3.808894 3.088848 3.538049 2.835342 4.155974 7.525776 11.628686 7.340627 9.342445 13.223203 7.192602 3.932451 9.236438 13.718986 11.235636 10.898598 12.752797 10.691496 8.284915 4.450035 6.279720 9.134932 9.597096 6.370555 4.146854 7.449851 12.094145 17.975364 41.021200 19.460287 21.788954 64.636846 159.306969 237.906500 201.934131 87.531173 13.411553 24.531337 9.035873 13.664317 14.332111 5.422344 4.370276 9.393128 11.963446 15.806260 13.794929 8.599333 10.444475 15.419715 16.157506 13.903923 16.744734 18.704062 15.963412 11.765171 11.344309 12.724441 14.068890 12.951214 13.138789 12.622787 9.808162 5.900718 6.065016 9.819142 9.302713 3.647885 12.624893 16.331431 13.124174 8.151003 20.046644 28.362829 22.667694 22.579620 32.752622 31.251796 22.538855 11.422903 3.199248 3.285613 9.405081 10.208590 5.444911 11.993803 7.983843 1.831214 4.806240
8.466789 0.956596 227.8816 227.8816 0.000000 8.791493 3.505037 0.778240 2.007357 1.519762 2.526193 2.501187 1.547459 1.037189 0.735381 1.104361 1.941788 2.080113 2.194568 2.322597 2.938751 4.147407 4.791289 4.719360 5.137078 4.355004 2.720713 2.548967 3.245286 3.086112 3.004187 3.157856 2.747805 1.624152 2.226597 2.776054 2.906236 2.246508 2.694294 4.780025 2.417390 9.413264 17.118418 18.544765 25.305110 32.707492 30.895332 33.099298 51.219229 67.990123 69.252357 54.622719 34.664866 20.327473 12.442766 6.790795 5.190900 6.864573 4.731891 1.041195 0.742115 1.407678 1.910643 4.249938 2.956560 1.242488 2.626695 4.101286 3.348967 2.585937 3.173465 2.457610 2.208486 0.936396 1.415886 1.707114 3.086612 1.634233 0.869301 0.997309 1.630307 3.750500 3.068264 1.651042 2.161201 2.845226 4.020711 5.451279 6.429433 6.524081 6.317203 5.804579 4.805676 7.431488 10.223051 9.061682 6.673101 5.692448 3.601828 1.485939 0.656563 1.749614 3.158794 3.699142
8.512258 0.338497 206.6855 206.6855 0.000000 1.665454 0.805752 0.765064 0.659553 0.951914 0.700981 0.777599 0.670227 0.308316 0.241612 0.403659 0.854676 1.022154 0.742936 0.609418 0.172152 0.093507 0.343963 0.473452 0.981757 1.154527 0.978559 0.321289 0.247996 0.664782 0.621701 0.577559 0.860421 1.026675 0.871624 0.529606 0.611511 0.826698 1.233836 1.537420 1.931085 2.446490 3.231753 6.356895 10.705246 13.248720 12.656617 10.881842 10.363380 8.367964 5.633520 3.907080 3.276412 2.986668 2.133046 1.676365 1.456253 0.883255 0.781562 1.130987 1.209791 0.919168 0.671786 0.291234 0.480897 0.953567 1.151235 0.997589 0.650555 0.512498 0.595023 0.395272 0.277259 0.603025 0.807005 0.698341 0.623117 0.591642 0.555267 0.560559 0.560428 0.512215 0.378260 0.371935 0.499596 0.668418 0.933799 0.898002 0.542534 0.307477 0.209212 0.154511 0.233062 0.359901 0.355661 0.389387 0.451954 0.592967 0.747217 0.630997 0.569505 0.510468 0.356663 0.196319
8.562431 0.064290 207.8207 207.8207 0.000000 0.185532 0.090088 0.016413 0.103922 0.225868 0.241158 0.257318 0.208615 0.167129 0.163293 0.157420 0.211973 0.188322 0.234843 0.303691 0.220898 0.123544 0.050328 0.100945 0.254103 0.327593 0.202876 0.245608 0.270877 0.213004 0.132582 0.173619 0.042283 0.043736 0.103600 0.046721 0.166310 0.195758 0.128240 0.188704 0.146944 0.325741 0.853894 1.247282 1.482835 1.791610 1.858532 1.429015 0.958493 0.637329 0.334273 0.306181 0.277822 0.313186 0.538419 0.410061 0.111240 0.193240 0.074770 0.053015 0.160628 0.109641 0.143292 0.165794 0.225986 0.142261 0.090201 0.106644 0.086162 0.091452 0.051626 0.072824 0.129905 0.121169 0.055207 0.084687 0.132185 0.077971 0.101653 0.119197 0.074762 0.094601 0.078568 0.025564 0.088024 0.107660 0.109048 0.100628 0.102014 0.178831 0.103452 0.038260 0.038713 0.079286 0.044268 0.056234 0.057199 0.045737 0.079589 0.088436 0.097725 0.086136 0.040325 0.031654
8.610159 0.007515 67.2679 67.2679 0.000000 0.116972 0.133931 0.074891 0.078245 0.135746 0.044044 0.127236 0.122714 0.187465 0.241453 0.131295 0.224638 0.403981 0.354499 0.218275 0.170287 0.118004 0.103475 0.189872 0.212988 0.173415 0.136672 0.109154 0.140360 0.169624 0.168752 0.176664 0.138313 0.094292 0.051921 0.042867 0.121818 0.171298 0.109116 0.097203 0.072272 0.055998 0.087250 0.092117 0.058907 0.101966 0.210570 0.262371 0.243609 0.212453 0.191383 0.210924 0.283496 0.350928 0.273570 0.133637 0.138737 0.113135 0.089949 0.108947 0.077557 0.012752 0.043251 0.192651 0.213942 0.055689 0.068100 0.133852 0.105527 0.071892 0.064559 0.070290 0.061066 0.070191 0.082970 0.134188 0.083457 0.060745 0.036669 0.067626 0.075408 0.053014 0.050895 0.032618 0.012353 0.053353 0.108530 0.101021 0.076032 0.051940 0.023020 0.005639 0.015318 0.032400 0.077345 0.044086 0.031374 0.054796 0.050020 0.034927 0.068582 0.069904 0.022538 0.041856
8.658753 0.004389 67.9937 67.9937 0.000000 0.271222 0.145740 0.097221 0.104124 0.155901 0.111070 0.081654 0.178456 0.284003 0.253458 0.150499 0.254237 0.431567 0.348597 0.159729 0.100863 0.106160 0.135890 0.152206 0.123623 0.080979 0.112730 0.028704 0.040165 0.104729 0.130849 0.172586 0.164171 0.109278 0.054255 0.051556 0.077514 0.070350 0.127128 0.182935 0.151141 0.132299 0.151888 0.132147 0.102065 0.068644 0.036989 0.133254 0.098195 0.024633 0.036146 0.109464 0.166082 0.192673 0.171772 0.134123 0.089950 0.038889 0.037338 0.089535 0.125473 0.110516 0.104760 0.140882 0.175424 0.162390 0.136361 0.143196 0.118249 0.046318 0.035482 0.073249 0.157329 0.152270 0.106931 0.154601 0.149308 0.068445 0.080329 0.088034 0.080704 0.077919 0.067746 0.037585 0.030294 0.048689 0.085574 0.075550 0.031688 0.018323 0.013949 0.008667 0.014177 0.038115 0.065587 0.103311 0.086749 0.061555 0.041853 0.044810 0.039797 0.088853 0.052301 0.055401
8.705004 0.004230 5.1886 5.1886 0.000000 0.359272 0.313225 0.214782 0.212582 0.181801 0.150925 0.125621 0.125383 0.178251 0.172480 0.196542 0.263298 0.269508 0.190929 0.131326 0.126644 0.129846 0.115427 0.081870 0.104532 0.180710 0.215069 0.191988 0.190937 0.139288 0.054633 0.099055 0.017543 0.116454 0.090002 0.164019 0.201599 0.124474 0.072245 0.180988 0.297840 0.286538 0.201693 0.141340 0.059765 0.071716 0.104872 0.059827 0.030054 0.042579 0.045670 0.030107 0.014798 0.026821 0.019553 0.041593 0.029573 0.031777 0.013181 0.065383 0.079016 0.124180 0.188104 0.082058 0.104254 0.140343 0.115960 0.067826 0.066351 0.053977 0.083581 0.137804 0.146794 0.079485 0.089697 0.131635 0.096893 0.065282 0.051899 0.030577 0.037514 0.041414 0.038767 0.018918 0.038712 0.062302 0.109047 0.079731 0.031810 0.046549 0.052462 0.050800 0.059558 0.098231 0.105647 0.033158 0.050075 0.028381 0.032268 0.069408 0.094116 0.080797 0.081177 0.066089
8.753119 0.004274 10.3742 10.3742 0.000000 0.269163 0.336379 0.152813 0.139755 0.141399 0.151305 0.226524 0.242657 0.183021 0.135179 0.136134 0.116454 0.052548 0.102467 0.242230 0.266507 0.154042 0.102785 0.124260 0.052613 0.096557 0.210000 0.284748 0.241467 0.119596 0.038123 0.093065 0.174510 0.210304 0.234156 0.314611 0.308953 0.154705 0.049112 0.135048 0.220338 0.277907 0.179251 0.188028 0.148782 0.085242 0.094694 0.065498 0.030313 0.047465 0.038192 0.025821 0.040492 0.042988 0.073223 0.074226 0.058419 0.049735 0.039167 0.090518 0.117747 0.153244 0.095066 0.124165 0.120546 0.023139 0.061301 0.037108 0.031151 0.066437 0.049381 0.069601 0.054605 0.061085 0.079485 0.086992 0.075916 0.053251 0.033952 0.029572 0.054011 0.082843 0.080411 0.073819 0.088329 0.091043 0.110108 0.062175 0.064621 0.047444 0.074867 0.096263 0.026999 0.086915 0.059746 0.060783 0.048837 0.032908 0.016056 0.052552 0.043101 0.057005 0.086056 0.086955
8.802381 0.400109 5.0668 5.0668 0.000000 1.362195 0.157712 0.240710 0.139549 0.229918 0.189909 0.296062 0.328358 0.248714 0.069396 0.056095 0.068247 0.095977 0.163468 0.360554 0.320348 0.264535 0.259746 0.147923 0.108697 0.197712 0.088745 0.090755 0.185977 0.189550 0.209442 0.141317 0.181099 0.198070 0.117402 0.250507 0.136488 0.188424 0.269232 0.192310 0.314809 0.504574 0.500952 0.599867 0.627844 0.698432 0.867565 0.848359 0.870282 0.942789 0.969062 0.882202 0.794321 0.835311 0.772393 0.660818 0.600624 0.560634 0.468416 0.429061 0.349922 0.442234 0.311768 0.262839 0.205456 0.277015 0.185682 0.202110 0.172678 0.064756 0.165038 0.120027 0.050182 0.029658 0.019238 0.028475 0.017842 0.024197 0.047823 0.063657 0.107133 0.060763 0.113846 0.136822 0.162141 0.043441 0.057087 0.050952 0.024921 0.135341 0.066772 0.181448 0.057413 0.121172 0.203889 0.160272 0.081943 0.191177 0.131957 0.181532 0.185246 0.153171 0.114922 0.211585
8.850500 1.013995 236.0999 236.0999 0.000000 5.047131 3.277733 2.583233 1.616811 1.729903 4.226518 6.919581 8.731505 9.193083 8.345942 6.791014 4.859753 3.267785 2.775703 2.937232 3.183737 3.334636 2.941299 2.460397 1.575656 0.865772 0.786903 0.902734 1.565677 2.771409 3.279005 3.658705 3.728505 3.489661 3.015018 2.199159 1.508716 1.468940 2.099617 3.531208 6.188939 9.415999 12.227147 13.259135 12.954639 13.467107 16.079434 20.633811 29.960667 44.921929 60.498079 69.438275 67.282031 55.222370 38.388308 23.856608 16.846204 15.105415 13.043053 9.791249 6.555226 3.795494 1.965425 1.156118 0.824826 1.096589 1.787152 2.253782 2.380742 2.337100 2.490515 2.769353 2.953028 2.932799 2.610284 2.026325 1.452993 1.310822 1.792147 2.641267 3.209766 3.946944 4.161727 4.236365 4.433286 5.250756 6.844282 9.437849 12.598752 15.466497 16.819518 15.592192 12.207444 7.786474 4.310113 3.970211 5.779729 7.499649 8.394713 7.866803 6.354636 5.045625 4.759542 4.637338
8.901847 1.199543 226.5525 226.5525 0.000000 3.993915 4.282106 3.265544 4.146992 6.188966 15.088245 27.305439 33.997155 30.426946 20.654171 11.310743 5.453109 5.331923 3.469699 5.609682 9.355483 8.692222 5.234611 3.726436 3.387097 3.498509 6.488699 9.950201 9.800607 3.693885 7.781120 8.700431 5.310305 5.120272 4.458079 2.662045 2.633616 3.234792 7.042804 14.767968 20.193457 27.710257 25.536956 12.762972 19.508001 29.296138 34.918804 54.112304 137.434101 238.654515 237.862156 134.712133 44.752069 33.579522 23.098987 22.567393 29.915716 25.835415 9.723929 4.351449 4.320617 3.289485 6.010970 8.963123 8.902829 4.108946 2.848404 3.848367 5.488623 8.170165 6.094677 5.981206 8.786320 7.577738 6.897847 10.033238 8.403515 5.114052 12.406197 15.160222 8.393061 5.466554 13.795276 14.008611 17.536475 31.089066 49.887536 62.710249 55.985525 34.423317 16.186627 7.721911 9.943942 21.790250 29.174965 23.259227 9.880475 5.275286 9.360200 11.749212 8.559226 2.180338 5.186286 11.113096
8.960110 1.207656 224.7936 224.7936 0.000000 3.830164 1.185606 3.542591 6.883788 9.490006 16.844058 29.065371 33.734699 27.277719 12.586963 7.954477 3.530156 6.933368 7.035879 7.522461 7.869505 8.072422 4.729128 5.286713 7.453595 8.194296 11.428866 15.717694 14.453236 11.240261 13.170521 8.495626 4.167909 3.905839 2.774347 1.830695 3.269254 2.812546 7.859943 11.492824 9.220672 21.038918 22.339808 19.698020 15.686662 15.217571 34.658693 30.642793 204.222006 314.782847 225.697640 73.749139 11.214248 13.979936 6.717881 13.280173 30.760010 32.393557 19.043552 14.589650 10.309905 9.505063 12.124781 13.266251 9.551119 5.979597 5.582922 5.268950 10.163854 9.975677 4.334427 9.396251 14.798564 18.012658 19.754943 16.689845 9.671449 12.034145 17.380153 17.734776 14.888020 18.133758 13.444177 5.852320 16.410388 30.366060 55.657320 63.351765 42.847165 19.331310 8.098762 3.049231 16.910737 32.464416 30.929995 12.247248 2.413324 6.857070 8.122242 8.565269 7.946571 4.574027 6.750428 17.845831
9.018095 1.145269 230.5467 230.5467 0.000000 4.567418 4.400345 5.728738 6.930594 4.187918 4.692762 9.167623 8.515789 8.123807 6.099183 3.250111 4.452617 6.357240 7.701902 6.275383 2.129177 2.635002 4.536326 4.857808 4.892543 4.550233 4.249397 6.186625 8.306776 9.602956 10.719495 9.922392 5.954716 2.727779 1.932734 1.626861 3.419267 3.353247 3.476922 5.739386 5.342460 13.566212 13.084359 17.202485 27.249948 24.844202 34.241408 47.188834 79.786184 130.046822 149.382255 113.179500 54.721242 19.713566 6.904581 3.759346 3.808875 11.374319 19.431272 18.978156 13.540103 8.604548 5.743851 4.835024 6.401128 6.384788 4.535523 5.070740 5.835028 6.310229 5.842245 5.457421 5.485901 5.417293 8.687903 12.477908 12.665335 11.702386 9.239613 5.850039 6.101199 7.773908 11.037089 10.495910 7.323819 6.885468 5.583097 8.208618 18.116454 21.392454 16.868655 6.570220 3.690717 3.703840 6.277270 12.106022 16.744077 13.270219 5.329525 4.994036 4.690413 3.107894 5.584150 6.182085
9.067901 0.670297 226.3697 226.3697 0.000000 2.418394 1.945183 2.718633 3.270787 2.556031 1.548123 1.533587 1.229103 1.205139 1.398104 1.456505 1.276586 1.045599 2.057577 2.213141 1.771550 1.297273 1.165749 0.807175 0.753352 0.548445 0.621099 1.273357 1.185249 0.649337 0.872776 1.517914 2.285952 2.269906 1.036488 0.634095 1.034739 1.692281 2.212641 2.455118 4.104678 5.425657 9.662730 15.476756 17.911919 18.264029 19.112605 21.340944 23.157339 24.868843 24.164479 20.582359 17.741510 15.591898 9.779484 3.988331 1.908768 1.116184 1.332288 3.436308 4.331539 3.461853 2.327685 1.575591 0.757679 0.814318 0.811819 0.719814 0.749792 0.708723 0.992090 1.176068 0.962282 0.682374 0.315439 0.848223 1.205542 1.672440 1.782101 1.127374 0.961182 1.864877 1.611426 0.746209 0.444181 1.153494 1.676958 1.369624 0.993465 1.517763 2.362356 2.484522 1.723671 1.353098 1.923552 2.156222 1.528162 1.002370 0.918259 1.404269 2.415841 3.081538 2.833120 2.050639
9.112317 0.143602 207.4574 207.4574 0.000000 1.214719 0.401544 0.175394 0.431542 0.512351 0.372823 0.114046 0.019468 0.157476 0.170609 0.108044 0.149961 0.293476 0.300340 0.185896 0.167039 0.201387 0.175620 0.222688 0.393567 0.379307 0.205896 0.211846 0.431357 0.388747 0.239337 0.171194 0.425678 0.504383 0.322415 0.214273 0.285068 0.124287 0.118466 0.504750 0.860267 1.504250 2.496544 3.536915 5.158721 6.298113 5.481777 3.285614 1.777334 1.855044 1.833658 0.858657 0.496561 0.643534 0.528801 0.913557 0.555473 0.177387 0.310782 0.138675 0.226530 0.318971 0.101366 0.272111 0.237919 0.190912 0.151343 0.065438 0.116027 0.088669 0.062708 0.140247 0.231521 0.149614 0.114987 0.143103 0.191156 0.136390 0.121612 0.175760 0.149087 0.143925 0.135064 0.199133 0.272332 0.301374 0.212039 0.150863 0.172133 0.183308 0.199786 0.129938 0.167954 0.198389 0.047455 0.124533 0.083099 0.159716 0.103096 0.173377 0.138268 0.158960 0.146470 0.159733
9.162780 0.025526 213.5085 213.5085 0.000000 0.207256 0.224723 0.270146 0.311287 0.229879 0.247883 0.262881 0.216780 0.132847 0.150980 0.272332 0.201803 0.082567 0.078652 0.110206 0.133795 0.200835 0.232055 0.231068 0.097306 0.186240 0.226320 0.169328 0.127373 0.135729 0.146027 0.135710 0.187631 0.305841 0.196696 0.017039 0.068827 0.129705 0.109073 0.152979 0.102515 0.071227 0.245364 0.261235 0.207288 0.318370 0.502220 0.455045 0.204046 0.204670 0.313452 0.318147 0.146092 0.197382 0.075499 0.283195 0.349950 0.208017 0.139087 0.105563 0.130554 0.101599 0.065679 0.125801 0.132187 0.049129 0.026904 0.078689 0.114205 0.151694 0.135647 0.122858 0.058630 0.060058 0.049852 0.093122 0.110210 0.075782 0.093755 0.124714 0.080236 0.057121 0.046688 0.040229 0.045070 0.039050 0.047972 0.039198 0.096960 0.066264 0.055927 0.070817 0.085447 0.068411 0.064562 0.078662 0.056059 0.032835 0.054191 0.072641 0.080679 0.088356 0.024143 0.058851
9.210336 0.004959 52.3917 52.3917 0.000000 0.099399 0.152336 0.151980 0.162631 0.347790 0.320308 0.276719 0.342813 0.385706 0.436258 0.391681 0.191615 0.052456 0.083938 0.147370 0.121991 0.068119 0.210793 0.233138 0.199917 0.110455 0.061552 0.054900 0.188478 0.354074 0.325229 0.200285 0.217738 0.232399 0.134951 0.099229 0.078962 0.077937 0.077013 0.099491 0.139431 0.154728 0.145847 0.073562 0.091051 0.128298 0.259667 0.199597 0.120376 0.070994 0.157356 0.147424 0.043367 0.147915 0.129492 0.111515 0.132209 0.121353 0.125867 0.166930 0.173567 0.122522 0.136962 0.171588 0.108433 0.072104 0.080917 0.103280 0.141819 0.035211 0.127805 0.073116 0.041662 0.054772 0.070335 0.042866 0.099874 0.111077 0.044625 0.020221 0.025220 0.024842 0.031670 0.034131 0.037492 0.079039 0.117612 0.089928 0.050516 0.052638 0.066743 0.067170 0.030827 0.071382 0.044874 0.019876 0.009496 0.023954 0.017384 0.057535 0.085387 0.076946 0.049252 0.028076
9.252744 0.004545 125.9383 125.9383 0.000000 0.122744 0.140380 0.123633 0.230191 0.243712 0.235641 0.258469 0.359398 0.256267 0.282013 0.380898 0.240188 0.091964 0.110168 0.110857 0.105000 0.149844 0.092239 0.104520 0.211806 0.180407 0.081047 0.050547 0.210286 0.402888 0.368465 0.198515 0.090114 0.116355 0.154409 0.131034 0.091083 0.107304 0.129548 0.105234 0.090236 0.094644 0.089470 0.090615 0.068154 0.134105 0.253556 0.268942 0.106280 0.078439 0.219440 0.221279 0.152113 0.139475 0.090047 0.052092 0.057898 0.127132 0.128064 0.110870 0.157742 0.191393 0.186206 0.157706 0.079454 0.039354 0.109263 0.133358 0.145908 0.178624 0.184858 0.089040 0.065859 0.034819 0.058848 0.078588 0.102248 0.099802 0.045188 0.031314 0.047153 0.058884 0.055549 0.027708 0.029202 0.092620 0.126603 0.083735 0.048922 0.088632 0.097917 0.093157 0.040114 0.035221 0.043314 0.028674 0.053153 0.054831 0.068395 0.099802 0.096082 0.063818 0.038432 0.045307
9.302681 0.004838 36.3724 36.3724 0.000000 0.166600 0.056395 0.079529 0.212310 0.152113 0.181308 0.362948 0.343214 0.194011 0.170202 0.208274 0.269084 0.260772 0.174582 0.116739 0.110693 0.127105 0.117454 0.101830 0.173345 0.165206 0.028085 0.073703 0.171608 0.268186 0.111260 0.093372 0.046410 0.038661 0.076011 0.118578 0.097257 0.169283 0.146993 0.132787 0.128611 0.079972 0.064173 0.067685 0.058789 0.110430 0.200146 0.138878 0.072087 0.158190 0.180112 0.145114 0.073037 0.118696 0.069800 0.053519 0.080012 0.156755 0.133531 0.073953 0.094790 0.036986 0.115553 0.058659 0.078782 0.086318 0.032031 0.045925 0.088727 0.175342 0.154125 0.065209 0.059516 0.097031 0.112918 0.086540 0.050297 0.066394 0.089927 0.095967 0.079758 0.037293 0.034100 0.053687 0.063167 0.061605 0.161366 0.142254 0.059580 0.065491 0.085738 0.074980 0.056172 0.025353 0.043424 0.093275 0.130753 0.112993 0.084622 0.055117 0.024281 0.034905 0.093671 0.129908
9.352294 0.007761 35.3366 35.3366 0.000000 0.261911 0.202269 0.032966 0.249315 0.287624 0.062763 0.375163 0.332322 0.136234 0.130107 0.164121 0.338548 0.214685 0.068267 0.109057 0.038538 0.100076 0.180689 0.263085 0.218998 0.100194 0.072074 0.139365 0.154387 0.089903 0.067681 0.073828 0.081665 0.111157 0.172569 0.238026 0.175881 0.078231 0.165497 0.238663 0.177739 0.138823 0.103736 0.059414 0.142617 0.252784 0.231013 0.177831 0.089683 0.096386 0.122670 0.116559 0.134298 0.110649 0.049715 0.094510 0.154698 0.098428 0.033100 0.056816 0.114076 0.140152 0.136591 0.095773 0.057120 0.078428 0.135731 0.135799 0.099581 0.102867 0.121716 0.072354 0.058900 0.095435 0.049608 0.053168 0.075957 0.061752 0.064749 0.033887 0.020710 0.040754 0.081386 0.135172 0.182024 0.157376 0.088984 0.034006 0.036803 0.081652 0.077391 0.044944 0.047367 0.107469 0.128951 0.061024 0.050219 0.064590 0.062153 0.097839 0.132022 0.091572 0.022167 0.044011
9.402280 0.825126 240.3148 240.3148 0.000000 3.622525 0.896382 0.968208 0.788303 0.869785 0.963727 0.675961 0.978064 0.465268 0.578803 0.585055 0.487545 0.644878 0.801843 1.095726 1.378839 1.643098 1.989110 2.294874 2.282942 2.337153 2.331067 2.306449 2.271998 2.223076 2.120278 2.083319 1.912151 1.726642 1.982627 2.161013 2.220076 2.138194 2.000267 2.137877 2.162004 2.550556 3.027858 3.493486 4.454037 5.841373 7.706861 10.537874 13.824683 17.559205 20.523911 22.259509 22.432104 21.027613 18.154365 14.645860 10.622542 7.322255 5.054580 4.016211 4.110694 4.263784 4.378044 4.174862 3.803751 3.707502 3.453153 3.376253 3.331569 3.163198 3.167219 3.130449 3.237594 3.344070 3.344741 3.405689 3.276563 3.012221 2.741928 2.490457 2.313038 2.256606 2.157964 2.192432 2.097331 1.931324 1.660576 1.343451 0.890873 0.616755 0.582724 0.743469 1.295969 1.869724 2.439459 2.691476 2.822175 2.710932 2.776506 2.669630 2.838533 2.936265 2.833580 2.638989
9.450315 1.202027 228.6319 228.6319 0.000000 4.773802 3.885560 4.127057 6.213942 11.298196 15.142000 15.738782 13.328947 9.336605 4.986976 2.694757 3.796093 5.693151 6.621795 6.463633 6.471386 8.640473 11.852930 13.353829 12.258765 9.226463 6.924003 8.139813 10.653505 11.888669 11.917979 11.834386 12.605097 13.945998 14.359411 12.831034 8.800043 4.402069 5.732493 10.176409 11.321893 7.703506 5.122888 16.609527 25.630696 30.173305 42.450571 47.783627 79.555868 142.888231 171.159525 143.038006 87.515620 42.451917 17.996229 8.686210 7.669091 12.986390 19.062397 21.537224 20.450499 15.919517 10.696523 9.649787 13.438814 17.309459 19.524488 20.412864 20.297128 19.734251 19.191540 18.880590 17.620836 13.929068 9.184063 7.161695 9.652268 12.784713 14.499861 14.279961 12.521687 10.582916 9.421065 8.619679 7.608199 8.819702 12.192825 12.770954 14.425320 21.724365 26.230793 21.036339 10.627299 5.750087 3.396379 8.148724 16.008455 18.627482 17.527394 14.365978 8.577150 4.863845 9.078419 12.589631
9.506041 1.240123 225.3415 225.3415 0.000000 6.965835 7.584462 13.632942 19.139042 26.209639 30.488179 29.076162 25.519738 20.026572 12.678575 9.175611 9.900728 8.978297 7.548242 6.225748 4.768440 9.878614 14.251847 15.683462 13.087870 6.414632 1.862645 9.841640 12.387403 12.681479 11.767809 12.033919 14.734077 15.682621 16.405394 14.122250 10.571848 10.223059 11.164509 10.640309 11.614569 9.060341 15.430553 29.086244 17.624877 27.725927 54.110852 35.687076 200.666990 338.127700 252.381777 105.654182 53.432347 23.890941 7.190550 8.782004 12.057483 16.872769 22.565298 22.078705 18.048995 9.011477 3.902195 11.810603 18.348073 20.775465 22.236528 21.936845 19.755666 18.868894 18.539164 20.512584 13.866679 7.683815 2.844653 10.299103 14.104169 17.790468 16.507047 12.469796 8.412574 10.339717 9.920827 13.982081 25.387817 33.727344 35.487134 38.275617 48.783500 54.923467 40.198629 21.147977 21.576966 19.681176 25.078872 22.832956 19.229082 19.304873 19.250873 15.086084 13.125798 17.695080 17.465723 12.902469
9.566045 1.241784 222.1958 222.1958 0.000000 9.869317 10.410651 11.293976 14.117109 16.431982 17.564147 13.072022 13.736034 14.701998 7.855100 6.163167 6.650509 3.286592 2.191118 3.456227 3.205595 5.796857 2.582182 6.555690 5.145082 1.550122 3.991522 5.684613 4.498283 5.279448 4.053564 4.771302 2.729198 3.866198 5.560491 3.998043 5.270672 6.766766 4.411277 6.668072 3.038627 11.006977 10.822004 39.271245 33.474318 20.915536 70.938098 162.084505 233.683274 191.307437 75.189936 19.051062 27.398473 16.616723 12.968152 10.652258 5.598084 6.626452 5.615645 5.002215 6.109669 4.618373 1.804234 6.258961 5.205665 4.373518 6.946721 4.755264 4.310447 3.185414 8.557885 4.253688 3.939423 6.173835 4.699172 3.349270 7.047634 5.200116 3.705786 3.581340 6.567886 4.410473 10.591672 21.555777 25.960906 23.019686 20.663701 30.222906 38.548535 36.604171 29.519701 26.623573 25.015714 16.702153 6.291746 3.832933 6.575593 12.062792 7.114048 6.646340 12.708875 6.238592 5.819240 7.985984
9.617146 0.938192 232.4341 232.4341 0.000000 8.552896 3.202517 1.439998 1.818522 0.931640 2.503625 2.554897 2.110252 2.796233 3.170715 2.309264 1.674957 1.283764 1.769481 2.561576 1.938317 1.349930 1.973042 2.863978 2.790362 2.216297 1.543959 0.880915 2.045904 3.769982 4.346430 3.759354 3.035239 1.655852 0.496863 0.442101 0.940284 1.496925 1.906503 4.189880 4.814752 2.868241 10.280743 16.020499 20.300780 28.854577 35.952657 33.130141 35.583239 51.214798 64.772124 65.183320 50.805020 32.026693 19.105125 9.424959 5.180194 4.479527 5.339074 5.119094 3.197364 1.887903 0.969244 1.073536 1.295578 1.082014 2.076614 2.039879 1.488399 2.297512 3.295119 3.360187 2.391920 1.626325 2.672530 3.566648 2.975392 2.072524 2.070965 2.512149 2.032117 1.469077 2.162130 2.861588 3.243105 3.753983 4.516311 4.990625 4.364547 3.721420 3.905371 3.257626 4.062297 5.615602 6.134005 8.119005 8.406479 7.534062 7.439948 5.748399 3.122823 2.421642 3.291374 4.424270
9.662830 0.331200 207.8807 207.8807 0.000000 3.646828 0.941659 1.120014 0.422652 0.647425 0.827782 0.411247 0.098568 0.261725 0.640062 0.405261 0.494304 0.825146 0.942084 0.697030 0.615794 0.936299 0.531412 0.654375 0.828255 0.580458 0.325042 0.342308 0.490858 0.658684 0.957587 1.190432 0.633910 0.566401 0.453635 0.289599 0.221316 0.146840 0.456447 1.374908 2.663629 3.731864 4.391508 6.169408 9.564571 12.449093 12.608682 11.473618 11.171425 9.247612 5.361199 2.905853 2.242122 2.216979 2.327062 2.198117 1.246440 0.665080 0.828010 0.520446 0.451137 0.652630 0.595117 0.286862 0.198130 0.439034 0.470260 0.367706 0.501731 0.601852 0.525083 0.475593 0.454936 0.532728 0.664375 0.727501 0.778377 0.730774 0.830252 0.685474 0.394239 0.246321 0.299873 0.453355 0.538184 0.609553 0.646201 0.490383 0.302394 0.443841 0.387784 0.283467 0.382798 0.371333 0.217415 0.134783 0.242865 0.417318 0.430123 0.415770 0.321612 0.327796 0.464363 0.518158
9.712005 0.066178 211.7947 211.7947 0.000000 0.127284 0.290490 0.244707 0.227641 0.341536 0.221434 0.108739 0.106581 0.192075 0.188418 0.224672 0.320444 0.244659 0.332463 0.287030 0.207756 0.243877 0.265424 0.279747 0.151075 0.089790 0.150370 0.067349 0.126601 0.215555 0.211466 0.243541 0.315787 0.258186 0.262659 0.222245 0.159526 0.127424 0.025049 0.389677 0.469964 0.809582 1.113945 1.446257 1.747016 1.797633 1.831785 1.309178 0.699330 0.567756 0.670442 0.503156 0.271086 0.239726 0.314753 0.250402 0.107968 0.144416 0.175981 0.128370 0.166931 0.155668 0.160916 0.188981 0.124766 0.077837 0.152977 0.195736 0.049180 0.092038 0.083489 0.054084 0.050390 0.147510 0.086054 0.059407 0.084615 0.160061 0.078061 0.051304 0.085490 0.049329 0.027199 0.043412 0.031118 0.054027 0.067743 0.083640 0.085812 0.042992 0.052740 0.063505 0.043411 0.050494 0.068202 0.036555 0.047316 0.108368 0.138317 0.085670 0.041317 0.047210 0.079628 0.024644
9.762752 0.007982 73.6887 73.6887 0.000000 0.208505 0.139699 0.064221 0.048165 0.150322 0.189785 0.169984 0.231641 0.271867 0.233733 0.238451 0.286711 0.287791 0.300116 0.334476 0.253546 0.170379 0.115308 0.135897 0.050269 0.090718 0.151356 0.242569 0.303281 0.306496 0.150226 0.056941 0.117860 0.109468 0.065491 0.138648 0.255595 0.240659 0.145637 0.153714 0.202168 0.181479 0.147724 0.127819 0.124902 0.081927 0.089632 0.191563 0.149972 0.083962 0.031755 0.120235 0.094050 0.112954 0.210225 0.240080 0.167980 0.087337 0.050253 0.056148 0.086449 0.067245 0.062930 0.104285 0.129190 0.111121 0.113129 0.093809 0.111258 0.035949 0.034643 0.029037 0.036276 0.076600 0.109122 0.091267 0.100680 0.140433 0.139950 0.095882 0.045434 0.028842 0.039735 0.037506 0.024612 0.050482 0.050865 0.057211 0.077765 0.130218 0.145156 0.122527 0.121948 0.106589 0.090068 0.095144 0.087627 0.064947 0.054306 0.034562 0.038872 0.097105 0.092090 0.085339
9.810217 0.004926 78.5160 78.5160 0.000000 0.067414 0.071420 0.148589 0.163827 0.125067 0.129369 0.178336 0.156209 0.197054 0.168651 0.196941 0.169496 0.057266 0.141471 0.298820 0.266039 0.133896 0.178813 0.258112 0.267572 0.241083 0.258832 0.232699 0.305077 0.315268 0.185883 0.199823 0.195568 0.151916 0.076587 0.118672 0.252581 0.192951 0.071883 0.090640 0.095462 0.075041 0.122743 0.142855 0.183698 0.168094 0.161754 0.134010 0.082355 0.053769 0.059681 0.132912 0.144033 0.169452 0.130130 0.044573 0.109431 0.173187 0.156405 0.132361 0.090522 0.044042 0.016074 0.034992 0.059723 0.073739 0.134696 0.156834 0.113058 0.044749 0.022708 0.054751 0.076407 0.099960 0.115967 0.091749 0.129014 0.085957 0.038847 0.042264 0.013457 0.023228 0.036992 0.052413 0.053914 0.055814 0.067758 0.070996 0.098950 0.148588 0.138572 0.111958 0.098216 0.038474 0.040216 0.086339 0.082137 0.008174 0.025835 0.026555 0.085778 0.086017 0.038513 0.054908
9.852316 0.004958 57.6967 57.6967 0.000000 0.094425 0.239356 0.298145 0.161129 0.052454 0.048750 0.119030 0.122859 0.136498 0.253059 0.378368 0.393275 0.355724 0.286917 0.174271 0.199045 0.245168 0.155240 0.181442 0.237098 0.398266 0.328696 0.131384 0.135964 0.197869 0.329458 0.187833 0.095739 0.091549 0.075143 0.126809 0.267836 0.291626 0.193640 0.180671 0.244231 0.234579 0.171070 0.119739 0.076873 0.185914 0.286607 0.199577 0.144194 0.154171 0.128285 0.039397 0.139533 0.063045 0.089052 0.062455 0.121974 0.208408 0.220632 0.136412 0.065571 0.057493 0.051325 0.054081 0.084389 0.086661 0.032854 0.108174 0.103000 0.069286 0.035007 0.056230 0.040995 0.031820 0.079316 0.104406 0.059394 0.055216 0.046448 0.061962 0.083988 0.082367 0.072733 0.061364 0.033501 0.033450 0.111668 0.186909 0.184534 0.121863 0.080305 0.065365 0.093708 0.063394 0.081949 0.115605 0.079675 0.034578 0.036110 0.038574 0.047259 0.096705 0.093973 0.050331
9.902544 0.004846 62.1448 62.1448 0.000000 0.202343 0.332113 0.268480 0.129849 0.045957 0.083502 0.220787 0.199217 0.136706 0.152160 0.279465 0.411630 0.395330 0.252909 0.197660 0.236666 0.190884 0.123551 0.132523 0.203035 0.334216 0.254037 0.137083 0.254045 0.399343 0.333178 0.073825 0.080774 0.080268 0.056585 0.204793 0.248564 0.189564 0.134243 0.205363 0.313642 0.271925 0.156997 0.045902 0.116353 0.228329 0.196559 0.131100 0.138457 0.157728 0.164499 0.162362 0.128138 0.106073 0.147902 0.195116 0.148388 0.073715 0.126718 0.072600 0.067249 0.098131 0.076599 0.100511 0.105444 0.072262 0.066129 0.019089 0.051865 0.018523 0.043868 0.039970 0.029717 0.026506 0.066676 0.104616 0.127081 0.113134 0.080706 0.096671 0.111761 0.082777 0.080137 0.081901 0.076723 0.142428 0.176950 0.125993 0.066589 0.065782 0.070582 0.067403 0.026206 0.097149 0.117243 0.068286 0.022771 0.062559 0.091032 0.113333 0.156382 0.122614 0.063428 0.042470
9.952376 0.620813 229.7346 229.7346 0.000000 4.669921 0.576420 0.866848 0.634736 0.440591 0.445545 0.384992 0.269585 0.337942 0.245555 0.243954 0.346112 0.385351 0.230900 0.183385 0.538621 0.405816 0.324250 0.744384 0.495703 0.752152 0.626258 0.876658 0.821196 0.963102 0.857075 0.551309 0.659755 0.474987 0.422030 0.290445 0.422199 0.726726 1.057082 1.309800 1.506674 1.677243 2.078737 2.319859 2.660734 3.074724 3.720151 4.229389 4.599350 4.835854 5.046954 4.974800 4.674191 4.308137 4.032104 3.624828 3.109430 2.782745 2.483500 2.152786 1.778514 1.568399 1.289157 1.112946 0.905625 0.699425 0.644566 0.511382 0.455329 0.428607 0.498049 0.596793 0.563633 0.788154 0.706883 0.813969 0.835029 0.862146 0.969135 0.859629 1.028221 0.900313 0.903062 0.778029 0.851676 0.796777 0.581206 0.509560 0.421642 0.265486 0.181870 0.289984 0.366554 0.535843 0.594793 0.586916 0.703731 0.600064 0.569851 0.439969 0.324106 0.242292 0.237940 0.350478
10.002804 1.119785 230.5272 230.5272 0.000000 9.893750 9.002551 7.205142 5.931849 6.650286 8.097668 8.888656 9.002247 8.884385 8.688067 7.360002 4.955816 2.543508 1.458580 2.003972 3.616645 5.882790 8.226668 9.064644 8.027156 5.886313 4.432920 4.847327 6.441898 7.860210 8.850331 8.921998 7.785902 6.121080 4.703866 4.056454 5.408400 8.720941 12.615703 15.079294 13.535751 9.163634 9.944176 14.755837 16.625082 20.410963 30.810805 51.434545 80.570182 104.263134 107.371098 86.856191 55.848942 33.836717 27.074699 22.221847 14.117263 9.239110 11.158781 14.057163 14.495145 13.143469 11.384836 9.327634 6.516635 3.023546 2.659085 6.322298 9.236992 11.141419 11.784966 11.313731 9.431260 6.044388 4.304003 7.236599 11.183664 12.815792 12.091750 10.120289 7.452460 3.966752 1.491109 5.120503 8.433573 10.906963 13.449336 16.068146 16.929484 14.229365 9.327450 7.855983 10.742640 13.293582 13.997585 13.168621 11.067931 8.362269 7.168772 8.700383 10.600806 11.488398 11.415952 10.383370
10.052017 1.225974 224.2946 224.2946 0.000000 10.922172 11.435728 8.701617 5.746796 8.712635 22.053457 28.208471 28.428031 26.514842 21.620775 12.796749 6.058998 1.873825 1.285350 2.222654 5.899177 13.161662 17.194818 14.997302 10.731184 2.774868 4.517250 6.688954 8.534788 13.435635 15.379350 13.586362 11.115730 7.392949 2.738268 5.335417 7.564352 17.289364 23.170912 22.528954 13.445637 14.817659 25.764170 15.188140 22.277156 40.895551 54.439243 127.053683 260.195706 277.455783 149.901887 45.269322 37.523214 37.293790 33.745634 15.529220 15.215387 24.094401 23.477480 21.369830 16.856893 16.411884 15.576421 9.913937 6.751446 10.798873 15.402843 17.893160 17.411282 17.884855 17.196321 10.764024 6.341425 12.360992 21.159122 22.535958 17.831461 14.253549 11.005973 6.317456 6.561246 15.241509 24.553199 27.470929 33.124352 47.096352 53.723226 38.232043 16.091352 22.571689 20.208585 21.819972 27.991287 29.542682 20.390816 9.328605 13.061017 16.392439 16.467603 16.311945 18.381220 16.776695 13.486910 11.458402
10.114537 1.230569 232.7993 232.7993 0.000000 6.643485 5.740212 2.674666 8.984210 12.944710 19.536146 22.722341 21.723022 19.611564 18.227588 12.004839 4.849066 4.818678 4.189668 3.315931 2.189099 6.917118 12.443697 10.192445 4.880054 7.628757 5.954417 2.744261 1.993267 3.493800 7.911812 7.415334 6.438012 5.490263 6.914423 6.645093 5.403881 6.468401 8.259901 8.502309 13.250077 15.716026 10.809206 20.366053 14.429527 32.136929 36.528934 21.034642 43.270353 137.763127 267.328771 248.494664 126.347826 48.858285 15.853463 18.160385 25.741259 20.692105 18.295099 15.415022 6.337984 11.943945 5.556189 7.125005 9.946892 9.754285 7.395547 7.959746 7.733424 7.981207 7.143606 6.319131 9.424167 9.132749 4.321033 8.971156 14.124583 12.400230 11.367330 6.032712 5.732233 6.423568 2.130830 9.608919 17.205184 22.044794 16.186840 17.107012 35.778116 50.275960 49.101377 39.392824 29.066954 10.924640 10.223946 13.988063 17.162841 27.199095 22.363853 15.053299 8.711902 6.068003 5.877653 6.027757
10.170260 1.071396 231.9828 231.9828 0.000000 1.251211 3.093640 4.879312 6.991954 7.206655 5.461932 3.635127 2.466418 2.057333 3.591264 4.592548 4.015227 4.866914 5.635764 4.288589 4.082691 4.977892 3.480953 1.600906 3.191222 4.646992 4.482391 2.561403 2.617419 4.044370 3.840588 3.222955 3.861354 4.858448 5.023914 3.166562 4.850887 6.741334 3.247078 2.090340 2.275631 8.340459 13.525564 21.524779 25.529226 39.286134 44.555631 39.931846 57.229378 91.418523 104.372598 91.165362 65.663569 35.041724 14.286901 9.299009 7.346596 4.087428 4.692713 5.905381 4.671144 4.461317 4.128478 1.893775 1.565314 2.363512 1.530114 2.178091 2.941166 3.404220 3.688933 1.922473 1.990422 3.688970 3.685823 4.166769 3.565379 1.620735 2.036374 3.391515 4.064402 4.483668 3.876324 3.752177 6.161099 6.660080 5.529441 7.518068 11.602266 13.911005 16.024025 17.451816 14.274820 8.724334 4.070269 2.563375 6.755703 12.059839 11.779161 7.296061 3.396042 2.175746 2.124573 3.035205
10.212195 0.528228 221.3521 221.3521 0.000000 1.593582 0.770186 0.939334 1.230605 1.087456 0.499077 0.497289 0.592678 0.814873 1.133053 0.723204 0.363648 1.100283 2.095673 2.310697 1.269699 0.822183 0.888127 1.066876 0.899396 1.200344 1.709421 1.792033 1.099969 0.796395 1.439068 1.125308 1.060522 1.515990 1.856950 1.882463 1.384787 1.502340 2.384857 3.394622 2.960660 2.001655 3.674506 7.737767 13.409888 17.566379 18.409541 18.879558 19.677227 16.468607 13.367064 12.183640 10.324924 6.655214 3.227053 3.515654 4.778508 3.796319 1.413209 0.740921 0.947515 1.198639 1.273700 0.915194 0.712061 0.950437 0.936474 0.957466 1.123194 1.007212 0.586788 0.643568 1.186009 1.467696 1.377172 1.179763 1.286333 1.448278 1.014111 0.589729 0.588359 0.791795 0.589961 0.482451 0.618705 0.953891 1.303283 1.317048 1.190168 1.033431 0.785023 0.600830 0.605073 0.510374 0.340801 0.563668 1.001129 1.210892 1.298468 1.088939 0.436638 0.904540 1.876085 1.984541
10.262681 0.107976 202.0429 202.0429 0.000000 0.518136 0.130564 0.168186 0.113487 0.147301 0.163046 0.330860 0.277776 0.367290 0.240803 0.129140 0.276937 0.357254 0.271939 0.353263 0.536348 0.264086 0.246306 0.196264 0.087666 0.071871 0.276893 0.281482 0.379274 0.293358 0.279113 0.283291 0.154537 0.150004 0.083296 0.208905 0.303280 0.530338 0.518434 0.720862 1.041675 1.538859 2.494129 3.553899 4.100085 3.743839 2.374369 0.876716 0.964765 1.334022 0.998080 0.377086 0.356946 0.350065 0.276715 0.214790 0.250531 0.418822 0.424596 0.279380 0.187876 0.148472 0.151597 0.180928 0.174308 0.115472 0.064638 0.128944 0.210185 0.183847 0.151841 0.112235 0.139279 0.191757 0.109831 0.108817 0.127245 0.207565 0.252660 0.196507 0.079780 0.102686 0.146462 0.094724 0.068326 0.071654 0.123682 0.152554 0.043951 0.032876 0.069997 0.037517 0.111158 0.182032 0.167177 0.104742 0.040961 0.063179 0.065228 0.064202 0.045396 0.096251 0.174826 0.130034
10.312265 0.017567 120.5859 120.5859 0.000000 0.163615 0.146230 0.120529 0.209337 0.229325 0.180465 0.091987 0.142654 0.212043 0.247020 0.250645 0.223121 0.141637 0.119179 0.252746 0.266699 0.178113 0.188196 0.082212 0.121943 0.040014 0.226900 0.477702 0.528032 0.277634 0.076610 0.016035 0.039384 0.113410 0.124100 0.143627 0.194615 0.161764 0.136854 0.161390 0.117823 0.083183 0.114417 0.111447 0.170047 0.088595 0.055476 0.115089 0.211112 0.062325 0.108265 0.169098 0.087506 0.137664 0.330473 0.238686 0.158133 0.244448 0.177940 0.121929 0.081382 0.035299 0.068390 0.103013 0.113273 0.068358 0.035708 0.036427 0.051684 0.067011 0.049169 0.079126 0.092041 0.060484 0.126821 0.208237 0.151301 0.115204 0.095637 0.057144 0.031904 0.062880 0.077708 0.078519 0.089415 0.067209 0.040084 0.047771 0.041895 0.026676 0.104669 0.083448 0.054600 0.074918 0.093221 0.060199 0.053026 0.017682 0.060001 0.070114 0.048449 0.029219 0.026041 0.013960
10.360318 0.004664 121.1300 121.1300 0.000000 0.028343 0.017768 0.025035 0.154091 0.308940 0.279780 0.152771 0.073305 0.083793 0.185920 0.261987 0.192497 0.119327 0.154639 0.133907 0.143192 0.197416 0.220605 0.227868 0.186711 0.143856 0.195202 0.366449 0.400785 0.283775 0.159105 0.116197 0.102776 0.131025 0.155653 0.179258 0.233567 0.247426 0.182842 0.132055 0.108240 0.070234 0.197401 0.192881 0.053364 0.100804 0.151039 0.147610 0.108451 0.117876 0.132601 0.211481 0.185535 0.138016 0.178261 0.195970 0.129426 0.136872 0.244591 0.259032 0.187862 0.134692 0.097630 0.061258 0.087951 0.146063 0.122170 0.089499 0.021914 0.025154 0.082018 0.116000 0.108159 0.107016 0.128344 0.149666 0.126680 0.084820 0.084179 0.087589 0.050810 0.038234 0.062920 0.085385 0.056740 0.071749 0.074864 0.033721 0.054796 0.096464 0.119730 0.096610 0.048683 0.028514 0.057267 0.070108 0.054405 0.033037 0.035359 0.068040 0.070385 0.032996 0.014747 0.025867
10.402426 0.004787 235.5024 235.5024 0.000000 0.114294 0.086284 0.109465 0.120328 0.206513 0.233472 0.119264 0.066072 0.109830 0.136423 0.070409 0.127539 0.262142 0.239529 0.187712 0.177464 0.147236 0.229981 0.289961 0.138307 0.079715 0.073692 0.223111 0.165020 0.036843 0.234217 0.318848 0.258518 0.079412 0.156295 0.214823 0.195937 0.269347 0.278821 0.196241 0.167073 0.184022 0.195922 0.198096 0.191419 0.196004 0.167693 0.128294 0.072505 0.128599 0.269059 0.329704 0.183623 0.043428 0.128296 0.104852 0.062590 0.118521 0.184243 0.150653 0.102141 0.091122 0.048505 0.067545 0.135042 0.111239 0.112721 0.170635 0.129242 0.122171 0.126010 0.092156 0.024450 0.050012 0.040960 0.070942 0.065094 0.044856 0.067805 0.038302 0.021112 0.029429 0.031194 0.039188 0.053268 0.067780 0.044572 0.043514 0.085796 0.081835 0.054353 0.027800 0.026823 0.035573 0.055605 0.044462 0.071655 0.033006 0.036628 0.053645 0.031531 0.023628 0.009167 0.038333
10.452058 0.004886 62.3682 62.3682 0.000000 0.202210 0.225731 0.161273 0.084626 0.119629 0.253375 0.186062 0.194723 0.198551 0.190894 0.270974 0.390726 0.368451 0.176104 0.101296 0.162640 0.188359 0.261307 0.237865 0.090517 0.086575 0.196788 0.298989 0.230151 0.167104 0.311460 0.319652 0.190537 0.155007 0.170691 0.155243 0.189995 0.276232 0.144263 0.104656 0.081371 0.110382 0.116944 0.172175 0.198000 0.109115 0.031364 0.067619 0.113982 0.115770 0.193146 0.238117 0.112113 0.098686 0.139358 0.096539 0.081708 0.023288 0.068240 0.086451 0.058623 0.032160 0.051592 0.144227 0.168713 0.156928 0.176550 0.182009 0.175812 0.079068 0.079504 0.073924 0.060350 0.073662 0.071797 0.058285 0.029469 0.024634 0.052737 0.045933 0.046163 0.051524 0.043565 0.051609 0.026892 0.061274 0.084247 0.072921 0.040844 0.020853 0.029245 0.046991 0.088259 0.097582 0.089401 0.092198 0.059462 0.036516 0.031214 0.013941 0.009573 0.033582 0.065956 0.076521
10.502840 0.414754 4.9850 4.9850 0.000000 3.024412 0.035055 0.320317 0.310877 0.373926 0.404319 0.107298 0.228472 0.182283 0.203548 0.368148 0.467155 0.128708 0.121572 0.220649 0.082588 0.129725 0.276234 0.067002 0.223725 0.149896 0.230081 0.302414 0.381061 0.108929 0.208763 0.103640 0.114862 0.169607 0.181296 0.136354 0.329981 0.207081 0.553632 0.548211 0.377932 0.798073 0.889474 1.009937 1.080877 1.163369 1.162569 1.253789 1.257105 1.270212 1.162161 1.143557 1.022260 1.004311 0.762874 0.831955 0.665962 0.531787 0.539399 0.511778 0.378915 0.217557 0.378679 0.290315 0.158776 0.183776 0.225252 0.134847 0.174434 0.113061 0.071321 0.073534 0.055075 0.037151 0.098307 0.066342 0.013088 0.050813 0.070088 0.064129 0.084077 0.095767 0.094464 0.068041 0.104381 0.106140 0.040659 0.055027 0.096808 0.099353 0.084714 0.080447 0.099099 0.087700 0.072501 0.080088 0.133926 0.128535 0.143752 0.178793 0.167294 0.172648 0.205911 0.219589
10.552215 1.030086 230.0173 230.0173 0.000000 4.204654 3.914102 4.051414 4.887446 6.380154 7.176499 8.003718 8.033126 7.150912 5.748018 3.622268 2.053094 1.074582 0.792292 1.425167 1.591626 1.485924 0.713599 0.822202 1.888222 2.305104 2.300719 1.711418 0.991017 0.807249 0.399205 0.201082 0.910441 1.688689 2.342333 3.335104 4.497419 4.976652 5.542312 7.041431 7.430665 6.783583 9.023242 14.721087 20.604396 25.072065 29.993013 40.466404 56.112240 69.280347 71.619574 61.814925 44.077239 25.208670 11.906076 6.270032 5.097945 5.095743 5.223717 4.129765 2.128017 1.136634 1.531764 1.288970 0.828905 0.109512 0.791879 1.460524 1.759071 1.604121 1.138043 0.735945 0.521425 0.402918 0.421422 0.763693 1.614766 2.638203 3.094614 2.909164 1.935413 1.326059 2.316880 3.479942 4.682811 6.724869 9.709020 13.097012 16.199153 18.053144 18.044981 16.261328 13.593609 11.868823 11.735467 11.504546 9.678288 6.483466 3.655660 3.303470 3.930679 3.323764 1.548954 1.238893
10.602497 1.203548 224.8284 224.8284 0.000000 4.344964 4.832977 5.298310 10.235818 18.332559 24.142034 27.674432 26.309415 20.496407 15.687611 11.936323 7.322324 3.290939 2.385455 5.756331 8.107197 6.938551 4.754313 3.597115 5.515208 8.371973 7.473706 3.870688 2.808558 5.352896 6.739451 7.970598 8.964198 5.772703 5.694983 11.654300 10.798137 2.993001 14.037133 13.571038 8.820649 9.779378 27.521665 36.561005 30.903373 43.328747 59.516435 70.294108 191.152255 257.866472 198.266735 94.539010 29.188904 11.482809 11.557726 8.474283 16.958468 21.500369 13.586287 3.694900 4.073039 7.837277 8.230733 6.898141 6.209352 4.925848 7.070401 11.778571 12.261252 9.141220 5.995728 4.592905 5.333401 7.221655 8.523000 6.510291 5.581150 9.477677 10.531763 8.766523 12.366292 13.950990 6.732629 13.071135 23.226668 31.459543 47.485799 59.560786 54.554465 35.882346 20.921358 14.434477 20.711543 31.033404 25.887251 13.507171 6.599767 9.313977 12.367784 10.110252 5.626501 3.322822 6.294645 13.893682
10.664521 1.212452 224.0154 224.0154 0.000000 4.046041 4.209156 5.910934 10.353325 15.479295 18.375600 24.062357 23.861487 12.088317 12.216430 11.811789 10.380432 7.144085 5.398313 8.574569 11.315883 9.997818 7.573599 3.633647 7.184881 11.480399 6.130253 6.679203 9.316520 11.002727 11.578333 14.054730 15.616548 12.077445 8.212791 11.748387 16.809368 16.942649 16.051839 7.921277 10.227695 20.212726 24.332382 25.365451 10.846069 15.123438 58.374481 78.329413 248.465780 291.790882 171.653424 58.824055 20.021848 14.168877 14.986469 17.240722 25.973517 28.463574 19.290724 9.657140 10.400156 11.962154 9.900176 9.921659 13.094762 14.509283 16.905356 20.759673 19.043370 12.579764 9.376653 10.597671 12.498682 14.082944 14.550438 9.619214 9.733010 12.328466 11.983582 15.340354 20.277459 22.229159 22.791182 24.282559 13.435304 23.149926 47.421322 56.801361 42.099259 17.395678 5.723153 10.620022 22.283000 30.673773 16.292761 10.447336 13.192962 10.540343 10.080515 11.793011 6.875730 3.150143 8.336240 16.371504
10.720207 1.147768 227.9983 227.9983 0.000000 6.062692 6.021275 6.569746 6.320233 3.306252 1.504915 4.051179 6.846057 7.178007 5.451846 2.725226 3.608040 5.751169 2.951028 2.982319 5.837329 4.768027 3.028459 4.099272 4.651619 7.077082 7.468845 4.313625 5.191895 7.056467 6.531772 4.522478 6.368355 8.934514 8.184346 4.442912 5.424933 9.519653 11.025273 9.793300 11.737580 12.559215 4.563638 21.116624 16.729922 25.437780 26.564667 34.605920 75.125725 126.900201 146.633216 113.913495 59.090570 14.845729 9.004831 9.364111 5.873881 7.120302 11.760470 12.341997 12.009874 11.155063 8.014158 5.384418 4.104932 2.727300 7.313736 10.314233 9.202893 9.357886 10.495749 7.381967 3.141816 4.449900 7.395115 6.813043 5.943566 9.389946 10.160750 7.738612 3.826591 2.797401 6.245755 9.077111 12.886491 16.312412 15.395251 11.440968 9.806071 12.115343 13.971038 11.667364 8.709769 6.901111 8.191787 13.716448 15.699642 12.362076 7.495131 7.766524 8.067372 4.560516 4.666161 5.060159
10.770371 0.658773 234.0109 234.0109 0.000000 2.541855 0.948374 1.772537 1.544261 0.661129 0.392594 0.226781 0.501196 1.634448 2.728811 2.699729 2.061704 1.852211 1.923745 1.565432 1.243307 1.447365 1.276177 0.994196 0.294722 0.588681 2.083696 3.422579 2.993437 1.773692 0.963673 1.076086 1.737661 2.321729 1.459928 0.617541 1.617717 2.474562 3.064975 1.751281 1.639129 2.742205 7.672064 13.307149 16.313869 18.643520 18.872444 18.604608 20.851289 24.054765 27.034065 26.688227 22.350298 16.740755 9.863409 6.045014 4.753044 3.035162 1.331421 0.746900 1.112283 1.039282 0.673960 1.389898 1.992530 1.490459 0.941809 1.283733 1.856833 2.176225 1.875715 1.239499 1.276125 1.672083 1.496652 1.074991 0.996640 1.148439 1.240878 1.269993 1.684143 2.034582 1.990330 1.555299 1.013864 0.634145 0.405815 0.658076 1.428577 2.197982 2.558264 2.287321 1.389956 0.698130 0.684205 0.632464 0.583651 1.028353 1.768762 2.203809 2.104565 1.839367 1.968490 2.447075
10.812468 0.153346 207.6003 207.6003 0.000000 0.431712 0.205862 0.200362 0.174407 0.183540 0.122032 0.165629 0.283821 0.273244 0.314912 0.354382 0.203496 0.052241 0.083123 0.227650 0.266056 0.223457 0.206068 0.293885 0.532083 0.267385 0.289735 0.573650 0.501818 0.275928 0.338908 0.122110 0.123754 0.332283 0.777203 0.447212 0.353333 0.196056 0.282077 0.623327 0.788682 1.119617 1.829264 3.102812 4.943190 6.341630 6.192866 4.472227 2.328218 1.643343 1.835449 1.034890 0.629363 0.933831 0.505993 0.234330 0.496337 0.595277 0.288690 0.270636 0.218961 0.163082 0.177061 0.169561 0.296363 0.174407 0.227514 0.118962 0.249046 0.289867 0.151323 0.091516 0.158010 0.169264 0.197912 0.274819 0.304097 0.248508 0.159892 0.180516 0.216892 0.099495 0.104713 0.134645 0.112250 0.061962 0.149547 0.036157 0.096201 0.084181 0.085815 0.064744 0.049543 0.014815 0.080529 0.105815 0.174868 0.099402 0.097483 0.143637 0.154944 0.098381 0.111256 0.101241
10.862744 0.027032 99.5398 99.5398 0.000000 0.092810 0.211850 0.153383 0.155182 0.276703 0.306123 0.347692 0.343629 0.281168 0.217445 0.227724 0.226816 0.154911 0.109176 0.125563 0.132670 0.104069 0.222956 0.425682 0.460143 0.289705 0.151713 0.298839 0.223230 0.218244 0.283281 0.168740 0.056431 0.182591 0.344667 0.255738 0.125903 0.095805 0.066075 0.112397 0.210767 0.262401 0.241962 0.121433 0.287773 0.349362 0.306108 0.351647 0.170371 0.352682 0.377077 0.196874 0.283853 0.230299 0.137034 0.202675 0.155156 0.100984 0.078844 0.164812 0.160114 0.089890 0.101731 0.160723 0.213379 0.216928 0.152398 0.072291 0.120648 0.110373 0.039901 0.110032 0.080192 0.049680 0.041837 0.103142 0.037022 0.010431 0.044785 0.051133 0.101807 0.098011 0.087838 0.107760 0.086403 0.075787 0.133116 0.133940 0.061400 0.046334 0.025501 0.060566 0.042418 0.015208 0.026071 0.047420 0.058899 0.063456 0.044121 0.021188 0.013427 0.056771 0.079361 0.078755
10.912376 0.004974 52.4497 52.4497 0.000000 0.132541 0.223696 0.130014 0.089009 0.293055 0.425276 0.265692 0.181352 0.211507 0.368519 0.433520 0.293374 0.124429 0.076031 0.134756 0.107497 0.076104 0.229907 0.236223 0.145669 0.207748 0.110948 0.256855 0.290597 0.255041 0.284271 0.184574 0.058399 0.101391 0.225774 0.207208 0.136500 0.110032 0.100154 0.112766 0.173947 0.199575 0.106873 0.045497 0.071091 0.157543 0.138858 0.121413 0.044378 0.100623 0.153254 0.152801 0.101948 0.126539 0.087726 0.146863 0.163547 0.139163 0.162577 0.192497 0.140053 0.090545 0.129357 0.154617 0.108398 0.075182 0.124188 0.101272 0.041795 0.097207 0.083030 0.085916 0.084404 0.019132 0.054850 0.078494 0.049458 0.028724 0.023726 0.039653 0.076917 0.065158 0.068083 0.091410 0.056481 0.057000 0.148244 0.184560 0.146013 0.114461 0.076146 0.013237 0.060552 0.033280 0.015671 0.052538 0.020379 0.034040 0.024754 0.028059 0.032646 0.023314 0.007556 0.019958
10.960744 0.004795 52.2321 52.2321 0.000000 0.219702 0.100114 0.154101 0.083873 0.266662 0.399278 0.272448 0.197836 0.287365 0.424498 0.345357 0.149855 0.068958 0.080299 0.119503 0.121352 0.091968 0.210070 0.234749 0.136686 0.181534 0.235369 0.042988 0.201162 0.087938 0.212222 0.222035 0.112302 0.026090 0.137448 0.210419 0.212051 0.240198 0.239358 0.205646 0.103848 0.070767 0.109101 0.115171 0.107203 0.055225 0.072011 0.091259 0.117612 0.037055 0.074070 0.154237 0.248109 0.218638 0.160554 0.128549 0.040186 0.164906 0.178871 0.115586 0.100502 0.090597 0.062399 0.060310 0.036060 0.039988 0.061396 0.053790 0.070804 0.076330 0.050881 0.058760 0.060361 0.018053 0.052705 0.055498 0.020509 0.037188 0.033161 0.059553 0.064928 0.083240 0.090649 0.035551 0.035410 0.088162 0.131184 0.071531 0.085553 0.113561 0.081989 0.076931 0.080842 0.064398 0.051549 0.052735 0.063205 0.063039 0.048847 0.053657 0.052823 0.036947 0.043823 0.018072
11.002622 0.004350 30.9832 30.9832 0.000000 0.243941 0.213735 0.171498 0.101538 0.159230 0.321919 0.320877 0.132988 0.251069 0.269565 0.177206 0.156505 0.144727 0.131220 0.117934 0.098077 0.152278 0.263568 0.249194 0.167029 0.222845 0.256498 0.163684 0.149458 0.170061 0.115730 0.182789 0.156213 0.087681 0.079957 0.088923 0.069434 0.221691 0.323223 0.196708 0.111390 0.077118 0.130077 0.221654 0.183255 0.139454 0.093400 0.111854 0.125719 0.079702 0.093310 0.129437 0.195637 0.205859 0.098571 0.068828 0.136501 0.117892 0.057438 0.075405 0.122574 0.103193 0.059363 0.031276 0.060852 0.096504 0.083147 0.096203 0.080479 0.012862 0.090409 0.096060 0.052859 0.015020 0.050200 0.019956 0.035651 0.072173 0.068707 0.029115 0.040526 0.077547 0.051273 0.036882 0.032498 0.072280 0.122076 0.111009 0.054016 0.030489 0.059350 0.061635 0.044331 0.051080 0.041289 0.066383 0.064020 0.026402 0.046404 0.040410 0.056676 0.078849 0.048805 0.035901
11.053691 0.305888 197.8275 197.8275 0.000000 0.106820 0.361758 0.252365 0.094948 0.048755 0.182006 0.295936 0.295169 0.138400 0.084309 0.066612 0.125903 0.250976 0.256579 0.170517 0.120132 0.132469 0.194885 0.193126 0.132262 0.122658 0.258430 0.192438 0.181612 0.163432 0.052551 0.058694 0.169217 0.095802 0.044520 0.088561 0.184484 0.139099 0.248502 0.217187 0.192195 0.285768 0.278648 0.387540 0.409133 0.364791 0.460977 0.442829 0.451998 0.495503 0.458654 0.424054 0.420189 0.477578 0.301282 0.420794 0.276833 0.332308 0.202849 0.313539 0.186782 0.207710 0.122183 0.171293 0.102705 0.109509 0.084000 0.109938 0.083799 0.044920 0.092294 0.085979 0.058970 0.089050 0.098139 0.118936 0.047740 0.044102 0.096995 0.112993 0.053478 0.054224 0.090794 0.041754 0.080805 0.080427 0.122920 0.137057 0.056256 0.052360 0.060478 0.030055 0.049093 0.027583 0.077064 0.070752 0.058816 0.072144 0.068767 0.076537 0.069877 0.072728 0.088577 0.108312
11.105516 0.981206 230.7985 230.7985 0.000000 5.540739 2.532601 3.968335 4.704435 5.399864 5.633670 5.401563 4.672038 3.886850 2.807862 1.969130 1.394992 1.554861 1.366648 0.935764 1.078121 1.475021 1.499873 1.340496 1.397884 1.644870 1.622837 1.113018 1.078253 2.081345 3.089473 3.276748 2.810386 1.528238 0.549269 0.718159 0.800848 1.588780 3.633019 6.196660 8.948610 10.723731 10.329837 8.604797 9.258127 13.882793 20.844935 30.584052 42.880362 53.758244 58.653107 54.826171 43.473252 29.339558 16.915546 10.407099 9.439838 9.256134 7.780383 5.471452 2.807768 1.290439 1.507376 1.817449 1.400194 1.093111 1.513556 1.819531 1.884777 1.805525 1.942536 1.965340 1.776807 1.923592 1.900293 1.355484 1.395425 2.795592 4.343805 5.151645 4.736566 3.460864 2.155490 2.204086 3.575066 5.169274 6.932644 9.170043 11.365356 12.838694 12.931774 11.326211 8.553497 5.193191 2.326228 2.459110 4.243082 5.436059 5.710340 5.024227 4.104449 3.152578 2.156214 1.119635
11.152323 1.194024 223.5404 223.5404 0.000000 7.639732 8.881919 7.684139 11.230622 19.292452 24.005205 23.745437 18.910482 11.408152 5.273162 1.794501 6.313817 8.198699 6.283144 5.880983 8.597330 10.497067 10.017396 8.570481 8.066748 7.865911 5.474188 3.360495 5.586068 10.153295 13.803984 14.976448 13.790279 11.703394 9.539842 7.173154 8.427922 6.970007 7.767941 23.271098 29.225912 21.534614 7.880758 13.897647 30.774030 41.856484 55.504798 88.470544 185.892998 232.972104 175.090156 78.047039 30.780768 18.252629 9.652562 22.790748 29.250361 28.814201 24.340210 18.997531 15.343180 12.251957 9.264007 9.764700 10.445073 4.965917 3.401374 6.090637 7.232434 6.768234 6.372477 9.788434 12.751966 11.162933 10.246701 15.129764 23.350827 27.513724 22.461367 13.822880 11.266072 15.745168 14.008873 8.717287 19.813623 26.335414 33.003947 45.269521 43.805420 28.770721 14.442298 10.194634 13.124986 18.554553 22.767280 22.185343 14.041726 3.396430 9.479896 12.895167 11.733893 10.144680 8.787513 5.657554
11.214367 1.206277 224.3908 224.3908 0.000000 4.948791 8.312347 6.955297 9.795399 19.866845 22.698464 23.623482 22.064467 9.797021 5.482970 8.956106 12.213941 12.199328 9.578842 9.812229 11.612856 13.562996 12.787977 8.071298 6.650734 9.742868 8.354337 5.563050 4.421798 9.835657 13.941373 13.734444 19.392631 22.853744 17.923541 11.325352 11.173919 11.616365 13.715300 24.206790 26.603573 17.376295 11.080127 17.352109 24.787333 12.520543 50.261335 35.242532 205.766737 308.046943 220.042371 84.411807 22.783497 18.867122 15.039053 18.810359 24.133161 25.946980 31.763707 30.857928 21.065450 13.138279 14.376115 21.034301 24.029404 18.559208 11.099247 2.426012 8.214710 9.489078 4.593181 9.810150 18.978376 20.565427 17.752593 13.311178 20.954173 36.130237 33.927930 16.229041 14.882271 27.351981 30.271935 22.775951 24.977793 21.580782 18.510665 39.405399 48.927799 35.212318 10.716817 5.507816 11.492677 20.119746 20.272582 22.163053 22.380329 12.487994 10.251491 16.945254 19.645689 13.188192 10.381061 11.805284
11.272310 1.175007 232.4953 232.4953 0.000000 1.616629 5.011990 6.342615 6.804086 6.889197 4.804124 4.000812 7.972423 9.590856 7.086343 6.800309 7.668606 7.222377 3.326708 4.004939 4.117216 3.690779 5.580489 4.434539 2.446270 2.494283 4.211065 3.372988 2.219042 4.158669 6.997856 5.699618 4.249103 8.755084 13.647900 11.622504 3.028121 4.008021 5.146972 11.005846 10.314991 11.603337 14.017875 25.058812 25.099002 18.667574 26.435853 46.908438 74.557269 121.542313 155.356869 133.733975 73.683114 32.964272 18.183537 12.903371 10.481579 4.572808 5.176866 2.338677 11.555022 14.439679 8.380205 3.167890 4.862838 12.801198 17.423421 17.074394 12.409618 7.666184 6.599552 5.900312 4.316113 6.478474 10.209571 10.172555 8.828126 7.335300 4.598681 12.843710 18.277545 14.633785 7.992029 10.985318 19.421043 21.428400 18.511670 16.532515 15.392797 15.014322 14.441620 14.797240 14.616288 9.069225 1.512111 5.158943 9.385343 7.095580 4.666578 11.868095 11.814673 6.035187 5.443050 9.931036
11.322308 0.709207 227.3475 227.3475 0.000000 4.234886 3.029256 1.095344 0.417705 0.559755 0.708164 0.604521 2.167956 2.486015 2.749716 2.282552 1.067623 0.884293 1.450515 1.926925 1.693965 1.104936 0.799488 0.595397 0.240265 0.606122 0.586014 0.857597 1.474569 1.478641 2.169268 2.991677 2.697340 1.700685 1.257281 2.013337 3.487079 3.480594 1.896585 2.037527 4.055771 5.210743 8.810773 16.245635 22.011374 22.697587 20.446600 19.750192 22.988052 28.840288 30.732263 28.428377 24.862739 20.028214 13.430990 6.057401 1.468194 0.638726 1.441778 1.839022 1.619900 1.865907 2.522924 2.747641 1.894555 0.448311 1.303504 2.238403 2.459884 3.136369 3.387506 2.641071 2.548957 2.291395 1.520189 0.803126 1.737171 1.816821 0.976578 0.514393 1.352802 2.057767 2.876777 2.838676 2.730410 2.750241 3.217117 3.520198 3.614637 2.596439 0.674842 2.677458 3.436499 2.530964 1.025964 0.707972 1.656953 2.430815 2.630673 2.382749 2.310010 2.582143 2.941910 2.839204
11.362522 0.179584 209.4940 209.4940 0.000000 1.397755 0.715294 0.303033 0.134277 0.058231 0.172931 0.327647 0.417627 0.358128 0.314349 0.222208 0.234704 0.271533 0.176711 0.232368 0.390116 0.507245 0.314369 0.046650 0.090239 0.395021 0.323305 0.249517 0.560367 0.787103 0.422627 0.225945 0.358965 0.278388 0.355194 0.397849 0.407031 0.574806 0.756201 0.731239 0.535144 0.885680 2.172059 3.691874 5.556751 7.480955 8.066966 6.062093 2.898939 2.296841 1.990187 0.438599 1.410283 1.412570 0.460046 0.408213 0.209151 0.356532 0.355988 0.355524 0.399342 0.233397 0.165157 0.279521 0.231275 0.136958 0.139820 0.118467 0.139590 0.109914 0.115094 0.088007 0.243517 0.331933 0.225179 0.166997 0.176289 0.145432 0.246239 0.174581 0.186206 0.169234 0.096708 0.116653 0.153986 0.102698 0.090816 0.161965 0.149602 0.085057 0.110857 0.093528 0.098512 0.177942 0.306938 0.327945 0.212315 0.207636 0.157770 0.244712 0.208321 0.091453 0.090998 0.161356
11.416165 0.032265 207.7129 207.7129 0.000000 0.176492 0.145807 0.141816 0.105053 0.083485 0.021755 0.061352 0.094307 0.117205 0.162208 0.128308 0.203128 0.261101 0.144856 0.092237 0.163000 0.153761 0.126634 0.169869 0.196347 0.341213 0.347495 0.166797 0.250747 0.229111 0.248492 0.050905 0.168478 0.083521 0.049296 0.179346 0.172036 0.136149 0.091927 0.219108 0.223098 0.372714 0.317068 0.356503 0.383916 0.501717 0.592360 0.532680 0.435575 0.327919 0.245023 0.209355 0.237282 0.210345 0.285097 0.270312 0.204575 0.158530 0.096241 0.051335 0.043839 0.087720 0.036617 0.047148 0.058542 0.072943 0.058924 0.028694 0.050611 0.062796 0.040618 0.076033 0.091505 0.086379 0.069305 0.069153 0.106320 0.109472 0.090519 0.097966 0.072759 0.039830 0.052975 0.102934 0.065324 0.031242 0.098522 0.075951 0.017988 0.028035 0.022903 0.037099 0.020986 0.029636 0.049850 0.067980 0.090507 0.076054 0.051525 0.054149 0.039838 0.043512 0.074409 0.058897
11.462742 0.004278 20.1243 20.1243 0.000000 0.057966 0.111485 0.271871 0.303319 0.182665 0.097291 0.115010 0.051727 0.096718 0.138779 0.105549 0.226551 0.267212 0.204716 0.247339 0.190134 0.184493 0.177800 0.051590 0.105691 0.279274 0.214749 0.097941 0.060983 0.093168 0.192614 0.194481 0.110028 0.107471 0.157640 0.132017 0.102459 0.119057 0.056316 0.202102 0.267637 0.133600 0.084833 0.134059 0.091666 0.087140 0.068626 0.101112 0.139060 0.120642 0.069535 0.095655 0.198858 0.128793 0.110819 0.055522 0.093378 0.094740 0.101082 0.102543 0.062676 0.062575 0.068334 0.076402 0.108565 0.098666 0.062458 0.082663 0.068744 0.078371 0.090809 0.088130 0.062589 0.037684 0.070629 0.087776 0.104236 0.094664 0.058328 0.034703 0.057653 0.062313 0.057183 0.084268 0.080545 0.031263 0.008844 0.013800 0.012182 0.026976 0.050363 0.045243 0.044897 0.041588 0.064170 0.059185 0.040991 0.029642 0.037938 0.050878 0.044431 0.052435 0.064214 0.050464
11.512366 0.004193 15.5966 15.5966 0.000000 0.077994 0.166481 0.303778 0.259754 0.224483 0.136273 0.123922 0.137779 0.131553 0.126996 0.080408 0.116070 0.199350 0.168826 0.196663 0.235087 0.144198 0.158222 0.157552 0.136095 0.163663 0.265483 0.218672 0.083314 0.141770 0.101206 0.114258 0.135432 0.146348 0.112912 0.086949 0.066176 0.036540 0.063674 0.086872 0.179885 0.237396 0.146749 0.077737 0.080064 0.087525 0.089004 0.062353 0.044633 0.117149 0.158622 0.077662 0.110937 0.185661 0.244520 0.147000 0.104732 0.140039 0.084451 0.085721 0.112164 0.107679 0.079384 0.093374 0.103173 0.057414 0.132646 0.166464 0.138062 0.159155 0.144071 0.129219 0.128398 0.120934 0.098842 0.058045 0.062415 0.111706 0.127257 0.081499 0.020191 0.050534 0.041638 0.050111 0.013663 0.015605 0.078817 0.073337 0.013465 0.027521 0.015488 0.011922 0.041455 0.078948 0.095059 0.085595 0.073540 0.054586 0.043631 0.049871 0.064848 0.059106 0.040916 0.036451
11.560761 0.004231 120.9393 120.9393 0.000000 0.061548 0.107779 0.211364 0.117483 0.106951 0.153671 0.216247 0.298324 0.222079 0.161606 0.112899 0.097018 0.178770 0.198917 0.251556 0.265995 0.135751 0.131255 0.070228 0.143321 0.246175 0.060275 0.290723 0.378848 0.281730 0.129074 0.069240 0.075596 0.050780 0.055926 0.075112 0.089139 0.077172 0.061693 0.070288 0.074885 0.182071 0.193193 0.092181 0.093189 0.063265 0.102319 0.118005 0.100011 0.125327 0.234884 0.242053 0.207627 0.190883 0.188564 0.166485 0.112171 0.109641 0.118295 0.088211 0.067151 0.041781 0.058610 0.034395 0.073348 0.107456 0.110290 0.141656 0.075914 0.175547 0.226944 0.184930 0.119519 0.061016 0.096798 0.107970 0.066532 0.043515 0.052043 0.062466 0.064746 0.053614 0.042927 0.054397 0.033692 0.022246 0.034065 0.074584 0.080312 0.078973 0.079340 0.062627 0.061767 0.045137 0.054287 0.066643 0.050335 0.046077 0.041866 0.055493 0.097728 0.103556 0.050155 0.013388
11.608006 0.297095 5.2387 5.2387 0.000000 0.453286 0.163226 0.116992 0.110500 0.079501 0.098308 0.252188 0.330891 0.385898 0.381843 0.296387 0.188960 0.099375 0.071627 0.137963 0.230657 0.236067 0.210798 0.161143 0.058238 0.256181 0.317998 0.339242 0.369219 0.297590 0.110570 0.043556 0.120345 0.087271 0.098568 0.099851 0.159461 0.160104 0.165665 0.158796 0.215239 0.260203 0.144374 0.280552 0.368970 0.395060 0.235817 0.275097 0.391502 0.379124 0.237583 0.442301 0.289583 0.287032 0.190289 0.287126 0.136590 0.181236 0.180185 0.067019 0.129745 0.141303 0.077029 0.131898 0.132310 0.059651 0.094064 0.158507 0.067022 0.142226 0.083225 0.122795 0.015401 0.121023 0.119572 0.166860 0.090626 0.063175 0.046602 0.013769 0.045328 0.063847 0.066913 0.044458 0.018425 0.036998 0.081355 0.079877 0.065417 0.114679 0.075629 0.083573 0.088234 0.084163 0.039792 0.074253 0.030450 0.030480 0.071341 0.082969 0.127602 0.076883 0.053842 0.066804
11.652416 0.986372 241.7503 241.7503 0.000000 6.583878 5.001240 4.151166 3.844884 3.929047 3.846200 3.216867 2.731005 2.568745 2.287588 2.997931 2.937140 2.780280 2.365834 1.753155 1.248494 0.481492 0.400750 1.132904 1.644191 1.509800 1.603293 1.718936 2.206839 2.878758 3.422049 3.477306 3.015796 2.352279 1.952576 2.008411 2.066098 2.140812 3.010355 5.047819 7.308265 8.926891 9.896949 10.369738 11.261151 12.909050 13.963846 14.287792 18.061005 28.178974 41.198870 51.732053 56.445709 54.049894 46.066974 35.626137 26.120816 18.886411 13.563719 9.239012 5.893731 4.421718 3.982648 3.211498 2.759005 2.981858 3.970713 4.866359 5.180058 5.055274 4.259927 3.232934 2.167749 2.178084 2.919250 3.884744 4.756807 5.353235 5.190823 4.626190 3.733600 2.685079 1.713983 1.133586 0.993935 1.713737 3.053770 4.606117 5.866059 6.629602 6.351476 4.933342 2.643501 1.202295 2.181702 3.424215 4.009936 5.017479 7.042968 9.182836 10.531086 10.798810 10.278263 9.513107
11.702750 1.217579 227.9543 227.9543 0.000000 10.587917 10.563403 7.492540 5.515659 8.385313 16.699994 21.198874 21.680273 20.335193 18.029624 14.191747 9.906872 6.674331 4.780705 3.884803 3.649618 4.603850 6.989034 8.835639 9.187808 8.977883 8.214516 7.635213 8.944713 10.566462 9.365041 5.447022 2.045848 2.972449 6.756621 7.931834 9.312747 14.426144 21.160379 24.821361 19.896932 8.573493 20.823326 33.159713 23.463518 13.110492 31.550486 60.904500 142.382232 224.201089 215.833254 124.569502 60.495946 51.542206 46.258515 36.012258 15.211738 4.944086 12.978138 13.394560 11.595970 9.934730 11.348000 15.920677 19.080736 18.057482 13.451543 7.591374 2.408928 2.115313 5.673875 11.123908 16.111342 19.368126 20.352553 17.670752 11.774415 5.842259 2.665435 0.841817 2.282044 6.648409 15.434016 24.704652 28.853636 30.283867 31.915022 30.437560 27.419567 22.766570 11.400813 5.794198 9.887064 19.459367 31.066451 34.183049 22.743876 13.673777 19.304079 21.169336 20.059239 18.976453 17.794017 15.711494
11.762389 1.231659 221.7897 221.7897 0.000000 9.247207 6.094555 3.289558 6.465002 13.403012 23.744928 27.214650 25.525390 23.766949 20.943754 10.986849 6.894074 4.376371 3.121492 2.565709 5.819967 10.516397 10.171772 8.512784 9.856774 9.485495 5.482670 5.109186 7.908129 8.847513 4.710529 2.306718 2.664440 7.512523 9.051267 6.083589 11.932416 15.527795 19.288876 18.591080 7.949156 18.253859 29.773426 25.305627 20.540701 18.459421 39.692578 169.530595 315.320865 253.101723 66.951194 37.980385 26.313971 30.845119 33.533610 20.768996 13.498914 10.599245 11.357542 9.613321 3.446559 12.928482 17.611103 16.818695 13.701392 7.067464 4.197276 3.558333 2.622475 10.226987 12.660189 15.452030 18.814918 19.163144 11.991610 5.233380 2.836005 4.767685 5.085818 4.365466 20.440331 29.095030 26.329783 25.433145 41.226329 52.681369 51.625937 38.731862 19.927414 8.812802 7.941062 19.997366 29.623745 30.785735 15.253222 12.506168 12.539843 14.173427 9.140778 15.337359 13.030839 16.526824 16.428723 11.679813
11.822392 1.205773 224.0803 224.0803 0.000000 3.936581 1.117982 3.948809 7.753106 11.450374 10.435552 8.555996 7.242547 5.798487 9.606837 5.149449 2.423097 4.577778 4.339887 3.890226 5.324216 7.045886 3.834107 1.718831 2.174060 4.777126 2.731675 1.146964 1.213536 3.582952 2.932099 1.442495 1.594856 3.725034 4.020421 6.575042 9.010517 4.484503 3.035657 7.689748 11.913056 17.152194 21.467120 18.112473 33.989475 35.390850 25.833678 77.474739 161.539276 171.420904 112.554594 48.800581 16.156625 9.862826 13.310131 14.074908 9.512843 4.453522 1.886307 3.272102 3.334433 5.124270 5.327553 2.702440 3.776894 4.129150 1.916233 4.285170 5.547417 6.169375 3.772169 1.175477 2.248892 4.820554 6.894989 2.919183 3.187289 5.503243 7.999914 8.099791 9.586603 9.897594 9.252637 7.216288 9.887870 19.893691 27.199924 27.963143 24.545377 17.551536 10.922832 7.770461 4.747873 9.988947 17.772297 16.038282 7.828584 4.112292 5.102080 5.407749 5.583284 4.334020 7.401674 7.156085
11.872762 0.745654 232.1084 232.1084 0.000000 2.661857 1.161058 2.229575 3.153641 2.597926 2.070268 1.757586 1.716114 2.442854 2.650626 2.000530 1.305540 1.737678 2.732883 2.518926 1.682730 1.896535 2.264632 1.933502 1.363249 1.668868 1.554434 0.831064 0.748675 1.140929 0.846772 1.649827 1.865165 1.495717 1.482541 1.120713 1.244256 4.090531 5.316142 3.065365 2.079841 4.881745 11.951471 20.382364 22.470180 22.123910 23.400197 23.727767 25.244039 30.674089 34.620432 32.141661 24.716437 16.782798 11.432546 5.330637 2.073178 2.237854 1.716632 0.669581 0.833745 1.409258 0.724641 0.410555 1.449696 1.542569 0.893092 1.022982 1.070961 0.821054 1.525635 2.615441 3.117441 2.755839 1.528489 0.610017 0.789556 1.443372 1.627457 1.715636 2.036820 2.710320 3.905270 4.453692 3.719435 1.963834 0.874177 2.146604 2.311672 1.649172 1.610076 1.748028 1.383711 2.185332 3.034024 3.181834 3.213832 2.697802 2.880426 3.884846 4.402124 3.723769 2.540245 2.173205
11.920843 0.195163 206.0176 206.0176 0.000000 0.274497 0.052218 0.246894 0.450035 0.319786 0.226862 0.177371 0.284998 0.397492 0.492534 0.305272 0.227466 0.360141 0.576340 0.410887 0.422537 0.462494 0.355915 0.202363 0.194752 0.445832 0.575503 0.529040 0.279763 0.171872 0.319312 0.384623 0.417914 0.509325 0.467357 0.142684 0.324789 0.225818 0.842304 1.272884 1.621464 2.118264 2.280376 3.547640 5.903007 8.271552 8.043142 5.390945 3.905971 3.810643 2.777256 1.010786 0.477296 0.646686 0.624688 0.579916 0.529197 0.628463 0.696927 0.536294 0.271228 0.148186 0.192164 0.188351 0.269470 0.292667 0.172619 0.223486 0.384331 0.351883 0.201843 0.098409 0.268118 0.392812 0.329606 0.247762 0.254412 0.249610 0.508770 0.319686 0.177131 0.268893 0.198804 0.178135 0.140249 0.085726 0.251542 0.302907 0.299373 0.254805 0.227786 0.124092 0.188202 0.288792 0.227329 0.163616 0.189501 0.149409 0.070524 0.102544 0.143635 0.185077 0.239596 0.231207
