# LRA Full Analysis Data — Replot Source File
# Source file: ramp_90to60BPM_12s_210Hz.wav
# Generated:   2026-07-17 14:00:19
# Accel sample rate: 1690.5-2050.2 Hz per-window range (1912.9 Hz overall)
#                    Each window measured with its own real rate, then
#                    resampled onto the common freq_bins grid below
# Rows:        247 (one per time window)
# Freq bins:   100 bins, 0.0 to 495.8 Hz
#
# MACHINE-READABLE METADATA (used by replot mode — do not edit):
#@duration=12.000000
#@rate_overall=1912.928734
#@rate_min=1690.527009
#@rate_max=2050.225513
#@freq_bins=0.0000,5.0077,10.0153,15.0230,20.0307,25.0383,30.0460,35.0537,40.0613,45.0690,50.0767,55.0843,60.0920,65.0997,70.1073,75.1150,80.1227,85.1303,90.1380,95.1457,100.1533,105.1610,110.1687,115.1763,120.1840,125.1917,130.1993,135.2070,140.2147,145.2223,150.2300,155.2377,160.2453,165.2530,170.2607,175.2683,180.2760,185.2837,190.2913,195.2990,200.3067,205.3143,210.3220,215.3297,220.3373,225.3450,230.3527,235.3603,240.3680,245.3757,250.3833,255.3910,260.3987,265.4063,270.4140,275.4217,280.4293,285.4370,290.4447,295.4523,300.4600,305.4677,310.4753,315.4830,320.4907,325.4983,330.5060,335.5137,340.5213,345.5290,350.5367,355.5443,360.5520,365.5597,370.5673,375.5750,380.5827,385.5903,390.5980,395.6057,400.6133,405.6210,410.6287,415.6363,420.6440,425.6517,430.6593,435.6670,440.6747,445.6823,450.6900,455.6977,460.7053,465.7130,470.7207,475.7284,480.7360,485.7437,490.7514,495.7590
#@n_tracks=1
#@input_spectrum=0.000000e+00,2.066841e+00,2.069157e+00,2.099673e+00,2.118163e+00,2.163932e+00,2.193522e+00,2.255337e+00,2.298735e+00,2.372332e+00,2.429197e+00,2.515765e+00,2.583184e+00,2.688029e+00,2.768818e+00,2.893363e+00,2.989124e+00,3.138154e+00,3.251264e+00,3.431331e+00,3.565922e+00,3.786549e+00,3.952430e+00,4.223378e+00,4.420455e+00,4.772347e+00,5.025233e+00,5.480486e+00,5.790901e+00,6.434444e+00,6.900924e+00,7.779909e+00,8.367519e+00,9.849495e+00,1.068215e+01,1.351126e+01,1.509312e+01,2.192610e+01,2.517399e+01,7.354556e+01,1.542662e+02,2.315120e+02,2.611045e+02,2.243858e+02,1.443195e+02,6.592320e+01,2.287946e+01,2.188603e+01,1.512272e+01,1.376621e+01,1.102295e+01,1.024253e+01,8.801158e+00,8.231646e+00,7.373814e+00,6.908503e+00,6.286309e+00,5.973978e+00,5.530083e+00,5.272604e+00,4.930336e+00,4.727007e+00,4.462087e+00,4.288738e+00,4.072218e+00,3.929240e+00,3.750266e+00,3.628469e+00,3.479459e+00,3.373187e+00,3.247787e+00,3.153266e+00,3.044024e+00,2.962104e+00,2.867365e+00,2.794062e+00,2.710590e+00,2.645108e+00,2.570271e+00,2.512551e+00,2.446724e+00,2.393348e+00,2.334148e+00,2.285735e+00,2.232341e+00,2.187945e+00,2.140070e+00,2.098823e+00,2.054513e+00,2.016907e+00,1.976004e+00,1.941924e+00,1.904642e+00,1.872547e+00,1.838176e+00,1.808291e+00,1.776459e+00,1.748544e+00,1.718506e+00,1.692978e+00
#
# Columns: time_s  rms_g  peak_freq_hz  1 track_hz cols  then 100 FFT magnitude bins (in g)
#
0.436131 0.004097 52.1545 52.1545 0.000000 0.097644 0.105234 0.154743 0.099327 0.142355 0.106198 0.111917 0.091659 0.175586 0.303772 0.284800 0.142788 0.095696 0.128533 0.116336 0.086457 0.048717 0.072235 0.161928 0.195117 0.159500 0.159865 0.206691 0.110059 0.089241 0.065379 0.071422 0.138890 0.256173 0.197537 0.143456 0.093325 0.056968 0.037195 0.054382 0.065965 0.085238 0.098086 0.111321 0.138595 0.107047 0.093033 0.186425 0.156240 0.090586 0.162244 0.117445 0.097837 0.098528 0.101431 0.045341 0.078250 0.162284 0.156521 0.057082 0.131064 0.097312 0.105534 0.081937 0.094172 0.143530 0.126467 0.064975 0.104862 0.206642 0.221440 0.183061 0.129250 0.078052 0.055891 0.111298 0.142866 0.118832 0.088703 0.029635 0.013952 0.027091 0.029572 0.062734 0.071840 0.049494 0.077661 0.109266 0.094223 0.082986 0.062461 0.031952 0.019013 0.017071 0.025147 0.035750 0.032004 0.027726 0.020284 0.085274 0.156362 0.182442 0.136612 0.048175
0.480160 0.004410 69.6977 69.6977 0.000000 0.170957 0.216714 0.060771 0.142800 0.210913 0.226288 0.204407 0.147135 0.124567 0.272024 0.199472 0.118789 0.142413 0.291955 0.191628 0.101132 0.181943 0.249922 0.205174 0.150754 0.140679 0.184451 0.075693 0.046966 0.078773 0.135960 0.193970 0.199044 0.154905 0.135945 0.095615 0.155523 0.128819 0.093599 0.032032 0.082790 0.055079 0.067166 0.148200 0.149016 0.145217 0.177977 0.143259 0.081343 0.027909 0.057850 0.060105 0.032764 0.040264 0.105429 0.183666 0.140299 0.075348 0.140854 0.135856 0.106424 0.093401 0.088651 0.106710 0.071828 0.097266 0.176590 0.181779 0.168065 0.104579 0.055164 0.094191 0.106276 0.056830 0.039874 0.044412 0.029743 0.047020 0.071148 0.048496 0.039891 0.051844 0.057038 0.099621 0.071421 0.048014 0.061888 0.024865 0.027597 0.062276 0.070935 0.052500 0.039913 0.031508 0.033868 0.082624 0.139863 0.161375 0.111323 0.055594 0.028503 0.023209 0.054207 0.082689
0.530024 0.004627 76.5508 76.5508 0.000000 0.198913 0.322415 0.245803 0.211155 0.265773 0.096239 0.279894 0.223475 0.087432 0.154203 0.164077 0.154440 0.175112 0.340503 0.457089 0.452334 0.357480 0.158692 0.150999 0.194482 0.301476 0.269708 0.153336 0.128257 0.119627 0.115523 0.158553 0.130012 0.044497 0.057857 0.131621 0.210573 0.244290 0.172996 0.102290 0.114023 0.143728 0.128984 0.109076 0.127588 0.083515 0.056244 0.121208 0.141175 0.100267 0.049089 0.097036 0.150995 0.106719 0.042197 0.061255 0.101720 0.133912 0.143964 0.167033 0.064311 0.054735 0.046660 0.073402 0.116204 0.105490 0.061862 0.095747 0.070582 0.071543 0.068364 0.038962 0.091715 0.118191 0.057780 0.044714 0.066452 0.059768 0.033727 0.055676 0.107463 0.109182 0.058934 0.031392 0.046818 0.111632 0.154639 0.092273 0.032222 0.033513 0.048455 0.071871 0.077042 0.066417 0.044758 0.043038 0.028029 0.044650 0.036068 0.052024 0.099351 0.089398 0.028939 0.016976
0.580597 0.004754 80.6062 80.6062 0.000000 0.045865 0.310339 0.242458 0.108258 0.236484 0.246945 0.341458 0.344489 0.196315 0.266940 0.333785 0.230313 0.238604 0.244995 0.282744 0.464075 0.409776 0.277453 0.316424 0.346311 0.381132 0.309587 0.222492 0.224845 0.160306 0.140024 0.229743 0.162755 0.153321 0.091557 0.141951 0.160616 0.152462 0.057617 0.071418 0.088415 0.110702 0.109289 0.062722 0.103924 0.041627 0.035501 0.060775 0.053079 0.099752 0.097697 0.132256 0.169004 0.103917 0.038811 0.035109 0.058298 0.138231 0.148237 0.096648 0.072711 0.102375 0.146475 0.115782 0.080983 0.060800 0.066598 0.092621 0.073343 0.049148 0.079054 0.134425 0.137396 0.069896 0.036203 0.059294 0.112597 0.116322 0.103573 0.113338 0.081826 0.062229 0.072366 0.093659 0.154290 0.174748 0.121661 0.074255 0.054051 0.067104 0.059320 0.048521 0.081146 0.086128 0.059730 0.035804 0.030023 0.026570 0.026355 0.041454 0.052295 0.035724 0.021331 0.020216
0.630059 0.004681 98.6490 98.6490 0.000000 0.118035 0.272382 0.257962 0.143889 0.128524 0.202092 0.156093 0.241168 0.198023 0.202304 0.317064 0.241795 0.141570 0.112143 0.088573 0.124323 0.240184 0.235553 0.141706 0.313625 0.174878 0.271393 0.194368 0.151705 0.175343 0.048503 0.220174 0.263025 0.225072 0.206332 0.107318 0.128748 0.083998 0.087784 0.133560 0.105698 0.082397 0.061177 0.086064 0.112585 0.129568 0.128676 0.100847 0.103387 0.131177 0.109981 0.055428 0.043882 0.113588 0.176788 0.098863 0.047337 0.060891 0.142851 0.130247 0.045497 0.089391 0.102776 0.192762 0.132115 0.057338 0.049648 0.063559 0.042918 0.053634 0.088458 0.079737 0.085560 0.071509 0.097404 0.137081 0.138286 0.166036 0.180972 0.133810 0.074395 0.067109 0.062089 0.086674 0.108365 0.103022 0.090657 0.142771 0.045041 0.037736 0.079255 0.093096 0.083552 0.066169 0.042726 0.035877 0.064122 0.073673 0.044030 0.021933 0.016697 0.030686 0.025829 0.015090
0.678136 0.004765 104.0328 104.0328 0.000000 0.151178 0.150899 0.074551 0.116573 0.193924 0.209505 0.111221 0.142285 0.204959 0.124827 0.213166 0.306788 0.175957 0.049235 0.053913 0.139349 0.281410 0.315657 0.264080 0.366198 0.362962 0.201727 0.166958 0.241222 0.132535 0.087936 0.142101 0.117904 0.060122 0.098840 0.167803 0.218569 0.187617 0.069484 0.123393 0.179206 0.124158 0.095557 0.086243 0.065811 0.065785 0.095002 0.129896 0.145360 0.136148 0.077796 0.032918 0.036010 0.089656 0.166814 0.146636 0.046118 0.096744 0.118175 0.116126 0.132422 0.143501 0.147337 0.149909 0.096765 0.043330 0.069281 0.066932 0.047591 0.083599 0.133082 0.109940 0.083217 0.095000 0.111356 0.149806 0.150036 0.146620 0.193792 0.123719 0.071731 0.103352 0.116713 0.114855 0.058212 0.092760 0.098176 0.136596 0.094429 0.067697 0.076435 0.041369 0.029864 0.029583 0.016703 0.021105 0.033577 0.036819 0.046365 0.055141 0.059231 0.069355 0.066628 0.058437
0.722121 0.004715 46.6064 46.6064 0.000000 0.125733 0.125308 0.118830 0.071190 0.147486 0.198289 0.264331 0.383914 0.434218 0.325012 0.287646 0.278685 0.140288 0.048381 0.106255 0.287868 0.419444 0.296535 0.190743 0.260098 0.218622 0.222433 0.198248 0.146584 0.144083 0.114727 0.075349 0.146235 0.159057 0.165385 0.309897 0.338704 0.221057 0.055322 0.129172 0.192327 0.122369 0.117177 0.097999 0.060615 0.048785 0.037762 0.044412 0.051720 0.071569 0.074739 0.068950 0.066220 0.064943 0.123883 0.155340 0.146158 0.120246 0.051087 0.059710 0.110214 0.091656 0.040313 0.045143 0.062660 0.025806 0.096386 0.075616 0.061604 0.078054 0.175770 0.139745 0.070570 0.083295 0.053913 0.086643 0.117396 0.170339 0.125847 0.093572 0.100311 0.080533 0.101272 0.106248 0.071866 0.070047 0.085068 0.110447 0.106221 0.077371 0.052654 0.039361 0.018594 0.022513 0.031760 0.042268 0.054016 0.055790 0.029564 0.051393 0.090203 0.061730 0.044030 0.073288
0.772341 0.004534 46.2743 46.2743 0.000000 0.202480 0.178032 0.076079 0.126344 0.188027 0.109057 0.255069 0.415181 0.448205 0.248149 0.126828 0.157376 0.209631 0.219463 0.265653 0.330535 0.346666 0.224753 0.149525 0.158139 0.175911 0.280843 0.318535 0.274575 0.298339 0.239015 0.153033 0.157502 0.195255 0.257371 0.217466 0.129071 0.212023 0.125247 0.046275 0.163400 0.121847 0.116707 0.056037 0.065136 0.055725 0.053225 0.042472 0.049200 0.094252 0.060232 0.079449 0.126869 0.098283 0.124189 0.230734 0.245008 0.205795 0.178633 0.116947 0.067157 0.076150 0.097493 0.122352 0.159532 0.148739 0.076957 0.029444 0.046941 0.121269 0.183110 0.125672 0.083145 0.077329 0.052336 0.055322 0.165678 0.218181 0.152049 0.107740 0.092885 0.093482 0.097311 0.075345 0.043327 0.035280 0.038813 0.050151 0.064074 0.042792 0.037914 0.028035 0.020496 0.027539 0.023801 0.058456 0.072380 0.046564 0.049239 0.056603 0.049887 0.048535 0.039258 0.031674
0.822120 0.152543 4.9870 4.9870 0.000000 0.630212 0.148019 0.160637 0.311370 0.251034 0.227809 0.168016 0.221858 0.289256 0.096235 0.087660 0.149944 0.194913 0.322320 0.056965 0.089082 0.145225 0.120739 0.122477 0.139066 0.142905 0.280953 0.356876 0.311634 0.231881 0.097837 0.108042 0.037726 0.190590 0.074153 0.131278 0.171065 0.261405 0.149360 0.187198 0.148720 0.090381 0.113378 0.151813 0.124300 0.086047 0.134269 0.096342 0.138187 0.212154 0.084934 0.186874 0.060858 0.208303 0.243937 0.133409 0.229456 0.131512 0.117280 0.049471 0.060559 0.139468 0.181434 0.217913 0.142066 0.102669 0.084100 0.129770 0.139830 0.103520 0.089295 0.067686 0.032064 0.083450 0.128706 0.099922 0.075794 0.042282 0.053206 0.038485 0.041017 0.039961 0.058328 0.040956 0.076857 0.091642 0.065163 0.035502 0.003800 0.009315 0.022944 0.042893 0.052622 0.057732 0.073770 0.056774 0.036208 0.009890 0.026602 0.040819 0.020437 0.015270 0.020801 0.029007
0.872119 0.930880 234.6980 234.6980 0.000000 1.769041 1.743894 1.125030 0.884881 2.362561 4.232320 5.483049 5.621503 5.145110 3.882946 2.510673 1.460681 1.422499 1.822449 2.138130 2.384314 2.468932 2.257610 1.991857 1.733963 1.745239 2.148078 2.177801 2.381924 2.701432 3.051271 3.185209 3.319748 2.819726 1.946523 1.183610 0.824147 1.126395 2.036411 3.883898 6.179515 8.473951 10.506731 12.040830 13.314522 14.325536 15.647962 19.366816 26.276434 34.898660 41.506497 43.894418 41.409286 34.331398 25.709108 17.685350 11.715794 8.228832 6.404788 5.022007 3.703005 2.473931 1.610991 0.963659 0.570661 0.444194 0.643860 0.821830 0.996118 1.528886 1.932903 2.294208 2.718577 3.007673 3.039205 3.045197 3.112924 3.170519 3.243983 3.221973 2.986893 2.707625 2.233038 1.649846 1.306284 1.496736 2.268604 3.708318 5.741225 8.057854 9.976851 10.672480 10.238945 8.602931 6.240542 3.802742 1.909890 0.982778 1.330099 1.852198 2.281340 2.590180 2.772936 2.704764
0.922118 1.173111 229.1928 229.1928 0.000000 4.074052 7.762756 8.622642 8.428501 12.489342 21.343366 29.826739 32.716274 27.053702 15.758676 5.247213 1.022934 4.481578 5.846130 6.412559 6.620112 5.462624 4.048051 4.426312 5.082822 3.894001 5.073561 7.640831 7.278261 5.475046 7.592709 11.565499 10.487280 7.012547 5.074693 3.588546 3.371284 9.344053 15.665990 16.959118 19.715069 26.279447 25.661408 23.577542 25.649230 30.221061 46.259834 61.072523 127.934499 205.441318 202.749840 124.528507 50.091535 27.863920 22.572007 18.074464 16.599693 12.895691 7.020470 3.538496 5.349342 4.966971 3.107874 2.507591 3.645974 3.597693 3.344978 6.099479 8.840051 7.999295 5.480382 7.513034 7.740795 5.428881 6.983503 9.116316 7.055024 6.480889 8.223037 7.292546 4.943436 5.412440 7.321894 7.182416 7.406796 20.577513 43.713506 60.459914 60.109311 44.784486 26.560513 13.468904 4.736124 4.342365 9.865102 11.944221 7.843064 5.705489 9.402884 10.413387 6.595399 1.716110 2.792253 8.439634
0.980574 1.184192 228.9292 228.9292 0.000000 5.814280 9.382070 11.439650 13.838412 15.432111 21.917783 33.503291 40.831456 35.752745 23.733783 11.745111 6.623818 5.196824 3.836215 4.300241 5.431106 3.588535 2.139909 2.332711 6.377809 4.289244 6.240999 7.890643 5.248880 3.355928 6.965904 15.620653 12.831001 5.078405 8.704548 8.483991 5.282289 11.522100 17.063286 11.669753 10.987996 20.948612 13.161839 12.007716 8.746636 12.554785 31.972574 42.367777 124.818010 294.879551 282.300031 137.427431 34.968716 20.784645 11.091788 11.963679 13.303953 9.372328 9.325361 5.346497 8.937345 9.224088 8.017418 7.203959 6.843229 3.993890 2.101535 6.370031 11.386226 8.132635 2.451094 7.286381 7.676998 5.365917 8.264147 8.968387 4.365079 4.627851 10.443582 7.323916 2.147800 4.981243 7.619574 7.169007 8.797726 26.363961 57.431131 80.844090 74.511159 44.224646 22.587269 15.856246 10.965042 13.932757 24.414589 25.314215 14.254954 9.524775 9.356336 13.542268 9.864439 3.479006 4.461139 10.559516
1.039706 1.176967 225.6281 225.6281 0.000000 4.786145 4.122315 3.688209 6.582676 3.994109 4.923722 9.923168 14.941835 12.835628 11.557146 9.395343 6.137320 3.370749 1.900412 2.693090 3.895388 4.200731 2.721469 2.748644 4.679118 6.407436 5.779927 3.508863 0.609102 1.994134 4.879050 9.962798 9.911303 7.530957 7.729789 8.352009 4.247511 6.681999 5.272578 7.884150 11.580570 19.591251 15.608949 18.729971 22.310966 22.595524 33.875962 53.690572 107.052760 170.906107 168.966983 100.711995 40.123141 16.144791 9.471371 8.182247 6.935969 4.712174 6.493611 7.777900 5.886969 3.823188 5.821560 4.931119 3.935169 3.953458 2.496105 2.397776 4.922727 5.177326 4.280643 3.038478 3.667341 3.201243 5.853121 6.198910 2.920003 3.588803 6.579779 4.870239 2.328281 2.205790 2.062738 1.953296 4.486718 11.138842 18.393223 28.952728 32.217728 22.393709 8.203690 3.987543 6.578215 11.536444 18.399290 21.268138 18.951559 13.205543 5.911622 4.362568 9.473572 8.994825 6.845889 5.956361
1.089956 0.744876 244.8399 244.8399 0.000000 2.929906 2.355792 2.450816 2.303134 1.611085 1.115252 0.882959 1.987463 2.207359 1.487660 1.145280 0.651844 0.622119 1.236535 1.590262 1.841585 2.296335 2.233444 2.042007 1.253226 1.266502 1.752692 2.454984 1.430006 0.986189 1.213641 0.766687 2.072811 3.388970 2.392307 1.697447 2.139736 2.301773 3.861106 4.895548 4.196122 3.418683 4.128601 7.704796 16.961862 20.319952 18.971984 18.574940 20.213801 22.716616 25.008903 27.950304 30.301094 30.438310 25.470280 17.492552 8.162463 2.043817 2.366039 0.626433 2.860524 3.094350 2.719720 2.303272 1.786377 1.593565 1.121857 1.151503 0.939926 0.458302 0.643570 1.267139 1.678554 1.835434 1.144835 0.163416 0.840958 0.776611 0.799539 1.118988 2.068719 2.384977 2.108230 2.266742 2.689928 2.422538 1.532183 0.748610 0.605816 0.307856 0.791175 1.177402 0.851112 1.400128 2.472612 2.701720 2.552935 2.096384 1.129326 0.762162 1.576622 3.752133 4.353873 3.473548
1.137976 0.169089 209.1944 209.1944 0.000000 0.307928 0.371153 0.328459 0.372888 0.249494 0.287836 0.228347 0.321471 0.372512 0.348922 0.323703 0.257292 0.163903 0.122380 0.119832 0.164497 0.298311 0.252617 0.152453 0.381357 0.287902 0.126957 0.469585 0.379279 0.489645 0.374824 0.243514 0.387764 0.618113 0.643059 0.645930 0.497610 0.296450 0.332983 0.440241 0.732599 1.351593 1.940071 2.583093 3.864074 5.623988 6.657101 5.954229 3.680486 1.769700 2.681066 2.986848 1.461589 0.602211 0.761082 0.482142 0.248035 0.063932 0.396201 0.573662 0.544193 0.556641 0.488160 0.252706 0.079976 0.071503 0.120723 0.226572 0.294471 0.204628 0.186755 0.288768 0.272863 0.154916 0.251565 0.224417 0.406149 0.419771 0.356282 0.311508 0.398706 0.397780 0.303193 0.426109 0.394095 0.185351 0.118521 0.252383 0.327523 0.298138 0.385872 0.436115 0.288382 0.198955 0.123529 0.261624 0.260727 0.167233 0.182935 0.046025 0.079672 0.132746 0.161751 0.195422
1.180181 0.027306 235.4509 235.4509 0.000000 0.217829 0.213560 0.218058 0.116567 0.195506 0.309722 0.298777 0.167599 0.075991 0.111888 0.166862 0.150093 0.108349 0.094931 0.077380 0.091069 0.197984 0.196741 0.243542 0.370420 0.216336 0.220356 0.324838 0.216573 0.187719 0.060866 0.077312 0.090176 0.114057 0.150950 0.102201 0.108338 0.125789 0.100381 0.141160 0.176543 0.125820 0.075365 0.144143 0.355586 0.347189 0.360375 0.363261 0.298801 0.230445 0.353444 0.402436 0.159781 0.334393 0.284264 0.333169 0.278896 0.176493 0.118013 0.118416 0.100509 0.053606 0.048898 0.047926 0.032347 0.044172 0.053430 0.064314 0.084093 0.122956 0.104384 0.111474 0.139294 0.075009 0.095024 0.103303 0.020859 0.048656 0.039860 0.055162 0.062291 0.065144 0.080756 0.110169 0.097891 0.066041 0.044463 0.084161 0.157426 0.163257 0.169445 0.198311 0.169300 0.138266 0.155066 0.084138 0.054677 0.095103 0.080164 0.023452 0.068340 0.091621 0.059342 0.037444
1.229614 0.004666 99.7992 99.7992 0.000000 0.224230 0.087590 0.210701 0.090136 0.201759 0.163101 0.148289 0.255006 0.183839 0.118750 0.183642 0.097889 0.091482 0.049907 0.148772 0.159773 0.163537 0.307421 0.208678 0.306065 0.190424 0.197031 0.245477 0.188440 0.067504 0.086040 0.081626 0.145953 0.212243 0.175261 0.106514 0.064492 0.063808 0.073978 0.076296 0.079251 0.153164 0.068525 0.144274 0.164593 0.071529 0.133624 0.181679 0.078219 0.096614 0.171723 0.158445 0.096928 0.113221 0.065807 0.047216 0.040715 0.028209 0.049802 0.061338 0.057882 0.042716 0.009519 0.019644 0.020731 0.038131 0.090484 0.103450 0.104125 0.073224 0.089687 0.109622 0.054164 0.044161 0.097373 0.107843 0.068262 0.062512 0.088342 0.068023 0.024519 0.018794 0.048920 0.079992 0.113833 0.107517 0.094524 0.091010 0.083204 0.064186 0.117014 0.097425 0.057422 0.061400 0.059147 0.031257 0.055054 0.037121 0.029554 0.048376 0.083065 0.101371 0.084277 0.061680
1.280578 0.004447 15.0034 15.0034 0.000000 0.171615 0.297885 0.343025 0.205779 0.053365 0.155219 0.249239 0.218050 0.131128 0.096158 0.159262 0.204482 0.242317 0.300882 0.283837 0.169857 0.160083 0.239122 0.203424 0.330545 0.241429 0.128374 0.044009 0.159799 0.204903 0.149096 0.035730 0.193261 0.135560 0.124593 0.152435 0.058625 0.054814 0.114661 0.115764 0.227454 0.255306 0.122985 0.078852 0.126567 0.140527 0.149805 0.134063 0.121321 0.074042 0.094390 0.173252 0.050933 0.059777 0.033696 0.035897 0.061784 0.070186 0.050195 0.040673 0.042268 0.061605 0.093646 0.083309 0.086479 0.129937 0.152796 0.085532 0.088373 0.098837 0.109195 0.066466 0.030917 0.049395 0.118137 0.122200 0.030388 0.087185 0.132507 0.090347 0.043372 0.069905 0.055936 0.102588 0.091625 0.047945 0.046683 0.063954 0.076977 0.032497 0.045447 0.073507 0.066348 0.038837 0.048938 0.056477 0.050390 0.053003 0.037570 0.019708 0.041392 0.073612 0.038047 0.014049
1.330076 0.004851 15.1611 15.1611 0.000000 0.058427 0.173825 0.406588 0.395308 0.191539 0.108199 0.232731 0.211211 0.144960 0.167815 0.060262 0.158419 0.338049 0.379325 0.115667 0.204168 0.097442 0.144228 0.190562 0.314836 0.277254 0.194828 0.118766 0.062701 0.162732 0.135883 0.145677 0.180828 0.168640 0.159238 0.199614 0.214814 0.210064 0.215448 0.158603 0.263875 0.345834 0.197634 0.114644 0.132419 0.071513 0.099083 0.069008 0.055688 0.097461 0.094535 0.146221 0.164200 0.085998 0.068513 0.095036 0.070492 0.074895 0.113829 0.108149 0.072172 0.066914 0.120228 0.158648 0.129627 0.113797 0.138902 0.120391 0.085733 0.057883 0.046465 0.089065 0.059397 0.027061 0.043625 0.108869 0.090646 0.045811 0.072708 0.085749 0.067051 0.040488 0.113034 0.169098 0.175319 0.102513 0.031385 0.044742 0.070437 0.107569 0.078658 0.056829 0.073037 0.075778 0.047571 0.053096 0.050883 0.010869 0.031401 0.040581 0.032877 0.019745 0.036781 0.053509
1.379611 0.005232 73.6654 73.6654 0.000000 0.103197 0.127895 0.177308 0.349524 0.273639 0.130139 0.104683 0.137136 0.151702 0.166281 0.149169 0.081957 0.090715 0.266653 0.439630 0.411350 0.351068 0.248943 0.238431 0.300319 0.134311 0.132956 0.037204 0.112969 0.121890 0.123880 0.132616 0.196601 0.210137 0.185752 0.162727 0.171616 0.234667 0.244609 0.192971 0.252147 0.238484 0.175773 0.305652 0.379706 0.348889 0.274724 0.195382 0.128815 0.079333 0.040520 0.123058 0.163627 0.236413 0.264907 0.241527 0.249623 0.270085 0.234816 0.135504 0.072100 0.123703 0.067948 0.025223 0.044191 0.136613 0.143690 0.052705 0.027638 0.121869 0.117770 0.117703 0.078197 0.055893 0.056255 0.049102 0.041878 0.057933 0.070723 0.084890 0.125184 0.119182 0.079120 0.083685 0.074897 0.091955 0.111586 0.136452 0.153378 0.078819 0.055301 0.060061 0.078071 0.099631 0.098502 0.075208 0.045560 0.034332 0.044526 0.056399 0.058341 0.046719 0.028324 0.026188
1.426970 0.005175 99.6168 99.6168 0.000000 0.198597 0.206838 0.162440 0.172367 0.203541 0.099547 0.027798 0.057041 0.081133 0.128122 0.135912 0.073623 0.083090 0.241358 0.392142 0.385162 0.327916 0.154260 0.298697 0.405080 0.343010 0.206645 0.086583 0.098934 0.046240 0.065098 0.168431 0.290282 0.329646 0.278977 0.247834 0.265492 0.196390 0.087045 0.105971 0.212589 0.226393 0.121255 0.147741 0.360133 0.249910 0.209138 0.196532 0.057815 0.047416 0.149653 0.233652 0.302444 0.301991 0.093673 0.187425 0.229205 0.202511 0.234390 0.237521 0.207585 0.153515 0.063350 0.026847 0.044927 0.065043 0.121584 0.154136 0.153747 0.166034 0.200971 0.161149 0.045359 0.028806 0.024776 0.055031 0.073809 0.097110 0.111651 0.161615 0.184842 0.162536 0.107576 0.051497 0.025171 0.020388 0.032045 0.079215 0.153767 0.094671 0.019647 0.011549 0.018986 0.050258 0.019854 0.048269 0.034675 0.030002 0.036110 0.024186 0.054211 0.066799 0.050220 0.035975
1.470129 0.005099 125.9636 125.9636 0.000000 0.207057 0.255775 0.193786 0.167617 0.095826 0.074646 0.089374 0.132214 0.124341 0.101401 0.103546 0.104405 0.154326 0.218267 0.149896 0.105818 0.240121 0.302583 0.222545 0.181890 0.296930 0.323197 0.265927 0.331980 0.356742 0.295434 0.198435 0.139173 0.178208 0.152267 0.117112 0.172605 0.161385 0.066473 0.081890 0.216747 0.307068 0.264948 0.234044 0.254056 0.224712 0.219798 0.206265 0.077256 0.101891 0.179027 0.145810 0.132053 0.175516 0.189213 0.185545 0.141231 0.087893 0.104995 0.216069 0.246408 0.130196 0.052012 0.045419 0.065167 0.074428 0.083895 0.085892 0.167129 0.034721 0.131700 0.174062 0.077159 0.032371 0.029433 0.055569 0.105871 0.087569 0.092597 0.116463 0.096571 0.082386 0.098981 0.079049 0.026980 0.007910 0.018274 0.085246 0.162118 0.141393 0.061843 0.017453 0.004254 0.024638 0.043115 0.058577 0.068283 0.048108 0.038344 0.051754 0.042640 0.034465 0.039807 0.046668
1.520307 0.544624 5.1630 5.1630 0.000000 3.331184 0.397540 0.423495 0.082498 0.229618 0.180201 0.219989 0.240147 0.228205 0.231841 0.138019 0.319209 0.292955 0.132679 0.207663 0.220416 0.226543 0.196812 0.161551 0.231773 0.118452 0.282927 0.620662 0.561858 0.471929 0.446015 0.259337 0.261944 0.356753 0.297901 0.266265 0.065949 0.164570 0.045612 0.249116 0.164188 0.546393 0.665912 0.836170 1.182796 1.666256 1.740267 2.130396 2.427003 2.567771 2.812569 2.895205 2.838030 2.729880 2.555582 2.403142 2.097817 1.790024 1.633108 1.334361 1.208983 0.979039 0.848798 0.706487 0.534619 0.495209 0.348738 0.509710 0.264461 0.289073 0.133167 0.283781 0.149134 0.149055 0.229754 0.129871 0.158027 0.219236 0.190078 0.129680 0.189719 0.261602 0.181206 0.147479 0.157665 0.163667 0.171473 0.187453 0.212849 0.217236 0.198568 0.204057 0.223621 0.213322 0.186697 0.116898 0.148931 0.146123 0.139821 0.193498 0.354351 0.444596 0.363387 0.579440
1.569644 1.077626 237.4673 237.4673 0.000000 9.286706 8.946323 8.040888 7.465260 8.149762 8.800849 8.336589 6.035680 2.778162 1.089566 1.915954 2.242337 1.822259 1.263781 1.883258 3.695923 4.939073 5.255471 4.229017 3.162871 3.212598 2.658712 1.809515 1.251612 1.702131 2.061781 2.679036 4.321704 6.073215 7.110054 7.220314 6.675815 5.521185 3.348824 2.587819 7.221544 12.676818 16.869202 19.723951 22.930387 28.370716 35.045310 39.566891 44.572692 58.294303 77.267485 87.961049 82.958197 64.928044 41.807158 21.944188 8.838680 1.186820 3.785718 6.077427 5.966162 4.590995 4.689067 5.716801 5.833239 5.004869 4.089347 4.097258 5.132668 6.385854 6.867455 6.217061 4.631056 3.205267 2.544264 2.821119 3.359494 3.821789 3.506638 2.469478 2.180844 2.733995 3.731878 5.445189 7.412851 9.074684 9.851298 8.919019 5.992377 2.093235 3.255858 7.792200 12.133274 15.422374 16.284642 15.178709 13.876643 14.334321 16.030045 17.070109 16.333692 13.584224 9.652684 5.786695
1.620148 1.214035 226.8206 226.8206 0.000000 7.887616 16.238649 14.449661 8.650617 16.421750 24.678761 24.996787 19.880241 13.724666 12.255155 10.189274 4.672279 3.984071 8.998873 14.011676 16.958025 14.150862 7.336817 1.728943 4.724246 6.127031 4.270459 3.356628 4.409700 2.345859 2.754943 8.361783 15.847959 21.610709 20.265004 11.253732 7.065195 14.277554 22.973584 30.147274 22.307607 23.200861 31.358715 28.887613 45.105673 62.316555 55.286734 65.014160 179.889308 268.872125 215.257218 107.031847 69.820995 41.491155 10.876293 4.628351 14.231684 22.300978 17.854756 12.836121 19.335497 19.467808 9.114021 5.023323 11.793555 14.830426 16.074778 17.614382 17.115989 12.875186 7.958793 6.154895 5.496606 3.250851 9.169046 12.193415 9.490955 10.975686 17.824000 22.550875 20.503584 10.617245 18.146040 31.786632 32.771231 25.013304 22.559880 29.989683 41.109740 43.944526 31.137551 23.280184 17.891607 17.368160 31.689285 29.427877 28.132127 28.794133 17.829764 4.883795 8.898149 8.446982 9.311469 11.004166
1.680133 1.217800 226.1904 226.1904 0.000000 1.822477 13.023030 14.384100 11.798242 17.031877 18.952894 19.956636 21.564703 17.806969 16.130999 13.633848 10.802490 11.346062 13.172741 15.466442 17.437991 11.216362 4.757950 1.960994 3.602866 4.904150 3.940962 4.957079 5.546410 3.032929 2.160050 6.247325 11.542378 17.285497 18.785752 12.369235 10.655456 18.641037 26.073130 28.842348 18.432471 24.015676 22.728210 13.244687 17.747930 32.311804 30.703590 95.185076 227.468719 290.272415 180.444808 18.237589 57.035061 44.828726 19.366263 14.396109 22.322878 26.907240 24.539134 23.317876 25.026988 19.143604 9.959707 8.657511 12.172451 10.811957 9.376633 12.714902 13.407952 9.306513 4.245261 3.354024 5.458418 6.546779 11.680214 15.094793 16.746001 19.902659 24.021291 25.545092 19.047442 9.687648 19.384612 33.862032 38.518546 31.947381 24.167522 26.952006 39.825749 38.793905 16.818425 14.520983 18.769682 23.386848 24.169513 8.104170 17.276340 24.596900 20.426510 14.857698 12.872118 10.677619 11.879207 10.045424
1.740169 1.100515 222.7482 222.7482 0.000000 8.604699 7.412857 5.565948 5.835681 7.008728 4.071589 4.164265 6.508162 3.594824 5.766293 5.143842 5.903284 7.958015 5.435243 3.890822 6.438166 4.336309 1.097968 1.002278 1.788492 1.897264 0.459862 1.688237 3.350009 2.672803 1.907834 1.181633 1.827823 2.677674 6.058982 6.836824 7.905141 6.611169 6.047659 9.873842 8.343618 20.560602 33.293661 30.064472 32.235298 33.792432 35.349011 68.557016 105.475352 112.844349 89.758480 54.956040 30.199922 20.312135 13.278601 7.560429 9.799214 9.801303 8.592211 8.889542 9.360437 7.786122 4.779020 6.021457 4.547046 1.877933 1.831883 2.300686 2.755881 1.855110 1.793964 2.067083 2.552314 4.283091 5.489352 4.661115 6.501493 8.015935 7.511302 7.141186 8.045585 8.090047 6.482995 9.327899 13.123127 12.556195 6.749358 2.725807 7.034153 12.520748 14.067217 12.966392 13.549659 13.807233 11.853739 9.458328 6.746028 5.751070 7.042125 8.732478 8.068815 3.189449 2.977193 5.290024
1.790118 0.578951 206.6242 206.6242 0.000000 5.941909 1.196099 0.708553 0.614594 0.772424 1.410644 1.425459 1.272141 1.442465 1.348570 1.072046 1.093833 1.172483 1.185402 1.867073 2.227661 1.853399 1.302845 0.951433 0.935851 1.146571 1.094841 0.638622 0.403615 0.725507 0.950980 0.749317 0.666619 0.754298 0.667375 0.791824 0.973737 0.861292 1.228883 1.789158 2.219901 4.191164 6.580684 9.051790 14.384131 18.116145 17.926961 17.827906 17.015857 13.693464 11.643131 10.331023 8.989474 6.464172 5.525710 4.176151 3.667519 2.314392 2.075709 2.081452 1.638924 1.118128 0.620146 0.252978 0.342204 0.637831 0.811585 1.014023 1.090946 0.955072 0.735746 0.419598 0.142751 0.205377 0.496483 0.490948 0.351450 0.238860 0.216383 0.628980 0.881546 0.887641 0.653765 0.374533 0.230718 0.319937 0.480132 0.686524 0.842830 0.874145 0.751978 0.717496 0.842133 0.577471 0.350318 0.776786 1.018981 1.249376 1.491209 1.633994 1.342887 0.659795 0.774866 1.052294
1.839551 0.099824 210.6383 210.6383 0.000000 0.551465 0.123872 0.227248 0.215791 0.157383 0.159576 0.176583 0.180833 0.109735 0.140536 0.164577 0.128589 0.259050 0.354796 0.223616 0.179055 0.244051 0.185535 0.042267 0.216047 0.155778 0.450452 0.361583 0.199293 0.233908 0.151203 0.155172 0.175490 0.154879 0.118100 0.188502 0.280686 0.193568 0.214667 0.506602 0.441423 0.406938 0.881623 1.587479 2.302172 3.026293 3.575773 3.402399 2.211914 0.949746 0.675694 0.920922 0.915905 0.450628 0.199617 0.333100 0.430808 0.298152 0.175541 0.224112 0.177328 0.243007 0.235943 0.069147 0.189688 0.261496 0.198927 0.153469 0.121897 0.130665 0.068412 0.055806 0.116482 0.115882 0.137722 0.174745 0.137094 0.096163 0.118624 0.119033 0.064846 0.031604 0.068888 0.109478 0.136729 0.110632 0.122798 0.080277 0.092170 0.055259 0.056309 0.068794 0.140339 0.130997 0.074868 0.078621 0.076910 0.063131 0.090752 0.102444 0.100947 0.124751 0.105195 0.079938
1.882869 0.014175 104.9194 104.9194 0.000000 0.275933 0.305605 0.271952 0.232399 0.097023 0.087857 0.168410 0.213353 0.265285 0.207122 0.111292 0.071017 0.124882 0.231998 0.165761 0.042972 0.065605 0.074428 0.119896 0.316658 0.483156 0.364238 0.099633 0.157576 0.227213 0.127359 0.092540 0.081059 0.106444 0.158981 0.164742 0.140665 0.193833 0.229120 0.153579 0.117739 0.126479 0.074463 0.116528 0.071399 0.063510 0.187669 0.298756 0.072894 0.110193 0.230287 0.153865 0.189117 0.073460 0.041030 0.153940 0.188543 0.182555 0.224590 0.255905 0.216064 0.155277 0.118851 0.080876 0.056448 0.059853 0.059373 0.052214 0.066785 0.052500 0.089484 0.131192 0.121595 0.068348 0.040865 0.051984 0.068141 0.069388 0.034095 0.034607 0.021941 0.016075 0.042631 0.087352 0.139529 0.123287 0.055095 0.039831 0.065378 0.057898 0.032478 0.069246 0.147880 0.100219 0.080679 0.116865 0.074296 0.046464 0.065935 0.088890 0.051642 0.033839 0.031481 0.043128
1.929571 0.004958 97.2670 97.2670 0.000000 0.169707 0.210708 0.070380 0.187480 0.110744 0.222954 0.309079 0.286904 0.338614 0.324273 0.216760 0.104179 0.132258 0.242691 0.209103 0.182798 0.218022 0.227835 0.301942 0.309992 0.308745 0.250187 0.114610 0.150637 0.252127 0.228528 0.147254 0.115119 0.160131 0.141044 0.156667 0.183123 0.120133 0.122341 0.141267 0.160823 0.113623 0.121800 0.167006 0.095377 0.199879 0.168221 0.056479 0.095491 0.212348 0.166856 0.014739 0.158575 0.215314 0.200785 0.063551 0.097383 0.217647 0.150108 0.087226 0.042685 0.053990 0.076608 0.042880 0.051493 0.071709 0.097081 0.087069 0.076243 0.122496 0.160446 0.109551 0.071049 0.051497 0.027805 0.024333 0.040993 0.085623 0.093511 0.090778 0.087036 0.068329 0.097989 0.134718 0.086296 0.084756 0.090413 0.035594 0.069976 0.077753 0.051393 0.123916 0.136946 0.093382 0.029229 0.028648 0.031025 0.053267 0.042650 0.031945 0.028323 0.039099 0.055745 0.085977
1.980242 0.004875 30.2728 30.2728 0.000000 0.094438 0.163522 0.195206 0.240215 0.229852 0.375289 0.223190 0.082013 0.122178 0.264191 0.234256 0.146605 0.199350 0.250100 0.163352 0.123542 0.308009 0.343963 0.237446 0.148958 0.230068 0.140593 0.115236 0.264369 0.158730 0.261165 0.330410 0.356270 0.315080 0.232485 0.144276 0.067190 0.043135 0.101163 0.099552 0.135335 0.215751 0.179394 0.165458 0.258301 0.224028 0.100835 0.104039 0.133425 0.078322 0.077045 0.183263 0.257742 0.173099 0.097775 0.116727 0.191870 0.155507 0.101355 0.050232 0.028408 0.089351 0.148611 0.127894 0.105059 0.126477 0.099486 0.052679 0.047756 0.089805 0.137012 0.112810 0.072661 0.062569 0.045484 0.046085 0.091318 0.105147 0.080804 0.111371 0.138662 0.081841 0.076957 0.156338 0.130430 0.092857 0.083098 0.071583 0.056425 0.057233 0.076609 0.061907 0.035989 0.025230 0.020557 0.036554 0.052762 0.043450 0.042376 0.061970 0.044283 0.032731 0.017080 0.049626
2.030130 0.004853 134.4731 134.4731 0.000000 0.097445 0.090613 0.060659 0.174257 0.342972 0.306364 0.182214 0.071432 0.070623 0.149434 0.075952 0.104522 0.154648 0.100040 0.055556 0.191767 0.243932 0.106868 0.084029 0.257595 0.295069 0.094730 0.225117 0.336361 0.296004 0.395911 0.466654 0.317709 0.173036 0.142731 0.079796 0.160741 0.148068 0.101839 0.115134 0.163673 0.183244 0.155638 0.187246 0.230331 0.191555 0.107150 0.136840 0.096629 0.058646 0.118848 0.157418 0.176651 0.113658 0.133316 0.187475 0.190931 0.173153 0.180204 0.168367 0.173896 0.163139 0.151166 0.141528 0.089792 0.070468 0.072784 0.030513 0.066045 0.114562 0.081658 0.052833 0.077962 0.058864 0.019741 0.062643 0.094892 0.073813 0.105701 0.144612 0.131884 0.145034 0.127006 0.056609 0.038369 0.052544 0.055689 0.057406 0.061801 0.066430 0.054508 0.035310 0.018494 0.026869 0.051817 0.048583 0.048257 0.052230 0.056161 0.056575 0.039356 0.030555 0.034363 0.052638
2.080547 0.004775 120.8214 120.8214 0.000000 0.234792 0.198481 0.136039 0.195830 0.155420 0.138529 0.068810 0.058772 0.075286 0.100547 0.090421 0.045104 0.058427 0.097915 0.106694 0.186197 0.259789 0.161414 0.054004 0.167926 0.319924 0.277732 0.315240 0.348539 0.225547 0.154540 0.207284 0.254132 0.168673 0.129249 0.176839 0.258784 0.299449 0.244213 0.136267 0.082616 0.109557 0.058624 0.101338 0.152586 0.199617 0.015974 0.121418 0.136201 0.143794 0.107316 0.114296 0.150455 0.098918 0.118068 0.169602 0.105281 0.070496 0.103969 0.093682 0.118212 0.175010 0.137264 0.160210 0.138082 0.102100 0.085537 0.067071 0.076037 0.076514 0.084850 0.128145 0.186147 0.138856 0.097713 0.139250 0.142396 0.073401 0.026777 0.061254 0.090882 0.070139 0.077752 0.084043 0.047630 0.110753 0.095628 0.048559 0.032624 0.051578 0.068872 0.078611 0.097077 0.097951 0.066500 0.026350 0.053409 0.073655 0.071917 0.036938 0.007770 0.018767 0.026206 0.019201
2.129829 0.004512 152.5128 152.5128 0.000000 0.286696 0.133491 0.205508 0.279339 0.236311 0.209110 0.156635 0.071372 0.130335 0.160574 0.108823 0.127860 0.198254 0.240259 0.236656 0.214876 0.225587 0.155219 0.212872 0.247843 0.108190 0.190320 0.323832 0.224623 0.130889 0.137019 0.086731 0.110366 0.183813 0.290010 0.315865 0.208416 0.162918 0.115481 0.095336 0.169615 0.212563 0.237900 0.219306 0.144338 0.067820 0.043993 0.063234 0.087169 0.075101 0.106163 0.161758 0.121487 0.089571 0.163655 0.096130 0.020268 0.077335 0.137974 0.128342 0.055607 0.111246 0.154469 0.148060 0.164290 0.141930 0.103492 0.026355 0.066063 0.111188 0.198616 0.121755 0.075290 0.159773 0.172114 0.074552 0.028091 0.072588 0.116694 0.036184 0.066854 0.085884 0.071616 0.037493 0.031755 0.060952 0.036302 0.062773 0.032123 0.068206 0.052623 0.043194 0.060029 0.068253 0.073559 0.081926 0.057483 0.033726 0.025229 0.031527 0.040846 0.042707 0.040576 0.035607
2.170107 0.004465 190.3424 190.3424 0.000000 0.222219 0.061132 0.139067 0.237458 0.072141 0.237185 0.235351 0.142822 0.189088 0.135977 0.146337 0.240649 0.249672 0.162766 0.114394 0.079912 0.159948 0.246712 0.151364 0.123432 0.144867 0.123940 0.229691 0.220001 0.147590 0.220827 0.258339 0.200074 0.099385 0.150453 0.246716 0.201744 0.107177 0.133906 0.089860 0.092970 0.281854 0.292625 0.081741 0.134833 0.044118 0.060943 0.107533 0.117790 0.137687 0.075662 0.114339 0.187345 0.189381 0.093954 0.103168 0.116697 0.067942 0.073597 0.124845 0.113494 0.114739 0.120359 0.071913 0.097156 0.141580 0.092593 0.071281 0.090236 0.075536 0.100406 0.114024 0.065392 0.024183 0.107589 0.106257 0.077424 0.035847 0.086834 0.148895 0.112379 0.044806 0.050475 0.033029 0.030769 0.022645 0.066230 0.092797 0.078283 0.078172 0.073970 0.043392 0.035196 0.053123 0.034806 0.014026 0.047801 0.065830 0.035565 0.016919 0.027353 0.039030 0.039503 0.032052
2.226320 0.527441 250.1172 250.1172 0.000000 1.184950 0.394353 0.454667 0.251491 0.517173 0.340966 0.510687 0.508242 0.623428 0.415793 0.376763 0.387659 0.345666 0.336920 0.259397 0.221151 0.193063 0.218135 0.195193 0.146970 0.226576 0.126627 0.165663 0.202709 0.067843 0.130219 0.319474 0.163815 0.344560 0.182815 0.154693 0.244223 0.288487 0.385013 0.314878 0.391483 0.714636 0.827426 1.009931 1.307017 1.533602 2.010640 2.389495 2.576156 2.987253 3.325481 3.496944 3.519332 3.387595 3.520318 3.085838 2.810386 2.578232 2.202604 1.818038 1.613877 1.234889 1.160966 0.928991 0.811694 0.766132 0.511571 0.389241 0.384083 0.365069 0.283245 0.135937 0.177816 0.272597 0.218448 0.100987 0.238295 0.297940 0.247135 0.182654 0.352738 0.164243 0.345272 0.263080 0.188903 0.234147 0.197779 0.123866 0.242777 0.280424 0.292111 0.366207 0.408396 0.457341 0.540796 0.582360 0.605327 0.636787 0.628411 0.628087 0.623799 0.553753 0.554165 0.481359
2.274425 1.054679 226.9300 226.9300 0.000000 1.103712 1.823114 4.117249 7.367088 10.966141 13.875676 14.834437 12.583198 7.950076 3.452256 1.659103 1.648520 0.814093 1.909278 2.624999 2.421818 1.615782 0.668029 0.200861 0.236269 0.611396 0.845113 0.787326 1.232910 2.239871 2.964882 2.593211 1.771545 1.523100 2.273382 2.618902 2.555905 2.655752 3.511163 5.568665 8.545717 14.066876 19.906388 20.721863 19.051710 21.946405 30.773679 47.903766 72.256726 90.994961 92.358161 75.101783 47.941764 23.753819 14.717839 15.022624 12.834396 7.804349 3.012487 1.958188 3.483077 4.502707 4.487362 3.081710 1.874925 2.473976 2.479517 1.282068 0.984909 2.378747 3.238448 3.640919 3.301267 1.767354 1.238796 2.246050 2.436542 1.316362 0.647349 1.140798 1.151083 0.994696 2.836993 5.986788 8.005995 9.206392 13.375009 20.544033 26.091138 26.884037 22.888594 16.981922 11.960442 8.129951 4.477159 2.333609 4.069847 6.801048 8.076660 7.768182 6.078584 3.487544 0.846534 2.346918
2.321236 1.180521 228.5460 228.5460 0.000000 0.917213 4.836292 10.657529 13.925829 17.492301 28.076334 36.354619 33.996266 22.143115 9.349252 6.479094 5.855779 5.434713 6.743174 7.207109 6.346252 4.716183 3.134698 2.574551 2.669846 3.314794 4.454309 4.788294 3.606543 2.890493 6.413104 7.095694 5.389894 6.003563 7.279570 5.107092 2.496280 4.576336 4.003928 7.210212 8.614324 12.064079 32.666144 42.981182 21.258198 16.565593 39.650309 44.831272 78.900590 207.671585 267.703834 194.615811 96.353357 50.511170 20.537191 32.800854 43.189242 28.795186 9.970544 6.745588 2.734600 8.916042 11.943011 10.478746 6.799673 6.874224 9.484147 8.678881 7.285311 8.207117 5.934508 2.991847 10.749938 12.232471 9.396305 9.195394 8.965793 5.926753 3.215460 2.628251 1.435074 1.109541 3.398716 12.142493 25.982857 29.436896 13.584697 36.540464 66.831793 72.232462 54.921413 35.177109 23.819592 16.187427 15.967042 15.571935 11.826719 12.390654 21.855526 24.247198 14.389542 8.346307 8.723874 8.465335
2.385467 1.184417 227.0775 227.0775 0.000000 1.807983 6.464138 11.719165 7.868891 6.331629 18.866054 26.199903 26.568348 21.421281 15.289142 9.929023 2.691558 6.121752 7.840862 4.123804 5.042142 3.515873 2.542490 3.768057 2.870909 3.569175 5.194995 6.856157 5.431855 4.480633 7.466492 5.106483 2.768920 6.173330 7.788006 6.516268 7.805361 8.328219 6.270244 5.519258 7.225009 10.917036 30.019756 40.412281 19.661034 23.091723 21.532257 23.105480 112.408775 253.013257 259.277006 113.633579 37.884778 46.391796 39.673243 43.570485 40.656149 29.265769 17.495425 11.664087 10.779923 9.408011 7.897078 11.378815 11.207248 9.206671 9.417896 10.845964 10.536498 9.390433 8.343551 10.179419 13.733957 13.669672 11.555368 9.218391 8.098473 5.853617 3.923489 3.307835 1.448120 1.381437 7.760470 22.308014 35.508606 37.229152 41.437759 56.008662 61.701109 45.933298 19.150357 11.425070 12.713413 7.584620 22.117986 20.754233 11.575017 18.020955 26.607072 15.580013 4.988571 5.463163 9.937632 9.849259
2.440157 1.069038 222.8077 222.8077 0.000000 3.342795 5.236373 5.018232 4.843666 5.022581 3.384577 4.375266 4.072158 4.605708 6.480868 5.697734 4.336814 4.524650 4.006118 2.987452 2.633758 2.633648 3.212603 2.013416 0.690289 1.326517 1.723476 4.072919 4.554401 4.064419 3.025247 1.077417 2.824863 4.509898 1.664132 4.330409 7.940423 4.484308 1.384459 7.353759 10.250806 17.884248 30.295628 19.473309 19.800005 26.661100 33.462592 75.914522 111.140211 110.364908 77.761780 37.128224 15.930089 15.642837 14.634452 10.904074 10.751957 8.334542 6.601080 5.549945 4.676666 4.667880 6.785771 5.006719 1.719836 2.079751 3.886696 3.374756 3.441651 4.747952 5.252776 5.083726 3.619301 3.276815 1.164536 2.908341 2.145059 1.710852 2.953349 2.369867 3.029940 6.802825 14.131188 17.475238 14.755529 14.302788 14.461975 12.001295 8.266563 4.932215 5.143196 9.299132 13.221948 13.432762 12.098658 12.813104 13.439674 10.890418 5.721105 2.148994 3.935376 4.953779 3.573055 4.837028
2.489645 0.551875 203.9406 203.9406 0.000000 1.999522 1.088745 0.488835 0.165250 0.141515 0.966078 1.166776 1.102833 1.062883 0.623242 0.598379 0.588997 1.311755 1.204032 1.011015 1.577655 1.096805 0.407437 1.440050 1.733879 1.022189 0.228380 0.455207 0.869161 1.045047 0.778892 0.314403 0.455715 0.993937 1.456847 1.834477 1.702609 1.419229 2.180423 3.518620 3.924514 4.162780 6.846281 11.071568 14.337036 15.247125 13.564816 12.931256 13.876264 14.161231 14.481583 14.016546 11.205418 9.158987 9.031811 8.508923 6.400879 2.650842 0.608164 1.011280 1.305633 0.919226 0.594478 0.505425 0.615673 1.189811 1.606366 1.803476 1.630849 0.807281 0.232344 0.410137 0.683195 0.817308 0.669160 0.305060 0.175924 0.312480 0.371562 0.423803 0.710927 1.089066 1.233246 1.222505 1.280165 1.257843 0.972521 0.692915 1.051544 1.532191 1.547759 1.238197 0.911201 0.488048 0.176490 0.096250 0.131595 0.487732 1.123904 1.592297 1.878525 1.673419 1.195285 1.307455
2.540581 0.096754 200.1487 200.1487 0.000000 0.753252 0.388547 0.144303 0.166528 0.198274 0.239346 0.092177 0.103100 0.231337 0.217124 0.280461 0.312657 0.219772 0.100434 0.251805 0.292987 0.273886 0.261287 0.328588 0.356860 0.358482 0.388978 0.275524 0.244512 0.259514 0.150597 0.229984 0.233645 0.255492 0.289446 0.449860 0.408255 0.355703 0.326050 0.390826 0.724939 0.858025 1.775847 2.757142 3.425579 3.400019 2.501388 1.439076 0.390596 0.789527 0.867801 0.560719 0.408429 0.262823 0.373715 0.479725 0.331875 0.426200 0.430527 0.331708 0.164660 0.094727 0.205110 0.247842 0.256358 0.268003 0.141860 0.099812 0.146134 0.102864 0.150159 0.214679 0.151412 0.094981 0.114080 0.087518 0.158435 0.077388 0.062015 0.020652 0.035071 0.030380 0.109621 0.157340 0.128465 0.108174 0.069083 0.076500 0.030668 0.125236 0.029946 0.200128 0.079723 0.087686 0.069441 0.091795 0.083910 0.074651 0.061654 0.043839 0.043394 0.061901 0.063840 0.077216
2.585980 0.013648 119.7786 119.7786 0.000000 0.064968 0.325360 0.210323 0.153734 0.186517 0.198808 0.210531 0.190633 0.232255 0.278957 0.369463 0.340425 0.181338 0.140629 0.231296 0.302512 0.314928 0.272017 0.217027 0.146461 0.137825 0.144764 0.392478 0.424391 0.351489 0.341116 0.123381 0.154564 0.231943 0.202972 0.177023 0.194727 0.153988 0.162256 0.183181 0.249798 0.243193 0.147764 0.069146 0.069279 0.124495 0.149904 0.135624 0.150683 0.152746 0.082858 0.083256 0.101802 0.105149 0.148934 0.227920 0.197834 0.161023 0.200347 0.104309 0.061187 0.035531 0.057066 0.073530 0.076558 0.112895 0.087978 0.089161 0.168455 0.188976 0.113154 0.072984 0.087962 0.059416 0.033430 0.063571 0.055033 0.078236 0.078751 0.028345 0.014535 0.009632 0.009901 0.009610 0.034090 0.052568 0.058134 0.068593 0.040849 0.049108 0.071549 0.089365 0.113789 0.136431 0.102205 0.056500 0.031866 0.026198 0.051196 0.066953 0.056356 0.031890 0.025191 0.009411
2.634502 0.004782 87.8821 87.8821 0.000000 0.172203 0.312188 0.274922 0.230253 0.242898 0.238763 0.165015 0.144897 0.261353 0.302886 0.283234 0.242470 0.138519 0.127100 0.122838 0.176747 0.345139 0.350334 0.157395 0.090858 0.235415 0.321993 0.319227 0.271551 0.161648 0.348185 0.206088 0.075173 0.208389 0.169402 0.122561 0.137171 0.069704 0.103032 0.071150 0.156615 0.256576 0.192548 0.112914 0.073359 0.151035 0.179260 0.103335 0.101276 0.150979 0.175383 0.148995 0.086407 0.040509 0.034053 0.079203 0.154691 0.172637 0.129226 0.076208 0.039447 0.069061 0.090675 0.065395 0.055782 0.098055 0.105269 0.058117 0.191554 0.155773 0.140648 0.158617 0.083600 0.051037 0.063000 0.035778 0.020487 0.070563 0.072414 0.053562 0.052471 0.049771 0.052780 0.069389 0.068955 0.068665 0.100091 0.110127 0.072331 0.034749 0.017708 0.030992 0.044534 0.091480 0.069620 0.042127 0.029752 0.045786 0.058359 0.060842 0.062540 0.041341 0.025754 0.045240
2.681164 0.004672 122.9522 122.9522 0.000000 0.195319 0.193957 0.103562 0.096092 0.095250 0.083255 0.105370 0.061017 0.153467 0.206234 0.176059 0.156056 0.130750 0.111507 0.053610 0.132902 0.304268 0.253649 0.145596 0.187371 0.225143 0.159062 0.193368 0.362196 0.375083 0.184816 0.092561 0.187498 0.236257 0.188295 0.082623 0.044858 0.110549 0.149001 0.106955 0.119947 0.221966 0.110983 0.103500 0.132159 0.225641 0.116540 0.147590 0.153477 0.091422 0.181107 0.127706 0.077838 0.046974 0.051873 0.145818 0.208917 0.101971 0.097111 0.071833 0.048918 0.065395 0.066115 0.055902 0.066593 0.117960 0.136459 0.155329 0.127544 0.100859 0.145997 0.151784 0.082224 0.057471 0.091800 0.104529 0.092483 0.063666 0.035919 0.056972 0.128790 0.124595 0.067799 0.070790 0.080078 0.096060 0.109540 0.054664 0.008158 0.042463 0.033248 0.040015 0.067757 0.011683 0.026764 0.010514 0.023931 0.020307 0.012750 0.050826 0.021220 0.015286 0.027963 0.052225
2.732828 0.004408 122.4202 122.4202 0.000000 0.216218 0.141035 0.046085 0.036219 0.061740 0.111898 0.097739 0.098297 0.222184 0.311006 0.199141 0.049116 0.070655 0.064456 0.109728 0.198634 0.205449 0.222962 0.219812 0.129017 0.060013 0.102636 0.234084 0.370543 0.306891 0.162454 0.163788 0.144491 0.117875 0.154475 0.134330 0.141231 0.155751 0.106479 0.092997 0.158189 0.203623 0.145402 0.114149 0.142713 0.241120 0.281080 0.207082 0.159775 0.194487 0.160577 0.102371 0.155707 0.078549 0.077444 0.182883 0.122159 0.133607 0.097251 0.099381 0.082926 0.013455 0.031524 0.078464 0.125515 0.075625 0.144436 0.106013 0.081204 0.085049 0.084701 0.093011 0.063118 0.078882 0.108038 0.096824 0.081671 0.056049 0.062185 0.114990 0.165126 0.142823 0.100238 0.090465 0.075448 0.059233 0.048340 0.034171 0.050352 0.072297 0.067078 0.079733 0.097325 0.072505 0.043999 0.046559 0.038968 0.032848 0.061465 0.081774 0.058489 0.029650 0.027065 0.060268
2.780667 0.004707 125.6655 125.6655 0.000000 0.245016 0.130903 0.076930 0.101595 0.059895 0.192842 0.168250 0.175108 0.120026 0.304400 0.153976 0.078244 0.093280 0.066608 0.129525 0.169183 0.055211 0.108077 0.113960 0.098259 0.100907 0.203005 0.100026 0.295146 0.422069 0.261282 0.117217 0.158657 0.145874 0.195238 0.200995 0.114736 0.105083 0.079784 0.041691 0.191400 0.162239 0.103289 0.105783 0.172437 0.270545 0.171413 0.053040 0.099511 0.158846 0.137336 0.187323 0.186233 0.135913 0.151136 0.127499 0.130924 0.060877 0.081226 0.074789 0.075637 0.102225 0.125879 0.115686 0.075054 0.102323 0.111901 0.057915 0.026692 0.027086 0.028841 0.039158 0.077909 0.104206 0.079290 0.056227 0.079210 0.094004 0.066954 0.107942 0.085850 0.065981 0.030750 0.029398 0.036840 0.037143 0.038685 0.063266 0.080161 0.053354 0.059551 0.112109 0.125357 0.100070 0.071308 0.033146 0.040124 0.070963 0.078405 0.072726 0.073490 0.084958 0.082128 0.114074
2.830035 0.004856 128.4601 128.4601 0.000000 0.206822 0.174205 0.121563 0.155667 0.151128 0.155047 0.239717 0.277138 0.244982 0.303487 0.291026 0.174837 0.061401 0.083009 0.074909 0.157456 0.214741 0.166939 0.154525 0.186088 0.256934 0.251029 0.157821 0.233234 0.375706 0.336164 0.157978 0.069794 0.158270 0.192675 0.258962 0.275151 0.153086 0.099230 0.103565 0.130325 0.188983 0.216665 0.162002 0.155892 0.085609 0.131721 0.216921 0.131020 0.138088 0.068856 0.018400 0.084100 0.174226 0.159464 0.175110 0.262365 0.211491 0.067929 0.070240 0.099168 0.104189 0.122235 0.092916 0.077692 0.100030 0.112401 0.157439 0.166826 0.105563 0.090667 0.086628 0.074169 0.083529 0.134254 0.157859 0.103810 0.054457 0.095850 0.151881 0.131852 0.061763 0.043016 0.062535 0.022672 0.045128 0.053526 0.018888 0.031281 0.034460 0.042991 0.039200 0.036239 0.064574 0.094352 0.058705 0.052708 0.054491 0.035767 0.046862 0.041196 0.050118 0.050027 0.066568
2.879584 0.004953 105.2762 105.2762 0.000000 0.055518 0.082406 0.055606 0.172321 0.126282 0.086930 0.079356 0.169656 0.248032 0.197779 0.181364 0.182652 0.089455 0.057224 0.096386 0.220497 0.343868 0.358180 0.223909 0.112191 0.415717 0.410948 0.179274 0.118608 0.242333 0.109876 0.185688 0.166120 0.143557 0.219023 0.298162 0.325274 0.336924 0.323004 0.250503 0.229179 0.165419 0.152744 0.180276 0.034392 0.078665 0.051793 0.091560 0.202625 0.216828 0.122900 0.083772 0.062219 0.062642 0.065183 0.111177 0.195238 0.269736 0.254324 0.122413 0.054045 0.096709 0.191835 0.167306 0.074743 0.155579 0.117916 0.125423 0.208208 0.177425 0.110199 0.089586 0.109757 0.126784 0.079986 0.091799 0.121003 0.086752 0.050346 0.041785 0.079881 0.163016 0.132772 0.030925 0.052801 0.089801 0.102050 0.125642 0.137959 0.119319 0.128235 0.106412 0.074029 0.038236 0.021293 0.020359 0.030878 0.069060 0.096316 0.069898 0.040612 0.054469 0.079932 0.068241
2.926931 0.287534 5.2468 5.2468 0.000000 0.564955 0.082381 0.114688 0.284521 0.282014 0.148469 0.052915 0.100348 0.119737 0.089086 0.142529 0.199978 0.180465 0.161523 0.195462 0.272167 0.205282 0.238897 0.362406 0.386941 0.378244 0.247026 0.168030 0.140569 0.209404 0.300832 0.275241 0.238804 0.131332 0.170440 0.180993 0.121852 0.161623 0.309989 0.328951 0.259276 0.301489 0.242137 0.316975 0.256489 0.245616 0.344235 0.316094 0.175693 0.463203 0.322154 0.244568 0.314096 0.321786 0.332385 0.268774 0.229226 0.259959 0.277528 0.263111 0.226728 0.154071 0.194229 0.280954 0.129106 0.204050 0.047687 0.144697 0.185449 0.118357 0.080064 0.060111 0.061185 0.098968 0.114918 0.081110 0.110086 0.086837 0.040372 0.043844 0.073221 0.116837 0.145764 0.112363 0.066953 0.074409 0.091783 0.109271 0.173095 0.132643 0.133470 0.128034 0.038767 0.027588 0.037437 0.043200 0.089024 0.100022 0.116023 0.063761 0.056283 0.049251 0.067635 0.062971
2.970146 0.976093 227.0451 227.0451 0.000000 1.896916 2.801856 3.777836 4.750644 6.203721 7.065803 7.520569 7.070475 5.846231 4.531368 2.956455 1.513145 1.107946 0.592431 1.102241 1.158184 1.196314 0.934933 0.292296 0.263010 0.706628 1.027031 1.498753 2.396050 2.761375 2.904905 2.071991 1.243546 1.256080 2.270812 3.051670 2.799368 1.824583 1.335942 1.833646 2.436875 4.126825 7.205353 10.518303 13.799025 17.325970 22.993282 32.880989 44.801186 53.788200 55.866717 49.666140 37.693794 23.879370 13.608053 9.230100 7.159522 5.682072 4.903198 4.655494 4.010127 2.977892 1.945287 1.522901 1.548429 1.686107 1.584820 1.442031 1.245627 1.026367 0.746181 0.990982 1.446090 1.753798 1.830176 1.785320 2.170581 2.641628 2.512476 2.134918 1.784766 1.966750 2.243482 2.822589 4.191636 6.671538 10.016203 13.287097 15.790792 16.652322 15.346162 12.347661 8.562420 5.491375 4.172520 3.894864 3.210133 2.128499 1.469530 1.611666 1.890918 1.743135 1.266132 0.748580
3.020129 1.179499 233.7836 233.7836 0.000000 5.912893 9.510133 12.425504 12.668764 15.154821 23.854323 31.384858 32.743474 28.430946 20.376806 11.391246 5.748749 3.360622 1.242935 1.685567 4.302853 5.535198 5.029583 3.721551 3.434083 3.571786 2.198280 3.023131 6.002961 7.445103 6.968361 5.066283 3.207284 2.153978 4.916740 7.199511 9.359054 10.730720 10.712490 9.917462 6.460710 6.498147 14.417449 23.059420 21.138083 19.138003 40.161675 50.936636 56.267944 139.726819 225.018971 216.562127 130.080064 52.960145 22.234724 18.053216 18.300493 8.479058 6.711253 12.224238 14.093043 11.907417 5.991439 2.335079 5.180564 6.084357 4.919399 2.630152 2.757967 3.608744 2.457046 1.779862 3.601611 5.919776 6.563040 3.727787 2.130547 6.706764 9.226184 7.621026 2.995905 1.973569 5.353424 5.822499 3.304797 9.352418 17.840293 29.457852 51.219329 70.116667 66.909806 43.331649 22.833331 17.722068 9.568020 6.900489 14.704544 14.588035 8.340802 6.097807 6.335359 5.427531 2.850472 3.407617
3.086458 1.188739 221.2732 221.2732 0.000000 5.045886 8.522870 12.235650 6.564860 12.615071 27.084292 33.160146 31.321716 27.040155 18.066761 6.565346 5.481857 4.859630 3.349310 3.376114 6.731821 6.284790 3.744774 4.305926 6.512417 6.927700 6.528881 4.307918 6.172427 3.869189 2.704142 3.249624 6.002103 4.458681 5.421371 12.558311 11.698815 11.742737 13.010825 12.515532 10.366959 21.851341 14.819086 19.569241 35.806015 19.193649 67.315659 226.806642 311.727000 193.113722 37.146605 18.087764 10.970692 18.402186 15.346312 9.759035 8.752194 11.297288 12.587853 9.731303 7.469970 5.255703 5.750377 6.582936 4.604383 5.177496 2.540829 2.898423 3.277812 4.836380 7.416953 5.607892 5.204121 6.633434 8.402687 10.809506 6.437645 2.586558 7.031689 8.999076 7.790993 13.768492 14.688569 30.290553 65.074203 79.103873 55.386977 10.601504 19.685557 18.665487 12.454670 19.517382 25.907407 19.260251 7.431056 5.386110 7.999573 4.107234 5.045831 6.443550 10.454989 12.542080 9.924314 6.027270
3.140244 1.160790 222.0407 222.0407 0.000000 1.547997 1.463449 4.360970 8.649071 10.137933 7.442778 7.779739 6.249849 6.407418 9.623943 8.196308 6.211099 5.745438 3.461938 1.555971 3.088914 3.730864 0.980319 0.051333 2.928063 5.423377 4.975690 3.190558 2.814703 3.316869 2.947798 3.179400 4.583301 3.615004 2.024674 4.751387 5.759242 2.595220 4.797412 5.482045 11.157195 17.915759 23.655493 11.330794 32.410341 35.822373 34.293532 76.294836 141.348262 156.107781 106.486558 44.045534 12.430573 11.027621 8.749434 9.169088 6.829145 2.173493 1.527165 3.656138 4.236561 4.766515 4.635840 3.143388 5.094384 5.628738 4.485693 2.365813 1.447242 2.193244 1.841795 4.269894 3.948019 1.035661 3.163926 2.164447 4.642334 7.838940 6.236062 5.101325 6.729697 6.346544 4.919660 5.746816 7.653705 14.897463 23.101657 28.113221 25.237141 17.200621 12.954940 11.403741 5.700924 9.490445 16.326135 15.676794 9.479533 5.866307 7.046693 6.931461 3.589439 0.871277 3.367172 4.634559
3.195519 0.692338 235.1624 235.1624 0.000000 1.202757 0.640083 1.601459 2.821925 2.784033 2.185752 1.872425 1.663329 1.812229 1.522710 1.267486 2.188612 2.652039 2.238728 1.241771 0.827647 1.555268 1.630854 1.148414 0.598944 0.729195 1.247981 1.078011 0.875942 1.308841 1.699442 2.079385 2.408294 2.644339 2.444576 1.468348 0.739592 1.537520 3.204632 3.434098 1.806511 3.331676 4.761595 11.374148 18.812313 19.755663 18.602231 20.208674 22.171482 22.446094 25.002828 26.267373 25.264355 20.968523 13.243838 8.314763 6.864265 3.376280 0.466897 1.192140 1.620999 1.230071 0.611473 0.412454 0.598830 0.739291 1.251227 1.603841 1.718397 1.703190 1.221841 1.113233 1.140128 0.605108 0.717144 1.429918 1.814066 2.015235 1.935959 1.500496 0.993831 1.335175 2.153934 2.504810 2.197883 1.914530 1.865800 1.317811 0.940030 1.338731 1.522819 1.260533 0.423517 1.011496 1.686761 1.359739 1.206832 1.241564 3.010633 3.601833 3.239109 2.848359 3.048730 3.217716
3.240232 0.149733 204.4443 204.4443 0.000000 0.817039 0.197351 0.244562 0.411149 0.300393 0.194974 0.132420 0.287891 0.242833 0.368747 0.394268 0.117265 0.281066 0.123573 0.566584 0.471808 0.224598 0.266213 0.315800 0.115004 0.268559 0.297526 0.273976 0.354311 0.118728 0.078680 0.191552 0.241238 0.289335 0.358665 0.445611 0.209535 0.341330 0.618850 1.084118 1.455679 2.018409 2.903812 4.395315 5.854276 5.827244 3.959928 1.993049 2.394562 2.328481 1.054473 0.209492 0.336826 0.136077 0.435743 0.583700 0.600636 0.512236 0.496702 0.204103 0.071449 0.135616 0.166368 0.186604 0.092661 0.176818 0.197610 0.284161 0.208492 0.146556 0.145439 0.146565 0.240883 0.168594 0.126596 0.300486 0.265561 0.099611 0.129759 0.308374 0.299643 0.266921 0.292096 0.238177 0.117156 0.136864 0.187378 0.160767 0.044760 0.060243 0.123416 0.069734 0.059932 0.116033 0.117070 0.092954 0.105478 0.143849 0.227181 0.253843 0.213557 0.166263 0.139810 0.125280
3.290038 0.025095 15.5210 15.5210 0.000000 0.053857 0.225266 0.377624 0.262446 0.173499 0.272750 0.352235 0.325900 0.131103 0.034922 0.180765 0.272902 0.176832 0.131842 0.202774 0.195655 0.138821 0.148629 0.146993 0.138838 0.192809 0.225716 0.157535 0.067692 0.194184 0.224603 0.132904 0.076211 0.025493 0.121200 0.287137 0.090687 0.052792 0.050082 0.151085 0.173496 0.259881 0.166457 0.252931 0.096340 0.243284 0.314011 0.283890 0.285276 0.326313 0.257963 0.238505 0.233060 0.185657 0.265626 0.263276 0.166428 0.124747 0.149128 0.118290 0.069533 0.136106 0.086525 0.106764 0.157858 0.188548 0.100733 0.035479 0.123157 0.118461 0.099465 0.072825 0.062210 0.132384 0.136585 0.058792 0.114696 0.115521 0.107596 0.132902 0.132776 0.102710 0.055141 0.033242 0.063899 0.084914 0.061880 0.036347 0.027177 0.038034 0.080065 0.080462 0.086970 0.072114 0.013193 0.065923 0.109836 0.094729 0.091833 0.073161 0.075720 0.070911 0.043940 0.062396
3.340263 0.004733 40.7534 40.7534 0.000000 0.014009 0.226133 0.286564 0.208442 0.103675 0.206406 0.473441 0.574558 0.367765 0.240933 0.219670 0.166463 0.120084 0.089285 0.098502 0.162857 0.108817 0.152615 0.171008 0.106124 0.089660 0.172924 0.196872 0.221984 0.253063 0.192846 0.112652 0.118877 0.174901 0.226713 0.240286 0.174142 0.079676 0.080377 0.179123 0.217644 0.181431 0.185397 0.169492 0.105456 0.068766 0.029448 0.066151 0.097437 0.127050 0.103694 0.105653 0.114427 0.115367 0.182034 0.196371 0.072656 0.085143 0.096568 0.088089 0.085596 0.041657 0.054663 0.016461 0.107284 0.102518 0.086756 0.063464 0.135584 0.163443 0.058815 0.095929 0.176409 0.170443 0.088256 0.082246 0.172448 0.202141 0.143129 0.077826 0.030187 0.022761 0.030271 0.044995 0.049299 0.027026 0.013933 0.013469 0.036444 0.037921 0.063907 0.086894 0.057562 0.037584 0.064055 0.067305 0.053475 0.070844 0.045978 0.027170 0.042953 0.045669 0.026467 0.020087
3.388299 0.004785 41.3531 41.3531 0.000000 0.093256 0.234528 0.220637 0.146007 0.206510 0.174632 0.193883 0.503779 0.533927 0.194898 0.127569 0.100859 0.059955 0.121519 0.237609 0.306813 0.277695 0.221925 0.223529 0.227148 0.147825 0.114621 0.257216 0.280132 0.134032 0.141441 0.217047 0.210332 0.199290 0.099688 0.108507 0.173038 0.152834 0.116280 0.084175 0.125223 0.096203 0.084701 0.110263 0.106729 0.118785 0.088312 0.042897 0.028583 0.100172 0.134932 0.121287 0.106558 0.067480 0.027225 0.064402 0.116096 0.081071 0.062826 0.035920 0.052265 0.029647 0.078656 0.076029 0.046919 0.062178 0.020445 0.089235 0.049269 0.076701 0.147904 0.173995 0.158142 0.069372 0.117174 0.105575 0.064764 0.146990 0.171195 0.083106 0.034611 0.037810 0.032669 0.015954 0.015737 0.027118 0.052861 0.085104 0.092084 0.093216 0.081860 0.058742 0.054004 0.043350 0.084489 0.115603 0.075946 0.049401 0.103009 0.056822 0.014232 0.019671 0.020206 0.007658
3.436020 0.004612 41.5707 41.5707 0.000000 0.156892 0.215830 0.146911 0.162747 0.186164 0.081968 0.153259 0.356363 0.382532 0.281688 0.226608 0.244941 0.271698 0.276846 0.247873 0.246469 0.301239 0.265703 0.216445 0.281624 0.155868 0.229351 0.276155 0.135915 0.170073 0.115745 0.120551 0.130729 0.158278 0.035746 0.153011 0.152261 0.146486 0.164073 0.121874 0.102872 0.121494 0.126128 0.125299 0.145005 0.163832 0.153850 0.109673 0.070067 0.092514 0.143770 0.143422 0.098061 0.053137 0.072018 0.103384 0.126890 0.094928 0.105603 0.096647 0.040128 0.072738 0.109025 0.137272 0.113703 0.111364 0.119198 0.110611 0.057059 0.034654 0.048735 0.117621 0.136383 0.087782 0.068551 0.079009 0.086845 0.126514 0.165225 0.085013 0.026521 0.050002 0.078573 0.056310 0.021700 0.039284 0.076319 0.128721 0.112832 0.114487 0.146377 0.100475 0.077801 0.086447 0.121768 0.135836 0.110737 0.097424 0.100267 0.086846 0.051698 0.017696 0.004046 0.010498
3.482987 0.004883 98.6381 98.6381 0.000000 0.079260 0.195819 0.137022 0.085302 0.164885 0.213533 0.251495 0.183734 0.103383 0.134176 0.120560 0.155248 0.230190 0.270960 0.224041 0.127573 0.134182 0.267938 0.420754 0.446916 0.377897 0.319148 0.242659 0.143855 0.120300 0.044694 0.054466 0.074275 0.152285 0.180995 0.190430 0.253321 0.247908 0.064100 0.108397 0.107275 0.097713 0.174161 0.200011 0.109314 0.087672 0.112898 0.112947 0.078134 0.072463 0.115896 0.080718 0.084970 0.077099 0.058897 0.062542 0.089198 0.072141 0.121534 0.116444 0.072930 0.110310 0.023544 0.133098 0.117906 0.103527 0.087413 0.064508 0.062656 0.049270 0.065253 0.086552 0.058477 0.027702 0.030887 0.033579 0.064320 0.148148 0.186607 0.128594 0.071594 0.087328 0.105156 0.053583 0.018941 0.046117 0.101257 0.114475 0.006884 0.015780 0.102089 0.145316 0.095905 0.033042 0.094764 0.104148 0.078295 0.068315 0.050092 0.036463 0.026863 0.014892 0.008936 0.017593
3.531630 0.004686 15.4228 15.4228 0.000000 0.020795 0.252387 0.392163 0.355055 0.192158 0.194902 0.345931 0.288696 0.308732 0.316871 0.313921 0.262497 0.236620 0.274945 0.247646 0.164648 0.168240 0.160096 0.230328 0.284200 0.215833 0.148737 0.126329 0.196188 0.176548 0.121551 0.142649 0.109814 0.083704 0.125526 0.136980 0.223581 0.323450 0.190806 0.051594 0.117275 0.139607 0.151884 0.064829 0.129491 0.120797 0.082644 0.150631 0.164136 0.078373 0.123535 0.134792 0.114966 0.088094 0.065601 0.055210 0.034673 0.045392 0.063734 0.075978 0.092819 0.112907 0.143492 0.135275 0.088854 0.061040 0.049581 0.054188 0.053912 0.047850 0.042802 0.052423 0.035918 0.032807 0.057469 0.054836 0.073606 0.128920 0.105161 0.066924 0.103249 0.121632 0.046499 0.023613 0.038758 0.040029 0.118941 0.112305 0.096827 0.057989 0.091720 0.120605 0.058853 0.064861 0.121839 0.140558 0.109666 0.067400 0.039223 0.027810 0.017930 0.011760 0.021588 0.033678
3.580419 0.004561 60.8980 60.8980 0.000000 0.065899 0.233266 0.397180 0.307930 0.225022 0.236135 0.376326 0.405975 0.311825 0.275889 0.331703 0.401918 0.162007 0.187108 0.155661 0.080975 0.143309 0.174028 0.126153 0.111602 0.101017 0.067408 0.113698 0.236947 0.290086 0.177535 0.084361 0.052182 0.042847 0.122674 0.242026 0.263953 0.202507 0.166207 0.166876 0.126097 0.107517 0.147259 0.175362 0.128201 0.112826 0.193434 0.195821 0.132135 0.113167 0.128446 0.094962 0.090503 0.101187 0.060569 0.071834 0.041713 0.071235 0.104148 0.097240 0.064815 0.101311 0.088951 0.114519 0.066521 0.022040 0.070163 0.114179 0.134441 0.119475 0.079593 0.026594 0.042556 0.037190 0.083099 0.095866 0.027239 0.016730 0.032398 0.066175 0.084468 0.051935 0.015313 0.029444 0.089480 0.115705 0.073111 0.122865 0.121503 0.125875 0.115549 0.093601 0.072367 0.070571 0.089988 0.079842 0.052841 0.071321 0.068815 0.031024 0.015526 0.045017 0.044095 0.054247
3.630028 0.004471 63.4785 63.4785 0.000000 0.010743 0.137303 0.204561 0.080205 0.081963 0.068459 0.110751 0.206916 0.175961 0.142619 0.212457 0.284411 0.315040 0.226304 0.167635 0.094663 0.063741 0.138652 0.199016 0.156121 0.193998 0.180814 0.106614 0.117487 0.105431 0.225180 0.264046 0.161510 0.069015 0.059097 0.096377 0.125068 0.160663 0.098793 0.051754 0.066974 0.174156 0.123490 0.102044 0.236399 0.167489 0.154015 0.221762 0.167975 0.093415 0.086125 0.079007 0.070319 0.100630 0.139978 0.168849 0.167307 0.112131 0.060441 0.102529 0.169218 0.112640 0.116591 0.124069 0.086817 0.089094 0.057465 0.043263 0.030424 0.056758 0.107455 0.121275 0.111756 0.098073 0.065142 0.045699 0.031290 0.081172 0.082051 0.032875 0.036490 0.078157 0.092858 0.071095 0.100274 0.091102 0.064518 0.099186 0.134727 0.111277 0.067995 0.058926 0.073271 0.053516 0.030197 0.043485 0.019893 0.014925 0.037639 0.014815 0.023098 0.073984 0.100853 0.080281
3.679522 0.676996 244.3991 244.3991 0.000000 1.986892 1.044827 1.082216 1.012767 0.801652 0.606107 0.643180 0.650630 0.324591 0.740855 0.363813 0.698628 0.598706 0.647966 0.665167 0.538078 0.533064 0.533354 0.624988 0.265477 0.496540 0.367734 0.438656 0.467768 0.867804 0.755372 0.811428 0.983433 1.012604 0.868196 0.995753 1.010277 0.704719 0.643027 0.767735 1.305712 1.586160 2.324910 2.681987 3.070040 3.868511 4.484818 5.345418 6.287186 7.127335 7.774733 8.135190 8.214423 8.075760 7.263927 6.439358 5.424480 4.434518 3.316121 2.444757 1.686376 1.167171 0.840533 0.845473 0.835159 0.957453 0.986327 0.984206 0.958153 0.910323 0.866355 0.659950 0.454542 0.312464 0.267278 0.228806 0.311682 0.347576 0.557519 0.570017 0.691787 0.691881 0.662402 0.724869 0.836000 0.858446 0.908971 0.971749 1.005628 1.055554 1.053570 0.993945 0.968289 0.973833 0.920786 0.959648 1.031445 1.028997 1.031969 0.942114 0.939355 0.813847 0.713783 0.715955
3.720176 1.127037 235.8126 235.8126 0.000000 6.060030 8.140784 8.234295 7.923800 10.168355 13.462569 14.694444 13.308944 11.320788 10.645281 10.287143 9.111359 8.055331 7.743993 6.854138 4.846599 2.226493 0.522949 1.878965 3.097185 3.918811 3.775296 2.613896 1.922223 2.426147 3.391041 5.782441 8.852311 10.746529 10.218212 7.890535 6.620921 8.002237 11.006179 13.779930 15.647259 15.394360 13.831754 15.612654 21.269908 26.178649 30.766348 34.499453 44.294025 74.581961 110.625191 125.063362 108.181589 72.539114 41.248369 25.990015 19.018217 12.870999 8.199607 5.911620 5.882202 7.077796 8.441671 9.496891 9.683914 8.532661 7.154837 6.855947 6.981742 6.562175 5.441539 4.750348 4.771083 5.112132 5.838560 6.297234 6.358299 6.144162 5.632076 4.603279 4.204964 6.337294 9.583657 11.815369 12.669944 13.251057 14.848883 16.303999 15.909995 16.026541 19.639742 22.819862 21.330052 16.068023 10.699552 7.278190 6.265006 7.466868 9.071075 10.083114 11.102637 11.909784 11.406627 10.353426
3.780385 1.196643 226.6227 226.6227 0.000000 8.321414 13.196292 10.729015 6.849228 15.887774 30.750455 39.580371 37.797699 30.230879 25.672551 18.650562 8.076185 11.007779 12.680405 9.481251 6.702074 4.242259 2.586581 2.812742 6.590328 7.428224 4.601702 2.264478 2.999911 1.858056 6.595686 16.554978 19.093890 14.093971 8.384885 5.355662 11.916419 15.721816 18.908804 17.891178 16.661144 4.063461 21.403633 30.178874 22.409336 33.320256 34.221488 64.700483 197.771273 296.167760 229.566306 93.351478 42.544632 32.938901 22.269697 20.543204 9.987415 5.693091 7.723398 8.167789 11.208117 13.404504 14.051976 8.899154 6.062838 9.092774 13.745360 12.328942 8.762857 8.213673 4.470495 8.008232 10.971143 6.498009 8.314965 7.950413 5.495211 2.712026 9.107901 17.638506 17.985278 15.260238 15.232194 22.282850 29.961500 44.453679 61.684098 69.784671 57.082530 29.440576 11.990056 13.013399 6.782559 8.614952 14.510072 14.096677 11.711611 18.776166 19.322280 5.742685 12.463881 19.326932 25.523467 22.759322
3.841506 1.198543 222.7934 222.7934 0.000000 6.851874 7.460621 6.222229 7.763431 11.846497 21.745232 31.823503 30.304871 17.164151 16.139953 15.387674 9.928801 9.313369 5.591656 4.028971 5.227439 4.193092 2.314246 2.929513 4.382019 4.511445 4.277186 2.812863 1.302776 4.019156 9.609985 12.427285 7.666706 4.731732 4.688741 7.546225 5.049473 8.363000 8.431999 4.787595 13.988258 11.345398 19.535437 26.943510 34.907903 32.394560 71.283092 167.925250 250.383865 201.301138 79.631115 18.550997 13.113165 2.918941 12.566232 15.603763 12.222576 7.835511 5.459780 3.762336 4.257956 8.186327 3.650228 1.578094 5.239551 10.488587 7.971114 2.531070 6.053686 5.936084 9.099172 9.249428 5.721606 6.368923 4.987094 5.152958 9.073694 13.097359 10.504728 5.499213 4.847002 7.377654 8.927171 18.439210 42.687017 63.149605 59.825230 33.384537 10.356006 6.804981 10.884121 10.402983 7.846810 6.419372 7.692443 9.076091 17.346535 13.598557 7.363524 5.691798 13.562557 14.976620 11.145926 5.144202
3.890039 0.998302 233.5072 233.5072 0.000000 2.002772 2.648171 1.801063 3.030031 2.197319 2.534033 5.283485 6.353703 5.955883 4.439386 5.244020 6.321328 4.943738 3.150095 2.312967 1.769590 0.811151 1.429067 1.563776 1.351461 0.274276 1.098526 0.481568 2.154298 2.613250 2.644892 2.746531 3.217267 3.475567 2.227596 1.522165 1.761274 3.363983 3.941609 5.715843 8.620153 5.607746 9.165866 19.720276 19.151219 27.458557 38.122994 41.888904 48.483770 66.940261 79.707133 76.513867 60.362517 40.012523 20.585438 6.187112 2.119976 4.185846 6.172987 7.061512 7.624422 6.363037 3.472854 1.238423 1.650199 3.258254 2.711862 2.058904 2.768995 3.378312 3.150595 2.318495 2.465986 3.831102 5.037945 5.224859 4.495844 3.262220 1.857116 3.201369 5.428669 6.048361 5.044182 3.315961 2.339435 3.158964 4.572396 4.481857 5.618626 8.242118 11.959568 15.239053 14.500433 8.071931 3.862908 4.970294 5.471080 4.726815 3.460728 2.452513 3.821371 5.483892 7.020993 8.449392
3.944011 0.424465 210.9059 210.9059 0.000000 0.987767 1.202605 0.693789 0.653454 0.508799 0.985078 0.546135 0.525248 0.685373 0.318068 0.793072 0.532682 0.757181 0.456363 0.095845 0.385080 0.726193 0.504624 0.316597 0.169231 0.392517 0.485570 0.573892 0.613686 0.743450 0.784344 0.697243 0.475200 0.493884 0.827406 0.640273 0.309871 0.549700 0.854941 1.107869 0.489607 2.244071 4.749600 6.901548 9.679134 12.401917 13.410435 12.459533 13.042823 12.338766 9.212221 7.714591 5.362981 3.258398 2.749950 1.569502 1.217873 1.398534 1.493576 1.301257 0.750197 0.376352 0.548334 1.044576 1.207097 1.037857 0.744972 0.702609 0.965415 0.778971 0.194529 0.212461 0.201334 0.211546 0.420774 0.397426 0.398832 0.507117 0.458948 0.338827 0.317090 0.304466 0.695637 1.088410 1.127018 0.778004 0.474784 0.263539 0.459946 0.663733 0.800380 0.842508 0.669107 0.464075 0.391223 0.456066 0.709208 1.227125 1.392803 1.032382 0.754514 0.465448 0.320313 0.499461
3.989680 0.070788 199.3882 199.3882 0.000000 0.060251 0.368063 0.280763 0.096356 0.282105 0.302569 0.138052 0.076319 0.196324 0.247408 0.140534 0.168783 0.099335 0.115268 0.151774 0.316033 0.224224 0.136933 0.137905 0.307853 0.120631 0.120986 0.219218 0.153125 0.144385 0.106046 0.085448 0.073997 0.220442 0.320437 0.198990 0.291685 0.260785 0.194695 0.331177 0.591834 0.900919 1.308582 1.873736 1.985119 1.556064 1.415274 0.661589 0.280618 0.527052 0.520574 0.316847 0.284936 0.195690 0.392666 0.492607 0.285517 0.189264 0.215230 0.293447 0.267366 0.163909 0.073974 0.050976 0.063003 0.060624 0.117080 0.174849 0.172274 0.173024 0.099651 0.043679 0.088445 0.149917 0.188431 0.161999 0.103347 0.057059 0.046918 0.075059 0.101167 0.106982 0.103029 0.101936 0.121610 0.067149 0.125317 0.134550 0.074301 0.035539 0.081239 0.069053 0.049689 0.031768 0.017913 0.035870 0.088961 0.148714 0.110989 0.066920 0.077154 0.051677 0.022115 0.061502
4.040125 0.007779 20.4834 20.4834 0.000000 0.279552 0.189523 0.349714 0.395092 0.388930 0.216419 0.052439 0.027683 0.106859 0.148261 0.115467 0.111541 0.078632 0.070883 0.123015 0.176951 0.105404 0.056562 0.098551 0.209775 0.203581 0.139422 0.197839 0.235588 0.157972 0.070601 0.046636 0.083082 0.163430 0.215185 0.114686 0.052098 0.084477 0.077837 0.061268 0.066137 0.073955 0.096847 0.144174 0.154626 0.206169 0.153903 0.225447 0.181744 0.105172 0.095492 0.036360 0.120049 0.160438 0.139731 0.172450 0.140862 0.089500 0.111213 0.187414 0.210393 0.249509 0.173162 0.065460 0.037025 0.044792 0.043928 0.087776 0.124068 0.102255 0.071960 0.062199 0.052901 0.064609 0.067540 0.060978 0.062593 0.048667 0.054340 0.035213 0.043478 0.017907 0.037409 0.044621 0.084449 0.148234 0.170950 0.103025 0.021022 0.055929 0.086254 0.044112 0.043991 0.069320 0.057028 0.002910 0.027821 0.009710 0.027576 0.035994 0.016057 0.054712 0.085914 0.094248
4.090127 0.004154 25.2704 25.2704 0.000000 0.230614 0.189222 0.289783 0.365867 0.383453 0.152342 0.053784 0.057909 0.069531 0.082867 0.196150 0.093181 0.095264 0.041453 0.114945 0.123903 0.100166 0.062139 0.111333 0.192922 0.205302 0.109673 0.159630 0.151568 0.066306 0.069899 0.073436 0.117298 0.215298 0.184468 0.108548 0.132294 0.177160 0.122876 0.050212 0.044229 0.030706 0.078924 0.101047 0.124365 0.105814 0.101312 0.080601 0.081198 0.078481 0.106183 0.178382 0.190159 0.122724 0.102970 0.142488 0.129398 0.111712 0.131269 0.129021 0.137961 0.089091 0.057213 0.092267 0.085217 0.093750 0.079977 0.079901 0.094198 0.076945 0.058364 0.089656 0.111402 0.137848 0.108427 0.042904 0.019101 0.055088 0.075318 0.075471 0.055594 0.030374 0.044029 0.077841 0.103867 0.159911 0.112363 0.039463 0.047269 0.048285 0.028278 0.025362 0.020132 0.042438 0.045714 0.023551 0.020802 0.013188 0.022279 0.027467 0.020610 0.046463 0.060624 0.051810
4.138780 0.004099 25.6491 25.6491 0.000000 0.105278 0.184506 0.207319 0.135829 0.295897 0.143185 0.076427 0.074227 0.124438 0.117697 0.152141 0.235463 0.234342 0.197256 0.167161 0.100275 0.073325 0.067979 0.049270 0.067993 0.079814 0.087686 0.143177 0.176820 0.132613 0.063686 0.061404 0.115344 0.134453 0.140113 0.202303 0.185526 0.243061 0.228670 0.096395 0.086265 0.075560 0.048066 0.083497 0.101860 0.204782 0.096993 0.103142 0.144869 0.202086 0.216423 0.109261 0.167422 0.273404 0.223553 0.216779 0.229140 0.108067 0.048899 0.091604 0.114127 0.118015 0.090818 0.085975 0.142245 0.174330 0.145628 0.082217 0.038754 0.074806 0.124765 0.118993 0.086653 0.085576 0.127162 0.077992 0.050217 0.059705 0.059743 0.066900 0.057752 0.042215 0.045499 0.026918 0.056358 0.047726 0.111520 0.082006 0.039478 0.050662 0.026762 0.014075 0.008163 0.026451 0.040370 0.047962 0.042013 0.043065 0.052942 0.054998 0.037141 0.016685 0.021243 0.014756
4.187022 0.004234 26.1772 26.1772 0.000000 0.082075 0.119999 0.094872 0.203344 0.342533 0.248577 0.081210 0.121396 0.190684 0.145590 0.134055 0.220317 0.236914 0.150608 0.134960 0.205978 0.242876 0.200734 0.095955 0.021778 0.049435 0.041021 0.064852 0.160361 0.156659 0.078069 0.105238 0.138859 0.166079 0.179879 0.146434 0.070778 0.082680 0.170627 0.185126 0.127159 0.094916 0.080366 0.082052 0.139569 0.197926 0.314614 0.259385 0.128209 0.084765 0.224970 0.178604 0.108126 0.205440 0.257852 0.110561 0.095830 0.178074 0.169433 0.105108 0.107970 0.106458 0.098888 0.091378 0.054169 0.082967 0.145902 0.113716 0.074074 0.109606 0.101088 0.167723 0.167274 0.113962 0.082954 0.068644 0.084608 0.075195 0.063859 0.029782 0.028822 0.024142 0.016119 0.039419 0.085118 0.106939 0.078286 0.077497 0.113972 0.065828 0.023918 0.020024 0.020434 0.032754 0.035670 0.048365 0.029489 0.023198 0.053434 0.060442 0.048768 0.056325 0.050045 0.036434
4.234553 0.004488 208.6597 208.6597 0.000000 0.217030 0.097962 0.057511 0.169983 0.359214 0.254719 0.112730 0.195503 0.234459 0.121427 0.141018 0.188025 0.098212 0.048019 0.065060 0.111533 0.242823 0.246302 0.185104 0.139917 0.145409 0.126220 0.126107 0.086752 0.082849 0.199078 0.229705 0.068620 0.174992 0.202973 0.138223 0.055895 0.070863 0.107612 0.050599 0.031906 0.061655 0.064044 0.093940 0.211087 0.356483 0.344020 0.165459 0.168117 0.185705 0.091801 0.093552 0.104732 0.244919 0.217020 0.056105 0.099547 0.119215 0.064166 0.096601 0.130046 0.137753 0.130992 0.078541 0.052640 0.113125 0.168524 0.129654 0.100974 0.124110 0.104448 0.087847 0.070737 0.015825 0.037721 0.030078 0.064983 0.113712 0.040065 0.061000 0.048511 0.015274 0.051494 0.105301 0.120193 0.084841 0.102640 0.160432 0.133768 0.061721 0.035055 0.032138 0.022766 0.041426 0.058545 0.036533 0.037035 0.037824 0.020614 0.041508 0.019678 0.030964 0.021438 0.020680
4.280633 0.004653 25.8262 25.8262 0.000000 0.248338 0.148243 0.093974 0.133287 0.352601 0.336705 0.208080 0.193306 0.244432 0.175814 0.112810 0.103306 0.104226 0.136780 0.181331 0.230630 0.195987 0.158345 0.211182 0.171879 0.121820 0.161701 0.132178 0.191209 0.158654 0.173785 0.347290 0.274400 0.135265 0.085401 0.103422 0.068273 0.090242 0.077831 0.154574 0.172964 0.174342 0.131400 0.086228 0.172488 0.288862 0.274857 0.228901 0.148094 0.115910 0.122490 0.130949 0.178912 0.147326 0.104111 0.114164 0.088473 0.084269 0.065715 0.053941 0.082677 0.050193 0.115948 0.098487 0.147642 0.196759 0.136877 0.068850 0.122000 0.133133 0.105394 0.052364 0.084528 0.129333 0.123890 0.108951 0.105978 0.095689 0.083526 0.081744 0.070197 0.081868 0.108063 0.063490 0.043976 0.091242 0.150441 0.139347 0.083790 0.049318 0.030521 0.067181 0.087404 0.075570 0.050414 0.063564 0.070335 0.053127 0.046298 0.025319 0.021936 0.022348 0.009769 0.038334
4.329978 0.004728 76.6867 76.6867 0.000000 0.272723 0.294984 0.151246 0.107149 0.237154 0.320410 0.246728 0.156817 0.157913 0.150222 0.136679 0.115868 0.148118 0.141262 0.302388 0.238747 0.154132 0.246063 0.323160 0.291090 0.243024 0.188961 0.222184 0.276307 0.273785 0.318357 0.300606 0.178521 0.149466 0.184740 0.169812 0.158476 0.171498 0.175420 0.168410 0.142244 0.183859 0.200124 0.163625 0.143236 0.104985 0.120235 0.209221 0.115643 0.111226 0.174904 0.140703 0.237465 0.133808 0.107019 0.122072 0.133908 0.169405 0.104256 0.084530 0.122754 0.129642 0.087082 0.108076 0.155809 0.046001 0.071929 0.073279 0.100659 0.125733 0.130371 0.154263 0.179842 0.171092 0.094881 0.057479 0.047896 0.033911 0.043445 0.055425 0.037490 0.047618 0.105780 0.089056 0.085266 0.149926 0.154169 0.095606 0.100270 0.059569 0.064412 0.103645 0.063022 0.017686 0.056041 0.066643 0.028523 0.036308 0.036909 0.038094 0.048469 0.038448 0.013316 0.047632
4.380117 0.004678 78.9108 78.9108 0.000000 0.161007 0.180781 0.226418 0.201444 0.114083 0.146046 0.223913 0.254647 0.178278 0.165390 0.213590 0.229791 0.280328 0.372112 0.440703 0.401583 0.225718 0.122896 0.175056 0.291438 0.254587 0.177115 0.114412 0.252077 0.167306 0.176192 0.128936 0.177143 0.222252 0.240738 0.178230 0.086492 0.104627 0.119196 0.057702 0.081686 0.062608 0.114660 0.115810 0.118503 0.107988 0.065907 0.092781 0.106341 0.143264 0.057743 0.144320 0.240829 0.264586 0.181302 0.082910 0.088632 0.151701 0.169493 0.129326 0.077716 0.078603 0.085726 0.039578 0.095608 0.171751 0.169425 0.070574 0.048454 0.048066 0.066060 0.046290 0.063509 0.112964 0.076412 0.078606 0.087139 0.064714 0.064050 0.060345 0.036979 0.030061 0.032929 0.083106 0.105890 0.097741 0.074436 0.114691 0.155475 0.139175 0.113490 0.085103 0.053579 0.092131 0.093122 0.045202 0.036099 0.038038 0.047202 0.054567 0.029775 0.015894 0.030900 0.064462
4.429642 0.696606 235.5931 235.5931 0.000000 2.469906 1.107104 1.177623 0.618588 0.573893 0.221906 0.360792 0.593531 0.716752 1.020138 0.995456 0.998349 0.981105 0.529050 0.634554 0.364770 0.398147 0.365496 0.403733 0.330745 0.293020 0.317895 0.388359 0.318995 0.464919 0.564601 0.523738 0.672836 0.691399 0.649962 0.761713 1.026157 1.127018 1.188337 1.285775 1.601644 1.834492 2.035703 2.708571 3.442959 4.408848 5.691765 7.306570 8.619372 9.964607 10.843547 11.121903 10.929212 10.008730 8.765443 7.204030 5.715367 4.446391 3.126544 2.207327 1.491609 1.332745 0.987145 0.879079 0.781531 0.651477 0.590760 0.477000 0.419441 0.315663 0.329546 0.297959 0.276245 0.353230 0.343786 0.290027 0.340867 0.303771 0.316227 0.350259 0.250514 0.263083 0.299102 0.312271 0.374274 0.401980 0.420797 0.553315 0.624669 0.853631 1.066948 1.303846 1.773151 2.108930 2.394712 2.598313 2.666809 2.738717 2.542782 2.443524 2.019184 1.748207 1.493173 1.221558
4.470224 1.127586 237.5847 237.5847 0.000000 4.608208 7.253345 9.182568 10.639484 12.461500 14.732039 17.249987 18.737824 18.118538 14.543171 8.708197 2.736328 1.528059 2.109244 2.075881 3.047129 3.873619 3.424042 1.729070 1.008641 1.374361 1.362111 1.865795 2.986462 3.881841 3.557372 2.044934 1.429878 3.263485 5.403102 7.151396 8.206721 7.665522 4.242565 2.971625 7.916337 8.668761 6.327342 12.382486 19.770423 23.701734 30.355699 40.532577 52.230846 78.959852 115.526637 132.014372 113.762545 72.811370 33.899711 15.343743 11.132661 7.869656 5.008491 6.886904 8.430085 6.055931 2.070645 2.238294 3.717210 2.896133 1.242464 0.714323 0.772837 0.994218 1.799912 2.036147 1.276330 0.746051 1.691413 2.519227 2.326711 0.803423 1.443495 3.405036 4.333981 3.582763 1.798005 1.439400 2.238746 1.629112 2.549439 7.778261 15.548190 25.645023 35.659275 40.795499 38.010575 29.311705 20.301676 14.174866 10.978896 11.574218 11.897318 8.634780 4.450576 4.409931 5.695248 5.090565
4.533186 1.183744 229.0995 229.0995 0.000000 8.521621 10.996590 9.382412 15.371793 19.606322 25.076274 35.166675 39.032391 32.164724 23.114069 13.149600 6.178209 5.191426 3.433785 3.551229 6.882022 7.064277 5.493108 4.804088 4.427340 2.145915 3.263216 3.863287 5.269013 6.429590 4.290665 4.387640 6.662015 6.837173 9.253382 9.813138 10.822782 13.233864 15.084437 16.465056 10.380039 10.028446 20.602980 22.980821 18.398404 35.864140 49.629510 36.102071 139.095227 286.972819 270.822401 136.523506 40.299469 12.915814 12.143122 17.108173 10.324935 15.073210 15.455073 11.458001 8.448176 8.858723 8.789022 5.574524 3.455528 3.407075 2.930374 3.568641 2.336227 3.350583 3.942712 3.618067 3.415441 4.654624 6.074797 6.179748 7.838296 9.576121 9.750442 6.377227 4.747199 5.709834 5.897600 8.408476 16.100724 23.430324 40.684682 71.899565 87.312576 65.433870 24.576910 21.195884 16.205599 4.826293 18.535018 18.943878 11.506267 8.094846 9.396884 8.359152 7.967530 2.013632 7.187757 13.535199
4.590017 1.185288 226.8816 226.8816 0.000000 8.159082 8.635423 5.616830 8.528951 6.885371 10.642125 21.750977 25.088325 13.845318 13.035487 11.611619 4.417782 5.501748 5.449357 3.946548 5.217135 3.742287 3.182715 4.359561 4.981737 4.477807 3.533864 2.746073 4.792133 4.859173 2.945629 6.432382 6.589494 2.195653 5.117214 3.567921 7.380689 16.980731 16.713905 8.629091 7.104135 17.260937 8.426739 21.897384 35.344518 32.444905 39.022786 91.586260 193.310151 240.994738 168.738396 53.511956 15.263469 15.606400 16.286913 19.461590 17.384676 10.932385 6.617337 7.600768 9.830586 9.458690 3.301298 4.584448 4.866289 4.461181 4.823318 3.756346 3.526564 5.755155 6.482348 4.116716 3.888584 7.055435 7.344585 6.725330 5.510028 6.962915 8.329678 7.572146 4.222922 3.519556 9.774150 13.849975 10.463175 13.469081 41.769240 58.597997 48.211315 21.155722 12.458116 15.870886 13.541397 12.951731 10.191640 10.763922 12.997601 9.254033 4.662783 7.238823 6.847890 9.585978 12.674194 10.509590
4.644789 0.958799 235.7016 235.7016 0.000000 3.518085 4.768853 4.304797 2.433920 1.915556 2.819296 3.588915 4.390604 5.119169 4.525264 4.428464 4.125561 3.489802 3.822171 3.214009 1.980488 2.310147 2.174738 1.412680 0.648104 1.679592 2.126592 1.188647 1.899617 3.030204 3.584451 3.116225 3.021333 3.955367 4.273674 3.061089 1.465977 2.388621 4.948021 7.319243 8.853238 7.290390 5.868734 13.094789 21.823035 27.910864 35.117060 37.721642 39.865845 53.614734 66.626484 69.124548 61.234054 47.455296 30.315763 13.651115 4.387339 4.645613 7.294426 7.124092 5.012226 2.682996 1.303715 1.779297 3.875058 3.709921 2.780279 2.321475 1.309549 1.595224 2.405476 2.554302 2.774594 3.234211 3.284371 3.396017 3.622117 3.034634 1.541513 1.853041 1.798225 1.756673 2.109888 2.474745 3.093599 2.989427 3.384611 3.675219 3.968074 5.304245 7.623352 9.985512 10.946618 10.275647 9.037143 7.112367 5.581392 5.123331 3.960850 2.257449 1.919488 4.949658 7.120420 6.258826
4.690026 0.381530 209.4545 209.4545 0.000000 2.064113 0.499151 0.668549 0.651097 0.239800 0.236826 0.257859 0.566822 0.769058 0.597094 0.938595 0.918692 0.683867 1.110204 1.156744 1.045024 0.927609 0.756581 0.702478 0.644325 0.461416 0.308182 0.411157 0.494378 0.481725 0.524971 0.731785 0.511505 0.231608 0.587170 0.749719 1.052917 0.948389 0.543737 0.571808 0.507386 1.620146 4.439089 6.888740 9.522001 12.724994 13.672028 11.842081 10.487197 9.286773 6.611418 4.890092 2.761933 1.640508 0.726643 0.527265 1.060231 1.575609 1.477099 1.110969 0.687291 0.365523 0.458122 0.534932 0.761613 0.962574 0.877157 0.914653 1.010783 0.848081 0.652726 0.395476 0.286522 0.189444 0.033639 0.139329 0.215372 0.166883 0.330413 0.412439 0.469560 0.461625 0.440595 0.505153 0.428127 0.341838 0.423798 0.529181 0.582737 0.424415 0.283770 0.232135 0.118506 0.123888 0.147302 0.151504 0.176937 0.159248 0.173997 0.265628 0.334080 0.211637 0.083542 0.266014
4.740531 0.063765 209.1976 209.1976 0.000000 0.059034 0.176707 0.145340 0.195465 0.154265 0.137912 0.152147 0.184009 0.235156 0.060682 0.123985 0.111406 0.107094 0.113024 0.089689 0.124167 0.121621 0.120778 0.125932 0.177385 0.199935 0.162116 0.100098 0.130960 0.106172 0.131784 0.156218 0.117457 0.172499 0.136721 0.059643 0.108348 0.206226 0.256266 0.163707 0.123708 0.300921 0.837646 1.223367 1.546369 1.520974 1.750001 1.285054 0.803783 0.348609 0.238946 0.374407 0.461571 0.386453 0.431365 0.268328 0.194774 0.130144 0.049788 0.054515 0.086618 0.025617 0.126347 0.184315 0.074075 0.096651 0.096220 0.130392 0.112086 0.119927 0.113568 0.130782 0.112750 0.108439 0.113810 0.070406 0.049050 0.055403 0.092154 0.104326 0.054508 0.042230 0.068063 0.054838 0.049280 0.072512 0.052113 0.044479 0.090166 0.096661 0.056020 0.048716 0.102352 0.115945 0.087600 0.054470 0.051355 0.047625 0.015282 0.029950 0.035554 0.021371 0.046796 0.036478
4.790013 0.006627 199.9560 199.9560 0.000000 0.065293 0.060224 0.141511 0.206652 0.103909 0.064686 0.172537 0.309661 0.217862 0.085344 0.038411 0.084194 0.091269 0.075504 0.194017 0.245130 0.144167 0.070065 0.288614 0.343502 0.127040 0.181694 0.233809 0.237405 0.258740 0.265002 0.094654 0.196066 0.170696 0.032031 0.103954 0.128871 0.136647 0.079601 0.109391 0.106304 0.092540 0.145010 0.328881 0.416287 0.224758 0.054724 0.064355 0.129720 0.139375 0.141508 0.177922 0.127265 0.215822 0.063194 0.098845 0.045076 0.044572 0.052087 0.100196 0.088358 0.111094 0.180136 0.180851 0.138895 0.095076 0.070910 0.031452 0.094070 0.131317 0.036061 0.099850 0.141582 0.075569 0.041664 0.064295 0.072052 0.072166 0.053601 0.048116 0.075950 0.051904 0.033845 0.077595 0.088657 0.070412 0.120627 0.127707 0.057500 0.018028 0.071228 0.056030 0.012129 0.072277 0.101230 0.091012 0.052120 0.048953 0.036819 0.020783 0.019341 0.067296 0.102628 0.062750
4.840263 0.004450 105.2341 105.2341 0.000000 0.050414 0.160463 0.232399 0.133137 0.116419 0.090923 0.116271 0.207215 0.198391 0.088855 0.046751 0.087621 0.090460 0.082906 0.152783 0.175076 0.131902 0.168262 0.117873 0.228138 0.397121 0.310307 0.077577 0.180210 0.093907 0.141200 0.194711 0.260040 0.284102 0.257241 0.198487 0.161965 0.180274 0.182378 0.139684 0.134631 0.154814 0.126913 0.130798 0.229043 0.367789 0.261085 0.209946 0.149365 0.055974 0.137897 0.184229 0.186633 0.184322 0.110423 0.109566 0.165108 0.156236 0.118982 0.097677 0.085626 0.085517 0.089101 0.014954 0.054215 0.118141 0.184187 0.076380 0.101961 0.108193 0.074741 0.133918 0.160465 0.085253 0.070717 0.087828 0.073310 0.058978 0.092207 0.136662 0.117682 0.072444 0.063221 0.075619 0.095373 0.059276 0.057375 0.083967 0.064280 0.054991 0.071188 0.083675 0.065301 0.028106 0.046180 0.052018 0.030961 0.036278 0.062531 0.076694 0.069233 0.047043 0.041712 0.046859
4.889547 0.004645 10.4867 10.4867 0.000000 0.118794 0.299458 0.295361 0.124835 0.207101 0.255317 0.139216 0.165461 0.184093 0.083692 0.069261 0.141776 0.158131 0.139506 0.114282 0.096642 0.138696 0.175165 0.162528 0.191642 0.165168 0.263041 0.233323 0.217703 0.174042 0.125077 0.131606 0.207040 0.169675 0.135747 0.177162 0.123852 0.121726 0.187848 0.188271 0.212878 0.209668 0.111700 0.160889 0.152828 0.182386 0.135597 0.126170 0.127803 0.084621 0.154735 0.118313 0.087442 0.134726 0.081616 0.069359 0.085630 0.084525 0.102320 0.099889 0.076586 0.081506 0.099016 0.101781 0.105447 0.119240 0.104409 0.052958 0.052941 0.058439 0.122898 0.106849 0.150035 0.172593 0.135932 0.080676 0.054845 0.087025 0.121112 0.096292 0.068241 0.090810 0.136207 0.148939 0.102304 0.070793 0.087595 0.050345 0.068200 0.064044 0.041087 0.048394 0.046645 0.024256 0.063301 0.053784 0.031592 0.029275 0.035921 0.046602 0.033868 0.030725 0.045190 0.037438
4.930086 0.004649 30.7351 30.7351 0.000000 0.133920 0.254663 0.351935 0.234647 0.360955 0.436721 0.249920 0.108578 0.196236 0.209308 0.181698 0.075384 0.215111 0.299940 0.299341 0.292935 0.132039 0.154089 0.203108 0.127626 0.100422 0.121890 0.186839 0.142487 0.101362 0.173439 0.107140 0.077848 0.113319 0.142108 0.096733 0.118328 0.214467 0.258188 0.263965 0.267818 0.203197 0.118570 0.093996 0.113049 0.074311 0.205322 0.082325 0.099300 0.081603 0.071287 0.119912 0.114792 0.048800 0.065690 0.097868 0.075992 0.048547 0.074176 0.068353 0.049910 0.111668 0.092511 0.054023 0.068671 0.032364 0.008014 0.028626 0.095199 0.147159 0.169182 0.145329 0.100366 0.065754 0.050030 0.046679 0.035826 0.059862 0.037255 0.037832 0.072820 0.110021 0.091252 0.106329 0.139538 0.146168 0.121520 0.084325 0.064981 0.026785 0.046500 0.061368 0.085145 0.048456 0.020151 0.037289 0.039084 0.048837 0.052918 0.055292 0.062525 0.031497 0.049141 0.066441
4.980232 0.004888 29.7286 29.7286 0.000000 0.030937 0.164513 0.404204 0.206883 0.345054 0.474729 0.174004 0.143939 0.186314 0.129262 0.162971 0.209759 0.322673 0.246215 0.263505 0.416426 0.266851 0.146491 0.143249 0.029095 0.030990 0.142160 0.355505 0.384285 0.219962 0.060087 0.072122 0.136742 0.180401 0.088728 0.058621 0.129592 0.103419 0.075833 0.121005 0.106595 0.106402 0.187741 0.182321 0.167375 0.198193 0.182197 0.087774 0.032419 0.044195 0.102694 0.111112 0.085191 0.103742 0.170931 0.200303 0.139940 0.104779 0.123984 0.110752 0.075014 0.045460 0.050292 0.074156 0.093907 0.125638 0.155618 0.211041 0.223020 0.131258 0.080247 0.063024 0.058899 0.074108 0.059389 0.024091 0.024534 0.043928 0.044179 0.025398 0.044006 0.054449 0.105335 0.117881 0.027705 0.046507 0.032652 0.076949 0.105318 0.062547 0.039745 0.023867 0.009128 0.022502 0.030808 0.055772 0.035938 0.068507 0.035243 0.049880 0.080338 0.075251 0.074001 0.029173
5.034969 0.004916 79.8636 79.8636 0.000000 0.061972 0.218132 0.355284 0.300483 0.374873 0.330382 0.254872 0.255736 0.238876 0.148882 0.082258 0.146727 0.177549 0.179254 0.313508 0.435166 0.232211 0.109403 0.177347 0.133712 0.129104 0.249583 0.438814 0.435749 0.342398 0.184980 0.084375 0.146149 0.157076 0.148760 0.156734 0.123825 0.035569 0.127121 0.113459 0.137112 0.172446 0.144569 0.140400 0.064588 0.067101 0.180781 0.240094 0.145936 0.068850 0.107228 0.199570 0.166369 0.142529 0.238379 0.323331 0.189509 0.071704 0.105438 0.120381 0.052821 0.060217 0.041656 0.032709 0.087462 0.129704 0.126607 0.094064 0.179111 0.138528 0.088332 0.090206 0.029489 0.036293 0.072549 0.074475 0.035898 0.025730 0.045553 0.055090 0.062374 0.075846 0.058558 0.051290 0.073784 0.088067 0.065157 0.057359 0.075806 0.081919 0.033300 0.021330 0.015940 0.033163 0.053167 0.071664 0.070766 0.056452 0.045225 0.025315 0.034530 0.050361 0.033113 0.041756
5.081818 0.004681 79.7983 79.7983 0.000000 0.169526 0.287672 0.189787 0.033104 0.261371 0.081244 0.259157 0.373853 0.194651 0.153744 0.210758 0.127059 0.072450 0.068150 0.335853 0.381881 0.114279 0.243383 0.199183 0.038065 0.196922 0.305297 0.215269 0.121904 0.144542 0.163820 0.083762 0.127186 0.125877 0.151940 0.216409 0.118686 0.152538 0.176710 0.119123 0.089248 0.096944 0.101513 0.126725 0.103988 0.050562 0.076194 0.241749 0.206057 0.092635 0.126227 0.222083 0.152461 0.170030 0.320968 0.245352 0.087888 0.086102 0.081571 0.075491 0.114398 0.063922 0.056441 0.090934 0.086393 0.032592 0.062923 0.160727 0.214115 0.191448 0.126203 0.055880 0.015515 0.020501 0.027727 0.081967 0.086164 0.051340 0.036771 0.072626 0.068969 0.052168 0.092163 0.092200 0.068917 0.046366 0.090016 0.086340 0.075922 0.079734 0.043363 0.030710 0.030891 0.060917 0.050993 0.030952 0.056775 0.041640 0.050163 0.048652 0.061718 0.075676 0.058624 0.049683
5.129904 0.004365 85.8733 85.8733 0.000000 0.203699 0.258210 0.100560 0.142108 0.218340 0.230018 0.134715 0.165369 0.270687 0.226297 0.178203 0.133031 0.154373 0.203323 0.155998 0.244147 0.333652 0.212515 0.188433 0.212970 0.156882 0.092034 0.114262 0.142410 0.086851 0.029184 0.040752 0.106211 0.119985 0.078450 0.094123 0.185638 0.212326 0.129518 0.140111 0.164471 0.092019 0.032449 0.037132 0.054540 0.129422 0.190743 0.162899 0.152941 0.196439 0.239135 0.083470 0.120148 0.140324 0.147232 0.144176 0.153875 0.191424 0.176263 0.098400 0.085057 0.080866 0.076335 0.092467 0.129015 0.081198 0.049685 0.065834 0.100412 0.098165 0.087602 0.106509 0.096796 0.111612 0.178150 0.113940 0.035704 0.017666 0.003862 0.029100 0.079238 0.067521 0.065640 0.066852 0.038895 0.051453 0.061239 0.055612 0.083340 0.112856 0.085140 0.045925 0.073045 0.095029 0.112634 0.092350 0.026713 0.019339 0.044610 0.068902 0.076958 0.070977 0.060819 0.045681
5.180213 0.484065 5.0200 5.0200 0.000000 4.594911 0.101326 0.392788 0.150254 0.258925 0.222963 0.173580 0.342220 0.082573 0.228628 0.219949 0.234101 0.249522 0.151697 0.063089 0.266208 0.044016 0.266817 0.234262 0.142540 0.104481 0.122394 0.147063 0.147735 0.092915 0.122271 0.223345 0.500370 0.416980 0.344588 0.184405 0.457689 0.365102 0.306205 0.232512 0.195231 0.172578 0.266192 0.702681 0.818456 1.038318 1.413466 1.499466 1.652806 1.835602 1.869852 1.909037 1.870946 1.708791 1.731267 1.456527 1.327547 1.142262 1.011132 0.889895 0.682259 0.647050 0.569805 0.502635 0.398491 0.481206 0.212074 0.341921 0.297186 0.352012 0.250778 0.223068 0.215463 0.175487 0.185869 0.089049 0.169078 0.137964 0.105940 0.113525 0.131491 0.168312 0.167286 0.227137 0.159962 0.235104 0.273453 0.243769 0.249724 0.289296 0.234795 0.219809 0.176218 0.187587 0.171911 0.161732 0.168607 0.102682 0.088461 0.058760 0.093927 0.065927 0.062596 0.056121
5.220651 1.052091 232.4388 232.4388 0.000000 11.772614 9.943009 8.551334 7.766854 7.667622 7.400089 6.507834 4.634576 2.738619 1.730311 2.084377 2.855347 3.231556 2.768031 2.034043 2.400097 3.535217 4.614473 4.815777 4.573137 3.705352 2.255115 1.089411 1.047598 2.240130 3.983184 5.703405 6.111810 5.279281 3.417206 1.275840 3.563987 6.554535 8.002324 7.751577 7.197666 8.046706 11.787711 17.566946 23.442955 27.333969 28.941977 32.618855 44.447600 62.626143 76.884593 78.749922 66.600021 46.208193 26.384146 13.286226 7.475202 7.986281 10.849844 10.995471 8.255331 5.362140 4.864600 5.184644 4.830762 3.437582 1.987429 2.777180 5.595595 8.240558 9.976355 10.388793 9.470772 7.256031 4.657639 2.527489 2.490135 3.204213 3.132632 2.519089 1.623355 2.455257 6.329884 10.537727 13.381068 13.555545 11.090663 7.483980 6.089832 8.269069 11.036980 12.121073 11.204897 9.224451 7.761623 8.330695 9.922248 11.005052 11.007207 10.001072 8.622898 7.585768 7.376611 7.616729
5.280499 1.190211 231.6794 231.6794 0.000000 12.390394 19.171074 13.506299 8.419545 17.495654 24.124146 23.738697 18.039319 11.770177 8.579637 8.559507 9.827743 12.242362 14.052552 14.298549 13.091997 8.340744 6.728581 13.129302 14.487431 9.373393 3.605070 0.974721 3.202085 10.621568 17.561251 14.600663 6.562484 11.051706 14.656281 16.825168 19.044298 18.184052 18.102434 16.593395 11.754243 12.539918 26.520378 47.796691 50.755911 33.978911 37.548797 56.894861 100.323449 206.926480 257.165504 186.617362 78.003223 24.607259 22.253268 32.215645 39.901523 39.657724 29.603465 14.056993 10.166215 13.145152 5.091262 8.717613 12.204729 11.073448 14.348841 11.542232 17.919413 31.558235 30.901159 18.414012 10.304560 8.660915 8.333284 13.513146 13.416745 5.611360 7.298936 7.611096 15.090590 31.365843 41.146605 39.533905 26.993135 9.276139 4.326585 11.315529 28.257022 39.702743 33.223993 16.081579 3.856703 19.105711 29.244053 29.180170 25.249698 20.221684 14.147346 11.167489 11.960458 16.643321 21.012990 21.416918
5.340160 1.195120 226.4194 226.4194 0.000000 6.137933 14.296412 12.293465 8.759673 15.886951 21.698500 22.597403 18.135281 8.839471 6.530279 7.525449 7.068433 12.150747 16.162824 15.974695 13.679704 8.850465 12.530478 17.758871 13.347257 6.662297 2.181310 2.395898 9.364867 17.972927 19.474697 12.167760 12.693460 18.985158 21.485409 19.801980 11.378307 9.916932 12.782881 4.564347 0.736793 14.230466 27.125368 48.522989 15.185517 21.815191 49.402992 94.735858 225.559887 277.079946 175.453988 41.595477 8.856189 12.074898 37.386002 41.935469 32.644472 25.998388 22.037267 19.933174 16.296686 10.849716 15.415196 19.777966 19.664813 14.158346 11.760854 26.345483 36.109696 24.365505 3.309310 8.715444 13.869333 20.914438 24.780805 20.497800 14.809961 11.102108 18.103401 34.217909 34.557805 30.411538 29.159149 16.357256 7.364698 10.109923 27.555828 40.369237 32.053708 11.978109 8.059482 20.958184 27.274148 18.423252 15.089634 12.414943 5.312606 3.808930 4.511656 11.666259 16.491829 17.474747 15.586361 10.101554
5.394912 1.101359 233.3395 233.3395 0.000000 5.290684 8.357504 6.663313 4.175000 3.907680 4.709197 4.385691 5.730586 5.059250 1.831873 1.284135 1.979888 3.636275 4.979349 4.131007 4.005004 4.873296 7.364440 7.620188 6.847923 4.557243 2.059003 2.352992 2.104920 4.341194 7.256641 7.936375 8.511317 7.951883 7.223656 7.018225 6.607645 7.105048 5.248195 5.724094 3.941564 4.304666 8.847901 14.388363 22.161378 41.390472 37.110336 36.837420 55.264723 82.831681 106.265992 107.514049 86.169733 50.526584 18.071400 10.368076 15.588594 14.834362 9.475575 2.805619 7.369556 11.205531 8.504130 8.082070 7.632031 7.437416 9.086494 8.912945 7.422704 8.980118 12.256487 13.683206 12.451672 9.261386 4.903724 4.415468 9.369528 13.727414 13.816692 12.089929 8.915366 0.952942 11.143965 15.257280 8.000153 4.181221 9.623287 8.883841 6.645425 8.362071 12.683491 13.980152 12.184729 8.240886 5.137331 8.932864 10.855135 7.947483 4.658033 5.178640 5.219503 2.464872 1.644175 1.752812
5.440902 0.583513 218.9362 218.9362 0.000000 3.623779 2.097483 1.039996 0.987917 0.388752 0.574806 0.548177 0.879099 1.573869 1.466998 0.704090 0.799866 0.996944 1.218741 1.120877 0.461763 0.376641 1.031184 0.938702 0.278738 0.460780 0.582929 0.952551 0.717457 0.717126 1.239270 0.984526 0.366798 0.645333 0.851316 0.381665 0.234015 0.821332 1.769103 1.888558 1.306947 2.904319 4.228255 6.818302 11.959764 16.758658 19.001940 19.628947 20.380949 18.972069 16.219494 14.061222 9.744827 6.451511 5.169371 5.131277 4.125048 2.409607 2.329091 2.466664 1.339545 0.831552 1.390244 1.678866 1.326343 0.776975 0.524725 0.604317 0.623531 0.656554 0.853948 0.848386 0.845332 0.916497 0.662083 0.567126 1.034991 1.467755 1.491897 1.582068 1.619957 1.104597 0.813133 1.300194 2.343677 3.211231 3.422090 3.078064 2.272502 1.554935 1.061921 0.706813 0.853196 1.287046 1.321158 0.774210 0.535275 1.273703 2.010761 2.041722 1.511529 0.936853 0.864924 1.234109
5.489944 0.111807 204.5628 204.5628 0.000000 0.206481 0.229348 0.223801 0.282465 0.349322 0.295259 0.209256 0.326065 0.212483 0.282072 0.376475 0.274739 0.109944 0.159859 0.137138 0.319055 0.258436 0.313047 0.409382 0.260001 0.087031 0.123279 0.286023 0.249805 0.137855 0.268241 0.418503 0.316767 0.214610 0.289090 0.240491 0.189388 0.321256 0.546865 0.664185 0.746898 0.995845 1.533156 2.287550 3.134211 3.893728 3.556091 2.323843 0.863830 0.636871 1.290006 1.048702 0.405208 0.308728 0.163287 0.199856 0.071740 0.258568 0.214355 0.091243 0.319842 0.306792 0.104402 0.095050 0.135153 0.152241 0.166701 0.150008 0.111895 0.121223 0.135752 0.148389 0.159340 0.171307 0.160675 0.092694 0.090123 0.152135 0.099427 0.064377 0.127920 0.158378 0.140130 0.078010 0.125535 0.128940 0.187156 0.119914 0.071861 0.108924 0.099743 0.126744 0.029834 0.030333 0.146515 0.138900 0.049732 0.068235 0.036516 0.037540 0.130172 0.043327 0.019102 0.061533
5.540606 0.015636 75.3359 75.3359 0.000000 0.162126 0.186475 0.101740 0.231914 0.206926 0.170268 0.119415 0.249225 0.200577 0.081217 0.126358 0.135977 0.200704 0.314979 0.393211 0.320689 0.189326 0.097616 0.197417 0.047080 0.098667 0.178895 0.263337 0.118072 0.136706 0.248763 0.025140 0.174745 0.090020 0.023720 0.077385 0.131466 0.084947 0.079866 0.078876 0.078713 0.110190 0.069576 0.086160 0.196572 0.087333 0.096985 0.102380 0.071940 0.141982 0.237760 0.129415 0.073126 0.165518 0.169652 0.062977 0.110192 0.130115 0.106765 0.181858 0.130506 0.024206 0.038186 0.061604 0.037599 0.018037 0.078655 0.115788 0.051654 0.065091 0.069510 0.055159 0.055698 0.094424 0.045190 0.063426 0.040245 0.074909 0.072644 0.063832 0.139752 0.150190 0.091555 0.036200 0.082249 0.050981 0.019148 0.051068 0.072753 0.061135 0.045890 0.034638 0.043271 0.078062 0.037227 0.043717 0.064480 0.061284 0.042577 0.047733 0.064004 0.063834 0.076244 0.084515
5.589939 0.004756 78.6795 78.6795 0.000000 0.214099 0.229663 0.109573 0.157087 0.266275 0.290243 0.296067 0.224406 0.107402 0.140920 0.185257 0.141874 0.084674 0.141689 0.397452 0.480203 0.293260 0.210371 0.277625 0.264285 0.170896 0.082447 0.138953 0.234152 0.187716 0.241793 0.285822 0.224915 0.171796 0.127191 0.141385 0.173803 0.120888 0.057307 0.080914 0.141977 0.185568 0.172041 0.096602 0.064897 0.093311 0.116881 0.078323 0.068363 0.089150 0.051822 0.065888 0.142063 0.210318 0.175353 0.178424 0.216087 0.140773 0.085981 0.076524 0.086839 0.104025 0.086052 0.064762 0.041378 0.079011 0.108723 0.090189 0.080503 0.093995 0.116408 0.083232 0.038943 0.096630 0.144983 0.130048 0.080392 0.069044 0.073089 0.075228 0.069548 0.050546 0.078632 0.115996 0.085559 0.046251 0.031076 0.068132 0.113110 0.091838 0.051095 0.044810 0.072448 0.030006 0.035656 0.058426 0.060975 0.064533 0.067714 0.069903 0.049973 0.037351 0.028412 0.038692
5.639489 0.004954 81.4858 81.4858 0.000000 0.159840 0.122589 0.100737 0.219671 0.252351 0.323122 0.241932 0.135713 0.182424 0.125535 0.233128 0.272934 0.198505 0.166732 0.278971 0.407334 0.290515 0.227899 0.323276 0.188646 0.145124 0.159867 0.136446 0.259745 0.344232 0.228819 0.107229 0.086037 0.120674 0.203347 0.253078 0.184244 0.115051 0.109625 0.091448 0.170278 0.298831 0.258426 0.194644 0.118669 0.094098 0.119805 0.066170 0.110336 0.097726 0.074336 0.223313 0.290837 0.203142 0.154328 0.277202 0.178441 0.104172 0.098027 0.103445 0.071728 0.084617 0.069798 0.142373 0.094601 0.059552 0.081242 0.016561 0.090779 0.066659 0.082302 0.160365 0.194123 0.130712 0.031070 0.033827 0.050215 0.024188 0.060334 0.079315 0.072701 0.064126 0.037084 0.046192 0.036673 0.078472 0.143709 0.130806 0.084680 0.081429 0.056240 0.038821 0.052793 0.042134 0.031003 0.031043 0.035154 0.047833 0.049641 0.040782 0.032245 0.046908 0.047251 0.026240
5.680092 0.004902 193.5767 193.5767 0.000000 0.098410 0.012577 0.065003 0.212930 0.163413 0.191618 0.311838 0.321845 0.253875 0.204294 0.270911 0.343609 0.231718 0.062068 0.052235 0.145581 0.232070 0.253950 0.291850 0.324094 0.217580 0.162165 0.203911 0.224479 0.179116 0.246490 0.109831 0.075956 0.071216 0.099170 0.150170 0.133818 0.156264 0.129939 0.067912 0.076393 0.174355 0.335698 0.414931 0.323300 0.177705 0.080222 0.161010 0.208057 0.169124 0.088759 0.088343 0.181422 0.133211 0.185269 0.274972 0.227598 0.150093 0.067448 0.144740 0.166059 0.088423 0.065170 0.079905 0.106173 0.138281 0.127683 0.120764 0.098452 0.111225 0.176878 0.128108 0.054980 0.139339 0.069152 0.098700 0.076573 0.057688 0.045770 0.021836 0.065346 0.069060 0.045494 0.043113 0.026698 0.028481 0.069572 0.136195 0.168330 0.111389 0.085605 0.136043 0.083463 0.047167 0.080508 0.066418 0.056115 0.080024 0.057466 0.031396 0.032984 0.070454 0.053734 0.021714
5.736445 0.004629 182.9900 182.9900 0.000000 0.158048 0.098261 0.108050 0.245548 0.186144 0.103656 0.265985 0.282789 0.084286 0.287110 0.294720 0.200019 0.093401 0.048618 0.067024 0.065730 0.124546 0.216643 0.133286 0.101600 0.043073 0.094826 0.171754 0.168230 0.177654 0.121028 0.161403 0.156709 0.099080 0.142535 0.203043 0.208815 0.102455 0.040198 0.094925 0.223949 0.220638 0.152284 0.154251 0.155559 0.225755 0.153911 0.080044 0.119182 0.148957 0.074624 0.088462 0.162737 0.148448 0.108761 0.167122 0.205617 0.191207 0.162643 0.133557 0.103739 0.083264 0.038161 0.099514 0.140247 0.179560 0.213222 0.180563 0.110580 0.072257 0.083052 0.097790 0.085266 0.104089 0.095884 0.055139 0.074987 0.093211 0.045579 0.036091 0.062790 0.038558 0.096163 0.198592 0.145600 0.107938 0.120004 0.068348 0.039003 0.103136 0.118525 0.108508 0.079895 0.035583 0.051053 0.048284 0.046582 0.078816 0.080041 0.055020 0.032722 0.065157 0.081357 0.082760
5.780578 0.004714 159.6157 159.6157 0.000000 0.216827 0.186723 0.119940 0.208063 0.162075 0.091560 0.072176 0.295190 0.250259 0.113217 0.089149 0.062199 0.116126 0.092239 0.096625 0.111684 0.160119 0.211144 0.106644 0.104685 0.104646 0.087259 0.152910 0.202563 0.143877 0.076311 0.157451 0.194123 0.132699 0.109850 0.234096 0.347066 0.178220 0.052072 0.096800 0.152339 0.169175 0.191873 0.129431 0.029137 0.172239 0.216991 0.149211 0.145421 0.221816 0.273231 0.197511 0.140592 0.067305 0.105036 0.166565 0.156986 0.066467 0.132887 0.166577 0.130326 0.085277 0.044006 0.098693 0.085622 0.058222 0.116595 0.074261 0.120777 0.078373 0.043345 0.091861 0.070916 0.026769 0.094842 0.128591 0.084642 0.080077 0.043579 0.057987 0.080173 0.086497 0.078852 0.103036 0.113922 0.049893 0.045929 0.042624 0.036748 0.054909 0.101847 0.076117 0.085484 0.072676 0.032111 0.035847 0.033526 0.035162 0.079817 0.092501 0.062917 0.043612 0.046355 0.094308
5.833326 0.004768 235.8966 235.8966 0.000000 0.123225 0.155177 0.195466 0.058437 0.137643 0.047994 0.144345 0.258190 0.230984 0.142020 0.165626 0.264457 0.345018 0.295234 0.132043 0.120741 0.194619 0.265411 0.229238 0.180610 0.219466 0.178640 0.123445 0.142057 0.117439 0.085056 0.086991 0.117897 0.080539 0.026947 0.087703 0.223926 0.337304 0.225077 0.123073 0.180520 0.101005 0.112126 0.295152 0.239192 0.068821 0.170387 0.096275 0.160804 0.171937 0.168820 0.383840 0.353618 0.102511 0.133285 0.110863 0.035895 0.111420 0.114785 0.080198 0.125218 0.111100 0.120183 0.069873 0.101579 0.127103 0.078992 0.077841 0.074663 0.061686 0.076638 0.061225 0.072244 0.118079 0.079793 0.044031 0.086070 0.123146 0.126317 0.076905 0.048978 0.049941 0.032705 0.058115 0.048207 0.049763 0.113160 0.052665 0.027739 0.025671 0.025431 0.052400 0.078659 0.092969 0.130152 0.113734 0.038262 0.016276 0.044918 0.029782 0.048410 0.052933 0.040754 0.018130
5.880049 0.004928 61.7418 61.7418 0.000000 0.086446 0.046328 0.052503 0.236989 0.329979 0.286970 0.230775 0.159132 0.092060 0.192734 0.316489 0.398173 0.385117 0.358806 0.286104 0.127287 0.057662 0.130869 0.220280 0.319310 0.371489 0.218443 0.099563 0.217265 0.241342 0.183465 0.138773 0.109767 0.038391 0.048202 0.077917 0.196775 0.219161 0.134504 0.228420 0.222840 0.106043 0.124233 0.315717 0.297115 0.174739 0.181940 0.152683 0.159821 0.199064 0.180122 0.256920 0.290782 0.260622 0.191825 0.122172 0.058203 0.118648 0.193581 0.158459 0.125834 0.195165 0.253261 0.214200 0.194050 0.203706 0.151147 0.101324 0.074093 0.040247 0.052313 0.060419 0.078050 0.097006 0.099119 0.070173 0.027827 0.064107 0.046681 0.065061 0.036293 0.067812 0.030841 0.028964 0.046556 0.062733 0.141263 0.128541 0.082492 0.039813 0.024698 0.019684 0.042429 0.045073 0.094886 0.107989 0.051332 0.021432 0.042365 0.073403 0.073400 0.040506 0.020620 0.038796
5.929935 0.004933 26.1711 26.1711 0.000000 0.069880 0.145929 0.212591 0.407003 0.475485 0.279126 0.128495 0.068504 0.088764 0.104375 0.156954 0.195225 0.135609 0.132195 0.230685 0.215648 0.114307 0.124082 0.186723 0.141375 0.421158 0.410115 0.190145 0.074882 0.241836 0.226117 0.108527 0.163871 0.148643 0.104042 0.079943 0.061419 0.120706 0.145899 0.095712 0.110204 0.145075 0.117221 0.151625 0.202332 0.139919 0.074446 0.163850 0.130000 0.136545 0.187807 0.113031 0.106425 0.052506 0.156178 0.090409 0.094641 0.118359 0.168993 0.193748 0.130956 0.096483 0.183802 0.228210 0.162382 0.125651 0.146209 0.167109 0.068232 0.070246 0.054998 0.016516 0.013835 0.036314 0.040766 0.026127 0.031630 0.056258 0.101459 0.100347 0.094171 0.042279 0.068662 0.084554 0.060225 0.059808 0.088033 0.128279 0.139223 0.094087 0.068762 0.080432 0.071740 0.066239 0.048223 0.049542 0.115306 0.084131 0.040837 0.028025 0.043152 0.062098 0.071708 0.043753
5.974427 0.698955 238.8731 238.8731 0.000000 1.297452 0.846783 0.921284 1.096509 0.966289 0.945579 0.700377 0.584857 0.539613 0.241839 0.041183 0.085196 0.142260 0.352038 0.212545 0.130311 0.080043 0.535512 0.489624 0.699618 0.624220 0.473529 0.265100 0.233729 0.207793 0.632625 0.790834 0.946438 0.877007 0.957073 0.987989 0.740429 0.454452 0.457038 0.412226 0.327768 0.442414 0.828201 1.287489 1.990659 2.846119 4.148503 5.382943 6.979265 8.251224 9.463571 10.242780 10.595023 10.329585 9.845979 8.930702 7.707868 6.293602 5.082138 3.886394 2.859958 2.365613 1.939780 1.637542 1.500011 1.449200 1.186865 0.991608 0.692652 0.471313 0.359442 0.194645 0.193746 0.320743 0.272879 0.229387 0.228095 0.217740 0.161882 0.231753 0.452269 0.508013 0.599476 0.681042 0.737156 0.757805 0.819237 0.896534 0.987690 1.143410 1.328137 1.598551 1.795171 2.042003 2.199202 2.234262 2.261684 2.213118 2.005970 1.779674 1.622194 1.371977 1.130456 0.958130
6.023005 1.131511 233.3059 233.3059 0.000000 1.969726 3.919975 4.666181 4.993433 7.632654 12.237788 15.221226 15.279632 13.032865 10.422750 7.935780 5.445465 3.032152 1.876675 2.063645 3.301183 5.207920 6.673389 6.785698 5.579046 4.117327 3.755974 4.623268 6.042982 7.297437 7.246164 5.812630 4.107539 3.857615 3.985866 3.019274 1.928738 2.243406 3.436127 3.732689 3.629219 7.550236 14.541800 20.494138 22.791535 26.968418 36.413314 43.388827 63.786598 103.925161 131.607155 124.566248 88.190781 47.204764 23.702595 15.831228 10.741275 5.446488 6.854296 11.239388 12.347377 11.221772 9.284473 7.911547 7.138163 6.189085 4.706133 3.330115 3.060713 3.769171 4.583153 4.960573 4.819215 4.380092 3.778276 4.166768 5.655364 7.472850 8.336337 7.539999 5.365574 3.670906 3.944826 3.933952 2.143477 4.689768 12.015486 22.486191 32.940586 37.458814 32.879654 21.726110 10.890386 5.012480 4.425706 8.019427 10.673953 9.308836 5.528699 3.165608 3.104639 2.518286 1.717645 1.154708
6.080466 1.187520 223.5288 223.5288 0.000000 2.511729 4.233800 6.132110 4.578857 11.376466 26.774625 35.965201 34.112746 26.033323 20.196282 13.829249 6.807461 3.038012 1.762688 3.224049 9.751342 13.233487 10.187267 7.750969 5.778522 4.069044 7.749894 10.207019 11.460033 8.567745 6.884611 4.476324 4.873394 6.365230 4.177859 3.303732 2.362300 8.200480 10.366345 11.039128 17.532483 25.682821 25.243290 17.271471 38.653201 43.484501 32.324935 137.557311 284.442411 268.581145 126.184276 44.079469 19.115689 17.160724 21.554144 9.839918 12.203927 14.289025 16.092093 12.658963 7.485732 10.222312 11.133954 8.458857 5.983768 2.718950 4.443467 7.493577 7.940738 8.917690 7.869001 3.705009 4.881972 6.143224 12.668769 15.429532 10.866559 4.450461 2.139375 5.376972 10.173653 9.680302 14.071951 19.967751 45.414977 78.847471 79.874857 45.536926 10.509852 6.117083 6.708048 13.877990 24.610951 20.593739 6.129802 3.029737 5.705796 7.784504 6.135734 5.102367 6.757237 9.411983 13.379778 16.176655
6.140578 1.189026 225.7415 225.7415 0.000000 2.716223 2.386769 4.902865 7.315266 10.631222 17.662407 23.751203 22.928720 13.349257 12.305433 10.807379 4.046763 1.781308 1.960506 4.552765 8.071261 8.967675 5.631275 1.536826 5.067703 6.095740 7.107166 4.808530 5.593630 4.444868 3.030612 6.291110 7.119471 6.407739 2.991559 2.995015 4.073700 7.218863 10.666617 4.152599 11.062794 5.164204 15.707714 6.757823 28.421955 30.726097 20.032102 79.360248 212.640301 259.303084 156.124347 42.582552 24.481974 24.832251 23.006507 19.126327 10.263122 3.032857 6.504739 6.010712 4.307783 3.759796 6.820140 4.383321 3.857520 4.183664 2.330454 3.388321 5.834502 1.059523 6.685110 5.163541 3.229132 3.749589 6.768655 9.143664 8.593006 7.220621 3.059107 5.042473 8.483742 11.590603 12.667860 10.692447 11.743912 38.811510 62.881646 56.473057 30.259173 10.432232 4.312323 7.198095 16.740042 22.492449 18.659126 9.137759 3.255511 5.877975 9.335306 4.886550 3.687368 8.451473 5.983984 8.917506
6.197526 0.974068 233.3185 233.3185 0.000000 2.579986 2.961975 3.191065 3.056165 2.088769 1.701788 3.090650 3.117669 3.668264 3.619269 3.525194 2.864799 1.528339 1.904758 2.809501 3.574488 2.575425 1.465809 2.633781 1.929326 1.535590 3.761644 5.209886 4.536514 3.175497 2.178490 2.142256 3.058467 3.304101 3.122409 3.044054 2.503292 2.123656 3.286687 4.514100 3.411485 8.833357 13.353432 16.557931 18.818583 18.586450 26.596599 31.960224 32.677381 50.010234 73.828686 79.765305 64.342295 41.695027 24.585935 14.509477 10.518041 9.502755 6.873901 3.507621 2.379106 1.868104 0.763888 0.976448 2.061095 2.842515 2.860041 2.550859 2.330733 1.725183 1.446840 2.359986 3.269579 3.434668 2.804494 2.238554 2.953077 4.156248 4.176595 2.195056 1.528081 3.205719 3.466144 3.368386 3.528362 3.802576 3.172825 3.635023 7.491178 11.186634 12.807411 12.688767 9.968919 6.580482 4.580322 2.596345 4.647651 6.533302 5.992056 5.759649 6.078680 5.238752 5.352462 5.397092
6.243917 0.389658 204.7296 204.7296 0.000000 2.877681 0.650100 0.393485 0.222877 0.166820 0.642610 0.612016 0.342482 0.491471 0.872764 0.895139 0.777940 0.410206 0.755157 0.827427 0.260820 0.853493 0.784530 0.603522 0.627649 0.512705 0.566809 0.968915 1.207204 1.500468 1.122039 0.576938 0.537968 0.408237 0.326109 0.310883 0.345432 0.447740 0.322067 0.326442 0.820149 1.584152 2.785796 6.414161 10.563770 12.539729 12.075565 9.977596 8.855367 8.948099 7.139265 6.261425 5.307929 4.842450 3.843253 2.705731 1.276857 0.531466 0.667239 0.519164 0.449674 0.694949 0.569569 0.183248 0.311613 0.335360 0.167453 0.228753 0.310827 0.496988 0.472528 0.365462 0.349016 0.434395 0.778950 0.834797 0.812009 0.610165 0.456412 0.444819 0.661308 0.834959 0.791905 0.653643 0.733212 0.486747 0.319230 0.201873 0.135744 0.276254 0.479176 0.649402 0.575695 0.491692 0.295479 0.254801 0.417571 0.578114 0.669368 0.759636 0.712919 0.657307 0.521394 0.385256
6.289930 0.062614 206.9659 206.9659 0.000000 0.105224 0.079681 0.101773 0.069651 0.122873 0.191065 0.215792 0.164158 0.054895 0.120116 0.153372 0.135471 0.101157 0.113807 0.143806 0.218583 0.269911 0.198523 0.109144 0.088195 0.184957 0.244909 0.155638 0.077150 0.076400 0.157797 0.129984 0.146240 0.240908 0.325136 0.256646 0.125164 0.112588 0.138873 0.072894 0.066256 0.247211 0.651440 0.965016 1.325945 1.623464 1.542993 1.485862 1.162992 0.671604 0.449113 0.450538 0.414006 0.299895 0.247355 0.271937 0.297936 0.260546 0.147413 0.082562 0.074481 0.034242 0.093295 0.213282 0.252063 0.133679 0.065257 0.057461 0.096951 0.086150 0.061432 0.052690 0.052069 0.080707 0.056899 0.136180 0.133703 0.097823 0.086741 0.083191 0.083253 0.054655 0.029020 0.026423 0.023002 0.050968 0.117513 0.174886 0.160234 0.071874 0.037017 0.049711 0.075711 0.079596 0.073668 0.094682 0.075905 0.118034 0.084216 0.026484 0.044277 0.047195 0.076113 0.067745
6.340318 0.006101 56.0246 56.0246 0.000000 0.005531 0.075468 0.093321 0.091806 0.191194 0.109410 0.087064 0.179089 0.132158 0.191856 0.311527 0.159329 0.085274 0.082178 0.083416 0.121348 0.096622 0.079932 0.158149 0.232944 0.233978 0.137702 0.073986 0.083483 0.113633 0.091724 0.043088 0.064104 0.141966 0.126703 0.120291 0.151935 0.098103 0.067818 0.087391 0.094644 0.063045 0.083310 0.145298 0.130707 0.127887 0.201332 0.121854 0.056233 0.189985 0.154836 0.041747 0.094827 0.098816 0.106985 0.146261 0.145285 0.132210 0.120434 0.065845 0.052336 0.087069 0.096320 0.132896 0.062639 0.123820 0.149459 0.147863 0.071645 0.031146 0.038964 0.093795 0.105187 0.114289 0.159677 0.075481 0.068175 0.063346 0.060941 0.132089 0.129193 0.063607 0.027848 0.009168 0.019183 0.052505 0.096847 0.094390 0.058230 0.035709 0.038553 0.030594 0.011774 0.029841 0.078675 0.127556 0.127066 0.070096 0.030532 0.027519 0.035044 0.048681 0.067907 0.071644
6.389752 0.004274 57.6917 57.6917 0.000000 0.080694 0.098807 0.177292 0.235783 0.267518 0.293760 0.318527 0.338733 0.356655 0.434915 0.498494 0.388933 0.191103 0.088900 0.059748 0.058962 0.074894 0.058097 0.121458 0.211219 0.135618 0.104542 0.064815 0.048633 0.126198 0.130385 0.102273 0.105807 0.093717 0.129805 0.177813 0.189689 0.169326 0.127191 0.098390 0.105038 0.104533 0.094770 0.147101 0.254646 0.302345 0.206591 0.085659 0.077048 0.127332 0.189257 0.118940 0.055856 0.078573 0.131344 0.160532 0.107038 0.043480 0.023938 0.048444 0.091373 0.086927 0.068968 0.137946 0.208691 0.192786 0.161763 0.152290 0.128745 0.145296 0.108813 0.058253 0.046201 0.061245 0.062502 0.058373 0.160173 0.188039 0.110554 0.069264 0.115955 0.154171 0.136219 0.116266 0.103437 0.072803 0.058940 0.063402 0.063141 0.034266 0.018746 0.062088 0.044464 0.036907 0.050842 0.038989 0.035103 0.027493 0.098207 0.101716 0.066436 0.035068 0.020948 0.034652
6.439746 0.004336 52.5794 52.5794 0.000000 0.127090 0.067840 0.157204 0.262165 0.098259 0.218256 0.242379 0.237005 0.181989 0.299634 0.427155 0.291831 0.106350 0.036582 0.029711 0.041143 0.091753 0.145048 0.115630 0.075030 0.153425 0.143077 0.119165 0.102730 0.128030 0.052922 0.056308 0.072806 0.175371 0.264621 0.224921 0.114031 0.104522 0.202765 0.221196 0.129880 0.040970 0.044621 0.139242 0.246420 0.322153 0.198517 0.054529 0.036347 0.061657 0.142814 0.106750 0.042006 0.031655 0.057854 0.084021 0.103426 0.100161 0.081890 0.080362 0.084839 0.073533 0.073669 0.126359 0.204550 0.166798 0.078347 0.154745 0.100516 0.109458 0.077769 0.114541 0.072229 0.065465 0.059509 0.080552 0.146829 0.182285 0.144958 0.079787 0.081685 0.127479 0.085726 0.066921 0.112780 0.082143 0.031112 0.049064 0.062504 0.038619 0.067790 0.068909 0.028014 0.068759 0.107145 0.087259 0.047664 0.065818 0.103289 0.070717 0.027989 0.034302 0.024659 0.019356
6.480099 0.004561 26.1654 26.1654 0.000000 0.146829 0.198402 0.144355 0.154724 0.255822 0.248096 0.195107 0.180551 0.190319 0.231640 0.205335 0.119875 0.062636 0.049218 0.079364 0.140514 0.208549 0.168619 0.046449 0.116428 0.152700 0.128755 0.100032 0.005273 0.130797 0.138575 0.070315 0.126371 0.219372 0.193673 0.145253 0.070174 0.095957 0.192892 0.214706 0.148595 0.100996 0.079747 0.040664 0.103183 0.174091 0.084126 0.125287 0.131428 0.118398 0.193986 0.088808 0.024276 0.006146 0.046157 0.111241 0.226058 0.213004 0.067576 0.079844 0.089630 0.090761 0.087754 0.085992 0.141274 0.178796 0.160931 0.127465 0.121545 0.189039 0.161265 0.094973 0.094741 0.098186 0.085652 0.120463 0.107520 0.039913 0.086505 0.108477 0.100886 0.052952 0.072203 0.047044 0.050382 0.060975 0.028751 0.024045 0.054456 0.075428 0.059492 0.036145 0.078887 0.122624 0.108675 0.051228 0.067362 0.122480 0.099006 0.063197 0.020245 0.024721 0.024620 0.034510
6.530009 0.004561 40.2395 40.2395 0.000000 0.171350 0.304489 0.297019 0.288278 0.142008 0.125241 0.134221 0.337557 0.149202 0.230402 0.133897 0.080747 0.180261 0.206808 0.060291 0.280499 0.285588 0.144474 0.185075 0.192456 0.169936 0.184353 0.178280 0.273269 0.192130 0.075256 0.130445 0.097631 0.074918 0.096446 0.171734 0.190347 0.075615 0.128313 0.168695 0.121264 0.084493 0.122265 0.170470 0.105417 0.105249 0.133865 0.167854 0.216309 0.182847 0.103066 0.064883 0.081198 0.201131 0.313002 0.251028 0.162274 0.148323 0.136309 0.090909 0.082827 0.118406 0.093058 0.074002 0.115571 0.141849 0.197581 0.130052 0.060895 0.053206 0.050260 0.028127 0.062546 0.047003 0.048297 0.072554 0.091784 0.085980 0.046439 0.063279 0.106499 0.122005 0.089571 0.039682 0.018768 0.023657 0.057704 0.069337 0.086321 0.101113 0.063883 0.034411 0.044319 0.078919 0.069869 0.053849 0.066983 0.059120 0.034810 0.033782 0.066319 0.098803 0.062001 0.033085
6.580344 0.004854 113.7488 113.7488 0.000000 0.158058 0.170244 0.270062 0.324099 0.209265 0.175664 0.274893 0.378583 0.330516 0.301545 0.176078 0.119029 0.201631 0.312212 0.324865 0.369502 0.222719 0.094000 0.141681 0.215015 0.357688 0.414782 0.438514 0.309806 0.101849 0.101545 0.102851 0.089346 0.093981 0.110267 0.164357 0.111130 0.078199 0.107887 0.073201 0.053935 0.127119 0.235736 0.191275 0.132299 0.098205 0.052144 0.104358 0.161712 0.102927 0.088849 0.060678 0.124989 0.224621 0.128241 0.098861 0.095391 0.054897 0.056661 0.074208 0.082239 0.038107 0.041334 0.054270 0.146047 0.214312 0.109479 0.058173 0.049934 0.046175 0.067412 0.111446 0.128296 0.096093 0.019997 0.018070 0.074937 0.036800 0.064142 0.127158 0.104237 0.064311 0.016803 0.031756 0.054112 0.071063 0.054811 0.035628 0.055442 0.036493 0.014792 0.038822 0.032234 0.076829 0.083203 0.044013 0.066320 0.040353 0.039473 0.066814 0.077279 0.066066 0.041720 0.015893
6.629735 0.004963 54.7765 54.7765 0.000000 0.099294 0.059275 0.081665 0.181616 0.184653 0.179371 0.129957 0.284392 0.159085 0.276540 0.370519 0.270591 0.318133 0.256361 0.156759 0.258378 0.258873 0.209275 0.155920 0.202492 0.196917 0.264687 0.245388 0.348271 0.294477 0.140114 0.150952 0.225030 0.124630 0.068277 0.128807 0.160375 0.079261 0.077341 0.087670 0.098490 0.144975 0.251876 0.246867 0.214849 0.223871 0.184296 0.117451 0.084745 0.169065 0.172711 0.164778 0.134897 0.088069 0.165311 0.145209 0.048367 0.025774 0.048026 0.081109 0.077854 0.031676 0.071358 0.096826 0.108632 0.147821 0.166258 0.132338 0.082627 0.099346 0.106733 0.067602 0.090488 0.167174 0.158868 0.122460 0.108288 0.064661 0.033425 0.059463 0.064484 0.043182 0.087783 0.131552 0.141123 0.077616 0.016116 0.034605 0.065808 0.063251 0.041623 0.038475 0.034231 0.045362 0.094356 0.099878 0.066328 0.048573 0.066336 0.067976 0.056798 0.053411 0.051983 0.041285
6.681770 0.005210 126.2218 126.2218 0.000000 0.178898 0.228520 0.202593 0.186060 0.156398 0.156241 0.156785 0.208813 0.294751 0.284207 0.148696 0.309125 0.416952 0.378744 0.246198 0.065000 0.117992 0.127148 0.141824 0.115292 0.240587 0.284457 0.204243 0.283334 0.407962 0.239507 0.147507 0.232674 0.279264 0.208232 0.188377 0.224522 0.116432 0.058605 0.036065 0.036751 0.141903 0.202243 0.105092 0.030340 0.126313 0.175802 0.119914 0.097734 0.193258 0.269469 0.126576 0.086005 0.137799 0.182571 0.185562 0.111737 0.038069 0.026974 0.030529 0.075823 0.105480 0.095931 0.113656 0.113098 0.092861 0.083199 0.104591 0.081455 0.062140 0.111459 0.108088 0.059589 0.068328 0.142568 0.155976 0.158190 0.137894 0.081910 0.054905 0.066382 0.067944 0.048595 0.063395 0.158792 0.201662 0.146031 0.093053 0.098455 0.094510 0.061768 0.049247 0.052419 0.054686 0.035581 0.088870 0.143720 0.101717 0.057045 0.076334 0.109532 0.094949 0.065129 0.052235
6.730299 0.005127 10.4409 10.4409 0.000000 0.253937 0.453519 0.400823 0.138431 0.235063 0.212296 0.102463 0.108180 0.143101 0.172408 0.117477 0.134986 0.165906 0.187976 0.263401 0.185525 0.076263 0.075784 0.104284 0.171516 0.288131 0.437765 0.350603 0.098219 0.274987 0.439514 0.201198 0.060243 0.109003 0.198222 0.193903 0.126061 0.181970 0.222571 0.196062 0.154625 0.122250 0.100795 0.113406 0.134910 0.117841 0.133499 0.130900 0.055207 0.079072 0.149745 0.291677 0.287495 0.180953 0.061924 0.106353 0.111166 0.117515 0.045941 0.066860 0.097967 0.134568 0.133613 0.074167 0.038789 0.069874 0.069524 0.054585 0.107460 0.145653 0.123716 0.085754 0.057348 0.076259 0.115216 0.162806 0.172579 0.048255 0.072770 0.055374 0.127917 0.117863 0.074519 0.077389 0.098356 0.080394 0.064211 0.137086 0.116709 0.083734 0.101709 0.095914 0.063262 0.047985 0.085091 0.095849 0.048396 0.019813 0.084248 0.126593 0.052492 0.019645 0.052023 0.080277
6.777890 0.610360 234.2750 234.2750 0.000000 4.032102 0.539374 1.007300 0.212899 0.705348 0.449969 0.677752 0.626766 0.387126 0.780188 0.653433 0.462799 0.721935 0.471977 0.462741 0.336396 0.499334 0.317208 0.497010 0.362245 0.809846 0.243426 0.432244 0.527820 0.793627 0.476951 0.780375 0.715014 0.667238 0.506173 0.708793 0.359984 0.298789 0.582806 0.493603 1.037645 1.357061 1.740365 2.309304 2.624898 3.237296 3.767640 4.582698 5.034556 5.526585 5.659840 5.892380 5.662918 5.447356 4.791573 4.174032 3.550212 2.724745 2.190773 1.460001 0.976260 0.481286 0.219537 0.306655 0.544900 0.777894 0.878237 0.711928 0.723921 0.758062 0.771591 0.589055 0.467090 0.568096 0.441021 0.487242 0.502163 0.458448 0.533650 0.554445 0.583373 0.633421 0.645677 0.720648 0.793161 0.797147 0.937059 0.944620 0.999275 1.014985 0.998689 0.981037 0.855858 0.852130 0.751392 0.562221 0.415409 0.294482 0.210601 0.214556 0.257423 0.237095 0.321295 0.471353
6.820788 1.108393 232.2531 232.2531 0.000000 9.073069 5.816510 3.477071 3.127030 5.485889 9.512508 12.562861 13.224222 11.704135 8.600462 4.838389 2.819777 3.987184 5.839282 6.789464 6.380726 4.381209 2.392709 2.818874 4.047703 3.886996 3.330390 2.644170 1.508571 1.713319 4.076700 5.571771 5.550684 5.567578 6.440660 7.260211 7.423394 6.048488 4.271988 7.883432 15.061126 19.830840 19.475499 16.996120 15.746109 17.025195 25.905326 39.745966 55.184410 77.185058 100.405072 108.161957 92.082321 59.301770 26.013564 10.567942 12.699558 12.666916 10.322033 8.912785 8.468708 8.754344 9.065004 7.532522 4.989335 4.918447 6.795262 6.928654 4.683165 2.101997 2.640163 3.301785 1.773541 2.517335 5.305082 6.918834 6.759688 6.011279 6.014758 6.462841 6.734965 7.867428 10.207011 11.412883 9.717722 5.651798 5.739359 10.923929 15.855662 18.603241 19.300588 18.781759 17.357290 15.469795 13.418356 10.826810 8.363379 7.272456 6.681744 6.897652 8.550152 9.309109 8.346784 7.716557
6.880348 1.193088 231.3440 231.3440 0.000000 10.027882 5.376092 5.001983 9.634703 16.858840 24.064345 28.143777 25.889746 18.950732 12.409494 6.175077 3.510599 8.669841 11.368866 12.538506 12.344519 8.314227 5.868110 7.548218 5.143797 4.536398 6.016619 2.547611 1.550530 4.070394 11.521925 11.607125 6.111270 9.748989 14.528146 12.826896 11.658335 8.154165 11.624279 28.974059 37.279588 23.959577 13.878931 13.920714 13.407862 22.105564 61.001119 68.362957 88.331379 213.441296 289.478643 214.264356 89.541916 22.689912 15.267759 29.416135 27.064427 22.152602 17.568506 9.597623 13.560101 19.860160 14.064303 8.863637 12.885423 9.925542 11.825055 11.394166 10.570883 14.868711 15.563321 12.722862 9.857806 10.390819 13.459681 9.553737 4.639010 14.617717 11.231775 5.637319 18.974140 20.604841 16.883714 13.101245 14.133303 25.793764 31.018163 27.851126 35.526860 39.432796 40.104591 43.624266 36.510430 17.052474 7.701196 18.367906 22.864718 24.425535 24.840251 19.594650 7.429235 8.746413 18.283930 16.735798
6.940171 1.195596 226.7913 226.7913 0.000000 9.812807 4.635638 3.100180 8.808805 15.426261 15.192668 18.762680 13.899680 7.542895 6.163002 4.432386 5.922207 5.870909 5.354452 6.644835 9.660565 9.303547 8.323550 6.835325 3.248867 5.108997 7.564114 5.894929 5.518377 8.782956 11.240572 9.427484 10.216006 13.505450 7.183543 4.190384 8.935305 12.361964 20.294151 27.363318 14.985750 3.072421 4.969414 13.015457 32.108793 36.844044 41.985980 89.290908 198.657913 268.254230 189.602073 66.954420 17.854919 24.475338 25.692987 15.739110 11.325700 17.005602 13.173952 12.715271 15.133224 18.670281 17.214262 11.246038 4.275151 10.088590 12.069274 15.322065 20.045748 19.515970 12.634418 2.002635 6.395371 10.538260 10.715180 12.612228 14.917572 13.669478 15.671362 14.806764 5.584748 9.543295 15.126309 21.287986 24.714208 13.480073 15.212511 23.800916 19.004592 32.797154 38.240941 24.511547 12.895563 16.836384 19.336973 17.587212 19.232412 15.104875 8.916807 11.073584 15.825069 8.459965 6.780517 10.356842
6.993452 1.037223 232.9775 232.9775 0.000000 9.205846 5.030579 2.926611 4.965898 6.130899 4.132777 4.124173 4.995876 2.922435 0.869282 0.760225 1.686901 1.986202 1.213665 1.169175 2.688797 3.865055 2.236778 2.535496 3.017607 1.169009 3.495380 4.734992 4.359235 3.064118 2.449840 3.712872 3.107332 3.311385 5.037804 5.006609 1.945221 3.490885 3.216016 5.527009 3.305893 13.647645 15.753620 10.342677 14.800297 24.927997 33.256661 29.937391 38.101029 70.211399 94.539767 92.871831 68.112858 37.189679 15.408242 8.557748 8.355212 6.765452 6.143518 8.206931 10.406602 8.178524 3.127007 4.567604 8.376203 7.896845 6.001911 5.115558 4.488372 3.010135 4.767115 7.332054 7.410439 6.085515 3.989056 2.183358 2.840380 3.815836 4.804275 6.544624 5.968452 5.230746 5.303046 4.428431 3.518071 3.507591 3.810143 5.301433 8.309544 9.999229 9.788230 8.276172 7.690522 9.038460 10.534617 9.920889 6.380692 5.287030 6.244232 2.934367 3.556750 4.725063 2.882096 2.791545
7.040678 0.469721 224.1787 224.1787 0.000000 0.636402 0.765224 0.282586 1.005597 1.747724 1.439809 1.103421 1.261553 1.482614 0.751726 0.080444 0.512557 0.770401 0.683004 0.591660 1.046393 0.969837 0.776026 0.905268 0.443121 0.713178 1.297670 1.135718 0.771383 0.374584 0.717297 0.827549 1.052853 1.041317 0.582845 0.334946 1.288780 1.904547 2.023443 2.638245 3.888072 4.697881 6.547130 9.925596 11.921378 11.261309 9.996427 11.530623 14.342199 14.050519 11.503983 9.788259 7.639964 6.325952 4.515814 3.339364 1.690364 0.626432 0.875958 0.913116 0.922212 1.139976 1.552125 1.569677 1.478331 1.498803 1.477721 0.949405 0.542498 0.260086 0.257701 0.999915 1.495190 1.137031 0.505721 0.168446 0.318119 0.342375 0.449175 0.548823 0.477373 0.440079 0.506519 0.455998 0.383180 0.317274 0.270020 0.260454 0.201668 0.189052 0.440691 0.750247 0.889073 0.888339 0.938089 1.077019 1.010485 0.609832 0.300168 0.467128 0.701443 0.843815 1.036981 1.177788
7.090119 0.078420 203.2627 203.2627 0.000000 0.371865 0.219204 0.094714 0.095554 0.261880 0.127854 0.179513 0.301543 0.317737 0.231189 0.258629 0.363164 0.271643 0.201589 0.257344 0.240776 0.082923 0.264927 0.447425 0.335179 0.204832 0.315034 0.458220 0.347990 0.344683 0.266427 0.197337 0.162264 0.236776 0.282527 0.253493 0.264041 0.349070 0.326093 0.360009 0.838222 1.318424 1.707981 2.207579 2.464864 2.334516 1.618544 0.799175 0.551609 0.802362 0.887246 0.470165 0.246598 0.443519 0.339781 0.127243 0.092384 0.165942 0.132889 0.182542 0.143407 0.253231 0.232629 0.169608 0.140735 0.117705 0.138787 0.173715 0.032978 0.080438 0.047721 0.107643 0.235336 0.254551 0.121501 0.031497 0.101785 0.071035 0.009249 0.045338 0.082642 0.154673 0.078330 0.104320 0.039875 0.038860 0.040192 0.026503 0.040902 0.018722 0.035505 0.024219 0.034765 0.049759 0.055969 0.033791 0.062386 0.068134 0.069555 0.064877 0.036379 0.023616 0.050115 0.050418
7.140378 0.010455 94.6840 94.6840 0.000000 0.075137 0.115827 0.120314 0.198893 0.207006 0.195805 0.267978 0.321389 0.309085 0.298638 0.324171 0.320967 0.259209 0.224406 0.226240 0.167750 0.178231 0.364448 0.462604 0.426318 0.199220 0.131228 0.235795 0.288895 0.281365 0.169060 0.229819 0.204339 0.082595 0.092654 0.142122 0.158199 0.225400 0.303175 0.282912 0.199413 0.229815 0.230158 0.127140 0.030110 0.056309 0.159879 0.184078 0.051805 0.126020 0.140442 0.091122 0.160874 0.159914 0.187298 0.219472 0.145530 0.081046 0.106687 0.152535 0.208735 0.209728 0.129339 0.185684 0.228920 0.071681 0.143887 0.173805 0.135248 0.150196 0.071221 0.051009 0.048993 0.101901 0.077230 0.080989 0.065991 0.043533 0.047247 0.036951 0.034366 0.036382 0.042652 0.102163 0.120632 0.068595 0.019960 0.110055 0.119406 0.072320 0.040901 0.028330 0.039906 0.034605 0.015449 0.009202 0.038721 0.068254 0.076544 0.069450 0.064224 0.058916 0.037334 0.037611
7.189727 0.004926 167.5881 167.5881 0.000000 0.118384 0.162917 0.284398 0.289696 0.151756 0.189522 0.180606 0.158468 0.089519 0.149527 0.149199 0.080048 0.051295 0.036024 0.103273 0.181444 0.297434 0.311737 0.208994 0.170403 0.306412 0.288028 0.229888 0.150219 0.219545 0.114766 0.129046 0.123618 0.162647 0.198063 0.150078 0.149109 0.270108 0.306786 0.244621 0.229893 0.171924 0.079412 0.103772 0.071444 0.083151 0.050985 0.132002 0.102587 0.074994 0.143300 0.100505 0.053800 0.185839 0.164628 0.165957 0.151716 0.085578 0.080390 0.082240 0.157530 0.185717 0.114391 0.131215 0.179113 0.113944 0.091846 0.149017 0.183101 0.136406 0.069068 0.066958 0.086710 0.108454 0.105537 0.123389 0.109815 0.044834 0.055740 0.041686 0.039457 0.044945 0.083753 0.099224 0.073427 0.064938 0.099336 0.144840 0.127384 0.048885 0.028688 0.022685 0.047862 0.077469 0.068787 0.080058 0.045902 0.040752 0.068659 0.056134 0.066399 0.072433 0.066831 0.042745
7.230287 0.004549 31.6030 31.6030 0.000000 0.138112 0.228073 0.279730 0.122253 0.237026 0.341402 0.234208 0.115839 0.150267 0.226831 0.222249 0.169357 0.126599 0.099869 0.099435 0.138041 0.167292 0.072428 0.118754 0.159477 0.155580 0.089708 0.203186 0.261623 0.239028 0.190775 0.192600 0.165600 0.184748 0.203103 0.108135 0.075716 0.156474 0.166814 0.192839 0.197945 0.232100 0.156347 0.083122 0.033919 0.035766 0.151548 0.183914 0.103475 0.098261 0.126290 0.114265 0.094410 0.107536 0.178577 0.243406 0.203019 0.088072 0.037201 0.105333 0.179368 0.124345 0.090517 0.139469 0.141056 0.076289 0.030635 0.079156 0.099330 0.063821 0.078540 0.070051 0.038453 0.046298 0.041098 0.034633 0.083982 0.144059 0.138138 0.072356 0.016219 0.028631 0.086733 0.091480 0.032944 0.011921 0.058682 0.041129 0.123859 0.120498 0.063792 0.020489 0.026960 0.075066 0.122134 0.131735 0.108935 0.074822 0.048745 0.060256 0.096414 0.079453 0.042665 0.105140
7.280563 0.004417 25.1590 25.1590 0.000000 0.061442 0.122129 0.127140 0.334831 0.413743 0.398585 0.230704 0.124707 0.172417 0.202408 0.165767 0.208158 0.207567 0.084640 0.079990 0.141462 0.087473 0.036536 0.122193 0.091901 0.151599 0.244499 0.118643 0.073701 0.210078 0.292383 0.263102 0.108730 0.119391 0.142291 0.084759 0.088007 0.199462 0.158535 0.143684 0.182497 0.157614 0.082956 0.088802 0.148893 0.174811 0.118956 0.107585 0.072071 0.055482 0.073249 0.039173 0.093141 0.155356 0.145686 0.074812 0.097214 0.175942 0.157047 0.101942 0.030231 0.063578 0.045183 0.094465 0.136502 0.097560 0.089552 0.073524 0.070937 0.089224 0.083900 0.050268 0.023570 0.061487 0.162431 0.175114 0.094974 0.046446 0.042735 0.058726 0.039939 0.018565 0.026496 0.042914 0.095445 0.117542 0.054906 0.034620 0.025589 0.051473 0.076643 0.068191 0.057125 0.076545 0.098005 0.061327 0.047735 0.086205 0.126672 0.098376 0.067400 0.083788 0.075335 0.054512
7.329737 0.004190 103.8014 103.8014 0.000000 0.027592 0.154309 0.317937 0.356096 0.161584 0.190918 0.160848 0.225394 0.111386 0.122528 0.144293 0.239394 0.213006 0.038181 0.098215 0.095854 0.151722 0.127706 0.067880 0.267411 0.369814 0.280405 0.129150 0.123700 0.142332 0.144561 0.139676 0.075878 0.173504 0.181891 0.162872 0.210855 0.160467 0.069723 0.057717 0.113118 0.095103 0.075462 0.078673 0.066704 0.107306 0.100358 0.064773 0.061052 0.042341 0.044561 0.037629 0.046379 0.089856 0.064498 0.081884 0.100020 0.111241 0.073547 0.086946 0.103178 0.106919 0.147359 0.160670 0.087681 0.114975 0.149177 0.122899 0.035659 0.086086 0.059937 0.016552 0.039732 0.155798 0.148928 0.021416 0.059058 0.066865 0.064844 0.018996 0.026396 0.011694 0.025868 0.090637 0.114890 0.081606 0.083276 0.093694 0.065388 0.036440 0.034380 0.038023 0.100175 0.112338 0.044296 0.016996 0.066642 0.107260 0.101974 0.089088 0.046544 0.007965 0.022866 0.056834
7.380308 0.004020 104.6612 104.6612 0.000000 0.041876 0.178431 0.280231 0.228926 0.079246 0.092601 0.121340 0.181449 0.188897 0.084127 0.145077 0.335518 0.262062 0.164032 0.211698 0.204252 0.272911 0.261538 0.163494 0.268639 0.330604 0.199211 0.172370 0.166108 0.134496 0.147673 0.174470 0.106175 0.143929 0.261237 0.254158 0.114853 0.146966 0.144834 0.071974 0.047676 0.091004 0.126950 0.082294 0.044777 0.062547 0.032066 0.071023 0.059337 0.076348 0.067737 0.045761 0.028405 0.076027 0.101790 0.072849 0.072068 0.093733 0.119572 0.110512 0.092281 0.058516 0.099486 0.088353 0.110630 0.135447 0.073468 0.112507 0.130324 0.088229 0.058152 0.047432 0.027485 0.059292 0.121227 0.095296 0.044438 0.086291 0.122556 0.066803 0.019178 0.038054 0.038132 0.042451 0.053661 0.064282 0.059433 0.056574 0.083473 0.097406 0.070959 0.050260 0.072777 0.098893 0.092542 0.041961 0.011313 0.034317 0.041719 0.050289 0.065629 0.034403 0.020120 0.015613
7.432066 0.004062 60.6013 60.6013 0.000000 0.127275 0.141021 0.068672 0.201087 0.093115 0.148862 0.169517 0.059318 0.196916 0.067705 0.210306 0.330540 0.124516 0.041844 0.189827 0.263854 0.236904 0.252723 0.122436 0.180278 0.171081 0.052358 0.036697 0.047898 0.104341 0.078665 0.202392 0.137049 0.088882 0.116154 0.137066 0.173579 0.202104 0.144483 0.066644 0.064934 0.077958 0.056375 0.076467 0.096853 0.130344 0.138105 0.118418 0.071382 0.070316 0.123212 0.115799 0.046795 0.032891 0.055727 0.067247 0.088521 0.124985 0.093470 0.092676 0.121124 0.092610 0.046161 0.059633 0.119556 0.157287 0.130516 0.051945 0.064559 0.115360 0.065888 0.016226 0.036648 0.060239 0.080186 0.093983 0.056717 0.049814 0.093253 0.130894 0.092303 0.043413 0.058293 0.068991 0.042319 0.041458 0.066136 0.065295 0.040927 0.041358 0.076561 0.059404 0.053842 0.067308 0.056586 0.079591 0.072340 0.032003 0.029284 0.046253 0.063208 0.080592 0.058293 0.050279
7.480685 0.004055 46.2160 46.2160 0.000000 0.151745 0.115932 0.105832 0.195606 0.161211 0.099199 0.073722 0.211097 0.322565 0.324483 0.336583 0.311728 0.204539 0.149456 0.169372 0.094334 0.062556 0.131568 0.218388 0.149705 0.089209 0.096724 0.045039 0.037985 0.051597 0.143840 0.227171 0.226544 0.178974 0.128322 0.122666 0.083593 0.108112 0.153579 0.158752 0.103362 0.026590 0.134523 0.127893 0.073606 0.166558 0.269799 0.121701 0.070315 0.073717 0.093176 0.107563 0.137601 0.075176 0.041612 0.040079 0.066916 0.147171 0.182118 0.150264 0.108515 0.087098 0.133859 0.148118 0.093950 0.068594 0.103183 0.136720 0.116217 0.080782 0.066393 0.057452 0.041437 0.045340 0.080787 0.086712 0.066709 0.040706 0.035202 0.060083 0.041702 0.123372 0.066266 0.056883 0.054871 0.058929 0.051373 0.096992 0.097439 0.028661 0.066948 0.091104 0.046668 0.064632 0.081750 0.083403 0.088410 0.060451 0.032556 0.031077 0.044116 0.030138 0.060348 0.083904
7.527234 0.004159 41.4554 41.4554 0.000000 0.116699 0.073899 0.100397 0.175993 0.079662 0.017851 0.070046 0.261720 0.281718 0.240658 0.209932 0.145690 0.133871 0.174956 0.182463 0.115364 0.064203 0.161931 0.295124 0.275553 0.206406 0.193098 0.127773 0.050134 0.058207 0.144591 0.186440 0.124772 0.065708 0.253275 0.283948 0.202613 0.081364 0.035775 0.084668 0.094721 0.110523 0.184935 0.259539 0.268040 0.250449 0.247999 0.231717 0.165106 0.092002 0.079885 0.096984 0.136719 0.179891 0.111864 0.059976 0.080195 0.104200 0.092998 0.143798 0.126113 0.095707 0.157571 0.202834 0.137704 0.044480 0.037901 0.087829 0.051784 0.079100 0.041538 0.030892 0.032241 0.051100 0.039650 0.052750 0.044625 0.045207 0.043256 0.044020 0.083515 0.132390 0.148685 0.081878 0.010550 0.045337 0.088841 0.068073 0.079477 0.080423 0.043084 0.118417 0.129918 0.035311 0.078016 0.083033 0.071168 0.089518 0.041450 0.038162 0.031491 0.029635 0.054845 0.083730
7.574536 0.029832 41.9568 41.9568 0.000000 0.027962 0.067655 0.169593 0.125038 0.096007 0.091777 0.178229 0.315902 0.346926 0.300608 0.230751 0.119125 0.049353 0.059343 0.072369 0.110222 0.125453 0.209571 0.289888 0.150507 0.146220 0.150175 0.184716 0.072134 0.053009 0.132539 0.146035 0.115443 0.159484 0.159474 0.173583 0.214446 0.198769 0.120528 0.063467 0.038498 0.018884 0.088864 0.180159 0.146120 0.265713 0.158488 0.143401 0.221984 0.199917 0.100219 0.061527 0.156158 0.187651 0.146546 0.056944 0.049084 0.036465 0.047980 0.106044 0.122224 0.079482 0.061668 0.090969 0.100192 0.078216 0.057294 0.066875 0.095470 0.082960 0.115382 0.092685 0.032698 0.030127 0.073199 0.086547 0.085224 0.063672 0.038898 0.034246 0.065853 0.105665 0.107328 0.106602 0.119994 0.113616 0.135943 0.166151 0.140332 0.097420 0.088295 0.096741 0.151432 0.115982 0.052450 0.098401 0.125813 0.092767 0.075543 0.078311 0.060390 0.029843 0.016791 0.030146
7.622208 0.875358 237.6591 237.6591 0.000000 6.808013 3.677215 3.249325 3.159295 2.882891 2.385478 2.015273 1.562301 1.126828 0.518599 0.727697 1.540712 1.911206 1.859043 1.510295 1.085109 0.827317 0.848950 1.177364 1.471750 1.676401 1.571746 1.501053 1.575010 1.941490 1.837364 1.510400 1.271966 0.939193 0.832834 0.478685 0.479542 0.156752 1.014937 2.404813 4.205073 5.832351 7.348743 9.199154 10.891525 12.286489 13.708316 15.685504 18.680432 22.273285 25.612573 27.668485 27.767275 25.850478 22.394315 17.806030 13.214665 9.069635 5.568707 3.131722 1.807821 1.248550 1.169145 1.545533 2.041562 2.477725 2.439812 2.391167 1.986042 1.472529 1.078949 1.006878 1.529623 2.061696 2.343550 2.359154 2.088491 1.652306 1.100157 0.684430 0.708245 1.088449 1.522932 1.875583 2.310376 2.560269 2.563619 2.316115 1.809828 1.522678 1.191467 0.825874 0.378442 0.834346 1.896537 3.020067 4.035473 4.892371 5.440512 5.751633 6.096708 6.165703 6.199781 6.067965
7.669908 1.178272 231.7526 231.7526 0.000000 9.044433 15.183758 13.837208 11.383912 14.070604 19.226312 21.678982 20.035966 16.157449 13.730231 12.551735 11.017204 9.985087 9.005222 6.284941 3.762468 3.865991 4.224767 4.883776 5.526628 3.945800 2.254379 4.884061 7.083932 7.683110 8.306110 8.572682 7.490380 5.186798 2.537387 1.225395 2.333458 6.043132 11.600322 17.299989 23.133277 26.227015 24.782483 27.716003 34.740511 39.569071 45.725602 49.408574 73.323597 137.859723 184.181498 166.917243 106.086982 55.466501 35.802577 21.881506 10.261725 4.050647 2.768961 1.981251 2.845434 4.934254 7.222977 9.608467 10.021888 8.581733 7.163387 7.257138 8.067595 8.960095 9.865052 10.784346 11.053715 9.962164 7.219499 4.376481 3.638505 4.174964 4.012520 3.544339 7.165682 11.188958 12.788688 13.364226 14.896729 18.317513 23.403211 27.720387 29.505201 30.341135 30.326403 26.316930 20.297866 17.175859 16.173613 19.013720 22.835843 23.239596 22.775771 22.399209 19.505899 15.242531 13.588014 12.782048
7.732872 1.197853 225.1697 225.1697 0.000000 11.532506 21.189527 14.896526 7.506506 16.372617 27.337545 35.320540 37.792869 32.255773 22.336597 13.812629 9.051680 9.517170 11.971539 9.716800 6.156916 3.225662 3.188748 3.925944 6.714331 6.468754 6.916788 6.615170 6.051027 8.075264 9.445853 12.357871 10.166313 5.421063 2.734131 3.144183 6.277267 14.210680 11.903007 20.900339 26.899856 8.911812 17.212089 24.303660 24.616195 31.086704 40.682112 78.678989 256.451102 324.259151 199.477218 67.122602 35.240612 27.182286 14.040144 5.101922 3.314629 8.070110 9.495243 6.700744 4.740326 10.003147 9.042256 9.037478 5.404853 7.005258 12.243295 9.566734 7.651822 11.228998 9.795179 11.788867 10.376780 3.382282 5.128006 4.767390 3.076177 1.808569 8.765844 15.364792 11.252813 13.245220 17.148807 20.446472 43.393218 61.910142 67.440439 62.804967 46.348587 21.503716 15.485999 13.178697 12.501253 25.008640 19.120509 16.904226 19.295410 19.598941 12.081915 10.444145 16.141361 16.040189 13.134482 12.840939
7.789718 1.198217 226.7903 226.7903 0.000000 9.877216 14.719021 9.035946 6.840472 7.895777 10.086970 15.282460 20.660702 19.743497 11.150254 4.196180 2.121223 2.966632 6.177853 5.769570 3.246121 1.629558 1.205427 1.127970 3.718901 6.410196 6.377214 3.498286 2.428006 3.244712 3.162926 6.198538 5.495631 5.059360 4.257103 3.357221 3.427195 7.832652 9.593177 11.056400 19.150817 22.640785 19.536661 27.488982 25.715746 28.302141 44.723673 91.236627 163.681343 195.164678 141.494875 52.822477 6.506099 7.018674 4.387727 6.500605 6.424260 10.502049 11.504293 9.201416 7.346931 6.669542 3.564708 3.350635 4.158017 3.033830 5.514493 6.709411 4.835156 5.125307 2.587861 2.439345 7.847692 9.008022 6.017238 2.699646 0.898821 1.134077 4.000475 8.349009 8.757444 6.435818 10.374050 9.219977 16.906813 31.784017 38.932097 39.009680 32.654541 20.988305 9.726800 10.544532 12.936122 13.189471 8.960870 2.916367 1.759508 3.252505 6.454498 6.249519 5.803677 6.684362 6.068037 4.176434
7.843682 0.829640 235.5898 235.5898 0.000000 7.026313 5.328956 2.557482 0.822556 1.314045 1.271751 0.978764 1.419049 2.534852 2.256223 1.293188 1.000584 1.118425 1.247272 1.206489 0.986800 0.488064 0.626512 1.151720 1.139704 0.864204 1.679921 2.105254 1.488855 0.302849 2.066360 2.930215 2.747697 1.619842 0.630403 0.959826 1.144562 1.723462 2.297235 2.779961 5.294569 4.413993 8.386362 21.100373 28.090244 27.928750 25.879858 25.348910 28.598271 34.795119 39.032139 39.903311 34.771670 25.872828 16.075901 6.937392 2.634680 2.463676 3.926664 5.477277 5.762958 4.733095 3.276520 2.398068 1.942430 1.885111 2.154176 2.017265 1.083453 0.970880 2.048236 2.599275 2.405915 2.102417 1.206090 0.912860 2.648204 3.998595 3.974867 2.468319 0.951585 0.668448 1.243772 1.897933 2.096315 2.507831 3.573251 5.037214 6.082797 5.187833 3.336273 2.667356 2.390719 2.339959 2.675740 2.687724 3.935045 4.980545 4.513269 3.425607 2.262903 0.902109 0.311852 1.079428
7.889798 0.220291 212.8002 212.8002 0.000000 1.664308 0.484670 0.613981 0.494216 0.311533 0.336197 0.299512 0.191702 0.426544 0.399327 0.300284 0.160650 0.118355 0.181747 0.209561 0.193347 0.165028 0.194599 0.227564 0.223874 0.288530 0.399658 0.239646 0.176181 0.217018 0.231412 0.588519 0.641676 0.735979 0.571145 0.398692 0.320519 0.187491 0.277264 0.276018 0.249359 0.563468 1.235306 2.064851 3.555446 6.233347 9.048283 9.830757 7.644196 4.663388 3.427127 2.779728 1.321702 0.736379 0.699844 0.332275 0.305057 0.493562 0.428281 0.251741 0.679468 1.000975 0.545330 0.633398 0.680678 0.509812 0.382242 0.246641 0.117781 0.134062 0.234394 0.223594 0.213046 0.301968 0.296242 0.273163 0.220366 0.108879 0.127435 0.265408 0.400748 0.361114 0.321266 0.446993 0.567001 0.534285 0.434586 0.188787 0.031608 0.167673 0.210318 0.145819 0.079220 0.234985 0.238431 0.392397 0.392234 0.382280 0.220078 0.075500 0.083353 0.204872 0.274874 0.217591
7.939788 0.037373 212.6102 212.6102 0.000000 0.264038 0.246461 0.218869 0.148853 0.140002 0.088214 0.078574 0.182636 0.225607 0.197811 0.238458 0.281934 0.239735 0.139080 0.145763 0.092869 0.190152 0.353289 0.304360 0.168051 0.197884 0.324493 0.261240 0.111691 0.066593 0.130437 0.184064 0.161006 0.112728 0.113596 0.172522 0.272675 0.285917 0.253465 0.025969 0.027601 0.062487 0.363981 0.220567 0.327263 0.386989 0.585115 0.684707 0.665215 0.664049 0.496263 0.357478 0.413157 0.192239 0.271099 0.428191 0.321751 0.225464 0.286428 0.274741 0.132040 0.117899 0.158706 0.171959 0.122943 0.098717 0.154429 0.174420 0.108677 0.108844 0.176813 0.123880 0.119451 0.087165 0.069080 0.070467 0.103640 0.132931 0.127356 0.047830 0.048486 0.071364 0.099286 0.120403 0.093119 0.056483 0.029267 0.055669 0.084541 0.085616 0.067516 0.019636 0.023874 0.033706 0.051400 0.102175 0.118434 0.068367 0.033574 0.069539 0.108587 0.079199 0.048510 0.069826
7.981883 0.005122 109.9181 109.9181 0.000000 0.222990 0.117693 0.171262 0.197453 0.127192 0.079214 0.035426 0.121496 0.177840 0.196970 0.305533 0.361803 0.211176 0.088153 0.143568 0.175908 0.208449 0.242542 0.270843 0.248079 0.450372 0.438365 0.127334 0.108984 0.113743 0.234746 0.085476 0.177583 0.187554 0.243458 0.354038 0.349526 0.302785 0.222142 0.148237 0.175190 0.203274 0.164440 0.150343 0.124843 0.105920 0.107455 0.101280 0.041276 0.092116 0.137334 0.143849 0.147833 0.199729 0.149952 0.116929 0.116911 0.129562 0.178422 0.139730 0.088157 0.095969 0.096137 0.084989 0.099551 0.113274 0.157908 0.251336 0.248330 0.177094 0.048398 0.068439 0.082309 0.058382 0.035469 0.075759 0.059515 0.123963 0.131538 0.115404 0.101980 0.045920 0.035969 0.058671 0.070960 0.079942 0.057113 0.061625 0.120827 0.101810 0.054686 0.047048 0.052195 0.037703 0.103445 0.080805 0.054765 0.045324 0.075960 0.066624 0.060223 0.027242 0.035190 0.042789
8.030326 0.005120 105.0290 105.0290 0.000000 0.152272 0.132167 0.232619 0.239691 0.178048 0.154152 0.105301 0.176995 0.240640 0.134668 0.151598 0.269494 0.193632 0.079181 0.110224 0.147609 0.065598 0.153628 0.210852 0.431965 0.464323 0.345041 0.200802 0.216425 0.272982 0.247768 0.254499 0.272382 0.213160 0.272768 0.352388 0.236879 0.157507 0.159010 0.105132 0.139661 0.165509 0.155726 0.137075 0.069353 0.081762 0.061026 0.088306 0.060285 0.078016 0.027026 0.006482 0.019480 0.072613 0.088383 0.098847 0.109565 0.118887 0.130731 0.094999 0.048956 0.076752 0.086871 0.064252 0.159683 0.189553 0.190307 0.166190 0.263629 0.210285 0.032091 0.073974 0.030515 0.042999 0.063100 0.031301 0.031490 0.094753 0.128777 0.067890 0.056177 0.084686 0.045001 0.024979 0.033871 0.075684 0.119549 0.114588 0.111696 0.088995 0.079077 0.025735 0.070999 0.093054 0.116409 0.081270 0.077770 0.069088 0.080715 0.070296 0.050008 0.041981 0.051471 0.072319
8.080350 0.005195 40.2036 40.2036 0.000000 0.093080 0.056363 0.234823 0.386279 0.334436 0.163695 0.251261 0.416516 0.244833 0.081989 0.209501 0.054253 0.173673 0.136755 0.079673 0.208524 0.276322 0.282442 0.229015 0.115660 0.175301 0.125150 0.290581 0.267828 0.119651 0.174810 0.184178 0.211667 0.291406 0.379041 0.308988 0.112894 0.066400 0.070935 0.114137 0.144007 0.213313 0.214306 0.120983 0.064998 0.137681 0.139815 0.139898 0.103604 0.085739 0.067785 0.086440 0.065804 0.083779 0.093547 0.115433 0.161108 0.104560 0.124031 0.179840 0.164380 0.121494 0.128923 0.173061 0.115159 0.139222 0.129666 0.126063 0.110913 0.072917 0.031213 0.045198 0.096420 0.138940 0.116578 0.075682 0.108282 0.101757 0.080204 0.073567 0.060123 0.035364 0.071923 0.114476 0.068710 0.018682 0.032917 0.046624 0.070683 0.102425 0.091977 0.081902 0.086734 0.104814 0.115888 0.080518 0.047986 0.022663 0.044269 0.078985 0.119493 0.126861 0.076767 0.051775
8.129713 0.005038 40.0153 40.0153 0.000000 0.124412 0.146350 0.219527 0.173372 0.278965 0.134620 0.271668 0.516475 0.293322 0.156157 0.298940 0.312096 0.297784 0.127529 0.050439 0.188185 0.240124 0.085092 0.054637 0.158908 0.251093 0.275215 0.061931 0.305864 0.416831 0.308394 0.223412 0.224701 0.200944 0.135520 0.230054 0.140619 0.124403 0.174276 0.145897 0.083417 0.226529 0.200387 0.079438 0.167776 0.265246 0.240184 0.098284 0.094477 0.164096 0.101453 0.131032 0.164579 0.077175 0.094968 0.174312 0.213016 0.134820 0.125807 0.306905 0.194372 0.015618 0.083793 0.136767 0.091478 0.067474 0.025218 0.078995 0.080800 0.033957 0.031616 0.086167 0.115227 0.152095 0.129465 0.123713 0.122488 0.023520 0.019425 0.066137 0.061989 0.049092 0.068005 0.055497 0.039775 0.022887 0.029506 0.039664 0.029074 0.063983 0.030771 0.027593 0.028201 0.035722 0.083811 0.051697 0.042524 0.052759 0.035230 0.051319 0.097122 0.109682 0.098405 0.084024
8.180349 0.004993 42.1207 42.1207 0.000000 0.191548 0.209393 0.080936 0.059951 0.207192 0.214533 0.254336 0.432635 0.381751 0.192832 0.173669 0.288854 0.348610 0.238089 0.059143 0.045947 0.107534 0.128242 0.080869 0.077610 0.185288 0.182069 0.229617 0.250798 0.271353 0.337925 0.328457 0.245659 0.166592 0.161173 0.135903 0.080357 0.095299 0.115213 0.099065 0.138123 0.106600 0.147304 0.275260 0.248271 0.200470 0.241455 0.138445 0.189494 0.144385 0.055215 0.143222 0.181713 0.119215 0.125059 0.166867 0.132875 0.071852 0.077265 0.129515 0.162588 0.219276 0.304705 0.234858 0.135740 0.127772 0.062035 0.014337 0.016309 0.060289 0.045022 0.058308 0.056375 0.070683 0.114332 0.094289 0.084274 0.087682 0.074235 0.120659 0.110713 0.037638 0.025717 0.044077 0.022875 0.050952 0.025913 0.036345 0.041621 0.094422 0.098315 0.080758 0.063728 0.068829 0.072897 0.055553 0.030299 0.016071 0.034212 0.071580 0.061363 0.019903 0.037138 0.026789
8.229726 0.004609 31.3842 31.3842 0.000000 0.069778 0.098351 0.130237 0.147009 0.293899 0.382890 0.345306 0.283902 0.332236 0.255450 0.170316 0.142214 0.148142 0.219045 0.227267 0.170530 0.126620 0.092065 0.154114 0.141536 0.067670 0.068996 0.141461 0.146292 0.021529 0.154711 0.085921 0.242429 0.272729 0.121459 0.102141 0.119039 0.099553 0.059197 0.041036 0.086930 0.177865 0.218819 0.167437 0.162825 0.220009 0.100280 0.088829 0.172592 0.218754 0.190399 0.213955 0.079606 0.048402 0.098817 0.127017 0.113348 0.067393 0.084349 0.062903 0.095917 0.160396 0.149377 0.121952 0.137670 0.115884 0.076559 0.108639 0.116742 0.102208 0.078916 0.102662 0.139265 0.172854 0.190411 0.122570 0.044042 0.098611 0.107723 0.084543 0.076941 0.055860 0.073019 0.074723 0.036010 0.043612 0.086694 0.119308 0.136625 0.128799 0.098253 0.050419 0.029749 0.052770 0.043692 0.024147 0.031837 0.026173 0.052018 0.070752 0.072598 0.064135 0.052899 0.055757
8.269783 0.004483 25.5689 25.5689 0.000000 0.082777 0.081986 0.148166 0.061871 0.309379 0.236606 0.153938 0.137002 0.249712 0.241435 0.170650 0.104118 0.156322 0.231889 0.222501 0.212965 0.183582 0.109560 0.096139 0.128461 0.174686 0.171160 0.096966 0.073361 0.079580 0.153712 0.270422 0.265371 0.209073 0.138650 0.102887 0.097797 0.061041 0.025049 0.046644 0.091412 0.163165 0.182398 0.205215 0.152284 0.025335 0.093646 0.180778 0.131717 0.148752 0.173248 0.109489 0.073400 0.056497 0.010999 0.123259 0.154597 0.129052 0.078003 0.040516 0.030718 0.127146 0.176864 0.115505 0.098453 0.132030 0.147695 0.107806 0.048627 0.041067 0.081324 0.096314 0.091135 0.115196 0.130414 0.117691 0.055320 0.030321 0.065345 0.106186 0.150044 0.122544 0.058261 0.040234 0.097726 0.135349 0.085227 0.041115 0.049516 0.022420 0.023183 0.022595 0.017176 0.032702 0.045623 0.019719 0.043047 0.031043 0.106029 0.052284 0.056095 0.041155 0.024444 0.021909
8.320392 0.004480 109.8819 109.8819 0.000000 0.134981 0.091512 0.189848 0.323124 0.270565 0.142717 0.131940 0.192811 0.145151 0.089171 0.060380 0.047715 0.100286 0.177884 0.182956 0.144522 0.150661 0.128345 0.125738 0.068101 0.220625 0.351213 0.226498 0.072790 0.092327 0.150380 0.264372 0.240895 0.221157 0.298978 0.196472 0.098554 0.093713 0.089070 0.083586 0.094925 0.101408 0.099712 0.091292 0.122227 0.216499 0.222769 0.214937 0.099707 0.013910 0.011756 0.067363 0.126425 0.106748 0.068908 0.101089 0.131317 0.051112 0.116847 0.114277 0.072396 0.035046 0.090224 0.192885 0.184876 0.112685 0.075892 0.048673 0.046335 0.138795 0.139750 0.140644 0.128865 0.113417 0.108090 0.145270 0.102425 0.085189 0.073201 0.085611 0.071673 0.114451 0.123180 0.072619 0.040239 0.062118 0.093385 0.076933 0.030443 0.020460 0.043224 0.041190 0.019672 0.015233 0.025643 0.034655 0.044502 0.071081 0.084660 0.104187 0.107863 0.095653 0.091151 0.087337
8.375387 0.004669 144.6173 144.6173 0.000000 0.136324 0.125664 0.189875 0.385701 0.244517 0.158081 0.219439 0.041067 0.153709 0.137697 0.096741 0.072264 0.119999 0.142995 0.298137 0.369172 0.347596 0.267536 0.173828 0.244201 0.293579 0.206273 0.130697 0.160152 0.050807 0.213452 0.198907 0.322466 0.372551 0.209789 0.081851 0.123328 0.066277 0.099103 0.219656 0.216187 0.150337 0.122711 0.215058 0.305933 0.210068 0.050214 0.021050 0.065305 0.087028 0.090477 0.146336 0.070969 0.080522 0.102958 0.115471 0.198060 0.228452 0.160728 0.133408 0.145711 0.111609 0.103168 0.110706 0.111404 0.158901 0.188487 0.179125 0.185095 0.138943 0.104551 0.173604 0.131719 0.053764 0.052387 0.060289 0.096669 0.087255 0.105047 0.059885 0.022776 0.059109 0.112584 0.093454 0.069270 0.080679 0.057888 0.029647 0.046549 0.062068 0.068562 0.054902 0.051934 0.054110 0.073698 0.057499 0.038689 0.065581 0.066159 0.072911 0.049736 0.041128 0.023960 0.035042
8.420340 0.006311 79.8114 79.8114 0.000000 0.210484 0.195458 0.316945 0.354889 0.048643 0.258469 0.141779 0.242832 0.352532 0.315137 0.125613 0.081461 0.028357 0.051511 0.263411 0.379916 0.259431 0.229995 0.034213 0.104064 0.119871 0.028609 0.136517 0.242023 0.307108 0.255852 0.115819 0.146300 0.226076 0.212763 0.134585 0.076762 0.079545 0.079105 0.219350 0.235199 0.046919 0.157873 0.077619 0.247875 0.184223 0.022844 0.033825 0.107356 0.196025 0.236528 0.181187 0.065357 0.028106 0.072843 0.057048 0.173249 0.228268 0.143661 0.073561 0.094668 0.030489 0.066920 0.111764 0.119293 0.132599 0.133523 0.054385 0.103925 0.092114 0.107795 0.132754 0.093637 0.092261 0.058716 0.073974 0.121135 0.083098 0.126899 0.131106 0.052545 0.050475 0.096330 0.102414 0.143241 0.118277 0.053734 0.035029 0.058539 0.067912 0.066935 0.072971 0.055447 0.028929 0.024271 0.043684 0.063541 0.056296 0.054973 0.053928 0.029579 0.021847 0.022058 0.031564
8.469787 0.785578 240.5674 240.5674 0.000000 2.505692 0.695245 0.702577 0.235041 1.015494 0.779187 1.013179 1.342659 0.959100 1.069749 0.850635 1.115186 1.145361 1.118756 1.163026 0.853549 0.913063 0.981296 0.882230 0.626373 0.359926 0.304278 0.522196 1.005499 1.170656 1.120513 1.207988 1.044998 0.965400 0.964825 1.052490 1.104992 1.018279 1.104597 1.417761 2.361533 3.229917 3.652531 4.212527 4.301642 4.347712 5.259412 7.311041 10.032402 13.199521 15.982750 17.825289 18.515976 17.710364 16.084017 13.444561 10.753709 7.834369 5.668244 3.909319 2.684458 2.175532 1.726375 1.183356 0.574663 0.269500 0.612753 1.015826 1.138406 1.011505 0.748983 0.513966 0.235408 0.107464 0.139126 0.200879 0.393559 0.556313 0.862758 1.064875 0.950075 0.845242 0.742997 0.561613 0.501908 0.561430 0.714508 1.048539 1.458375 1.885989 2.331122 2.742837 3.071125 3.256476 3.391915 3.278878 3.111754 2.718786 2.210237 1.468396 0.790431 0.220251 0.720047 1.128560
8.520339 1.148494 238.1110 238.1110 0.000000 8.292994 8.243298 6.610259 5.901588 8.292500 11.918967 14.206891 13.448704 9.816872 5.779692 4.105956 5.464497 7.097814 7.322077 5.349515 2.178362 3.698803 6.190387 5.447566 2.783038 1.091481 1.804490 4.278931 6.162350 5.719992 5.243745 6.068348 5.761596 4.681215 6.483244 9.355663 9.280487 7.574481 9.474481 14.861744 19.088743 18.044411 11.096537 6.897699 9.185665 9.772383 21.254578 38.327084 48.225646 61.634323 105.292887 149.997630 154.058318 116.230820 65.497879 27.767026 8.820132 11.502107 16.438655 15.143331 10.408783 5.831035 4.614823 5.576890 7.587894 9.266105 9.988057 9.903670 9.265130 8.181314 7.606394 7.626592 7.353421 6.689570 6.134110 6.135082 7.055409 7.483960 6.296637 4.501012 4.537469 5.930968 6.396488 5.199536 4.926561 8.676237 13.933761 18.213878 19.113562 14.906018 12.562224 20.929995 30.503556 31.088198 23.376449 13.970929 8.831589 7.707955 8.508895 11.376978 14.851990 16.111826 14.384556 11.146858
8.578539 1.180170 226.1322 226.1322 0.000000 7.532602 10.371074 10.957338 7.165559 14.595944 24.869247 24.984730 19.686613 11.954935 2.390841 4.986594 8.041419 9.292877 10.099067 9.613178 9.938579 12.007055 9.898418 4.565596 2.128101 4.190940 8.665820 8.944544 4.539416 4.977880 10.873914 11.923629 13.054189 16.608588 15.536756 14.113928 14.810179 19.488935 23.624003 21.087323 15.857949 10.069512 11.695597 6.533928 26.627941 40.253747 49.209642 60.423644 196.416945 311.037331 242.330352 94.917796 45.997708 27.728459 15.325481 18.705006 21.705109 14.849679 4.314141 5.464905 11.480306 14.163877 12.517736 11.574772 12.223004 15.353689 17.955921 16.659118 16.447908 15.905447 10.348619 6.202987 6.862983 9.904786 10.294549 4.156571 3.468321 9.020403 14.369094 14.394887 13.498103 16.051987 20.398976 27.207923 29.047945 17.339639 16.578299 46.285340 69.453953 52.152638 17.443488 11.147754 8.365119 11.612813 22.683970 25.479832 22.808102 20.700514 15.492090 9.395847 7.894656 9.108682 9.234522 4.874002
8.629777 1.181087 229.2810 229.2810 0.000000 4.040002 3.932000 9.895837 11.531176 13.931762 15.576482 12.810864 8.541362 9.187921 6.630636 1.117694 3.896625 2.822611 4.420635 7.506127 6.779373 7.312346 8.059597 2.844366 3.075443 5.413824 6.511623 5.222065 3.360461 3.583312 7.587917 8.067673 7.164808 11.424865 7.391311 6.720409 6.161626 5.642523 9.597643 7.793984 7.046193 15.345118 26.751632 20.385060 30.355822 38.591822 38.804598 69.130591 126.895306 206.504716 204.356490 120.121055 40.526285 27.080854 24.667262 6.714790 9.878017 10.698498 5.769289 4.365842 4.737538 7.769917 7.617056 3.732944 3.367826 3.368489 9.409914 12.882754 6.882709 9.903743 11.235889 5.987566 1.576797 3.137622 5.937793 7.177101 4.176824 1.544168 5.473343 10.922606 10.279202 7.141510 7.644696 6.790479 10.506656 15.961525 14.213523 16.264760 30.529083 46.754455 45.440548 25.254991 15.151300 13.946562 12.644459 15.090210 14.204689 8.924994 7.458583 7.973292 2.416277 3.009281 1.881636 7.206384
8.690318 0.895500 236.2011 236.2011 0.000000 2.146432 2.450845 4.077544 5.007682 4.058095 2.472721 1.693268 1.765572 2.249233 3.356139 3.602014 2.632497 2.050528 1.676497 1.423808 1.949298 1.899275 2.369202 3.359839 2.884812 2.331561 2.495077 1.773395 0.525561 0.702064 0.886079 2.958733 3.955420 3.426752 4.147957 5.048609 4.222433 3.083279 2.538175 1.744021 2.824414 5.130366 8.816822 19.827020 29.449523 30.648795 31.272219 33.022523 36.570938 43.489078 49.362903 52.268892 46.112228 33.923126 25.433934 21.064182 13.848991 8.696324 6.275817 4.050368 2.177509 1.184177 0.876046 0.488043 1.589684 2.133605 1.702552 1.611886 2.364928 3.452252 3.898097 3.339392 2.837522 2.479038 2.403454 2.695004 2.783889 3.274833 3.008778 1.547720 1.337066 1.985662 3.000277 2.724199 1.757093 1.095617 0.938100 2.024706 2.931739 2.643115 1.644494 1.913598 5.029583 8.361870 10.790457 11.342625 10.364441 9.010027 6.914646 3.811495 2.134189 2.472089 1.794755 1.250289
8.737842 0.296046 200.0503 200.0503 0.000000 1.212896 0.173289 0.616986 0.504482 0.339627 0.294203 0.253214 0.371796 0.389758 0.776328 0.905424 0.843212 0.543159 0.450074 0.540939 0.681298 0.743520 0.591409 0.723117 0.740894 0.352203 0.212659 0.428080 0.532000 0.294462 0.204140 0.737701 0.920573 0.475797 0.625578 1.084739 1.095399 0.749608 0.797364 1.173155 1.942406 3.461548 6.142442 10.252767 12.683672 10.677324 6.815090 5.866619 4.205415 2.314894 1.895965 0.522492 0.975972 1.410511 1.162052 1.439352 1.364691 0.634057 0.283858 0.287585 0.177634 0.401263 0.670344 0.447376 0.251790 0.269825 0.235920 0.226347 0.195953 0.190418 0.323855 0.510534 0.344555 0.381136 0.312034 0.337696 0.384925 0.492927 0.542090 0.504597 0.438654 0.342579 0.433935 0.442623 0.307470 0.110871 0.106481 0.117709 0.230489 0.222059 0.056691 0.132638 0.164290 0.138267 0.110501 0.226866 0.230119 0.221124 0.344316 0.413278 0.550458 0.700426 0.544347 0.273526
8.785447 0.049318 215.1716 215.1716 0.000000 0.408271 0.246862 0.349076 0.434576 0.404600 0.270114 0.167446 0.119958 0.223153 0.269028 0.159277 0.079137 0.085337 0.129920 0.167012 0.096257 0.087723 0.136008 0.360440 0.402119 0.108032 0.137960 0.231943 0.269563 0.279877 0.106686 0.144414 0.132845 0.341401 0.383422 0.165543 0.043156 0.126941 0.220534 0.183681 0.110658 0.173791 0.370559 0.604643 0.711922 0.954394 1.191027 1.204663 0.886937 0.845705 0.433535 0.291428 0.368192 0.351838 0.384425 0.413384 0.444578 0.399679 0.306936 0.262164 0.170199 0.106689 0.178461 0.131978 0.057526 0.037495 0.145707 0.156573 0.160990 0.125058 0.067530 0.086723 0.065310 0.039129 0.077318 0.131810 0.066734 0.140700 0.127560 0.055530 0.055928 0.099710 0.096447 0.042401 0.023267 0.043312 0.074271 0.066004 0.038111 0.069619 0.067573 0.060288 0.059461 0.052159 0.102899 0.105731 0.056421 0.058760 0.064016 0.096422 0.052271 0.035066 0.053813 0.040799
8.834189 0.005536 141.9272 141.9272 0.000000 0.245104 0.143879 0.183810 0.167208 0.211819 0.071595 0.055043 0.164677 0.219839 0.189873 0.059207 0.099786 0.103182 0.038139 0.169303 0.195946 0.146959 0.127074 0.243486 0.190431 0.077398 0.062332 0.189743 0.247278 0.126354 0.076081 0.155820 0.266731 0.243347 0.133175 0.150686 0.169942 0.099853 0.050712 0.060810 0.116882 0.151907 0.093653 0.050307 0.129339 0.213671 0.170397 0.114023 0.095158 0.092456 0.146966 0.151812 0.098037 0.165333 0.258688 0.165048 0.097485 0.088393 0.138516 0.144937 0.069569 0.072445 0.155646 0.128577 0.058445 0.048794 0.092148 0.133007 0.069758 0.040344 0.069008 0.080701 0.083842 0.118101 0.184274 0.200456 0.161691 0.110321 0.079927 0.092666 0.092552 0.064834 0.037825 0.082402 0.084875 0.096821 0.128036 0.079601 0.027510 0.050411 0.090815 0.044508 0.041105 0.081918 0.057911 0.060400 0.081603 0.060585 0.027150 0.044960 0.044570 0.035277 0.046390 0.031427
8.880365 0.004269 10.2332 10.2332 0.000000 0.211199 0.321749 0.255637 0.174243 0.104856 0.069922 0.111013 0.128258 0.117855 0.227939 0.154733 0.083533 0.123074 0.153118 0.214866 0.218282 0.178185 0.204160 0.162042 0.126932 0.140902 0.116635 0.151118 0.201230 0.123846 0.067842 0.075943 0.074788 0.174789 0.286794 0.310483 0.252706 0.125268 0.098369 0.123007 0.165048 0.158820 0.139175 0.100384 0.124776 0.153648 0.095030 0.065362 0.124304 0.181817 0.181919 0.166090 0.176876 0.191031 0.144402 0.078429 0.120470 0.217045 0.241236 0.134987 0.052222 0.055405 0.153707 0.201242 0.112207 0.052772 0.086345 0.105304 0.083996 0.059394 0.048668 0.082689 0.066952 0.040255 0.091050 0.105796 0.089666 0.110415 0.108970 0.100017 0.080366 0.051638 0.082334 0.103929 0.092451 0.072108 0.103645 0.104003 0.044102 0.024784 0.067384 0.072058 0.026027 0.056653 0.064062 0.004690 0.045599 0.044557 0.031154 0.048928 0.040117 0.020607 0.045053 0.052419
8.929759 0.004286 53.5657 53.5657 0.000000 0.135326 0.210820 0.141450 0.128284 0.097124 0.140245 0.180418 0.107295 0.132431 0.314936 0.328176 0.193186 0.108051 0.047527 0.101280 0.106491 0.173875 0.150623 0.153955 0.153295 0.187168 0.231917 0.171471 0.149647 0.230024 0.225075 0.191363 0.195877 0.114109 0.065445 0.217463 0.226444 0.204633 0.218529 0.213009 0.230212 0.180338 0.109518 0.071447 0.096456 0.142519 0.112023 0.104414 0.075823 0.048668 0.194688 0.208284 0.099973 0.029429 0.075233 0.093500 0.069717 0.045590 0.097003 0.194042 0.206872 0.140577 0.116732 0.069277 0.065215 0.151141 0.181977 0.080424 0.035419 0.053718 0.065038 0.043956 0.039672 0.072245 0.111498 0.110481 0.078287 0.081316 0.091077 0.046869 0.014733 0.025291 0.115281 0.163454 0.115378 0.046461 0.060266 0.058765 0.058503 0.106554 0.126597 0.071649 0.038267 0.054276 0.026093 0.094382 0.075011 0.022586 0.061735 0.051005 0.029919 0.025946 0.039198 0.060982
8.980378 0.004384 47.3913 47.3913 0.000000 0.065182 0.141857 0.087222 0.062439 0.154554 0.175945 0.153387 0.218933 0.307118 0.310148 0.211721 0.133887 0.109621 0.054143 0.075491 0.166366 0.302946 0.291675 0.113657 0.132056 0.084180 0.254217 0.285695 0.152349 0.143362 0.232077 0.214260 0.172559 0.120863 0.107142 0.073546 0.020718 0.061283 0.104380 0.093615 0.191346 0.179894 0.131000 0.148978 0.219675 0.232549 0.210584 0.178069 0.149752 0.186416 0.165965 0.088199 0.084016 0.095464 0.087592 0.096900 0.083209 0.089261 0.142558 0.104420 0.057847 0.099492 0.093996 0.038184 0.083937 0.079185 0.105617 0.053462 0.048221 0.074760 0.088629 0.076264 0.075699 0.081181 0.066835 0.073328 0.076809 0.060406 0.045474 0.021786 0.034573 0.089125 0.134730 0.107065 0.052204 0.043892 0.029617 0.052052 0.144693 0.109224 0.043675 0.046650 0.079444 0.123136 0.130723 0.096399 0.068501 0.048851 0.028089 0.029710 0.042821 0.063244 0.102422 0.094960
9.020386 0.004619 41.8552 41.8552 0.000000 0.126760 0.199466 0.149685 0.130507 0.080084 0.153476 0.249932 0.393170 0.235138 0.185956 0.208308 0.164293 0.118076 0.073590 0.084522 0.138259 0.289081 0.350590 0.185817 0.049263 0.060837 0.225300 0.265334 0.045572 0.125361 0.190050 0.061192 0.098101 0.128707 0.174997 0.182954 0.156679 0.084273 0.064946 0.129240 0.117880 0.065603 0.068783 0.076905 0.172876 0.180948 0.114420 0.263900 0.121524 0.123506 0.062249 0.111310 0.083283 0.073759 0.130248 0.139918 0.106173 0.125457 0.075458 0.066040 0.049017 0.082543 0.114362 0.090030 0.077360 0.084218 0.065210 0.038154 0.065911 0.091507 0.169559 0.182532 0.115628 0.095067 0.052269 0.065704 0.064729 0.080603 0.059247 0.033854 0.015989 0.050088 0.056086 0.053328 0.031097 0.028121 0.059856 0.115194 0.148625 0.107695 0.055298 0.050673 0.092021 0.075200 0.107020 0.081875 0.010738 0.032902 0.032510 0.037357 0.046148 0.082083 0.047969 0.061308
9.069776 0.004467 41.9989 41.9989 0.000000 0.120826 0.131243 0.142082 0.158583 0.154069 0.189304 0.358204 0.540362 0.529173 0.352277 0.183551 0.155590 0.146423 0.078717 0.107636 0.117133 0.154917 0.271010 0.231925 0.097366 0.117210 0.265827 0.237025 0.125942 0.147600 0.202919 0.138270 0.077099 0.123543 0.230031 0.273978 0.206391 0.111387 0.091425 0.158195 0.214191 0.171148 0.098511 0.050645 0.111977 0.217685 0.282947 0.291852 0.212979 0.156713 0.164401 0.180537 0.138307 0.076923 0.074624 0.100117 0.056055 0.069650 0.141597 0.150351 0.111204 0.112984 0.143933 0.102529 0.037499 0.107141 0.089173 0.064582 0.097667 0.119391 0.078716 0.161578 0.203070 0.170328 0.082831 0.079366 0.096634 0.082324 0.102492 0.128585 0.124498 0.095302 0.050606 0.025632 0.036859 0.046735 0.035221 0.064221 0.103938 0.101942 0.063304 0.101524 0.093607 0.039674 0.052479 0.087351 0.055856 0.018626 0.010956 0.019502 0.043720 0.064334 0.054401 0.038202
9.120394 0.004704 44.3377 44.3377 0.000000 0.078329 0.075642 0.121140 0.174589 0.246492 0.102574 0.265867 0.371029 0.385917 0.155739 0.171634 0.160456 0.125352 0.231898 0.230653 0.154624 0.229067 0.239551 0.162968 0.201473 0.231683 0.121687 0.060280 0.083476 0.144389 0.193301 0.144683 0.171263 0.206505 0.114249 0.053762 0.045576 0.123056 0.218012 0.195232 0.082344 0.075865 0.091103 0.182015 0.143620 0.125483 0.083646 0.103647 0.163152 0.153656 0.121462 0.135441 0.141042 0.062099 0.095261 0.185385 0.133934 0.058996 0.060490 0.140562 0.148318 0.050918 0.088753 0.057302 0.120914 0.095614 0.022363 0.088549 0.104023 0.105043 0.139816 0.076549 0.059443 0.060144 0.129659 0.162714 0.160087 0.120441 0.078877 0.058159 0.036242 0.046703 0.055902 0.071993 0.050187 0.042433 0.070388 0.054489 0.040886 0.071783 0.095083 0.060039 0.042763 0.042792 0.031186 0.037061 0.031938 0.012980 0.047583 0.073997 0.049886 0.078393 0.098864 0.055356
9.169767 0.004753 44.6714 44.6714 0.000000 0.088576 0.050913 0.153816 0.266533 0.310687 0.235024 0.211974 0.346630 0.407745 0.237044 0.295730 0.225496 0.177568 0.224986 0.282743 0.148589 0.150584 0.144434 0.080904 0.095579 0.124779 0.229569 0.092334 0.036932 0.065559 0.147916 0.214014 0.228920 0.197875 0.137198 0.155693 0.164953 0.129932 0.135316 0.111038 0.110251 0.121256 0.155944 0.197607 0.195425 0.123818 0.071668 0.080996 0.099031 0.044962 0.051863 0.072302 0.130928 0.217016 0.168736 0.182728 0.218463 0.099828 0.019439 0.073543 0.142250 0.136981 0.124659 0.126339 0.107092 0.099142 0.091989 0.101896 0.113612 0.090452 0.089846 0.073743 0.047485 0.088517 0.092642 0.071339 0.085435 0.068665 0.101415 0.099225 0.050155 0.058409 0.115201 0.145689 0.091780 0.047547 0.048514 0.020434 0.021186 0.040352 0.058823 0.094249 0.089381 0.052960 0.081831 0.084306 0.092568 0.082129 0.087861 0.098048 0.077225 0.057460 0.076311 0.092212
9.222842 0.004539 110.8180 110.8180 0.000000 0.056467 0.116349 0.150526 0.108162 0.263887 0.073958 0.195367 0.330331 0.330844 0.328640 0.157163 0.198530 0.259023 0.096143 0.246924 0.350601 0.215632 0.040586 0.067718 0.121069 0.194831 0.346737 0.348981 0.249663 0.170989 0.176434 0.029056 0.096868 0.097702 0.054062 0.146502 0.223398 0.169962 0.071344 0.031171 0.035827 0.081915 0.144111 0.126975 0.169913 0.178834 0.092003 0.142850 0.198301 0.132601 0.079046 0.084439 0.114209 0.174464 0.188317 0.230281 0.270309 0.241509 0.168051 0.130238 0.126450 0.079179 0.072478 0.089266 0.064382 0.046056 0.083595 0.083630 0.109729 0.164685 0.114458 0.088566 0.077849 0.076102 0.095746 0.075162 0.075928 0.078661 0.075652 0.064912 0.062412 0.062065 0.040905 0.083180 0.146635 0.121699 0.052210 0.049909 0.063399 0.030368 0.027926 0.041640 0.064269 0.096693 0.082162 0.083586 0.113793 0.116238 0.117631 0.103437 0.069896 0.038600 0.017937 0.032577
9.270720 0.004729 81.3960 81.3960 0.000000 0.051936 0.156775 0.291087 0.257330 0.149477 0.141032 0.091114 0.205256 0.146000 0.132020 0.142697 0.231666 0.253313 0.070481 0.246828 0.353690 0.243953 0.156335 0.102423 0.148122 0.137229 0.249526 0.307735 0.262649 0.297097 0.317513 0.217156 0.078039 0.023917 0.062699 0.153514 0.154750 0.092815 0.066468 0.039084 0.026722 0.036542 0.054846 0.076515 0.132589 0.142552 0.106674 0.117957 0.203620 0.198172 0.108565 0.088954 0.069844 0.050737 0.100139 0.107614 0.183990 0.130104 0.119044 0.159679 0.079425 0.044165 0.073093 0.085119 0.039140 0.018187 0.091780 0.164214 0.125005 0.156895 0.200644 0.118400 0.067630 0.072588 0.095459 0.120001 0.100875 0.113729 0.056164 0.084228 0.063098 0.053895 0.033648 0.044208 0.056137 0.078490 0.063167 0.062339 0.102039 0.105414 0.068152 0.055757 0.069928 0.080344 0.060607 0.074809 0.058190 0.051648 0.046862 0.060065 0.061019 0.024384 0.020212 0.032252
9.318398 0.216215 5.1038 5.1038 0.000000 1.387487 0.295814 0.369952 0.239190 0.063374 0.056003 0.188590 0.312511 0.379569 0.318790 0.256122 0.208456 0.152056 0.227642 0.317107 0.229105 0.080205 0.120038 0.145862 0.170718 0.191769 0.225814 0.152556 0.085657 0.162655 0.225014 0.255073 0.217754 0.124869 0.110078 0.162736 0.187832 0.158431 0.163630 0.070357 0.092468 0.146368 0.127760 0.246418 0.315861 0.049153 0.122691 0.213661 0.192342 0.105627 0.233561 0.223953 0.122571 0.080841 0.143973 0.105056 0.297519 0.041987 0.120706 0.105337 0.071734 0.043252 0.070705 0.085502 0.045603 0.059872 0.149115 0.164542 0.078813 0.099334 0.095341 0.094087 0.061008 0.050486 0.063249 0.101985 0.091918 0.107896 0.127354 0.101815 0.045515 0.042547 0.058724 0.051420 0.027827 0.022406 0.046090 0.062975 0.091532 0.095810 0.085952 0.080109 0.029261 0.048098 0.059801 0.079105 0.085121 0.051805 0.060082 0.072026 0.075426 0.031938 0.022776 0.037195
9.365822 0.959928 244.8647 244.8647 0.000000 3.834500 3.816005 4.203198 5.012640 5.716199 5.589238 4.631924 3.837035 2.744740 2.939658 2.713919 2.912357 2.667840 2.110069 2.041030 1.230646 0.700963 0.650291 1.008139 1.182923 1.035191 1.160914 1.040399 1.468838 2.052912 1.955257 1.174442 0.768146 0.137252 0.856582 0.719510 0.514832 0.862110 1.590040 1.590800 1.402914 2.192209 3.973259 6.264932 7.963833 9.732484 13.215498 17.905350 22.289564 26.236740 31.062388 37.291507 43.634696 47.284997 46.242726 39.921916 30.316850 19.470184 9.624936 3.505532 4.590893 6.535659 6.837126 6.098596 4.597856 2.747995 1.843672 2.133892 2.560406 2.655872 2.286049 1.671536 1.198561 1.326739 1.462112 1.379087 1.052987 0.822344 1.158994 1.900437 2.409156 2.383975 2.017655 1.136360 0.392649 1.609577 2.733870 3.536544 3.658215 3.186413 2.770850 3.006669 3.894541 5.185586 6.959291 8.849201 10.728483 12.063804 12.523383 11.830157 10.333961 8.543636 7.133825 6.574121
9.417550 1.180353 230.3940 230.3940 0.000000 4.153241 4.201723 8.654553 13.454778 20.258676 23.707202 22.519998 18.082999 12.713131 8.613512 6.646952 6.793297 8.301068 7.098920 3.155364 2.180972 6.026800 9.386380 10.743984 9.985815 7.471080 3.989077 4.803494 9.266979 10.802511 10.619104 10.619279 10.130990 7.238639 3.130904 4.718099 8.579437 6.492074 5.865529 9.202712 13.809547 16.858845 13.920724 23.666025 45.062883 56.499724 64.949590 48.971123 87.135615 187.473263 225.634745 169.600243 92.813357 42.080283 16.866013 11.566894 19.299735 22.969191 20.474788 17.535603 13.168434 9.803033 14.300557 12.429609 4.838907 7.971594 10.300715 8.400196 9.828602 12.317940 11.275953 9.137999 9.511212 7.008829 1.463972 10.683966 16.020044 16.089126 14.065085 11.344262 10.735541 15.431984 17.539925 15.200816 15.315328 17.625781 14.418013 11.125073 25.144620 39.612218 43.765138 40.169959 34.718584 25.261921 10.640337 9.766542 21.059466 23.775074 16.480935 8.156625 4.224439 8.224227 14.598645 14.600008
9.470306 1.190021 229.3798 229.3798 0.000000 6.996308 7.536826 5.530005 9.629661 19.439677 23.956731 24.718930 22.078586 10.762129 6.018885 4.232702 3.651618 9.092487 10.350131 7.460453 7.438321 12.051157 15.727255 14.857766 13.221842 12.664622 6.380053 7.924143 11.395805 14.482392 17.524964 18.128997 18.550319 17.585582 15.358267 17.841159 20.624469 16.121782 8.703585 4.912492 9.367686 12.483842 12.766151 30.053062 35.368999 30.326173 47.696762 70.731658 145.321919 291.252515 266.337467 145.136520 67.891309 28.118157 14.286644 20.989446 24.661422 19.445299 11.211175 15.815800 19.554503 23.484182 27.937096 25.182260 20.484631 20.342924 18.584233 16.441879 16.397721 18.427156 20.825541 20.760361 17.338694 11.577468 11.990450 20.194955 26.880782 29.374288 25.117376 11.119077 11.964970 25.999108 21.916737 9.391665 18.076960 20.988731 12.921369 16.541414 33.229898 42.125073 35.217353 23.800536 29.771295 21.312260 7.171229 12.802650 27.285537 23.977782 8.802548 7.453430 10.190736 15.719708 21.627238 15.387793
9.534849 1.178227 228.0824 228.0824 0.000000 9.153553 7.677956 5.074020 4.697715 5.108277 5.748705 5.747170 9.167790 8.016543 4.018927 3.026966 1.999307 3.488733 5.310228 5.966479 6.641170 6.775933 7.484539 6.904378 4.286785 7.129096 9.261462 6.664536 4.009301 3.321750 8.736770 7.479544 7.812374 11.098168 13.519539 14.222285 15.010415 14.046491 8.538366 5.700102 5.366438 10.840300 7.786553 23.069595 32.728997 17.544257 20.337775 51.972326 109.159140 156.787231 151.191647 90.857827 28.782787 15.822088 12.829010 9.004220 9.568957 8.373656 4.688384 3.491473 5.586582 8.057205 13.270697 17.503247 18.905384 17.452711 12.434765 8.832420 7.794779 5.540770 6.685341 11.046571 12.791834 10.421820 7.448616 7.658827 10.795800 11.842138 15.218743 16.398230 12.780625 11.753082 14.870302 14.963531 10.278041 10.104617 9.120662 9.318059 11.557405 11.318777 10.757340 9.345480 5.708865 7.928016 11.638240 7.967645 5.244417 14.785602 16.021473 11.356032 7.140998 5.963642 5.190823 8.611113
9.583231 0.720866 222.9745 222.9745 0.000000 3.971365 1.737332 1.247196 1.170916 0.916597 1.224240 1.992194 2.499833 2.588485 2.368686 1.547668 0.838601 0.958861 0.656419 0.684732 0.902581 0.449171 0.315345 1.251800 2.134780 2.721945 3.402615 2.262605 1.008871 1.170774 1.894223 2.145525 1.941751 1.022559 1.629360 1.940185 0.959316 2.698470 3.954656 1.695219 5.805342 11.026819 14.706713 17.274681 18.913524 18.024376 18.460980 23.156046 29.040307 30.078705 27.644661 23.433480 15.828611 9.191715 6.050309 4.414098 2.218408 0.220879 0.653981 0.493525 0.836154 1.059150 1.122554 1.386316 1.655932 2.006933 2.666496 2.527148 1.334779 0.839963 0.806568 0.823732 1.320080 1.484465 0.898030 0.957538 1.639604 1.621410 1.403917 2.081858 2.519735 1.923467 1.117203 1.438085 2.782476 3.460539 3.125962 2.125950 1.276527 1.309246 1.114355 0.575201 0.288154 1.046936 1.561042 1.577013 2.320325 3.517464 3.983023 3.351777 2.683253 2.701595 2.621433 2.078882
9.630313 0.162653 204.6741 204.6741 0.000000 0.450018 0.241486 0.173467 0.178620 0.211153 0.226605 0.144803 0.187946 0.091433 0.151506 0.352679 0.371965 0.305876 0.277281 0.287234 0.338263 0.329240 0.243688 0.255585 0.145511 0.204580 0.394586 0.600636 0.640417 0.398891 0.271316 0.270050 0.307108 0.441423 0.584421 0.683238 0.524975 0.279935 0.280817 0.396018 0.656175 1.182992 2.018518 3.470167 5.348787 6.285337 5.612394 3.506697 1.213858 1.775492 1.776590 0.704181 1.430887 1.151065 0.334291 0.331045 0.568902 0.320200 0.410513 0.638765 0.616986 0.394093 0.219868 0.157806 0.237837 0.244449 0.206307 0.096109 0.037755 0.076688 0.172260 0.207606 0.159762 0.206071 0.227630 0.224596 0.223431 0.126338 0.109070 0.161956 0.197831 0.304349 0.337774 0.226709 0.275249 0.235950 0.244191 0.051121 0.115176 0.064994 0.068552 0.130742 0.048549 0.037145 0.110921 0.172979 0.168034 0.191084 0.130612 0.191048 0.191969 0.126971 0.139017 0.076058
9.680541 0.024300 57.3937 57.3937 0.000000 0.078705 0.161448 0.076664 0.174472 0.303744 0.209909 0.121171 0.122478 0.090347 0.134306 0.290220 0.363384 0.269423 0.133902 0.076918 0.055300 0.058749 0.158997 0.127485 0.181603 0.313754 0.347162 0.216600 0.152167 0.143307 0.097055 0.103652 0.102502 0.101533 0.105799 0.160701 0.160368 0.130341 0.114020 0.090953 0.090721 0.116146 0.097096 0.192788 0.334338 0.304674 0.309430 0.235936 0.245341 0.205239 0.267570 0.237636 0.241211 0.263927 0.095123 0.297643 0.247884 0.160822 0.059052 0.063712 0.056892 0.079410 0.051658 0.078273 0.163857 0.182255 0.127796 0.093904 0.077405 0.050578 0.044827 0.058031 0.093357 0.098666 0.102277 0.075338 0.069529 0.091899 0.086705 0.035972 0.029655 0.020200 0.085793 0.077491 0.096054 0.112560 0.134725 0.170359 0.112663 0.064018 0.096769 0.130490 0.139676 0.117614 0.068784 0.065314 0.086868 0.084949 0.054463 0.026110 0.032279 0.044826 0.022411 0.045436
9.729770 0.004497 26.0301 26.0301 0.000000 0.190674 0.239415 0.168907 0.173153 0.344782 0.253739 0.147762 0.149540 0.134927 0.059529 0.154633 0.171383 0.142145 0.163726 0.126433 0.106988 0.112291 0.102999 0.106942 0.131699 0.208116 0.228070 0.104029 0.119580 0.111592 0.085849 0.049210 0.111724 0.168812 0.178354 0.125680 0.075489 0.098487 0.085248 0.074057 0.108481 0.138921 0.157252 0.190165 0.244565 0.276654 0.213946 0.099879 0.080812 0.130179 0.102187 0.070505 0.072585 0.132582 0.194133 0.155053 0.032054 0.089141 0.078349 0.048250 0.058268 0.111861 0.159906 0.221919 0.245908 0.141300 0.071649 0.069678 0.107444 0.089502 0.032012 0.050896 0.101804 0.088704 0.041144 0.008421 0.016666 0.035513 0.023598 0.018718 0.036934 0.084138 0.097100 0.058512 0.061499 0.040427 0.070262 0.123034 0.116737 0.059002 0.111264 0.167378 0.135296 0.075871 0.049114 0.061766 0.081759 0.081061 0.059734 0.039102 0.030641 0.017735 0.016829 0.034035
9.774388 0.004617 26.2211 26.2211 0.000000 0.236382 0.179654 0.163087 0.166573 0.392916 0.399452 0.169859 0.128142 0.215758 0.249204 0.229792 0.198424 0.210889 0.223872 0.167567 0.145216 0.091976 0.102696 0.105876 0.126160 0.115576 0.154793 0.263678 0.190566 0.174450 0.139284 0.107195 0.163078 0.131945 0.139387 0.125877 0.083876 0.073855 0.057395 0.045994 0.093647 0.105148 0.043732 0.052881 0.085270 0.229644 0.198947 0.049653 0.132237 0.130486 0.121013 0.090976 0.112919 0.062799 0.137530 0.115658 0.055229 0.036600 0.066899 0.046886 0.045219 0.118439 0.168304 0.156816 0.128151 0.160554 0.110410 0.118387 0.169791 0.132509 0.067061 0.046855 0.126115 0.119505 0.089308 0.096454 0.078486 0.038025 0.010594 0.013329 0.042016 0.094991 0.102732 0.056384 0.043269 0.050905 0.041119 0.071142 0.068561 0.060382 0.113692 0.142479 0.118010 0.028496 0.081626 0.029281 0.032281 0.014401 0.031281 0.021687 0.016876 0.032566 0.036341 0.026011
9.821895 0.004725 25.6331 25.6331 0.000000 0.123261 0.085791 0.121994 0.244176 0.371942 0.354105 0.185369 0.099241 0.223288 0.218625 0.155564 0.089041 0.202394 0.272352 0.254527 0.201597 0.175351 0.251325 0.347771 0.325990 0.235968 0.224443 0.178556 0.137094 0.141108 0.075704 0.105974 0.206562 0.344813 0.307183 0.181736 0.082289 0.090261 0.171238 0.216878 0.190692 0.092236 0.093336 0.110292 0.151909 0.191713 0.155538 0.087758 0.038883 0.215315 0.301875 0.192697 0.036306 0.126290 0.144833 0.120928 0.143455 0.160663 0.119403 0.048432 0.065504 0.100022 0.117082 0.123568 0.074378 0.101817 0.124029 0.102855 0.054001 0.063029 0.119605 0.105324 0.104464 0.154975 0.184388 0.158366 0.097657 0.070365 0.069093 0.085571 0.093792 0.076258 0.041532 0.038479 0.079853 0.146572 0.163836 0.094132 0.048744 0.057715 0.068338 0.077408 0.088419 0.049877 0.028438 0.043805 0.032450 0.018568 0.035927 0.059931 0.042703 0.018955 0.037863 0.066109
9.870728 0.004929 141.4094 141.4094 0.000000 0.218684 0.141992 0.188110 0.011259 0.183150 0.162384 0.121895 0.241962 0.201319 0.032448 0.033489 0.107851 0.175932 0.113754 0.175064 0.147080 0.133898 0.210102 0.391515 0.304665 0.091933 0.170265 0.249085 0.257795 0.170437 0.155944 0.271202 0.397971 0.319557 0.199385 0.157985 0.116237 0.155433 0.168079 0.180883 0.241723 0.213984 0.097883 0.051421 0.072654 0.144475 0.116009 0.101953 0.250732 0.389253 0.293951 0.136543 0.110494 0.122646 0.182107 0.234326 0.197511 0.097725 0.072885 0.110384 0.100335 0.135871 0.159144 0.113850 0.091493 0.064956 0.056349 0.063131 0.078942 0.114230 0.091772 0.048158 0.064314 0.137528 0.174907 0.143190 0.076246 0.034022 0.033715 0.027173 0.050126 0.026668 0.016339 0.056599 0.168702 0.181653 0.113652 0.111149 0.112626 0.087929 0.065554 0.095525 0.072433 0.066374 0.078513 0.053351 0.063371 0.072434 0.037147 0.033529 0.015165 0.065534 0.061148 0.030389
9.920427 0.004930 95.3951 95.3951 0.000000 0.317647 0.286396 0.116018 0.069669 0.083281 0.147316 0.236978 0.284415 0.208638 0.088515 0.055909 0.064184 0.052225 0.175570 0.224206 0.270956 0.233446 0.246392 0.317236 0.074566 0.168692 0.150280 0.104671 0.236770 0.163186 0.248349 0.272915 0.181192 0.242637 0.167621 0.122567 0.044616 0.053424 0.085104 0.116451 0.252154 0.221599 0.052456 0.042567 0.113868 0.151976 0.078620 0.122093 0.227053 0.279737 0.225797 0.122769 0.118685 0.075286 0.163556 0.144119 0.068218 0.105491 0.130079 0.168065 0.204061 0.154251 0.057940 0.038513 0.015338 0.079911 0.077000 0.023836 0.061679 0.137830 0.114791 0.062315 0.026034 0.093068 0.048928 0.083264 0.063173 0.028579 0.057332 0.058406 0.041000 0.035862 0.060852 0.118786 0.162877 0.078186 0.086731 0.115641 0.153054 0.122185 0.055968 0.081956 0.055166 0.066847 0.100592 0.098411 0.088144 0.062509 0.053067 0.048612 0.068905 0.062211 0.041320 0.073622
9.971876 0.004784 132.0088 132.0088 0.000000 0.216304 0.083187 0.160495 0.165875 0.158439 0.199221 0.085108 0.216449 0.044407 0.114392 0.038541 0.083090 0.184057 0.145945 0.147965 0.133688 0.213994 0.351716 0.263947 0.137268 0.115093 0.125010 0.180257 0.142995 0.142713 0.308621 0.346725 0.214629 0.153597 0.231787 0.192083 0.087592 0.076814 0.120342 0.085514 0.098865 0.180790 0.167650 0.136578 0.159628 0.175966 0.127518 0.068614 0.089999 0.125725 0.145141 0.237859 0.179011 0.086754 0.055307 0.092297 0.084950 0.100892 0.122085 0.097139 0.105549 0.145397 0.056778 0.031793 0.024817 0.080560 0.128861 0.073532 0.023027 0.067256 0.081637 0.112055 0.048974 0.049677 0.110527 0.103161 0.064139 0.069760 0.086007 0.111372 0.056905 0.060890 0.106373 0.094976 0.017772 0.110481 0.142589 0.050573 0.041328 0.081386 0.137752 0.114540 0.068387 0.031522 0.046109 0.074563 0.045313 0.039475 0.072935 0.063535 0.017968 0.039964 0.072727 0.074755
10.020546 0.005092 137.7767 137.7767 0.000000 0.176068 0.100353 0.115997 0.199249 0.234209 0.305411 0.280736 0.262664 0.267770 0.236480 0.124545 0.161359 0.293588 0.305228 0.240075 0.153156 0.128038 0.226100 0.210405 0.149658 0.188211 0.223456 0.223153 0.152532 0.100042 0.210265 0.352969 0.296781 0.173665 0.163305 0.197740 0.239676 0.275064 0.285843 0.175260 0.088858 0.149445 0.162278 0.142675 0.150007 0.118699 0.131924 0.103549 0.167480 0.214912 0.230231 0.136193 0.111414 0.126590 0.034932 0.040267 0.017715 0.064792 0.021249 0.123843 0.123193 0.084645 0.044375 0.084415 0.108909 0.176237 0.209843 0.116299 0.073929 0.074747 0.047674 0.058688 0.095110 0.073367 0.071290 0.098046 0.051099 0.029955 0.089137 0.131918 0.074528 0.071344 0.126609 0.095597 0.047529 0.068548 0.095883 0.092867 0.066538 0.044978 0.073208 0.131600 0.140850 0.069765 0.030863 0.019129 0.054227 0.043580 0.039109 0.072817 0.042468 0.026755 0.050301 0.034299
10.067169 0.004907 109.0094 109.0094 0.000000 0.112605 0.111001 0.111846 0.074110 0.031459 0.237249 0.383750 0.186211 0.290077 0.365665 0.201851 0.162422 0.257489 0.246690 0.187619 0.173322 0.132969 0.115361 0.161355 0.179676 0.292641 0.434708 0.371766 0.203511 0.109145 0.136596 0.286611 0.269493 0.078211 0.180257 0.086209 0.180636 0.185948 0.291270 0.296040 0.193033 0.167810 0.229807 0.280588 0.272155 0.258726 0.244321 0.210830 0.140070 0.128507 0.173703 0.132997 0.172117 0.229198 0.169304 0.054107 0.023878 0.048526 0.054587 0.091854 0.112133 0.077420 0.055305 0.106266 0.168160 0.170168 0.182132 0.186020 0.127513 0.081181 0.128819 0.144369 0.131117 0.142382 0.123885 0.102550 0.114412 0.084191 0.037504 0.051725 0.088016 0.125610 0.095499 0.111848 0.128827 0.070043 0.017640 0.060415 0.011572 0.052552 0.068536 0.048899 0.076385 0.134989 0.129481 0.063315 0.023921 0.034189 0.053648 0.068038 0.074423 0.051953 0.041323 0.046970
10.115883 0.004930 41.6695 41.6695 0.000000 0.075052 0.190525 0.186426 0.133563 0.156856 0.208772 0.259983 0.342729 0.372851 0.348594 0.237986 0.150513 0.108923 0.098509 0.116961 0.163528 0.224744 0.196053 0.224015 0.295173 0.337971 0.315060 0.211022 0.152293 0.207378 0.212381 0.180969 0.208319 0.194090 0.158444 0.109378 0.108219 0.101262 0.188472 0.181880 0.096568 0.049101 0.105382 0.172467 0.155690 0.148415 0.219967 0.259790 0.228613 0.232614 0.237043 0.212791 0.217438 0.252460 0.292849 0.219186 0.146183 0.093938 0.084350 0.062840 0.043706 0.059299 0.109150 0.170139 0.185976 0.078951 0.042215 0.059067 0.058781 0.073053 0.134487 0.188520 0.172793 0.135354 0.089360 0.046281 0.098097 0.101965 0.103969 0.088750 0.091631 0.086836 0.059481 0.062288 0.065468 0.082549 0.111269 0.122343 0.081504 0.034717 0.044903 0.078692 0.048299 0.055770 0.066050 0.054413 0.045802 0.021040 0.021754 0.037967 0.028791 0.041644 0.046973 0.066802
10.164016 0.004879 25.8053 25.8053 0.000000 0.103543 0.195851 0.133564 0.166662 0.315258 0.163212 0.103279 0.201401 0.093935 0.144975 0.170276 0.078988 0.075719 0.145897 0.119051 0.163223 0.234840 0.270592 0.269480 0.201576 0.209096 0.181305 0.111842 0.097692 0.110072 0.116429 0.053098 0.062155 0.148296 0.083860 0.014632 0.017012 0.136134 0.220810 0.105397 0.041231 0.060022 0.099650 0.053342 0.098264 0.158181 0.126540 0.085367 0.099004 0.144672 0.123848 0.139566 0.076146 0.121593 0.224941 0.149068 0.129082 0.220903 0.195106 0.136683 0.133560 0.115443 0.076007 0.138104 0.118115 0.070558 0.056911 0.092922 0.091450 0.079785 0.131941 0.059798 0.037294 0.040743 0.075799 0.066595 0.040494 0.061232 0.080255 0.099962 0.070496 0.059769 0.061061 0.082745 0.109897 0.153879 0.168844 0.108777 0.043086 0.045191 0.089972 0.124552 0.123626 0.092440 0.054438 0.036032 0.072853 0.088231 0.069395 0.041282 0.028158 0.059565 0.085351 0.039121
10.211404 0.005765 25.7144 25.7144 0.000000 0.074075 0.102901 0.126516 0.267160 0.465034 0.400403 0.228496 0.224250 0.236242 0.149571 0.163407 0.169881 0.140742 0.184836 0.273654 0.266242 0.147409 0.147074 0.226599 0.270833 0.293340 0.268895 0.237116 0.202588 0.203194 0.231530 0.156726 0.082769 0.033218 0.125541 0.096412 0.107161 0.177490 0.143897 0.065944 0.032299 0.016013 0.103906 0.112005 0.126905 0.073077 0.122446 0.128336 0.095065 0.082792 0.081632 0.101593 0.065775 0.118080 0.144450 0.146942 0.204245 0.218613 0.216882 0.209346 0.152654 0.117940 0.139296 0.140348 0.108659 0.125988 0.187737 0.182481 0.110560 0.056871 0.050669 0.051815 0.045786 0.058497 0.061702 0.035317 0.104367 0.125989 0.120695 0.119485 0.145933 0.122314 0.113558 0.066431 0.104016 0.055863 0.118179 0.075193 0.040607 0.029475 0.068227 0.120530 0.114462 0.086377 0.082325 0.100510 0.103966 0.084166 0.064804 0.037438 0.038716 0.074504 0.063947 0.029248
10.260420 0.783837 244.1883 244.1883 0.000000 2.321735 0.270347 0.436944 0.938020 0.912624 1.516664 0.928190 1.071989 1.114595 0.848810 0.911143 1.218941 1.201691 1.266602 1.475159 0.987294 1.034463 0.631448 0.489918 0.359009 0.296899 0.291885 0.536015 0.283589 0.691522 0.416910 0.365087 0.498940 0.649348 0.788146 1.378231 1.558555 1.545385 1.551269 1.653227 2.016533 2.540110 3.158129 3.791403 4.346756 4.792578 5.183494 6.253577 8.572322 11.491307 14.529885 16.900530 18.398499 18.574308 17.452789 15.245917 12.740969 9.902406 7.168935 5.230052 3.841903 2.971523 2.556796 2.053870 1.746676 1.306871 1.242236 1.260181 1.247418 1.233034 1.121757 0.859431 0.641707 0.396675 0.353212 0.483914 0.444093 0.386843 0.357700 0.354558 0.232401 0.367321 0.266896 0.094731 0.110690 0.295784 0.513702 0.693820 1.016460 1.490930 2.016978 2.644453 3.241630 3.747827 4.129043 4.291015 4.225590 3.910484 3.452063 2.825504 2.030028 1.311299 0.606971 0.278562
10.309817 1.138132 231.4582 231.4582 0.000000 0.855287 3.567931 6.254901 9.767083 13.709454 17.509713 20.252544 21.284909 19.496777 15.633915 10.145989 4.359911 2.908906 4.100062 3.797335 3.608899 3.483924 2.474498 1.400375 0.920241 1.287324 2.209218 2.102570 0.386763 1.892539 2.252354 2.728600 5.548139 8.015175 8.738726 7.614407 4.298056 4.471500 8.698563 9.902003 10.733577 14.621925 13.052533 8.805094 13.844734 22.246177 35.224297 52.250626 89.189917 139.399996 159.183197 127.195099 67.467783 25.376779 18.739486 14.682055 13.275501 12.420771 9.157117 4.844431 3.321873 2.574237 2.719179 5.242521 6.250454 5.097367 3.844251 2.847430 1.427060 1.155763 1.704530 1.496263 2.011513 3.062079 3.211741 2.584610 1.543778 1.519686 2.133498 2.650668 3.296322 3.587399 4.473084 5.288571 3.986836 7.091891 19.548378 35.716277 47.307437 48.220713 38.749183 25.582902 14.371751 8.585208 8.518890 8.337012 6.872359 4.595157 3.739042 6.023464 6.904745 4.751667 2.304462 2.839061
10.364155 1.169891 226.7175 226.7175 0.000000 5.941649 9.368304 12.199700 14.692841 20.473176 25.697903 32.390134 39.587952 35.470878 24.091816 13.744063 5.175233 4.193457 3.781051 2.366006 3.476353 5.510265 5.861654 4.578719 2.588723 3.243626 4.114368 4.243968 4.927004 6.676996 7.047715 8.087296 11.398454 10.505416 7.005905 11.236142 11.804292 11.809280 11.312368 5.913317 16.675089 18.276899 6.038981 13.683275 9.668423 27.813587 41.014594 72.425980 209.570725 307.292749 221.981851 67.611141 14.462216 15.125698 7.932774 11.152541 11.332195 12.984489 7.440199 6.291135 3.673167 3.816134 8.201659 8.617098 4.147962 4.499296 4.682921 2.682520 3.736004 4.445202 3.613436 6.019906 4.734085 4.972652 5.178601 3.982776 5.346967 5.249575 5.215021 4.868567 0.881309 8.366964 8.642894 5.470728 17.269010 47.196078 78.000320 81.605778 57.832702 32.415889 20.092125 8.258723 14.878036 23.748306 19.086964 9.968772 6.864704 12.583550 13.929479 7.024281 1.920558 4.539372 9.921020 14.632464
10.426861 1.170712 236.4475 236.4475 0.000000 6.819911 8.308982 6.433935 4.715070 7.371840 9.967313 10.676524 20.257140 21.688621 14.015300 9.473509 8.026358 5.767208 1.918125 1.267963 1.272932 1.769034 3.257080 4.947269 5.667058 4.153489 2.083467 2.180694 3.745282 5.262259 6.328434 5.605198 3.418550 5.491129 5.483543 3.016610 7.524447 11.042883 7.095888 2.023314 8.569617 12.134776 18.887019 15.619515 10.223252 23.355268 22.939609 23.408705 38.876854 92.197696 185.692401 222.924219 157.720120 61.768368 12.926611 6.469803 5.859563 6.149099 5.915828 10.783472 11.755121 8.420061 4.678409 2.576335 3.554365 4.889012 5.223065 5.520608 6.153994 3.465523 2.207878 3.731350 5.567843 7.281958 6.285888 2.669792 3.559862 6.562935 7.755791 6.818340 3.134116 1.916945 2.956351 3.861933 6.851601 9.138697 7.275610 3.045117 18.856967 39.734585 49.216210 37.422112 17.628582 7.501607 8.583761 14.530488 19.843719 21.905811 14.793235 6.798550 8.688544 12.569660 10.812336 5.885975
10.480381 0.882887 237.5834 237.5834 0.000000 4.381261 2.070702 0.764208 1.482834 2.052609 2.662203 4.296469 5.504863 4.749537 2.429164 0.765050 1.027078 2.325068 2.424406 1.625961 0.918624 0.519887 0.304432 0.888233 1.916986 2.425095 1.774775 0.899019 0.479415 1.033850 1.250081 1.510116 1.864078 2.056678 2.140121 1.113734 1.928918 4.046848 3.484424 1.547939 3.509763 6.192679 5.568121 12.912968 21.169689 22.783135 24.923761 26.089047 27.705849 36.690361 49.244911 55.336779 52.887130 42.566397 27.206186 12.555634 3.858692 2.769147 3.474629 4.007465 4.558437 4.420461 3.632766 2.541829 1.568859 0.812451 0.602643 0.607675 2.007125 3.121619 3.318081 2.663222 1.530096 1.014312 2.656027 3.610981 3.136266 2.088444 1.943648 3.077730 3.956904 3.585461 2.265534 1.179379 0.659964 1.553821 2.772659 3.359834 3.633517 4.157012 4.674369 5.730688 6.593539 6.200053 3.460314 1.165244 3.311431 5.051655 6.018765 6.708771 6.320207 4.676310 3.688521 4.448824
10.520727 0.284667 216.4036 216.4036 0.000000 2.102770 0.357651 0.213551 0.443283 0.214881 0.365893 0.511015 0.547085 0.639369 0.524810 0.412936 0.521369 0.591825 0.564322 0.439116 0.533000 0.414871 0.326802 0.484146 0.378279 0.239665 0.341733 0.476106 0.387602 0.225245 0.163577 0.316036 0.397393 0.342418 0.159826 0.477255 0.559127 0.443183 0.656338 0.860967 0.545317 1.043731 1.777012 2.968350 4.620009 7.218994 9.992596 10.740903 8.533722 6.491058 6.131819 4.944363 3.429100 2.405316 1.246704 0.579456 0.666600 0.764084 0.731048 0.499338 0.263230 0.338291 0.304712 0.239740 0.236733 0.126779 0.078963 0.113449 0.184053 0.254084 0.092384 0.319455 0.283678 0.284716 0.395734 0.540127 0.444515 0.546923 0.534528 0.500466 0.385976 0.405002 0.416935 0.382480 0.315751 0.463924 0.530578 0.390320 0.385087 0.370623 0.253262 0.164903 0.189627 0.169879 0.122497 0.183482 0.209113 0.169947 0.248363 0.373427 0.313011 0.238444 0.310588 0.193233
10.569859 0.045469 215.8839 215.8839 0.000000 0.324353 0.352727 0.211792 0.196700 0.149804 0.130627 0.106220 0.087995 0.049668 0.127090 0.235548 0.172606 0.057142 0.098170 0.280539 0.402329 0.361246 0.276652 0.148198 0.187662 0.105158 0.126717 0.201487 0.275678 0.191478 0.139500 0.126027 0.197034 0.129866 0.136316 0.230076 0.180173 0.085643 0.123163 0.235449 0.308490 0.306812 0.154996 0.472742 0.533453 0.670350 0.856171 1.064362 0.851746 0.908707 0.536508 0.381573 0.348578 0.308843 0.251787 0.233822 0.256788 0.273731 0.288539 0.273120 0.175847 0.064388 0.052086 0.077340 0.014499 0.142638 0.156740 0.097182 0.028516 0.095163 0.103596 0.074219 0.082010 0.097349 0.100930 0.092700 0.049321 0.054939 0.118622 0.102359 0.073113 0.109619 0.119482 0.068775 0.021611 0.071890 0.028811 0.177090 0.168286 0.067542 0.092910 0.100550 0.071642 0.045878 0.034105 0.052770 0.064906 0.081973 0.086265 0.056908 0.072547 0.070310 0.057227 0.082261
10.620434 0.004914 109.9036 109.9036 0.000000 0.296609 0.314671 0.112088 0.105218 0.164275 0.150576 0.228002 0.215671 0.157616 0.190364 0.197015 0.066780 0.085805 0.184585 0.200087 0.073314 0.206164 0.111948 0.045559 0.124755 0.254239 0.311415 0.226584 0.177938 0.084215 0.078060 0.217511 0.179992 0.053613 0.163623 0.074268 0.052936 0.103773 0.149764 0.183230 0.125189 0.103893 0.038030 0.028231 0.060869 0.117771 0.175202 0.157241 0.153284 0.095546 0.180198 0.176450 0.182625 0.192201 0.128356 0.105384 0.084546 0.077672 0.103723 0.054659 0.049807 0.098124 0.140872 0.124800 0.103177 0.066582 0.093807 0.064960 0.054568 0.100451 0.111080 0.070936 0.069580 0.027183 0.126537 0.119217 0.077776 0.099997 0.089489 0.053900 0.071507 0.087192 0.071987 0.160800 0.165868 0.065008 0.037250 0.032954 0.055896 0.017308 0.020521 0.067631 0.124844 0.117469 0.069769 0.037614 0.073230 0.058376 0.029354 0.079345 0.089347 0.081780 0.066315 0.028541
10.669801 0.004362 139.6784 139.6784 0.000000 0.115846 0.161273 0.125295 0.139050 0.223942 0.077597 0.274269 0.245676 0.062547 0.087110 0.133514 0.208763 0.208565 0.213894 0.122364 0.121658 0.269951 0.285884 0.202148 0.277826 0.216091 0.155144 0.116744 0.113885 0.056777 0.067565 0.230891 0.299773 0.263809 0.146048 0.019299 0.082220 0.155408 0.093194 0.098336 0.097878 0.115191 0.130815 0.091971 0.054692 0.071612 0.094005 0.057467 0.137533 0.186589 0.251484 0.244973 0.218243 0.107232 0.048589 0.050375 0.041855 0.054318 0.103952 0.083227 0.074303 0.143950 0.140661 0.088956 0.081087 0.049287 0.077151 0.052098 0.084561 0.077912 0.092869 0.095626 0.116437 0.116354 0.107509 0.080021 0.085794 0.037609 0.048158 0.104124 0.123814 0.088246 0.053342 0.113620 0.149293 0.065455 0.036006 0.046539 0.044138 0.026330 0.027580 0.052008 0.093299 0.061873 0.059076 0.058574 0.066918 0.051476 0.031983 0.044117 0.023142 0.032890 0.061738 0.049003
10.720378 0.004400 90.0534 90.0534 0.000000 0.137981 0.042869 0.235850 0.255478 0.204744 0.221016 0.179905 0.183237 0.050304 0.119494 0.089474 0.187806 0.168560 0.143058 0.303414 0.214634 0.190352 0.304863 0.194466 0.235955 0.248115 0.193110 0.192024 0.178644 0.109869 0.158706 0.082067 0.221680 0.252714 0.248727 0.139992 0.166712 0.187038 0.178432 0.048891 0.151677 0.105804 0.105454 0.128518 0.040592 0.060153 0.053754 0.050219 0.161662 0.191845 0.144580 0.082788 0.122980 0.174948 0.119319 0.078916 0.030842 0.114592 0.140253 0.057168 0.100050 0.164327 0.209656 0.180203 0.052266 0.043225 0.070956 0.102122 0.126924 0.100462 0.131159 0.172156 0.080770 0.061447 0.093111 0.087085 0.098453 0.019504 0.048499 0.052520 0.098153 0.075788 0.070188 0.099481 0.158758 0.135510 0.062887 0.064933 0.037224 0.013530 0.019875 0.028641 0.109959 0.141414 0.107007 0.044685 0.056089 0.068435 0.055958 0.070716 0.070214 0.086812 0.048339 0.023845
10.769794 0.004680 41.8724 41.8724 0.000000 0.178229 0.263410 0.319642 0.225960 0.111008 0.213462 0.231702 0.301503 0.313622 0.266557 0.172614 0.094725 0.138069 0.221540 0.259989 0.286322 0.249484 0.212740 0.164572 0.022474 0.076083 0.223462 0.247201 0.048426 0.170292 0.220404 0.168817 0.134737 0.206913 0.166558 0.248177 0.256455 0.190503 0.093924 0.108274 0.189030 0.186465 0.154006 0.089697 0.072863 0.096526 0.080643 0.043949 0.030657 0.050150 0.101422 0.108443 0.057861 0.087624 0.088972 0.139795 0.141109 0.137818 0.107799 0.077713 0.109110 0.118371 0.081681 0.067352 0.077139 0.125281 0.179187 0.110335 0.061449 0.085021 0.143644 0.139259 0.044566 0.132750 0.145456 0.080653 0.032598 0.017907 0.106133 0.169625 0.128295 0.056692 0.033086 0.041585 0.034854 0.051373 0.087021 0.084559 0.065286 0.084643 0.125930 0.097116 0.049130 0.065229 0.060383 0.064792 0.123064 0.123381 0.121360 0.067087 0.047367 0.052731 0.023271 0.064602
10.819793 0.004694 153.8113 153.8113 0.000000 0.206253 0.183571 0.242277 0.070243 0.143261 0.241951 0.386740 0.384209 0.228223 0.225279 0.177263 0.061565 0.147317 0.194773 0.208289 0.263482 0.172470 0.194286 0.215976 0.143153 0.110538 0.136109 0.158291 0.144078 0.121050 0.101635 0.098249 0.118666 0.266678 0.436175 0.389374 0.204907 0.231315 0.179725 0.089440 0.071284 0.149386 0.047719 0.095136 0.120525 0.184115 0.085521 0.068585 0.055823 0.073346 0.070152 0.134563 0.060287 0.056145 0.117289 0.078526 0.153263 0.149473 0.100794 0.076462 0.052789 0.043978 0.055437 0.065007 0.118638 0.135538 0.087189 0.076622 0.061149 0.081683 0.121369 0.094101 0.059265 0.053826 0.071238 0.045344 0.078524 0.140627 0.162564 0.117189 0.053705 0.059432 0.028461 0.055257 0.045570 0.061353 0.043933 0.077562 0.095843 0.064278 0.118089 0.127030 0.074444 0.051058 0.102139 0.040031 0.076387 0.059001 0.032481 0.040853 0.037295 0.044715 0.053677 0.032580
10.860358 0.004909 154.0174 154.0174 0.000000 0.134694 0.125932 0.224193 0.155071 0.039059 0.078947 0.180051 0.254092 0.213967 0.178551 0.121665 0.181006 0.233350 0.212678 0.251287 0.320512 0.263822 0.187009 0.235840 0.256433 0.214136 0.182385 0.149862 0.131325 0.113308 0.141337 0.174296 0.131756 0.199052 0.376191 0.379057 0.329738 0.263246 0.100867 0.038402 0.058480 0.117462 0.181653 0.250474 0.300153 0.207860 0.118987 0.048195 0.107713 0.180153 0.226643 0.193062 0.067390 0.074592 0.150498 0.133625 0.106503 0.138492 0.106475 0.047824 0.014799 0.039067 0.088359 0.089848 0.095604 0.095047 0.070305 0.078390 0.098387 0.104435 0.090326 0.056078 0.056110 0.093717 0.108787 0.074777 0.032617 0.078755 0.070777 0.077676 0.171566 0.141858 0.074214 0.033055 0.030679 0.092908 0.155538 0.118171 0.017803 0.049206 0.115603 0.107546 0.052235 0.057003 0.110638 0.098857 0.044647 0.068668 0.052484 0.052048 0.047629 0.044082 0.048413 0.023377
10.914912 0.004644 82.0952 82.0952 0.000000 0.126882 0.062492 0.293319 0.347802 0.244441 0.197749 0.110290 0.157797 0.252740 0.312417 0.297312 0.220597 0.131850 0.143343 0.221778 0.327190 0.254818 0.111146 0.154610 0.197989 0.155375 0.196164 0.223505 0.154354 0.128335 0.190191 0.214894 0.126439 0.129026 0.169026 0.135314 0.136214 0.181532 0.095621 0.059815 0.091389 0.081069 0.176392 0.298714 0.228796 0.093863 0.055922 0.063931 0.114973 0.171479 0.194053 0.243345 0.152722 0.124048 0.151464 0.116581 0.098997 0.092804 0.038557 0.013657 0.024446 0.062841 0.110899 0.125011 0.099270 0.049321 0.046443 0.055032 0.058324 0.060639 0.046098 0.079853 0.100536 0.079785 0.077540 0.103854 0.050822 0.028855 0.056951 0.080682 0.194995 0.171208 0.040566 0.031287 0.025821 0.145056 0.211535 0.090546 0.055983 0.110146 0.123571 0.043205 0.022239 0.047401 0.098032 0.106567 0.090142 0.082707 0.077183 0.065521 0.043235 0.031644 0.060977 0.073527
10.964068 0.004653 29.9182 29.9182 0.000000 0.225783 0.141020 0.266990 0.317269 0.349198 0.423819 0.297847 0.071527 0.156149 0.241404 0.186983 0.135904 0.139069 0.189287 0.284182 0.195944 0.104048 0.065697 0.202178 0.236467 0.147964 0.175014 0.102759 0.204228 0.238018 0.162009 0.094298 0.066397 0.059001 0.142437 0.187787 0.062054 0.089259 0.093283 0.128151 0.167150 0.174045 0.142787 0.036771 0.138743 0.080945 0.048256 0.095356 0.011940 0.047468 0.197500 0.251643 0.185010 0.060642 0.082531 0.050013 0.078656 0.094210 0.110715 0.125195 0.112935 0.053441 0.047226 0.071314 0.033023 0.070746 0.071908 0.047969 0.046371 0.099001 0.130260 0.121271 0.090867 0.086989 0.111028 0.092367 0.086096 0.122499 0.170685 0.117880 0.049831 0.025938 0.083964 0.173263 0.184132 0.109422 0.079677 0.070820 0.094188 0.057899 0.033927 0.056658 0.049978 0.063927 0.045609 0.024751 0.026144 0.021066 0.024569 0.066496 0.086297 0.052134 0.033330 0.051668
11.014178 0.004771 30.7082 30.7082 0.000000 0.241920 0.113872 0.165947 0.195949 0.219863 0.371344 0.346074 0.106027 0.123577 0.087642 0.101125 0.113751 0.176215 0.099057 0.148037 0.173408 0.100052 0.124511 0.245423 0.223530 0.108280 0.098061 0.214342 0.295859 0.236751 0.141639 0.108972 0.110021 0.097457 0.100610 0.166071 0.202224 0.111456 0.058431 0.103199 0.130859 0.070344 0.124937 0.124755 0.249314 0.205680 0.063810 0.111348 0.191241 0.155996 0.129474 0.111380 0.115243 0.164283 0.170699 0.122683 0.060511 0.021786 0.115153 0.136084 0.108882 0.087690 0.054788 0.014471 0.073491 0.116144 0.106125 0.102268 0.085936 0.057731 0.047056 0.047119 0.072000 0.094381 0.080667 0.108364 0.126920 0.082192 0.084256 0.102395 0.093705 0.081372 0.078627 0.069314 0.054410 0.097908 0.148839 0.100687 0.070937 0.085559 0.136142 0.167996 0.118496 0.085853 0.073052 0.070059 0.031821 0.020780 0.031500 0.040097 0.047465 0.064411 0.052593 0.081255
11.060380 0.004654 21.3696 21.3696 0.000000 0.229005 0.191906 0.157036 0.289214 0.286130 0.156283 0.197770 0.260006 0.179604 0.112248 0.159486 0.224117 0.207835 0.180360 0.123759 0.079904 0.160657 0.074647 0.133726 0.278006 0.251826 0.131347 0.168162 0.286361 0.237331 0.129829 0.191261 0.266922 0.275366 0.190785 0.067626 0.038141 0.169571 0.262750 0.227583 0.227242 0.221459 0.225600 0.257713 0.290183 0.280148 0.232911 0.176806 0.137022 0.193065 0.240910 0.140595 0.067109 0.049012 0.047427 0.013869 0.101352 0.118097 0.079970 0.068292 0.111959 0.143053 0.115157 0.090695 0.099969 0.099582 0.134793 0.152267 0.140812 0.048301 0.073794 0.067706 0.034801 0.013186 0.014887 0.049572 0.076608 0.086304 0.139870 0.197612 0.130724 0.058244 0.060369 0.089414 0.166759 0.175420 0.158871 0.108348 0.032086 0.072099 0.081251 0.044861 0.032718 0.065468 0.121174 0.157111 0.131742 0.055291 0.058574 0.074949 0.026084 0.037832 0.074119 0.087020
11.109788 0.004654 40.5526 40.5526 0.000000 0.244858 0.281802 0.138785 0.232562 0.322701 0.240794 0.036476 0.318132 0.339104 0.295781 0.251881 0.090278 0.147285 0.078761 0.085916 0.193898 0.208801 0.109424 0.247755 0.300268 0.181640 0.247936 0.206172 0.151613 0.137815 0.134626 0.208403 0.242216 0.172532 0.105935 0.115276 0.215397 0.286518 0.219557 0.112640 0.173877 0.254443 0.242623 0.121519 0.082362 0.089669 0.114676 0.164155 0.111901 0.066660 0.043662 0.050222 0.079767 0.091832 0.081419 0.079984 0.062261 0.076484 0.144043 0.136774 0.067896 0.095197 0.185585 0.158775 0.054818 0.090731 0.090507 0.054652 0.016066 0.015077 0.013321 0.041862 0.100529 0.126431 0.158645 0.188498 0.098756 0.039878 0.053045 0.143343 0.176031 0.052971 0.150801 0.092444 0.050228 0.114801 0.082861 0.015175 0.019407 0.020999 0.048158 0.067777 0.076040 0.054656 0.032260 0.051148 0.071375 0.089146 0.036924 0.058603 0.070835 0.089308 0.098854 0.103291
11.150759 0.009879 47.3304 47.3304 0.000000 0.077765 0.177068 0.150030 0.190095 0.211675 0.140178 0.230825 0.359747 0.403042 0.357911 0.180954 0.127506 0.265280 0.250471 0.185811 0.185613 0.226798 0.197356 0.176138 0.156959 0.227314 0.191569 0.247390 0.154879 0.158507 0.167930 0.119263 0.108434 0.108572 0.094593 0.067419 0.050082 0.109396 0.164922 0.102461 0.088158 0.160257 0.142996 0.070449 0.111387 0.083002 0.144524 0.178860 0.081845 0.067440 0.054314 0.054698 0.063605 0.105194 0.134053 0.103009 0.108947 0.146732 0.123088 0.096986 0.133155 0.132667 0.072801 0.096176 0.199675 0.178868 0.072107 0.043693 0.037344 0.043317 0.028303 0.050090 0.063413 0.056244 0.089828 0.089308 0.070480 0.091731 0.092472 0.053103 0.039080 0.055949 0.102238 0.148879 0.120082 0.101566 0.093144 0.090769 0.158709 0.089238 0.026318 0.007294 0.015805 0.015654 0.028980 0.047293 0.056189 0.035076 0.025149 0.034510 0.049691 0.067048 0.058206 0.047076
11.206548 0.838508 238.6502 238.6502 0.000000 6.889837 3.559604 3.480931 3.054341 2.742381 1.850036 1.251955 0.453881 0.380518 1.181085 1.057946 1.369144 1.043134 0.883358 0.600694 0.605855 0.506085 0.549131 0.479270 0.549278 0.493565 0.332318 0.229997 0.243217 0.525108 0.785270 0.569398 0.213101 0.127332 0.288690 0.603746 0.660681 0.524497 0.621258 0.864313 1.197864 1.324689 1.810688 2.477709 3.585253 5.341466 7.597596 10.371410 13.768750 17.662767 21.284214 23.966187 25.183969 24.511291 22.138090 18.343453 13.959315 9.882945 6.672991 4.772111 4.018596 3.452459 2.881464 2.231712 1.547923 1.003165 0.694543 0.612378 0.544852 0.410909 0.423996 0.463768 0.482622 0.482200 0.404241 0.371968 0.405339 0.539323 0.552666 0.584822 0.667579 0.766288 0.844698 0.945502 0.832427 0.702031 0.755497 0.924644 1.148636 1.365911 1.518554 1.335882 1.139546 1.272730 1.890328 2.904236 3.923033 4.874196 5.602286 5.923624 6.030914 5.874651 5.455348 4.855615
11.250034 1.186884 223.4839 223.4839 0.000000 11.600147 14.348521 14.365600 17.848759 21.322151 20.719244 17.476031 15.065949 13.203673 10.610582 9.390115 8.425013 6.166623 4.470131 4.713914 5.372777 6.122262 6.405958 5.603175 4.797220 5.058557 5.826231 5.944671 3.816442 1.637191 1.052044 1.235041 2.337574 2.809489 2.519819 4.492743 8.041554 8.776872 4.671466 4.673799 11.874508 14.607006 19.657005 35.040043 54.492065 70.795333 78.310012 116.206967 165.396719 162.713377 105.007037 37.577363 12.394654 19.458514 22.341103 18.004382 9.827663 3.750226 6.310935 8.175325 6.509924 4.738762 5.315419 4.750284 2.856881 1.193446 0.637809 1.502941 2.313135 1.768901 2.413182 5.144619 5.604114 4.099445 5.148706 8.211957 9.345921 7.866084 5.227405 5.796944 10.523270 16.326690 19.342839 17.708012 14.494735 17.403652 28.913633 40.210511 41.057483 33.436009 25.788714 20.264091 18.884319 21.632472 20.035539 12.055072 3.585919 7.192540 8.005085 5.767818 7.659957 10.545785 10.359578 7.626859
11.310393 1.212771 231.5981 231.5981 0.000000 10.741365 16.355725 10.893771 16.387465 33.026044 36.261672 29.541195 25.655823 22.801074 12.737381 7.619502 14.306508 15.776135 12.621083 8.885432 5.292487 6.758520 10.344715 9.388232 8.980009 11.305133 12.347898 11.550857 10.639455 6.312057 1.727519 2.269489 2.111863 3.654917 5.640131 3.314294 5.551177 13.994248 17.841469 12.729097 9.385772 10.685210 18.297153 11.339954 25.911542 41.587477 53.713062 72.088242 63.302312 181.044826 310.358544 253.732046 112.517439 32.597798 23.579039 25.816190 20.433967 21.011098 17.392257 11.777170 11.315509 13.478274 14.711774 13.695166 13.134813 10.490216 3.950454 1.035163 1.954832 2.335297 3.370114 4.446981 5.962821 9.660760 13.144860 12.563408 11.436095 12.692939 13.346261 15.249547 15.404048 10.823566 8.198145 16.356575 30.648549 37.024334 28.457658 11.640887 16.796897 44.680548 69.184323 64.822126 31.794249 22.039995 23.668596 13.835558 26.762112 23.857106 17.676168 12.702871 13.225757 16.447546 17.199531 17.195499
11.373904 1.213455 226.3630 226.3630 0.000000 5.151900 9.518136 8.444420 12.288695 19.110904 18.269450 9.388035 11.375927 13.778975 6.243931 4.527963 8.979214 9.298037 7.487280 5.103715 3.299145 5.627807 6.242675 1.460311 5.288860 9.173302 6.823513 5.299018 6.883889 3.601557 2.445222 3.347646 4.354768 6.097439 5.476606 3.828607 8.834547 13.964562 10.370938 4.237856 4.818368 13.671146 32.378255 26.626126 19.918337 34.417252 57.767901 100.484779 171.157405 214.182177 158.766049 59.637136 11.522485 15.256790 9.818988 4.700365 9.665533 11.513384 9.175426 3.084198 8.468522 10.130802 7.755523 9.221326 7.307425 3.705116 2.013273 1.655175 1.282705 1.921922 3.832713 4.425824 9.270751 9.886344 7.162753 6.946083 5.141049 5.646726 10.639318 9.802325 2.616200 6.455666 16.403310 23.748826 18.080041 9.538836 12.316025 24.599960 36.701045 38.357647 23.306506 17.058633 22.087154 22.122170 18.827461 7.756001 9.078539 14.495315 11.319619 7.977766 12.397923 12.654347 6.256989 6.258756
11.421875 0.887536 232.5728 232.5728 0.000000 3.772276 3.899772 1.743452 1.620832 2.640231 3.022760 2.709514 3.472268 3.779742 2.844981 1.038074 1.549884 2.311495 1.072528 1.602694 1.311905 1.252134 1.293172 2.244811 1.663165 1.491750 2.723206 2.456561 2.446977 2.906383 2.615554 1.568594 1.655633 1.746632 1.994834 2.910329 2.224666 2.755231 6.362434 6.748962 3.391494 7.677144 12.055507 22.665359 28.198393 27.639510 27.550150 31.403950 39.946815 47.185022 49.297387 46.997689 37.604137 23.527442 11.626970 4.714894 2.635917 2.797490 2.130220 2.139916 1.103996 2.674949 3.139730 2.936231 2.031063 1.498447 2.048440 2.032815 1.610986 1.010012 0.425638 0.431548 0.866429 1.091926 1.515117 2.569282 2.856440 2.070481 1.186989 1.088708 1.253369 2.035999 3.245973 3.095530 1.376269 1.629540 4.254212 4.823975 3.197581 1.792552 2.507365 2.468568 3.939071 6.447414 7.175012 7.009863 7.942745 7.743514 6.582820 5.494068 5.119413 5.057629 3.926136 2.402433
11.470340 0.268469 204.4667 204.4667 0.000000 0.395448 0.605195 0.610913 0.348734 0.266774 0.355889 0.349876 0.576761 0.568329 0.163904 0.507259 0.345916 0.438391 0.558281 0.767484 0.598424 0.136961 0.174138 0.434011 0.490656 0.637651 0.718631 0.587618 0.072404 0.348173 0.427211 0.622155 0.402807 0.447405 0.601268 0.751861 0.794433 0.815984 0.554616 1.020637 2.383578 3.857073 5.089081 7.087617 9.254862 9.617661 7.723598 6.150456 6.142945 4.106912 2.029675 2.118785 0.872859 0.547515 0.705032 0.553971 0.654058 0.402526 0.356705 0.495650 0.239673 0.303610 0.532731 0.636806 0.545200 0.362118 0.389198 0.511518 0.317414 0.148133 0.238379 0.294378 0.331091 0.356084 0.169164 0.138974 0.406985 0.552200 0.468561 0.308778 0.390278 0.521032 0.484463 0.260294 0.120064 0.332157 0.487301 0.369150 0.236229 0.386118 0.349549 0.288642 0.256305 0.351049 0.266016 0.335636 0.367998 0.290805 0.226612 0.244435 0.316371 0.285831 0.114948 0.076498
11.520528 0.044573 197.5467 197.5467 0.000000 0.220817 0.027475 0.037496 0.219775 0.101344 0.132523 0.088255 0.105975 0.045543 0.237062 0.241756 0.076590 0.053333 0.048515 0.156820 0.233449 0.243817 0.324343 0.326638 0.267053 0.172769 0.183722 0.148400 0.230731 0.135855 0.114621 0.136809 0.105397 0.071821 0.154768 0.200916 0.173508 0.183465 0.263800 0.234858 0.301536 0.514373 0.642014 0.826348 0.912616 0.849249 0.655416 0.586979 0.569142 0.337516 0.295910 0.476432 0.479507 0.303787 0.208760 0.238554 0.220078 0.100771 0.094125 0.137847 0.099497 0.104118 0.141438 0.148321 0.128288 0.050793 0.058678 0.045888 0.099311 0.043784 0.068983 0.129972 0.130941 0.115065 0.134971 0.072782 0.084553 0.104912 0.025895 0.036180 0.146917 0.103557 0.059421 0.058047 0.192013 0.185249 0.016186 0.059418 0.065019 0.096873 0.107412 0.100725 0.101740 0.062485 0.126501 0.100081 0.081564 0.063457 0.023639 0.039161 0.061032 0.088604 0.137921 0.078340
11.569840 0.004985 101.4840 101.4840 0.000000 0.051983 0.034622 0.052507 0.142852 0.267461 0.252769 0.139973 0.085962 0.150598 0.240557 0.172093 0.142036 0.132591 0.080616 0.132234 0.129549 0.207992 0.187479 0.281341 0.335336 0.320353 0.241569 0.175694 0.190924 0.191809 0.163589 0.096389 0.040664 0.066594 0.103054 0.078332 0.082778 0.108745 0.088083 0.041426 0.075909 0.201421 0.288264 0.213688 0.124651 0.144022 0.185885 0.144232 0.137676 0.250940 0.190676 0.165358 0.200286 0.157428 0.187699 0.162592 0.176120 0.157037 0.094649 0.129181 0.083775 0.079403 0.044689 0.025352 0.081397 0.082213 0.048909 0.086916 0.103607 0.105166 0.107762 0.157343 0.153151 0.104875 0.065269 0.065059 0.063185 0.062195 0.101505 0.108440 0.074547 0.090126 0.039893 0.073596 0.176411 0.228929 0.130618 0.105746 0.064162 0.060361 0.065619 0.111737 0.136507 0.094083 0.047214 0.070840 0.111122 0.095896 0.044574 0.026060 0.051141 0.081997 0.077353 0.039612
11.618779 0.004554 25.5936 25.5936 0.000000 0.043392 0.083309 0.121964 0.188489 0.364173 0.217036 0.134928 0.118821 0.070109 0.181456 0.197529 0.174727 0.162673 0.164277 0.202292 0.265006 0.178390 0.066222 0.134468 0.137902 0.156683 0.208584 0.138538 0.079019 0.136718 0.206324 0.143872 0.053344 0.099587 0.128345 0.088091 0.094688 0.110941 0.089056 0.102853 0.070477 0.075872 0.147656 0.264127 0.261337 0.119960 0.188246 0.212547 0.122461 0.233796 0.294226 0.109920 0.159113 0.150004 0.193497 0.159728 0.067110 0.126159 0.187609 0.141345 0.131237 0.085443 0.061630 0.069944 0.119527 0.169617 0.174414 0.120442 0.081973 0.104408 0.075933 0.085968 0.126790 0.081125 0.067925 0.095061 0.076689 0.076176 0.103759 0.115101 0.070703 0.027593 0.049534 0.080489 0.083515 0.075942 0.212301 0.205835 0.132192 0.072709 0.075542 0.128857 0.149015 0.124913 0.066248 0.056946 0.064082 0.044294 0.056688 0.058749 0.031702 0.045924 0.039399 0.027512
11.666900 0.004584 24.9441 24.9441 0.000000 0.104253 0.133290 0.161447 0.261326 0.409221 0.238578 0.090641 0.044586 0.011913 0.211334 0.353737 0.180175 0.075618 0.133911 0.130945 0.307060 0.201756 0.194989 0.276376 0.168626 0.104565 0.245908 0.164774 0.163400 0.310103 0.302923 0.112402 0.143295 0.165630 0.089330 0.137128 0.165542 0.126653 0.171028 0.151688 0.091461 0.080428 0.086124 0.199929 0.252214 0.187238 0.160073 0.097584 0.177646 0.201494 0.196565 0.178339 0.096732 0.091696 0.124447 0.111246 0.086157 0.195796 0.151148 0.161437 0.121768 0.065138 0.101615 0.139547 0.107186 0.159614 0.150233 0.079076 0.050251 0.091537 0.117265 0.105821 0.069807 0.051221 0.051782 0.050033 0.073404 0.036466 0.074723 0.045512 0.048202 0.075236 0.103371 0.136125 0.142427 0.076926 0.076710 0.055252 0.064991 0.072557 0.047450 0.043420 0.025526 0.041233 0.037792 0.021502 0.025525 0.044463 0.051957 0.032182 0.035905 0.081768 0.084224 0.056829
11.715378 0.004690 101.1442 101.1442 0.000000 0.185900 0.205408 0.079770 0.146615 0.227050 0.334077 0.220159 0.165715 0.201602 0.308328 0.301181 0.185341 0.091818 0.122954 0.216860 0.281992 0.050823 0.084735 0.263596 0.333586 0.269765 0.257778 0.163246 0.127462 0.248693 0.311268 0.258654 0.200585 0.138539 0.081261 0.115067 0.150187 0.086123 0.119541 0.149003 0.058040 0.019690 0.033539 0.058769 0.144576 0.165984 0.146055 0.183618 0.163468 0.124813 0.186597 0.225020 0.133219 0.040901 0.045943 0.104174 0.103178 0.125275 0.216946 0.210756 0.126151 0.062274 0.066426 0.092591 0.068663 0.083971 0.148603 0.102813 0.042384 0.051203 0.044998 0.049699 0.034435 0.034128 0.018054 0.040980 0.099574 0.089948 0.042570 0.089032 0.108352 0.063405 0.057861 0.055359 0.087833 0.117920 0.062702 0.029181 0.033956 0.060232 0.064474 0.033509 0.007232 0.010724 0.033212 0.035940 0.011229 0.052464 0.065021 0.031761 0.045260 0.084075 0.085221 0.048360
11.763961 0.004639 99.6655 99.6655 0.000000 0.177152 0.051017 0.181501 0.038165 0.021847 0.242992 0.232105 0.164365 0.298870 0.215203 0.061507 0.130469 0.081082 0.101729 0.134523 0.386831 0.318893 0.230767 0.378288 0.363448 0.065615 0.176935 0.088966 0.129099 0.092369 0.128753 0.107818 0.129331 0.125303 0.157744 0.130082 0.075834 0.144714 0.057920 0.160555 0.196067 0.186602 0.177552 0.149849 0.173015 0.154433 0.136253 0.090624 0.140680 0.129521 0.058913 0.214198 0.163723 0.092131 0.130201 0.122037 0.096416 0.143159 0.121720 0.051875 0.092132 0.116762 0.158465 0.144332 0.159045 0.215754 0.184063 0.108902 0.077051 0.076797 0.078387 0.051301 0.030135 0.042718 0.066778 0.118855 0.152350 0.158143 0.141588 0.089569 0.078019 0.082115 0.054488 0.063654 0.066916 0.025742 0.020238 0.032568 0.055206 0.054376 0.053186 0.049953 0.040137 0.030566 0.041655 0.052877 0.057979 0.046950 0.041759 0.072601 0.070218 0.045911 0.049116 0.053084
11.812140 0.004639 82.9855 82.9855 0.000000 0.133020 0.185367 0.222932 0.176152 0.164804 0.212085 0.123761 0.108034 0.203978 0.140294 0.101338 0.114757 0.085816 0.060828 0.156384 0.340070 0.395423 0.264131 0.185239 0.295634 0.398509 0.331981 0.214226 0.106636 0.058985 0.078654 0.147926 0.143916 0.123340 0.196070 0.230974 0.180066 0.104991 0.130547 0.182214 0.163552 0.177943 0.286218 0.250405 0.189757 0.154908 0.070767 0.041148 0.065230 0.061178 0.060444 0.103339 0.181343 0.217148 0.178925 0.093119 0.135974 0.129276 0.064640 0.115928 0.055269 0.136051 0.135640 0.087423 0.108877 0.121340 0.071308 0.137481 0.144485 0.127834 0.047905 0.053250 0.127122 0.148381 0.075149 0.054629 0.106348 0.079101 0.056632 0.114527 0.149346 0.143236 0.063539 0.036061 0.061445 0.093961 0.115754 0.147518 0.106598 0.088240 0.063109 0.079694 0.063316 0.068685 0.087229 0.075275 0.076983 0.093975 0.078710 0.039617 0.037853 0.041343 0.063949 0.072988
11.860510 0.004763 109.1821 109.1821 0.000000 0.086609 0.174084 0.124330 0.176768 0.153238 0.152980 0.137288 0.177356 0.269123 0.250321 0.176824 0.072919 0.048322 0.080955 0.128410 0.237355 0.244093 0.103663 0.054637 0.119347 0.271353 0.372598 0.264236 0.107555 0.068283 0.168268 0.213290 0.074574 0.023047 0.138701 0.065661 0.165888 0.105564 0.085882 0.136013 0.163670 0.190665 0.260077 0.220865 0.153916 0.160309 0.115240 0.063284 0.062012 0.042091 0.104634 0.134233 0.115029 0.069033 0.150728 0.105870 0.097451 0.140521 0.126303 0.180467 0.207836 0.082995 0.107024 0.102796 0.093821 0.065290 0.043510 0.074152 0.046377 0.042437 0.084673 0.072827 0.111200 0.205849 0.206401 0.178383 0.190134 0.159179 0.114665 0.083880 0.079307 0.091045 0.082841 0.019052 0.037324 0.055497 0.115423 0.201072 0.159721 0.109887 0.026541 0.048190 0.078306 0.075283 0.050946 0.047344 0.064885 0.110825 0.118552 0.062964 0.024085 0.020156 0.036024 0.081247
11.907139 0.004498 52.3385 52.3385 0.000000 0.046731 0.094267 0.096473 0.099286 0.084553 0.135098 0.252908 0.172682 0.204511 0.334013 0.308501 0.168165 0.071338 0.066477 0.133398 0.191218 0.151422 0.076318 0.124713 0.128565 0.213079 0.171287 0.107372 0.151974 0.127543 0.124844 0.129239 0.208525 0.206755 0.251373 0.273418 0.273793 0.219346 0.113881 0.070388 0.089866 0.153315 0.205866 0.132859 0.114684 0.150527 0.159893 0.131496 0.141581 0.169866 0.165597 0.092093 0.086217 0.089143 0.069982 0.101461 0.068019 0.114420 0.107276 0.168332 0.238323 0.202006 0.154760 0.112109 0.069051 0.079252 0.085122 0.112293 0.130491 0.079634 0.069049 0.119914 0.151065 0.185679 0.135858 0.159854 0.203376 0.147682 0.083827 0.161613 0.132469 0.063698 0.069148 0.066336 0.054921 0.059054 0.098073 0.150116 0.108559 0.030170 0.061165 0.068898 0.055183 0.067882 0.107248 0.100937 0.090072 0.059201 0.096729 0.052413 0.060703 0.052228 0.059689 0.039756
11.955270 0.004542 141.8489 141.8489 0.000000 0.054783 0.076424 0.136860 0.075383 0.049217 0.195664 0.292933 0.250171 0.256461 0.259157 0.198863 0.169058 0.161373 0.119237 0.119455 0.223377 0.307554 0.235520 0.157114 0.115208 0.161738 0.189905 0.119078 0.075436 0.023852 0.106790 0.195674 0.293711 0.260244 0.258994 0.249275 0.222879 0.180186 0.104267 0.077958 0.102057 0.133649 0.123456 0.063159 0.080501 0.058594 0.128424 0.093871 0.135504 0.169359 0.150667 0.100694 0.078656 0.092529 0.113682 0.127341 0.110629 0.113538 0.142865 0.172127 0.204262 0.164772 0.097463 0.202856 0.149110 0.082102 0.022116 0.104277 0.141339 0.116424 0.066117 0.067825 0.064295 0.061993 0.069770 0.095579 0.082440 0.080660 0.145480 0.196532 0.155090 0.080316 0.053629 0.079320 0.110463 0.060743 0.080067 0.150387 0.158587 0.069325 0.034389 0.046898 0.060080 0.110757 0.086084 0.091338 0.115856 0.090971 0.082459 0.082102 0.086920 0.067173 0.048284 0.087496
12.002704 0.004398 82.5846 82.5846 0.000000 0.059274 0.188482 0.215788 0.103136 0.108091 0.171222 0.256555 0.118055 0.174596 0.152420 0.094064 0.102496 0.076609 0.080341 0.173773 0.328238 0.341164 0.178696 0.070518 0.049627 0.102247 0.189474 0.117076 0.075621 0.103109 0.140784 0.254632 0.307859 0.172296 0.203993 0.080612 0.096199 0.125352 0.060861 0.055839 0.120756 0.080425 0.042451 0.070986 0.138547 0.154634 0.116195 0.128623 0.144730 0.146000 0.217122 0.225138 0.181034 0.180119 0.182158 0.116856 0.055755 0.064435 0.077224 0.127715 0.206903 0.173369 0.168261 0.140794 0.056801 0.083017 0.058640 0.066900 0.084285 0.065348 0.096489 0.088368 0.050323 0.066107 0.109094 0.071974 0.064535 0.110629 0.143971 0.094472 0.100809 0.137119 0.126341 0.102578 0.105107 0.072265 0.120875 0.138921 0.063999 0.045410 0.074273 0.100564 0.104802 0.078166 0.102230 0.120173 0.072316 0.050191 0.107698 0.094318 0.066663 0.085204 0.082979 0.040807
12.050355 0.004095 106.7289 106.7289 0.000000 0.070439 0.214151 0.265859 0.186013 0.126618 0.194291 0.278725 0.161287 0.137171 0.045406 0.060589 0.038048 0.077216 0.108660 0.164736 0.281812 0.216047 0.076818 0.107352 0.209658 0.294387 0.248575 0.105151 0.128626 0.124171 0.123988 0.194230 0.219075 0.216171 0.186248 0.118134 0.131609 0.166685 0.151442 0.116454 0.064664 0.063621 0.074125 0.102408 0.138842 0.061064 0.025011 0.082716 0.174320 0.235329 0.234923 0.123603 0.077544 0.071077 0.163372 0.128946 0.072199 0.087598 0.151044 0.168436 0.065209 0.064347 0.119171 0.082709 0.070023 0.099925 0.112151 0.051624 0.132873 0.144830 0.087617 0.061845 0.014508 0.112102 0.089215 0.066833 0.019555 0.073165 0.097499 0.141722 0.146354 0.108607 0.093961 0.141972 0.141164 0.151217 0.133641 0.077613 0.069509 0.092373 0.096438 0.043402 0.063201 0.053224 0.064462 0.065705 0.052664 0.053774 0.022104 0.034212 0.045057 0.031492 0.050975 0.050572
12.100372 0.004138 101.1477 101.1477 0.000000 0.144977 0.092518 0.179898 0.081138 0.101722 0.226675 0.284053 0.111957 0.100363 0.088489 0.047791 0.090229 0.168536 0.145823 0.163967 0.117179 0.140570 0.112932 0.188743 0.286930 0.172334 0.213783 0.183227 0.185322 0.211498 0.102085 0.113665 0.049133 0.065130 0.168897 0.164895 0.126006 0.085868 0.135019 0.112105 0.083706 0.139021 0.175208 0.134921 0.098047 0.063086 0.033959 0.072250 0.054488 0.111432 0.201687 0.177822 0.134899 0.094159 0.100419 0.087142 0.060525 0.076551 0.123509 0.123324 0.052275 0.050839 0.078819 0.091357 0.073482 0.111363 0.136121 0.143566 0.125686 0.062169 0.033806 0.039795 0.087188 0.117776 0.106390 0.056073 0.076460 0.089457 0.089976 0.082102 0.059377 0.089676 0.087630 0.116540 0.051582 0.083670 0.070730 0.053832 0.029551 0.030641 0.037350 0.063355 0.073001 0.071069 0.079330 0.049579 0.025517 0.018976 0.029173 0.020330 0.052472 0.066247 0.068111 0.052819
12.151515 0.004473 35.5347 35.5347 0.000000 0.221979 0.206005 0.215496 0.230995 0.145148 0.226828 0.292283 0.128543 0.096666 0.081527 0.028988 0.118240 0.211741 0.078224 0.176629 0.191554 0.187388 0.204876 0.204253 0.266690 0.211185 0.159013 0.103516 0.103038 0.179218 0.197348 0.142988 0.093973 0.109134 0.140320 0.106486 0.078258 0.114985 0.145598 0.126269 0.131508 0.129996 0.145411 0.127150 0.050955 0.064233 0.086192 0.063050 0.086693 0.151459 0.134286 0.130252 0.141953 0.084475 0.099367 0.139518 0.146364 0.167115 0.200930 0.152268 0.076723 0.081578 0.079741 0.059703 0.119496 0.094587 0.099651 0.080439 0.140460 0.131654 0.081158 0.061805 0.021493 0.048473 0.097997 0.131189 0.116708 0.122403 0.106494 0.073542 0.116603 0.080363 0.050504 0.051303 0.122356 0.112834 0.060990 0.047599 0.058119 0.038666 0.013011 0.025839 0.029010 0.055014 0.074798 0.035994 0.039274 0.048219 0.048874 0.040647 0.053834 0.049971 0.036646 0.049810
12.199917 0.004843 102.2511 102.2511 0.000000 0.205826 0.251602 0.120014 0.191843 0.284088 0.228429 0.126709 0.205699 0.238130 0.141908 0.064838 0.133422 0.216357 0.219670 0.246233 0.163584 0.125729 0.176478 0.179064 0.267869 0.237942 0.103052 0.054344 0.096786 0.085319 0.097495 0.143682 0.141608 0.213082 0.200591 0.122639 0.129946 0.195523 0.206506 0.162789 0.132415 0.151955 0.168043 0.296441 0.302816 0.214319 0.222430 0.211378 0.163077 0.195247 0.175022 0.215197 0.184769 0.086818 0.080946 0.101977 0.132222 0.087055 0.152043 0.148872 0.079791 0.124630 0.162345 0.156636 0.186912 0.206846 0.210239 0.195486 0.165865 0.137192 0.097337 0.061925 0.041723 0.050442 0.113982 0.207634 0.187914 0.114703 0.106503 0.095618 0.081636 0.091248 0.068481 0.036773 0.082491 0.183701 0.211208 0.114426 0.058549 0.056500 0.059312 0.069886 0.054820 0.037048 0.042450 0.044015 0.031690 0.052694 0.075138 0.055036 0.022817 0.033694 0.056479 0.053630
12.246830 0.005040 97.8864 97.8864 0.000000 0.296695 0.099125 0.159318 0.307328 0.293453 0.146202 0.206277 0.322436 0.376520 0.274202 0.131211 0.144924 0.156265 0.111115 0.187003 0.232414 0.154782 0.115727 0.250609 0.351009 0.229808 0.103765 0.073230 0.087433 0.103848 0.141620 0.195886 0.264689 0.224525 0.131250 0.149083 0.173973 0.058303 0.153929 0.085993 0.270755 0.153033 0.211426 0.348137 0.345436 0.316246 0.169584 0.182184 0.258153 0.220006 0.146088 0.273391 0.277808 0.144990 0.054856 0.029478 0.048151 0.063423 0.065347 0.052454 0.068315 0.120192 0.098669 0.100422 0.193355 0.163281 0.099108 0.209707 0.115662 0.073915 0.057916 0.036176 0.020004 0.040123 0.051004 0.190912 0.234142 0.182466 0.122281 0.102908 0.093540 0.034506 0.051340 0.087529 0.116076 0.213275 0.255482 0.175245 0.131090 0.097316 0.077064 0.088457 0.088934 0.079677 0.067582 0.044630 0.026677 0.021587 0.032323 0.045266 0.027236 0.016606 0.039375 0.041577
12.295457 0.005118 98.7127 98.7127 0.000000 0.275295 0.211497 0.125082 0.306257 0.369180 0.182142 0.257582 0.373856 0.233623 0.182412 0.201756 0.150034 0.080872 0.063664 0.126748 0.189447 0.134696 0.137657 0.340857 0.363280 0.136352 0.053166 0.133310 0.154924 0.119720 0.192935 0.079117 0.275542 0.180521 0.046795 0.026688 0.145114 0.218579 0.244282 0.267269 0.312361 0.282711 0.274803 0.210000 0.115559 0.110431 0.140870 0.145193 0.123410 0.119886 0.183175 0.240616 0.293251 0.202402 0.075557 0.070227 0.035213 0.062871 0.030149 0.015661 0.050790 0.134040 0.102244 0.033897 0.129164 0.174759 0.133264 0.143134 0.160536 0.121243 0.066214 0.058738 0.067692 0.054262 0.061106 0.097084 0.100148 0.071303 0.053411 0.030735 0.022744 0.056081 0.030464 0.056371 0.066896 0.054078 0.184551 0.205435 0.067526 0.096122 0.084084 0.073531 0.060736 0.022188 0.062647 0.049776 0.048167 0.052757 0.040972 0.026918 0.012501 0.020883 0.053306 0.070469
12.343365 0.004920 97.9097 97.9097 0.000000 0.292713 0.163203 0.056129 0.212818 0.311605 0.227813 0.258370 0.244561 0.163754 0.120695 0.064160 0.083134 0.100385 0.101907 0.175564 0.213496 0.147619 0.196297 0.348873 0.337920 0.191169 0.105351 0.113647 0.186019 0.286324 0.276131 0.201320 0.155695 0.189593 0.071496 0.115571 0.184713 0.173326 0.232238 0.260960 0.244811 0.045407 0.173392 0.203284 0.099376 0.107420 0.081702 0.154499 0.099419 0.052529 0.044701 0.120848 0.228968 0.218176 0.115309 0.041302 0.051126 0.070225 0.056759 0.064910 0.117050 0.165678 0.152435 0.106746 0.103960 0.117840 0.070592 0.096705 0.050755 0.107390 0.074337 0.081910 0.032081 0.034037 0.068673 0.084798 0.044298 0.046990 0.046944 0.046364 0.057445 0.049176 0.063103 0.041937 0.029352 0.076846 0.133413 0.129641 0.067136 0.026076 0.018575 0.028950 0.042964 0.045726 0.064776 0.087442 0.067740 0.041549 0.035388 0.026577 0.036283 0.063333 0.057009 0.056418
12.391383 0.004707 102.6476 102.6476 0.000000 0.247535 0.123381 0.073596 0.129682 0.141162 0.182548 0.115067 0.155054 0.131478 0.203228 0.160445 0.103722 0.181269 0.203302 0.197793 0.247610 0.235012 0.241000 0.155019 0.220896 0.367431 0.297995 0.223125 0.163393 0.150391 0.202068 0.108139 0.125266 0.247246 0.268062 0.204954 0.066827 0.022468 0.062923 0.040781 0.140634 0.102973 0.145211 0.266590 0.245499 0.236978 0.216957 0.201365 0.163175 0.092976 0.042020 0.128404 0.129403 0.126439 0.146297 0.088394 0.120775 0.137303 0.055206 0.060174 0.061960 0.107036 0.129446 0.086176 0.055487 0.081380 0.119960 0.109204 0.089704 0.116264 0.106460 0.050972 0.066655 0.111716 0.132774 0.081262 0.059266 0.104525 0.101535 0.078874 0.062856 0.051701 0.074632 0.049596 0.045009 0.029619 0.072584 0.038968 0.053882 0.031753 0.058754 0.050287 0.016794 0.028819 0.086280 0.075052 0.023795 0.018117 0.045944 0.052615 0.061468 0.067005 0.060174 0.047216
12.440379 0.004504 52.0880 52.0880 0.000000 0.063784 0.059768 0.037909 0.117479 0.171598 0.176221 0.138677 0.119878 0.168267 0.325043 0.382253 0.318431 0.274420 0.159748 0.028394 0.125077 0.308232 0.289645 0.158831 0.232560 0.356796 0.281789 0.174527 0.233103 0.179547 0.195801 0.177533 0.196336 0.196965 0.177912 0.279488 0.188676 0.099931 0.073206 0.050726 0.063871 0.129682 0.192339 0.224462 0.135757 0.144787 0.283932 0.187309 0.162281 0.220147 0.135454 0.083363 0.118047 0.112366 0.128050 0.214325 0.233960 0.190854 0.154198 0.133498 0.089384 0.034829 0.074674 0.061024 0.092343 0.091598 0.080530 0.077754 0.079902 0.066325 0.097399 0.151200 0.138529 0.136121 0.139381 0.122338 0.099167 0.067823 0.082947 0.093986 0.024789 0.087542 0.102229 0.054835 0.017511 0.053980 0.087244 0.097445 0.081085 0.069260 0.072421 0.082706 0.070362 0.040731 0.039462 0.067050 0.078358 0.059676 0.046157 0.052603 0.042510 0.024927 0.043248 0.064420
12.489789 0.004691 52.2888 52.2888 0.000000 0.043088 0.035332 0.088536 0.175178 0.182695 0.166204 0.070451 0.116056 0.213618 0.358546 0.369779 0.166282 0.147500 0.301584 0.288113 0.265490 0.241263 0.180640 0.118772 0.191727 0.233937 0.099327 0.123790 0.145229 0.163437 0.043024 0.257503 0.337285 0.193669 0.140597 0.221798 0.184312 0.118300 0.095175 0.074961 0.105439 0.182887 0.143437 0.075358 0.176490 0.227200 0.319155 0.248206 0.146710 0.149975 0.122997 0.026552 0.108082 0.061299 0.077569 0.108396 0.164903 0.137628 0.087540 0.152653 0.165208 0.123869 0.126139 0.131390 0.122733 0.109025 0.076757 0.055707 0.048762 0.062825 0.071815 0.128699 0.136025 0.093409 0.091332 0.036967 0.106316 0.047667 0.008749 0.067639 0.082891 0.062919 0.070120 0.046087 0.027051 0.033772 0.050661 0.085251 0.086810 0.048365 0.035349 0.037903 0.054786 0.051199 0.017523 0.033797 0.033547 0.045139 0.023862 0.043600 0.019065 0.014059 0.030057 0.038934
12.534845 0.004733 47.3978 47.3978 0.000000 0.090120 0.086020 0.181515 0.200440 0.102930 0.138590 0.100385 0.156095 0.353062 0.360304 0.198549 0.172567 0.236923 0.231673 0.268719 0.300888 0.096460 0.089663 0.105324 0.204638 0.333114 0.230035 0.164437 0.101788 0.127835 0.239364 0.325730 0.306027 0.156908 0.065574 0.168159 0.231393 0.128699 0.079058 0.136230 0.238198 0.252197 0.198059 0.208326 0.173042 0.139453 0.262228 0.176299 0.049263 0.035389 0.029916 0.067934 0.113668 0.131739 0.092575 0.045204 0.048860 0.073252 0.090915 0.131242 0.137470 0.059021 0.146139 0.128652 0.127425 0.087783 0.042964 0.089367 0.066039 0.048619 0.052148 0.094637 0.112661 0.081783 0.046473 0.057338 0.084412 0.080407 0.067197 0.080540 0.092919 0.055133 0.034317 0.045536 0.029797 0.011732 0.022208 0.032403 0.077561 0.073976 0.042530 0.028028 0.021061 0.034807 0.057339 0.058121 0.044622 0.034633 0.036097 0.045959 0.037882 0.022379 0.024510 0.010288
12.582128 0.004868 102.3095 102.3095 0.000000 0.225015 0.255605 0.177012 0.109945 0.232436 0.154296 0.138315 0.271982 0.352031 0.345732 0.241322 0.093327 0.157379 0.202995 0.308432 0.267906 0.125571 0.136120 0.254256 0.385658 0.353092 0.205706 0.149950 0.260841 0.315985 0.187997 0.159917 0.204800 0.181428 0.269139 0.315251 0.204648 0.113905 0.209659 0.274882 0.143296 0.062766 0.158999 0.226394 0.149480 0.116261 0.126330 0.023733 0.083839 0.068322 0.105959 0.106641 0.070376 0.152767 0.157399 0.187184 0.158701 0.136570 0.115279 0.133513 0.151917 0.086371 0.089544 0.042492 0.064927 0.111576 0.109085 0.065576 0.058953 0.064683 0.101557 0.098244 0.058354 0.056921 0.053643 0.051941 0.095509 0.107448 0.057846 0.038523 0.034720 0.021014 0.044978 0.039028 0.037833 0.047003 0.046195 0.033755 0.019974 0.023284 0.046081 0.054631 0.034773 0.046732 0.012301 0.020422 0.059637 0.053413 0.034681 0.069608 0.071248 0.040884 0.029205 0.037547
12.629764 0.004954 120.8676 120.8676 0.000000 0.226025 0.151505 0.141717 0.250744 0.346685 0.190162 0.250845 0.235722 0.083872 0.164374 0.301432 0.237924 0.168083 0.159785 0.261525 0.219029 0.132331 0.174414 0.077999 0.288688 0.346419 0.261617 0.441185 0.477504 0.214334 0.108205 0.172735 0.154477 0.154658 0.179663 0.263579 0.141215 0.195083 0.186637 0.159458 0.062036 0.041859 0.127599 0.177288 0.132085 0.096452 0.112770 0.154476 0.157870 0.141305 0.142620 0.113166 0.075959 0.161927 0.220366 0.152382 0.109379 0.057884 0.087481 0.129961 0.170976 0.136977 0.068879 0.025480 0.062217 0.097345 0.072287 0.079478 0.108350 0.121138 0.064010 0.040620 0.058466 0.080815 0.070106 0.065854 0.101893 0.096945 0.042432 0.031987 0.065378 0.072068 0.055468 0.046590 0.039345 0.034750 0.030399 0.036883 0.063910 0.092109 0.096197 0.096458 0.087706 0.063476 0.051388 0.052284 0.057462 0.085342 0.101522 0.064817 0.036549 0.023752 0.012147 0.021616
12.684762 0.004849 120.7718 120.7718 0.000000 0.141434 0.019711 0.038850 0.210001 0.337632 0.268751 0.160373 0.157813 0.110885 0.217613 0.306149 0.113487 0.119427 0.119138 0.133471 0.110646 0.155264 0.223023 0.187257 0.095819 0.376330 0.362230 0.278109 0.419188 0.268156 0.136370 0.134267 0.062180 0.060411 0.134271 0.262345 0.177249 0.134857 0.121676 0.148761 0.161362 0.114844 0.161166 0.124532 0.117475 0.073408 0.097746 0.117252 0.162086 0.098264 0.161122 0.153121 0.107851 0.055142 0.136450 0.089927 0.058114 0.122336 0.099767 0.085879 0.152381 0.106263 0.041504 0.020233 0.054453 0.057820 0.046561 0.089568 0.155948 0.168116 0.141241 0.116645 0.103484 0.091431 0.062634 0.043208 0.079075 0.114170 0.075883 0.032078 0.055130 0.094133 0.098893 0.067753 0.047521 0.020925 0.034937 0.031940 0.042639 0.063977 0.093691 0.134146 0.132422 0.069312 0.027300 0.017243 0.051951 0.106551 0.087575 0.034071 0.012675 0.012162 0.024403 0.049037
