# LRA Full Analysis Data — Replot Source File
# Source file: risset_accelerating_haptic.wav
# Generated:   2026-07-17 14:01:03
# Accel sample rate: 1766.4-2025.0 Hz per-window range (1869.5 Hz overall)
#                    Each window measured with its own real rate, then
#                    resampled onto the common freq_bins grid below
# Rows:        234 (one per time window)
# Freq bins:   100 bins, 0.0 to 496.2 Hz
#
# MACHINE-READABLE METADATA (used by replot mode — do not edit):
#@duration=12.000000
#@rate_overall=1869.454114
#@rate_min=1766.448604
#@rate_max=2025.000471
#@freq_bins=0.0000,5.0119,10.0239,15.0358,20.0478,25.0597,30.0716,35.0836,40.0955,45.1075,50.1194,55.1314,60.1433,65.1552,70.1672,75.1791,80.1911,85.2030,90.2149,95.2269,100.2388,105.2508,110.2627,115.2747,120.2866,125.2985,130.3105,135.3224,140.3344,145.3463,150.3582,155.3702,160.3821,165.3941,170.4060,175.4179,180.4299,185.4418,190.4538,195.4657,200.4777,205.4896,210.5015,215.5135,220.5254,225.5374,230.5493,235.5612,240.5732,245.5851,250.5971,255.6090,260.6209,265.6329,270.6448,275.6568,280.6687,285.6807,290.6926,295.7045,300.7165,305.7284,310.7404,315.7523,320.7642,325.7762,330.7881,335.8001,340.8120,345.8240,350.8359,355.8478,360.8598,365.8717,370.8837,375.8956,380.9075,385.9195,390.9314,395.9434,400.9553,405.9672,410.9792,415.9911,421.0031,426.0150,431.0270,436.0389,441.0508,446.0628,451.0747,456.0867,461.0986,466.1105,471.1225,476.1344,481.1464,486.1583,491.1702,496.1822
#@n_tracks=1
#@input_spectrum=0.000000e+00,7.813857e+00,6.356468e+00,6.419295e+00,8.814856e+00,1.018053e+01,9.770910e+00,7.541559e+00,6.125410e+00,1.014666e+01,1.312769e+01,1.379471e+01,1.170065e+01,7.411774e+00,9.019872e+00,1.545947e+01,1.937157e+01,1.912844e+01,1.445444e+01,7.462436e+00,1.546513e+01,2.435763e+01,2.906997e+01,2.735059e+01,1.936043e+01,1.304959e+01,2.868977e+01,4.062905e+01,4.490957e+01,3.858495e+01,2.397306e+01,2.674214e+01,5.500022e+01,7.611994e+01,8.138845e+01,6.656470e+01,3.994596e+01,8.199849e+01,1.636848e+02,2.459632e+02,3.144664e+02,3.669925e+02,3.867694e+02,3.590162e+02,3.021750e+02,2.309437e+02,1.476188e+02,7.090008e+01,4.077850e+01,7.123568e+01,8.207560e+01,7.328550e+01,5.007707e+01,2.479487e+01,2.626138e+01,4.085340e+01,4.503376e+01,3.903430e+01,2.616051e+01,1.357376e+01,2.136850e+01,2.844325e+01,2.876801e+01,2.303674e+01,1.402258e+01,8.498497e+00,1.571430e+01,1.966060e+01,1.902682e+01,1.448174e+01,8.760143e+00,8.176248e+00,1.217588e+01,1.381852e+01,1.267624e+01,9.326794e+00,5.978625e+00,7.341044e+00,9.312687e+00,9.522374e+00,8.136535e+00,5.764864e+00,4.055393e+00,5.731157e+00,6.615896e+00,6.452963e+00,5.381781e+00,4.021922e+00,3.599680e+00,4.387307e+00,4.661966e+00,4.405959e+00,3.774217e+00,3.149707e+00,3.148294e+00,3.377133e+00,3.293370e+00,3.019921e+00,2.740587e+00,2.559406e+00
#
# Columns: time_s  rms_g  peak_freq_hz  1 track_hz cols  then 100 FFT magnitude bins (in g)
#
0.441175 0.685345 239.3325 239.3325 0.000000 6.348197 5.151270 3.975746 3.508126 3.061046 2.233422 1.615462 0.761773 0.614071 0.859601 0.938227 0.937799 0.604036 0.570090 0.601607 1.816084 3.341711 4.228225 5.053442 5.865492 5.852317 5.829610 5.442671 5.609740 6.151787 7.167935 7.918466 8.415658 8.105700 7.042334 6.104986 4.973253 5.062206 5.543196 5.842835 5.859600 7.053030 8.501354 10.679798 12.674781 14.355426 16.293183 21.402116 32.539088 48.501924 62.018405 69.262311 67.754962 59.065995 46.742109 32.913715 19.952626 9.793046 5.747462 7.461690 8.147022 6.222586 3.734826 4.703426 8.629153 11.832950 13.855348 14.508436 14.042447 12.842395 10.988421 8.955450 7.346190 6.501727 6.448626 7.169690 8.397436 9.688948 10.698816 11.257190 11.001128 9.915898 8.004088 5.570463 2.933436 1.480625 2.586437 5.024198 6.964022 8.103255 8.499165 8.124528 7.060998 5.628644 4.000678 2.454266 1.658954 1.620986 1.553118 1.069453 0.613805 0.748493 1.244432 1.594667
0.491647 0.686898 238.2141 238.2141 0.000000 7.326475 6.852047 5.001313 4.659801 4.436937 4.131761 2.953612 1.481464 0.898007 1.498707 1.793921 1.810889 1.223610 0.578248 1.210572 3.422897 7.407254 11.181948 12.767355 12.005348 10.777419 10.166208 8.944375 7.672044 8.728878 10.908303 13.272851 16.037989 17.828981 17.899667 16.639625 14.666954 12.788639 10.787857 8.523642 7.082734 7.641131 7.847059 12.571803 17.450406 15.179235 19.750788 22.022374 24.257509 57.657724 107.561424 139.635235 145.517803 129.983307 104.253620 77.690563 53.649486 31.331212 13.186402 8.513275 14.486305 15.438440 11.258510 6.595971 8.570396 15.869483 21.409356 24.213609 25.045819 25.182079 24.576215 21.566910 16.693520 12.772610 11.158286 11.140984 12.042090 14.236774 17.492923 20.617095 22.588473 22.398775 20.367091 17.278492 13.222016 9.133758 6.347817 6.637148 9.935737 13.948834 16.523806 17.049923 16.528885 15.180880 12.872271 9.678593 5.367426 0.884959 2.980842 4.514264 4.164110 2.977804 2.432768 2.671259
0.547692 0.686897 234.3476 234.3476 0.000000 5.779819 2.664407 1.302820 1.610138 1.549733 2.420760 1.450550 1.376012 1.349285 0.978951 0.758934 1.320378 0.977298 0.416900 1.250244 3.813656 7.318937 9.732188 8.920832 5.623823 4.241585 4.769237 3.362292 1.397887 4.310864 5.008683 6.442602 9.772034 10.583162 10.731691 10.595249 8.532920 7.429280 4.503261 1.878499 1.497650 4.616143 6.281643 15.254661 16.298130 14.136118 21.514171 22.358429 38.876437 67.649352 85.085837 85.947955 72.125028 54.245146 38.870930 28.470917 21.837154 14.834817 10.091022 9.309030 9.340358 8.249381 7.073679 7.545581 9.478063 10.860698 11.043809 10.848052 11.180630 12.666616 11.333793 7.515529 4.938766 4.408287 4.714890 5.045073 6.610514 8.942408 10.897705 12.175345 11.349884 10.093962 8.957687 7.067268 5.795481 5.363233 5.640750 7.339525 9.094051 9.153455 8.470297 8.172684 7.485854 6.469485 5.295626 3.715836 2.970553 3.477510 3.693785 2.893857 2.074710 1.859359 1.742661 1.912167
0.591400 0.501919 223.5267 223.5267 0.000000 4.151413 1.216694 1.064228 0.967716 0.831243 0.616898 0.382294 0.382703 0.331359 0.418171 0.330257 0.370652 0.526511 0.434206 0.446505 1.121253 1.442858 1.826539 1.814343 1.268194 0.812547 0.609798 0.486625 0.872149 0.953444 0.774037 0.871857 1.122822 0.820918 0.582613 1.057546 1.029902 0.897444 1.377527 1.423664 1.410494 2.588856 4.916855 7.956748 10.538307 11.334210 10.795214 10.689339 11.742812 11.655975 9.371484 7.755193 6.660829 4.224130 2.505894 1.844843 1.288579 1.335182 1.669022 1.163450 0.637070 0.680951 0.751202 0.562493 0.355438 0.568973 0.649838 0.236628 0.459276 0.831027 1.176881 1.311825 0.879680 0.388317 0.301821 0.229359 0.381059 0.688994 0.348285 0.345746 0.938974 0.782499 0.271968 0.438146 0.535371 0.290930 0.351369 0.259694 0.467453 0.725281 0.766028 0.462409 0.256230 0.270740 0.081601 0.371231 0.681744 0.681270 0.669836 0.879261 0.821544 0.492393 0.193714 0.173586
0.641194 0.819611 241.2657 241.2657 0.000000 7.223738 3.480941 3.283107 2.746833 2.877186 2.695609 2.310934 2.238779 1.738280 1.357242 0.969904 0.678314 0.685883 0.776198 1.122739 1.277418 1.532557 1.543197 1.405360 1.324140 1.298648 1.190088 1.178757 1.314989 1.364753 1.520770 1.581299 1.646574 1.657665 1.744659 1.885818 2.315612 2.441682 2.668503 2.991575 2.417155 2.863141 4.507393 3.830011 5.876904 8.130151 7.093832 9.915133 11.305080 13.172511 15.397656 16.204525 18.190691 18.252200 17.500055 16.308347 14.160210 11.428579 8.638598 6.565768 5.162401 4.691328 4.823331 4.744653 4.609892 4.261076 3.614742 3.165930 2.827764 2.607037 2.592308 2.451059 2.310831 2.234467 1.996185 1.715291 1.589598 1.484622 1.356282 1.415083 1.383766 1.118820 0.903875 0.736922 0.413167 0.197008 0.301447 0.383007 0.607643 0.561729 0.466408 0.830407 1.335344 1.995418 2.807811 3.597665 4.310211 4.831196 5.311422 5.659151 5.626623 5.530871 5.346943 4.970237
0.687964 0.970983 232.6736 232.6736 0.000000 11.655144 13.060445 13.701122 15.475591 16.191232 15.379851 13.576545 11.377874 8.775327 6.243876 4.311142 4.263095 6.114211 7.755769 8.431436 8.435759 7.717497 6.409617 4.996959 2.997508 1.604177 4.037999 6.650830 6.863856 4.954809 2.191548 4.522461 7.848749 7.940646 4.479707 5.457575 10.904332 14.471949 13.246412 7.173941 5.595857 17.587433 27.975833 36.111230 40.232285 38.512869 35.515237 41.155107 64.632829 105.240261 141.703469 148.583948 120.258571 74.849057 39.113795 21.779738 11.178973 9.181396 14.299993 18.251270 20.727297 21.938654 19.301549 12.070676 2.958276 6.702657 12.643817 13.897761 10.558862 5.649788 4.915218 7.019705 6.146389 3.087723 3.150344 7.518931 9.600098 8.780719 5.909775 2.617756 0.702884 1.276456 3.287542 5.836788 8.378585 10.330497 11.974915 13.804677 16.380572 20.589453 25.810589 29.319355 28.708199 25.990559 26.798225 29.649404 29.049267 24.918866 20.907494 17.802061 14.101371 10.533420 7.789598 6.584599
0.741975 0.976131 231.8849 231.8849 0.000000 9.551087 7.555779 11.852925 16.209869 18.357073 16.183597 13.440700 12.198243 10.234501 6.525361 6.521139 9.118446 10.120033 10.037239 9.109777 8.549589 7.820916 5.540157 4.509894 4.230608 3.998572 6.616809 9.733091 8.344574 3.707387 2.600038 6.787723 12.676410 11.146106 5.169537 6.996221 12.132646 16.373778 20.892721 18.935200 17.316177 20.674711 31.171090 37.661852 40.006244 37.157537 26.509878 30.970650 55.582647 141.863069 224.656532 228.607621 156.315688 64.671796 21.808495 19.564928 8.512303 9.240556 13.855626 15.212565 19.075473 22.884583 22.841582 15.332021 8.794194 11.735085 17.419453 17.981146 11.881937 5.550582 6.494339 9.260213 7.899783 5.786285 8.471265 13.122519 14.360940 12.769267 9.330042 5.244895 3.513249 4.525825 5.819802 9.285342 15.731076 19.598979 19.010059 17.539076 18.948750 24.013821 32.599647 36.217137 28.365828 19.672568 25.835648 33.965116 29.242723 19.857102 17.801312 16.190119 9.742965 7.851450 4.945936 5.205643
0.797145 0.976239 234.5849 234.5849 0.000000 6.572721 3.104595 2.243956 3.900760 5.622056 3.593194 2.432688 2.175846 4.343886 3.522256 3.599070 5.955845 4.564716 3.121696 2.344509 1.467774 2.210614 1.559536 1.050239 2.021254 2.964519 3.061280 4.333581 4.954961 2.575962 2.641310 5.599583 7.166182 7.069498 5.652751 4.712767 4.009617 2.565815 9.757329 16.803488 12.338616 7.820679 7.318961 26.084391 15.727897 29.508377 35.649439 31.114167 26.860939 57.168238 98.566946 116.179626 100.707827 61.002712 23.662621 7.320589 8.237031 7.631224 4.856307 2.351530 2.098144 3.916346 6.982693 9.280464 7.285280 5.106327 6.226849 7.563655 7.641979 6.483356 4.600002 4.048656 4.304287 3.467977 4.257718 6.559582 6.960520 5.284850 5.552555 5.657224 4.499142 3.925561 3.619379 1.633583 4.225801 8.986839 10.090895 7.045345 3.713042 3.822401 5.118924 10.586716 13.037338 9.595589 5.878349 8.308974 11.722061 9.629625 4.468386 3.532178 5.936850 4.373646 3.107005 3.753942
0.847639 0.665201 205.0085 205.0085 0.000000 2.739762 1.346474 1.016760 0.659549 0.631286 1.095330 0.703493 1.101712 0.951124 1.427601 1.855812 2.007384 1.302025 0.686206 0.515772 0.556970 0.801649 0.253128 0.287610 0.468250 0.435934 0.257963 0.737641 1.627268 1.567437 1.249811 1.783109 1.606178 0.685460 0.993545 1.075882 0.626463 0.890738 1.530644 3.824680 5.555849 4.119394 4.470501 11.532118 17.206644 17.791677 17.264633 15.783211 16.139670 15.371871 13.329516 9.185520 8.587292 9.812998 8.985716 6.115814 2.722227 0.801123 1.463394 1.139955 1.564496 0.703658 0.828442 1.188031 1.179215 1.442130 1.259401 0.738746 0.474966 0.414803 0.739427 0.679272 0.297817 0.401035 0.483977 0.824738 0.930158 0.970716 0.835114 0.714748 0.735554 0.387035 0.220886 0.554884 1.062592 1.162501 1.144030 1.360783 1.332874 0.729375 0.540020 0.754399 0.784832 0.996977 1.292283 1.041401 0.857386 1.051125 1.024230 1.134473 0.935141 1.236355 1.431997 1.361075
0.892032 0.644560 239.3499 239.3499 0.000000 3.822213 2.772303 3.125575 3.872685 4.876221 5.072006 4.526437 4.066722 2.866864 2.652807 2.560591 2.702364 2.217066 2.285612 1.832869 1.378043 1.031375 1.057072 1.580618 1.820838 1.802070 1.465456 1.088459 1.084011 0.284210 0.645479 0.623639 1.613641 2.341883 3.802715 4.725570 6.025098 6.017168 6.003534 6.465761 8.701096 11.597663 14.459632 15.962607 16.896809 17.929480 17.582736 21.048007 30.253275 41.938302 54.070818 59.964066 58.655137 51.946339 41.821574 29.275837 17.759063 8.387293 2.663202 4.172998 7.267742 8.834429 9.521890 9.049655 8.122118 7.125983 6.892197 7.210964 7.200450 6.616418 5.311419 3.929222 2.433403 1.460653 1.234223 1.570694 2.242285 2.937975 3.622251 4.177076 4.418568 4.272844 4.014763 4.168575 5.079610 6.454217 7.854511 8.990232 9.585290 9.454924 8.841244 7.775179 6.417571 4.850793 3.403696 3.326357 4.691549 6.209436 6.944869 6.631254 5.412193 3.627978 2.182913 2.068651
0.941431 0.640575 241.8801 241.8801 0.000000 4.374476 1.524628 4.449269 8.568011 10.667833 10.265418 8.442477 6.990171 5.331490 3.091170 3.046624 3.844433 3.908116 3.997693 3.912436 2.906681 1.185341 1.084972 2.416373 3.365772 3.619851 3.272812 2.745559 2.042549 0.967224 0.535411 1.497145 2.576598 3.974124 5.568191 7.201099 9.469358 11.563795 10.963062 8.756104 4.892315 11.153087 18.334790 23.501578 29.307727 22.566029 20.865522 31.724124 22.253545 26.062821 68.994722 110.119586 130.951371 131.544859 118.611093 97.836032 72.922180 48.019699 27.001822 12.419619 7.325901 9.017685 12.324481 15.145115 16.059843 14.599618 11.233058 8.098347 8.712581 11.630648 12.787203 12.483467 11.046486 8.223587 4.314899 1.101893 1.187291 1.730337 3.571288 5.533522 7.083717 8.304654 9.366658 9.284785 6.673347 3.577055 5.664400 8.728478 12.010869 15.738144 18.523182 19.262107 18.016179 15.792051 14.173406 13.602469 13.095088 12.438516 12.710197 14.357413 16.395725 17.160083 15.526588 11.917529
0.997150 0.640453 235.0727 235.0727 0.000000 4.656834 4.401279 5.090374 6.198109 7.035747 5.935059 3.001530 3.122767 2.980195 1.309798 1.980385 2.056879 0.933276 2.378315 2.319394 1.696370 1.347607 1.432618 1.866194 2.128223 1.884602 1.316908 1.644800 1.345922 0.786921 1.335548 2.115274 2.588949 3.397189 3.552456 4.178303 7.757235 5.744647 3.897129 6.584175 12.005188 11.494752 9.779608 22.783155 14.587122 13.809232 27.061052 25.670838 35.621168 62.812775 79.707925 80.410485 72.602298 61.248894 48.656635 34.632522 21.739190 13.108026 7.953837 5.167109 4.467761 6.690299 7.759605 6.632970 5.675636 3.028467 2.653749 5.524715 5.766941 6.125775 6.220930 5.521944 3.913779 1.683383 0.944177 1.067436 2.502324 3.200210 4.107451 4.410228 5.337938 5.812949 3.886709 1.897454 3.300941 4.087132 6.249579 9.196392 10.332070 9.950990 8.315535 6.380798 6.591356 8.607428 9.808141 9.899566 9.923325 10.566655 11.519127 10.773945 7.884081 5.347785 4.300627 3.945802
1.041429 0.508469 217.6670 217.6670 0.000000 3.079445 2.139565 1.510558 0.613127 0.791079 1.383940 0.804000 0.385166 0.627567 0.947533 0.874412 0.661809 0.657182 0.694437 0.334764 0.141519 0.353794 0.083473 0.179724 0.174074 0.340950 0.321306 0.264253 0.570626 0.403019 0.440431 0.514513 0.316209 0.282798 0.377753 1.042605 2.063467 2.730514 3.231619 4.994229 7.231411 8.312365 9.043944 9.999995 9.346203 8.366227 10.317089 13.031780 12.864214 11.462035 9.791836 6.854177 4.168715 2.752816 2.054236 2.008731 1.878547 1.143718 0.815966 0.990846 0.972060 0.883160 0.743906 0.490670 0.439266 0.822840 1.130522 1.034894 0.684076 0.393279 0.387640 0.392558 0.726987 1.121298 1.190899 1.024659 0.753353 0.452338 0.266952 0.375105 0.299768 0.665899 1.158008 1.278667 1.010841 0.583074 0.526488 0.681604 0.717044 0.428891 0.414009 0.588893 0.607503 0.803615 1.023742 0.994033 0.737351 0.465872 0.379064 0.978092 1.305144 0.990306 0.264176 0.494619
1.091434 0.883477 244.2886 244.2886 0.000000 6.822100 6.190555 6.090105 5.883634 5.210794 3.559070 2.696356 1.507870 1.554547 2.107373 2.585142 2.569229 2.155007 1.742359 1.117205 0.846510 0.974546 1.286259 1.619981 2.379262 2.611370 2.886028 2.507796 2.133705 2.440592 2.381202 2.660608 2.087743 1.868524 1.661305 1.560533 3.253768 3.990412 5.826206 7.010430 6.050172 8.263962 8.224839 8.179412 10.592645 10.289445 11.796708 12.284563 15.820678 19.278528 24.408131 27.685866 30.068590 30.092512 27.518832 23.753734 18.721035 13.716298 9.609472 6.443425 4.579900 3.889943 3.996797 4.086981 4.009589 4.002844 4.154472 4.671744 5.303652 5.776068 5.687536 5.236578 4.254777 3.076244 2.076421 1.322575 0.973932 1.056761 1.186574 1.645048 1.973663 2.367102 2.864506 3.241548 3.485148 3.809579 3.992992 3.993999 3.869846 3.488869 2.851357 2.174002 1.960889 2.562126 3.731247 4.970121 5.979256 6.721920 7.053837 7.066284 7.026205 6.896672 6.682527 6.513041
1.138451 0.981698 232.7109 232.7109 0.000000 9.989197 17.940192 23.993707 26.227094 23.370079 17.007773 10.323510 7.791383 10.571545 12.905002 11.472364 7.598669 3.687225 1.705102 3.193104 3.477949 2.350162 6.075900 9.690619 12.059897 12.471039 9.091234 3.941489 3.830175 8.432908 10.564841 10.264036 7.382576 5.164350 7.794125 13.211577 18.929461 22.423730 21.190533 17.431449 16.506407 19.420465 26.056534 33.670751 34.637972 27.363927 27.692740 44.996421 87.595406 144.827578 174.907343 156.776902 106.741887 59.655478 39.163083 33.625953 24.094253 9.610459 2.993184 10.259667 14.842071 14.344411 7.829986 4.148762 12.633017 19.241205 22.859247 22.934288 19.298862 13.458466 8.161003 4.000060 1.844291 2.970813 1.772884 2.363106 5.164519 6.987372 9.502321 11.149342 10.641228 11.226855 14.732008 17.834211 19.237228 19.601303 18.487363 15.066083 13.637840 18.737499 24.395322 25.573814 24.019343 23.310284 24.736860 25.237309 21.157892 17.042250 19.308130 22.851683 24.507657 24.100978 20.227945 13.890407
1.197195 0.984584 237.6832 237.6832 0.000000 5.581987 11.777595 23.680274 26.567020 24.775322 21.692151 15.186467 11.590200 14.922215 16.933290 13.313216 7.848907 3.792493 2.159506 3.823423 6.682026 7.783080 8.999286 9.445033 9.798362 13.336496 13.679004 9.584658 7.051051 7.716595 8.282764 11.397777 12.760825 9.486131 7.319781 9.763548 13.207273 17.580136 22.012434 15.462255 7.473833 9.943807 10.534369 21.915266 26.373685 34.892471 29.379204 26.485265 33.554521 89.353870 189.112471 227.607751 187.417860 106.775062 39.948468 21.506815 28.302288 27.920354 16.424001 7.863071 6.689658 13.904141 17.142970 12.698335 7.700804 10.677638 15.511439 20.615576 21.403057 19.837113 14.991483 7.653894 5.075394 6.478611 6.707255 6.115366 4.508650 4.537954 4.572076 5.866350 9.786361 10.185131 5.908042 9.067389 15.338801 17.536821 17.954775 19.960478 23.626172 26.174290 29.119322 32.865412 31.055271 22.447604 18.185585 16.360681 18.424580 24.507041 17.459651 6.134499 15.349191 19.458058 20.509960 25.448321
1.251426 0.984606 229.3354 229.3354 0.000000 3.947993 6.572839 7.088995 5.813510 4.913950 7.286395 4.957884 3.159475 7.288955 6.735255 3.769924 1.992724 0.626280 1.482512 3.944980 5.193298 4.532884 4.618922 3.199906 3.053789 5.815530 4.961112 4.697882 4.008300 2.150302 1.498321 4.324626 5.177164 2.821025 1.601634 2.094783 1.756062 5.419839 8.676299 3.615090 4.739884 11.157105 18.625932 15.209073 22.755934 36.262684 37.855529 34.606525 54.171205 81.477035 91.197293 77.214263 48.965848 22.528496 8.261428 6.733146 10.118797 9.255500 5.594076 3.281236 5.433696 5.958655 6.268845 6.568537 2.546896 3.262577 4.559686 3.152288 3.973287 4.212266 3.863595 3.077112 4.500909 5.337740 5.501075 3.873542 1.565443 0.787844 2.132154 4.034868 4.157038 3.604516 4.127558 3.952905 2.778308 2.189132 4.522501 9.043721 12.908112 15.035805 13.777003 9.054574 3.305334 1.616532 2.722528 5.656848 8.036904 7.030678 5.744042 4.556868 1.639032 4.803572 8.589592 9.104536
1.297038 0.702937 219.4159 219.4159 0.000000 5.418570 0.053656 1.274332 1.246954 1.229287 1.203917 2.002786 1.218777 2.051368 1.539317 0.312644 0.601987 0.215168 0.326350 0.941887 1.295906 0.908070 0.606432 0.876084 1.790886 1.282443 1.478925 0.206862 0.698303 0.456549 0.918059 1.123425 0.619689 0.574651 1.717527 1.098947 1.445257 1.720656 3.144507 2.349009 6.200157 3.688622 9.512804 11.691225 14.260140 12.947679 15.142613 9.318660 19.409985 15.537084 6.065647 8.762209 12.162343 8.533691 3.359455 2.721647 3.198192 2.485370 2.225708 1.479172 2.555063 3.120798 3.583368 2.413648 3.405750 2.895930 3.355787 1.796436 2.403782 1.968141 1.570904 1.538211 1.497748 1.054992 2.051987 1.529395 0.825680 0.956184 1.954040 1.137674 1.039403 0.927649 0.862933 1.298121 0.817230 0.786136 1.238821 1.279770 1.091238 1.047096 0.366518 0.362341 0.529220 0.776730 1.256050 1.451620 1.100371 1.470171 2.200992 1.280952 1.066896 1.792993 1.415242 0.727008
1.347190 0.573796 233.7887 233.7887 0.000000 4.939179 6.349399 6.604535 5.262443 3.348498 2.355083 3.846318 5.155871 5.505781 4.999175 4.533081 3.935122 3.127995 2.172939 0.918104 0.244635 1.029818 1.668173 1.933300 2.421080 2.773972 2.660767 2.240701 2.151712 2.640459 3.111313 3.515987 4.067633 4.516870 5.108682 5.880387 6.653312 7.335445 8.616684 9.721945 11.614955 12.750473 13.898738 15.112275 15.769316 19.204254 23.491209 34.645597 55.905585 75.271512 84.023436 82.430211 72.175420 57.730864 42.165993 27.788895 16.050312 8.464404 5.722902 5.802214 5.464028 8.269163 12.803179 16.880518 19.324717 20.355425 19.342785 16.627964 11.922192 7.446967 4.244038 3.513988 5.230991 7.935232 9.688020 10.568853 10.405149 10.348342 10.065132 9.598358 8.070271 6.194151 4.092833 2.345035 0.691632 2.126605 4.729951 6.887619 8.508831 9.289995 9.935568 10.000235 9.615165 9.083869 8.811934 9.101744 9.576189 9.908506 9.996354 9.457986 8.620722 7.785624 7.481792 7.608924
1.397190 0.569385 230.9948 230.9948 0.000000 4.916670 7.371864 8.866013 8.309944 4.886353 2.791529 5.668830 7.481057 6.885958 5.761494 5.534734 5.873056 5.434641 3.930388 2.314006 1.527015 1.746265 2.158834 2.297755 2.495054 2.781488 2.649161 2.011409 1.510274 2.136851 3.192214 3.165805 3.653632 5.036391 5.281367 5.436924 7.384849 8.308051 7.043681 8.279048 11.048253 12.235883 11.956732 14.522039 8.158527 18.983373 22.286687 10.691412 57.833371 96.842163 113.842196 111.593489 96.861152 78.071380 60.756532 44.440158 29.417375 18.409199 12.693832 9.379670 4.157144 4.849766 10.657838 16.021699 19.374671 21.457056 22.634091 21.553454 16.989422 10.554072 5.091536 2.063339 2.525360 5.993554 9.748803 12.363888 12.542121 11.659847 11.721407 12.517008 12.398953 10.452754 6.691817 3.019591 2.510990 2.501316 4.294679 7.294906 9.363792 10.149742 10.742344 12.110712 13.654721 14.213044 14.018147 13.975607 13.766961 12.867468 12.099506 11.832361 10.915278 8.805759 6.971615 7.010784
1.447657 0.569337 225.9217 225.9217 0.000000 2.471984 1.981191 3.359371 4.124814 4.118594 3.410819 3.668321 3.557046 2.166682 1.199553 1.247951 2.330534 2.762977 2.153435 1.377643 1.130484 1.059845 0.880056 0.594702 0.460650 0.674589 0.660877 0.457775 0.650935 1.092195 1.287225 0.945227 1.048180 1.683680 1.275612 0.777067 2.686210 3.166547 1.745073 2.073883 2.155771 3.277646 1.886212 7.478317 10.373837 15.719807 17.921180 21.967186 34.203315 42.148083 40.618251 36.773823 28.789316 21.424649 17.674567 14.902042 11.058023 7.221728 5.580586 5.149058 4.406735 3.943941 4.104392 4.407990 4.462895 4.677970 5.614091 6.373182 5.590611 3.435614 1.744609 1.410048 1.324979 1.796768 3.349083 4.132364 3.470343 2.359202 2.545067 3.700630 4.242538 4.191527 3.148257 1.356233 1.240963 2.427510 2.914403 3.063666 3.130742 2.501366 2.356507 3.161465 4.599463 5.233035 5.098980 5.334221 5.226121 3.964749 3.016877 3.092036 3.039451 2.079780 0.751986 0.897163
1.491326 0.682058 203.5458 203.5458 0.000000 4.775388 0.742348 0.639834 0.889347 1.280326 0.368584 0.608065 0.901019 0.633115 0.507943 0.611444 0.385805 0.530268 0.552710 0.480174 0.357799 0.571337 0.593180 0.594474 0.767542 0.605786 0.779893 0.436435 0.638242 0.830396 0.649274 0.896503 0.909846 0.630529 0.924107 1.330386 0.849492 1.173551 1.754912 1.650230 1.612231 2.495092 4.102627 4.858378 7.527105 8.027613 4.335175 5.718557 7.445191 6.026524 4.406275 5.425855 5.382402 5.963455 5.918930 4.899081 4.594600 4.501229 3.637966 2.838846 3.354448 2.298534 2.069955 1.850694 1.634991 1.828222 1.608394 1.204911 1.486691 1.595580 0.855921 1.390161 0.822576 0.921891 1.134570 0.854636 0.652767 0.633150 0.754800 0.546543 0.530777 0.182504 0.717786 0.649747 0.258766 0.404407 0.360814 0.332733 0.173899 0.103828 0.257023 0.402311 0.421641 0.690967 0.813406 0.986950 1.359477 1.359198 1.341624 1.470656 1.648586 1.649040 1.598679 1.488292
1.541425 0.947622 239.8122 239.8122 0.000000 6.753216 10.468231 12.840064 13.853997 13.037441 10.164367 7.813933 5.016504 2.973762 1.609474 0.868198 0.515505 1.270009 3.583768 5.720332 7.019240 7.443575 6.664771 5.093474 2.542877 1.796588 4.103077 6.479785 7.325807 5.875127 3.061846 2.428862 3.770256 4.844535 5.774738 7.280703 8.893375 9.847594 9.894013 8.847785 5.899244 8.128062 16.600637 25.619283 30.965381 33.566958 35.284072 38.841402 46.402701 65.672246 91.293761 107.356199 104.426948 82.067244 51.630358 26.014964 12.069746 8.211134 11.108347 16.085900 19.033113 18.522532 14.695029 8.635476 4.632241 6.336702 9.231301 9.689720 8.931689 8.005397 6.957089 5.628655 4.395908 3.622845 3.151260 3.277433 4.198111 5.287508 5.598692 4.733895 3.497582 3.312564 4.456986 6.505543 8.318723 9.160152 9.257593 8.986171 9.292749 10.077404 10.390192 10.914578 13.718837 19.189953 24.370663 26.551450 24.908754 21.313977 17.793795 14.676426 11.616548 9.581773 8.811386 7.484068
1.593179 0.957902 232.5810 232.5810 0.000000 7.745797 13.901318 22.221939 26.311231 22.436755 16.114825 10.612017 5.538257 3.637399 2.757040 3.008927 4.176220 7.044650 10.340749 11.047076 11.483293 11.811896 9.534245 5.634244 3.974635 6.924338 12.233430 15.003882 13.080898 7.196675 4.021578 5.010658 4.983270 5.173593 7.612574 11.306673 11.988121 10.646368 12.084424 6.476626 9.007607 27.713207 43.099938 40.322533 39.873694 36.286964 45.486110 52.507039 94.732612 188.220712 230.309307 190.775161 108.587423 41.937771 14.901099 4.419557 7.044949 19.185945 27.872803 28.423139 24.564064 17.947542 10.403838 11.838578 14.795212 12.116392 9.786218 8.937325 8.388972 6.326538 3.651818 3.121174 3.290348 1.668529 6.100236 9.198754 9.809919 9.105505 7.082678 6.417714 9.410188 14.634368 19.465813 20.981916 19.071491 18.290307 19.790252 18.284342 12.627191 11.285571 23.936098 40.696640 49.175563 43.594919 26.521822 19.827577 23.824459 14.596785 6.410020 13.554668 11.837584 5.629063 2.594451 5.635821
1.651436 0.958135 232.1265 232.1265 0.000000 3.600023 4.612295 11.533265 15.820759 12.276796 6.262830 6.523170 3.718085 2.374448 4.338860 4.904842 5.706685 7.220279 7.827282 5.359678 4.268729 5.127476 5.072485 3.402668 2.401102 5.126121 7.586694 8.396000 9.482388 8.868122 5.269819 2.855747 1.779207 0.846879 1.493912 2.717442 5.377239 5.297104 3.737437 6.732878 9.741647 11.184389 21.894315 26.211439 17.919467 22.376378 25.733215 31.873242 35.287783 77.767304 136.587386 152.922650 117.222317 60.303693 17.662034 4.274314 3.313009 5.028383 9.743063 12.093901 11.116052 9.328548 11.429532 11.675436 10.502363 9.139965 4.980318 2.217283 2.906203 2.819675 2.749842 1.016218 0.699169 1.408987 2.710991 4.252382 4.410335 4.313459 5.201489 4.759692 2.046308 3.758592 6.576968 10.615015 14.108106 12.304088 7.077676 9.450868 12.982064 7.900194 2.789295 6.111183 16.854897 23.992365 25.700628 19.766340 9.621175 8.906451 14.823828 11.419813 8.482167 8.387790 6.028195 3.140720
1.701440 0.801138 225.0890 225.0890 0.000000 1.023198 1.208020 1.785052 2.853818 2.904675 2.274179 1.658053 1.969516 1.739209 2.191881 1.953375 1.474212 1.963657 2.042236 1.750985 1.362672 0.486597 0.330378 1.366538 1.409311 1.650646 1.046310 0.375010 1.282745 2.333916 1.640847 0.346932 0.377317 1.041779 1.260071 2.371475 3.753490 4.385335 2.860384 3.458505 8.101912 12.641373 18.694857 17.106143 17.470602 15.659381 22.583224 19.259732 20.699403 26.817164 25.088325 19.525248 16.859372 11.572669 4.283911 1.231117 1.418651 1.666214 1.426547 0.504874 0.991389 1.666596 1.880882 1.428337 1.371668 2.703365 2.663716 2.445235 2.001055 1.545722 0.446316 0.448788 0.437510 1.463435 1.953632 1.379068 0.782154 0.581525 0.849158 1.121340 1.146161 0.760321 1.063223 1.980513 2.142754 1.513643 2.453360 2.800657 2.375157 1.253180 2.737756 2.916920 1.440026 2.003936 2.948111 3.817049 4.501322 4.992480 4.805968 3.126243 1.618048 1.392283 0.974831 0.569340
1.747655 0.509759 234.3951 234.3951 0.000000 4.972718 3.252708 2.085600 1.008912 1.747816 2.518654 3.031105 3.473849 3.066271 2.647124 2.957616 3.305875 3.504204 3.850516 4.229724 3.922236 3.808543 3.302033 2.749331 1.708819 0.854667 0.781998 1.836728 2.866924 3.771615 4.560942 4.861434 5.798593 6.214742 7.193935 6.910976 6.772530 5.098569 3.365240 3.025019 2.934302 3.747665 10.145610 7.279661 11.701552 10.905675 12.066990 22.155697 38.954944 51.064780 58.612200 58.111140 52.879981 43.800281 33.020464 21.403650 10.597975 3.811705 5.228054 8.976643 10.114202 9.429690 7.576852 5.389017 3.797963 2.585553 2.052567 1.654076 1.404134 1.120476 1.486646 1.009313 1.237082 0.650865 0.631470 0.649131 0.884234 1.151241 1.626891 1.981719 2.136034 1.629533 1.050485 0.816607 1.142091 1.126162 0.670520 1.275565 3.317702 5.557115 7.182570 7.714911 7.378265 5.917147 3.846330 2.082235 1.826679 3.483759 5.290454 6.773991 7.695832 7.954609 7.558861 6.521156
1.801425 0.490117 234.4764 234.4764 0.000000 6.785718 7.229072 4.845727 3.587579 3.268899 3.164797 4.112796 5.050147 4.056531 1.687806 3.206710 4.912954 4.460596 3.630985 4.989990 5.925932 5.186779 4.630278 4.645020 3.834108 2.265512 1.409407 2.159181 3.769436 4.830195 5.193778 5.770521 6.343995 6.718050 8.146846 10.106802 10.065251 7.843282 5.776340 4.407196 3.371530 5.236330 9.955569 9.977927 7.777610 16.062954 17.407437 13.884880 38.585780 70.138735 92.294798 100.656403 96.871590 84.768394 68.945941 53.004485 37.970007 23.653554 13.115011 12.395521 15.708501 17.264642 17.067605 14.728947 10.792791 7.046181 4.697495 3.632795 2.620032 1.000908 1.296714 1.912697 1.413165 1.339329 1.899780 1.862001 1.776590 1.813614 1.133452 1.055706 2.613231 3.941267 3.698579 2.089412 0.769789 1.002039 1.723168 2.084920 2.314428 3.934131 7.262263 10.799138 12.996953 13.355872 12.328924 10.154170 6.731774 3.403631 2.896378 4.995419 7.650674 10.904068 13.606145 14.460448
1.851415 0.489629 236.7585 236.7585 0.000000 5.386343 4.527838 3.035681 2.302780 1.801217 0.704207 1.454174 2.391684 2.257047 1.650150 2.035328 2.634801 2.083126 1.116193 1.871236 2.695825 1.981624 1.371904 1.968780 2.394159 1.766950 0.840822 0.882259 1.934077 2.170318 1.537820 1.340910 1.911567 1.532236 1.574195 3.850635 4.721320 3.439484 1.236617 2.077213 2.782866 2.486589 5.464083 10.973926 11.465413 16.590709 21.166033 21.044980 26.705184 37.078522 44.350197 46.862388 44.148106 38.313815 30.851383 24.245896 19.890198 16.772232 13.555694 10.637411 8.647999 7.718955 7.753614 7.788053 6.689609 4.597976 2.619017 1.638132 1.531938 1.351570 0.922364 1.036759 1.101935 0.655050 0.830514 1.534862 1.745614 1.704053 1.428746 0.934104 1.110223 1.985832 2.649361 2.391366 1.445547 0.775394 0.539993 0.818472 1.510107 2.331911 3.487382 4.938195 6.149215 6.434695 5.913859 5.454626 5.129239 4.352462 3.224743 2.345967 2.142952 3.180804 5.196711 6.798502
1.897096 0.724065 201.4786 201.4786 0.000000 2.551114 0.694693 0.783670 0.913141 0.928121 1.073928 0.555310 0.360923 0.632208 0.885000 0.387456 0.619947 0.491122 0.630084 0.482409 0.511040 0.509631 0.691626 0.406596 0.347818 0.485059 0.317542 0.386342 0.556815 0.162407 0.468242 0.561149 0.311232 0.758784 0.863921 0.427929 0.991763 1.274599 0.783516 0.947271 1.171071 2.981515 4.897431 6.475415 10.889701 7.499274 5.461058 6.221053 6.873377 4.784262 3.513242 4.532347 5.152052 5.613933 5.253303 4.035938 4.239848 4.340693 3.248304 2.680998 2.827733 2.349745 2.027958 2.133954 1.773346 1.484718 1.654984 1.707638 1.411330 1.411852 1.538624 1.131772 1.241544 1.423516 1.079295 1.018967 1.340443 1.214516 0.967969 1.019573 1.395853 1.244195 0.984412 1.109169 1.176652 1.057131 1.276098 1.450118 1.301928 1.278679 1.713753 2.042350 1.913928 2.031514 2.205961 1.924595 2.007595 2.260433 1.940330 1.496882 1.539861 1.634175 1.240366 0.733332
1.941425 0.940903 239.3605 239.3605 0.000000 6.480043 9.415877 12.199325 14.590836 15.198408 13.908830 11.753100 9.470835 7.764318 6.434177 5.461154 5.301498 5.982592 6.349094 6.789378 6.979699 6.652040 5.759493 5.311271 4.379168 3.566706 2.638538 2.353192 2.905034 4.016727 5.017089 5.373574 4.727078 3.310918 2.421114 2.711967 4.078153 5.408888 5.578078 4.704638 5.709051 7.549150 10.682491 15.287598 21.682634 26.366432 30.044092 30.878591 33.248556 44.392862 68.058462 92.840320 104.293552 97.486316 76.001430 50.217968 29.398421 15.751935 9.281499 11.501324 16.190780 17.271124 14.771945 11.530206 10.354496 10.391140 9.433544 8.346612 8.404126 8.877149 8.773617 7.814353 6.423319 5.784287 6.538466 7.401469 7.622957 7.922371 8.227110 6.974316 4.218871 4.001680 8.241028 12.423063 14.476667 13.157672 8.485070 4.943894 7.917920 13.841621 18.522215 22.572904 26.248220 28.855799 29.661055 28.715707 26.629756 23.775921 19.897589 14.707077 9.599749 7.552907 8.411618 8.838959
1.999425 0.953928 233.9870 233.9870 0.000000 4.295419 9.275411 19.636363 25.749794 26.129684 21.048395 15.604396 14.580711 11.026195 7.064647 10.010913 13.682846 15.247217 15.159035 14.978375 15.028160 14.099899 12.621371 11.698856 10.478232 8.137633 5.682777 4.649893 6.092506 8.930487 10.165250 8.120180 4.115766 2.227357 1.682857 3.468136 8.824995 9.860894 4.299655 5.520627 10.386804 6.297660 17.970461 30.686896 32.863874 41.217126 32.622998 33.657595 40.088449 97.557694 192.041396 226.480499 185.973083 111.754330 56.979833 32.387902 14.464463 7.149025 15.762016 25.751663 26.173565 14.780464 8.735016 12.430449 12.981359 7.619255 7.020739 10.540107 10.521638 8.968188 8.557302 4.347792 5.345044 11.091967 9.391605 4.691224 11.646249 14.909828 9.767001 5.171653 10.216191 18.386623 25.718347 27.668556 24.925687 21.048461 21.446924 23.138995 23.791419 28.783990 37.173998 41.823881 41.056082 39.532766 36.229209 31.296054 29.155337 23.184142 9.294533 10.312460 17.002540 15.654777 11.436370 9.280024
2.051411 0.954215 227.9627 227.9627 0.000000 2.751656 6.474206 10.762445 12.684836 12.604659 8.311373 4.683229 8.030578 5.875492 4.263570 7.185418 10.041233 9.685689 7.932236 8.184043 9.000984 7.569976 5.964623 7.985249 6.900472 4.477875 2.021447 1.898326 4.333900 6.075455 5.112806 2.922971 1.740010 2.022718 3.569701 6.092658 6.476185 5.040288 8.088259 7.801010 1.376164 14.622907 24.027182 11.271509 30.672706 25.209946 27.809800 43.658822 93.888224 144.191868 144.885601 100.252628 41.986158 15.430291 12.850711 8.271297 6.214085 9.135144 16.650177 14.636899 6.459336 5.019926 6.327377 4.836584 3.196850 4.012108 4.037021 1.998119 2.537135 4.023169 4.812745 6.681336 5.918509 3.365434 6.036768 10.299999 9.966878 6.688110 3.586608 9.753560 13.796729 14.728831 17.698732 17.693962 15.195652 9.939265 6.447697 9.651694 15.276211 15.628696 11.772755 14.372105 11.739483 7.456725 14.986161 15.367931 12.753194 13.105227 11.315806 6.032215 3.890936 6.508004 5.959342 4.006949
2.101686 0.799122 223.3578 223.3578 0.000000 4.442818 2.000221 1.495912 0.928947 0.581442 1.779689 3.206210 2.764612 3.508560 2.333610 1.268305 1.508101 1.688447 1.007626 0.588838 0.437061 1.198364 1.369161 1.453870 1.034740 0.729311 0.878665 0.597338 0.736989 1.081746 0.975753 0.701506 0.341439 1.399104 1.898008 0.632583 2.244479 2.397739 3.028436 4.979081 7.951169 8.013060 13.841303 19.898636 19.235464 18.975153 21.390369 23.513795 26.530517 30.880389 23.218870 21.951930 20.387368 11.269287 7.258594 4.371315 2.353834 1.417456 1.242797 4.219858 3.245527 2.946533 1.885846 0.991376 0.857374 1.746687 1.474691 0.227313 1.418807 1.351554 0.801160 1.580844 1.614153 1.777820 1.994596 1.099453 2.010119 2.501219 2.255247 2.149712 2.573164 2.179072 1.267830 1.801343 2.598314 1.467154 1.663019 2.737142 1.141263 0.502530 1.929232 2.158029 1.456948 2.508500 2.529941 3.241377 3.002176 2.789286 3.162102 3.422756 3.118602 1.667940 1.438580 2.467182
2.151421 0.434340 229.3948 229.3948 0.000000 3.483819 2.600357 0.998023 1.652330 3.668546 4.554229 5.372715 4.605353 4.087925 3.204368 2.902888 1.447512 1.577662 1.253421 1.818687 2.887903 3.485506 4.590285 4.096735 4.125559 2.968045 2.262459 1.794413 1.964629 2.956308 3.761101 4.439600 4.454929 4.558822 4.495059 4.301393 4.210750 3.984538 5.130172 7.098266 7.017083 11.060743 9.687449 4.067678 9.776950 6.914664 16.751703 34.840259 48.592233 58.719713 59.012616 53.755206 46.368310 36.643191 27.239844 17.055258 8.450346 3.064541 2.739637 3.599532 3.921509 4.506745 4.010226 4.199760 4.185805 4.530326 5.063895 4.933898 4.801083 5.153386 5.460295 4.756408 3.432540 1.934452 0.954979 1.726901 2.617980 2.794719 3.000204 2.371538 1.687794 1.137571 1.144533 2.070918 2.972496 3.648477 4.568528 4.840055 4.418289 3.384373 2.600342 2.282317 3.274330 4.245997 4.785608 5.080380 4.770914 4.329049 3.758412 3.164630 3.132567 3.667385 4.676680 5.839709
2.204821 0.403738 226.9313 226.9313 0.000000 4.253838 4.408228 2.378407 2.754561 4.915784 6.769418 6.926391 5.300288 3.917979 3.982513 3.425023 1.433917 1.161218 1.511923 0.861940 3.407535 5.707145 6.729214 6.901636 6.152237 4.423218 2.903185 3.037187 3.955314 5.056144 6.185550 6.851846 6.669433 6.715671 6.733805 5.155078 4.124634 3.681615 3.621402 6.027245 6.548290 10.333740 12.899856 5.912077 7.442683 10.534703 21.320231 43.675575 66.117855 78.554889 78.635829 70.595211 59.535837 49.140795 39.156895 27.854219 16.141443 6.460947 2.814693 2.733675 3.182098 3.301937 3.459122 3.679600 3.005865 3.366806 4.824166 4.863229 3.984913 4.489432 5.935220 6.643212 6.096988 4.396231 2.173920 1.602193 2.518410 3.374071 3.738495 3.523294 2.872821 1.945123 1.139568 1.553526 2.392044 2.997686 4.371472 5.922657 6.331991 5.357292 3.678989 1.659162 1.492523 3.644469 5.128779 5.821630 6.232539 6.354795 5.959821 5.131139 4.127044 3.461803 4.164702 6.179443
2.251401 0.403022 223.6028 223.6028 0.000000 2.996390 2.541379 2.196957 1.798906 2.137903 2.840789 2.688763 1.615804 0.433277 1.065380 1.588366 1.266390 1.052449 1.035494 1.225150 2.261722 2.799037 2.754777 2.829928 2.702141 2.002500 0.657198 1.087002 2.081431 2.467273 2.710817 3.049604 2.481561 2.217194 2.869029 2.377761 1.339193 1.325394 1.754462 2.468843 2.139827 3.555999 7.869565 9.879663 10.255905 13.025071 17.773260 23.090239 28.746126 30.902601 27.396205 22.266594 17.235426 13.314407 11.747932 10.649522 8.029763 5.561546 3.163844 1.166807 0.242401 0.523519 0.282227 0.571026 0.904868 0.892319 1.489616 1.685236 0.974182 0.429221 1.271510 2.109146 2.146500 2.332995 2.173596 1.579149 1.004747 1.042759 1.217056 1.185023 1.039603 0.802438 0.987823 1.269569 1.178419 0.427050 0.824282 1.760274 2.323569 2.184702 1.498033 1.095603 1.194296 1.464438 1.627204 1.534039 1.574999 1.848401 2.072249 1.920179 1.614941 1.122733 0.667100 1.467632
2.299452 0.834431 243.4255 243.4255 0.000000 3.305144 0.988098 0.526519 0.733501 0.303853 0.713400 0.691593 0.685342 1.091209 1.469067 0.979618 1.040129 1.522179 0.861831 0.448432 1.047145 0.361353 0.298973 0.306557 0.634244 0.772564 0.703976 1.106062 1.020416 0.850366 0.491067 0.493827 0.609292 0.876996 0.994759 1.962208 1.830552 2.511748 2.153355 2.401560 1.877656 3.522149 4.843479 6.495147 10.156491 9.109719 9.575172 13.080318 13.911719 15.930442 19.450780 22.119971 23.390784 23.000054 21.874624 19.789560 15.949394 11.821978 7.878660 5.027059 3.439249 3.922686 4.604693 5.168557 5.316862 4.856781 4.519276 3.625516 2.836653 2.677177 2.540617 2.653150 3.119730 3.131237 3.329542 2.986942 2.954372 2.413414 1.884819 1.457169 1.265024 1.425231 1.576465 1.795253 2.156612 1.801835 1.814991 1.516811 1.096192 1.231466 1.664867 2.230155 3.207301 3.521431 4.068805 4.207639 4.022389 3.670170 3.320572 3.071286 3.347777 3.717136 4.335916 4.328383
2.347671 0.929791 231.9404 231.9404 0.000000 8.522712 7.667725 5.187459 2.840105 1.863239 2.932332 5.592716 8.037681 9.438088 9.241603 7.854278 6.900684 6.647661 6.242295 5.377544 4.290125 3.638963 3.950968 4.991456 5.359756 4.468824 3.753548 3.896385 3.932811 3.823583 3.607948 4.354541 5.511936 5.807915 6.033865 6.941802 9.110942 10.543855 8.258215 6.444066 13.965398 25.227277 33.884448 39.080459 40.124900 35.918407 32.072904 39.136552 70.396923 119.551833 155.115120 152.891095 116.383722 70.852354 43.087229 31.278282 19.225535 6.630258 9.196414 17.762224 23.265375 24.639002 21.570703 14.972161 7.685786 4.578387 6.218687 5.917881 6.049644 9.570946 13.096542 14.089153 12.671408 10.155722 7.590718 5.287590 2.869649 2.578042 6.439728 10.392250 11.913338 10.791734 7.794301 4.579613 2.429298 0.333895 3.721368 8.837842 14.168982 18.918824 22.730115 25.309286 24.985547 19.574641 11.536966 11.673694 20.422492 24.744105 24.025062 21.994534 20.005647 16.286037 10.629739 5.165077
2.401478 0.932432 236.7521 236.7521 0.000000 9.295927 11.143392 8.524128 3.668922 1.568437 5.675539 9.080487 10.854304 12.549336 13.181549 9.299466 5.077828 7.097371 8.738726 7.264899 5.018192 5.613885 7.525610 8.913465 8.610239 5.874388 2.898451 2.896131 3.861000 3.654420 5.182352 7.226392 8.287702 6.885094 4.566477 4.641207 5.343328 9.800971 14.400807 14.089486 15.909819 22.637852 32.614319 35.510266 32.488295 42.650652 24.845746 24.251102 15.259974 66.105120 160.425323 217.468805 203.564147 136.417081 57.866088 29.380882 31.493096 24.115862 15.433227 13.947187 18.122648 22.759236 24.931981 23.094383 16.390369 8.199609 2.123515 6.335364 6.424865 1.137113 6.945792 11.806601 15.019303 13.221022 9.042831 7.315658 5.586954 3.155554 4.824153 8.404058 12.964238 14.429920 13.159829 11.074437 6.501158 2.344245 2.278371 2.759803 6.082711 11.388110 15.836249 19.794957 23.910897 27.666033 30.952594 31.210831 28.881084 30.148542 33.178260 30.177332 22.522888 19.223377 20.889892 19.425750
2.457796 0.942696 234.8956 234.8956 0.000000 5.798562 3.874768 5.095269 3.904007 3.315571 4.721366 4.862507 3.552327 4.234694 5.970068 4.115910 2.101466 2.715653 3.518423 2.778733 1.522087 2.635798 4.242730 4.918962 4.144263 2.480234 1.484926 1.749006 1.548029 1.697424 2.966144 3.507647 4.200779 3.978762 3.381901 3.309521 4.443374 6.409884 7.041230 6.274476 8.094559 8.352633 11.907643 20.290646 21.379083 34.239111 31.725429 25.529658 33.061663 63.036577 87.757855 90.532437 72.600191 46.443533 22.191051 10.276388 9.420034 6.898117 5.314928 4.234939 4.852301 5.137513 5.635495 5.347607 3.994750 3.317347 3.236444 3.567886 3.809356 3.044257 2.644045 3.894180 4.020272 2.119235 0.900126 1.659889 1.597829 2.568844 5.090863 6.585901 5.707504 3.234481 3.577750 4.209209 2.357271 1.524254 1.016609 2.046338 3.971794 3.434038 3.388637 4.682977 5.576964 8.161742 13.631533 17.279147 17.525491 15.794647 12.027990 5.966467 1.980503 4.361163 7.070835 6.564033
2.501652 0.544430 229.3855 229.3855 0.000000 4.850590 2.669117 0.607584 1.334685 1.103040 1.646528 0.547093 1.654518 0.338468 1.553967 1.143946 0.606919 1.628286 1.878621 1.572094 2.592421 1.454146 1.692231 2.296348 1.836258 2.853428 2.753808 3.264217 3.596282 2.827334 2.592958 1.945211 1.513344 1.346871 1.021662 3.188697 0.713403 3.061775 1.313576 2.680109 3.293445 6.840480 6.714806 6.866707 15.704156 17.592734 8.953109 26.175568 19.189560 26.271010 26.664828 16.669412 19.692901 13.633304 7.341272 5.822235 4.254836 3.057899 2.915304 3.555607 3.353156 2.831343 2.003708 1.218894 0.886312 0.309199 0.513066 0.438866 0.844804 1.222639 1.136683 1.805522 1.452928 1.748734 1.132971 1.201482 0.773691 0.669214 0.966374 1.017823 0.881557 0.839581 0.850491 0.536122 0.985767 1.387079 1.483167 1.958951 1.715007 1.734779 1.351739 1.647218 1.662885 1.719499 2.106243 2.409189 2.140704 2.480980 1.950021 1.227045 1.452350 1.059035 0.372322 0.407006
2.551469 0.329215 231.8075 231.8075 0.000000 5.086776 4.854313 2.182252 0.728053 1.397015 2.425182 3.110958 3.059975 2.589900 1.868486 1.435648 1.772211 2.435698 3.396929 4.281837 4.218795 3.203052 2.480224 2.786473 3.721900 4.728333 5.693507 6.733863 7.387893 7.278905 6.956909 6.349705 4.788770 2.638707 2.202304 3.854029 4.710902 3.996448 2.276122 1.820892 2.929616 6.918410 10.171990 7.150765 8.507656 10.044326 13.259385 31.184127 48.580880 59.362951 61.730055 58.080165 51.916285 44.827744 36.389197 26.514064 16.288028 7.672905 3.809068 4.957145 7.537527 8.746849 8.229210 6.613868 4.444247 2.047778 0.613048 0.822014 1.004521 1.129850 1.546040 2.309163 3.128765 3.966958 4.334624 4.002169 3.043202 1.924605 1.330301 1.062621 0.510525 0.938571 1.600112 1.749032 1.516765 1.321139 1.529415 2.420990 3.591293 4.661112 5.055147 4.419893 2.838323 1.782645 2.374460 3.336250 3.709673 3.973284 4.459301 4.875126 4.857628 4.522281 4.027019 3.350841
2.601476 0.320933 224.2873 224.2873 0.000000 4.895776 4.449728 2.278974 0.925853 1.164241 2.146718 2.620288 2.384708 2.044701 1.805370 1.557096 1.217366 1.112913 2.198151 3.269474 2.696727 1.084932 0.675715 1.138538 2.149329 2.567296 3.260208 4.309903 4.297884 3.991280 4.393182 4.636637 4.029301 3.296228 3.080308 3.145633 3.217034 2.598137 1.567779 1.008321 2.912155 7.354742 6.544306 4.965292 12.284784 19.193344 26.958527 37.103968 44.629817 44.503817 38.736253 32.857789 28.293428 25.434415 20.835891 14.878053 9.420345 5.205560 3.656652 4.669344 6.006275 6.047560 4.824082 4.031313 2.744947 1.168004 0.756478 0.671596 0.445348 0.812024 1.319543 1.833560 2.627295 3.044474 2.808906 2.214177 1.157680 0.540078 0.786166 1.067047 1.348325 1.440331 1.268250 1.250518 1.343405 1.547082 1.920901 2.502896 3.323038 3.861417 3.457248 2.181840 1.183389 1.443970 2.007295 1.913155 1.832210 2.367308 2.922821 2.897429 2.779068 2.675144 2.327895 1.920477
2.651402 0.703983 199.4678 199.4678 0.000000 7.053726 0.559279 1.196480 1.070580 0.786613 1.069488 0.447627 0.388498 0.475154 0.639310 0.420847 0.248600 0.463678 0.704552 0.905059 0.818452 0.388583 0.297520 0.491996 0.529421 0.436938 0.616827 0.469388 0.669711 0.343014 0.921378 0.844329 0.361332 1.079491 0.940590 0.671125 0.687274 1.595484 1.595046 2.789477 3.659521 5.152294 5.906991 7.917084 10.273161 6.166772 7.823472 10.163312 6.173674 2.192806 3.920185 4.937516 5.158905 5.866662 4.904412 3.681266 3.192092 3.569275 3.055838 3.188993 2.380172 1.573590 1.490232 2.071113 1.580239 1.198554 1.265477 1.113528 1.002537 1.025525 0.937829 0.667915 0.735552 0.845566 0.637105 0.427848 0.675925 0.403046 0.525304 0.620626 0.167523 0.297017 0.341126 0.364014 0.270705 0.246590 0.608805 0.931488 0.674529 0.886632 1.523035 1.351448 1.238409 1.633104 1.620985 1.651447 1.894986 1.811837 1.691489 1.498552 1.358822 1.283716 1.219618 1.270618
2.697303 0.950167 232.1294 232.1294 0.000000 6.181356 8.364289 11.568388 14.598170 15.854705 15.407070 13.943239 11.765556 9.082565 6.634279 5.094021 4.788672 4.960661 4.871313 4.205648 2.551984 0.989111 0.915329 1.304382 1.206383 1.368843 1.854560 2.220287 1.721107 0.918018 2.739379 5.734717 7.598243 7.170394 4.472830 1.918638 4.574188 6.445753 5.222370 3.804690 6.331128 12.304526 18.550936 22.434475 23.916319 25.286636 28.456853 37.374158 56.530770 81.843784 100.787417 101.757995 84.271713 56.995699 31.493763 17.856126 14.193630 13.006083 11.870116 11.480100 12.468591 13.361421 12.314356 9.389753 6.040559 5.763705 7.540005 6.942777 3.548703 2.409313 5.948437 7.022139 5.479445 2.420708 1.759981 3.270815 3.774996 2.631956 0.991480 0.452722 0.836488 2.858253 5.444063 6.738785 6.167066 5.164615 7.172872 12.335530 18.363971 23.929805 27.558391 28.950857 28.174002 25.874063 23.054812 20.389265 17.245429 13.256740 10.046520 9.200221 9.337173 8.760790 7.557650 5.957001
2.751465 0.964060 232.6348 232.6348 0.000000 5.703772 5.793899 18.314934 26.983409 27.670165 25.804076 23.863388 21.044061 18.282617 14.385190 10.014996 9.299364 11.547563 12.151940 10.095043 6.513253 3.621131 3.373313 3.548234 1.977554 2.619923 3.066709 2.633352 3.446358 2.902597 5.480961 10.777981 15.536010 16.640306 13.212791 8.965006 12.024911 13.320348 10.089793 6.330955 9.284146 17.628477 27.815200 32.817423 30.822941 24.125155 29.952291 39.304933 57.759213 140.921823 214.879776 217.522035 162.469789 92.272660 36.880278 14.515723 13.142391 12.467993 12.621398 8.930405 13.147682 20.089249 16.877226 11.483485 8.626786 4.060971 15.049973 19.300900 15.461575 12.733771 15.224016 14.620446 11.127238 7.360936 6.031878 8.523450 9.954193 7.859711 4.833049 3.373170 3.511716 6.983595 13.594151 18.649311 18.687920 16.033360 15.222527 19.582538 31.042501 41.917723 43.896938 42.489636 43.420251 38.944987 28.113460 25.697695 28.532029 20.313362 8.124802 9.756707 13.248177 12.238799 10.460054 9.493481
2.807703 0.964868 234.4556 234.4556 0.000000 5.151672 5.982673 12.704889 15.783260 12.264506 10.369585 10.920329 9.132582 9.651975 9.916669 5.444616 3.409593 7.843222 8.398259 7.205747 5.447983 4.010130 3.449764 3.951040 4.225836 3.790208 2.689052 1.611446 2.975892 4.573192 4.515548 6.282123 9.149638 10.086583 11.345858 12.454418 12.114388 8.548760 6.321669 6.704866 7.045123 8.924092 11.547867 25.699621 5.120573 27.076763 31.649595 46.803055 47.823056 92.013987 142.447821 148.370675 112.728126 65.053515 30.611099 12.964323 5.460387 3.377533 3.024371 3.407520 5.009718 9.321445 9.470178 4.071967 4.784708 8.982003 11.579078 14.613417 15.955235 15.041696 13.850173 10.518518 6.459695 6.173391 5.375426 6.411310 8.419557 7.864439 5.224030 3.036128 3.720555 5.470487 8.667244 13.819525 16.309361 13.089447 9.228281 7.423220 9.752562 19.595160 22.181552 16.436514 14.541920 17.238835 14.164637 7.674955 9.677646 14.872872 11.271556 7.039284 6.051034 4.745156 3.930552 2.835727
2.857181 0.768034 217.9169 217.9169 0.000000 3.736053 2.386680 3.513154 2.136225 2.084810 1.051208 1.054718 1.634383 1.527555 2.745582 2.412627 2.681761 1.328050 1.129816 0.684809 0.633224 0.795373 0.826474 1.435362 2.111547 1.656945 0.818380 1.532054 2.071444 2.388304 0.563375 2.627135 1.514780 1.399171 3.051275 2.507116 4.090535 1.947609 1.951956 4.937521 6.356293 8.876323 14.430165 22.101614 20.161429 21.571672 26.838586 31.448266 29.776611 26.920108 28.085586 15.849352 12.722571 6.965190 2.532835 4.381903 3.849738 2.473884 2.106277 3.487573 2.002060 3.922799 2.304019 3.172912 3.741675 2.944901 2.512662 3.230035 2.856063 2.454987 2.876178 2.277211 1.170503 1.567319 0.807355 1.682537 2.136468 1.464307 1.237943 1.844262 1.038711 1.692299 3.426325 3.119411 3.427192 0.874681 1.221029 2.806302 3.159917 3.826060 2.215833 2.975150 0.300168 2.419767 3.317461 2.891592 4.043564 2.331974 2.248960 2.553567 1.099329 1.536366 1.268139 1.310532
2.901484 0.307901 229.7144 229.7144 0.000000 2.932549 2.937312 2.216199 1.700467 1.161164 1.234021 2.700710 4.461671 5.673223 5.764672 4.807597 3.285977 1.438864 0.626718 0.619919 1.363292 2.112840 2.422196 2.328299 1.785301 1.578501 1.304273 1.420460 1.638455 1.865878 2.770472 3.545093 4.127153 4.277014 3.506463 2.898810 2.566578 2.236386 2.087392 2.447509 4.764878 8.311572 8.966642 7.379581 8.789079 11.555849 20.024182 32.308966 42.928210 43.571675 42.953797 38.828288 34.499288 28.481008 20.347474 11.815124 6.411669 4.200488 4.867291 5.384995 4.639261 5.520242 4.678960 3.887229 4.285059 4.494289 3.600140 3.111186 2.504018 2.371110 2.536261 2.046642 1.820150 1.175053 1.566502 2.047947 2.966720 4.163557 4.573636 4.676228 4.128557 3.007819 2.139393 2.440102 3.287338 3.775031 4.298758 4.373813 3.797062 2.880830 1.589034 0.970496 1.372063 2.285738 3.561398 4.596398 4.995609 4.920151 4.486413 4.347789 4.152434 4.340019 4.254336 4.252220
2.957412 0.253626 220.6231 220.6231 0.000000 2.389592 2.112883 1.304674 1.435906 1.572337 2.048701 3.132461 4.440254 5.234673 5.361649 4.720606 3.230784 1.368743 0.432513 0.456062 1.157782 2.094437 2.788338 2.748913 2.067711 1.587588 1.571068 1.522046 1.496451 1.587925 1.817133 2.720877 3.536881 3.075986 2.136164 1.655928 1.217624 1.220373 0.610735 0.843339 2.864473 6.084024 5.435403 4.318645 12.338157 16.578311 23.911105 34.348836 39.669018 38.598643 33.342751 29.975526 27.976435 25.679657 20.383651 13.352077 8.104672 5.765599 4.709514 3.907249 3.400387 3.316272 3.288832 2.337291 2.347831 3.337628 3.467501 2.757471 2.286548 2.524109 3.077060 3.256657 2.848637 2.054488 1.226091 1.225911 2.482642 3.682862 4.156175 4.038573 3.630329 2.765148 1.397730 0.579484 1.942680 2.576232 2.780109 3.209342 3.456739 2.798866 1.393501 0.227991 0.227340 0.920402 2.400898 3.639239 4.388831 4.373964 3.865486 3.486816 3.321989 3.485623 3.595556 3.415779
3.003073 0.664356 199.4226 199.4226 0.000000 1.890286 0.708972 0.404993 0.565264 0.077903 1.020248 1.421993 1.092030 0.715569 1.450736 1.477215 0.477934 1.201293 0.166893 0.883476 0.524260 0.686799 1.625479 0.474999 0.635031 0.586361 1.156261 0.553578 0.410613 0.902535 0.690536 1.282794 0.313495 1.000057 0.674383 1.058117 1.265504 0.684244 1.156502 1.740942 3.142519 2.549875 5.433031 8.179321 12.749177 9.899765 11.060132 9.833525 4.700258 2.414654 3.927875 6.048478 7.616063 4.333506 2.160024 4.024383 4.246230 3.336253 2.383644 2.056162 1.992470 2.002802 1.575224 1.629681 1.523150 0.809589 1.077383 1.222790 1.653728 1.257283 1.340490 1.331226 0.597254 0.841848 0.705396 1.073639 0.989899 0.456344 0.418905 0.715065 0.639904 0.489895 0.443978 0.275277 0.230134 0.441628 0.570979 0.687858 0.700880 0.625178 0.754357 0.708937 1.057444 1.676898 1.343285 0.940243 1.201934 1.351107 1.554706 1.553296 1.147192 0.921341 0.911435 1.089957
3.051561 0.897259 239.6923 239.6923 0.000000 1.943936 1.642153 3.910410 6.803344 10.013535 12.636380 14.041965 13.853909 11.267738 7.207527 3.465405 1.074529 2.877090 4.001356 4.692100 4.929074 4.989169 5.446862 5.437437 5.429076 5.040304 5.030127 4.565616 4.270865 4.152918 3.040305 2.078253 2.809420 4.721170 5.551311 5.979508 6.077458 5.980494 7.062218 7.945554 8.954622 7.569545 9.781357 13.603354 20.147517 22.914388 25.048970 26.608957 31.388914 46.098761 68.823851 90.263174 100.017025 92.023084 70.455103 44.926163 25.065784 16.144338 13.117462 10.987009 10.110787 10.350732 10.908512 10.665233 9.548768 8.105646 7.110401 6.960795 7.324048 7.512736 6.974704 6.059189 5.172712 4.503675 3.963378 3.906444 3.876747 3.246528 2.137664 1.080026 0.605963 0.574721 0.721493 1.027245 1.378228 1.875130 2.405649 3.050825 4.971694 8.643675 13.771927 19.442505 24.417145 27.486904 28.021175 25.715780 21.828331 18.497132 16.923560 15.324374 12.111328 8.818922 8.146081 9.171661
3.101525 0.905662 232.2699 232.2699 0.000000 2.521857 4.836643 7.695184 12.207423 18.718905 24.109471 26.559526 25.724302 20.992924 12.901904 5.814057 3.734371 5.495406 7.294044 6.857988 5.026357 5.358890 7.034837 7.078742 5.459683 5.776818 5.476166 3.787971 5.197446 5.254570 2.599179 3.738241 6.998665 7.949104 6.811616 5.213417 6.282454 6.522409 9.922509 11.520570 7.291923 7.081658 21.370628 29.019629 32.989009 26.008355 28.390939 35.340175 64.256024 143.803686 207.178139 207.650148 155.014142 85.331443 30.722760 16.197336 15.051095 10.071056 9.167724 9.182303 11.995974 15.838736 11.814933 6.716737 8.504403 6.094528 7.992974 11.581294 8.515527 5.489232 7.071207 4.913101 3.248340 5.698516 6.217051 4.739541 2.515738 0.776876 0.893828 1.250862 0.966730 3.054700 5.932363 7.714847 8.055118 9.454936 15.100813 24.755058 36.396407 45.870979 49.410372 49.415429 45.964411 33.175452 18.345246 21.937532 27.820234 19.917753 8.470375 9.724427 16.498045 15.455963 9.534767 3.559653
3.157132 0.908187 232.9300 232.9300 0.000000 2.756718 4.719679 3.545535 5.809203 9.824312 12.282963 13.385056 13.465574 13.659276 10.355142 4.330899 1.376744 2.953657 3.630728 3.419376 1.674100 1.373183 2.419631 2.893364 1.494441 2.141657 2.698595 1.778993 2.704445 2.578685 3.329383 4.263534 3.411694 2.799439 3.225776 1.607825 3.349815 2.116915 3.702202 5.568988 6.391673 6.743437 16.309788 15.429579 18.138998 27.531770 27.926189 31.164570 45.673250 96.147373 134.739441 132.974373 98.639514 55.655035 23.045528 8.825727 5.847323 1.924017 1.143083 1.133548 3.115608 7.646710 7.237357 3.110864 4.685348 3.644427 4.663964 7.229766 5.560952 2.797810 4.516892 4.653147 3.215935 3.312278 2.933772 2.747048 1.788868 0.726628 1.199912 1.710943 2.228544 3.611818 5.862864 7.239669 6.140525 4.838924 8.373278 13.540214 19.363793 24.408522 23.703994 21.209362 23.563153 20.691881 9.770907 10.304322 17.803508 16.273680 10.627263 8.530561 9.896538 9.509611 6.992292 3.474512
3.209175 0.698380 217.6556 217.6556 0.000000 1.542888 3.391809 1.670676 2.320132 1.380240 1.193910 0.739112 1.016875 1.664222 2.121090 2.317888 1.412789 1.251682 0.671652 0.679784 0.881171 0.618650 0.629098 0.599628 1.133338 1.173256 0.737534 1.387629 1.025571 0.469763 1.391039 1.587812 0.390113 1.359178 1.564082 1.502687 3.754735 2.484174 1.795571 5.336458 6.939171 6.657834 10.474413 19.601439 16.166329 18.020062 20.584463 24.206914 22.686247 21.361744 20.504209 15.196929 10.999625 6.457816 6.160363 3.958102 3.401269 0.816425 0.211491 0.521783 2.163511 1.853635 2.630543 2.212432 1.822516 1.722793 1.960920 1.713183 1.575821 1.573516 1.880560 1.626296 1.357842 0.846536 0.561302 0.738042 0.794626 0.688782 0.753414 0.929033 1.549306 1.360949 2.142978 1.412034 2.210353 1.723696 1.776480 0.936604 1.530170 2.663936 1.272010 2.213657 2.421218 3.354806 3.673999 4.052778 3.521106 2.641302 2.017351 1.707537 1.199944 0.745211 1.126570 1.522432
3.257079 0.235678 220.6355 220.6355 0.000000 2.568066 4.838636 4.329074 3.996644 3.953242 3.050173 2.345977 1.545664 1.349759 1.744675 2.340331 2.482403 2.577562 2.243728 1.795335 1.521140 1.734555 2.097022 2.260081 2.125665 1.768275 1.246756 1.084322 1.205734 0.752306 0.292607 0.565333 0.760348 0.518290 0.928950 1.805594 2.181794 1.869644 2.152196 4.002004 3.998863 4.839129 7.182387 6.137492 1.857103 11.160191 30.361613 35.568943 40.514255 35.839292 32.128688 24.395227 16.950111 10.037105 4.632359 4.031704 6.243433 7.254616 6.933906 5.469927 3.153804 2.081007 2.162457 2.316304 2.132430 1.591589 1.010900 0.703762 0.534759 0.664251 0.907404 0.753970 0.530058 0.467065 0.386685 0.391931 0.557637 0.785300 0.975815 1.214830 1.073224 1.143439 1.326602 1.371139 1.345743 1.233346 1.079149 0.817091 0.681926 1.430510 2.229976 2.645802 3.233865 3.106917 2.902129 2.333178 1.915301 1.307108 0.954511 0.746297 0.381461 0.323699 0.409153 0.573537
3.307719 0.194090 223.0334 223.0334 0.000000 3.076426 2.821130 2.572246 2.300457 2.468111 2.522939 2.259974 1.693914 1.472618 1.663508 1.866138 2.053779 1.887603 1.546098 1.666643 2.048294 2.148123 2.073908 2.071396 1.990006 1.723425 1.525824 1.449481 1.426999 1.005287 0.426386 0.577696 0.469491 0.166184 0.408441 1.080873 1.748759 1.772864 1.768220 3.468752 4.540969 2.909973 3.871359 6.715769 7.102474 11.629338 20.954539 27.791640 30.125398 29.484583 25.532483 19.709414 14.875389 11.029384 7.734363 5.812161 5.388259 5.709283 5.882100 5.504187 4.592965 3.302034 2.426478 2.062167 1.828894 1.575411 1.013055 0.638401 0.418529 0.529149 0.768049 0.769914 0.490000 0.261291 0.320303 0.405771 0.408737 0.483365 0.669424 0.939750 1.099055 0.973913 0.850065 0.961423 1.035135 0.900108 0.776882 0.592270 0.341108 0.181661 0.877150 1.535772 1.973182 2.232081 2.155992 1.945909 1.650074 1.303767 0.951046 0.804467 0.681634 0.460019 0.207895 0.247802
3.351501 0.792144 241.1411 241.1411 0.000000 4.510752 1.788096 1.609068 1.838905 1.765798 1.968130 1.644510 1.692438 1.570572 1.636895 1.164556 0.532374 0.803181 0.679636 0.816750 0.808275 0.933305 0.906557 0.462320 0.426043 0.650963 0.425261 0.429521 0.623721 0.491162 0.545533 0.493073 0.278449 0.202649 0.304703 0.581752 0.779359 1.057844 1.807364 1.083045 2.832800 2.404115 4.213630 4.710922 7.169276 9.820758 2.574505 9.613950 11.047117 7.315198 10.472316 12.808001 14.611455 14.107942 12.595686 13.121032 12.747747 10.766377 8.183705 7.066173 6.012314 4.492225 4.413243 4.722685 4.607416 4.582202 4.427956 3.973126 3.651280 3.269267 3.101364 3.140326 3.013489 3.050180 3.038985 2.964838 2.778520 2.617197 2.379079 2.203060 2.206913 2.033328 2.095680 2.231889 2.211709 2.215639 2.148233 2.143211 2.215090 1.980623 2.348503 2.675609 2.659511 2.736242 2.917941 2.914438 2.779366 2.559637 2.378014 2.264238 2.287177 2.119575 2.263215 2.197922
3.401454 0.962280 234.8151 234.8151 0.000000 9.570752 7.575870 7.072437 8.745651 9.394384 9.806286 11.185304 12.587823 12.377571 10.810238 8.837924 7.312748 5.865111 5.654568 7.250520 8.609799 8.684332 7.582887 5.685417 3.859216 3.145272 3.262787 2.647537 1.310439 1.325693 2.570792 3.224377 3.345029 3.561120 4.517042 5.815175 6.883562 7.685807 8.469479 8.124933 4.508516 9.608161 21.795538 31.785585 36.667641 34.680400 27.519900 22.834270 47.454356 90.764503 127.362831 136.328335 115.399575 83.168288 60.918091 48.644863 33.511435 14.607003 5.653305 16.868725 23.698889 23.847021 21.309786 19.764775 17.659131 12.824890 8.197404 8.461272 11.635650 13.714772 13.729205 11.576148 9.740201 11.781824 14.566687 13.110195 6.879696 3.978257 9.257427 13.780663 14.968459 13.343741 9.376817 5.486747 6.634880 7.985239 5.664669 8.430956 17.632810 25.316805 28.839100 28.358148 24.892222 19.033453 12.198885 6.902811 5.692831 8.655013 14.116611 19.550409 22.307711 21.136662 16.815018 11.225453
3.451463 0.970089 232.8098 232.8098 0.000000 9.820650 3.407493 7.759601 9.445359 8.641925 9.549680 11.080885 15.711516 17.059809 12.282397 10.175116 11.964443 11.379194 12.046941 13.769773 13.415390 12.617452 11.901397 9.468846 7.462205 7.471952 8.096076 7.594363 6.098851 5.319199 4.998443 5.217554 5.169414 4.843389 6.244283 7.800745 7.688090 8.221333 8.723960 14.892753 21.541660 31.695125 41.570282 41.813523 44.748080 39.518537 17.911537 20.113830 73.548319 173.265079 225.269920 197.440746 117.598977 60.612741 59.293595 54.295864 32.588384 17.595148 20.856854 30.067729 30.348190 19.223202 14.733431 22.724926 17.840030 7.507504 2.205665 9.879146 12.715609 14.057890 13.268195 7.767970 5.574457 17.269944 22.520866 19.322003 13.846488 13.643008 16.869561 18.852005 17.202345 12.173636 5.340362 5.490460 11.239540 10.502665 11.050767 23.659262 35.247959 39.096659 38.011211 35.422909 28.614329 16.732820 4.226814 3.207214 4.593701 14.017581 27.286530 34.335955 30.800815 22.270471 14.067051 5.734548
3.511588 0.977807 227.2984 227.2984 0.000000 9.336885 7.228782 5.092733 3.048762 1.180281 1.737961 1.752844 6.115465 8.363496 5.455995 4.479465 6.508837 4.971042 6.074621 7.569606 4.970857 4.455813 5.990025 4.151473 3.496432 4.368338 5.227308 6.541775 6.709204 3.939546 1.631989 2.453257 1.845753 1.224037 2.456771 2.889444 0.831321 3.273607 2.938130 10.879955 20.563305 21.366309 21.911048 21.011888 27.104168 39.191097 30.456301 35.174366 74.190025 112.795757 118.608039 91.889267 50.653471 21.874510 25.537499 21.829513 11.464412 10.327883 13.453118 13.376726 10.529695 7.992626 7.522544 9.805054 6.477475 3.528038 4.092239 3.445666 2.473748 3.334914 4.020088 4.726214 6.975680 9.583618 11.499336 12.135084 9.797890 6.499375 6.034416 6.405653 5.545160 3.752452 3.947116 5.710885 8.436574 10.869945 13.461204 15.312492 15.256658 13.377101 11.011803 12.387049 10.996217 7.540315 3.706700 1.676289 3.389385 8.703451 14.346598 15.153492 10.425718 6.647993 5.405747 2.557762
3.557126 0.610319 204.4131 204.4131 0.000000 5.259505 2.566359 1.000567 2.198387 2.245088 1.372844 2.456876 1.756547 3.236093 1.563673 4.005191 1.953060 1.460376 1.607552 0.829641 1.746787 1.171039 1.525779 1.210553 1.395095 0.448377 0.727086 1.324120 1.113654 3.145706 0.841781 1.751485 1.498528 0.960661 0.659233 1.473000 1.148509 3.135404 4.361484 2.970199 4.326920 8.296096 6.568383 5.915849 22.551039 32.430306 14.828560 32.604415 25.242097 20.829428 19.144545 12.696824 9.904130 5.882811 8.427183 7.342922 6.448133 2.947151 2.190393 2.098247 2.467329 2.345045 1.992205 2.906810 3.156044 2.448360 1.555199 1.480969 1.011919 0.547517 0.681969 1.575383 0.856908 1.113088 1.554835 0.606345 1.167854 1.518041 1.633609 1.445405 1.216525 0.909414 0.968288 1.142702 1.212480 1.253457 1.519973 1.829347 2.214532 1.465702 1.063617 0.827079 1.351444 1.190257 0.923949 1.404115 1.215267 1.266102 0.917368 0.735331 1.305001 1.747217 1.530465 1.684077
3.607677 0.205811 215.3592 215.3592 0.000000 1.109173 1.226015 0.701507 1.131868 2.334829 2.899825 2.942634 3.003168 2.899572 2.702879 2.381319 1.505551 0.586038 0.607400 1.146834 1.304248 1.120584 0.941616 0.855646 0.716615 0.800816 0.744629 1.268007 1.944607 2.497038 2.747514 2.255414 1.834024 1.958866 1.713352 0.972053 0.673759 1.612930 3.485960 4.578746 3.120349 1.663911 2.967465 2.522694 9.679020 15.986566 28.979970 36.225722 32.578017 31.156169 25.843577 17.566058 11.402860 5.652723 1.995515 2.683120 4.001940 4.329726 4.032754 2.871827 1.842721 2.194788 3.272105 3.985749 3.780847 3.363017 3.326387 2.978517 2.626664 2.626369 2.563015 2.481704 2.096375 2.134406 2.274222 1.988216 1.713111 1.851381 1.945956 1.726898 1.092927 0.663208 0.972967 1.569695 1.780314 1.378285 0.907776 0.968409 1.353617 1.305927 1.043570 1.074003 1.200112 0.966643 0.771491 0.735612 1.078791 1.309758 1.310011 1.511331 1.814061 1.786590 1.450466 0.964285
3.651500 0.369996 205.2627 205.2627 0.000000 3.460135 0.889943 0.627083 0.869074 1.293477 1.431118 0.900837 1.125545 1.014200 1.009529 1.008724 0.887084 0.883494 0.902946 1.011633 0.854506 0.690602 0.768143 0.694054 0.390068 0.251683 0.607443 1.252664 1.530706 1.339830 1.150705 0.836999 0.529806 0.940583 1.112042 0.720126 1.055039 2.311615 3.221003 2.904626 2.330273 2.787837 4.180646 8.299292 14.003099 17.307284 15.577276 13.859318 13.959012 11.099857 6.728418 4.944765 3.638753 2.308248 1.987774 1.942636 1.740164 1.680618 1.736281 1.669109 1.767819 2.122860 2.075116 1.580400 1.426919 1.624841 1.620544 1.495868 1.619347 1.754595 1.721782 1.679450 1.503490 1.045946 0.628523 0.673398 0.924936 1.090130 0.969172 0.680359 0.781369 1.097555 1.053612 0.759446 0.323931 0.325455 0.521093 0.504532 0.269557 0.398564 0.542948 0.505436 0.659875 0.638693 0.612290 0.542382 0.481601 0.595041 0.841603 0.857814 0.680986 0.402003 0.284945 0.367373
3.701457 0.881866 239.3776 239.3776 0.000000 13.044420 8.701830 7.342808 6.460113 5.678830 5.362874 4.097081 3.433264 2.591047 1.779547 2.049287 2.598505 3.692526 3.569723 3.732238 3.270790 3.066578 2.513162 2.222995 2.017648 1.650653 1.005347 1.108130 1.051301 1.176858 1.723875 2.851491 3.569256 5.054342 5.587506 7.213532 7.962579 10.285831 10.564426 12.007353 11.563997 11.418389 13.314293 12.495823 15.831777 13.266105 12.497001 12.783128 19.807855 32.940604 44.388017 53.367955 55.886771 52.376588 44.304212 34.116796 25.375916 19.127874 15.050580 11.524290 7.989596 5.469774 3.734167 3.006582 2.501126 2.653332 3.265356 4.033305 4.273079 4.243270 4.010125 3.642819 3.411349 2.699503 2.141437 1.823971 1.650179 2.137085 2.785779 3.491601 4.656870 5.598643 6.602710 7.448747 8.055912 8.446199 8.323874 7.599495 6.150599 4.376388 3.535276 4.292790 5.535467 5.938534 5.461528 5.246107 6.437514 8.680358 10.585978 11.585387 11.569315 10.914957 9.845939 8.614910
3.751475 0.900188 232.7634 232.7634 0.000000 18.304524 17.469867 11.021532 10.434103 10.054203 10.689568 10.728310 6.740723 2.378651 2.797627 3.472098 4.565739 7.568745 9.400969 8.962926 6.697812 4.763053 5.151106 5.422313 3.113311 1.705616 2.644133 1.782490 2.318269 3.963126 4.207695 4.922136 8.869166 11.513182 11.447094 14.143030 18.917890 22.915145 24.017152 22.119992 18.207737 17.040444 25.859851 33.329236 33.244057 17.993577 12.830719 39.454903 82.727943 145.391191 189.116712 185.356721 140.859232 86.106322 50.425632 39.703088 36.485973 29.531365 18.741878 8.954770 7.966516 7.895823 6.154087 7.636027 11.430288 13.796117 12.014333 7.123716 6.771009 10.068640 9.710314 6.567415 4.342853 5.090204 6.220185 5.730774 4.537652 6.176193 10.474789 13.880401 14.568158 14.019230 15.964946 19.514973 20.648698 17.364638 11.841863 5.801576 4.934765 12.891675 19.006972 17.671816 8.233300 6.417424 19.229661 28.566137 33.468230 32.337159 25.897007 20.724360 20.687587 19.715147 14.689819 9.892658
3.807659 0.900939 232.8673 232.8673 0.000000 16.405451 11.934639 1.836458 5.953627 4.245691 6.204228 9.898677 7.533874 3.893687 2.741579 1.823608 2.331675 5.507840 6.485546 6.548303 4.614960 2.117148 3.358683 5.161403 4.129105 3.085086 3.988428 4.581537 4.503320 3.219990 2.079824 1.051867 6.344807 8.094827 2.614871 7.161425 9.210850 13.495462 13.263353 10.967798 8.859643 8.325850 19.817296 19.764781 30.731106 38.326272 30.041479 24.369522 58.877923 131.917941 175.488664 165.195516 112.337658 54.383594 19.509087 17.402381 21.668612 18.518980 14.374968 5.264270 6.513426 6.363636 2.291446 5.474437 11.456607 12.861863 11.107234 5.807598 5.175472 8.898431 8.175156 5.002809 1.734344 4.140909 6.203532 5.228190 2.798542 3.686892 6.895964 9.481501 9.127239 6.040824 7.618819 11.865612 14.990564 12.118010 7.076108 6.540826 8.557457 13.215693 17.228492 17.440807 13.596277 12.748764 17.004753 21.017865 25.249199 25.082556 16.286868 7.860299 12.787049 14.839739 10.880866 4.599379
3.857165 0.850209 234.3783 234.3783 0.000000 8.262289 4.403622 3.611154 2.616503 2.427681 3.184973 3.570738 3.020607 2.658064 1.399973 0.627135 2.068609 1.644767 1.136985 0.708263 1.886082 1.768413 1.158581 1.526734 2.495722 1.331625 1.739908 2.487233 3.251775 2.090688 1.724478 1.090682 1.643612 2.980209 2.947711 2.758201 2.498130 1.852720 2.493593 3.092117 3.294884 5.348994 10.343736 16.968737 21.091299 19.967249 24.908771 23.406853 18.509996 29.200730 35.491788 41.908386 39.562932 31.014016 17.548469 9.349237 5.549984 4.433774 2.350611 2.346192 5.254493 4.930078 3.645160 1.640117 2.326902 3.256027 3.406610 2.547728 3.510918 4.439014 3.608679 2.258218 1.602766 2.072917 1.747887 1.726954 1.946305 2.071321 1.984288 1.418467 1.207173 1.500452 2.750999 2.977651 1.707998 1.147404 2.934031 3.424891 2.140681 1.875662 2.862314 3.581967 3.815246 4.333788 5.275753 5.164819 4.059140 2.645124 2.436658 3.809172 4.663864 4.131548 3.051309 2.329165
3.907030 0.247440 210.4856 210.4856 0.000000 1.642079 0.885580 0.809803 0.534283 0.831160 0.964029 1.495539 1.744260 1.843132 1.602513 1.459143 1.589470 1.279057 0.941209 0.904904 0.433100 0.723621 0.493551 0.290128 0.949625 1.256760 0.532021 0.526226 1.107164 2.063825 1.874988 2.333084 2.038858 1.510864 0.909123 1.007654 1.676452 3.087636 4.700404 5.344030 6.296993 5.908591 3.702168 6.628624 11.057978 16.342930 30.205924 20.156725 20.097857 18.451665 13.483009 10.708907 5.789207 2.587280 2.256541 2.772800 3.197115 2.774345 2.227753 1.606442 0.336944 0.775901 2.155397 2.500532 1.165289 1.831433 1.899399 1.307423 0.682164 1.023083 0.757962 0.520660 0.808868 0.487988 0.529134 0.821601 0.714697 0.504949 0.611421 0.931125 1.167673 1.271502 1.369324 1.358140 1.354598 0.877504 1.109078 1.199906 0.790063 1.697202 0.768406 1.591564 1.286596 0.985299 0.748590 0.571368 0.464604 0.733603 0.960090 1.160014 1.334676 1.240904 1.062292 0.849469
3.951468 0.122306 209.4166 209.4166 0.000000 0.846142 1.002502 0.942392 0.875550 0.831161 0.920528 0.945565 1.251071 1.291849 1.227966 1.169607 1.122385 1.136617 1.056505 0.913057 0.767351 0.415701 0.207951 0.604892 0.896993 0.906645 0.487978 0.693949 1.380994 1.786499 1.989841 1.709825 1.448012 1.456199 1.357183 1.576415 2.406563 3.100991 3.391578 4.230476 5.553156 5.991144 6.420795 9.594219 15.126928 19.374353 19.209765 16.189119 15.032939 14.294335 10.914342 7.327337 5.147498 3.619396 3.043340 2.740681 2.211311 1.809446 1.447593 0.862601 0.562308 0.910588 1.343345 1.371802 1.068511 0.780952 0.857875 1.043008 0.789756 0.422019 0.267829 0.274471 0.333678 0.271781 0.319432 0.397307 0.267181 0.304168 0.575503 0.711987 0.932193 1.201907 1.276463 1.120602 0.901120 0.893056 1.010918 1.023133 0.986359 1.024047 1.130557 1.214008 1.061859 0.779034 0.676260 0.647622 0.637359 0.739220 0.879430 1.089723 1.172597 0.999000 0.762226 0.674999
3.997186 0.838812 241.0279 241.0279 0.000000 4.864905 1.520970 1.953718 1.872800 2.384320 2.896026 2.792659 2.762289 2.795242 2.219650 1.699341 1.313790 0.499632 0.285664 0.550477 0.981571 0.968264 1.279355 1.487112 1.587552 1.566202 1.164006 1.283175 1.356372 0.924319 0.897314 0.937906 0.890885 1.154274 1.721658 1.637488 2.338369 2.284230 2.289142 2.283434 4.158788 2.254374 7.275697 6.878729 6.284678 10.502057 6.776487 7.834481 11.728013 12.508746 14.063393 17.131824 20.390671 20.349782 20.304777 19.413905 17.101689 13.831778 10.726540 7.867971 5.152338 4.104456 3.914502 4.091121 4.365033 4.363467 4.139290 3.747828 3.279740 2.796192 2.395443 2.254791 2.206447 2.172862 2.153762 1.994413 1.711368 1.321545 1.227748 1.189667 1.243696 1.636168 1.631432 1.977820 2.096365 1.999963 1.661975 1.417774 0.960269 0.457627 1.666092 2.495678 3.760991 5.269301 6.119939 6.634924 6.925355 6.986222 6.385464 5.674279 5.157050 4.738157 4.281189 4.159862
4.047660 0.977079 232.6644 232.6644 0.000000 9.017503 5.303123 3.827279 9.179526 14.353904 18.005633 19.369699 18.431219 15.264994 11.813968 9.821465 8.306867 7.060174 6.119405 5.421142 5.851127 7.231076 8.050211 7.361288 6.096764 5.244961 4.937062 4.805235 3.539380 1.368694 3.019532 4.623396 4.633409 5.046161 5.818560 5.815424 6.669009 8.713655 9.479330 7.428284 7.982654 17.386528 28.177041 37.143771 38.551604 28.112673 19.868244 29.652409 58.541101 105.066831 145.582265 152.776675 122.917340 76.268037 43.752250 35.647405 29.057147 14.560217 5.259509 11.476459 17.291500 19.651769 17.676171 13.659228 9.837744 6.229835 5.797120 6.257530 5.068586 5.315491 7.061034 8.255245 7.681365 4.849322 1.747456 1.466726 3.945754 6.278206 6.783531 6.048466 6.830569 8.239958 7.923270 6.120499 4.450941 5.377587 8.069837 12.493250 21.164502 32.630756 42.617676 46.702806 41.748251 28.231840 12.804975 8.475002 13.184767 17.641565 21.777685 21.244336 15.207767 7.557599 2.428284 2.311182
4.101506 0.982421 228.0339 228.0339 0.000000 9.992921 9.740029 9.693248 13.227876 17.020582 20.683643 22.935431 21.719597 14.934136 10.599685 12.584970 12.020060 9.184311 7.387729 4.179862 5.591311 11.191849 9.913434 4.258445 5.926815 4.295648 3.639273 6.368224 5.943571 5.891121 6.968303 5.337833 3.885883 5.530194 3.504143 3.951136 5.677502 9.437189 8.654346 5.274815 14.966338 24.129928 38.169714 43.714799 49.176330 34.193911 32.587677 40.540898 130.877019 211.770520 218.970319 163.010529 80.265376 24.836889 35.146500 40.617488 24.620736 12.855368 11.415623 17.958582 21.249836 15.256781 9.275293 7.749014 4.447666 5.723799 6.209048 3.844124 4.704334 5.862333 9.377963 9.635129 5.218086 1.662585 1.551169 5.488549 9.592436 6.957163 2.792555 9.325138 8.856188 7.776470 7.921833 8.554228 8.353266 8.060299 16.091691 31.010063 46.351382 55.856674 54.371025 40.834472 18.061406 9.667190 10.409676 10.920391 26.299149 30.498723 21.021064 8.034935 2.031875 4.788906 8.395039 9.817140
4.157221 0.986709 229.9543 229.9543 0.000000 7.338259 3.284827 5.302170 4.653029 4.485572 4.945000 6.270158 6.955631 7.481382 4.572605 5.343796 5.933482 3.651845 2.004795 2.744727 3.343211 5.329991 6.116887 4.122596 2.508544 3.007480 3.623894 3.481066 3.059384 3.697320 3.749961 4.028658 4.755277 4.582538 5.066603 4.404836 1.820654 1.218930 4.187774 4.247614 6.975118 8.313895 5.551976 22.438687 9.488918 39.618268 54.611621 50.673878 46.988060 77.261824 100.759748 96.572529 79.027224 53.920859 30.120015 19.270525 20.424125 19.266403 12.196958 3.982355 2.293106 6.556789 6.176178 3.224684 1.909957 3.311724 4.308389 5.216175 5.728487 4.755756 3.089046 3.130368 4.647471 4.953414 4.211488 2.099366 0.908137 2.562403 4.670935 5.506749 5.717648 5.404483 2.658779 1.699379 2.539115 3.099676 4.783443 3.524295 4.936088 7.095320 11.688331 16.302829 18.115168 17.812800 17.580324 13.386496 7.991533 5.287959 8.138177 12.700897 13.073298 9.527538 5.006757 3.374732
4.207117 0.542093 199.4699 199.4699 0.000000 3.229300 1.017139 1.507622 1.329659 0.954996 1.164316 0.531345 0.635938 2.163074 1.668441 2.080168 1.841850 1.142057 2.074645 1.029922 1.840449 1.732567 1.344268 1.873517 0.968150 1.030054 1.560231 3.104302 2.005079 0.818869 0.728614 1.133923 1.517386 2.074556 2.120848 4.214681 5.980040 3.485024 2.685309 1.568309 2.526355 5.250776 6.035433 16.955499 29.211831 24.434078 11.733370 25.674515 21.891034 12.539323 13.263532 9.272660 3.797280 3.578606 1.734112 2.932331 1.284558 2.110877 2.042366 2.846653 1.210403 1.715370 1.349706 0.814983 0.776690 0.670215 1.094819 0.540781 1.001581 2.183950 1.730666 1.456850 1.405492 0.915526 1.061031 0.763041 1.255131 1.008354 0.952203 0.970580 0.916241 1.425216 1.470436 1.427831 1.345397 0.667977 0.530568 1.064690 1.473104 1.051185 0.845773 0.812017 0.420365 0.187682 0.492646 1.233242 1.867225 1.594492 1.457537 1.617171 1.759356 1.486372 1.309956 0.865693
4.251500 0.144491 209.4585 209.4585 0.000000 0.684665 0.588797 0.496204 0.561514 0.927995 1.122381 0.862571 0.670628 0.662414 0.662846 0.744512 1.006075 1.342749 1.495165 1.388364 1.280564 1.217229 1.050984 0.885583 0.715058 0.448845 0.510636 0.982900 1.617631 1.635445 1.151933 0.980388 1.155842 0.986981 1.092300 2.010560 3.296808 4.254376 4.129818 3.317933 2.742542 3.066823 5.106980 8.509261 12.887817 19.086295 20.721438 15.654109 11.244989 10.203673 8.093769 3.878840 1.441333 1.735668 2.139119 2.101331 1.704085 1.170777 0.683043 0.706307 0.951799 1.002532 0.827969 0.611030 0.567589 0.591270 0.455833 0.355559 0.428675 0.561436 0.423296 0.669885 0.861039 0.680770 0.465100 0.499464 0.671625 0.810890 0.857129 0.403885 0.284394 0.209868 0.225709 0.349128 0.367033 0.185601 0.168682 0.454103 0.663180 0.615946 0.511020 0.499921 0.469399 0.283982 0.103997 0.149671 0.150304 0.299392 0.088618 0.208265 0.277402 0.295450 0.377151 0.339703
4.301499 0.763791 240.9776 240.9776 0.000000 1.588976 0.478867 0.714687 0.682788 0.992977 0.866642 0.971621 1.250737 1.321051 1.385950 1.461110 1.530355 1.271906 0.980623 0.912891 0.838466 0.399881 0.399481 0.608696 0.730917 0.957583 1.225507 1.150430 1.092119 1.285513 1.079955 0.939054 1.165871 1.098739 1.385162 1.582679 1.025001 2.278303 1.401842 1.447049 2.655886 2.921772 5.735983 7.242532 5.225069 10.289748 4.138925 6.196442 10.046961 10.162700 10.800078 13.142345 14.713293 14.427907 14.721827 14.010247 12.501142 10.758910 8.581563 6.722747 5.040394 3.826896 3.632651 3.692078 3.789905 3.603638 3.395391 3.000589 2.662403 2.115635 1.821728 1.776514 1.689543 1.707955 1.601593 1.426734 1.359110 1.221865 0.699328 0.787321 0.699457 0.849143 1.022558 1.199876 1.128977 1.260711 0.970073 0.916303 0.632532 0.844870 1.447203 2.012240 2.939008 3.554818 3.992359 4.662239 4.704421 4.875534 4.679601 4.559722 4.172795 4.052294 3.685812 3.317341
4.347677 0.851828 232.6402 232.6402 0.000000 5.998190 4.086726 1.744973 2.218722 5.129474 7.266654 8.810500 10.017960 11.127980 11.525494 10.956308 9.670896 7.838387 5.549158 3.307951 1.765792 1.729665 2.773119 4.125659 5.250202 5.592768 5.492356 5.780074 5.311155 2.960625 1.400917 3.035296 2.952859 3.897929 6.471027 6.941858 5.074734 4.337499 4.454325 3.614997 7.087455 17.287952 27.046029 32.885916 31.908454 25.723380 21.953008 30.260867 56.627544 94.706505 125.088800 131.101062 112.192439 80.852452 51.273842 30.941944 18.842331 10.993884 6.323101 9.218563 14.948317 18.360682 18.493066 16.077278 11.935334 7.549313 4.130179 3.191466 4.825931 6.531247 7.237859 7.190760 6.435619 4.879496 2.922601 1.489491 1.994410 3.912378 5.540453 6.637658 6.950928 6.182342 4.605480 2.676320 1.545222 3.290364 7.757330 14.603249 22.537595 29.750117 34.600633 34.887262 30.053983 21.527177 13.688931 13.311599 18.225980 20.499336 18.559378 14.660400 11.345329 8.185268 3.783483 1.849944
4.401633 0.854043 239.3639 239.3639 0.000000 6.769890 5.853435 4.471572 5.920337 9.084972 10.402347 9.716063 11.071387 13.617885 13.990281 12.364506 12.194816 11.555430 7.498288 4.551365 3.913679 2.982305 2.900733 4.235451 4.812699 6.037476 6.149105 3.264237 6.805264 8.880549 6.411593 5.164231 5.218324 2.828152 4.532195 9.170104 8.836966 3.750276 2.903478 4.660165 4.980492 8.701573 23.041800 35.755310 35.508039 39.784909 30.335832 7.322628 21.811782 32.018465 109.889227 177.442079 197.985610 167.903446 112.331840 63.484375 34.060212 18.502030 11.116811 5.659597 3.523362 11.066379 17.610052 19.476824 18.230687 15.374046 10.472387 5.238809 2.013347 1.339031 4.421569 6.091630 6.994054 6.877494 6.588647 5.240621 3.366438 3.041651 3.648758 4.432281 5.376453 6.918643 8.114526 7.314265 5.285132 4.142538 3.191735 2.837118 6.357784 14.227016 23.252588 32.105098 39.972992 43.808609 40.084996 29.845140 16.344058 8.048188 13.339301 22.729224 24.633885 18.765754 11.905842 10.846720
4.457274 0.856264 239.3551 239.3551 0.000000 5.537200 1.838313 2.595717 4.908543 5.344633 4.501535 1.520649 2.827137 4.266884 4.229931 2.454351 3.113254 5.196716 2.957906 0.625591 2.052457 1.534607 0.543360 1.897147 1.531690 2.640917 3.137189 2.741272 4.321732 5.846466 6.351473 4.950840 3.595708 3.394076 3.808170 5.035353 4.996269 4.901762 3.617094 2.635357 5.538525 6.530826 12.443500 22.823265 11.429674 20.576694 29.836312 25.919736 22.597600 36.150471 63.889842 83.055467 84.467581 66.267294 39.035420 17.738299 7.700065 3.667531 1.816711 1.985540 3.696270 5.270374 5.123609 4.677547 3.744936 3.774775 3.368445 1.581803 0.813175 1.828963 1.271022 1.042750 1.710469 1.126515 1.783699 1.802299 0.908833 1.550944 2.059646 1.148567 1.028767 1.676841 2.617437 2.520680 1.328077 1.435333 1.791464 1.704152 3.372522 5.733802 7.525056 9.341014 12.001670 14.121027 12.858630 9.632978 7.247363 6.238202 6.736042 8.258931 8.886983 6.694958 3.076341 2.982485
4.501493 0.399036 198.8728 198.8728 0.000000 3.890342 1.753977 0.715105 1.132109 0.318597 0.817268 0.786594 0.491538 0.433001 0.323614 0.633543 0.673004 1.182555 1.317294 0.630756 0.490039 0.678990 0.328280 0.688223 1.599848 1.967612 1.052628 0.920724 1.231621 0.895069 1.213260 1.267271 0.637387 0.469657 0.584373 1.122983 1.298773 1.350930 2.788907 4.997098 6.556651 5.551896 6.644625 14.710266 19.941949 12.196989 7.949895 12.986546 11.067828 10.226330 8.719247 7.193285 4.791986 5.050421 3.900384 3.932530 1.999575 2.270637 1.461091 1.222813 0.278053 0.898960 1.142425 0.665414 0.947382 0.712021 0.913754 0.873592 0.537299 1.031025 0.849458 0.334406 0.874719 1.117065 0.682196 0.512438 0.788677 0.325374 0.530685 0.864901 0.699098 0.319430 0.220391 0.499442 0.656641 0.431156 0.608094 0.663276 0.561210 0.782007 0.559799 0.268742 0.206051 0.288041 0.634810 0.609428 0.485914 0.543960 0.421507 0.244632 0.138727 0.302483 0.545185 0.869248
4.547679 0.091873 211.1281 211.1281 0.000000 0.419803 0.510174 0.563671 0.524566 0.379255 0.295389 0.285377 0.335170 0.430390 0.444302 0.375807 0.415151 0.344743 0.439573 0.506772 0.331225 0.209208 0.318112 0.416636 0.476581 0.651375 0.818787 0.751138 0.541224 0.286033 0.321262 0.322858 0.450918 0.360213 0.162567 0.291133 0.698594 1.232094 1.648285 1.417507 1.188517 2.591590 4.921277 6.365992 8.203563 12.395018 14.805085 12.609396 8.322303 4.424927 1.616466 0.362025 0.632007 1.533941 2.075533 1.916823 1.229330 0.680409 0.434762 1.216652 1.383644 1.097970 0.773520 0.565726 0.489746 0.538577 0.567282 0.491830 0.527854 0.792088 0.902962 0.801161 0.536077 0.403620 0.417560 0.480732 0.532432 0.505227 0.477058 0.484516 0.474703 0.424164 0.337521 0.219494 0.224423 0.352457 0.354205 0.289925 0.243332 0.222961 0.233069 0.244473 0.290568 0.350833 0.375746 0.378910 0.318357 0.220125 0.109177 0.080340 0.143339 0.169327 0.206244 0.195367
4.597213 0.816582 239.2587 239.2587 0.000000 1.495702 1.513487 1.526059 2.327877 2.345167 2.724099 2.510965 2.959193 2.456127 1.848909 1.320885 0.869397 0.365749 0.503852 1.003092 1.390391 1.465675 1.682662 1.801683 2.015529 1.726220 1.453193 1.262996 1.139120 1.057124 1.171486 1.741500 1.912632 2.046548 2.586080 2.406498 2.915622 2.567587 3.148169 3.272946 2.903118 6.187216 5.414782 6.844519 8.923540 5.767235 9.707131 10.112486 12.797220 15.496534 17.725411 19.425179 20.176020 19.374339 17.817163 14.959876 11.877206 8.974099 6.216671 4.418330 3.704367 3.651513 3.728558 3.870341 3.775036 3.569357 3.017914 2.783266 2.316118 1.945104 1.643025 1.611546 1.703523 1.803768 1.768399 1.628742 1.314179 1.030828 0.679296 0.395889 0.220189 0.202706 0.395161 0.498005 0.530582 0.633819 0.790220 1.114067 1.651449 2.452541 3.358474 4.222304 5.056400 5.588660 5.802928 5.725451 5.310949 4.746071 4.225066 3.784663 3.615699 3.491061 3.296157 2.927144
4.641501 0.980467 228.4678 228.4678 0.000000 8.744757 9.884132 12.897837 16.066623 18.744046 19.385940 17.984711 15.809148 13.084313 10.222904 7.413532 5.330253 5.330521 7.365505 9.614078 10.117663 8.755790 6.312533 4.991074 5.570442 6.079163 5.569216 3.269627 2.015216 4.646269 5.273577 5.970452 9.577916 12.244521 9.418751 4.349760 8.112323 11.780759 8.548965 5.841834 14.684504 26.018698 34.365871 33.920723 23.336172 17.496093 30.985054 53.876840 97.635246 141.532039 153.253839 125.981512 79.323990 42.699161 31.813036 30.550547 21.334352 8.248324 12.657100 18.041027 17.968628 14.815365 9.634519 8.713916 11.930746 10.429566 4.745566 2.629589 6.158429 6.007438 4.954050 6.494973 9.042326 9.588770 7.700253 4.889474 3.569914 3.339853 2.993296 4.123938 5.954336 7.144468 7.372026 6.792439 6.722040 9.492335 15.779658 24.500952 34.009050 40.547409 40.394850 33.911857 24.931440 15.281235 4.953940 9.315450 17.611721 21.373541 19.883655 13.824823 5.768832 0.616299 2.005364 2.727570
4.701575 0.986044 234.3300 234.3300 0.000000 12.235542 14.360738 12.752662 17.961807 23.440042 23.985308 20.182966 15.897885 14.959741 12.693844 9.595824 6.559219 4.507003 9.269375 13.107934 13.156516 10.827684 7.363767 3.482180 3.668250 4.722297 5.871797 7.939221 8.029681 8.133635 6.661577 2.851039 4.768213 13.682796 19.042758 15.744309 12.568355 17.447042 16.492637 9.038547 7.226257 17.624418 23.809689 42.531022 38.269587 24.007042 18.003347 38.687548 32.615176 104.583909 209.824775 235.840171 180.010193 99.678157 36.541574 14.998201 33.867185 38.649297 31.506210 26.311709 23.427781 17.208493 15.594410 13.379274 8.231413 13.109018 17.441922 13.430952 8.769252 9.360916 9.600229 4.486828 2.883175 7.549007 12.557671 14.453375 14.231188 12.573561 10.647848 8.558458 7.399250 8.473454 9.669048 10.762943 11.335742 8.388439 4.392024 7.381807 15.856826 25.059657 38.032755 51.430520 53.342790 40.583888 25.941286 20.267326 15.414799 13.632302 19.620904 24.658528 25.033889 22.186490 15.903420 9.047416
4.757211 0.987339 227.9625 227.9625 0.000000 9.315049 5.516658 1.050053 6.108732 7.792838 7.053328 4.531902 2.800136 4.323124 2.660819 3.257116 4.384063 5.385334 6.063369 5.043693 4.311715 1.859251 3.387574 3.461798 2.612555 1.888296 4.189241 5.806645 6.128005 4.642409 2.141446 2.780716 7.002061 10.125825 9.981313 11.556259 12.176230 9.032015 3.511687 8.100864 7.954306 4.633786 28.954864 23.225902 15.683338 34.653209 40.532047 53.260500 90.701205 116.716520 101.492444 61.736212 32.386129 16.680126 12.688557 16.966801 19.245620 18.124451 14.784416 8.322278 2.854874 8.024020 9.769273 9.219528 9.130159 8.290590 5.887602 5.247908 6.153806 4.767574 1.965606 3.261928 5.070661 5.539820 7.421997 8.715799 8.251300 5.594989 3.251788 4.783863 3.897071 4.143033 5.316269 3.481058 2.395163 3.925895 4.979889 7.462282 14.681768 20.084564 18.535247 9.796883 4.069954 10.344502 11.631491 7.538970 7.957836 8.308555 6.617172 9.859903 9.341986 7.041090 6.131158 5.700617
4.801503 0.560675 203.6042 203.6042 0.000000 3.583922 1.156373 1.405708 0.602862 0.819478 0.424117 0.517193 0.746216 1.184032 1.115020 1.764742 2.038518 2.264255 2.130292 1.197132 0.566526 0.818325 1.221299 0.947473 1.248877 1.225434 1.139863 1.171860 0.822907 0.640174 1.014734 1.313439 1.109861 1.141723 1.461430 1.880609 1.844217 1.699234 2.247036 1.794007 2.162072 4.831682 5.416138 8.453581 18.715563 24.159036 18.641375 13.549067 15.155159 16.695791 15.892153 14.866007 13.285238 13.505233 8.324771 4.263951 1.040480 1.554183 1.378974 1.463094 0.357650 0.979965 1.181961 1.934212 2.051926 2.720469 1.930526 1.574518 0.531822 1.041361 0.701424 1.092862 0.889732 1.584589 2.025248 1.168588 1.105302 1.023006 0.630629 0.715226 0.883367 1.006892 1.579474 1.160996 0.880944 1.074937 1.077145 0.983816 0.917943 0.358337 0.129922 0.564990 0.984880 1.273555 1.326470 1.256738 1.417357 1.718004 1.929086 2.130462 2.245556 1.866715 1.411377 1.395845
4.851498 0.342610 209.5215 209.5215 0.000000 3.385287 0.764873 0.577822 0.474432 0.410154 0.442144 0.294819 0.266108 0.302558 0.347828 0.454210 0.439288 0.330214 0.404814 0.422229 0.143627 0.183926 0.574979 0.572069 0.318331 0.402686 0.553777 0.452410 0.151277 0.051469 0.044033 0.224787 0.291340 0.249926 0.237727 0.295708 0.831150 1.075517 0.850291 0.751292 1.234658 2.158336 3.322841 5.276390 8.292145 11.174806 10.858095 6.512871 2.118756 0.459840 0.798621 1.094678 1.184043 2.013893 1.646560 0.978681 0.923697 0.970277 0.871407 0.520228 0.560172 0.671117 0.568325 0.493673 0.460226 0.558864 0.681603 0.486490 0.517169 0.497009 0.538505 0.408740 0.232387 0.410326 0.260672 0.546333 0.558209 0.406057 0.417574 0.528813 0.423554 0.275685 0.368269 0.470996 0.412901 0.303980 0.258498 0.240491 0.191103 0.147733 0.189736 0.324774 0.291895 0.191579 0.195684 0.131300 0.175222 0.174704 0.179796 0.161837 0.154006 0.226328 0.229019 0.235651
4.897508 0.819745 239.2977 239.2977 0.000000 8.423328 5.298849 3.754349 2.881651 2.647948 3.336731 3.794750 4.072874 4.412196 4.116479 3.628019 2.533278 2.133643 1.816620 1.751027 1.526756 2.159119 2.098388 2.703899 3.201686 3.572862 3.795833 4.055710 3.957287 3.887772 3.808558 3.570587 3.060542 2.632545 2.216694 2.380420 3.992687 5.016325 6.469810 7.578078 9.034390 11.795870 12.766743 15.585718 16.189319 16.341543 17.438588 20.272205 28.052745 38.215434 46.869142 52.653318 51.573219 45.406806 35.990441 24.946853 15.746734 9.188611 6.504286 6.761488 8.198769 9.843971 11.125338 11.862296 11.742872 11.322291 10.419909 9.388484 8.463347 7.211260 5.924349 4.600300 3.256516 2.613565 2.596887 3.048019 3.745475 4.266545 4.764891 5.049457 5.263731 5.598041 5.774797 5.893848 6.150389 6.304739 6.713461 7.445565 8.390562 9.381848 9.771735 9.271274 7.695520 5.140662 2.399045 2.207549 4.787566 7.064898 8.029528 7.765994 6.469892 4.594038 2.762514 1.529439
4.947610 0.835453 239.3676 239.3676 0.000000 11.636946 11.117554 6.543825 3.021731 2.946053 5.609967 7.553863 9.973785 11.649733 11.208585 9.670559 7.948117 5.521154 3.541898 4.436220 5.992964 6.604198 5.178045 3.584797 7.308193 10.467516 10.290292 8.547110 7.489925 7.954202 8.468205 7.969736 8.452022 9.753997 10.344111 11.050329 12.567162 13.320252 12.936400 13.771533 16.093742 21.995033 29.063992 31.862201 34.664124 31.318606 22.750775 29.317158 42.609498 84.020174 142.406705 177.302172 171.130384 133.343402 87.014638 49.037699 24.523576 11.598239 5.620764 7.972910 14.358775 19.059185 21.461459 23.393540 25.577720 24.476887 20.662234 18.130360 17.293005 16.575539 15.170777 13.218564 11.328270 9.334013 7.538239 7.359112 9.283540 11.558721 12.712556 12.132321 10.716315 11.325490 14.016262 15.122787 14.081729 12.536154 11.966570 14.198489 19.205347 24.447703 27.882568 27.875517 23.719359 16.987205 11.196405 11.113466 17.681781 25.383882 28.995102 26.891109 20.481123 12.117585 4.248449 1.787124
5.001552 0.836123 231.6310 231.6310 0.000000 9.988484 6.106975 3.507258 2.499530 2.395364 3.104912 3.718902 6.804417 8.634963 7.468964 6.050893 6.582785 4.489251 1.578097 4.189135 5.495322 5.762813 4.616202 4.029334 8.105653 9.046238 6.305601 3.924314 3.350479 4.676241 5.110788 4.177454 6.652344 9.623027 9.183272 9.440067 10.532389 7.351070 6.163338 6.235137 7.763996 16.580004 19.373955 18.420903 29.889032 20.747153 21.816215 12.119739 40.610837 102.362690 150.424447 157.238772 122.566353 75.275492 41.021409 17.084362 6.821268 4.730596 4.177235 6.070004 10.343897 11.206383 9.094204 15.226252 16.871114 10.197504 8.364002 8.720698 9.316776 10.460920 8.632394 9.191679 9.091663 5.490298 3.068034 5.836008 8.061581 8.791876 8.302949 5.537768 4.378913 9.954881 10.718858 8.031819 6.385111 4.893325 6.446109 11.846651 16.498932 20.192466 21.543808 19.046459 14.262296 11.598005 13.464263 18.716672 24.214684 25.957374 22.458725 16.756095 11.295363 6.678868 4.462619 3.536197
5.051488 0.778652 234.9171 234.9171 0.000000 5.429143 1.838098 0.701393 1.288286 1.270302 0.629228 0.736913 1.268441 1.521845 1.181628 0.716350 1.678114 2.287289 2.483464 1.879629 0.800859 1.011593 2.516713 3.933498 3.302300 3.292682 1.584723 0.342170 0.513550 1.228022 1.333765 1.482316 2.416444 2.678094 2.741114 0.608027 1.732403 3.528193 3.680567 2.228068 0.718478 4.130634 5.385238 15.875615 21.027825 22.038774 20.318219 17.108147 20.654364 26.708173 32.371812 33.908930 30.704958 20.769545 9.777516 5.336983 5.202437 2.561150 1.458054 1.212724 0.759915 1.451176 1.941036 2.125111 3.019783 3.233140 2.098874 1.094740 0.810113 1.373876 1.296518 1.083728 1.801103 2.313747 2.004615 1.346883 1.029619 0.883436 0.652481 1.112025 1.900479 2.661004 2.900268 2.268021 1.129008 0.593035 1.429608 1.618936 1.464194 1.435079 2.089753 2.848439 2.987804 2.216745 1.030519 2.144769 3.628864 4.683408 5.238763 4.464262 3.024697 2.547590 3.246416 3.063298
5.099873 0.179571 204.7783 204.7783 0.000000 1.452409 0.374361 0.191096 0.188146 0.206702 0.106104 0.059974 0.114560 0.197455 0.132453 0.186965 0.327986 0.248220 0.221830 0.415588 0.423565 0.227647 0.188798 0.941328 1.141116 0.615424 0.783983 0.400956 0.250379 0.131228 0.522543 0.486626 0.560947 0.830827 0.910285 1.317165 1.238492 0.820839 0.660866 1.127925 2.310135 3.121894 3.413388 4.218582 6.963908 11.205893 9.720018 3.191274 4.024488 1.860982 2.056155 1.367127 0.559952 0.501169 0.825066 0.976413 0.890642 0.699537 0.833870 0.748115 0.423882 0.331891 0.328629 0.343132 0.265890 0.381236 0.229326 0.448272 0.397926 0.392957 0.145676 0.553997 0.455492 0.192028 0.430908 0.426733 0.229225 0.252623 0.161216 0.069601 0.058357 0.137779 0.125491 0.111000 0.236741 0.248857 0.331307 0.265523 0.146307 0.268897 0.237084 0.124210 0.108725 0.276872 0.315607 0.295132 0.200088 0.255340 0.118803 0.085384 0.071309 0.074057 0.182524 0.228828
5.147144 0.717121 244.0578 244.0578 0.000000 2.016759 1.159238 1.060626 1.182716 1.410170 1.292283 1.569787 1.950611 1.442094 1.528327 1.392121 1.384946 1.279807 1.079131 0.922769 0.678612 0.851027 0.504528 0.596027 0.857816 0.537045 0.584124 0.575257 0.844296 0.823673 1.125558 1.340083 1.037417 1.471449 1.155677 1.308953 1.499687 1.592168 1.311220 1.829066 2.311055 2.476127 3.976563 2.974827 2.975222 4.404288 3.514250 4.881243 5.333862 6.732834 7.489032 8.141859 8.777337 9.219839 9.078243 8.859721 8.817128 7.689073 7.065726 5.970794 5.208014 4.219791 3.904102 3.330174 3.008577 2.836438 2.649161 2.251126 2.216411 1.836430 1.582923 1.622785 1.305970 1.234683 1.034110 1.071799 0.966646 1.094009 1.202965 1.048219 1.272156 1.232632 1.390803 1.387881 1.477302 1.737947 1.882714 2.069974 2.259391 2.407884 2.464858 2.618758 2.436552 2.386375 2.114656 1.840406 1.531058 1.125488 0.843832 0.532600 0.340867 0.475004 0.542382 0.629987
5.191491 0.979968 242.3846 242.3846 0.000000 7.528774 9.647700 10.861701 11.467745 11.577319 11.661574 13.491001 17.008810 19.423348 19.762272 17.576186 13.614568 9.255501 5.654232 3.123463 2.522643 3.877999 5.125339 5.620084 5.617279 4.750219 3.126999 2.338681 4.304027 7.205737 8.926929 8.786056 7.991967 7.776959 7.347268 6.072383 4.901022 5.048134 5.749660 7.251759 10.134360 12.555752 12.770148 12.619573 14.676756 18.179679 21.018235 22.520866 26.383095 45.508426 80.279475 112.948358 125.480996 111.850860 81.684524 52.341623 35.446935 28.532547 25.523410 22.400305 18.123401 14.951539 13.944695 13.526423 12.793572 11.728456 10.523113 9.149658 7.818235 6.729454 6.108211 5.716891 4.437449 1.508332 3.078491 6.533325 8.000491 6.703322 3.840128 2.565002 5.909195 9.425973 11.340233 10.652202 7.407677 5.914185 10.956723 17.858442 24.262936 28.942572 30.683543 29.392217 26.320888 22.426181 18.191117 14.766962 13.284333 13.202404 12.725893 10.433876 6.663327 4.446511 6.554843 8.828188
5.247636 0.990525 234.2742 234.2742 0.000000 10.733236 14.097765 14.123949 14.222672 13.536549 12.264133 12.917964 22.642455 31.401574 31.174330 25.055268 17.407401 10.474261 5.326042 1.913977 2.021063 5.956686 8.724892 8.653989 7.672394 6.728280 4.420889 4.498603 8.461854 12.117015 12.537667 9.193481 6.577747 9.268913 9.529329 3.177982 3.754342 5.130861 4.057191 6.507966 15.220265 19.058239 9.465079 12.123046 16.338407 20.693441 24.149908 15.532339 27.272776 77.531978 187.441999 246.012899 214.987333 128.959872 58.540693 33.766695 24.355800 23.862230 25.907606 18.194905 11.743993 11.963070 12.931846 11.916804 11.241465 10.478716 8.494817 7.461329 5.857771 4.889601 5.739795 7.105483 5.975752 7.144639 10.848233 12.210068 9.676197 4.755219 2.567721 6.541517 12.438136 16.916362 14.854611 7.805571 3.989369 14.540444 23.380713 33.277334 42.949024 44.424079 39.628626 34.149632 30.725124 25.496524 17.063396 17.126054 27.390829 33.110361 29.763767 22.106874 16.713176 15.238038 15.823392 14.396999
5.301489 0.991102 232.8317 232.8317 0.000000 8.277342 5.244283 4.074101 4.103252 3.277032 2.841793 2.890648 10.920378 15.664002 13.296581 9.811454 6.366837 3.663699 1.971218 1.333064 2.763465 4.411521 4.394046 3.311907 2.410485 3.531787 4.105786 5.089549 4.763331 5.580205 5.419681 2.474305 1.064507 5.200637 6.981041 4.246163 1.754922 1.069683 2.489712 4.184548 8.378213 9.606396 12.210333 19.647853 21.403540 25.595018 26.891432 25.289533 42.525715 91.765245 141.596368 148.659924 107.737056 49.022960 12.262207 7.770556 7.362613 10.124821 7.565060 4.096479 2.592948 2.853470 2.058228 1.392031 2.053273 2.607102 0.519978 2.340405 0.968405 0.833478 2.204879 4.939914 6.024919 5.697530 5.788391 5.295451 3.993041 3.699027 2.526018 3.577890 6.775219 7.798852 5.937510 5.272689 7.207913 7.126076 8.883402 16.517795 17.653679 14.917235 10.834327 9.693957 12.496117 10.081588 3.462279 14.300166 24.105138 26.945790 22.541009 15.035496 8.266718 6.520463 8.106229 5.818599
5.351483 0.686409 229.3259 229.3259 0.000000 3.556391 2.327346 0.989784 0.606841 0.872040 0.607840 1.223854 2.219843 2.737329 1.605904 0.361909 0.776323 0.341466 0.735352 1.010241 1.450026 1.299897 0.726626 0.228011 0.604330 1.165733 0.935400 0.401962 1.577370 1.448359 1.244622 0.753024 0.705475 1.278350 2.597449 2.225475 1.959052 1.157895 0.753274 2.594115 3.773111 6.711489 8.453389 12.292434 19.353063 20.784152 20.726290 20.434353 21.098304 23.446510 24.321163 23.482027 21.293586 18.488600 13.551285 8.881058 5.918278 3.657346 3.352625 2.697412 1.497740 0.967756 1.306191 0.792410 0.410988 0.558159 0.512345 0.569479 1.201796 1.368496 1.008942 0.912414 0.972359 1.063034 1.058863 0.666807 0.647153 0.885947 0.890648 1.210090 1.427552 0.961476 0.704767 1.043636 1.048529 0.862871 1.039382 1.528677 2.199001 2.589161 2.171520 1.196475 1.081242 1.710740 1.580896 1.756082 2.770883 3.541551 4.045676 4.610423 4.534711 3.621487 2.674579 2.036561
5.397096 0.439427 198.9305 198.9305 0.000000 2.685518 0.597628 0.089738 0.226144 0.430805 0.448786 0.270832 0.368853 0.403601 0.378353 0.303047 0.568024 0.557733 0.389498 0.311025 0.297652 0.166038 0.186816 0.096490 0.128356 0.263108 0.309138 0.409777 0.643870 0.777496 0.595600 0.400411 0.429582 0.746023 0.814072 0.505573 0.415027 0.706812 0.922036 1.201176 2.355699 3.539079 5.427314 7.279620 7.335914 6.308227 3.538663 2.383224 1.646346 1.166241 1.611637 1.482312 1.522335 0.864580 0.744565 1.210602 1.028909 0.740342 1.209250 0.234574 0.906517 0.985433 0.877318 0.331429 0.473885 0.621680 0.470789 0.416159 0.244822 0.617674 0.361988 0.323351 0.286895 0.294350 0.194551 0.249354 0.174002 0.095493 0.250509 0.334122 0.418689 0.319542 0.336159 0.345651 0.339620 0.199453 0.139212 0.171193 0.125927 0.144933 0.261815 0.282392 0.250898 0.242038 0.274525 0.382609 0.356989 0.199371 0.166322 0.218678 0.094279 0.145399 0.151545 0.184690
5.447686 0.779687 229.0614 229.0614 0.000000 5.052205 4.231045 3.987530 2.956051 2.069153 1.860440 1.871238 2.103314 1.782719 1.901898 2.752320 4.298869 5.191490 6.000365 5.899086 5.603660 5.175272 4.721441 4.803486 4.860368 4.839914 4.613764 4.426956 4.445567 4.665217 5.123851 5.603155 6.228423 6.538028 6.483534 6.477425 6.741050 7.447206 9.374246 12.174620 15.074064 19.178804 22.311227 24.505094 26.321161 26.633923 28.892846 32.934861 40.934121 48.624087 52.008813 47.785839 36.622116 22.983168 15.496045 20.095096 27.704528 32.036631 32.958479 31.824133 29.282743 26.063795 22.618301 19.167517 15.742929 12.566981 9.492746 6.494294 4.172104 2.985788 2.748393 3.093093 3.843128 5.117082 6.715494 8.367253 9.813039 10.729837 10.983116 10.799790 10.314515 9.450924 8.488528 7.723438 6.811517 5.599985 3.989466 2.038088 1.194646 2.106561 3.369167 4.233572 4.604055 4.435202 3.814760 3.609130 4.926150 7.068191 8.878836 9.718812 9.439470 8.318695 7.018657 5.920527
5.497012 0.787725 234.0817 234.0817 0.000000 5.889499 7.980711 9.423067 8.768637 5.945868 4.101966 5.456373 6.602449 5.028154 1.791574 4.292730 10.088079 13.723324 13.705843 11.572769 9.623425 8.617391 8.007086 7.995591 8.991001 9.460836 8.626775 6.785278 5.847534 7.173599 8.519667 9.684737 10.706197 11.147112 12.714129 14.817126 15.864574 17.040081 19.076402 23.006548 28.733634 35.736194 41.835603 44.761484 42.510060 36.969237 43.303555 46.858381 56.928863 105.101076 142.475984 143.322773 117.889455 87.592511 69.123428 65.768381 68.267137 68.122306 63.366845 56.715558 50.900907 45.858682 39.274790 31.140904 25.602939 23.376434 19.649695 12.468781 4.948295 3.356529 6.736780 7.496108 7.034163 8.610571 12.891717 17.565841 20.954748 21.716007 20.202611 19.092633 19.119772 17.882929 14.675073 12.059398 12.531159 13.556055 11.365650 7.130171 5.160434 6.246619 7.253757 7.508081 8.817686 10.345058 8.944164 4.534678 8.307052 18.408855 25.040660 25.620047 21.609157 16.559691 12.997784 11.334899
5.551764 0.787917 234.3484 234.3484 0.000000 4.137852 2.292244 7.053750 8.183743 4.964596 0.439587 4.806247 6.789473 5.347076 3.101547 4.448832 8.737020 10.610810 8.425732 5.742456 3.920859 3.496451 3.431976 2.682205 4.630113 4.904832 4.569952 3.006875 1.013696 3.117754 3.458451 4.130577 4.988811 4.571302 5.960180 9.745360 8.669215 9.986234 9.597281 10.999490 14.644430 16.501718 23.091513 17.975496 25.488355 14.780454 25.209610 28.942715 27.136034 80.118093 112.578044 112.423767 94.963770 74.446743 57.490983 47.354621 42.670646 38.315172 31.445090 25.479835 21.819880 20.740109 18.857088 13.038988 9.103774 11.540590 12.545476 9.920679 5.589880 3.962841 5.703554 5.754465 3.313665 3.351629 6.939087 9.824514 12.151508 12.063147 9.518697 7.716093 9.370214 9.468151 7.029462 4.266039 5.252646 9.778123 10.198750 7.729920 5.851674 5.451702 4.649039 3.116558 3.932632 6.914459 8.255864 8.210826 10.687259 16.220485 20.000044 18.700698 13.711098 8.757802 5.934537 5.196712
5.597342 0.680450 230.7117 230.7117 0.000000 1.161466 1.875161 2.262216 2.242096 2.271359 1.927491 2.006303 2.287015 2.099413 1.034810 1.240505 2.139718 2.301568 1.605328 0.670603 0.402111 0.364975 0.415974 0.654094 0.814698 0.630964 0.529465 0.789003 0.939168 0.783544 0.406615 0.068301 0.205324 0.799558 1.677114 2.171715 2.119771 2.047155 2.562613 3.591892 4.225651 4.711499 6.175263 8.089368 9.816637 13.496876 13.484391 11.780154 17.321611 22.837661 24.907413 22.072882 16.976352 11.762290 9.631984 6.636346 4.210270 1.820097 2.498682 1.992235 1.319158 1.044190 0.827048 1.125178 1.400642 1.670700 1.854491 1.530342 1.600202 1.941353 1.605736 1.376932 1.725221 1.956446 1.830361 1.174453 0.618937 0.889913 0.938072 0.891724 1.299353 1.450860 1.325503 0.924807 0.399462 1.254532 1.954715 2.452084 2.404501 1.715797 0.786037 0.757519 1.017518 1.188746 0.828451 1.218388 1.891281 2.222346 2.697215 3.551780 3.831715 3.589670 2.528497 1.598161
5.647704 0.305014 210.2140 210.2140 0.000000 0.547607 0.284778 0.169813 0.122446 0.214378 0.154834 0.108726 0.134968 0.102327 0.284362 0.402910 0.240174 0.204345 0.275298 0.257565 0.331837 0.129960 0.156479 0.118377 0.173030 0.102490 0.305204 0.255968 0.177804 0.213625 0.411736 0.350555 0.216891 0.256992 0.413802 0.459094 0.371368 0.506452 0.835290 1.037508 1.215649 1.568360 1.941201 1.890539 2.857962 4.137911 4.485923 2.930496 1.553207 2.100303 1.444384 0.804743 0.884871 0.315424 0.545247 0.618205 0.295580 0.106085 0.308983 0.450307 0.322572 0.207331 0.138142 0.265731 0.283109 0.272998 0.119592 0.227489 0.396588 0.115993 0.175825 0.213517 0.237125 0.174268 0.117270 0.150842 0.248227 0.257989 0.253064 0.234704 0.191885 0.159916 0.136919 0.124218 0.126148 0.189014 0.306972 0.252891 0.110424 0.077483 0.178394 0.075113 0.122443 0.106094 0.136357 0.209178 0.179202 0.076350 0.069303 0.114325 0.124904 0.098317 0.078498 0.114656
5.691537 0.938977 234.4414 234.4414 0.000000 8.685046 3.599477 2.490940 1.679957 1.945666 2.495557 3.134923 3.559195 3.738799 3.855280 3.492739 2.910070 2.076374 1.639863 1.360411 1.405295 1.984628 2.453191 2.765020 2.609904 1.745100 1.218964 2.023877 2.820669 3.415442 3.467464 2.953692 2.518584 2.284250 1.430531 0.861912 2.036662 3.795254 4.313891 4.217480 1.959614 2.371293 6.474982 10.284748 12.231233 14.174641 14.778830 19.471078 28.041439 38.496944 46.719560 50.359355 48.732916 42.733948 34.737718 26.308116 18.739453 12.694420 9.840626 11.168796 14.149469 15.684381 14.723137 12.471896 10.163020 8.806650 8.396859 8.187361 8.230766 8.810276 9.539140 9.689893 8.542952 6.487051 4.475919 4.292747 5.273405 6.080329 6.239377 5.910680 5.549796 5.308564 4.390294 3.436743 2.561602 2.738244 3.534289 3.980858 4.077182 4.103373 4.698425 5.580498 6.160355 6.027446 5.184192 4.379350 4.791902 6.593274 8.632575 9.821225 10.032249 9.338797 7.819958 5.930147
5.741536 1.004639 234.9085 234.9085 0.000000 14.113520 10.808491 4.094725 0.819171 3.166978 6.450719 9.568278 12.088850 13.158637 12.342582 10.657631 8.912754 6.211748 2.655977 1.205704 2.366066 2.806175 6.844233 11.325045 11.672015 8.253037 5.857930 7.208390 9.677569 11.143047 10.403842 6.937838 3.034119 4.565419 7.611210 9.455787 12.696792 18.607334 24.056101 25.606471 24.260204 26.218684 32.659335 36.170894 34.008164 28.011193 25.717731 27.915389 33.453161 107.861167 182.266807 202.186844 162.665673 103.642276 67.151014 55.118476 47.417721 32.695821 17.321360 25.379059 42.586445 46.364140 38.532850 24.941416 13.559309 13.169211 17.958591 16.387127 10.477067 13.565810 22.978256 27.346784 24.697319 16.436546 6.653746 5.523904 13.850384 19.946178 16.586412 7.164115 9.738826 15.319661 15.594708 11.113811 4.513620 6.288263 11.960121 16.560753 19.720093 20.970107 21.085830 21.136247 21.065014 20.479213 18.141698 11.572681 7.622036 18.435678 26.984047 30.904787 30.046754 23.649082 17.111835 16.144667
5.801535 1.006379 228.0277 228.0277 0.000000 14.151956 9.044466 2.930593 1.968840 2.657079 5.628206 8.076373 10.344799 11.471604 8.262838 7.339451 7.637146 4.879936 3.257106 4.051875 3.712887 5.936435 12.376450 15.615790 12.023379 8.468318 7.943379 7.361142 8.702169 9.673640 6.996973 3.512809 4.306874 9.135011 11.941530 13.534826 19.747432 27.697126 29.300484 26.300366 28.971898 40.171759 36.160473 14.048140 24.941121 17.290978 37.232463 68.362055 157.368895 212.834203 187.041759 105.049538 43.379285 28.010349 29.532176 35.814725 31.929092 30.842242 38.360125 40.145733 30.722768 19.793956 10.558635 6.696887 11.588782 12.655065 9.524084 10.509416 17.683229 20.557622 20.262919 14.340180 5.530448 7.207271 17.684136 22.935698 15.782053 6.270643 10.763271 14.756526 13.178483 10.753077 9.235398 9.892349 12.371719 17.169051 21.018796 19.981175 17.801970 16.963737 15.074913 16.316733 18.283682 18.278872 21.789945 21.946233 22.287483 26.258721 19.295653 8.035361 10.473976 18.798519 20.483183 20.802681
5.851491 0.972968 227.5056 227.5056 0.000000 10.082592 4.586057 0.628518 1.366942 1.142388 2.167675 1.534350 1.826665 3.045906 2.685267 2.100873 2.546585 1.922637 1.401062 2.504586 3.315010 3.730867 4.688155 6.202805 5.163209 2.167162 2.612970 1.709027 1.481992 2.614268 1.885040 2.159729 0.686446 4.056123 4.906322 3.231309 2.493961 6.989124 8.946222 7.886714 3.097964 8.545700 18.268863 25.647921 23.818777 27.799172 32.892864 42.916197 58.930683 69.761472 69.200719 55.456854 33.323952 12.580004 4.179615 6.306369 9.770099 10.607316 9.799884 9.351784 8.072662 5.565785 1.538527 4.928660 4.933859 2.171261 3.262512 5.369626 5.557964 4.237420 2.720061 3.150437 4.865189 4.208823 4.226695 7.380378 9.166155 7.670294 5.289482 4.771294 4.419282 2.764476 2.446481 3.375777 3.091837 1.610820 2.581825 5.194959 5.241586 2.393689 1.520630 2.393812 0.857198 4.247426 7.863346 9.149627 7.434911 3.534797 3.418486 6.216242 5.468755 4.515178 5.993237 9.008932
5.901474 0.454303 208.9865 208.9865 0.000000 2.062252 1.084137 0.774547 0.655464 0.876127 0.772105 1.026370 0.601455 0.387095 0.471394 0.538253 0.677304 0.475495 0.792061 0.771095 0.624714 0.286712 0.214206 0.298612 0.810023 1.180070 1.109202 0.775517 0.605595 0.402731 0.469965 0.616213 0.536967 0.826087 1.226129 1.001855 0.612001 0.908693 1.172974 1.013866 1.779118 3.007865 3.865812 6.046411 10.382724 13.359563 12.628271 10.523108 9.660052 6.991384 3.872872 3.096510 1.453748 1.906931 2.240931 1.411519 2.141936 1.916006 1.409720 1.002791 0.470976 0.231777 0.154243 0.152463 0.793594 0.866959 0.676268 0.846925 1.195743 1.061669 0.459496 0.340653 0.429896 0.215229 0.463816 0.599644 0.807166 0.946806 0.857830 1.034873 0.954456 0.691870 0.625148 0.435268 0.428363 0.332817 0.340023 0.327765 0.182207 0.242979 0.370857 0.406715 0.443075 0.425753 0.414894 0.517730 0.483277 0.420008 0.485294 0.404658 0.499905 0.773317 0.805298 0.826162
5.947571 0.735811 239.3074 239.3074 0.000000 4.538669 3.897379 3.960256 4.270930 4.406740 4.141684 4.051485 3.799647 2.895484 2.362133 1.711159 1.614944 2.403205 2.432736 2.519642 2.557848 2.604791 2.384819 2.392227 2.739561 2.821923 2.732570 2.623399 3.065881 3.934667 4.229532 4.027838 3.802663 3.618345 3.290142 4.003261 4.518836 5.523966 5.758259 6.470170 6.434386 8.225716 9.257706 12.046000 14.085076 15.004544 17.440258 20.487644 26.671230 35.391674 42.552159 47.620694 47.602578 43.425121 36.688273 27.848563 19.666149 12.956626 8.701401 6.673603 6.187383 6.080572 5.624624 4.790832 3.984219 3.638225 3.485968 3.454824 3.352455 3.174436 2.826566 2.371493 1.947018 1.633175 1.350367 1.162742 1.070605 1.194403 1.258871 1.299410 1.196039 1.038751 1.127206 1.339171 1.710259 2.295907 2.872723 3.022567 2.773366 2.296065 2.280203 3.258350 4.992476 6.984711 8.766558 10.058033 10.704156 10.630572 9.802786 8.533944 7.259382 6.241635 5.554242 5.053330
5.997194 0.746079 239.5653 239.5653 0.000000 5.956696 7.472623 9.030196 10.905389 11.042340 10.320424 9.647923 8.129363 6.368763 4.598675 2.024263 1.737553 4.843790 6.178033 4.860422 3.900853 4.842182 3.893153 3.435736 5.832660 7.290937 5.957081 2.393367 4.880001 10.152190 11.992842 9.987782 6.395535 4.109383 4.519881 6.603693 7.861700 10.174518 12.767697 11.722989 9.324146 11.208245 15.492637 24.161900 30.590238 28.208748 30.950048 33.656614 37.134987 80.430182 129.738505 155.349008 151.068507 125.666372 93.807530 65.786512 42.682312 22.950313 10.081952 7.681079 10.528607 12.321435 11.545125 8.694104 5.523876 4.950138 6.664186 6.456035 5.636196 6.178888 5.849861 4.143366 3.050290 2.873050 2.414722 1.546579 1.238823 1.910529 2.403733 2.304037 1.971494 2.299841 1.910574 1.349669 3.678446 6.032410 7.686836 9.000043 9.783502 10.278740 11.520519 14.344388 18.508250 22.827421 26.219842 28.553196 30.222025 30.429789 27.316047 20.819274 13.918891 10.145516 10.230311 11.867641
6.051533 0.746256 233.2067 233.2067 0.000000 4.653165 2.288299 5.746073 7.959990 6.905171 5.909671 6.307197 4.622743 3.235497 3.491422 2.149843 1.942002 4.036891 5.351726 3.162240 1.576918 3.629362 2.595805 2.045372 4.326178 5.440173 5.489302 4.319117 6.076733 9.181603 9.620766 6.579548 2.613796 0.867363 1.715848 3.814761 3.732646 6.190773 9.319674 5.388525 3.088323 5.059800 9.452437 19.947716 24.803125 16.909127 24.130379 23.805688 35.616590 83.955657 119.782362 128.344473 112.113662 81.995951 54.500286 37.525295 24.311664 10.631316 2.553928 2.986349 6.038511 7.139016 6.065031 4.020354 2.009070 3.339326 4.524013 2.250665 2.650945 4.277662 3.148062 1.334252 1.158589 1.422096 1.362698 0.736305 0.694698 1.095919 1.569274 1.068479 1.341155 2.673395 3.032155 3.712393 4.338953 4.545951 5.800163 7.311359 8.087903 9.291610 11.908908 14.933372 17.571950 19.082923 19.218437 19.611368 21.701069 22.291199 17.811967 9.341456 3.715337 3.126052 6.132030 9.395573
6.101300 0.706397 230.9376 230.9376 0.000000 1.655051 1.805591 1.707285 1.367248 0.826199 0.515558 0.915384 0.845682 0.754621 0.896677 1.050295 0.478681 1.019511 1.855438 2.025239 1.856551 1.486342 1.505379 1.779160 1.311153 0.925472 1.510559 2.092285 2.040550 2.060585 2.352379 2.163201 1.646185 1.126507 0.714486 0.964727 1.260765 1.985492 3.427016 4.631253 3.888729 2.462127 4.977492 7.841273 13.590785 17.258174 16.191777 14.506769 17.564433 23.067650 25.084138 25.051540 22.119729 19.289252 14.949470 9.049585 3.535870 2.538658 3.794193 3.239357 1.075968 0.941505 0.972223 0.845133 0.615336 0.722042 1.242706 1.524831 1.489090 1.366340 1.325867 1.305723 1.179402 0.932525 0.488211 0.266638 0.547268 0.742920 0.482616 0.199400 0.265335 0.479162 0.896427 1.255185 1.589305 1.869049 1.564659 0.653929 0.153077 0.832334 0.940600 0.705601 1.120357 1.984066 2.109420 2.159928 1.798677 1.205730 0.675876 1.645743 2.689017 3.297087 2.662426 1.293923
6.148568 0.444663 5.2508 5.2508 0.000000 4.864304 0.910282 0.277148 0.118801 0.182240 0.231825 0.365594 0.226598 0.294551 0.289502 0.215144 0.295349 0.415669 0.396776 0.157550 0.129755 0.283651 0.278316 0.277552 0.467190 0.476818 0.261947 0.362558 0.203333 0.276187 0.313844 0.175206 0.106373 0.265022 0.317803 0.242436 0.142130 0.131780 0.531535 1.079193 1.312378 1.572741 2.233468 3.349328 3.932815 4.499327 4.128778 2.632245 0.977020 1.739735 1.596099 1.102146 0.593984 0.998330 0.753626 0.491862 0.384076 0.433283 0.381034 0.480827 0.589552 0.559513 0.446033 0.147698 0.392845 0.430633 0.140982 0.570107 0.353802 0.400973 0.191681 0.271048 0.167579 0.240513 0.116407 0.296966 0.279671 0.284011 0.202257 0.247767 0.257865 0.147552 0.192254 0.255476 0.137923 0.092367 0.094886 0.142401 0.267966 0.186130 0.102660 0.162336 0.075055 0.133923 0.078264 0.098832 0.201034 0.078567 0.125227 0.089843 0.091989 0.097373 0.074434 0.182551
6.191530 0.951595 244.1245 244.1245 0.000000 5.053460 4.916160 6.385275 6.858617 7.371744 7.566336 8.379964 8.723137 8.904963 8.113960 6.312214 4.523781 2.761751 2.011020 3.004399 3.930155 4.421502 4.034096 3.178773 2.170603 0.991358 0.596753 0.720746 0.299670 0.953774 2.508480 3.795315 5.176335 6.010816 5.846803 4.860903 3.741723 3.500371 5.131880 7.138387 8.333604 7.865580 5.567307 3.666184 6.014010 10.718055 14.639402 17.243415 22.250957 32.866889 47.298251 60.163717 66.459746 64.242526 54.300893 40.794194 28.548858 20.814029 17.064445 15.083322 13.854229 13.192968 11.840131 9.276705 6.116029 3.851436 3.833135 4.985867 5.464897 4.735138 3.180073 2.251087 3.187581 4.940865 6.256577 6.772992 6.547321 5.753009 5.138047 5.331816 6.463321 8.007356 9.036098 8.954310 7.657959 5.366270 3.385496 3.888232 6.562174 9.368565 11.445720 12.600898 12.725575 11.930895 10.770139 9.689746 8.549280 6.866648 4.481345 3.407922 4.909337 7.141585 8.275315 8.120808
6.241468 0.991512 235.8632 235.8632 0.000000 12.345112 16.543520 17.521897 15.008452 11.047941 12.934463 17.628226 20.404277 19.877337 16.649592 13.246244 9.128730 4.184877 3.518328 6.815465 9.503958 11.023507 9.805576 7.776535 6.866689 6.368400 5.803537 4.765842 4.001532 4.375794 5.990207 9.783363 13.990409 14.617970 11.004256 6.991505 3.178714 5.796284 14.337728 19.892665 18.954783 15.150807 9.271951 9.965422 19.296601 29.593634 28.521559 25.404391 31.714221 71.771039 157.454891 221.874024 216.422431 150.694156 74.637551 38.968146 34.628946 27.736035 18.940449 19.247113 25.921097 25.138195 19.083861 12.929874 6.664927 6.280865 11.983197 13.192224 10.562385 6.165792 3.309575 5.706089 10.634016 13.592547 14.171590 12.505936 9.373914 6.181629 5.743752 10.521187 17.215404 21.503563 21.917030 18.464856 12.347346 6.983525 9.866058 16.571444 21.693674 26.156029 30.301087 31.003445 25.604337 17.451786 15.381792 21.189865 26.940728 28.613244 29.191613 29.385737 26.396688 22.535114 19.785582 14.263686
6.301479 0.992460 227.9633 227.9633 0.000000 11.184668 11.938266 13.222833 9.077208 3.429641 7.295415 10.891556 13.058154 11.265572 8.258032 8.153596 7.043928 5.583030 4.329301 4.374155 8.665655 8.326710 3.964461 5.076224 7.757360 8.313858 7.193800 5.253786 3.628249 2.772873 5.954124 10.910420 10.817979 7.131367 3.112997 5.157497 9.718556 14.370198 16.144888 9.903716 8.303309 14.156055 18.410855 9.615845 30.019609 25.895074 19.636146 34.543572 103.913244 187.797550 204.576243 149.065124 67.746885 16.453666 13.462725 12.549171 7.922594 6.720120 16.409548 15.523634 9.567836 8.408679 9.576590 9.489803 9.528971 8.851992 6.620700 4.118314 4.620777 6.470385 7.630324 8.347411 7.672062 6.074462 2.762768 1.785593 3.988117 9.504198 12.848025 14.986571 13.889904 10.840199 10.180815 11.363436 11.783839 12.256848 14.137612 18.197421 21.655650 16.938555 7.585567 5.250677 15.246818 27.464370 35.214426 36.127224 29.605697 17.908818 12.702997 14.005106 8.611381 3.308965 4.738615 3.493776
6.351531 0.903010 232.1767 232.1767 0.000000 7.551824 1.083014 3.028982 3.183915 2.754745 1.578914 0.600369 1.574877 2.320424 2.134634 1.676394 1.441673 1.730706 1.920272 2.011148 2.667152 2.444783 1.704302 1.744898 2.173829 2.777388 3.055946 2.049329 1.058365 0.842586 1.793523 3.663460 2.806565 1.109201 2.802170 3.212727 4.905744 4.242756 3.121565 5.422576 3.385338 4.867161 12.816093 18.016174 20.306224 25.203465 26.441485 27.704483 38.365840 51.362323 55.815543 50.941615 37.682034 22.093332 10.831198 3.618978 1.551013 3.154107 4.668228 3.830645 2.250626 1.815117 2.230230 3.069885 3.028928 1.616859 1.053449 1.273489 1.178649 1.387053 1.512148 0.776733 0.658009 0.535058 0.540039 0.972595 1.333494 1.828700 1.620536 0.976463 1.507835 1.727538 0.965690 1.568163 3.403986 3.113816 1.039126 0.858828 1.073708 3.373159 4.144806 2.789354 2.184565 3.247979 5.904280 8.796563 10.519682 9.981199 7.482334 4.011778 2.705465 3.414533 3.228307 2.548562
6.401525 0.655530 207.7973 207.7973 0.000000 2.204437 0.963278 0.677987 0.103442 0.115165 0.292415 0.586265 0.351589 0.468793 0.601295 0.800999 0.237804 0.444160 0.498006 0.210094 0.473160 0.664623 0.207355 0.201834 0.225749 0.228859 0.208678 0.317384 0.329210 0.257612 0.416496 0.683653 0.906400 1.002635 0.918967 0.334749 0.963314 1.539955 1.715743 2.582954 2.892952 4.089555 6.128091 8.991414 8.758345 9.034292 9.548970 4.959396 4.841156 7.364875 7.151446 5.957499 5.427048 4.898573 5.376444 5.183816 4.296747 4.130568 3.125101 2.121830 2.236746 1.842581 1.445202 1.320050 0.914579 0.606635 1.019226 0.575487 0.630883 0.704487 0.781238 0.248187 0.443240 0.500702 0.212941 0.489716 0.240099 0.206299 0.744168 0.159504 0.164548 0.442793 0.091036 0.320664 0.436146 1.163907 0.893203 0.569235 1.356377 1.510422 0.893468 1.068698 1.615815 1.088647 1.003963 0.858835 0.914556 0.931036 0.997808 0.746338 0.568504 0.426249 0.727656 0.764983
6.447653 0.700758 239.5315 239.5315 0.000000 4.999295 3.553235 3.157491 3.138216 3.076170 3.312568 3.244360 2.328246 1.986776 3.152533 4.407390 4.833254 4.839992 3.987246 2.794229 2.015301 1.549239 2.055467 2.316545 2.484964 2.688389 2.804886 3.051501 3.346834 3.928856 4.992965 5.659504 6.347191 6.914905 8.003460 10.191580 11.830487 13.388845 12.464474 9.275767 5.377292 4.948773 10.492706 13.585838 14.537407 14.963069 14.493175 16.715100 30.946984 55.017870 76.530047 88.314674 88.810300 79.602709 64.474457 47.681085 31.556302 18.555970 11.088551 11.087954 14.919321 17.568666 17.397342 14.504642 10.373709 6.940609 6.675085 8.559966 10.278266 10.943590 10.258648 8.739399 6.889638 5.289646 4.535240 4.804293 5.612982 6.652517 7.421091 7.807463 7.515511 7.148302 7.236444 8.116460 9.249790 10.281009 10.730839 10.557189 10.449456 10.776675 11.377805 12.081322 12.750534 12.827193 11.708699 9.551872 6.947756 4.692423 3.442883 3.470376 4.385636 5.694422 6.855935 7.242604
6.503057 0.701129 234.3733 234.3733 0.000000 7.091402 8.592382 7.036912 4.953718 4.036612 5.357102 5.756622 3.634124 1.111260 4.941520 7.229258 8.017139 8.357426 7.302120 4.744214 3.081423 3.657966 4.459383 4.587601 4.492589 4.596280 4.605712 4.428256 4.448682 5.364399 7.517742 9.902463 11.762859 13.622141 16.399206 19.741482 21.985780 22.099353 20.301178 15.917172 9.036879 8.171265 15.552266 22.499141 17.666258 9.557299 23.254269 19.550762 45.345379 97.703380 133.581173 144.625664 136.161474 116.133443 89.806257 62.029367 37.570272 18.147397 6.449436 9.291453 19.023254 25.771135 26.853220 23.573591 19.559913 16.548497 15.186215 15.617677 17.098430 17.599631 15.904645 13.555482 11.325083 8.920644 7.644969 8.194370 9.125174 10.140418 12.130532 13.994502 14.192063 13.237561 12.707304 13.808949 16.123720 17.189535 15.205460 12.373083 11.937897 12.840503 13.405120 14.344676 16.368654 18.380801 17.149669 12.242455 7.507555 4.303127 2.424512 2.787916 4.358444 7.220147 10.363508 11.888044
6.551384 0.701124 226.6576 226.6576 0.000000 5.718587 5.317357 4.352926 2.254482 0.868044 2.674380 3.431294 3.210326 3.059241 3.494837 3.376606 3.251854 4.095630 4.024127 2.129201 0.813931 2.514486 2.728302 2.147181 1.950539 1.967756 1.813127 1.353152 1.293647 2.014695 3.636997 4.981152 5.876701 7.152376 9.101253 10.572945 10.187260 9.106873 9.042719 9.742664 9.610962 5.451811 10.655992 18.928908 19.673576 22.498443 26.123110 36.130156 52.884038 64.563807 65.020053 57.653251 48.342453 38.116065 26.795330 16.614253 10.005085 5.760115 4.262947 6.464957 10.517031 11.831552 10.098685 9.240065 9.943614 8.637740 6.669949 6.910565 8.188232 6.583685 5.113201 5.260271 4.176974 2.482126 3.456167 3.860657 3.312784 4.812559 6.864482 7.121686 6.163877 5.111597 5.386215 7.300378 8.164183 5.959867 2.863180 2.613527 3.322954 3.159940 3.400382 4.841016 7.384404 7.603596 4.413054 2.030270 1.842275 1.660020 0.910908 1.448925 3.435881 4.608977 5.218144 6.296953
6.601523 0.389351 209.3329 209.3329 0.000000 3.902707 0.491157 0.471815 0.793803 0.783146 0.411135 0.522745 0.604653 0.535948 0.544215 0.446153 0.325543 0.452988 0.553813 0.744864 0.714493 0.762363 0.529660 0.383889 0.291956 0.256543 0.327849 0.270678 0.238075 0.274044 0.172496 0.189703 0.273721 0.278447 0.302906 0.325285 0.535307 0.651479 0.459734 0.543577 1.101007 2.228454 3.663651 5.346371 8.091944 11.015630 11.469228 9.310322 7.414792 7.079203 5.247194 3.659179 2.727223 1.146263 0.497124 0.462643 0.604228 0.743512 0.103125 0.295331 0.514459 0.895702 0.764324 0.597200 0.614745 0.622015 0.698210 0.608812 0.505213 0.792678 0.768478 0.616436 0.478278 0.433636 0.468635 0.576309 0.612510 0.538827 0.500213 0.560052 0.589197 0.479612 0.350293 0.335158 0.386492 0.546543 0.705320 0.802146 0.822858 0.694447 0.539347 0.321140 0.130261 0.221253 0.509949 0.826983 1.015063 0.937099 0.814514 0.687562 0.624026 0.696408 0.694241 0.553399
6.650058 0.879852 239.2176 239.2176 0.000000 4.533279 1.854008 1.350075 1.162770 1.122559 0.884655 0.791383 1.672058 2.177875 2.935929 3.506624 4.032671 4.112016 4.014918 3.838364 3.191563 2.601980 2.517747 2.136265 1.884796 2.032841 1.305760 0.907503 0.360163 0.841066 1.652395 2.679287 3.167263 3.643945 3.914226 4.483839 5.552028 6.348951 6.909943 6.802180 6.133194 5.675226 4.535820 6.337392 8.125075 9.867421 12.925596 15.623164 20.408930 24.950094 29.337494 31.801888 32.114259 29.397238 25.082202 19.497689 14.300025 10.977710 10.082004 10.331103 10.187542 9.499657 8.191459 6.465998 4.715720 3.125736 1.988362 1.648331 1.838909 2.024886 2.710861 3.689209 4.681133 5.368236 5.749893 5.797202 5.396257 4.780752 4.048751 3.338158 2.780939 2.356695 2.030382 2.218042 2.910443 3.732598 4.637282 5.314423 5.546848 5.270851 4.508763 3.300305 1.993405 1.225735 1.674931 2.816189 3.778938 4.438409 4.691723 4.379269 3.630730 2.601291 1.827387 1.881652
6.698392 0.970889 232.2019 232.2019 0.000000 8.799458 6.836711 3.327256 3.115733 5.033766 6.704501 8.665801 11.707056 14.201923 15.498707 16.417165 17.483692 17.190652 14.302586 10.219167 7.709742 6.146407 4.228190 4.934732 6.744035 7.090650 6.652253 6.040244 5.829803 6.173744 8.490583 11.000872 9.789008 7.534720 9.804296 13.387042 17.548056 22.711730 25.534904 22.200396 12.993827 6.012913 13.245090 26.483838 35.002148 34.991585 34.945677 47.106938 81.126572 134.507706 174.900150 169.685427 120.898101 59.349439 24.196756 22.792767 20.932661 21.822205 29.594749 32.673051 29.255670 23.905991 16.814652 7.658994 2.340752 5.304591 4.058371 1.877966 4.966577 10.463922 15.339470 18.066712 19.175896 19.266400 17.632325 14.682635 11.564452 8.104812 5.679412 7.298286 10.717356 13.678087 16.098694 19.427914 23.779539 26.312991 25.471703 23.100386 21.018355 18.529627 15.459266 12.689104 9.454153 8.624028 15.751580 23.587013 26.303729 22.153032 13.649313 7.809520 8.316321 10.391693 10.687004 9.447269
6.751501 0.973355 237.6204 237.6204 0.000000 9.062437 6.772385 2.401464 1.900269 5.451038 7.849968 9.935385 13.735542 17.123305 15.365829 12.808048 15.358633 17.335891 15.306381 8.934450 3.981262 5.633987 4.821048 2.800278 6.425738 6.793397 5.963364 8.321692 9.764835 6.816477 4.253684 9.868645 11.099817 5.489700 3.191391 7.528930 9.103663 13.281348 19.630041 24.341171 22.649084 12.452787 9.686095 19.215398 24.049770 32.686733 29.291778 24.479500 28.034392 56.981893 143.146027 219.436355 218.158545 150.001631 68.626350 20.741536 16.089880 13.009407 10.078518 21.426367 28.094604 23.399731 20.049714 19.298025 14.613390 9.328505 7.756153 6.111668 3.196301 2.688740 6.593606 12.152494 14.380600 13.950765 14.561695 16.150740 13.005495 9.172455 9.082357 5.433728 1.477237 7.997350 13.980777 16.601603 14.224923 16.920203 25.855225 26.897417 22.755733 19.801372 20.312176 23.291850 23.828424 19.750054 10.646258 3.731854 15.529840 26.474302 32.577815 31.399597 24.424378 16.041042 10.483094 8.786141
6.807685 0.973345 235.7359 235.7359 0.000000 6.710567 2.380991 1.721659 2.063695 1.989697 2.454681 2.370201 4.392135 6.220119 3.520594 0.902006 2.916660 3.803799 4.304778 3.179947 1.806522 2.559220 3.608002 3.359919 2.863145 1.975704 1.868707 3.886660 5.231272 5.094248 5.155680 5.629785 4.512015 2.851553 2.739295 2.983727 4.508896 4.249282 5.610041 8.950123 8.238576 7.139381 13.927896 18.355279 14.840765 25.053056 31.464755 27.570750 23.970890 48.852741 80.055339 94.356909 79.183324 47.910215 25.429259 13.327439 7.108661 5.547748 6.958107 8.692373 6.064858 2.022381 3.037361 6.032693 5.633838 4.327852 3.480038 2.520327 1.256153 1.304869 3.080721 2.953268 1.576895 0.880878 2.096901 3.365720 2.447126 1.878314 2.317002 2.536634 3.331968 4.384655 5.071033 3.559262 3.597894 6.791725 6.943078 4.081729 2.314253 2.743841 5.953419 8.985921 9.981184 8.281598 6.170276 6.139098 8.292147 10.434591 11.176147 11.592065 9.452765 4.784625 0.448212 3.279479
6.851520 0.694220 209.4809 209.4809 0.000000 3.600043 1.030601 1.222589 0.169245 0.439035 0.038662 0.661147 0.821955 1.234134 1.001869 0.521987 0.176584 0.515456 0.093255 0.670806 0.550213 0.861502 0.994141 0.560504 0.268391 0.840995 0.828792 0.317143 0.583419 1.296352 1.354464 0.960979 0.988957 0.987406 0.304972 1.102090 1.611730 2.759250 4.076530 3.628282 3.729821 3.588523 7.616349 12.015724 12.470207 10.911067 12.785053 11.135163 10.029954 10.729342 8.680909 5.002407 3.507898 7.399688 6.866021 3.737417 2.945883 2.457618 2.335024 2.481329 1.397944 1.949518 1.403700 1.238674 0.395360 0.859216 0.734027 0.689616 0.694511 0.386191 0.293387 0.637221 0.424711 0.154602 0.152099 0.333674 0.837323 0.984354 0.762635 0.375335 0.117410 0.195618 0.099668 0.292425 0.806571 1.080397 0.928078 1.096535 0.948721 0.611258 0.858762 0.782169 0.566610 0.576304 1.154578 1.314693 0.761410 0.761440 0.932901 0.851807 0.900144 0.564485 0.541037 0.939845
6.901464 0.659332 234.5830 234.5830 0.000000 6.271765 6.105096 5.749723 4.477388 4.294038 4.378968 4.318414 3.119158 2.878162 2.174121 2.999803 3.557126 4.017793 3.821560 2.999347 2.638796 2.246544 2.012688 1.526511 0.976732 0.411804 1.205824 2.425554 3.136726 3.374870 3.124016 2.570870 1.763119 0.945783 0.659368 2.244261 4.368850 5.209511 6.114846 5.072525 6.007050 5.988320 7.954559 7.635383 7.641519 10.827306 13.440788 23.919425 42.444751 61.157044 76.161863 81.708200 78.539780 69.726976 57.325094 43.199333 29.630815 18.672651 12.192615 10.033927 9.455255 8.366671 6.715411 5.304968 3.994704 3.631052 3.967791 4.633390 4.843085 4.375734 3.362764 1.994306 0.964601 0.972366 1.977747 2.714380 3.013002 2.887283 2.543561 2.678572 3.050510 3.064364 2.464323 1.641029 1.130179 1.278862 2.149155 3.453503 5.017016 6.153778 6.422648 5.808116 5.353994 6.022951 7.892614 10.186807 12.421564 14.300922 15.352115 15.333809 14.213531 12.169434 9.453036 6.542336
6.951459 0.657127 231.0583 231.0583 0.000000 8.449667 11.114633 8.811220 4.951391 4.483042 7.311732 8.771630 8.380041 7.008839 5.799511 5.928163 6.786877 6.556702 5.002109 3.834395 3.308308 2.355337 2.238179 2.459888 1.821480 1.816025 3.220557 4.882415 5.715814 5.482842 4.812087 3.378692 1.560265 1.012476 2.639634 5.998856 8.568877 8.721163 7.178861 4.424217 5.646742 7.627888 10.866981 5.548697 11.792643 16.030902 13.570013 54.119797 101.785475 130.975671 137.888601 128.925523 111.394871 89.544162 66.663068 43.843702 21.982415 8.325295 9.185146 10.589547 10.087977 8.019295 4.815698 3.478816 3.015815 3.216261 5.855752 7.285239 6.450641 5.011475 3.881347 2.955677 2.796986 3.508137 4.998927 6.643074 7.405482 7.490029 7.597820 7.814676 7.466820 6.032352 4.010765 2.249651 1.623020 3.134569 6.104449 9.206303 10.920910 9.610579 5.756157 4.501260 7.250236 10.965496 15.241369 19.424519 22.532712 24.455716 24.880551 23.192534 19.437747 14.841657 10.509869 6.930882
7.007504 0.657110 227.8544 227.8544 0.000000 6.092202 5.922670 4.720130 2.081297 1.595754 3.731099 5.180193 5.803593 5.017260 2.987393 2.647229 3.550356 3.377297 2.082443 0.719615 1.614993 1.070973 0.885131 1.586579 1.565912 1.577127 1.918831 2.530594 3.040181 2.447424 2.039564 2.448768 1.631221 1.210159 2.434328 3.878315 4.929192 4.007835 2.800337 3.308379 3.808294 3.607937 6.135981 12.510648 16.264988 17.938423 20.541061 35.138232 54.851701 64.371503 63.181207 55.911285 47.000788 37.582024 28.619511 21.183833 13.480315 5.644941 2.348172 2.418169 2.638189 2.937671 1.915528 0.663907 0.612498 0.815801 2.005704 3.234863 2.959977 1.913103 2.001316 2.145102 2.051138 1.412101 1.792596 3.483698 4.650434 5.153496 5.021915 4.878834 5.090033 5.029137 4.041241 2.385084 0.962506 0.944194 2.244863 3.484958 5.245658 5.803734 4.265300 1.921879 1.811296 2.821995 3.725299 6.267312 7.759375 8.874939 9.985383 10.727033 10.419043 8.676841 6.971694 5.580953
7.054386 0.461497 204.3144 204.3144 0.000000 1.373565 0.643457 0.844209 0.388287 0.686216 0.286515 0.421123 0.641599 0.940874 0.742505 0.482697 0.446066 0.319589 0.726661 0.448556 0.629822 0.422849 0.504339 0.293999 0.142136 0.126220 0.100464 0.147234 0.522710 0.567926 0.537882 0.625039 0.842073 0.886690 0.745798 0.494908 0.836926 1.063729 1.144304 1.766202 2.615332 3.648969 5.351668 7.658807 9.524737 9.403875 7.994842 7.866379 7.411751 4.624973 2.569258 1.986341 0.700133 0.456143 0.711196 0.582443 0.695083 0.924276 0.604760 0.341076 0.526225 0.382609 0.404647 0.484646 0.321795 0.344113 0.330340 0.348524 0.496700 0.476807 0.275961 0.144967 0.168670 0.363950 0.564269 0.547924 0.468697 0.389621 0.343661 0.159786 0.208452 0.421457 0.606691 0.585668 0.353654 0.333647 0.292757 0.234535 0.399593 0.532285 0.520172 0.475906 0.405867 0.311680 0.386292 0.404639 0.284416 0.152784 0.110204 0.204720 0.349102 0.276728 0.095278 0.147227
7.102806 0.903011 238.9426 238.9426 0.000000 8.896683 6.722152 6.210596 4.749082 3.492409 2.007112 0.467591 1.519044 2.626848 2.936167 3.579242 4.156419 3.842433 3.929654 3.430508 2.295842 1.393511 1.118385 1.368685 1.883563 2.487260 2.966621 3.457534 3.918894 3.576157 2.610992 1.560288 1.542699 2.736018 3.912945 4.894302 6.041729 6.678432 6.943636 6.055692 4.651964 6.117786 9.383088 14.484100 17.975262 19.438388 20.431718 21.054946 26.553188 35.083047 44.398580 50.023745 51.101338 46.548202 38.429170 28.843426 19.508756 11.729544 6.430581 6.080921 8.735858 10.494880 10.280459 8.450051 6.235468 4.756706 4.204169 3.898831 3.845396 4.543649 5.675565 6.424289 6.051255 4.709574 2.606531 1.219168 1.939840 3.279062 3.898898 3.779866 3.366807 3.082091 3.119334 3.266184 3.076564 2.535302 2.249797 2.553446 3.027764 3.436998 3.616856 3.648309 4.096083 5.109759 6.683865 8.263611 9.468438 10.137418 10.132584 9.497885 8.560759 7.403862 6.025491 4.409440
7.151592 0.955353 231.1891 231.1891 0.000000 12.004781 12.860833 13.778389 14.771735 11.859165 7.492907 5.804186 7.133046 7.180738 5.615537 7.046987 10.809877 11.328174 8.711357 5.890662 3.159780 1.208128 1.343231 2.411443 4.103122 5.272661 6.834934 9.217500 10.998323 9.807690 5.996696 5.288981 8.380171 9.611227 8.438055 8.930471 16.678155 21.829194 17.836562 10.431818 14.164753 27.723860 40.188168 48.549128 49.466810 38.126588 26.711094 44.734685 105.090381 174.435590 198.163746 159.170237 98.074224 67.071338 56.163886 38.491264 18.705514 15.319638 25.218113 29.800367 28.964534 23.080046 11.433480 5.374710 11.406039 10.652298 5.032298 7.934203 17.123237 22.796661 22.646158 16.739610 9.614467 7.128147 8.643564 11.815985 13.436685 10.465822 3.962765 3.950038 9.900391 14.405929 17.400286 19.397157 20.524023 19.985637 16.931547 11.953281 7.649040 6.207034 8.943414 16.421909 24.951425 30.979867 32.606250 28.457263 20.890241 18.309052 20.067258 17.636599 11.222328 6.942407 5.931726 7.309123
7.207850 0.956712 233.7753 233.7753 0.000000 9.671361 3.564192 8.650126 13.539321 12.278324 7.899441 6.548217 7.223970 6.697460 4.197122 4.234019 9.080262 10.293013 6.326109 3.324945 4.507301 2.929303 1.317195 1.414595 2.479525 2.313051 3.326466 4.908824 8.016131 9.830642 8.888679 8.331760 8.268802 6.595439 5.683313 2.865270 12.670149 21.091876 20.700219 18.221801 17.507008 18.189748 24.342669 36.906301 27.737253 40.549707 22.609455 15.731729 45.825929 141.306482 203.666805 182.066272 99.642986 40.969018 37.562838 38.422543 31.396720 24.166160 21.582423 22.032923 21.013477 20.121975 19.483566 15.485859 14.269876 13.750909 10.552900 9.148674 12.239548 15.911962 22.314739 23.485433 16.401117 9.964312 7.177535 5.666546 10.652762 13.331431 9.679572 4.779349 5.496194 10.387522 14.332393 18.774384 24.249845 26.235876 23.375429 17.530950 9.601774 3.907960 2.084553 5.130915 13.652671 20.192067 24.931507 26.711786 22.392826 11.626901 9.213629 16.627174 17.012796 8.530790 5.005580 8.293470
7.261452 0.920161 234.5145 234.5145 0.000000 7.758333 3.401385 2.789682 3.726938 3.896227 1.759451 0.821879 1.679979 1.738989 2.861477 3.276391 2.412941 2.568311 3.732987 3.936112 3.750017 3.089033 1.697780 1.061469 0.913839 0.869836 0.907728 0.927380 1.251245 2.938831 2.548741 2.120787 2.655326 2.266746 1.056394 1.518300 5.469592 8.973458 6.758358 4.496974 7.229627 4.820780 9.536351 14.947572 19.394783 17.303865 24.264368 25.843322 21.249777 35.858103 57.188770 67.634938 62.379265 42.574351 19.925946 7.486125 4.645058 5.913795 7.141121 4.873963 3.370926 2.528974 1.867428 3.891448 7.356924 7.757014 6.241481 4.039491 3.194256 4.055571 3.069805 3.019345 6.720621 6.621265 3.843242 1.880617 1.934474 2.323423 3.806839 4.189793 3.407195 2.250113 2.337153 3.124073 2.856673 4.684425 7.841128 8.493345 6.843219 5.105608 4.402658 3.161558 2.521314 3.779156 4.235554 3.021373 2.972589 4.355314 4.381483 4.641285 5.178695 5.579464 5.785577 4.983952
7.307581 0.673091 235.1478 235.1478 0.000000 4.705866 0.363066 0.752001 0.927832 0.569315 1.374586 1.051578 0.864797 1.034533 0.636560 1.097784 0.485471 1.048587 1.395282 1.636526 1.709572 0.752018 1.115585 0.903507 0.765034 0.757807 1.113270 0.970627 1.181956 1.048510 1.254031 1.473746 1.485140 1.995265 2.216915 2.536897 3.732863 3.685952 4.367893 6.079185 2.623644 10.209410 6.560783 14.786875 6.770577 14.899971 4.629076 18.940749 19.235190 16.854935 20.192330 23.283601 20.232657 13.394156 13.096438 9.553183 4.760786 3.125673 1.959863 2.485398 2.074980 1.728282 1.853067 0.990496 1.038929 0.842429 0.830660 1.159728 1.264568 1.404216 1.205556 1.491157 1.117846 1.139325 1.214438 0.649942 0.821790 0.540360 0.176428 0.277055 0.686815 0.311775 0.711771 0.869437 0.344625 0.607856 0.632271 0.363668 0.268820 1.084999 0.972348 0.416907 1.291677 2.154932 1.917030 2.461638 3.210749 3.072327 3.764893 3.536679 2.926387 2.684810 2.739192 2.134516
7.351469 0.607928 239.6894 239.6894 0.000000 5.240029 5.858200 6.425293 6.502688 6.235989 5.636022 4.757173 4.152996 3.722420 3.221639 2.454576 1.605459 2.115477 3.602662 4.396243 4.330578 3.684652 3.290172 3.304232 3.081649 2.563378 2.105581 2.236007 2.980248 3.768129 4.017945 3.647482 2.837621 2.944731 4.826876 7.083163 7.985956 7.780796 7.003325 6.251580 8.549162 13.485570 18.520397 21.839199 19.317346 16.581145 16.033163 15.057892 20.274411 48.409772 79.653440 101.483081 109.615590 104.622723 90.750455 71.932535 51.574886 31.889665 15.944905 5.151189 5.930149 9.522351 9.149303 6.512173 3.881502 2.460608 1.223392 1.240040 3.205586 4.106839 3.314743 0.996439 2.070820 3.584301 4.079666 4.173299 4.032473 3.644578 3.046608 2.309702 1.431086 0.990569 1.110221 1.430026 1.399950 1.147674 1.635443 2.606383 2.959895 2.550630 1.948226 1.891205 2.915151 4.726600 6.713384 8.680771 10.668216 12.845566 15.459406 18.219368 20.065948 20.125928 18.064771 14.198831
7.411430 0.605886 237.4181 237.4181 0.000000 6.010285 8.413991 8.518958 7.968870 7.090026 5.518786 3.954264 3.466713 3.227622 2.672772 2.389284 0.829919 2.576899 4.309308 4.502286 3.624129 2.337447 2.353725 3.124713 2.590319 1.670031 1.251373 1.010749 3.027294 3.971280 3.192075 2.819554 1.446895 2.568373 5.303134 6.816274 6.415709 5.258646 4.359142 1.723695 7.534139 13.368825 16.408084 22.851651 16.887226 13.537516 18.909667 16.331113 36.103800 72.829977 100.759778 111.739764 108.657611 96.655140 79.947114 60.859790 41.129424 24.448083 14.288143 10.986001 11.136043 10.079605 7.020208 3.743839 1.804095 1.890881 2.757396 3.857516 4.763723 4.543910 3.505853 3.294039 4.048497 3.735380 3.155598 3.373044 3.223986 2.982921 2.863894 1.866094 0.801281 1.038723 1.807999 1.949742 1.292550 1.361802 3.425917 4.640002 4.068174 2.258507 1.340285 3.302085 6.184239 8.900250 10.860500 12.154128 13.803925 16.750202 20.316413 22.640286 22.379940 19.359668 14.067561 7.737295
7.457013 0.605877 223.2775 223.2775 0.000000 3.753078 3.042662 2.657080 2.123534 1.872087 1.216497 0.460606 0.339534 0.682367 0.218426 1.252106 1.659155 1.670352 1.425594 1.019672 0.603736 0.601951 0.675172 0.975407 0.615384 0.123346 0.490980 1.218644 1.603533 1.038481 0.492349 1.060566 1.667679 1.804454 1.535271 1.275462 0.741218 0.350633 1.646415 3.749877 4.899509 4.348618 8.054468 14.710256 16.310996 15.501802 16.824414 21.947528 27.330910 28.489061 26.015537 22.448382 18.843220 15.768886 13.370145 10.353592 6.537033 4.424144 4.694364 4.590532 3.267920 1.716747 1.117148 1.092173 1.418961 1.969109 2.047022 1.666018 1.670586 2.135710 2.335778 1.874589 0.910259 0.671185 0.714476 0.211821 0.630527 1.137296 0.999113 0.658260 0.696795 0.779520 0.977336 1.286431 1.860489 2.332448 2.298706 1.772375 1.094772 1.365525 2.262584 3.161903 3.453754 3.068760 2.613637 3.335933 4.775353 5.766725 5.726813 5.084965 4.146658 2.912977 1.501685 0.783360
7.505013 0.803541 238.9114 238.9114 0.000000 2.171833 1.567089 1.155017 1.172344 1.222570 0.659067 0.529260 0.495774 0.241541 0.633726 0.179309 0.561117 0.681684 0.608867 0.669352 0.937724 0.742141 0.899623 1.269298 1.200668 1.108800 1.249598 0.943836 1.142915 0.862127 0.743951 1.236199 1.418609 1.634977 2.070110 2.154103 2.015768 1.860274 1.897530 2.610359 2.677194 3.986013 4.995824 5.211121 8.347097 7.494919 6.180246 10.117770 11.242550 12.256482 13.199775 15.326724 15.819671 15.525955 15.110870 13.348152 11.575163 9.716659 7.541673 5.358949 4.466197 3.562752 3.351745 3.830960 3.557602 3.646891 3.675608 3.131444 2.873858 2.412974 1.659989 1.737251 1.516486 1.877641 2.401404 2.155928 2.167844 2.093743 1.363270 0.678804 0.608524 0.665789 0.855639 1.037556 1.212149 1.271809 0.819754 0.694192 0.686021 0.509064 0.356813 0.354297 0.358714 0.491721 0.977719 1.516420 1.965385 2.326855 2.810682 3.171990 3.300939 3.316416 3.278848 3.121936
7.552471 0.970057 232.3580 232.3580 0.000000 9.903779 7.995685 6.220803 7.227765 8.563134 8.827198 8.486893 7.434514 6.512562 6.587025 7.079826 7.345595 7.045714 5.811110 3.589575 1.691172 2.672393 5.711303 8.232112 9.579176 10.384811 9.878664 7.307938 4.937904 5.617658 7.968162 10.888864 12.898357 12.375528 8.621322 3.823592 2.439093 6.771708 11.126901 13.161386 12.917179 16.218995 25.612493 34.101397 36.168553 33.926504 32.355266 39.463030 69.443570 114.017802 143.603400 140.293831 107.704233 66.539466 38.031695 26.810454 20.244641 11.268659 6.238475 10.289283 12.972811 13.015083 13.752694 16.477767 18.330984 17.211802 13.559784 8.785969 6.205398 9.457700 13.947846 16.811904 18.237068 17.868369 15.370618 12.057615 9.835483 9.929771 11.469972 12.254720 11.432260 9.319802 6.437737 3.585060 2.880247 3.924591 5.134558 5.808961 6.000065 7.320997 10.164308 11.817051 11.436514 11.602276 15.964505 22.139864 25.258710 22.879683 16.004785 10.076728 10.068440 11.621281 9.679255 5.752901
7.607628 0.975196 231.8081 231.8081 0.000000 11.744844 8.231410 3.121750 8.891149 10.031279 12.792095 15.593140 14.239744 11.340400 10.138243 9.999006 10.182377 10.427105 8.814005 5.131527 2.846310 4.809265 8.884258 10.766126 10.537512 13.240008 15.958180 14.455978 10.550080 8.139598 8.622190 13.316873 17.268393 14.757427 10.078469 5.436281 3.542088 6.353088 12.713483 13.731812 7.762184 11.495413 30.946465 38.056319 38.705950 23.281353 25.207643 17.497042 78.017042 186.938531 239.583133 207.775249 130.391555 59.440073 20.112334 22.761056 21.853399 11.030473 5.787462 10.628600 11.758277 10.088746 9.561858 17.050632 20.934938 19.364649 16.326464 14.237564 14.754820 17.694760 18.644143 19.029773 22.498957 23.621173 20.162892 15.919193 15.381682 17.732427 19.341512 17.576438 13.387933 11.907128 10.444195 7.683509 5.984152 4.617982 6.898981 11.471859 14.453905 16.135420 16.903665 15.526456 10.335894 8.320479 18.308876 30.527206 35.921831 30.003892 15.190078 6.840892 12.787222 18.088492 13.986009 4.898508
7.663037 0.975251 233.9884 233.9884 0.000000 9.444493 6.542534 4.618808 4.211816 2.181813 5.084590 8.938387 7.865426 4.696130 3.502266 3.520955 2.937204 4.194520 4.430477 3.544472 2.101237 2.789129 4.409442 4.464150 2.315574 3.631968 7.049959 8.639789 6.513098 3.005076 1.290055 3.949205 6.993614 5.694300 3.288469 5.120288 3.923587 2.810828 5.658029 5.651813 3.794331 6.014455 22.890682 21.879531 13.652442 29.125773 28.838855 34.154986 55.028104 95.670808 122.225832 111.537392 73.236516 36.992359 16.403321 8.124910 7.088801 7.831202 7.730842 4.387641 2.540388 2.426240 2.276655 4.819986 6.372058 5.572520 4.782257 4.894900 6.481332 7.814706 9.313013 4.128465 5.663739 8.586114 8.074113 6.650202 3.303349 6.553423 8.621215 8.371182 6.470101 2.671604 4.666654 5.270430 3.993413 3.087768 1.924945 4.274190 7.307607 8.908676 8.032511 6.813968 5.905873 4.030633 4.703009 8.657118 12.571085 15.462769 14.306274 8.628166 6.050754 8.576395 10.181805 8.766834
7.711526 0.736910 214.7353 214.7353 0.000000 7.845748 1.021814 0.741668 1.912067 1.536778 1.252519 2.196566 0.745037 1.139508 1.310878 0.935198 1.215267 0.735194 0.805692 0.995599 1.183346 1.020296 0.337799 0.916395 1.293062 1.033544 0.937491 1.097232 1.709041 0.761484 0.923043 0.888880 1.531768 0.903365 1.339805 1.556161 2.320553 1.700767 2.353030 2.019524 1.448820 8.658363 13.606213 17.030570 17.023564 14.717989 15.324245 21.828849 11.768911 14.970447 19.803933 11.553813 4.481507 9.035697 6.244739 3.958801 2.745732 1.692475 1.989854 2.251188 1.690417 1.873226 1.286733 1.728936 1.708075 1.145195 0.547678 0.974794 0.566282 1.055676 1.673038 2.431649 2.278863 0.827961 0.590573 1.303260 1.246081 0.406394 1.150200 0.818709 1.180092 1.044371 1.765712 0.695016 0.853191 0.545139 1.790565 0.945749 0.584304 1.365763 1.237372 0.578048 0.833044 0.351600 0.711124 0.897669 1.054846 1.065910 1.800147 2.120851 1.718142 1.936589 1.182885 1.113912
7.757060 0.491008 236.2532 236.2532 0.000000 6.743416 6.477036 5.854947 4.861090 3.776956 2.495694 1.961462 3.359204 4.764630 5.665349 4.885556 3.556089 2.604133 2.478816 2.532910 2.232871 1.964713 0.899108 0.717676 1.087417 1.239619 1.223511 1.285007 0.998684 2.162684 3.092831 3.869958 3.552096 2.631053 1.116378 0.743340 0.864594 0.904364 0.564355 2.482946 7.094009 9.098339 15.483025 15.037238 17.909512 16.301964 5.535229 16.969074 37.881230 56.349594 66.426812 68.760143 66.080661 59.321995 49.442043 37.264180 24.083495 12.427224 4.685391 6.569895 10.375550 11.836173 11.939265 9.916802 7.358116 3.588143 1.279577 3.079934 4.497588 5.606912 5.692669 5.673011 5.134598 4.205261 2.931741 2.350353 2.654949 3.239447 3.551840 4.150731 4.893015 5.089154 4.921964 4.045555 2.985801 1.786532 2.222814 3.773294 5.723525 6.996614 7.975392 8.077759 7.653313 6.583920 5.339067 3.734180 2.792257 3.798428 5.542665 7.118116 7.633810 7.027747 5.817421 4.959975
7.811982 0.480244 233.8603 233.8603 0.000000 7.775620 8.985282 6.878960 5.096327 4.059468 2.615890 0.744097 3.518567 6.610757 7.860848 6.470647 3.224019 1.501804 2.477519 2.719375 2.334641 2.189776 2.038497 1.800435 1.516264 1.024015 1.126109 1.369875 0.558710 1.458852 3.467066 4.904372 5.033551 3.841942 2.415989 1.712901 1.737175 1.819307 1.823217 2.831968 5.343736 10.649151 16.874928 15.920414 15.741453 24.567934 26.258188 27.186942 45.929533 69.716880 83.653690 85.827721 80.906615 74.041916 65.853383 54.583469 40.662733 26.728519 16.195391 11.788839 12.614260 14.031064 14.130697 13.364920 11.536065 8.354226 4.668007 3.277723 5.511530 7.281914 8.282395 8.788553 8.631998 7.599312 5.375417 2.117983 1.215290 3.068135 3.332887 3.091490 4.400948 6.151980 6.750659 6.193320 5.116556 3.482368 1.212635 2.043124 4.954108 7.824923 9.606072 10.283544 10.191856 9.451422 8.456369 7.329359 6.242121 5.949273 7.026756 8.959254 10.516839 10.564363 8.642284 5.693846
7.861443 0.480122 230.8645 230.8645 0.000000 5.139349 3.323961 2.019429 0.998889 0.999261 1.177154 1.399368 2.214164 2.939914 3.438371 2.859260 1.999883 1.326625 1.025287 0.763711 0.450260 0.525982 0.881330 0.988294 0.872755 0.535951 0.313425 0.580230 0.999309 1.234917 1.430797 1.832363 2.127718 1.767192 0.991944 0.858333 0.971494 1.025604 1.384811 1.591968 1.548800 2.457826 7.757250 10.897338 8.411063 14.840669 22.269653 23.905875 26.067440 30.029689 30.249693 27.625387 22.284592 19.172723 18.182692 17.308311 15.079797 12.010238 8.922828 6.576318 5.519779 4.828177 3.915904 3.596852 3.663071 3.630974 3.358059 3.075099 2.912236 2.824576 2.877453 3.142722 3.389502 3.339744 2.983621 2.277621 1.532141 1.218351 1.087402 0.608607 0.415220 1.519814 2.219818 2.223224 1.786494 1.687595 1.473514 1.363278 1.630839 2.531429 3.247168 3.309514 3.055484 2.986780 2.537738 2.457492 2.448091 2.349971 2.763137 3.448506 4.011749 4.240023 3.948639 2.910290
7.907697 0.789436 239.4098 239.4098 0.000000 5.169809 2.325735 2.123691 2.284675 2.140493 1.712891 1.417104 0.844789 0.700817 0.868867 0.388794 0.392953 0.322784 0.349792 0.472127 0.250486 0.284471 0.246917 0.351726 0.221576 0.499911 0.518637 0.454272 0.681548 0.469185 0.371814 0.507243 0.807312 0.804293 0.729784 1.053453 1.235220 1.095625 1.210356 1.553143 1.326071 2.353088 3.755078 4.204374 7.578685 6.503767 4.173428 9.155784 9.417453 10.291419 11.166925 12.875255 14.252106 13.652789 13.219898 12.297011 10.755887 9.342364 7.452176 5.704907 4.851641 4.162748 4.344201 3.954884 3.748824 3.632986 3.164460 2.867229 2.500981 2.524034 2.377658 2.249541 2.191492 2.177264 1.893818 1.892414 2.050691 2.049459 1.799257 1.752187 1.910382 1.827907 1.843763 2.150385 2.246560 2.273033 2.274526 2.187258 1.926018 1.917786 2.329129 2.797269 3.426987 3.997064 4.595512 4.926653 5.055697 5.097474 4.790110 4.335096 3.895364 3.441952 2.820619 2.087351
7.951457 0.945051 237.6248 237.6248 0.000000 6.785390 12.799194 16.518811 18.150047 16.777113 13.413742 9.989905 7.854960 7.045281 6.126893 5.065221 4.257766 4.440700 5.710313 6.559584 6.892285 7.110371 7.435296 7.459687 6.717427 4.908007 2.903793 1.888058 2.826554 4.120298 4.778998 3.558549 1.113510 2.055515 3.846708 4.347050 5.277961 7.108149 7.621408 5.443395 2.712456 12.768078 22.913891 28.795918 29.672383 29.626197 34.862390 43.915580 57.748471 86.228869 120.325975 135.822256 120.662882 83.513652 45.154639 21.122248 12.185673 12.278106 16.419499 19.639307 19.466951 17.030598 13.977582 9.917063 6.263750 8.046817 10.224235 9.779073 8.252516 7.069872 6.442922 6.034242 5.734430 6.573803 8.195416 8.786932 7.703951 5.080750 3.180078 5.382053 10.425721 15.050175 17.229086 15.354997 9.864390 5.096778 8.470914 15.873993 22.550561 26.225997 27.032503 27.987881 31.614602 35.263398 34.243075 27.303164 18.472827 13.013758 9.881123 5.948177 4.457098 6.386338 6.544768 5.483874
8.007772 0.950556 239.2496 239.2496 0.000000 3.989555 14.147668 22.097398 23.876478 22.293111 17.453509 10.780212 7.401734 10.141729 10.831723 8.293798 4.873333 4.041344 8.166141 11.911619 12.583353 11.482412 11.512712 12.784592 12.122640 9.232465 5.330155 2.601927 3.755514 7.017804 8.473859 6.004290 2.634596 2.923026 5.040192 3.161390 4.231808 7.316630 9.093975 10.110379 10.655815 18.754320 34.487605 40.052771 24.216173 29.939739 14.905482 49.514319 51.754288 56.260247 162.347685 225.146846 209.619081 139.556474 63.907715 19.349813 7.486923 5.887513 12.250041 17.838189 21.164892 16.887976 13.001295 11.735271 5.595374 5.961849 11.040798 9.968521 6.953561 6.094535 4.129074 5.197507 4.385171 3.289544 7.508099 8.696888 8.939462 7.924178 2.866812 2.073764 8.072683 15.020405 21.515653 25.174510 21.565348 14.891899 11.921304 15.119742 24.081221 31.511212 29.263562 24.303121 27.086033 35.660921 44.882954 43.995164 27.996934 12.876320 12.582910 13.228041 8.221538 9.994112 14.238958 13.242576
8.067097 0.950615 227.9136 227.9136 0.000000 2.711485 8.583787 8.045349 7.713862 7.422164 6.033189 3.414465 2.760661 5.259605 5.333565 3.304245 1.822446 3.343133 6.131222 6.499992 6.017118 2.602170 5.909908 7.136398 4.799961 4.853234 2.491397 1.548134 3.463133 5.402108 4.931739 2.121481 1.911787 3.241058 3.423465 4.166350 2.639056 3.811061 3.764584 9.646262 13.071877 16.809552 28.459966 18.598035 25.701812 34.137510 42.946314 44.687503 67.273369 104.175961 115.580847 92.273696 54.421460 23.378494 6.102495 5.763574 6.051391 0.872172 8.066855 8.487157 2.477627 3.781029 4.911209 5.242649 5.495431 4.743183 2.834783 2.271996 2.118394 1.688530 2.141747 2.942730 3.260207 1.995491 2.029610 4.572428 2.932829 1.424934 4.426254 4.911010 8.100813 11.032553 9.656912 7.261527 4.776889 5.718108 11.002022 11.272303 5.151183 3.265781 5.177918 12.084727 19.995879 18.752635 10.265494 6.001860 8.603691 9.771902 10.059807 10.347446 8.797959 5.661265 3.358942 3.966049
8.111955 0.684457 224.6305 224.6305 0.000000 3.192778 2.414919 1.122256 0.764760 0.312385 0.233371 0.745402 1.112584 0.617560 0.826600 1.077487 0.870925 1.151456 0.987203 1.689971 0.797384 1.427320 1.863728 1.801822 1.265801 1.085882 1.714761 1.265465 0.922055 0.646346 1.830784 1.287602 1.771046 0.872152 1.341548 2.146843 2.379034 3.374036 4.864984 1.836054 6.775988 9.083705 6.184358 17.971245 16.913933 16.091139 19.438732 22.701057 11.547032 25.945810 16.664889 6.888638 18.664522 13.146109 5.016543 5.047404 5.365463 2.590149 2.653081 3.347236 3.374528 2.449553 1.437471 0.545737 0.872897 1.223729 0.506503 0.983657 1.465928 1.605607 0.701587 0.513435 1.105540 1.005171 0.719036 1.078035 1.074868 1.693727 1.714239 1.069307 0.978758 0.923746 1.114958 1.248314 0.975849 0.281808 0.449682 1.196019 2.106585 1.546025 1.366982 0.772232 0.946856 1.790055 1.913656 3.487911 2.477648 1.481466 2.931447 3.540677 1.804590 1.929198 2.868367 1.272302
8.161498 0.429655 239.2163 239.2163 0.000000 3.127852 2.952136 1.758286 0.712707 1.689959 2.057433 2.286788 2.490654 2.609686 2.731890 3.231143 3.689235 4.502278 5.111677 5.229803 4.204235 3.509913 2.689164 1.831073 0.826966 0.914462 1.753993 2.925485 3.210636 3.030236 3.006936 3.501678 3.735467 3.473029 2.886171 2.706314 3.359017 3.364585 3.475018 6.219464 9.427232 12.469835 14.621588 11.009066 9.768681 13.198895 7.788078 8.474727 28.858757 48.801721 64.211949 70.225867 70.219896 64.866534 55.652526 43.953254 30.916176 18.691275 8.932298 2.613404 4.531889 7.241226 6.895977 4.476151 2.138191 2.004072 3.186044 4.117975 3.988017 3.333580 2.306224 1.515872 1.480922 2.292238 2.676800 2.836645 3.006496 3.424118 3.205959 3.219600 2.832941 2.708881 2.510825 2.260476 2.020149 1.820745 1.697668 1.605296 1.985469 2.523720 2.940302 3.099418 2.728983 2.149392 1.242763 1.361767 3.147538 5.439769 7.787633 9.885462 11.316155 12.138449 12.553657 12.569397
8.212003 0.415906 234.4239 234.4239 0.000000 3.809510 4.241931 3.042345 2.453187 2.610404 2.672523 2.628272 2.375312 2.689941 3.377398 3.293250 3.270163 4.362254 5.357092 5.121319 3.892312 2.802911 2.285287 1.856872 1.189460 1.078073 1.580156 2.681619 3.657006 2.976069 1.917530 3.044257 4.308426 3.429530 1.820991 1.348468 2.161071 2.673748 2.210571 4.226066 8.537448 11.413014 14.338175 11.875525 8.168715 16.785482 21.146006 24.364455 39.689574 57.272292 67.493053 70.298937 68.305284 62.521429 53.888248 43.600444 31.346022 18.848615 10.302167 7.048787 7.961215 9.837757 9.043155 6.050095 3.476057 2.901069 3.670271 4.526391 4.197578 3.109872 2.805748 2.919606 3.127809 3.172476 2.481776 2.157769 3.011506 3.507007 3.433652 3.281206 3.142542 3.283115 3.657945 3.886745 3.788443 3.281106 2.336695 1.335363 1.675446 2.859879 3.633078 3.631729 3.195040 2.801007 2.605998 3.026008 4.420641 6.426448 8.654319 10.780225 12.033063 12.113497 12.088782 12.605791
8.263046 0.433166 224.2851 224.2851 0.000000 3.729837 1.828106 1.345197 1.256689 1.291849 0.685100 0.725611 0.350599 0.608243 1.196935 0.711740 0.377978 1.005596 1.379595 1.298344 0.762663 0.350135 0.241786 0.607215 0.655903 0.482250 0.426138 0.742356 1.389096 1.654249 1.517625 1.580571 1.670275 1.413358 0.822049 0.361452 0.581462 1.247053 1.980122 2.697725 2.410950 2.243757 5.391346 9.442629 11.778180 13.760186 15.206001 16.054838 17.679203 18.183649 15.587952 13.505772 12.104894 11.087457 9.364508 8.902897 7.711004 5.054761 2.401618 2.921659 4.245308 4.049679 3.555402 2.405318 1.078529 0.791122 1.021248 1.377845 1.217306 0.449077 0.604260 1.391922 1.624122 1.355145 0.702598 0.440942 0.864624 0.871318 0.652851 0.636084 0.600703 0.789223 1.320863 1.684406 1.890538 1.651973 1.091993 0.653072 0.735856 1.036039 1.204702 1.057963 0.764008 0.805948 1.144171 1.572851 1.871601 1.984294 2.276930 2.724212 2.818202 2.200962 1.779874 2.372259
8.307655 0.870706 236.8705 236.8705 0.000000 1.838923 1.037195 1.731817 2.446654 3.214522 4.178020 4.424666 4.828603 4.977013 4.161265 3.882672 3.153399 2.461031 2.101513 1.591529 1.272652 1.114246 0.964589 0.879774 0.701668 0.863932 0.841136 1.119912 1.342001 1.147313 1.209687 1.098888 1.300188 1.395893 1.740887 2.395329 3.351324 4.078575 4.274433 4.421311 5.238631 6.981948 8.582787 12.344760 12.566850 13.335144 13.756098 15.300356 21.741431 29.795925 37.036607 41.398448 41.371767 37.815486 31.374626 23.221318 16.411403 11.466877 7.421865 5.705480 5.594665 6.544304 7.261065 7.114468 6.253233 5.412086 4.440680 4.554432 4.646876 4.378730 4.198338 3.496375 3.148040 3.010002 2.851856 3.204742 3.068614 3.166136 3.208919 3.335090 3.159843 2.962224 2.461431 1.456303 0.936855 1.594611 2.948889 4.766867 6.742850 8.743496 10.768498 12.244817 12.771968 12.280362 10.853958 8.629868 6.575995 5.086001 4.666037 4.976618 4.932393 4.510662 3.676536 2.706936
8.357151 0.920002 234.0479 234.0479 0.000000 6.434174 7.316204 9.203493 10.942080 13.134917 16.378328 19.429737 20.478280 18.305135 14.383893 11.977062 11.396942 10.913156 9.936351 8.250176 5.946661 3.995106 3.636136 4.055437 4.173061 3.821012 3.472962 3.861741 3.666977 1.808958 1.802791 3.013638 2.547786 1.260998 3.762550 6.064457 8.377192 11.638099 12.158466 8.081212 2.645267 16.936709 29.429038 36.115182 35.804394 27.153607 23.854109 23.104837 49.628406 120.916932 171.448155 175.505845 142.797421 99.148365 61.429707 35.629958 24.701246 20.388229 11.086639 8.157955 16.671451 22.332996 19.950724 13.040746 8.698637 8.596164 8.613482 8.116443 8.918237 10.899138 10.433069 5.474498 3.089906 8.281859 10.268718 6.552244 2.609748 9.049184 10.908331 7.663613 4.960254 7.786902 8.987762 8.044138 9.238862 11.959727 12.487093 14.546610 23.577475 36.427389 46.506267 49.912036 46.354660 37.063235 23.818785 10.278547 5.943716 10.370411 14.665002 15.918312 14.109097 9.674674 3.858425 2.938925
8.414103 0.921203 229.0877 229.0877 0.000000 7.851490 9.257043 9.329778 10.337461 10.085823 13.962702 18.538442 19.821056 16.832307 10.508129 7.609009 9.972097 9.685446 10.009158 9.987635 6.612522 2.739507 2.902987 4.757067 4.798627 3.464900 2.210636 3.129935 4.364524 3.426355 3.213844 3.129718 2.150265 2.620819 5.350831 4.157842 4.915341 10.101122 9.416658 8.156133 6.954405 16.769980 30.773447 21.830144 32.862567 27.809444 24.160814 41.625581 74.123774 149.026741 189.998526 173.026391 121.016273 72.436525 41.859724 17.487540 10.533448 16.332153 15.053416 15.211948 19.099118 20.270463 16.353240 7.911160 3.607323 4.665584 4.093830 3.445118 3.901135 8.181123 10.510984 7.603352 5.688297 8.628200 11.192604 8.912986 6.831932 11.089819 11.363597 6.944994 2.878242 8.335577 12.036469 13.786233 14.723536 13.244383 7.815530 6.635849 17.847849 32.883888 42.880779 44.097239 40.385188 33.219283 21.654069 9.831373 5.652479 8.187924 11.833124 12.966324 11.766438 9.502205 5.684397 5.190350
8.467582 0.935662 224.5102 224.5102 0.000000 5.388636 2.577529 1.626073 2.486327 0.949014 2.905935 3.692421 4.284442 4.084216 3.549758 2.733074 2.315178 1.619717 2.245580 3.618712 3.378129 2.356400 1.506998 1.580668 1.650998 0.916174 0.572451 1.224634 2.335804 2.545494 2.268313 1.877620 0.884833 2.418965 3.954894 3.668071 3.824677 3.407268 1.294327 3.376645 5.204304 6.792613 18.145567 18.224271 23.756406 29.538041 31.378583 39.950217 53.896841 63.116823 58.089316 44.773413 28.323230 12.033400 6.632867 8.319124 6.051319 4.242290 4.264502 6.182459 6.561437 4.519495 4.045101 3.682101 2.335194 1.610950 1.007191 0.805165 1.527771 2.195057 3.654654 4.222069 2.484466 2.752536 3.989638 4.691397 5.723650 5.171791 3.624508 3.732821 3.762068 3.511036 4.457268 5.636620 5.877548 5.250231 3.705234 2.878593 4.818948 8.059172 8.703775 7.083553 6.046944 6.775572 6.340825 4.562195 2.660359 1.734534 2.133310 2.132884 1.626129 2.496227 3.543592 4.066188
8.512266 0.448380 231.1385 231.1385 0.000000 1.541297 2.989626 1.471399 2.787081 1.364684 1.623040 0.755215 0.224454 0.658290 0.345407 1.700121 0.930570 1.675088 1.809161 2.764102 3.058243 3.941099 2.777661 2.422132 1.524530 1.173254 1.990651 2.440537 2.935332 3.716594 3.331011 2.942596 3.514218 2.045374 3.005732 2.218664 1.356638 2.287794 1.935258 4.212800 2.910594 5.628211 8.891060 6.468055 9.783793 20.097171 11.460356 28.044438 30.402608 31.120420 32.632637 24.234938 20.111973 13.960098 7.101187 4.652887 3.101443 6.549841 7.101098 6.634743 5.681243 4.436018 2.435205 1.670320 1.002280 0.898934 0.874157 1.539878 0.900108 1.245682 0.894083 1.142381 1.559548 0.952839 2.171072 1.775109 2.285722 2.729175 2.360889 2.592184 2.034513 1.833325 1.757209 1.688447 2.019193 2.163036 2.210519 2.553794 2.229475 3.107253 2.704605 3.556053 3.360332 3.329076 3.091497 2.344244 1.896909 0.947305 0.601640 0.948902 1.744942 2.055549 2.772305 2.810783
8.561492 0.319317 231.6099 231.6099 0.000000 2.745394 3.639733 3.494890 3.344834 2.976768 2.481899 1.961255 1.446768 1.219942 1.350304 1.824966 2.132196 1.307314 1.073568 3.798643 6.104355 7.306604 7.086131 5.665600 3.605422 1.476950 0.904640 1.993823 3.825602 5.208457 5.395989 5.294356 5.673518 5.445342 4.035337 2.755162 2.259146 1.925617 1.180529 1.471148 4.094030 5.442061 6.864565 7.653700 3.522643 4.510750 5.015682 16.351601 39.096721 56.464018 65.284574 64.309015 57.184240 48.057136 38.284072 27.752520 16.811958 7.598083 5.392883 9.337255 11.717747 12.238506 11.509887 9.807857 7.321797 4.914497 3.145144 2.259032 1.978803 2.019345 2.622893 3.016794 3.040929 2.856897 2.585259 1.916742 1.376827 2.098094 3.287400 3.712960 3.922730 4.432412 4.811738 4.843171 4.607369 4.216613 3.763518 3.545546 3.940953 4.327046 4.169213 3.522562 3.201835 3.791110 4.878622 5.849566 6.194685 5.900011 5.447054 5.048945 4.430903 3.522010 2.809396 2.770578
8.612584 0.315479 224.5910 224.5910 0.000000 2.109142 1.823673 1.118033 1.440000 1.181617 0.985207 1.240658 1.236548 0.662417 0.737232 1.286909 1.527171 1.648287 2.514276 3.696099 4.308845 4.219599 3.551953 2.672819 1.431379 0.450199 0.632424 1.757160 2.729940 2.479120 1.831434 2.497640 3.167894 2.110519 0.934210 0.562151 0.629270 1.361422 2.267857 2.680050 2.297858 3.743340 5.826227 5.550579 8.318003 14.697527 24.259486 33.830319 39.499108 38.196111 31.033690 24.743521 20.534205 16.663728 12.453683 9.098970 6.627840 6.023351 5.754921 5.463399 5.624921 5.312424 4.218008 3.149546 2.210108 1.586728 1.129283 0.837886 1.521631 2.191726 2.281291 1.911278 1.567943 1.095085 0.869868 1.620218 1.970967 1.413096 1.587915 2.246644 2.519574 2.662679 2.713237 2.357212 1.781518 1.770023 2.213452 2.227531 1.593809 0.893638 0.987175 1.850973 2.694714 3.041665 2.716379 2.343068 2.462727 2.693330 2.453799 2.106695 2.067520 2.112487 1.830320 1.624756
8.657047 0.816613 238.0108 238.0108 0.000000 5.200358 2.743056 2.796956 2.592693 2.462137 2.035813 1.287556 1.666705 0.762446 0.723005 0.470863 0.253297 0.754007 0.521624 0.685594 0.399631 0.348193 0.180928 0.350050 0.869419 0.546306 0.719612 0.698892 0.292437 0.815387 0.608916 1.272937 1.089715 1.320101 1.866640 1.664614 1.726821 1.920548 2.027560 2.242538 3.123935 4.461191 5.865305 8.085201 7.146610 4.619985 10.806077 10.672765 9.475040 11.876438 13.413558 13.724034 13.482618 12.894691 11.343972 9.764955 8.460472 6.440199 4.954583 3.947019 3.706588 4.005200 3.976422 3.705060 3.412095 3.185991 2.370522 2.186437 2.155596 1.933591 1.851726 2.151417 2.027301 1.731655 2.010917 1.390071 1.345995 1.108890 1.188694 1.244946 1.554464 1.395123 1.617289 1.530473 1.187464 1.141362 0.842209 1.207660 1.787083 2.315996 2.611404 3.535896 3.952346 4.109749 4.838403 4.775062 4.783362 4.648998 4.554911 4.274731 3.443430 3.573721 2.645789 2.217019
8.707653 0.962750 235.1397 235.1397 0.000000 9.023643 15.807819 20.051955 21.731195 19.742231 14.894394 9.630041 4.943632 1.751946 1.838480 3.511358 3.999147 3.987555 4.035305 3.807979 3.706185 3.951391 4.242487 4.641302 5.102421 5.894288 6.050624 5.211641 4.031023 4.491215 6.694114 8.784313 10.034240 9.799203 7.102739 4.703445 5.209140 5.456273 4.300994 5.619989 10.663283 18.334426 27.569838 34.987176 37.360105 36.381750 37.593808 41.178945 57.391743 96.335989 131.414778 137.087096 112.162633 72.560408 38.251744 18.189734 9.045172 6.515583 12.848855 21.682697 25.877285 24.348054 18.831193 11.228013 4.048188 5.314611 9.087768 8.812496 5.844917 6.271502 8.689379 9.841313 10.026792 8.448663 4.872470 1.812296 4.382515 5.867566 6.753735 9.176343 11.380349 11.415530 9.591656 7.949414 9.519316 13.970092 17.003201 15.724326 12.221118 14.931267 23.423311 31.134492 34.830527 33.995517 29.856654 25.684131 22.581206 17.933138 12.668270 11.622811 12.828040 11.629468 8.442479 5.217302
8.762623 0.968801 232.0536 232.0536 0.000000 6.079136 16.605060 26.174880 28.960900 26.853042 19.990467 11.004328 5.507033 4.566755 6.485583 9.366649 10.343248 9.576792 6.776552 4.200625 5.702675 6.512320 5.532767 4.297220 6.120901 8.300207 8.718552 8.594726 9.574622 10.539023 10.018078 11.161322 13.615709 12.745016 6.677883 5.651428 7.815116 5.220516 1.860433 7.863381 11.053607 23.506746 40.114320 38.524657 39.090218 30.333328 38.990272 34.851977 84.242299 189.459509 230.542445 189.699936 111.391527 50.101314 17.856051 6.018995 5.668377 11.573462 27.209858 33.099539 30.318528 24.466143 15.251702 7.725696 7.812542 13.354057 13.461940 5.907504 6.592622 9.614387 8.419380 11.469327 12.412274 9.597835 8.077574 9.301826 7.007591 3.719036 10.825384 15.634286 15.282512 13.666496 14.499065 19.777509 26.102326 26.615843 19.729390 6.107650 15.138862 32.036240 39.017118 41.571839 40.125602 29.753628 22.092456 25.565747 19.515692 9.505262 13.797276 17.742528 13.119519 10.939551 11.990016 13.933874
8.820412 0.976517 231.3722 231.3722 0.000000 1.331293 8.499898 9.445671 9.539395 10.217458 8.653453 5.818296 2.332979 4.026388 6.146749 7.093791 6.775036 6.526951 5.255445 2.473244 2.496208 2.877877 2.294501 0.950203 1.738987 3.050495 3.325162 3.165770 4.202253 7.543093 5.328358 1.086728 4.542059 5.597234 6.379608 6.506048 6.248172 3.673484 2.509139 4.638966 3.098913 6.553036 20.838236 22.146328 21.436197 30.540901 35.672443 40.239374 49.047195 83.416512 117.800759 119.334539 85.677021 41.680026 14.257134 7.724192 2.488872 4.966564 10.547821 14.323042 11.702346 7.904069 8.600821 5.748574 3.877877 5.672408 8.273913 8.530445 6.605482 6.161028 5.440658 2.858081 3.696551 5.042989 4.680677 5.199596 7.370502 5.837177 3.341618 5.236417 7.426173 5.171045 4.497772 4.478117 8.421306 13.506471 13.853062 10.114378 7.930053 10.203679 13.098024 12.282685 10.605620 12.107362 11.721966 5.652088 6.877486 11.738561 11.184691 9.635277 10.296016 8.116351 1.422381 5.231415
8.867639 0.640376 218.8752 218.8752 0.000000 2.369144 1.514652 1.672954 1.154654 0.297807 0.875469 1.680782 1.491198 1.657082 1.383085 1.119383 1.245069 1.700126 2.593376 2.468993 2.100256 1.856523 1.508356 1.771974 1.732418 1.938140 1.703939 0.843507 1.659732 1.738477 2.109267 1.568069 1.785406 1.945287 1.253698 1.222946 1.999520 3.917953 1.489617 4.761401 9.005748 8.255794 8.478264 19.532685 20.990767 14.801755 25.888101 22.389335 26.355763 14.712330 26.365185 15.957594 14.319264 9.772163 3.985839 3.153730 1.513291 1.327065 2.484250 1.762780 2.678490 2.180828 1.348039 1.857114 0.684575 0.708584 1.508535 1.709789 1.407467 0.353992 1.676613 2.640522 2.240724 1.572778 1.666572 2.592294 2.341770 2.888536 2.676038 1.303154 1.499351 1.564893 0.702654 1.011781 1.372679 1.583857 1.814067 1.634442 1.351523 2.395985 1.574056 2.596994 2.046228 2.271212 2.419590 2.154135 3.057614 1.200286 3.001136 2.393048 0.757246 3.247930 2.495403 2.451562
8.914554 0.286303 233.6458 233.6458 0.000000 0.832535 1.137878 1.208745 1.430688 1.556536 1.698139 1.330784 0.975722 1.283628 1.611012 1.732523 2.195926 3.003446 4.088260 4.667548 4.033311 2.998649 2.689332 2.941900 2.724167 2.465579 3.204134 3.846209 3.126293 2.153899 2.003741 1.802810 2.026120 2.169762 3.163285 3.647020 3.053398 1.956211 0.569657 2.098900 3.975937 6.597913 9.486606 10.889134 11.538736 13.679379 10.774719 17.142992 33.331137 43.771289 48.339618 48.682538 46.662324 42.330073 36.296107 27.440849 18.340960 10.964135 6.015283 4.244104 4.130966 3.703737 3.218294 2.472929 1.463540 1.488909 1.975051 2.083657 1.669790 1.635797 1.728260 1.605500 1.569598 1.369600 1.588619 2.329924 3.214087 3.451204 3.069762 3.195773 3.886536 4.634096 5.135693 4.764862 3.589605 2.645119 1.132134 0.226631 1.116394 1.857398 1.989607 1.837545 1.234887 1.256950 2.465815 3.604662 3.839507 3.785467 3.879548 4.257028 4.596722 4.484084 4.018265 3.486946
8.967669 0.261742 226.1619 226.1619 0.000000 0.884898 1.075342 0.553497 0.656093 1.188273 1.222747 0.653366 0.556261 1.074515 1.363568 1.616987 1.956201 2.322621 2.939623 3.228734 2.549583 0.909700 1.088464 1.853672 1.024799 0.853777 2.046838 2.697696 1.959589 0.945340 1.277649 1.896382 2.052214 1.918254 1.837138 2.341579 2.084728 1.421775 1.134782 1.657103 2.715132 4.927398 4.178996 4.852923 14.294055 18.129340 19.945050 25.182506 30.156091 32.457077 30.582169 28.035875 26.630994 25.092876 21.166997 15.569634 10.443409 6.973302 4.966538 3.654106 2.432782 1.628337 1.404409 1.044877 0.838320 1.254547 1.364435 0.860639 0.791614 1.423442 1.929634 1.945893 1.813448 1.807884 1.969399 2.258272 2.376284 1.802005 0.942701 1.625184 2.962356 3.406648 3.046433 2.664446 2.220781 1.302260 0.790148 1.138493 1.512224 1.525152 1.253107 0.673066 0.594301 1.496031 2.301960 2.290476 1.741909 1.636990 2.274309 2.715702 2.579364 2.301521 1.996431 1.696823
9.012495 0.792297 241.8958 241.8958 0.000000 4.272559 1.641104 2.461152 1.501869 1.866295 1.863886 1.250741 1.655145 1.061411 0.973308 0.865287 0.592756 0.602183 0.725358 1.351502 0.686966 1.215097 1.491613 1.228643 1.456247 0.756840 1.254372 1.600921 1.272866 1.483537 0.919923 1.487338 1.401609 1.918547 1.468170 2.122208 2.156000 2.167406 2.460537 2.401279 3.686357 3.358611 5.599324 5.576462 11.625826 3.828931 8.737014 11.992189 9.885641 10.505508 12.274790 13.276814 14.601346 12.901294 10.858022 10.366547 9.351681 7.652341 5.315350 4.387397 3.730069 3.436310 3.251514 2.910122 3.078228 2.570525 2.346927 2.082500 2.124889 2.104024 1.518352 1.625000 1.641964 1.283141 1.108338 1.300029 0.911607 0.791901 0.926538 0.445231 0.390794 0.509288 0.384117 0.447812 0.572030 0.448170 0.364460 0.440894 0.374794 0.528225 0.780736 1.003555 1.814245 2.490394 2.727881 3.246409 3.642848 3.696601 3.760894 3.774737 3.584949 3.294073 3.196984 2.972115
9.061669 0.908411 234.8324 234.8324 0.000000 7.732155 8.282351 10.488218 14.006890 16.342122 16.794605 15.644490 13.578111 10.654177 7.242275 4.597706 4.347040 6.150819 8.112605 8.408066 6.670381 4.080677 3.065651 3.917694 4.650540 4.840824 5.226959 5.565591 4.933546 3.169314 2.317802 5.240065 9.567735 10.998533 8.192986 3.468214 6.914686 11.960930 13.455429 11.356318 7.204848 10.968764 18.948781 28.533121 33.720847 34.209465 35.733492 40.825141 53.316525 83.134431 117.877498 134.289985 122.565411 90.404471 52.667398 23.747700 12.219513 13.609633 14.149779 12.896197 12.791882 13.990198 13.508333 10.382423 6.536702 6.063867 9.449180 11.746114 9.747749 3.831318 3.745601 7.768487 9.141423 7.667862 4.361933 1.251569 2.287517 3.293830 2.556278 0.952723 1.301197 1.907874 3.085974 5.476947 7.991112 9.497497 10.197490 11.650119 15.155241 20.251695 25.337298 28.462276 29.367636 28.573808 26.576630 24.140078 22.716332 21.485060 18.454120 14.846937 13.008042 12.056917 10.515758 9.364219
9.112455 0.912276 233.2144 233.2144 0.000000 7.059823 3.232286 10.530252 18.066106 22.638994 22.294471 19.737322 18.324094 15.551523 11.400996 7.507902 6.635575 10.723402 14.346244 12.957659 8.206540 3.344304 2.453372 4.751093 4.590526 3.926779 4.650983 5.684420 5.687489 3.213181 2.476558 7.938507 15.621310 18.529328 13.467543 7.791284 12.255677 16.092058 16.056887 11.257744 3.575401 12.486859 22.767490 31.041278 41.659116 31.861968 28.590928 42.040750 47.398529 125.661463 195.448688 206.337057 166.889537 104.592515 46.507724 11.208083 7.335482 12.772855 12.622513 7.253199 11.960447 16.383721 13.685708 7.778294 1.805731 5.501970 15.296835 21.506153 18.198123 12.430642 13.718270 13.646202 11.714757 10.653472 7.888127 6.053594 6.274265 5.571752 3.657110 2.474484 3.852405 6.698937 11.019270 15.358787 17.448342 17.049729 16.741098 20.503326 28.873756 37.036248 39.507550 36.522681 33.985268 32.539957 25.492635 19.870854 26.457318 24.832125 11.915721 10.533434 13.926337 10.021062 7.069966 8.582466
9.171522 0.919416 233.2333 233.2333 0.000000 6.368630 4.493153 4.484441 6.548210 8.655725 7.630094 4.867667 6.481226 6.229588 5.104025 3.604739 2.719471 6.541194 8.217535 6.361844 3.680529 2.055884 2.325003 2.930814 2.306294 1.665529 0.780513 1.500118 2.552334 2.140300 1.742202 5.071004 8.236347 9.999901 10.176082 8.272731 5.958990 5.142711 5.936093 5.163157 8.521390 4.470249 10.109645 9.860406 26.872347 34.552929 36.668463 39.440469 48.845786 77.015772 95.488822 92.066320 73.133020 47.844795 25.897295 11.041296 3.057611 3.151299 4.939720 4.612004 5.607885 5.983444 4.224874 2.892965 1.822643 3.586794 8.373422 12.735794 13.471844 12.449254 9.994764 5.750199 2.952361 5.659961 6.515936 5.339207 3.595632 3.060207 3.295647 2.662338 2.537263 4.869080 8.196490 9.932597 9.387520 7.417271 5.340822 7.252357 12.525526 16.303604 14.973309 10.048028 7.838391 9.506747 8.074113 4.307880 10.487970 11.519827 6.271012 4.214024 4.921003 2.753454 0.771739 1.794808
9.217762 0.553349 214.2539 214.2539 0.000000 2.190029 2.213180 0.661660 1.154608 1.614528 2.256844 2.450729 1.962485 1.934152 0.861797 1.664596 0.983608 2.569588 1.243745 1.123946 0.405279 0.601520 0.415862 0.841225 0.506980 1.261091 1.094674 0.776401 0.546256 0.614103 0.827203 1.678277 0.827373 1.711599 1.548410 2.490007 1.455895 2.880427 2.007976 3.823090 6.661715 7.029650 4.653697 7.599432 17.782418 20.152382 16.511185 28.478628 17.640025 25.026955 16.363065 10.759563 8.944144 3.024730 2.881999 1.066831 3.041289 2.708637 1.355196 2.401248 1.222658 1.361570 2.152632 1.985193 1.927365 1.778453 1.506766 1.439104 1.830612 1.413753 1.550254 1.790301 1.527450 1.490929 1.219209 1.103414 0.994313 1.218925 0.742890 1.166525 0.771431 0.850220 1.575889 1.548003 1.717399 1.740703 1.172158 1.262634 0.909527 1.166748 1.574874 1.584896 1.641749 1.101195 1.192045 1.017479 1.920062 2.028218 2.602345 2.234518 1.856177 2.166629 1.113263 1.036899
9.266919 0.218596 225.8328 225.8328 0.000000 1.254681 1.710340 0.730455 1.553829 2.931182 4.150513 4.617051 4.417691 3.887841 3.145093 2.483407 2.120281 2.001633 1.722179 1.037350 0.533021 0.237312 0.284256 0.143884 0.508907 1.031370 1.106633 0.612208 0.961655 0.937420 0.881737 0.528818 0.698544 1.557482 2.126471 2.261774 2.278000 1.868169 2.060736 3.940931 6.244809 6.898977 5.670651 5.359190 4.995545 5.710766 12.066740 28.995548 36.888853 41.470927 40.132383 36.272798 30.192161 23.282796 16.086652 9.632457 4.755385 3.578801 4.579707 5.142867 4.575895 3.116868 1.467553 1.006557 2.519161 3.881814 4.708034 4.699480 3.970736 3.046704 2.113465 1.539405 1.276361 1.474878 1.389871 1.008498 0.517187 0.500302 0.833648 1.041909 1.153279 1.478354 1.874753 1.791533 1.031306 0.594037 1.535424 2.301072 2.397900 2.134092 1.660598 1.315100 1.039806 1.280020 2.093804 2.833883 2.797188 1.936589 0.818888 0.810247 1.442458 1.961488 2.262047 2.606289
9.312613 0.199034 225.8646 225.8646 0.000000 1.198405 1.056215 0.869736 1.354264 2.075131 2.745344 2.817305 2.582186 2.265091 1.871541 1.414934 1.209022 1.369810 1.450475 1.113401 0.556331 0.319224 0.368205 0.382830 0.617699 0.992364 1.094229 1.051037 0.905164 0.681021 0.693504 0.615653 0.708475 1.129064 1.360253 0.843190 0.722696 0.918206 1.411922 3.013670 4.718783 4.824803 3.777357 4.653678 8.090271 10.193204 15.378793 21.197551 23.535634 25.199969 24.025637 19.907779 16.167506 12.743807 9.762411 6.837139 4.589650 3.686129 3.578231 3.415785 2.921563 2.129275 1.331494 1.136354 1.742577 2.602452 3.121836 3.049450 2.496875 1.724820 1.165813 0.921607 1.107516 1.209247 0.988721 0.756215 0.483950 0.462472 0.560872 0.478355 0.347155 0.622804 1.134354 1.293000 1.045162 0.844455 1.122657 1.298268 1.225835 0.920336 0.586075 0.423534 0.181142 0.445413 1.128701 1.731781 1.887015 1.426594 0.788230 0.702303 0.895850 0.946568 1.023674 1.354130
9.361418 0.864961 238.6464 238.6464 0.000000 4.871227 1.742926 1.960124 1.894403 2.241943 3.166905 3.086227 3.103620 3.080272 2.796570 1.841717 1.417610 1.101253 0.221970 0.597854 1.264189 1.306188 1.630185 1.679318 1.378936 1.718467 1.316244 1.297394 1.076369 1.281410 1.777820 2.058478 2.121615 2.466852 2.104708 2.510068 2.357246 3.258820 2.888577 4.379544 5.288948 6.692524 8.659841 8.295426 12.411968 8.805503 11.734834 13.436231 14.972713 19.105621 23.030904 25.700124 26.016793 24.361812 21.907956 18.127644 13.599070 9.114173 5.974643 4.117575 3.488620 3.978221 4.729768 4.922127 4.626031 4.282200 3.541444 2.886388 2.330000 2.112205 1.995362 1.844060 2.146501 2.120801 2.018406 1.911964 1.429438 1.061959 0.622452 0.358599 0.292542 0.712680 0.849180 0.796892 0.955955 1.034899 1.152343 1.665873 2.325249 3.199489 4.498884 5.465286 6.130097 6.910566 7.020718 6.680320 6.292797 5.734899 5.617429 5.623166 5.520899 5.576299 5.095862 4.173283
9.407631 0.978834 229.1998 229.1998 0.000000 10.022446 5.554107 1.926589 6.178836 10.188428 13.828782 16.850501 18.053411 16.047996 11.884553 8.385985 6.431073 5.329271 5.376007 6.226401 6.612585 5.357515 3.843377 5.361826 6.814431 5.922644 3.542883 1.277210 2.626998 5.025366 5.655438 6.987543 8.633169 7.429223 3.973383 4.106459 8.394373 11.098821 9.752953 9.420442 18.459781 29.590155 36.018920 38.191608 36.552101 26.569266 18.905901 44.023562 100.534584 153.930641 168.565757 136.764933 85.889185 52.111776 40.742028 30.417320 15.972033 5.826810 8.290186 14.669437 18.957568 19.252264 14.720105 9.376822 7.639523 7.193168 5.697752 2.967107 3.302849 6.110250 6.679203 6.791803 7.808441 8.308174 7.521769 5.909849 4.489978 3.496358 1.855730 1.662716 4.055089 6.559611 7.644497 7.104021 5.776162 8.744038 16.758663 24.777071 30.736181 34.857169 36.818435 34.818077 26.309670 11.426478 9.400195 22.909898 27.027814 22.813497 17.862475 15.033321 11.119305 5.265325 2.949015 8.929448
9.467515 0.981938 230.9769 230.9769 0.000000 11.340875 8.288162 5.254221 7.765261 9.455993 12.453645 17.413083 21.018521 19.158111 12.040944 7.319746 6.783199 6.125143 5.833065 7.009638 7.732062 6.216572 2.013718 5.064551 8.540409 6.628899 3.047721 3.152761 3.989947 5.898821 4.591238 3.552421 9.897663 9.826417 5.245888 2.428583 6.120418 11.614380 9.404535 4.846232 12.499634 25.384581 33.633109 26.799177 34.337262 32.640022 16.964956 10.124639 89.042782 197.645182 242.936979 199.668753 105.733398 23.935068 36.360700 37.162209 23.419198 12.941627 10.368878 11.514782 14.961167 20.020482 16.976222 7.932900 4.068906 4.935581 5.042881 4.361480 4.038300 6.457193 6.182944 3.438776 6.106897 8.254335 8.785964 10.955568 10.193877 6.775280 4.180377 2.931818 4.165342 7.613171 9.996167 10.214177 7.275485 4.780401 12.305967 23.962255 29.097377 31.377002 35.807602 37.421389 36.582327 31.237107 22.623428 28.141720 36.373385 30.576570 14.571058 11.867831 15.321771 9.992248 5.413035 7.541991
9.521476 0.992309 223.6788 223.6788 0.000000 9.707123 4.624567 2.118314 3.405306 1.996946 2.903098 4.173184 6.937022 6.904253 3.188371 1.291922 1.843037 1.358404 1.575037 2.031714 2.360238 3.396004 2.857859 3.579673 4.270071 3.271800 1.608312 2.597718 2.040641 3.049721 3.885415 4.452616 4.460189 4.152280 3.407931 2.941294 5.202071 6.010257 5.032556 7.149935 11.819128 0.812052 21.180070 21.299502 27.661039 33.891911 25.005961 43.964626 85.629588 103.582467 92.581798 65.375602 36.811070 18.368466 11.948016 8.484369 4.816681 4.872057 3.383757 1.940419 6.485970 6.693080 5.346548 2.693378 0.955565 0.772611 1.392515 2.780533 3.977647 3.334680 1.959307 2.151704 2.502225 1.896270 4.613368 6.187680 3.973104 1.411163 2.341558 2.866225 3.485347 3.969766 3.661324 3.977925 4.415294 7.057186 9.454073 7.474779 5.231671 7.604278 7.343772 9.245220 14.088029 16.902956 17.674342 16.650626 12.416574 6.291074 4.067945 5.517363 3.668078 1.096260 5.178637 7.044644
9.568673 0.525982 221.0343 221.0343 0.000000 4.648489 3.740751 0.479498 1.652703 0.752625 1.906931 1.529804 1.722851 3.234314 2.023571 1.568376 1.173873 1.549986 1.410074 1.896984 1.866722 0.941342 1.187075 1.527889 1.164871 0.898568 0.960259 1.070918 1.218408 1.340371 1.172510 1.782861 1.400512 1.360269 1.630194 0.788967 0.327970 1.402148 3.292649 2.920122 2.537283 6.741201 8.337623 8.578711 0.746779 22.873960 33.249740 13.260099 32.912201 14.294450 22.020769 12.361070 11.488245 8.250800 1.898906 4.990530 5.406048 5.423673 3.197067 1.235888 0.817981 1.698068 2.168409 1.844518 2.024087 1.632191 0.930024 1.105317 1.235832 0.882136 0.259610 0.548793 0.778105 0.537743 1.279679 0.727913 0.527834 0.899730 1.645650 0.885671 1.757438 2.245207 0.954739 2.581837 1.739562 1.548605 0.727781 0.186857 0.867158 1.567554 2.063084 1.835332 2.386347 1.208340 1.600722 1.493119 1.597780 1.307299 2.180340 1.472558 1.372629 1.592001 1.396555 1.307695
9.617191 0.175103 215.1472 215.1472 0.000000 2.444761 3.106994 2.684169 2.221323 2.064663 2.081212 1.953756 2.194551 2.695380 2.741391 2.074542 1.218570 1.202355 2.045079 2.559783 2.351619 1.624527 1.235607 1.638785 2.010014 1.562493 0.728067 0.114983 0.667407 1.245191 1.112666 1.542493 1.649859 1.022724 1.132167 1.778335 2.044944 1.976173 2.523765 2.970384 2.213338 3.040695 5.335183 4.061545 7.490816 15.636530 26.439031 31.941527 31.523044 29.863686 24.266620 16.379627 10.303341 5.728626 2.902924 3.914706 5.869307 6.328939 5.106900 3.165426 1.563705 0.723457 0.891449 1.877979 2.498037 2.220506 1.478308 1.128239 1.219700 1.170444 0.722694 0.115266 0.278228 0.744465 0.983849 0.917066 0.681599 0.689346 0.971679 1.062293 0.716964 0.703865 1.311075 1.980575 2.343523 2.401246 2.166857 1.652817 1.055970 0.853464 1.560222 2.379139 2.797662 2.727868 2.285634 1.784335 1.275446 0.964664 1.288010 1.678366 1.830925 1.732838 1.544376 1.396951
9.661533 0.552038 206.9582 206.9582 0.000000 5.543604 1.553866 1.390760 1.564535 1.123151 1.010950 0.545404 0.742035 0.776460 0.817671 0.911922 0.553863 0.674569 1.022753 1.082932 0.918907 0.451727 0.320964 0.695278 0.991603 0.977168 0.329227 0.382693 0.677637 1.086285 0.998880 0.853041 0.949558 0.395892 0.988515 0.957635 2.106155 1.511470 2.208173 2.113433 2.572837 3.471614 4.023629 6.323824 8.797055 12.042078 11.206853 9.012181 9.740543 10.008207 6.543506 2.974233 2.836984 3.552084 2.488124 2.225703 3.521788 2.605992 0.803164 1.474604 1.683211 1.227804 0.710405 1.854937 1.425315 0.491019 0.684046 0.965587 1.026538 0.118258 0.775780 0.352077 0.856974 0.660196 0.471197 0.462725 0.547195 0.672792 0.369915 0.488317 0.411693 0.622704 0.841064 0.676037 0.692092 0.828939 0.595236 0.567821 0.944804 0.851938 0.899748 1.282197 0.945266 0.391590 0.801687 1.081422 0.665238 0.796569 1.166330 0.678970 0.194304 0.616350 0.867648 0.709921
9.711532 0.866634 239.3605 239.3605 0.000000 8.002936 5.816609 5.156114 5.575164 5.929742 6.132623 5.531350 5.346888 4.831924 4.637595 4.519404 3.462365 2.338295 1.535750 2.896681 4.492866 5.423214 5.982834 6.201328 6.721300 6.330537 6.316634 6.212965 5.021238 4.208781 3.306560 3.392889 4.626370 5.967263 7.885367 9.795173 10.330884 10.572080 10.211567 9.353842 8.233396 6.369466 9.280458 13.054997 17.672321 17.935466 16.362297 13.927261 22.301629 42.102271 61.369618 74.753839 77.239442 70.132995 57.728733 44.126176 32.690973 24.199183 17.540852 13.450712 12.527483 13.044111 12.927803 11.550818 9.399855 6.386295 3.469668 3.134220 6.540728 9.890447 11.955837 13.075760 14.018928 14.506887 14.218988 12.918137 10.815648 8.638387 6.759557 5.615975 5.350689 6.063860 7.248678 8.132358 8.061720 6.941808 5.716082 5.145956 4.384427 2.587633 2.934007 6.944697 10.880434 13.428488 14.300478 13.601446 11.872398 10.214578 10.333476 12.524063 15.005801 16.149022 15.356400 12.814799
9.761431 0.879298 227.4114 227.4114 0.000000 9.368631 7.085896 5.486911 9.249260 10.785141 10.049545 8.668372 8.524651 7.800011 7.251402 9.871064 10.951344 9.569627 9.060730 10.224417 11.167879 11.335899 11.006588 10.233924 10.153440 11.147365 12.671782 13.010131 10.881237 7.949248 7.032101 8.242985 10.180246 13.530297 17.987424 19.120779 16.121409 13.467243 14.643091 13.071374 7.609117 13.597081 26.329029 34.279664 30.725257 20.446481 12.617699 43.669082 118.737689 176.618682 187.418932 159.172574 117.766563 80.679339 54.699702 40.709293 27.904556 13.132070 12.048115 18.487867 22.031072 21.004805 15.540841 12.001762 12.356928 14.324010 18.783101 21.199561 19.755688 19.335841 22.047407 25.901799 27.719832 24.177845 17.865980 14.277417 14.038893 14.034038 12.241676 11.235189 15.595210 20.349981 18.139246 7.977623 6.311891 12.590251 12.485035 9.254811 14.200804 21.504360 26.347927 27.247348 24.018414 19.496962 13.936985 8.819042 16.989515 28.737303 31.892853 29.456716 24.503413 15.763263 6.107287 7.913174
9.817188 0.881193 233.1913 233.1913 0.000000 7.934899 4.059495 2.169074 5.046455 5.333977 4.832691 3.286763 3.373818 5.508732 2.299382 7.110690 11.019065 9.299486 7.179544 7.442835 6.958478 5.835626 5.400903 4.706115 3.185275 4.247422 5.407016 7.647130 8.866657 6.479606 3.457641 3.497141 4.227520 4.856970 6.920716 10.160555 9.535072 5.466607 4.215391 7.409649 11.049600 10.338623 14.498479 15.308631 20.030227 27.710972 20.219388 28.967970 62.700178 108.183340 136.140577 129.873998 99.022748 64.761603 40.026667 22.295973 15.536122 14.589853 8.816227 5.120663 6.328521 8.777089 10.735810 8.777789 4.702688 6.636447 11.415660 15.052792 15.358663 10.859476 6.478444 7.007639 9.158400 13.643681 15.990482 11.921816 6.297704 5.612827 8.066874 10.237463 7.440865 3.787559 10.186136 15.589628 15.179823 10.806748 9.315864 11.435745 12.448648 12.584309 12.920187 13.211643 14.513311 14.849290 11.491995 7.968217 7.490079 6.291976 10.330681 18.282952 18.681981 14.322471 14.141930 13.013856
9.867653 0.718181 229.1496 229.1496 0.000000 3.544497 2.075790 0.969121 0.813012 1.134926 0.741256 1.057772 2.071650 1.988436 3.006942 3.316131 3.912044 2.529503 0.711409 0.795206 0.668981 0.686887 0.356076 0.600630 1.051966 0.467888 0.314399 0.685685 1.360559 1.917791 1.455652 0.906595 0.503454 0.285703 1.227251 1.399930 2.899809 3.605925 2.266786 4.164406 7.130261 6.046354 3.342211 7.031529 15.141685 19.502820 17.111155 21.617540 27.237064 29.321339 32.511751 24.683106 18.925403 13.246915 7.760902 1.902050 2.267585 4.690700 2.308720 1.759649 0.929307 1.166509 1.081383 0.731270 1.709927 2.060215 2.010924 2.289578 1.770287 3.461815 2.864516 1.943255 1.501112 0.281539 1.331635 1.765193 2.461265 2.112217 1.317639 0.773140 1.542837 1.977288 2.937310 2.695223 3.422432 3.394869 3.131266 4.194776 3.682276 3.272403 3.002663 2.470980 2.140695 1.140469 0.615420 0.996829 1.219314 0.812353 1.006673 2.064057 3.316808 3.852292 3.165790 1.990299
9.912543 0.200151 209.4446 209.4446 0.000000 0.179089 1.366388 1.400124 1.279363 1.481534 1.143965 1.127290 1.267063 1.111717 1.123215 1.088541 1.052523 0.685096 0.294505 0.418715 0.205789 0.444459 0.786832 1.054000 1.265185 1.103455 0.660418 0.587285 0.763541 1.020407 1.502856 2.334303 2.369349 2.154762 1.702155 2.636631 4.752939 6.929803 7.771880 7.699670 7.518854 4.840921 4.120791 10.299318 15.911971 24.174644 27.173631 18.823305 17.719620 14.675445 9.318554 8.395165 3.347942 3.004787 2.635445 3.405663 3.485244 3.239287 2.994328 2.307149 1.593832 1.158672 0.943156 1.095786 1.258081 1.094329 0.947587 0.982276 1.327440 1.585296 2.074199 1.849228 1.448597 1.197143 0.952532 0.666067 0.941733 1.066181 1.345686 1.416167 1.665844 1.522946 1.657387 1.530629 1.545008 1.656231 1.803533 2.004258 2.126194 2.263434 2.179633 1.867214 1.655164 1.225064 0.825516 0.750224 0.593304 0.691833 0.771070 0.760231 0.902247 0.647238 0.457859 0.521093
9.957283 0.119845 211.5286 211.5286 0.000000 0.776289 1.188386 1.198920 1.173960 1.043245 0.767418 0.720486 0.830020 0.815964 0.875757 0.876310 0.792846 0.639641 0.478999 0.287514 0.218825 0.228257 0.535424 0.838863 0.930200 0.772686 0.583664 0.594845 0.513142 0.658826 1.054934 1.575109 1.829508 2.214742 2.377270 2.441432 2.956407 3.945151 4.837939 5.134349 4.893314 4.589650 4.571754 4.803026 8.022536 13.681083 18.040885 17.946585 14.166886 11.235671 10.220014 8.841947 6.194862 3.951818 3.056741 2.456786 2.187840 2.597881 2.449418 1.953597 1.403551 1.366771 1.359508 1.190643 1.048214 1.028963 1.014534 0.930843 0.960060 0.988512 1.075782 1.353211 1.574305 1.538592 1.424264 1.169914 0.844399 0.652875 0.641261 0.788820 1.123506 1.384384 1.553095 1.596408 1.590730 1.520204 1.394389 1.232740 1.138220 1.224530 1.431842 1.601642 1.633415 1.558865 1.475407 1.240799 0.972067 0.599447 0.418479 0.346890 0.332103 0.431464 0.572357 0.641130
10.007657 0.885653 239.3525 239.3525 0.000000 4.787271 2.002357 2.343462 2.874540 3.467866 4.331983 4.654835 4.319685 4.045129 3.421391 2.550791 1.536989 0.854712 0.778931 0.958392 1.340453 2.046379 2.077507 2.171103 1.718757 1.850438 1.935550 1.657271 1.470948 1.044558 1.359821 1.396544 2.297486 2.422849 2.049854 3.065540 2.748083 2.892045 3.448058 4.156226 3.494323 7.647991 7.253638 10.090387 12.506422 11.041217 12.356805 13.696298 16.389895 21.889364 27.399057 31.908695 33.279463 31.968384 28.637575 23.289499 17.173860 11.945959 7.796656 5.435089 4.692557 5.542445 6.216039 6.503767 6.341097 5.447643 4.430701 3.805243 3.116199 2.887604 3.092502 3.039591 3.096192 3.099901 2.799008 2.056600 1.632629 1.249780 1.678800 2.129138 2.498414 2.880041 2.862135 2.662641 2.340215 1.854491 1.005253 1.044247 2.366663 4.316313 6.478022 8.334696 9.902194 10.748338 10.647064 9.857391 8.557256 7.280730 6.612360 6.386308 6.348940 5.969422 5.246427 4.088410
10.051531 0.978988 227.5148 227.5148 0.000000 8.920158 5.104756 2.874956 8.736465 13.734105 17.180200 18.887246 19.088890 17.173428 13.140172 8.728206 5.312377 4.322205 6.339820 8.956973 9.500532 6.512204 4.473079 6.003126 6.609180 5.951495 4.457790 2.042543 1.211201 3.281089 4.680537 5.163549 5.558675 7.048178 6.619747 3.575267 7.729432 12.264066 10.231702 3.976942 17.050057 32.995257 42.368854 41.590709 29.171292 18.860615 32.311296 59.420217 109.619816 163.455514 177.657074 141.360759 80.168422 37.050401 33.640515 31.896183 18.916917 9.636815 20.349395 25.675904 21.188566 14.071610 12.090404 11.256654 7.420734 4.212155 5.379363 7.311362 7.526648 6.821694 7.163308 8.595812 7.573847 4.439872 6.163812 8.642400 7.981594 4.905413 5.088912 10.317162 12.219873 9.548065 6.164684 4.918103 4.130930 10.917540 24.464406 37.079314 44.473345 44.883524 38.376067 27.305819 17.090085 10.453213 12.048409 22.665284 28.022945 23.318644 12.687285 4.994593 2.565717 2.732451 6.744336 10.436937
10.112547 0.981320 233.7721 233.7721 0.000000 10.046362 8.672870 6.100005 7.752239 12.237512 15.527536 15.556216 17.979258 18.859404 14.241478 9.800781 6.919703 3.542408 5.401153 12.738353 14.694538 9.086801 3.275608 3.910896 6.365348 5.167310 4.194632 4.856907 3.739425 2.505614 2.442858 4.179743 3.561355 3.074200 7.271999 7.202903 4.811742 10.603356 14.713227 10.349798 7.477938 18.031521 31.192773 44.912587 34.060524 32.975197 33.318262 39.335718 38.888990 89.767468 188.725868 223.682962 184.625114 105.351706 33.458898 17.567964 32.334350 30.433952 24.619229 24.881794 28.627336 25.816453 11.747256 7.341996 8.817153 7.705983 5.398076 4.235289 4.965870 4.510033 5.299035 2.991142 3.783268 8.917308 11.242812 10.328045 9.680725 9.107756 7.613262 4.981633 5.327612 12.002484 15.855579 15.129335 12.595697 9.730242 6.891574 10.454876 22.616259 34.737808 41.347211 41.754897 37.486823 26.604251 13.700670 7.821695 5.801401 16.989257 31.071510 33.798018 22.773163 7.875475 3.528641 4.618091
10.167692 0.985291 228.0319 228.0319 0.000000 7.603481 3.807716 2.349951 1.232939 3.388992 2.889883 2.407531 4.676744 5.046649 2.546123 1.950105 2.942570 3.472116 5.737239 9.714198 7.939648 3.749776 2.042552 1.575527 2.309624 2.930005 3.941836 4.193065 1.971788 0.720670 1.087284 2.039980 2.682670 3.674318 2.750950 4.664809 5.404764 6.972762 3.846329 5.740997 9.666751 2.839197 28.093704 18.213315 20.735073 39.953796 39.232156 42.581075 65.822504 81.972904 79.214707 62.686303 41.719799 22.603195 11.599009 10.288855 9.426333 9.144231 8.974243 9.688924 10.558400 7.392586 3.509769 1.253430 1.449039 3.940549 3.188028 1.828731 1.366980 1.202977 1.380859 2.924964 4.823669 5.198221 4.123625 2.270441 2.034693 2.731066 3.725758 5.499868 5.933067 6.028089 5.962106 6.097493 5.550974 6.231432 7.936320 8.962437 8.282967 7.047111 7.681997 6.866496 2.897168 2.776138 6.878454 10.096845 12.914926 13.552205 9.762465 4.627168 2.933403 4.108685 6.303213 6.294180
10.212435 0.453331 204.4414 204.4414 0.000000 3.723146 0.709907 0.332962 0.817732 1.257935 0.703657 1.597350 0.983443 0.840346 0.726757 0.587407 0.661900 0.765641 0.884487 1.868175 2.896700 2.201348 1.066293 0.292409 0.357010 0.456293 0.867069 2.136472 2.632443 1.375164 0.532924 0.701254 0.633550 1.152194 1.830210 2.372048 3.858847 4.365459 3.795277 3.085355 2.492441 2.545928 4.601095 8.151804 20.859548 27.788304 17.312413 9.195159 20.743088 10.552316 10.028465 8.052063 6.598412 2.133967 4.831459 1.406640 3.489298 1.055486 2.427956 2.505244 2.188694 1.265380 0.499180 1.016249 1.546825 1.442754 1.646391 0.677350 0.979559 1.616256 1.264946 0.844581 1.276764 1.140500 0.772262 0.800497 0.696608 0.642069 0.604652 0.705930 0.931503 0.992275 0.974973 0.824529 0.742352 0.661156 0.481603 0.692987 0.741313 0.493892 0.362296 0.274628 0.289016 0.508235 0.726273 1.275080 1.039893 0.411295 0.872621 0.229946 0.829075 0.442727 0.265162 0.688509
10.261463 0.112759 217.1582 217.1582 0.000000 0.514194 0.497772 0.488319 0.686174 0.783108 0.767174 0.777898 0.780458 0.607392 0.329137 0.329428 0.387245 0.347541 0.640122 1.191196 1.177008 0.863044 0.503291 0.222319 0.192410 0.336787 0.408297 0.467832 0.697106 0.811918 0.937335 0.717169 0.477472 0.758119 1.260393 1.762982 2.327265 2.950559 3.337485 3.362598 3.312716 3.164770 2.761334 3.240269 5.325682 9.606844 15.281627 17.705670 15.488352 11.700346 9.369775 8.086712 6.008636 3.376541 1.777687 1.700901 2.081666 2.180098 1.963928 1.246833 0.972079 1.064487 1.174440 1.148277 0.904768 0.473793 0.155240 0.167073 0.188352 0.249131 0.558119 0.607238 0.299351 0.368718 0.562333 0.606821 0.552433 0.628882 0.809491 0.786149 0.612741 0.557567 0.563219 0.587013 0.623916 0.534044 0.593738 0.681890 0.605184 0.453116 0.381721 0.402206 0.455565 0.445128 0.244636 0.157936 0.233904 0.208491 0.327742 0.536652 0.670086 0.660029 0.548216 0.406980
10.307677 0.822426 244.3440 244.3440 0.000000 6.311797 2.957050 2.939365 2.553911 2.732002 2.740734 2.642196 2.726609 2.126567 2.053345 1.650358 1.282466 1.063808 0.225471 0.282634 0.453276 0.909880 1.005661 1.131305 1.324454 1.468682 1.509273 1.526254 1.317952 1.054887 1.207262 1.530938 1.269954 2.262338 2.450921 1.970603 2.964639 2.749311 2.438857 3.584803 3.373921 6.411208 7.834374 7.560236 12.295897 9.360969 11.758642 13.718804 15.573481 18.682722 23.123878 25.487639 25.893539 25.642575 23.258410 19.120226 14.893958 10.436672 6.964097 4.971478 4.544612 5.103001 5.513766 5.603506 5.321008 4.768405 3.970061 3.255245 2.764444 2.720967 2.776759 3.015843 3.118870 2.854520 2.742782 2.247685 1.591643 1.232771 1.136252 1.386380 1.800245 2.250632 2.363804 2.314961 2.035833 1.635516 1.075782 0.528484 0.784001 1.961147 3.234829 4.494010 5.566793 6.430557 6.798508 6.958967 7.008634 6.933661 6.826175 6.663813 6.319723 5.764522 4.993172 4.022996
10.351396 0.870053 239.3591 239.3591 0.000000 11.110941 10.973632 7.560582 5.729367 8.076934 11.611255 13.035842 11.817936 9.370204 7.891697 7.536775 6.522012 3.906701 1.494922 0.602190 1.587077 3.561435 4.696494 5.131280 5.606236 5.873383 5.603458 4.947782 3.771350 1.959449 1.360863 3.121218 4.349892 5.935271 7.019265 7.099939 7.127101 7.365162 6.872329 5.838863 5.762845 9.317498 20.089859 32.762081 42.151190 43.471753 35.194136 25.981105 28.237984 50.002341 95.724382 140.107269 157.573839 142.695581 107.314213 69.277941 41.610971 26.206867 15.787327 6.881140 6.703630 14.243392 18.971567 21.340839 20.305024 15.563743 9.647704 5.940059 4.782006 5.155271 7.071568 9.143757 10.325929 10.188261 9.084361 7.565953 5.534389 2.960405 2.257322 4.498767 6.222509 7.616149 9.125895 9.627059 8.297126 5.885930 3.918628 3.398727 4.853068 8.774093 14.878419 22.000278 28.230241 31.566155 30.470737 24.614606 17.549825 17.514791 24.286437 28.365639 26.546218 21.600608 16.970163 13.437279
10.412434 0.871211 239.5238 239.5238 0.000000 10.699236 8.875385 5.490057 1.332664 6.459879 12.958253 14.251867 11.070585 8.406301 5.014917 7.104960 10.171454 7.938455 3.660847 1.649152 2.913177 4.892937 5.467610 3.878046 4.863888 6.247025 4.067801 3.907522 3.900891 2.654943 2.368949 3.043441 2.152043 5.182055 6.043968 4.475176 4.787763 4.734201 5.129647 2.569856 1.692301 3.972251 20.072309 35.076996 36.708207 48.690800 35.091854 5.905269 20.319177 29.051825 108.324090 175.692984 194.403736 162.980126 109.625503 60.805473 28.472333 17.956291 15.494591 9.723587 9.200128 12.768080 14.692512 19.048623 20.398710 14.335172 6.376278 2.334280 2.184733 1.721668 5.116992 6.747545 8.504627 8.802711 6.703567 6.343257 6.108906 4.560107 4.508892 5.696156 5.339244 5.057430 8.315803 9.837939 8.319759 5.550694 2.806381 2.936754 5.915447 9.589195 15.709493 23.115181 28.972481 32.268449 31.258455 23.879716 10.369595 8.003230 23.990822 30.240270 25.385983 17.751709 12.848469 10.828354
10.461461 0.873309 232.8185 232.8185 0.000000 6.909459 1.540649 1.463361 2.251884 3.396500 5.024156 3.816599 1.903684 1.967329 2.319854 4.090124 5.699970 5.262522 3.404790 1.819529 1.926828 2.343866 1.559536 1.638292 2.266983 2.299190 1.908330 0.931143 1.159596 2.091730 2.120043 1.371805 2.170961 2.293668 0.202815 1.005164 1.979974 3.648812 2.198462 2.739689 5.396247 16.195097 18.735898 11.866715 23.980045 27.236852 20.501540 22.359625 39.203148 58.975063 67.888026 59.896921 41.362463 24.094325 12.875589 4.685319 4.014206 4.116573 5.179333 3.884385 0.913728 3.851394 5.934281 5.473693 2.298565 1.688852 0.936725 2.017737 1.702362 0.678310 1.833206 2.399020 1.511118 1.415099 1.909188 1.232180 1.984637 2.472300 2.015712 2.232929 2.816488 2.377297 1.915549 1.717598 1.582523 2.030944 1.839496 3.065392 5.534209 6.041413 6.551403 7.588731 7.498281 6.516275 7.284049 9.717941 10.492292 7.552008 2.981953 1.537765 0.880780 2.635627 3.949568 3.074878
10.507538 0.312981 205.7689 205.7689 0.000000 0.903902 1.139785 0.515630 0.468847 0.490221 1.156537 0.891381 1.042649 1.339149 0.923717 0.986863 1.058965 0.742238 1.404169 0.965243 1.023870 1.206330 0.877398 0.421786 0.401232 1.403359 0.685499 2.048978 2.237123 1.439066 0.946774 1.300558 1.536700 0.945958 0.526674 0.975551 1.757000 2.421867 3.096610 3.710912 3.538289 4.166281 5.726051 5.060689 10.124961 21.092265 14.340045 7.068425 10.394718 6.534228 5.932865 4.583030 3.549309 3.905900 3.238339 2.900280 2.722311 1.376661 1.452983 0.776723 0.555769 0.957988 2.186052 2.031319 0.935838 1.380074 0.793551 0.490800 0.792431 1.058829 0.940758 0.752525 1.088535 0.851011 0.880353 1.177480 1.144944 1.395378 1.125149 0.682981 1.022819 0.587055 0.204356 0.768121 0.857669 0.572992 1.282315 0.742324 0.921073 0.723667 0.263254 0.190321 0.439604 0.661957 0.553916 0.649391 0.810479 0.523970 0.467014 0.329508 0.509462 0.758006 0.169919 1.318722
10.557013 0.077578 204.6530 204.6530 0.000000 0.036995 0.404850 0.519046 0.445015 0.464148 0.694381 1.007261 1.093809 1.023760 0.909244 0.733514 0.642376 0.633180 0.568285 0.639645 0.808831 0.627398 0.323408 0.213368 0.612924 0.966216 1.414749 1.650000 1.289909 0.850358 0.802647 0.840909 0.945241 0.964343 0.979408 1.341941 2.038012 2.609249 2.487140 1.487817 0.956164 2.237045 4.517957 7.505881 11.026600 12.756872 10.883368 6.925222 3.609357 2.094383 1.804333 2.075439 2.376861 2.214986 1.806640 1.700470 1.605935 1.095472 0.436424 0.300694 0.720392 1.174669 1.420753 1.464192 1.209318 0.706563 0.234959 0.148529 0.356590 0.677567 0.766305 0.847167 0.957380 0.975525 1.063530 1.159021 1.176357 1.035127 0.839778 0.638250 0.362520 0.188468 0.282251 0.465377 0.599899 0.779048 0.921025 0.852571 0.667311 0.433641 0.283389 0.264791 0.378540 0.506335 0.568269 0.631391 0.631068 0.595209 0.584037 0.588508 0.633035 0.712504 0.743886 0.706762
10.601459 0.865333 244.3361 244.3361 0.000000 7.718180 6.632864 6.856584 6.432648 5.947727 5.359499 4.700327 3.948917 3.296621 2.031918 1.287658 0.605457 0.843046 1.385376 1.979299 2.134286 1.938424 2.031658 2.685816 2.334130 2.091183 1.881125 0.983431 1.090669 2.239297 3.385887 4.169473 4.558506 3.771732 3.686147 2.577043 2.822922 3.484324 5.039371 6.335305 6.178763 8.408844 8.771089 10.440879 14.246609 12.987773 16.025016 16.013080 17.474745 21.198590 25.196011 28.924741 31.230791 30.836245 28.150808 23.886914 18.126877 12.469257 6.965460 3.316939 2.708747 4.620766 6.170749 6.478738 6.185312 5.326159 4.014749 3.221789 2.790748 2.792332 2.717071 2.274138 2.107420 1.906590 2.230596 2.780341 3.169897 3.460295 3.258720 2.721409 2.064447 1.024108 0.304640 0.822932 1.775079 2.607404 3.218174 3.856297 4.455364 4.830065 5.285877 5.740015 6.280953 7.285769 8.197867 8.714083 9.102828 8.744819 8.010498 7.250684 6.444456 6.188745 6.061872 5.759309
10.651517 0.961977 238.9670 238.9670 0.000000 13.319099 20.934096 23.713321 20.838967 14.868043 12.889020 13.596093 12.253468 9.650624 7.124542 5.270079 4.884155 6.311270 6.923993 5.870841 4.636266 3.261621 4.082096 7.968115 10.017647 9.095637 6.784799 5.295546 7.751962 13.016787 16.796626 17.110328 15.410545 12.995543 8.669592 4.577823 9.977238 17.335078 21.409070 20.326982 14.179332 10.824015 26.608072 42.942208 49.646368 44.975228 39.532410 39.550095 34.562730 67.292234 131.363751 165.305525 155.515375 119.293699 80.031947 49.352413 32.099329 24.682362 20.103517 22.166609 28.389523 29.878653 25.757451 19.371654 13.118675 6.698965 3.715805 7.863338 10.678759 8.784612 4.111801 2.288629 3.472959 4.319438 9.250933 16.083066 19.678195 17.483366 11.438048 5.934592 4.817352 7.099125 10.037101 10.878395 9.355246 10.136517 15.873059 20.778220 20.129208 14.059614 11.915797 20.729385 31.507103 38.409854 39.232711 33.369242 24.019234 16.312096 13.001378 15.394694 19.890269 20.919603 19.008811 17.084477
10.707543 0.965328 232.1538 232.1538 0.000000 11.524585 15.286350 22.455669 19.859597 8.251625 8.507138 11.447247 8.735906 8.029725 5.758323 5.598408 9.173429 9.848910 7.550871 3.171166 3.325643 4.358083 6.551995 10.604982 10.707622 8.565190 7.216728 7.323930 11.645156 17.388450 17.729887 13.336853 12.150386 10.571909 11.377408 12.318188 13.311740 17.191400 21.010406 14.083721 7.246912 13.019348 35.655380 41.873799 41.004794 29.284723 29.123309 47.067469 58.817144 125.872277 195.487751 195.099818 140.175323 91.229119 55.286630 21.426390 22.178448 31.175502 35.405093 38.494648 33.802084 25.621687 20.597375 10.994115 9.015320 8.018945 8.355089 11.357368 11.328428 7.781973 3.470240 2.316351 1.385829 4.687651 14.848863 23.078725 24.133502 17.629457 7.745983 4.128305 9.128578 14.687746 14.983246 7.947429 3.575410 11.603931 22.167809 24.918822 16.664744 5.108211 15.959472 27.936226 35.446462 39.891531 35.024296 20.531062 10.303138 5.968980 7.402467 16.995390 20.218057 14.338849 14.633121 19.063403
10.761512 0.966354 239.2678 239.2678 0.000000 4.317611 2.211745 6.891417 8.259579 6.866548 5.133415 3.750446 1.628845 2.071028 3.169837 3.047274 5.419592 5.455091 3.095567 2.788047 3.262697 4.132965 4.967617 5.127630 4.657373 2.304365 1.213657 1.759037 1.882815 5.288260 6.170887 4.689041 1.387505 2.079626 0.969540 5.015243 6.842082 4.593419 5.405893 8.456819 4.717838 3.218211 10.692563 23.676667 29.017715 20.801544 31.025544 35.813140 41.724449 52.639805 67.922078 81.083508 77.152466 52.123432 22.584216 14.204438 14.436543 9.557915 9.385396 13.042489 15.636566 14.546444 8.045883 3.399665 6.083213 4.390675 3.881615 4.876976 4.508074 3.912009 3.643210 4.306582 3.535944 1.545888 1.787830 4.191133 6.791108 8.569662 9.447155 8.345971 5.735620 4.177403 4.794050 6.711074 7.601056 6.171029 3.430504 3.247243 6.365948 8.295217 8.196765 7.722534 6.991065 6.795568 6.465883 7.258137 10.444914 9.799963 4.481035 1.138296 1.809870 4.637447 6.906697 6.616458
10.807664 0.439383 202.9557 202.9557 0.000000 1.363821 1.299560 1.116370 0.887941 0.882783 0.798549 0.870907 0.652137 0.878942 1.106411 1.521077 1.252119 1.281698 0.739681 0.520656 1.042049 1.301975 0.869835 0.407268 0.733873 0.748763 0.407604 0.575693 0.458274 0.941435 0.930206 1.097606 1.177659 1.093913 1.836615 1.499643 1.845485 2.546038 2.599214 3.729948 3.363859 4.687162 6.306696 10.896793 20.078274 21.992762 15.454800 11.486956 11.188232 9.025783 5.417282 4.342692 5.316980 5.248674 5.571541 4.837375 3.288856 1.663380 0.787569 0.407314 0.514826 0.820054 1.229151 1.732804 2.247802 2.043028 1.846982 1.105930 0.571902 0.280619 0.231109 0.509828 0.844612 1.240927 1.531247 1.188123 1.091030 0.585590 0.238852 0.218523 0.710998 0.272779 0.184941 0.303595 0.326649 0.696206 0.896386 1.417958 1.177053 1.035129 0.801352 0.232492 0.146633 0.547290 0.460001 0.374566 0.919511 1.474029 1.619293 1.523511 1.037747 0.618883 0.797829 1.131781
10.851591 0.429103 209.5015 209.5015 0.000000 2.998573 0.332082 0.102230 0.177926 0.136742 0.052224 0.174591 0.265639 0.148273 0.054687 0.174578 0.317139 0.408685 0.355860 0.188802 0.207370 0.139965 0.220252 0.278633 0.322003 0.415036 0.244235 0.395554 0.128969 0.435609 0.563950 0.924639 0.820476 0.725576 0.785248 1.116854 1.538104 1.418395 1.432658 1.388319 1.793067 2.738467 3.638464 5.767392 8.115743 9.069211 8.379914 4.480508 0.991079 1.017338 1.170700 0.998634 1.236615 1.055238 1.383600 0.737260 0.971188 0.747352 0.813703 0.940962 0.631113 0.678498 0.529682 0.436992 0.564842 0.383583 0.490257 0.384810 0.489134 0.337714 0.181661 0.303968 0.196628 0.165920 0.120734 0.126355 0.429618 0.228566 0.353934 0.228638 0.287781 0.223444 0.200889 0.234092 0.187694 0.114770 0.076338 0.093833 0.163467 0.211081 0.181732 0.108211 0.207157 0.207808 0.227137 0.138936 0.199603 0.148943 0.148578 0.104069 0.065215 0.136735 0.122628 0.154707
10.904102 0.831913 239.3645 239.3645 0.000000 9.420485 5.932063 4.409265 3.031252 2.329202 2.502126 3.108184 3.072774 2.446830 2.017677 1.591157 1.221406 1.537128 0.992505 0.563363 0.419500 0.254728 0.255664 1.079792 2.037718 3.259340 4.074591 4.329500 4.131676 3.541897 3.470850 3.174124 3.280945 2.929708 1.388084 0.820482 4.032202 7.097782 9.041820 10.007603 9.767564 11.214448 14.822364 18.706982 22.123957 20.221527 16.918070 12.712384 20.407952 37.054511 52.534232 62.965205 65.176602 60.526378 51.728316 41.707490 32.349869 23.869123 15.548368 8.375395 3.674287 3.031327 3.944519 4.526390 5.328679 6.872936 8.285196 8.999882 8.679648 7.402485 5.862196 4.773884 4.132656 3.359253 2.372286 1.756648 2.278277 3.044180 3.546373 3.856047 4.054280 4.210295 4.386214 4.583313 4.383614 3.794807 3.078821 2.300302 1.994790 2.763931 4.435369 6.337711 7.705052 8.242030 7.714973 6.507569 5.847614 6.734983 8.634445 10.560025 12.076618 13.093911 13.483828 12.897832
10.951930 0.842669 226.1389 226.1389 0.000000 12.613179 12.084186 6.983271 2.906782 2.975214 4.732197 5.653326 6.815541 6.036717 2.881503 1.579960 3.421890 3.440316 2.061409 2.011048 2.599806 2.840170 3.556865 5.117763 7.211293 9.165913 9.150238 6.999957 5.519326 5.260229 4.263132 4.727220 6.724436 6.753883 7.216530 12.248775 19.036976 22.007331 17.980326 10.706178 14.887483 30.203543 43.939095 50.699736 40.006903 20.281369 14.245682 60.842313 130.927765 177.309026 176.711118 140.943622 100.905744 78.911239 67.211720 52.204283 33.565713 16.331402 5.865927 6.233870 6.084115 4.639142 6.396072 11.711037 17.418443 20.139102 18.055350 12.035901 6.658512 6.921637 9.478529 9.615906 7.849659 6.931180 7.332193 7.896017 8.220061 6.928342 5.892809 9.093961 12.155623 13.728410 13.410609 10.360645 5.436348 2.323219 4.736692 10.286084 15.885702 19.755329 20.426154 17.034230 9.261079 5.782208 12.746122 19.250736 21.625372 22.821289 26.245725 30.344851 30.857029 25.517653 14.875810 4.494157
11.007657 0.843283 237.4886 237.4886 0.000000 10.865394 6.751610 4.604599 3.208437 2.601649 3.017549 1.229583 4.540984 6.201460 4.538390 2.992419 3.444347 4.007156 3.590422 3.019391 2.911594 3.155136 3.785600 4.103185 3.645113 4.622603 6.067091 5.895839 3.439172 2.033854 2.121852 1.921948 1.634875 4.258449 6.051513 7.595724 8.840442 12.052205 15.596950 15.189976 9.011396 5.223954 14.669033 20.648129 26.006485 41.142028 34.937671 12.347233 21.628944 61.628283 110.762207 141.156200 134.521200 100.021948 60.614559 38.678158 35.267215 34.342598 27.254061 18.400930 12.251897 8.649805 5.689188 2.160251 0.270466 2.357246 6.701892 10.310679 12.683753 12.251538 7.911257 2.841575 2.103559 6.002804 8.627961 7.540016 5.335877 4.934686 4.716332 4.520964 4.793713 3.201367 2.903135 6.984228 8.519541 10.471597 12.039538 10.108920 5.865192 2.939511 3.804115 7.059644 10.409183 13.059204 13.857854 12.680644 10.217242 7.412728 8.289629 11.242015 11.439134 10.475978 10.034538 14.437979
11.058871 0.736435 229.9868 229.9868 0.000000 5.191241 2.119827 0.861211 1.575887 1.228477 1.059847 1.366545 2.127997 2.186728 0.779980 1.616659 1.561951 1.254577 0.939425 1.084378 0.822352 0.703757 1.245407 1.095142 0.413269 0.852117 0.897092 0.971026 1.268788 0.578022 0.276924 0.990492 2.032763 1.424480 1.014836 2.087736 0.586332 2.705334 2.070892 4.516191 1.616571 2.784306 11.729333 14.740604 16.968798 17.425490 17.154816 16.906770 22.732948 27.345683 30.505822 25.480431 18.613952 11.663771 7.181141 3.575821 2.611246 2.539720 1.587553 0.870724 2.077160 2.917797 1.842527 0.883002 1.072884 1.451860 1.002775 1.122476 2.227325 1.878842 1.060671 0.908317 1.486675 2.571850 2.336088 1.247643 0.563525 0.517176 0.317510 0.821288 1.964624 2.532854 1.935180 0.866201 1.706338 2.725200 2.949317 2.433896 0.942392 0.765216 1.151799 1.008891 1.397939 1.366614 1.113821 1.927778 2.337827 2.523321 1.880480 0.917248 0.898698 1.670953 1.885380 1.606519
11.101476 0.151029 205.3182 205.3182 0.000000 0.791149 0.682575 0.157265 0.342792 0.261622 0.205117 0.161821 0.249802 0.506751 0.691969 0.452727 0.176781 0.187739 0.154891 0.207616 0.194503 0.155257 0.232735 0.200567 0.283910 0.162136 0.320762 0.481045 0.392584 0.361804 0.227750 0.287854 0.643203 0.753692 0.457356 0.369273 0.619502 0.726528 0.751902 1.136027 1.920469 2.856355 3.006719 3.426164 8.037002 10.711419 6.850167 1.125035 2.681027 1.514622 2.133038 1.693527 1.614093 0.925397 0.599354 0.779020 0.524505 0.164981 0.199139 0.283951 0.317640 0.293903 0.244358 0.393306 0.426463 0.127447 0.252567 0.157691 0.229282 0.232309 0.383164 0.271509 0.226231 0.135532 0.127140 0.254904 0.356972 0.290923 0.376456 0.489601 0.267468 0.128694 0.154741 0.291150 0.308440 0.362686 0.266072 0.321222 0.325590 0.153170 0.155261 0.346422 0.289634 0.132259 0.184613 0.203742 0.086260 0.106719 0.204892 0.205970 0.166249 0.118824 0.073008 0.118740
11.151405 0.767947 248.5829 248.5829 0.000000 4.894601 1.646349 0.817332 1.191050 1.111219 1.044874 1.256895 1.292109 0.979514 1.171968 0.799476 0.761676 0.780110 0.443347 0.228550 0.249956 0.347894 0.451895 0.617833 0.691953 0.588928 0.797250 0.850956 0.827062 0.691625 0.684024 0.700290 1.103215 0.968260 1.515033 1.448824 1.902101 1.728652 2.075219 1.389693 2.933913 1.801284 3.626425 4.666672 3.389755 6.193877 5.945202 6.789391 8.186008 9.439837 10.924079 11.784480 12.800897 13.658538 13.427792 12.823291 12.021105 10.536562 8.838338 7.276041 5.442113 4.125712 3.648534 3.191790 3.597227 3.680920 3.733073 3.336475 3.213452 2.686827 2.342053 2.217984 1.931031 2.014207 2.048587 2.209229 2.183271 2.259269 2.024086 1.932099 1.812729 1.648837 1.610339 1.722817 1.954450 2.031738 1.990457 1.953127 1.984263 1.938259 1.894837 2.073845 2.428777 2.721040 3.084692 3.335788 3.359700 3.353662 3.226305 3.022078 2.819613 2.661240 2.436846 2.453624
11.197097 0.982725 232.1785 232.1785 0.000000 8.887922 6.249409 2.490592 2.565205 4.528834 6.490199 9.582724 12.059833 12.225932 10.279633 7.359940 4.617486 2.626158 2.102530 2.421483 3.427405 4.910498 6.185492 6.420081 5.644635 4.335402 3.358484 3.078297 2.361945 0.564608 2.587633 5.503749 7.642811 7.908183 6.919794 7.779818 10.355604 11.289314 8.500353 4.434606 8.960993 19.982956 29.021549 34.722724 36.584088 34.767990 30.862802 34.998366 62.054369 104.169940 135.234667 135.153621 105.435520 67.735720 45.782838 35.874270 23.274718 8.098500 5.805183 14.392720 19.629408 21.546865 20.205938 16.205592 11.171849 7.948085 7.598747 6.308431 4.203049 5.839996 10.110830 12.419790 11.690462 9.049060 7.265261 6.857358 5.476959 2.502160 4.636910 10.029030 13.296034 12.905624 9.873046 6.600823 4.596206 3.158333 5.751958 12.046021 18.750671 23.937508 26.947985 27.749990 25.090565 17.087480 8.367103 11.785810 20.365466 22.485305 19.664187 15.728806 12.258855 8.718624 5.243339 2.616561
11.251447 0.989850 232.9111 232.9111 0.000000 9.239436 9.067834 5.266887 5.419502 5.751990 4.123978 12.937695 19.369718 19.767424 15.415076 9.893252 6.238363 4.614982 4.015230 2.846783 3.833856 7.736899 9.751471 8.613132 7.322293 5.445417 1.806792 4.165425 5.368503 3.644534 3.419348 5.917866 9.872533 10.874259 4.577690 6.543452 12.343047 13.579422 14.050926 12.544113 17.152081 26.579180 33.682223 39.037687 36.656365 38.868713 25.794063 16.987450 48.615652 140.043873 228.597101 234.384849 160.538073 68.053640 39.755360 44.228268 33.696996 18.397219 13.075391 16.996261 21.388009 23.482370 22.746348 18.382249 11.358741 2.451424 7.760914 8.857125 3.835988 4.504371 10.889625 15.763742 14.875957 8.972200 4.568737 6.105907 7.655946 5.950834 6.231165 12.320879 18.382532 18.090313 11.709879 5.313029 3.836312 2.578221 4.495848 10.816400 20.632555 28.123056 29.907655 33.287960 37.437336 36.457566 31.318494 33.330723 41.868859 39.411456 24.989191 15.803045 17.243044 12.767712 6.110914 3.344852
11.307659 0.990263 234.3327 234.3327 0.000000 6.205823 3.039177 6.046338 6.011218 4.938697 4.906759 7.808872 9.428467 9.238966 7.076408 3.530242 2.031179 1.729516 2.418578 2.605951 2.596694 4.500033 5.132020 3.168215 2.133007 3.254439 3.324963 3.646014 5.148570 4.701634 1.639327 2.403347 3.530979 5.156623 5.940977 6.470106 4.771166 3.675779 5.456730 9.135554 9.366722 16.829830 2.298359 24.374785 15.913565 27.004216 30.867446 22.739793 29.812223 79.249219 128.541634 136.305190 101.613936 53.643962 23.021769 18.538425 16.082008 10.831889 8.533564 6.673507 5.934406 5.597463 5.880422 5.253251 4.515808 4.069871 4.284935 5.145079 4.384888 2.599495 3.829192 5.820590 6.255271 4.757613 2.127982 1.222594 3.220931 4.329661 3.992512 4.422386 8.007939 9.558926 6.591048 2.664945 1.628682 2.459476 3.685971 3.232702 5.336219 9.596872 8.567255 6.645481 11.202080 15.806091 20.172199 24.836688 27.165386 24.993992 17.131458 6.561332 5.101000 7.228728 4.323989 1.530674
11.356940 0.633819 230.1039 230.1039 0.000000 2.820479 2.281940 1.792100 1.428103 1.560113 2.055269 1.200477 0.632940 0.336801 1.133722 0.895237 0.192571 0.279720 1.085195 1.797692 1.298626 0.485967 1.035993 1.162552 0.447811 1.217762 1.524731 0.525101 1.308055 2.376057 1.895052 1.367090 1.279361 1.042245 1.419069 1.631004 2.566690 2.125316 1.977968 1.966882 3.944693 5.283714 10.907030 16.305831 17.114130 16.194647 17.062203 16.954834 16.856867 18.300781 19.457043 19.112624 16.589295 12.523594 8.461262 6.752631 5.530488 4.121779 1.645517 0.855200 0.363400 0.086494 0.306013 0.198157 0.564356 0.747043 0.598129 0.503913 0.967174 1.195741 1.237463 0.892327 0.434852 0.440734 0.345929 0.575810 0.527830 0.813882 0.842234 0.425591 0.526485 0.822403 1.170964 1.252043 0.905468 0.765245 0.663768 1.119820 1.310673 1.197091 1.177414 1.384493 1.599506 1.307598 0.819632 0.476019 1.301562 2.483840 2.817898 2.715748 2.931744 2.963716 2.441177 2.033638
11.401385 0.538072 194.9761 194.9761 0.000000 2.152700 0.543740 0.237249 0.369603 0.338664 0.474944 0.500567 0.294994 0.237067 0.601722 0.473526 0.456421 0.372645 0.265381 0.470466 0.573153 0.310269 0.224944 0.428188 0.374874 0.478473 0.538050 0.346651 0.427426 0.642354 0.573403 0.331422 0.394310 0.554460 0.876517 0.395127 0.780223 0.403553 0.652833 0.921828 2.314430 2.540210 5.292275 6.666388 5.600490 5.396302 2.016034 2.990128 0.902386 1.506748 1.766345 2.157843 2.065891 1.695835 1.823178 2.131589 1.768217 1.765617 1.662595 1.002434 1.421995 1.367614 1.201340 0.889613 0.901491 0.722858 0.708843 0.707853 0.542518 0.507209 0.465383 0.497408 0.387559 0.281408 0.440708 0.339250 0.362568 0.312095 0.388172 0.237012 0.499021 0.209057 0.339678 0.296919 0.381402 0.200551 0.491163 0.168556 0.303563 0.460251 0.457811 0.359473 0.341608 0.454394 0.350749 0.513030 0.437321 0.454814 0.365968 0.597705 0.451665 0.366053 0.372506 0.491525
11.450821 0.792112 238.7832 238.7832 0.000000 8.037326 5.563149 4.015193 2.653187 1.633341 2.190485 4.000634 5.014638 5.633886 5.860415 5.194807 4.708324 3.954698 3.383927 2.521201 1.245000 1.024017 2.560653 3.934891 4.411502 4.810179 4.795265 4.797190 5.147334 5.768198 5.610591 4.849840 4.068484 3.645864 2.826560 2.435446 3.224238 5.740233 7.791338 9.066477 9.838038 12.938335 17.600850 22.250656 24.746128 24.072363 20.868249 16.927362 22.622999 40.258587 60.046274 74.118174 78.627288 74.088163 62.535983 48.358279 35.192591 24.482022 16.367332 10.196545 6.102994 4.153827 3.946647 5.001544 6.561899 7.736362 8.275551 8.275420 7.829102 7.252684 6.371816 5.083830 3.311893 1.374250 0.826957 1.749335 2.889069 4.087548 5.169497 5.882578 6.357331 6.739490 6.651246 5.708607 4.008500 2.638046 2.937647 4.703529 7.077342 9.433465 11.385553 12.572934 12.795143 11.779393 9.562577 6.245277 1.941677 3.174240 7.357954 10.904018 13.038735 13.184046 11.497944 8.818100
11.502032 0.797341 239.3594 239.3594 0.000000 11.602629 12.320994 6.333734 1.535190 2.099747 1.063399 6.227268 10.672853 11.344537 9.759497 8.592492 6.366979 4.930102 6.719992 6.872056 5.632295 5.588768 6.788819 6.642949 6.418226 7.882839 7.740177 5.658866 6.543903 9.813937 10.024274 7.247512 4.250122 4.215887 4.966910 2.776557 3.491740 8.735809 13.711677 14.357786 10.274172 12.404431 26.351848 38.443232 46.576485 40.418001 27.525849 24.277823 20.643086 73.188033 133.234338 166.800031 169.131360 148.815602 117.019890 83.300034 54.777236 36.404254 25.454358 14.318474 5.216673 3.723815 3.417004 3.929405 9.501091 12.377041 11.877859 11.416241 11.771280 10.572980 9.581078 9.744773 8.338506 5.674337 3.857978 2.666375 2.737899 6.413299 9.234883 9.061245 8.368436 10.105258 12.985774 13.671586 11.515884 8.659434 7.212275 7.872089 11.143170 16.336873 20.619002 22.485829 22.885909 22.340609 20.182094 16.256702 11.938083 11.275994 15.678464 21.783257 27.051097 29.131945 26.091593 18.237097
11.557420 0.797459 233.6466 233.6466 0.000000 9.999555 9.220217 5.410834 1.914008 1.926093 2.451762 5.135195 7.664143 6.595929 3.289737 4.247001 3.032251 1.317764 4.709898 5.071839 4.664554 5.643290 5.359487 2.965195 1.742464 4.070224 3.953617 1.955425 2.958404 5.680132 5.350014 3.045290 1.744051 2.260253 3.948920 3.846506 3.599418 4.671770 8.638798 7.749956 4.277882 8.701881 15.463140 18.242300 30.764343 25.097949 13.753244 29.975452 49.078581 76.276330 99.000559 104.358857 94.350867 75.967726 55.057889 35.954640 19.785891 12.038146 11.169317 7.736152 3.751798 2.215359 2.335997 3.944343 6.030324 5.804362 3.549317 3.822574 4.993893 3.162844 3.470973 5.592954 5.602320 4.645291 3.791040 2.689435 3.374422 5.313626 5.322877 3.086963 2.289538 4.797010 8.079731 9.011504 7.597537 5.541228 3.814641 3.261302 6.063219 9.654494 10.788420 10.189693 10.458447 10.959592 10.577033 10.494936 10.418215 10.316973 11.035322 13.387484 16.761122 17.781798 15.526911 10.742543
11.601382 0.612197 224.9682 224.9682 0.000000 2.936173 1.665361 1.922828 1.548914 1.357905 1.080457 1.148233 1.623310 1.586517 1.454387 1.150075 0.910669 1.335319 1.610179 1.101494 0.492211 0.935603 1.348488 1.264406 0.977091 0.877534 0.900759 0.916540 0.932068 1.088318 1.133946 0.816704 0.538557 0.852369 1.401991 1.285063 1.017490 1.248919 1.984983 3.039926 2.568286 1.707758 4.495987 6.765708 9.151378 14.163106 15.064097 13.572355 17.007415 19.167658 16.614365 13.189099 9.943256 6.210920 4.930403 3.372926 1.845656 2.084081 2.894677 2.013572 1.265754 1.103809 1.358419 0.552521 1.097855 1.142495 1.024697 0.929642 1.033183 1.158328 1.120902 1.092582 1.015488 0.965715 0.693246 0.577604 1.016303 1.430004 1.422464 1.292337 1.140543 0.795558 0.596049 0.809812 1.191154 1.265500 0.892026 0.677662 0.529241 0.603888 0.995839 1.085956 0.757681 0.651348 0.461640 0.415661 0.351720 0.441421 1.035951 1.058807 0.417829 0.286686 0.973461 1.425453
11.651440 0.395414 209.7865 209.7865 0.000000 2.898643 0.554166 0.298559 0.158937 0.140246 0.112488 0.176460 0.236775 0.200274 0.251923 0.329540 0.259050 0.238460 0.285491 0.165433 0.105093 0.178597 0.195572 0.040187 0.234935 0.266082 0.232467 0.160588 0.132233 0.198474 0.224975 0.208563 0.209007 0.259462 0.213196 0.178939 0.216141 0.346290 0.456323 0.463473 0.637650 0.982406 1.092135 1.283416 2.106876 3.388398 3.920855 2.695470 1.084972 1.332377 1.146605 0.663583 0.533864 0.532469 0.433978 0.478137 0.467865 0.227986 0.296492 0.298424 0.330915 0.371058 0.252698 0.179542 0.301422 0.533772 0.244029 0.251622 0.175882 0.224300 0.196708 0.081129 0.168109 0.059196 0.173390 0.085335 0.241284 0.221074 0.081790 0.040018 0.099927 0.065090 0.025561 0.127700 0.150606 0.132130 0.209776 0.155219 0.107809 0.053109 0.114925 0.057524 0.130554 0.256460 0.134058 0.225933 0.033941 0.098417 0.151154 0.072189 0.057723 0.125249 0.206186 0.179629
11.697091 0.920578 232.8263 232.8263 0.000000 7.500866 9.436725 10.751091 11.432134 11.215925 10.209036 8.294521 5.884305 3.711184 1.748744 1.064967 1.301225 1.379472 1.430697 1.599236 1.612394 1.573149 1.393610 1.299149 0.821691 0.615809 0.359949 0.479984 0.479638 0.657171 0.826519 1.127284 1.448619 1.896564 1.943858 1.518019 1.247580 1.873165 2.916725 4.022078 5.952920 8.606030 11.940457 14.930672 17.167301 18.666751 20.973418 27.831401 38.763924 50.492206 57.992518 58.408886 51.499336 39.382531 26.603200 17.325294 12.826424 10.282770 8.755750 8.868281 9.828715 9.928289 9.272403 8.024808 6.633476 5.383944 4.599057 4.297970 4.216233 4.057098 3.593736 2.834270 2.033241 1.709570 1.750572 1.704595 1.533818 1.283818 1.143561 1.374015 1.704518 2.061542 2.234826 2.142916 1.548590 0.519991 1.996375 5.476673 9.647347 14.093519 17.691600 19.715696 19.768216 18.101107 15.738499 13.530560 11.480110 9.889123 8.557982 8.121262 8.020809 7.512684 6.366140 4.633912
11.747579 0.965336 232.7076 232.7076 0.000000 5.566561 15.890563 25.239208 30.264218 30.818086 27.425148 22.092734 16.803736 12.050964 8.144864 5.717589 3.677901 2.195078 3.539108 5.217127 4.135033 3.423151 5.302959 6.748456 5.886297 3.940320 1.973267 0.475171 1.196783 2.597169 2.697252 2.882089 6.118392 7.355472 4.509673 0.672377 1.791336 1.511452 5.190579 6.899669 7.705267 13.288106 26.588894 34.816961 35.041382 29.305503 30.101267 40.808438 67.387077 134.770786 196.712307 200.394779 148.843049 81.477267 35.289853 22.328281 22.773492 16.374818 6.280114 15.846239 20.683223 17.257677 15.785825 15.570330 12.029369 6.376052 5.882924 7.285819 7.147969 6.812510 6.866079 5.764527 2.724346 2.283487 4.794842 4.193255 2.646557 3.586081 4.794428 3.848187 2.911749 4.292413 6.020725 6.066458 4.362983 2.609938 4.470156 12.592791 26.151146 41.898876 54.359483 56.967900 48.926538 38.161533 29.914228 23.566973 21.954704 19.747142 12.351584 11.150037 19.594342 20.275862 14.928994 10.736534
11.806992 0.966694 234.2658 234.2658 0.000000 1.741067 11.478726 16.588391 20.830534 22.189372 18.634464 15.193956 11.905980 10.485519 8.436627 5.950940 4.364292 3.584865 4.971670 6.685969 4.854226 3.224092 6.100460 9.294005 8.677488 6.285887 3.905302 1.941190 1.237401 2.722342 4.849676 6.360407 8.011611 8.713675 6.663651 4.007698 3.816843 4.115759 4.380203 3.206965 2.380588 2.504024 20.223375 32.149632 10.450756 29.154691 20.038123 36.755503 30.863692 99.000942 181.217445 200.097759 151.413223 77.695146 25.586176 7.097626 10.745663 14.264939 11.849410 13.857526 16.165018 9.385614 6.009671 7.808783 8.284898 5.056331 3.129859 3.522942 3.073113 3.139285 2.971457 5.336865 4.475642 3.226286 4.454869 5.606099 4.368242 4.387793 7.360671 5.807417 2.015974 1.986764 4.513192 4.816117 4.749796 3.772756 2.102540 6.323265 15.634637 26.286673 37.775288 44.668999 39.031381 26.131351 18.169913 12.981228 9.467425 12.531474 12.237167 8.077298 12.879032 19.112794 14.050503 6.802256
11.857155 0.894720 234.7588 234.7588 0.000000 6.191683 4.431338 0.934065 2.812965 3.041832 0.947093 1.372032 0.538890 1.322346 1.765744 1.113258 1.389558 2.691992 3.652737 3.327169 2.729473 2.690874 3.735228 4.674036 3.563789 2.480186 2.469281 2.040661 1.185298 1.827246 2.956980 3.385702 3.093186 3.430870 3.093710 2.923551 3.789277 4.071730 3.453580 2.699172 4.735324 3.892522 16.227749 24.655187 20.601302 22.789849 27.995463 29.604011 38.036888 49.855615 54.809936 53.498752 42.234067 24.537232 9.942608 4.148258 4.062188 4.051190 4.156199 6.510277 7.504843 5.327502 2.066378 0.988895 1.866321 2.001735 1.879107 1.874483 1.561766 1.689427 2.250284 2.445954 1.806676 1.211514 1.453465 1.865793 3.118545 4.345554 4.543068 3.291640 1.497200 1.304017 1.528410 0.653476 0.963207 1.577479 1.861726 3.046719 3.624161 3.508680 5.406277 7.865843 7.336391 4.576483 1.751036 1.869902 3.059322 3.270882 3.641174 4.469344 5.978044 7.008482 6.269953 4.283470
11.901437 0.457846 205.2151 205.2151 0.000000 1.650182 0.961942 0.693061 0.612380 0.756896 0.556899 0.401652 0.405702 0.213472 0.363718 0.307239 0.165136 0.421794 0.713729 0.466334 0.341164 0.223860 0.300445 0.732787 0.902276 0.711707 0.471906 0.313248 0.527121 0.859195 0.842674 0.534382 0.159129 0.324830 0.512712 0.535347 0.689593 0.716121 0.920520 1.273747 1.297677 2.083041 4.105601 7.146426 10.559914 12.285635 9.515784 6.075128 5.993313 5.110909 4.323534 3.247498 0.648774 0.505766 1.207035 0.799520 1.270978 0.872257 0.777496 0.935601 0.606861 0.489336 1.024987 1.422849 1.211696 0.849217 0.684638 0.581341 0.430318 0.479781 0.488314 0.456237 0.676707 0.829546 0.679582 0.341143 0.282512 0.226981 0.180174 0.528281 0.676459 0.711139 0.801654 0.681344 0.430971 0.274142 0.277698 0.346009 0.324066 0.262864 0.183332 0.265481 0.266944 0.297603 0.383217 0.369345 0.250886 0.303517 0.206479 0.266361 0.301292 0.144119 0.068902 0.223550
11.951496 0.726688 239.2436 239.2436 0.000000 5.427154 2.416767 1.506710 1.079742 0.751662 0.302220 0.142686 0.644337 0.734933 1.084953 1.543733 1.994524 2.653285 3.507257 4.077423 4.691951 4.122742 3.436659 2.379152 1.117749 0.487037 1.081068 1.376063 1.331965 1.074309 0.502807 0.549472 0.630132 1.060834 2.520259 4.482673 6.986116 8.898548 10.369107 10.857076 10.237835 10.343435 10.520924 10.693058 11.263729 10.695704 12.535771 17.182328 26.462334 37.985808 47.715998 53.775599 53.400114 48.142158 39.368139 28.871122 20.281136 14.432642 12.297268 11.977554 11.602998 10.000485 7.632127 4.923544 3.516886 4.490752 6.160683 7.012644 6.715734 5.316110 3.430573 2.408090 2.976139 3.847246 3.998686 3.513737 3.047884 3.348195 4.496838 5.848258 6.736856 6.988523 6.616542 6.076219 5.843403 6.153586 7.021309 8.003613 8.760236 9.210286 9.198228 8.542273 7.303898 5.666269 4.014331 3.083991 3.355071 4.249162 4.958583 5.166995 4.856775 4.257530 3.465826 2.761266
12.001387 0.734269 233.9538 233.9538 0.000000 8.217260 6.875009 2.651219 0.727814 2.203476 2.388614 2.277275 2.292640 1.395350 1.877085 4.459955 6.500594 7.859084 9.838285 12.815864 14.391293 12.793115 9.619066 6.349485 3.652306 2.852297 4.262243 5.033242 4.387774 3.454938 3.173580 3.748505 4.785526 6.298778 9.546812 14.951912 21.338334 26.435246 27.504731 22.776229 15.324197 13.936604 18.636459 20.569793 16.383182 11.490214 19.916665 21.804894 44.118277 97.812322 137.485734 150.222931 139.964451 116.254153 86.245739 54.985601 28.266681 15.406454 18.100690 22.193230 23.640589 23.653481 21.485459 18.096041 16.592901 18.195719 20.621155 20.864456 17.738804 11.844906 5.158252 2.929995 6.423165 9.578636 9.354564 6.012019 2.837939 4.297562 9.353631 14.301181 18.212680 20.729604 21.715083 21.345385 20.380324 19.798202 19.858965 20.108914 20.839716 22.268459 22.603136 20.216876 15.789489 10.662305 5.480117 2.561999 5.099465 9.475691 11.622290 10.988538 9.338452 7.898153 5.708481 2.778621
12.057249 0.734418 234.3822 234.3822 0.000000 8.280220 6.610019 2.651086 1.437866 2.611093 3.368082 3.398394 2.905612 1.619880 2.010883 4.474351 6.028604 5.288389 5.898796 10.508516 12.293716 10.182595 6.913313 5.146573 3.932631 3.708682 4.786628 5.229728 3.665624 1.875308 3.460226 5.087424 5.376542 5.941228 8.630381 12.268566 16.603885 19.839858 20.747640 15.253874 7.572662 5.010303 11.525042 8.222191 17.975132 18.860697 25.877706 27.549159 44.734740 84.699476 108.244049 108.901912 95.511174 76.954011 56.396532 36.231676 17.204802 5.850283 8.229968 10.935650 11.885521 14.649242 16.195632 14.569936 13.332479 15.046521 16.582052 16.124544 13.694341 9.956625 5.864684 3.890191 5.242770 7.461221 7.435415 4.852971 2.368534 2.819946 5.869160 9.235088 12.131858 14.648177 16.715785 17.241709 15.926647 14.196372 13.353436 12.432371 11.561862 13.130261 14.968960 13.528827 10.115881 6.999223 4.226056 2.497555 3.504545 6.340959 7.958782 6.710146 4.598575 4.103560 3.823960 2.297241
12.101793 0.657793 224.0497 224.0497 0.000000 4.284783 2.523763 0.841623 0.959321 1.283515 1.244303 1.198958 1.240754 1.343198 1.435063 1.365547 1.463174 1.442179 1.645843 2.202869 2.490021 2.060483 1.069214 0.564448 0.539845 0.551784 1.054626 1.628093 1.490424 1.053814 1.209749 1.800059 1.783083 1.043970 1.092625 1.472028 1.842776 2.051258 2.755815 3.814758 2.567531 2.852583 6.295306 7.669430 9.953092 14.752655 17.323769 18.276262 21.245170 23.365365 20.847279 16.894796 11.884412 7.908853 6.108079 4.493651 4.243944 3.756903 3.019540 2.361616 1.113658 0.552576 1.556808 2.187716 1.767091 0.312143 1.779896 2.003178 2.125436 1.715070 1.739456 1.627939 0.622789 0.748232 1.526453 1.763168 1.543459 0.842514 0.377691 0.898673 0.859037 1.022696 1.011591 1.557995 1.986598 1.862558 1.349592 0.553955 0.778557 0.905680 0.953998 1.424351 1.663289 1.298933 0.610780 0.519145 0.488578 0.387546 0.718912 1.265293 1.465486 1.104661 0.691440 0.620905
