# LRA Full Analysis Data — Replot Source File
# Source file: pitch_decrease_strong_220to110Hz.mp3
# Generated:   2026-07-13 15:46:45
# Accel sample rate: 1514.4-1674.5 Hz per-window range (1595.4 Hz overall)
#                    Each window measured with its own real rate, then
#                    resampled onto the common freq_bins grid below
# Rows:        157 (one per time window)
# Freq bins:   100 bins, 0.0 to 495.1 Hz
#
# MACHINE-READABLE METADATA (used by replot mode — do not edit):
#@duration=8.000000
#@rate_overall=1595.376310
#@rate_min=1514.380002
#@rate_max=1674.461140
#@freq_bins=0.0000,5.0012,10.0024,15.0035,20.0047,25.0059,30.0071,35.0083,40.0094,45.0106,50.0118,55.0130,60.0142,65.0153,70.0165,75.0177,80.0189,85.0201,90.0212,95.0224,100.0236,105.0248,110.0260,115.0271,120.0283,125.0295,130.0307,135.0319,140.0330,145.0342,150.0354,155.0366,160.0377,165.0389,170.0401,175.0413,180.0425,185.0436,190.0448,195.0460,200.0472,205.0484,210.0495,215.0507,220.0519,225.0531,230.0543,235.0554,240.0566,245.0578,250.0590,255.0602,260.0613,265.0625,270.0637,275.0649,280.0661,285.0672,290.0684,295.0696,300.0708,305.0720,310.0731,315.0743,320.0755,325.0767,330.0779,335.0790,340.0802,345.0814,350.0826,355.0838,360.0849,365.0861,370.0873,375.0885,380.0897,385.0908,390.0920,395.0932,400.0944,405.0956,410.0967,415.0979,420.0991,425.1003,430.1015,435.1026,440.1038,445.1050,450.1062,455.1073,460.1085,465.1097,470.1109,475.1121,480.1132,485.1144,490.1156,495.1168
#@n_tracks=2
#@input_spectrum=0.000000e+00,3.356972e+01,3.383967e+01,3.427670e+01,3.487501e+01,3.562544e+01,3.653937e+01,3.763201e+01,3.892693e+01,4.043788e+01,4.218897e+01,4.420520e+01,4.654169e+01,4.928549e+01,5.256867e+01,5.652602e+01,6.133921e+01,6.728996e+01,7.489139e+01,8.526415e+01,1.012228e+02,1.313227e+02,2.377449e+02,4.159725e+02,4.377604e+02,4.413665e+02,4.385783e+02,4.328386e+02,4.257091e+02,4.176834e+02,4.090261e+02,3.999484e+02,3.904507e+02,3.807835e+02,3.711402e+02,3.612506e+02,3.509057e+02,3.402166e+02,3.290776e+02,3.166958e+02,3.020634e+02,2.819518e+02,2.401844e+02,1.222588e+02,8.875901e+01,7.409548e+01,6.492465e+01,5.832018e+01,5.320970e+01,4.908151e+01,4.564743e+01,4.272608e+01,4.020634e+01,3.800494e+01,3.605507e+01,3.431469e+01,3.274490e+01,3.133062e+01,3.004183e+01,2.886402e+01,2.778442e+01,2.678455e+01,2.586053e+01,2.500206e+01,2.420318e+01,2.345861e+01,2.275967e+01,2.210487e+01,2.148536e+01,2.090438e+01,2.035629e+01,1.983977e+01,1.934803e+01,1.888082e+01,1.843588e+01,1.801497e+01,1.761456e+01,1.723266e+01,1.686589e+01,1.651460e+01,1.618238e+01,1.585976e+01,1.555292e+01,1.525847e+01,1.497445e+01,1.470112e+01,1.443812e+01,1.418641e+01,1.394245e+01,1.370852e+01,1.348085e+01,1.326234e+01,1.305090e+01,1.284638e+01,1.264973e+01,1.245794e+01,1.227250e+01,1.209227e+01,1.191748e+01,1.174751e+01
#
# Columns: time_s  rms_g  peak_freq_hz  2 track_hz cols  then 100 FFT magnitude bins (in g)
#
0.434269 1.880648 213.9979 213.9979 353.3454 0.000000 10.259278 2.430896 8.782046 7.324032 6.577944 9.898810 4.238829 7.798382 6.198122 10.708472 5.025365 15.454624 22.228752 15.611035 23.387739 33.664989 9.293984 9.129002 9.213113 5.985886 5.710962 12.897063 10.144357 12.873063 16.219805 16.451523 6.908026 10.067183 7.036120 18.373222 24.814210 10.736350 7.680294 11.225442 17.230551 22.227847 5.662754 18.676194 22.492701 22.494102 29.173079 142.479403 286.899868 90.140464 43.632961 29.425153 19.193524 7.639320 25.934997 26.261511 12.028952 10.857056 5.186497 7.424365 14.019785 24.093395 16.572071 10.620180 20.701821 10.834422 9.883301 5.206921 4.132646 10.847506 8.207861 9.232292 7.851750 12.181459 16.452527 31.274857 57.533481 25.383241 30.281552 36.405175 28.574226 17.361798 15.135239 8.834876 4.129685 6.422810 13.016688 13.466370 12.033142 10.282337 9.107914 13.594929 20.432678 18.558448 9.839158 10.386280 9.582087 8.770629 5.776913 2.808056 1.705568 4.073262 8.543638 7.630593 4.906736
0.483039 1.884705 214.2093 214.2093 787.0945 0.000000 7.197834 12.420434 2.411489 2.608173 7.821746 4.090351 8.791769 6.174684 11.546799 11.241279 9.582349 4.335646 35.235846 22.397657 23.487779 22.649977 4.871576 10.210288 4.987506 4.867006 8.484410 5.440094 6.936802 4.947089 4.313822 9.443185 11.519815 5.539947 19.343806 16.762308 21.382476 10.475305 10.213486 12.114491 3.575380 16.409612 13.492036 8.550142 4.589691 14.132394 44.665660 99.911759 306.277554 39.980793 49.369170 10.228283 8.839901 12.743890 16.558570 16.844456 5.825184 8.361515 4.145177 7.501753 18.050408 11.882372 12.914063 10.228697 18.795423 11.425301 10.076904 7.966655 9.769422 6.628344 9.900982 9.650565 8.330368 8.387740 15.511413 31.610215 49.380564 57.649926 43.474384 24.986723 25.494647 21.144952 21.107107 5.775679 8.740946 5.314344 5.393568 6.489769 7.411500 15.484981 12.335763 21.576270 12.181529 13.611942 5.125179 5.577179 5.969303 4.260903 2.265488 1.462611 3.076765 5.925874 6.262516 5.807587 7.786478
0.530605 1.886269 218.7547 218.7547 803.7964 0.000000 8.205571 13.382696 4.848641 7.801436 13.281418 3.090079 6.270165 8.904123 9.128251 3.187905 7.341439 15.012351 39.172721 22.280335 12.014891 11.732238 18.902771 16.243841 9.317099 3.564249 10.898888 15.002153 8.638497 4.365513 3.328488 11.344492 11.180826 8.317966 8.363025 5.697990 16.439644 18.099258 7.890125 9.323753 10.075399 18.820662 21.207322 11.895961 13.233277 14.970128 20.196257 35.286022 130.398003 275.871422 29.795832 35.824670 15.762567 15.391377 11.735574 19.570888 20.570723 11.392763 8.417219 10.738694 8.192456 20.798897 7.260541 11.400963 6.313909 6.039442 21.309869 2.986156 10.330581 10.171542 8.630084 17.069481 12.871575 10.984285 4.640132 18.229065 35.021818 38.559542 47.860134 58.253285 43.218685 37.427714 19.712017 17.369049 13.245859 10.978176 7.018375 6.506320 9.111889 6.681560 12.493549 14.644582 16.554886 14.450270 9.313273 8.261263 4.542061 7.487243 8.312704 3.347898 3.743585 4.706696 7.633845 6.421658 3.674056
0.580127 1.902499 217.4709 217.4709 804.1365 0.000000 17.796246 5.071603 3.302028 2.879506 4.438702 8.950449 3.881278 11.995208 4.108254 15.640165 21.202674 33.733339 43.516706 20.289044 10.351077 7.350218 9.563346 18.651758 17.358971 12.122296 12.940789 9.628626 7.751483 6.011188 8.572533 11.022324 4.914803 8.150024 8.094086 10.054339 17.425034 16.172096 9.156716 4.717884 8.503321 8.815429 10.290140 9.747296 14.019231 12.559762 20.441081 38.859867 212.249672 197.987633 31.546693 15.677886 11.134006 10.888737 11.010705 15.922866 8.960971 6.260855 6.728620 10.256200 12.656389 11.159173 9.450722 10.931150 6.099805 9.797048 12.292615 8.748740 11.375482 8.811805 8.600764 9.870913 8.290132 10.607399 14.980684 7.455273 14.083139 12.546613 36.667836 87.009471 57.217926 18.248138 16.469979 7.074104 14.234817 6.316460 10.835562 6.048743 6.623599 4.576914 9.816748 18.928684 15.863741 12.218065 8.011872 5.716618 0.254322 8.511966 5.260719 3.171927 5.913599 2.723263 11.261164 9.006647 15.813959
0.630220 1.920182 214.7745 214.7745 794.1663 0.000000 17.229683 1.287161 5.023736 9.412371 8.535316 4.513134 2.788568 7.998187 10.988271 16.483935 32.776646 49.099945 29.559280 12.399846 5.731789 2.827679 7.137336 20.328808 2.690725 15.177489 24.397599 19.653156 6.688549 7.737715 11.960223 6.513410 1.413461 14.311374 14.413749 16.691543 21.650952 14.029627 9.948772 8.832991 20.860551 14.745313 6.902091 17.529707 28.162540 32.760076 43.531699 73.615798 341.005669 43.025145 29.361050 23.816151 23.277465 16.566906 6.478722 10.210483 16.915737 8.274635 15.799918 13.493912 4.872566 5.233793 8.280663 11.576480 4.701311 9.441385 3.014837 7.016146 3.145829 14.592164 19.699716 14.328395 12.233759 16.301402 6.120560 9.635592 10.840764 28.026489 66.146494 78.539852 22.910404 18.899154 18.332755 15.168690 9.756973 4.675637 10.924979 17.559540 17.106463 19.843129 11.281740 6.703179 14.502766 9.171335 9.295371 2.562081 5.913501 5.582162 5.557722 4.502923 9.309780 13.154213 11.818999 15.502518 1.476109
0.680146 1.923450 214.2718 214.2718 792.3074 0.000000 20.210118 3.548722 7.852329 4.144345 10.011379 6.214880 4.393841 7.489239 12.726309 24.463807 41.512522 44.067616 18.368041 7.164770 2.260567 8.517982 7.798125 17.033044 3.861512 21.713948 12.686805 15.916321 12.163292 9.675245 4.329096 5.969039 6.179180 16.508938 13.797666 8.764888 9.871404 7.737268 9.312192 9.164098 20.596901 16.874864 10.371494 19.481171 35.104926 47.669112 69.314359 152.337518 287.135159 62.712950 54.009077 45.806874 38.850207 24.398081 13.981099 16.271216 16.942211 7.545471 12.256113 10.844754 7.936403 13.342692 4.697224 9.318337 2.782556 6.978260 9.799347 15.091877 9.582509 10.324601 21.333483 15.108726 11.463922 6.279016 16.855717 18.269815 13.665111 17.878565 60.177951 67.141011 35.776672 13.280961 7.622663 15.588778 24.022926 21.052344 15.067394 4.735564 2.348464 5.861064 14.047630 16.785101 9.333952 14.250343 13.202416 9.031037 9.092477 6.806882 7.185802 7.657417 12.198047 14.382856 13.240261 9.581541 6.162421
0.730188 1.928770 211.9309 211.9309 369.6470 0.000000 17.688905 3.251425 4.496268 6.030234 7.170308 1.301439 10.447103 17.861591 32.208546 38.299421 32.520089 17.457022 16.004326 5.533532 2.520433 4.421522 9.279180 9.902893 9.188661 15.050516 11.190652 16.961215 12.883722 14.047853 11.964591 10.039156 10.464184 17.046523 15.686493 9.265497 15.398487 19.703423 12.188283 14.164259 19.509034 32.670652 20.518035 29.324613 51.217254 71.810918 163.050688 241.321729 153.513664 51.139068 39.876588 39.619851 23.054025 21.468094 18.563059 12.882574 17.110905 16.900433 16.141672 9.228853 9.245308 13.210279 7.689117 7.170863 7.938610 14.538595 9.033528 16.042367 7.514869 27.493070 13.821265 14.222825 8.728920 10.826552 12.671897 16.875050 16.274353 27.100620 62.435868 77.985619 29.426637 19.754453 9.958869 23.810406 16.690686 16.916295 9.088295 6.987759 6.183215 15.712388 18.309687 9.651482 14.391847 5.718312 5.935073 7.472351 6.533248 7.480045 10.355467 10.107106 9.582743 11.123005 12.322901 5.995889 2.483270
0.780178 1.933221 209.2935 209.2935 632.8636 0.000000 14.802397 4.514680 2.209771 5.967564 1.731430 13.513213 18.665527 39.308658 41.198221 25.982938 19.079246 6.215594 4.025089 4.022812 3.644025 2.913162 3.234973 5.761854 11.529253 14.273237 3.439800 21.698202 9.903489 18.396997 5.506448 10.517713 5.254885 15.003851 21.367961 10.659935 17.721774 8.143266 10.601152 10.376809 6.496856 30.928874 30.335964 25.007229 53.524604 37.501028 99.224799 274.482930 162.200464 85.061818 67.549472 23.641885 26.771480 33.122943 19.900071 21.225366 11.061215 22.155462 8.075350 14.834218 11.376837 11.594272 8.493134 8.092197 7.960626 9.549328 6.827342 15.053102 21.956434 18.490176 20.871063 18.680369 12.632193 12.684787 12.784803 9.763613 28.445195 15.951474 17.344868 30.249327 45.849734 49.522635 37.275232 17.060618 28.408939 19.306196 11.261951 10.670004 9.041510 14.517160 23.304712 14.730799 9.776956 11.879517 7.665046 6.224026 8.820525 18.391917 21.869687 14.494061 12.067176 9.174745 7.049613 10.182030 5.567565
0.832480 1.930892 209.5377 209.5377 379.1635 0.000000 9.465065 12.719911 5.483479 10.523787 6.304019 16.824660 33.421690 49.215198 24.062444 19.870275 1.845892 17.335829 8.491587 5.064597 7.933966 4.860777 6.007501 11.905899 5.839913 5.924707 6.910359 19.182163 11.403718 13.038652 6.967818 9.280883 2.823078 8.656217 10.316390 6.395870 9.221234 15.286186 9.295376 8.257312 15.202262 9.791330 10.340219 23.395681 29.006517 43.734748 107.011649 327.720785 83.168640 21.041652 32.264674 3.944881 15.611437 9.233638 11.104086 15.680273 1.695210 8.925284 11.710240 3.858093 4.460774 6.380850 7.739168 6.801853 2.645573 7.679399 13.827103 4.276063 11.712599 4.534461 13.918137 21.273512 5.215212 5.728206 5.206370 11.556483 23.916395 9.561839 24.395778 28.438487 43.866596 67.974694 45.537095 18.273728 25.473132 15.225386 11.086900 10.376745 8.487526 9.705792 13.133456 9.685652 9.292697 7.373404 4.848200 14.427411 16.863983 19.943177 13.410043 15.580028 5.353917 4.790979 9.057566 7.423194 8.981632
0.880193 1.932264 209.2007 209.2007 786.9933 0.000000 5.201835 10.460671 9.349632 14.599409 22.030086 29.053669 49.848027 34.220172 14.189796 25.563197 10.658882 11.116521 9.071806 7.048907 5.179595 4.514969 4.950051 7.368882 3.469619 3.909282 4.781294 15.803490 6.343233 5.282826 2.995233 4.147992 5.457100 8.748059 15.916950 16.073620 6.471220 9.248457 7.930661 9.560330 12.598206 5.580809 6.552570 8.865492 28.429251 23.713973 101.348791 315.700328 41.836588 26.856673 25.541583 12.868681 10.820477 10.381494 9.779272 4.601037 4.777579 11.713744 8.931704 16.299950 7.023479 5.357129 8.001083 4.373819 4.742149 4.521088 5.588438 14.052440 2.104100 2.326861 6.485753 10.133720 10.917564 5.856728 3.248253 9.934843 21.573522 15.205387 29.507191 40.348383 11.779241 48.418530 65.271073 26.005920 17.783802 4.669828 8.889627 9.324176 11.169860 11.804714 9.267525 11.798152 18.441943 14.237253 10.670100 17.018624 20.662172 18.398425 15.507249 10.910618 3.172587 4.790900 6.612685 7.435714 6.815169
0.930001 1.929100 211.8065 211.8065 796.7958 0.000000 3.089604 6.202584 11.973760 5.673548 34.565807 42.857094 38.440622 23.012509 21.419380 16.985967 6.124387 7.111989 12.504625 16.864001 13.376834 6.819456 5.308437 8.092245 9.420575 4.496947 5.194468 9.476624 9.281069 6.577641 8.548148 6.425108 6.339310 8.346922 10.380623 19.065305 10.096691 7.239273 11.224252 13.685590 13.605887 12.217193 12.281322 16.362468 19.925057 33.792694 59.774583 259.057275 164.193441 44.044354 34.755652 27.360086 12.237921 11.742310 8.689718 6.098523 5.668758 11.228423 10.001688 11.698848 8.425847 6.969702 7.552904 2.473809 2.828991 4.769364 7.139149 10.894399 8.688847 5.360070 6.828391 5.603600 7.439431 13.325368 14.741526 12.662139 19.046624 25.170097 18.188897 28.909466 41.124499 27.657043 49.044738 63.892180 36.099743 24.116667 17.258967 7.096072 8.067476 9.650066 9.339103 5.013229 4.911017 9.181261 11.760206 18.859562 20.912437 22.027771 7.082380 4.234313 9.087652 6.588949 4.276468 10.070203 8.373063
0.980312 1.926083 209.3234 209.3234 388.7435 0.000000 2.590384 4.846044 15.579094 18.285968 43.566094 35.135945 28.683312 20.145722 15.857256 20.055995 10.471229 6.903267 8.095961 16.279548 13.394469 8.100936 1.502209 6.637856 14.751443 6.430415 0.985234 7.808974 16.778778 11.241266 8.234644 8.542735 9.211983 9.224140 4.516290 24.717641 17.189138 22.537415 12.198162 12.038987 14.967000 11.025991 19.531026 39.771200 37.758108 56.349688 152.915298 294.071822 74.132389 39.714494 17.073660 43.464092 25.895058 13.061194 9.703117 10.288729 13.704520 9.132125 10.228125 15.660051 10.362316 3.687320 4.667168 4.537876 3.523807 5.588211 8.049037 9.770581 8.609673 6.495674 13.713844 9.199524 11.555047 12.429474 21.852221 16.062814 8.123688 12.499094 22.229874 49.596548 4.690980 15.799246 47.776162 69.394393 29.280571 17.858229 10.565950 3.134759 6.486833 9.121130 5.584124 6.139359 14.899457 17.388460 14.238432 15.225306 10.796542 8.863915 8.019973 2.565011 2.881059 6.594648 10.218550 4.427524 5.883819
1.030153 1.922880 209.0068 209.0068 786.2636 0.000000 11.946126 13.299667 21.866903 33.111105 40.879627 33.462957 22.063724 13.136942 24.124608 14.379425 7.469846 4.436856 12.525058 20.828405 5.446318 4.091883 6.766592 15.516835 5.866702 4.443202 6.058516 6.595154 1.861217 8.058463 5.869439 7.234313 9.515727 4.216238 2.899714 12.494405 15.929030 15.442448 14.291128 5.654532 15.808206 18.654360 31.082132 54.556376 83.243304 127.278062 224.015012 214.404300 50.272993 21.053725 27.845734 43.028496 14.324278 19.892803 19.830697 11.642115 10.772446 12.663207 17.447292 14.805359 13.395765 15.359762 10.467182 7.856768 7.182639 7.363703 9.484882 10.493986 9.946414 9.629490 11.015645 10.171532 11.944072 13.482938 21.083318 14.090724 5.367120 12.185933 27.488644 38.468311 31.223152 37.790104 48.088992 61.127057 45.267107 13.075864 12.747479 15.145034 13.457437 10.471908 5.175215 9.129699 19.519127 20.112722 14.830343 10.859819 10.840044 10.593006 5.846673 2.751554 4.719334 11.678514 10.881590 2.669194 4.558351
1.080210 1.920175 204.5907 204.5907 394.2114 0.000000 8.047148 17.506908 29.806625 38.394455 29.141411 18.136839 9.814964 16.370279 12.935476 23.991986 11.147165 7.155365 9.606169 18.651289 13.223170 13.713663 5.196842 15.126861 12.736553 9.545149 12.044679 17.356094 11.724345 2.315113 6.517044 8.129190 10.051068 7.462332 13.254721 12.539023 17.117667 19.692412 26.037181 17.885762 25.944565 24.146236 13.956005 43.642298 36.623367 104.593392 287.935898 153.528158 87.684959 56.622748 17.224562 45.658970 26.448631 12.588502 15.327638 9.957998 7.884389 3.915832 8.384536 10.415218 12.239641 3.797812 6.949655 7.306189 11.245168 8.108450 5.060088 3.953179 7.145707 8.414661 5.496890 4.442689 5.772470 6.227643 20.770704 16.413653 10.556132 24.200583 35.502606 27.714311 26.321460 11.253083 26.844474 48.259271 63.705779 14.841931 14.853167 9.749699 5.546113 14.270694 9.028951 10.605252 14.142920 15.546460 7.018316 4.522697 8.939877 11.468336 7.131049 8.802778 9.905418 8.120263 12.632312 6.011496 6.061759
1.130321 1.924414 204.4424 204.4424 792.8375 0.000000 19.680323 36.039933 33.629049 30.282432 18.533970 8.113715 7.147260 9.525790 15.241258 15.711841 7.525119 5.823120 13.789766 6.624672 8.401319 3.744637 5.343818 4.307994 6.844439 2.090627 5.721767 7.615515 2.980571 7.867824 1.109699 3.226075 3.673253 6.641958 6.349934 6.783424 8.190375 12.202625 11.443863 15.221997 7.744580 14.575784 27.995998 17.296063 62.130322 100.385037 322.135238 84.478833 48.901814 20.800065 14.987431 17.724552 5.190575 10.774198 3.608692 1.780450 1.719212 5.748329 3.724181 5.763213 5.886513 3.512844 3.376943 3.587765 7.159540 8.537630 8.797395 6.437580 5.065467 8.137134 6.228873 3.653048 5.368498 12.134094 14.362836 10.454216 9.513519 18.598977 22.558101 13.520152 24.471532 21.164358 25.479408 64.519192 56.323756 46.351244 22.426023 16.797619 3.859846 10.991059 13.685363 8.113751 8.999403 10.855601 7.042030 8.723302 9.522699 12.309345 4.199951 6.372141 9.137688 5.527722 5.826326 5.391687 4.196241
1.180084 1.921849 204.4226 204.4226 398.8734 0.000000 24.890570 52.917881 19.012080 15.635587 13.674502 6.097139 8.244672 1.088567 19.537991 14.093372 8.929424 11.538919 3.437874 7.506889 6.074098 7.692736 7.162112 3.371311 2.562412 6.218350 2.319807 9.827888 8.032774 2.198705 3.601346 5.645068 8.600939 6.358761 9.370619 9.273750 3.005666 12.577180 10.133335 3.270992 10.241808 23.029018 25.596028 15.867492 67.505029 117.327733 313.592416 103.111212 45.479902 36.899654 13.367310 12.256270 10.674626 7.605939 9.427759 6.422505 4.693610 4.972351 6.540358 4.420404 7.789680 9.290126 7.828428 4.277414 8.486727 12.347648 7.733768 8.425885 7.918812 1.802275 2.435210 7.375838 10.165101 10.750652 9.970787 6.576568 15.159811 11.783398 22.104814 13.293818 16.897036 17.522844 29.977219 51.732133 55.492969 55.508109 7.357965 8.875038 15.067589 16.914812 15.244113 8.589120 5.622765 7.635750 7.136976 4.212912 13.663129 12.977358 6.326938 13.256663 7.978906 4.525420 3.246099 3.268035 4.233394
1.230069 1.930218 204.4968 204.4968 618.4780 0.000000 52.440156 28.223168 13.434489 3.086441 8.553577 5.052245 8.019588 7.905945 19.239552 15.735207 14.482777 14.880465 6.162628 8.353833 6.184623 8.043391 6.775384 1.488700 3.105293 12.191908 9.078623 2.848271 3.392478 3.572277 7.157659 11.446839 7.674658 5.210645 11.614104 11.470830 7.444717 10.007493 9.390661 5.802426 8.471377 25.018878 17.096693 23.140328 55.547020 121.585957 319.636507 113.730413 28.062748 16.809906 8.839528 15.388675 15.291646 8.562113 7.727884 2.007391 8.014707 12.412347 10.095220 8.609518 6.596463 11.515815 12.356737 7.690429 8.585054 7.376482 3.110873 9.556175 6.516529 4.182159 3.243378 10.933929 8.871662 3.555974 7.972276 9.717893 24.889892 20.426265 21.623207 16.902107 14.391373 4.721016 14.582358 44.039089 52.888494 45.522154 26.607695 33.032953 28.833355 7.669426 2.936998 4.663139 6.953274 6.108631 6.630266 8.533899 13.410085 15.499831 7.770076 10.398443 7.204137 8.540690 8.169268 6.248540 3.818622
1.280146 1.922790 204.3337 4.9837 204.3337 0.000000 73.272182 16.445381 2.342929 9.346877 8.602918 8.645109 4.138530 6.444243 15.592513 19.707416 18.226492 6.753552 9.712059 8.778146 8.589821 12.302146 5.128166 9.906250 9.590366 4.887764 17.055844 8.875600 6.708526 7.479740 16.006201 9.425644 13.992495 9.200081 12.762924 12.633188 17.629637 17.052047 21.823643 17.111351 18.085274 44.923472 53.727182 96.958776 114.286044 112.758644 278.586018 42.136141 49.522293 35.745242 19.010007 28.028362 9.646943 14.950000 17.550825 12.426455 10.331584 10.665913 9.944560 8.398867 8.558119 8.678498 11.911312 1.807224 6.237653 10.158234 7.835549 6.797911 7.214122 5.851552 3.397300 9.475603 11.160616 8.070873 5.935847 4.396242 18.681154 30.013250 16.819566 3.498794 6.358662 9.595426 20.064000 35.543713 61.078488 56.064527 30.528973 39.700143 23.835895 3.704809 2.541473 4.051114 7.947455 5.924294 4.367877 4.192503 8.042485 13.980551 12.309298 4.653259 3.560990 4.876790 8.652822 8.050646 2.296228
1.330185 1.920774 199.4396 199.4396 408.8511 0.000000 51.267333 22.971814 19.417805 9.565732 20.346692 10.160716 4.935029 10.674632 17.735742 31.488111 6.567478 13.443135 14.828190 14.131469 23.966915 13.804081 7.174083 4.850849 5.931830 5.652936 17.821450 11.933893 13.859246 9.321557 17.867709 15.483649 7.880516 10.541208 11.416191 16.863918 16.309030 17.156013 20.204557 23.668852 25.630790 27.224279 30.149545 55.094905 161.146444 226.551646 177.524145 132.271580 55.157016 54.361889 32.672592 19.098274 22.200855 13.374213 14.044524 8.131130 14.661913 7.929813 7.543869 8.014974 9.366796 5.641266 10.108902 8.781511 4.562828 7.052122 5.618213 9.842173 7.035763 4.282645 2.847366 6.573222 15.358808 8.024389 8.320035 5.315430 13.423602 35.160018 20.930078 6.291073 5.914129 8.260432 17.817837 20.202443 37.769097 39.883409 35.643254 57.495401 24.290209 17.089301 7.645423 6.047008 8.633965 7.957719 3.482768 3.125665 6.276907 16.338427 11.533782 3.781578 5.508621 8.818016 12.672092 7.149837 4.581625
1.380107 1.924169 199.5328 199.5328 409.0423 0.000000 27.321909 52.868274 20.701460 15.419393 19.425537 7.411538 1.284016 6.763180 9.143467 23.357244 6.970233 14.131022 11.361383 3.147113 11.879674 2.971185 4.517818 6.024759 3.248057 10.454460 4.915995 9.729869 6.590231 2.427771 7.437324 4.128247 8.837660 7.144479 2.298000 5.693749 6.914096 10.266619 7.278017 10.523364 23.425207 16.410483 39.095302 75.841947 87.810475 320.073536 46.633110 77.821967 37.438587 33.557480 28.791505 16.984062 12.371941 2.006333 3.912076 11.185422 7.830348 5.045701 1.686797 4.116555 6.953905 3.988476 6.226493 4.309851 8.726168 8.498836 2.288417 5.459421 3.777919 5.803701 4.825071 2.678678 11.210308 6.623710 10.943945 14.822933 13.674283 28.011866 16.755220 6.749280 6.455750 10.963366 16.518666 24.135424 34.302609 46.108592 32.479236 66.969028 30.100695 10.866355 2.717300 3.828580 10.942964 5.553843 3.695254 5.977884 4.516543 13.359292 8.931803 10.996554 10.342876 6.216164 7.530502 4.640893 4.892651
1.430003 1.915338 199.4900 199.4900 792.9727 0.000000 27.024878 35.817021 36.069430 29.009715 20.303355 5.560842 4.200137 3.197719 15.988012 12.194245 8.024075 12.319850 7.094818 2.086793 11.288929 5.537520 8.528974 11.075197 7.115357 6.180043 3.252306 11.987218 9.871439 5.807277 6.878189 7.723526 8.625789 4.906907 5.906641 5.418713 8.641973 4.803980 11.891405 15.759411 29.178704 38.665985 34.432371 58.219241 71.627691 322.741761 30.261331 48.401700 32.693587 40.362461 27.321772 29.864869 14.958038 7.634881 10.826367 4.384460 5.546238 11.997088 8.312330 6.319906 2.501618 3.771196 8.186859 5.656810 5.830836 4.880551 6.634832 8.005436 5.840163 8.221434 5.718912 6.312440 6.240545 4.217599 12.086812 15.952891 19.360270 9.274254 12.012588 17.611754 18.522544 23.921076 25.672885 16.004076 32.840433 53.304828 46.503950 52.743434 41.861347 13.550584 15.474197 7.450184 8.397376 7.715627 8.030831 2.349451 5.874456 8.748423 6.555410 7.790237 8.661518 5.752825 5.694719 2.631904 5.615988
1.479986 1.925641 195.8366 195.8366 406.3610 0.000000 10.025000 28.441560 42.817815 36.209889 21.041997 16.597696 6.997224 7.134487 16.668772 6.643132 5.682930 14.340573 5.112363 8.571519 8.011055 4.664673 1.653011 5.732870 8.463471 7.859779 8.106961 8.189431 9.844168 5.257724 7.620477 14.039645 13.905723 7.520502 12.313759 12.700563 8.659548 16.785401 18.602642 33.885569 45.091881 33.539689 22.602557 52.439916 309.880995 82.998757 31.251505 40.245028 33.417644 40.957736 22.315618 14.403240 6.709861 11.683297 12.457518 12.106515 24.586593 12.937838 10.938478 5.857527 7.719632 13.274983 12.435978 7.136408 6.471449 13.999502 11.084985 8.243383 8.010954 11.836823 10.353784 7.847504 8.764534 6.859727 18.242716 18.372111 13.654986 13.415434 23.109141 38.552228 24.492339 9.126585 13.843576 27.466760 16.186356 28.690967 63.242669 40.455671 21.942883 12.108032 12.216984 7.322702 6.633167 8.190657 7.991601 12.330839 5.870593 8.991653 8.763462 3.898152 9.567381 7.273951 10.744908 5.998091 5.885464
1.530067 1.933214 198.4643 198.4643 774.0106 0.000000 4.152958 10.980790 25.094919 55.913862 28.365865 21.644990 13.057268 20.675032 3.874520 4.168872 6.390778 9.887934 12.085540 6.039373 4.984185 5.787606 7.702475 4.376461 5.897501 7.239693 8.039853 6.010279 16.310497 8.873496 10.462324 4.737229 12.330382 8.057547 6.946943 10.734799 5.416256 3.768437 7.859786 21.435333 39.626681 44.206921 69.320502 112.886710 195.648574 228.226795 68.686059 49.209542 47.510647 47.046867 40.134835 42.942776 26.129637 19.493950 26.540711 17.467626 16.344282 16.107938 9.693273 5.696470 6.508204 10.923776 12.488951 7.540978 3.042753 8.841604 15.091807 9.583016 8.576947 12.070683 10.322530 9.037095 5.050550 7.890661 9.770107 14.924423 13.798523 15.353400 18.689829 29.233364 31.584596 25.729563 18.866120 6.718573 25.560430 22.797279 26.273634 45.523897 56.606523 26.262625 14.723015 19.966660 7.688945 2.191847 2.299508 7.371463 10.776809 6.106378 3.950451 5.331961 3.824468 3.896972 2.940310 7.157651 9.553526
1.583165 1.929642 194.1551 194.1551 418.1803 0.000000 0.693858 5.870513 12.185911 34.173187 56.876667 27.828944 9.999761 21.776382 3.005470 7.525012 8.472896 10.316331 20.013679 12.391560 2.149380 1.279877 13.062325 7.231618 7.083178 13.661335 12.744437 9.376348 19.107646 9.965737 10.912802 16.130500 7.179737 8.015022 9.395312 6.974224 17.567225 26.227964 37.788775 19.678924 36.845887 32.934794 72.197333 135.088088 259.647190 154.487607 61.663017 50.257508 47.187590 56.299160 13.901132 25.790857 18.872004 18.081790 14.939038 34.717034 25.404855 19.333902 10.919729 10.650894 10.411976 14.675955 7.142152 11.221214 6.727845 10.071491 6.109013 9.799335 2.407539 3.907148 10.314329 11.179453 10.647316 14.714423 17.730699 19.611313 11.646305 12.710242 19.710959 23.660304 25.381867 30.540650 28.713009 11.475690 15.142093 21.014993 28.033940 25.217876 49.165199 49.436124 9.544828 14.441024 16.347245 12.288299 13.237897 9.847012 8.940165 7.631174 3.734520 5.590106 4.554133 6.014886 8.695160 5.738714 6.774154
1.630919 1.932813 194.2180 194.2180 418.3158 0.000000 8.452203 9.259244 12.479528 16.423346 36.159084 45.462217 31.125820 33.315077 4.232731 2.166378 12.023756 5.663361 10.827415 16.770126 6.544079 2.407137 11.794453 4.747073 6.829316 10.578777 10.427594 17.992558 12.400466 7.193248 6.651016 21.639055 12.474937 6.553007 7.006537 5.424248 21.717786 32.212866 25.822154 33.160212 16.188279 30.097120 24.960497 93.148698 300.388366 42.945725 45.193493 31.947317 32.554604 48.515412 46.463145 35.004526 17.424539 16.386542 17.887240 16.552936 30.523607 18.611849 14.256263 9.767139 8.675547 14.557539 8.558407 3.953274 5.772232 9.715993 13.759769 6.081854 7.815966 7.430969 10.126863 7.547479 7.524220 5.078112 12.021256 30.919796 18.186689 20.388655 14.389097 23.999949 25.537397 25.789118 24.973518 17.865050 12.587851 12.854420 19.036621 23.869381 48.251883 48.555412 17.570249 24.254625 19.487917 15.329400 18.784551 14.797172 15.367761 14.485960 3.161726 7.811743 13.638172 10.852976 10.950042 7.051663 7.745835
1.680227 1.934759 194.3912 194.3912 772.5805 0.000000 4.989962 8.755996 13.500119 20.666156 25.946042 32.881805 37.244832 43.745451 11.237161 2.104130 10.676883 10.121982 12.270918 10.075561 8.261911 2.218751 15.866776 5.187654 11.885757 12.121442 6.722842 8.933583 9.322604 2.451497 12.599773 6.791503 19.534320 8.086092 12.107503 15.246371 14.271924 31.538861 25.941896 20.878592 12.047908 25.969257 36.741344 66.817951 322.321128 29.928588 38.436590 29.010295 14.198859 23.284812 32.267657 37.360805 19.823154 15.637407 18.727653 17.198974 24.495198 11.636558 9.600724 8.119125 4.504558 2.662762 3.696062 10.546477 8.376883 6.720830 7.943423 6.685106 11.021690 8.160351 7.293890 5.743721 7.252899 5.229037 11.228475 32.473623 23.715252 20.537664 13.939442 21.435043 19.087037 20.422595 28.480458 15.879981 12.987733 9.876432 11.409593 10.330621 36.671344 44.280284 44.333797 45.764973 15.459540 9.394969 15.081500 8.991883 6.298141 9.816936 7.783133 6.767858 13.440716 8.899687 10.901075 8.934064 5.064076
1.730243 1.920168 194.8586 194.8586 774.4380 0.000000 7.520758 8.430508 4.130539 9.609852 9.067771 14.729322 45.870767 40.983179 15.847906 8.739940 21.072420 5.711521 9.835097 11.302772 7.705964 3.331585 18.172319 14.112475 10.907280 13.175452 4.864263 6.984933 9.848156 6.091383 17.774607 13.976329 16.479591 6.684853 11.321265 16.091304 15.577413 32.449925 15.954536 14.509382 25.012247 21.598654 25.293237 46.793760 356.141875 38.277945 22.158462 18.573302 20.085438 12.554720 26.532865 27.178752 28.486722 21.225571 9.140963 8.283562 17.952322 18.287036 16.792508 1.912665 9.762427 7.142525 6.668458 6.513298 8.474405 8.656749 7.563054 6.665933 11.617142 10.565610 2.514236 5.467217 7.471252 1.813213 5.322781 29.426338 32.691159 10.140056 10.228103 11.850160 11.075030 18.629474 35.165476 22.806080 6.968659 12.895580 18.354438 17.948696 28.458160 25.082112 30.004240 54.489693 19.834386 7.846176 22.819305 13.969080 9.196424 11.921627 9.240412 6.727241 15.259185 11.334049 7.713651 13.640093 5.140794
1.780041 1.922442 191.3510 191.3510 421.9534 0.000000 12.265379 4.170724 5.164966 7.024016 8.795524 17.004974 34.032169 40.801411 20.792289 19.585183 11.338623 18.186061 8.658502 7.339071 12.324104 12.987780 10.175886 10.234607 9.153172 6.666869 8.158398 3.739246 6.718764 8.661217 6.566682 8.560874 16.904182 21.398521 16.181225 10.889374 6.229927 17.593122 23.728721 18.813579 26.825242 43.297308 96.198187 275.392256 162.104866 56.422550 26.448431 9.624758 22.236787 36.804076 25.689767 29.820953 32.798082 8.485707 13.049179 9.805987 3.184236 2.563685 11.810813 7.987229 6.837317 18.313715 11.431326 3.216385 6.741231 2.867192 8.489065 13.128794 7.358953 12.569741 20.096806 19.772816 15.729658 16.865892 23.348929 20.972937 12.221995 7.404350 12.121390 21.312796 23.182856 20.815036 16.264360 18.691804 12.373698 7.721508 7.977414 9.670195 6.449225 50.896636 32.887771 7.421434 15.740948 10.555646 6.165769 8.962844 9.401213 6.161874 12.460166 8.820607 9.606880 14.167574 6.676258 3.014248 7.837831
1.830436 1.915432 193.5213 193.5213 426.7392 0.000000 11.455417 2.081369 2.445071 5.032890 5.892740 11.818827 11.141362 21.958231 42.297661 34.241236 16.247356 7.610485 7.976561 6.097998 5.524216 8.343405 9.769884 8.652614 12.032972 11.921653 5.800865 11.167993 5.147073 13.835350 12.605404 19.817377 18.251458 32.682218 24.573718 16.589451 14.275605 16.471141 17.054566 25.348161 29.129840 46.742568 92.020510 225.488849 224.549763 97.390676 43.366062 38.643212 20.500749 19.459493 14.395882 19.274213 19.755090 28.038554 16.853767 13.947631 11.187400 11.446069 12.360586 14.503550 16.593043 17.507128 15.903179 18.593759 8.941625 5.876163 5.751052 7.761788 13.644034 9.764022 11.568816 21.681244 16.762563 13.856589 13.644833 11.747248 11.656231 8.504428 8.719639 8.597309 8.063307 27.253567 34.080291 18.764260 11.447083 5.921559 8.990131 8.496068 14.676943 16.206785 47.784717 37.147968 29.275856 25.578911 14.745649 15.025544 12.235809 4.159387 6.426936 14.268507 13.608684 14.923006 4.601134 11.215037 7.325241
1.880162 1.917411 188.9997 188.9997 571.9728 0.000000 11.475116 2.381391 2.918651 0.834383 2.796602 0.954328 4.246608 13.906750 32.992013 34.130958 28.705126 8.597817 10.242837 10.646025 6.904001 5.214524 3.427014 6.873904 11.276359 12.582020 7.007241 12.428951 10.297304 8.822779 14.831370 17.010154 15.220547 24.333323 30.651422 11.135661 9.206796 10.062068 22.225841 30.592465 31.748102 46.645667 125.543080 247.774175 194.269727 70.985935 63.339180 43.624697 26.350070 26.148040 31.549280 27.928725 24.053784 32.445911 30.502250 4.325632 3.625002 6.176379 7.071734 6.368313 5.735992 9.720596 12.829220 19.226158 6.683842 7.564132 11.734298 5.812258 5.766599 10.122601 14.978539 20.209003 18.850342 18.234042 4.310412 4.732376 7.532463 10.414793 8.428824 4.783667 10.593246 26.880644 37.065683 25.086812 7.535164 5.623458 7.902860 6.601070 5.261249 14.293502 33.354749 44.111404 44.658398 27.622298 10.153028 12.249772 10.103886 6.936200 7.241934 7.831288 8.020155 12.011872 8.128493 8.812497 11.880456
1.931140 1.914133 189.4723 189.4723 438.7780 0.000000 10.959459 3.979208 2.757958 3.257065 3.274932 4.544891 2.033012 3.429354 16.130462 40.695123 45.694756 27.799178 8.441421 4.931451 7.752625 10.265698 5.572540 7.967665 14.375586 8.323345 4.057057 18.726923 18.228066 16.161410 19.593120 20.218692 13.028872 26.642050 13.872797 16.108594 8.234343 12.748479 19.813673 28.064630 41.100008 59.706810 114.534948 273.924063 182.146174 58.537931 33.507158 22.603777 20.333548 18.929912 18.693373 17.449093 14.379981 28.938511 39.600951 13.122937 7.670166 9.949495 10.657315 15.288028 14.161078 10.230293 7.548662 18.058728 6.786735 4.358046 16.723008 16.868230 15.393884 13.721241 11.982623 15.603781 22.829561 12.551967 3.677279 7.247480 12.603127 11.568156 13.986409 11.659687 6.894097 5.554249 25.557380 37.474422 13.817727 9.174761 9.163228 10.312378 12.608762 15.041617 20.855945 29.228791 33.462690 54.529387 13.025598 3.520080 5.190349 6.968295 7.296684 6.208841 7.026770 7.960027 10.190894 11.596462 14.779065
1.980469 1.922510 189.5648 189.5648 438.9921 0.000000 7.417015 7.464870 1.797064 5.319343 4.613867 2.976787 9.650873 15.105113 16.020996 11.962904 17.744909 50.773388 25.124291 6.937860 11.696848 6.140212 5.093230 6.951333 15.019018 18.932235 12.393417 13.918635 11.224096 15.463421 21.063985 18.179113 13.352679 13.331361 5.809037 21.874345 4.523764 4.778004 2.846256 9.985565 16.338805 40.974262 120.733200 321.372534 111.999314 10.196377 13.668267 7.900281 6.213435 12.867298 18.926070 16.850824 10.582509 24.033434 20.480603 34.634814 15.895182 4.255929 13.947349 19.992830 8.758292 7.983114 15.916072 9.738583 8.471114 7.126937 9.371439 22.626973 21.337721 10.432216 21.895868 5.963480 8.243457 4.546720 9.532812 14.207946 13.890640 6.934986 9.391192 15.997833 16.190031 12.156996 22.966345 35.030661 9.345926 5.346634 5.142614 6.993604 8.582599 5.540215 10.055197 22.241933 25.612763 55.933791 22.139805 17.763333 4.897002 7.368334 4.772864 11.483117 15.756949 12.452277 10.758905 11.322419 19.739222
2.030365 1.923368 190.4503 190.4503 771.8249 0.000000 3.236734 9.576025 6.317186 5.391478 5.225028 7.856215 8.955197 15.338392 12.541880 12.168197 9.741966 39.835360 33.583074 20.235379 19.902092 16.257338 9.819477 4.823860 6.770994 9.343467 17.968921 6.497022 10.835127 22.143732 30.416609 16.756487 3.503900 3.909278 13.383521 12.456187 12.415841 12.027479 13.030779 3.323966 28.296573 17.433836 121.906414 309.265749 148.855517 40.148766 19.755680 18.875540 14.079514 10.759461 22.151693 12.080834 21.298908 12.896642 12.094769 33.690192 22.595213 14.654256 12.811780 20.472582 16.550037 9.315548 6.310431 5.747407 11.179757 8.441244 7.133544 27.464489 20.336727 12.204760 23.301417 7.470231 13.229445 12.801407 14.490294 6.821028 18.589843 5.281420 9.425408 16.372010 13.075655 14.969194 24.090671 20.677836 26.797399 16.388438 6.284465 1.479050 10.332811 6.233518 2.993411 10.974867 26.819219 49.893773 25.725764 25.999719 14.863223 13.366092 10.253899 6.198287 13.088516 11.597237 9.817583 8.805446 17.349134
2.079993 1.920244 189.8139 189.8139 769.2458 0.000000 11.254466 6.240991 9.400853 8.341734 11.335353 6.468390 14.864685 17.802993 19.235661 9.203674 7.627816 29.795040 40.108825 27.727170 22.060639 18.227682 27.183687 14.664101 4.269123 22.701174 8.370241 18.813995 21.599808 33.360387 28.922801 5.413817 6.769799 13.402131 19.936784 14.244893 17.123890 14.590698 26.723619 23.209527 42.790916 83.073080 150.103581 298.777447 78.568974 51.854734 42.457930 31.709575 17.005893 23.339420 19.945344 14.095865 11.340845 12.575150 17.069713 25.825501 24.861875 15.045184 9.611577 26.298110 13.963220 17.905804 7.716661 19.768121 17.194358 12.227785 18.952091 36.758982 14.972557 9.383641 20.927464 8.420260 8.047074 9.558420 19.705685 6.083099 19.202578 6.561495 16.181282 19.102051 9.204050 6.462856 26.487035 20.707656 22.432219 15.298998 6.277960 5.689340 13.140506 3.046641 6.265950 21.317076 36.820444 27.819411 27.603459 51.105169 24.118029 9.031160 7.647589 10.455615 14.791359 14.368572 3.323880 11.014873 20.270505
2.130041 1.924719 188.0069 188.0069 559.0733 0.000000 15.065356 8.859470 8.815567 6.480246 9.592494 3.331485 15.573228 15.009860 10.849369 7.119622 13.276301 24.402001 36.128934 39.875049 26.946173 8.024376 12.819412 11.329580 9.830266 13.238515 16.736200 21.869610 15.550326 17.219857 13.171985 4.663957 4.408632 6.612750 15.449198 15.101580 11.846899 16.931864 17.546846 25.678381 58.133941 108.523863 207.666756 217.349804 67.723816 51.661672 40.708295 28.427147 21.698516 20.530693 16.562330 13.993327 8.966015 16.341337 19.878479 11.695975 25.439241 25.549309 14.412269 14.914942 12.884625 12.687075 17.260231 22.919712 17.911985 9.532404 20.932390 16.417327 16.754367 14.533026 8.506288 8.792441 9.474667 18.944292 12.390603 12.513542 9.331869 6.368068 11.824189 5.740652 3.801732 24.445307 14.466554 24.394691 26.293297 5.617620 4.512737 16.341089 5.106345 8.767982 8.765596 19.315886 21.109696 36.324095 52.496750 12.046072 12.165141 19.346360 13.061396 15.244900 14.117378 6.310601 8.873180 19.604041 18.604503
2.180038 1.922373 189.0795 189.0795 447.8200 0.000000 5.434947 21.993294 6.046150 0.385432 7.296137 12.014692 13.515801 9.851402 15.120205 7.678285 16.657940 9.338637 20.819334 30.777132 49.322914 31.948988 15.846903 11.742876 7.562149 21.872568 18.741404 18.326372 22.854086 5.212643 5.777753 1.771024 5.772302 12.202489 14.444808 19.506568 18.671356 26.540519 21.593042 39.182828 63.761247 83.712996 222.455706 230.251029 95.413578 40.785702 42.050686 34.685910 27.275661 12.826042 15.153906 21.336265 21.084086 19.808206 19.805199 19.890331 18.778945 31.757870 22.384747 10.701992 8.945534 13.496597 20.024232 19.542496 25.570996 13.947068 9.415514 16.047324 10.837421 11.230942 6.607149 9.448208 12.780629 12.097060 16.606173 9.843434 10.576146 9.443684 9.117288 8.660718 15.893270 17.530101 18.328038 11.043928 15.857092 12.325801 16.221950 10.163216 11.819754 10.905685 11.782817 9.815310 4.493071 11.933761 41.931780 42.799315 21.584390 20.772882 10.622276 13.953122 19.613046 14.798473 10.436050 9.869198 12.148509
2.231793 1.918117 184.3772 184.3772 558.1146 0.000000 9.605313 13.848699 7.651743 14.980763 9.887469 5.106281 9.352208 11.330534 14.783109 3.909729 3.990792 4.965795 19.059683 10.141680 32.911385 52.278379 41.548975 9.723012 7.735098 22.712711 27.150829 17.255949 23.957193 20.706731 18.951248 9.883838 12.677182 9.631667 12.039677 19.675740 18.899085 12.893967 19.463366 41.058874 38.993783 121.132431 278.956788 162.778599 53.149678 46.727781 34.129495 28.867501 26.587303 22.894672 10.055528 17.543174 22.596045 16.801446 14.660382 15.437082 11.657521 20.734955 35.335694 14.436321 16.013331 12.150795 17.141447 19.871210 33.055391 15.731851 7.159551 14.770078 3.728878 6.968471 12.380268 12.261734 4.144429 13.187979 12.463059 4.039819 6.341833 6.013933 7.069583 9.873200 16.218458 13.338896 12.886711 21.073298 23.784203 10.682208 11.541435 15.420690 15.125126 14.165809 10.874853 10.402904 9.359118 22.074541 26.144614 39.352235 46.449053 28.874475 12.771480 12.012785 23.407510 17.161408 6.517034 11.309588 14.050214
2.280336 1.934353 184.2265 184.2265 557.6587 0.000000 8.060768 12.523979 7.654899 14.725075 8.380650 13.081598 13.018247 19.798392 7.403921 1.622739 3.302421 13.049165 18.328091 21.191340 17.078568 23.283507 58.152052 29.288073 18.353631 23.496004 23.711790 11.686500 11.468358 12.313988 14.156189 3.859528 6.463169 7.553491 5.234712 7.821103 14.479674 23.320304 19.446890 47.047807 53.675134 104.954868 283.129136 145.420391 74.578999 40.356145 20.287346 22.507645 14.168992 15.344578 17.427864 23.956635 17.423067 13.201811 11.782891 15.454294 20.089306 29.470637 34.237772 21.036921 31.044703 32.261618 34.114498 25.322351 15.082618 9.910632 10.910461 15.117816 11.536978 11.616900 10.483926 8.753561 6.516836 10.927670 8.983380 5.160712 9.540870 3.099354 3.455241 10.897113 18.295333 9.333645 24.403722 28.850461 13.386458 9.825316 10.205059 16.525706 16.579980 5.248940 5.555097 10.238618 9.355041 7.076629 17.954313 33.560884 48.296938 43.204839 33.005288 24.212588 19.811787 11.846594 3.216430 7.396936 13.651218
2.330088 1.958581 184.4297 184.4297 558.2737 0.000000 3.891805 10.348887 15.615307 5.904405 9.974693 11.776747 3.884288 18.457211 5.893252 0.848506 8.039309 14.698065 14.768100 19.555892 20.411175 21.997771 45.677614 37.019906 40.074500 28.511412 34.784843 12.657396 14.821084 11.125051 16.830491 8.137185 13.326290 19.249811 9.387365 12.968426 16.572633 19.230724 13.878389 32.813412 44.105540 110.471368 314.193869 109.702533 43.655412 31.475915 8.599490 15.837782 17.946529 10.574415 17.534500 21.542660 8.780607 15.654072 10.188802 6.606712 16.686378 11.744213 22.211856 15.836396 34.749457 34.651533 34.930457 25.169176 7.215145 9.202641 7.800366 11.081856 13.352157 9.182080 4.652528 10.761880 10.508374 9.643476 10.260041 5.837736 8.000366 5.275583 1.790329 7.135085 19.249180 14.404404 28.046371 28.897285 23.857964 5.463018 8.411757 14.245373 14.766363 7.573208 7.946486 11.978731 15.452191 7.474196 11.989673 28.703654 45.253452 48.224634 41.199613 28.274934 15.165597 8.726282 7.422595 8.517987 7.790338
2.380248 1.952955 184.4937 184.4937 463.7274 0.000000 6.692883 16.750419 17.807415 11.174356 9.836658 3.206817 16.685918 9.198802 8.727982 2.410152 3.644974 16.539413 18.428277 15.466888 11.528375 11.616036 37.004750 55.089102 52.336570 5.652516 8.405608 10.768550 9.363579 8.312106 3.258962 14.560232 8.037174 17.619861 12.073099 12.106557 11.649403 13.082487 14.215697 29.067609 48.412582 100.793632 322.017404 102.970366 40.425286 12.863345 9.795862 8.137703 15.580441 13.831056 5.418647 9.012463 17.860549 6.524562 10.710172 6.466508 8.377753 12.128192 23.693146 9.182964 29.818527 45.696369 22.219564 30.145969 6.782047 12.974884 12.390180 5.236289 16.001740 3.450595 5.150102 7.529215 14.419011 14.947770 10.195383 10.254106 6.235188 11.511651 5.402899 11.040706 23.317945 21.195623 30.941746 17.040883 18.942010 12.477844 11.623643 13.754096 6.065289 12.030601 10.189038 13.999362 12.388078 12.973102 24.227898 18.135977 24.570220 33.399648 57.608507 25.320654 18.925778 12.927691 8.863812 7.533241 11.151705
2.430432 1.948019 181.4216 181.4216 456.0057 0.000000 3.332883 19.784031 12.923717 10.322346 10.280414 6.098587 13.360161 8.605193 8.478764 11.190231 11.786478 10.193073 13.780145 10.503838 14.809086 17.917837 33.749578 53.261189 41.487739 22.710304 20.771217 10.515603 7.792651 11.261397 11.637677 12.079252 13.499695 13.258264 6.038155 4.824451 10.583169 16.757168 18.580191 21.534229 47.163836 276.480494 149.858632 30.637315 22.822159 22.024373 16.564553 5.008740 11.135762 11.918655 6.966518 17.313823 16.209325 6.899076 8.190337 10.419504 13.965047 12.566834 7.560231 21.694768 60.495858 8.147224 15.224224 18.579781 16.425894 12.336613 6.846460 13.096556 9.997881 8.578197 10.073517 15.345335 9.412445 9.091700 11.757330 8.122355 10.910640 14.103345 20.439706 24.548792 25.661233 24.362875 17.625856 11.018190 5.360949 9.832017 9.351119 9.673184 5.102999 8.184739 9.872089 13.679426 10.676995 9.867771 19.562601 19.971580 69.067290 34.864238 16.857545 15.892146 11.009323 12.923389 8.102897 9.217392 11.236986
2.480257 1.929130 182.4964 182.4964 749.7150 0.000000 4.426681 20.954980 20.550236 5.136558 8.875648 6.588103 8.086972 2.345692 5.053157 1.974488 9.918165 15.753280 11.499225 9.489652 14.199306 23.571570 26.204653 36.020699 33.192844 37.609426 32.218476 10.742401 9.229511 14.714213 12.474326 2.600614 5.443664 7.862037 9.332282 15.349617 20.103620 20.128875 27.394447 34.613993 67.249583 224.272230 212.476403 73.635710 33.353216 25.198104 30.305528 22.323679 10.198891 14.620812 9.951012 6.085308 7.974583 5.675224 3.482691 7.714193 24.222014 10.609541 5.655226 4.208861 26.321449 43.372802 26.202102 13.454120 15.362210 5.042788 18.967721 13.728434 3.489430 1.050942 6.083272 5.537252 7.164985 11.753302 12.463161 10.972254 19.408756 22.789977 12.094168 18.427283 24.913564 27.394782 27.891013 17.197539 6.973903 8.588958 11.586962 11.371830 7.880304 8.072592 10.061031 6.200446 6.131387 9.912280 10.154195 9.826028 27.219988 52.898764 51.682002 21.365912 7.181881 12.947015 7.285744 6.232833 11.964592
2.530476 1.911167 184.6130 184.6130 469.0169 0.000000 18.264136 6.719996 3.613203 9.477053 1.830987 8.707946 14.975728 11.308852 8.092357 9.005136 17.304241 21.683586 18.071467 9.391757 16.267130 32.489570 11.413865 15.008662 3.133670 21.393949 66.428555 19.055360 14.594914 6.019308 14.502570 12.356419 13.376977 17.075209 20.754510 32.349365 22.172405 32.176435 17.797617 61.464442 103.074475 211.976834 243.838345 64.056684 40.669433 54.035564 33.303883 18.928788 12.982596 26.609576 31.686799 17.944755 18.747707 8.571555 14.820761 7.338873 10.295550 21.659371 10.626128 10.316545 11.115922 32.351340 43.347973 18.139035 11.336302 19.523065 9.006899 10.137620 6.192721 3.912258 3.754328 8.982892 9.966461 8.794636 10.145180 13.287751 7.942678 15.324685 19.572949 12.013602 17.651165 10.899962 13.634923 16.870604 32.562961 14.256892 8.120625 15.106094 11.987251 9.774498 14.199906 6.962774 8.258759 7.160440 10.374909 8.644875 11.180044 10.118248 36.106683 70.484873 20.348218 11.643780 9.509443 7.085462 4.578292
2.582356 1.915720 178.9057 178.9057 755.3797 0.000000 17.974659 10.911728 4.560172 12.575130 6.654223 1.966618 11.519974 7.200264 8.769326 13.664534 18.598346 10.864908 14.125370 9.362129 26.221914 24.643645 10.014378 11.981878 10.651927 21.710114 46.733429 34.641346 32.453671 18.835003 14.609140 16.615435 12.185359 21.277006 26.483174 14.417101 36.834755 40.049512 40.182877 47.976735 127.713536 256.080924 167.792775 71.591219 47.067502 39.714481 28.429038 16.414294 16.675241 19.349914 19.887348 12.454599 5.168170 6.485786 10.064340 25.272114 29.126797 18.998786 12.543560 8.942222 19.114416 28.345877 37.551545 32.192375 16.814772 10.626213 8.664238 4.786340 6.824955 11.760739 9.559187 4.246837 3.081638 6.566226 6.022175 8.122955 9.042845 14.298600 20.441834 13.410964 7.346871 6.751313 10.357229 24.930918 25.616445 6.877198 8.947215 10.001762 4.935507 8.605144 11.395079 6.013444 7.894115 12.260862 8.868383 6.559458 12.217200 20.851304 53.345488 51.332010 26.595301 21.421965 12.255962 3.662352 8.399394
2.630223 1.918987 179.4398 179.4398 757.6345 0.000000 5.600585 14.209104 21.078057 16.662629 4.473655 5.584041 5.032709 3.906800 13.177595 3.344391 11.470187 7.151782 21.727414 17.180182 21.983803 21.336313 5.577836 7.352421 9.077091 4.176472 27.504705 48.929533 16.131493 18.350638 15.252604 21.009311 24.032604 8.193854 25.942828 29.230333 20.199542 31.796916 34.744174 41.438832 100.327699 313.967882 94.799026 49.494600 43.905231 28.274711 18.139535 19.209158 21.300961 10.263600 18.056224 11.248069 2.825644 5.638435 9.500075 20.587617 26.674480 18.593103 12.406899 9.500546 9.067772 12.467684 20.347318 22.619395 27.456863 14.586948 8.532276 9.768236 8.866965 13.117882 9.317338 7.409172 7.522475 10.370966 8.105745 9.629428 15.549488 12.257501 16.893529 13.529982 10.274083 6.908746 17.611288 25.910723 35.080055 9.498094 4.143173 11.101978 6.549291 6.803283 12.131315 6.909629 7.590000 10.367174 11.429228 6.904385 4.281594 5.821859 22.560705 52.955720 51.307844 20.880274 10.400714 14.671289 12.616417
2.680849 1.920064 181.3463 181.3463 544.0389 0.000000 9.557061 5.741664 11.648903 10.420542 9.824994 10.840894 16.551302 11.871703 2.934841 6.838467 5.698088 7.200091 28.462328 15.309467 13.443984 13.060857 11.605024 2.590088 5.793536 6.119434 22.038882 34.143530 37.441158 25.875556 15.598739 7.362964 16.291684 10.570112 2.999994 6.337419 12.431023 16.004566 7.831603 23.937430 39.210177 288.428711 132.022876 33.976259 11.833078 11.766780 6.056397 1.891829 6.704995 9.836364 14.626561 10.835235 9.926246 15.374343 18.188836 13.008099 25.708576 21.337956 11.518266 7.907363 8.136535 12.855803 16.128310 16.340316 23.929020 23.281948 9.410638 2.450688 3.531443 8.261570 11.296705 11.909491 7.103145 5.421241 10.847877 10.407729 10.219074 14.839001 13.268286 5.773259 5.272425 9.419125 11.182321 13.213496 25.944520 28.247111 8.977854 10.582582 13.354639 7.592541 9.431862 15.434898 9.146297 11.672579 10.684940 5.749771 5.811922 9.518662 11.371677 18.127908 41.748784 43.556709 34.619409 18.447279 10.819209
2.730471 1.909604 175.7200 175.7200 737.0479 0.000000 5.850042 4.909084 16.084929 7.138140 10.634086 12.101302 11.061111 23.261966 14.374443 4.730283 8.954007 15.861988 15.100659 6.094749 6.892269 9.146660 8.771211 6.901635 8.292596 11.439170 18.103152 23.460690 33.143140 27.765236 12.692027 12.030439 8.726780 4.858890 9.733782 10.122830 9.634721 13.343833 24.567416 43.273493 328.780514 83.555858 25.343371 12.994609 15.941198 11.123154 9.284183 1.981855 5.608078 12.217073 13.148553 14.660092 12.898118 25.961066 17.525605 16.191742 6.871801 10.439793 5.172780 12.508539 8.910873 7.388454 10.997415 21.159442 21.298360 8.579061 7.624738 12.147789 11.749825 9.400480 7.834372 7.256614 14.024039 11.108666 8.391190 18.394107 13.401853 4.961081 10.721014 9.486880 18.901118 13.725490 36.146789 21.612600 19.899869 10.940623 7.528615 5.864722 11.284075 1.677214 6.322156 12.048198 3.883535 8.152952 9.020341 6.728739 13.034169 20.609998 32.904261 48.286183 14.887521 12.703467 8.407882 6.146742 7.005877
2.780249 1.906174 177.7654 177.7654 528.3583 0.000000 5.591148 3.819681 14.928169 13.884365 17.815668 6.054476 14.995955 15.927764 17.822781 17.984531 11.461493 11.976089 11.376603 1.588869 4.207199 5.649423 11.617449 13.780679 9.420841 6.365957 9.688121 13.407498 9.567139 29.133305 37.039583 25.847415 18.382725 13.028031 12.923389 12.828008 17.825645 16.060084 31.667753 76.856710 221.018346 226.425903 69.999584 32.004471 14.692768 8.593495 8.773538 4.749173 6.657579 8.333069 7.590380 9.945838 15.539556 23.776493 17.459177 9.474612 12.782415 10.578723 12.190498 15.639565 9.231700 5.240481 7.376230 10.557793 16.962561 20.790638 20.231946 6.249451 12.826903 7.264847 8.237216 9.064664 5.170713 18.212747 9.912941 6.371132 22.436291 14.934941 9.604800 12.299360 3.367381 22.596270 13.505235 18.845134 37.921521 17.620126 4.609104 4.428083 17.719586 6.401496 10.043135 8.170718 19.625733 8.577696 7.214640 13.861851 13.244333 9.015595 2.989500 18.442094 47.392992 16.778397 15.089441 12.893003 9.628943
2.834452 1.902192 178.8065 178.8065 749.9938 0.000000 6.505839 2.332031 13.460050 10.011785 12.895403 8.720404 10.282589 17.464771 14.489569 27.993719 7.488792 6.713616 16.713873 8.652550 6.097359 11.713391 6.588443 14.078366 17.999437 9.592366 7.539968 9.273872 9.911111 13.471359 30.531041 26.269503 31.662278 20.331331 24.556395 32.645709 33.735772 35.298988 66.354164 122.522569 233.919047 209.530999 67.358871 49.893834 47.476063 20.158066 14.584972 17.515699 15.707007 16.102706 16.308664 9.568504 9.777065 19.368466 22.229668 15.599266 16.993829 20.489245 6.381069 6.161675 12.744382 7.396187 7.366820 9.843696 4.763536 23.330087 30.155141 11.516082 13.660669 12.782235 12.335178 12.070757 5.705107 6.551133 8.814357 13.142595 15.607155 11.598928 7.956907 6.096677 10.599949 16.765255 16.797689 18.826848 27.823378 25.571047 11.249412 9.518197 12.834232 9.934037 9.374935 10.354775 7.845163 10.214512 7.787227 7.189324 7.473044 11.908527 12.143263 14.465640 29.148926 40.504106 30.389850 14.178019 11.000414
2.882728 1.899782 174.2642 174.2642 482.9608 0.000000 3.271899 6.832964 8.223743 7.664368 18.431790 5.958347 13.242717 22.551519 18.541791 22.713578 6.037237 3.050167 14.833611 13.073626 5.377653 14.055758 4.494170 10.609859 16.180924 10.476902 6.192234 12.017642 17.463486 13.228712 16.396242 20.891177 31.081991 23.389065 20.469205 21.147414 27.416976 43.049379 55.535271 122.385459 282.475098 153.225661 67.179125 32.623920 41.354951 21.947276 22.436164 13.175778 11.491518 19.657975 9.525186 20.970792 7.341969 15.403039 9.292961 9.339342 8.654915 15.441112 5.125812 6.659577 8.656767 8.235667 9.535697 13.534917 10.423192 14.978908 25.147774 28.249049 20.261856 11.529609 9.962475 16.778940 5.857734 4.912509 3.798709 7.555193 13.976304 8.821730 2.725324 5.837831 9.344183 13.268244 12.866876 14.214475 22.224690 25.492483 25.579178 14.784572 13.248956 19.685066 10.337727 12.802155 8.642819 10.508304 13.105855 7.303926 6.091976 9.618565 15.673401 8.031628 7.542225 35.663874 44.913229 13.269786 8.241539
2.931175 1.904229 169.8724 169.8724 514.4706 0.000000 9.720945 3.764210 4.112142 13.651887 9.929569 11.724350 24.541277 21.225003 12.230933 20.738061 11.958148 13.512076 17.139497 11.961275 14.281581 15.800476 16.874336 17.673455 11.452502 7.167652 8.751199 11.835590 6.484370 14.440128 27.582770 39.172737 33.729843 20.494205 15.928084 14.605905 44.664357 29.869381 51.647442 335.259309 97.630761 59.699410 55.134320 23.473962 18.811312 18.936426 22.172092 16.685353 16.137842 11.348683 9.612941 12.637160 13.754250 14.981096 15.306825 16.140596 14.247055 5.282246 5.451647 8.441424 12.302406 8.671405 12.462874 12.481833 20.039313 27.495200 22.361966 12.614075 11.465372 16.359458 16.941592 7.383739 12.135939 18.383485 6.758454 9.173685 10.335989 9.171341 3.768408 6.848636 15.792586 32.172352 21.148433 25.188633 16.265447 8.667229 11.814849 14.345032 11.007748 7.023808 5.425110 6.727813 6.388538 3.108487 7.261944 15.774116 12.577941 13.134835 17.058437 40.178515 37.256887 23.450919 20.355213 13.620007 10.126899
2.980464 1.894488 176.6471 176.6471 494.6118 0.000000 7.675781 5.133554 7.164079 23.089083 13.954207 16.226158 29.820406 27.537171 10.111416 13.798078 7.363684 3.674292 13.797440 12.585290 10.744077 10.787385 3.602652 14.914233 15.216563 5.182250 11.224555 10.655411 4.729541 4.965964 6.476050 8.758626 14.168817 30.882740 19.471919 12.960160 4.402450 16.702774 27.724711 45.757274 266.957221 163.814084 36.924676 24.082792 10.517202 5.049591 6.499261 11.519110 10.529009 8.342538 7.128827 5.361693 3.124469 5.697565 11.245151 6.464693 10.251278 13.211781 7.721054 9.165128 10.461102 10.777580 12.341362 7.669044 6.450473 11.775429 13.743327 19.004613 30.290917 31.553682 17.910405 19.077884 19.253296 7.899266 4.171906 13.223420 20.657774 10.688584 4.098171 7.160490 15.754754 6.965471 7.619059 19.410132 21.019001 17.481902 29.676452 17.130372 16.725960 8.884164 13.428313 13.654899 10.424139 13.974581 14.108049 6.539992 6.067852 11.377508 6.057971 9.572863 11.254030 2.441753 12.630001 23.197871 52.018661
3.030344 1.888730 169.9724 169.9724 509.9172 0.000000 6.195786 12.631485 11.294850 13.243756 15.986325 20.124870 24.849424 13.580290 9.440607 6.969321 11.572079 14.593047 13.140465 11.431252 12.076840 6.659072 10.899287 13.083721 7.756643 6.152276 11.882821 6.976302 8.674945 8.543080 8.613862 9.729814 22.812486 27.342616 8.026894 11.353457 20.390371 15.116336 40.476326 370.279766 38.783123 13.999106 13.739054 3.066297 2.662250 12.349490 9.213400 6.820209 9.489490 5.915180 4.939240 7.947738 12.245406 7.107251 6.666596 9.356889 10.613215 8.502458 10.709730 11.219778 9.126452 9.015872 8.599633 18.616419 8.312873 10.280981 25.118673 29.499278 15.600276 10.904074 12.934786 10.532607 3.922468 30.127442 13.685079 12.374923 12.086386 12.809071 9.226959 6.450948 22.845892 16.431084 20.927084 26.065004 20.571581 18.728935 13.268097 12.615206 11.615656 3.551672 7.915701 9.481897 6.386780 5.418008 8.827611 7.117176 12.175129 10.410460 12.587881 9.322988 30.935254 45.091652 8.893339 16.438364 24.175887
3.080242 1.887939 171.3883 171.3883 734.5215 0.000000 12.177251 3.869808 15.195480 6.202674 18.148389 21.599304 18.763007 14.166049 19.058953 9.557461 13.464309 1.825756 5.501126 11.853780 14.252079 8.281828 10.431154 12.824685 9.054524 7.345934 10.498224 7.567865 7.113802 7.177348 8.437032 8.956629 14.997836 26.847498 17.232765 14.247160 19.333357 19.632044 55.450347 285.625281 136.908011 33.110039 20.318540 9.814395 3.735289 12.892235 8.237950 2.950493 10.187432 2.029883 2.743129 5.202967 13.054446 10.289209 4.111488 7.334549 11.884057 9.098588 10.359120 21.601134 4.420748 4.187827 4.345950 7.140372 14.881332 9.113806 12.633112 26.055705 27.958276 13.772719 9.730409 13.939986 7.100917 17.512175 26.154043 14.342083 9.156816 9.926267 9.143307 8.121823 12.469525 12.639855 25.017724 33.742405 27.887400 11.282077 5.030674 6.899578 11.322608 7.249552 7.838702 9.720451 10.560678 5.656891 6.520300 8.002704 4.421726 11.163998 4.532942 5.380182 5.905999 25.994467 53.377730 14.674215 16.000145
3.130501 1.885677 169.7502 169.7502 504.4006 0.000000 3.868494 17.943483 18.267922 12.288966 24.455597 14.003398 13.544427 10.617460 10.863176 13.157739 11.284393 7.902699 9.168485 10.783676 10.131734 7.711241 9.855765 11.531268 13.931342 17.151619 15.250008 13.186520 16.696901 12.851093 18.785278 13.614812 11.377252 8.837694 17.221225 33.480677 40.507550 67.623619 128.371384 318.948605 60.363372 46.553000 38.526106 21.546977 17.578076 11.987173 10.941600 9.573962 14.914560 10.577641 6.923732 7.308284 18.064447 23.633155 14.352093 9.025001 8.413295 7.569412 14.252419 11.554491 8.036133 6.938759 6.931706 11.645231 14.102476 9.888916 14.302145 18.035534 46.203346 31.967987 4.733398 3.146429 17.894474 10.355284 9.772572 12.110848 13.975114 7.742277 7.252965 5.477662 13.347310 12.376371 16.802725 29.123310 17.722457 9.937196 9.356865 8.885373 8.373638 13.039193 8.144712 13.657610 6.338031 6.723745 6.564163 1.937320 10.551460 7.868683 12.479022 17.776730 19.677555 25.355331 42.445950 23.155246 12.829569
3.184038 1.897264 174.2625 154.3468 174.2625 0.000000 9.614104 8.121067 23.737541 20.311391 20.006491 8.787957 15.333397 3.505696 17.624331 17.235114 15.788594 10.647827 2.745884 6.940168 8.260040 5.902380 5.871126 8.949369 21.115355 23.410746 12.083427 5.701547 10.748379 5.705413 13.537738 19.488196 8.324569 15.386504 22.104275 38.702202 71.576806 62.011812 97.616755 208.169200 249.555334 78.827622 36.355359 37.079530 20.977722 24.571188 22.795292 20.988849 8.822847 13.491741 13.530506 15.599598 5.499655 7.695144 10.168024 20.313391 15.754995 12.857482 10.570918 19.254726 13.505986 5.917944 6.005245 7.259732 6.743235 10.252017 11.728085 10.090584 7.944140 13.263850 32.261128 27.500734 11.928014 8.343433 15.072666 15.481138 13.142379 7.585289 12.556927 9.207248 4.289018 5.299905 6.713089 9.244973 20.735721 29.123867 23.652702 16.741176 14.897564 14.584822 9.296136 8.495212 11.507068 12.478079 11.739842 3.860895 4.418813 3.309728 5.814751 6.350871 7.726205 9.376579 8.395342 8.510538 36.706723
3.235883 1.886718 165.0788 165.0788 728.2890 0.000000 6.526778 12.642121 27.097178 22.817040 10.614119 7.984287 11.908364 17.801572 18.101139 15.105300 15.517916 15.919384 15.155479 6.989881 6.237865 7.037240 4.364414 20.723363 19.882212 9.088393 9.635757 14.339120 16.778586 15.228920 17.476747 11.153860 20.651074 15.556687 19.658745 54.531074 37.322544 95.045688 294.983870 171.561165 70.707922 53.213521 32.271991 25.893604 23.823408 17.115609 21.111390 10.769816 10.753375 11.160567 9.847840 4.916660 14.368848 16.559376 10.992475 8.077140 6.565733 12.215025 11.218042 6.031509 11.149749 9.881334 4.097284 4.729449 9.323305 9.240310 10.067627 5.501451 18.473326 45.780792 10.977779 10.752087 22.129477 12.966824 12.353501 16.508823 7.803838 10.734226 4.701145 10.374671 6.104572 9.554867 8.960884 22.274785 30.404070 13.957796 10.700903 10.308920 7.467177 11.128371 14.044165 13.558115 6.632729 4.651287 5.282746 4.478783 3.337399 4.097556 7.920085 11.909371 8.726049 8.741259 40.517747 39.336824 38.606183
3.280459 1.864549 166.2869 166.2869 493.9698 0.000000 27.560826 16.870827 14.898717 16.359039 9.289591 6.999515 3.282187 10.758026 8.234997 15.982705 13.665765 12.618276 11.951664 9.838426 10.054618 9.118989 4.864249 12.069778 22.748538 18.787197 15.261985 13.822386 9.938641 11.136041 16.940989 18.858250 15.720804 24.181411 21.701825 43.725487 81.867406 62.431289 237.075485 188.876028 111.957391 44.800771 7.343971 22.193930 15.701188 14.385262 12.083888 7.657379 5.436473 11.666300 8.833073 4.811350 3.164459 14.897813 7.414144 7.087951 8.595572 6.625708 10.370207 6.277248 6.695395 3.354424 1.651532 5.808421 5.821957 3.932963 10.022689 10.535422 7.623801 18.832977 34.662308 29.698465 32.743988 24.261189 14.372304 18.410107 13.924068 11.572377 10.004949 14.583374 13.326429 5.632955 9.450339 14.220802 20.072659 29.605311 7.662607 16.188873 11.185272 5.185866 16.691126 8.774624 8.748055 8.535941 1.852581 4.633586 2.234781 0.883782 4.432908 8.925343 9.727868 4.861948 12.256978 34.292694 49.545315
3.335818 1.835830 169.3826 169.3826 503.1661 0.000000 27.942674 14.387861 4.441890 5.086311 6.509635 5.487463 6.778254 13.280291 5.945531 10.547702 11.806145 11.385337 14.272843 4.646906 16.200806 5.450194 3.747548 9.449506 8.403256 12.813899 6.954155 14.420626 11.458786 3.057051 4.336573 2.859522 4.444748 4.387893 11.545295 22.072850 35.110546 79.422654 126.992870 298.053755 113.223404 48.984541 15.798996 17.057135 11.398966 6.758531 8.494003 5.728028 4.319490 3.117181 7.694634 7.164738 10.564200 6.418434 11.214468 6.575914 5.522874 9.644039 6.260455 5.286109 10.762795 7.520466 3.595380 2.189218 7.067651 8.715136 3.815828 6.847834 9.436687 6.090982 20.783342 37.310324 30.836304 21.822041 33.758063 19.177318 12.472749 9.997189 15.489150 6.514797 7.883197 17.571002 14.293794 7.340786 5.704623 14.636129 22.713437 20.756303 10.196690 13.350892 8.431486 11.226010 7.327865 12.822282 16.515905 10.860987 5.045239 4.658340 3.740352 4.344573 6.682852 8.329702 13.283282 21.176392 11.321184
3.380249 1.798008 163.7161 163.7161 332.2474 0.000000 6.975754 18.614923 11.161110 6.517423 4.936785 9.194192 8.093417 8.461204 8.518042 13.163756 11.411028 6.199453 3.537082 6.757824 8.251577 10.854045 13.091347 6.747371 5.956947 2.686973 7.233858 10.800332 4.801301 11.414930 8.725489 12.357740 5.534877 13.262826 17.741866 30.878677 80.146487 157.193096 263.295384 105.188903 35.682603 15.472181 14.110714 12.527498 7.827164 8.980580 11.210752 5.415078 5.833387 4.504472 4.426811 8.879668 5.151829 1.879983 7.468865 5.639672 4.355816 3.552943 5.897008 5.019778 5.173939 1.976687 2.853532 4.175215 9.000469 6.543476 8.608839 14.173342 24.721257 22.617383 30.646821 43.439502 31.347510 25.366148 14.455632 9.417581 14.387203 12.636070 13.891545 19.620449 17.995563 16.834945 11.945130 13.153934 13.987955 9.070553 10.984300 17.471209 17.238853 8.657562 10.341152 13.933907 11.487696 6.303351 2.411876 4.471164 5.990002 8.725204 10.406698 14.391780 14.287610 15.642767 26.919734 28.428339 16.957987
3.435982 1.836063 169.2562 169.2562 343.4905 0.000000 16.673566 23.257374 3.951299 6.254187 2.131503 10.681409 12.318505 11.507176 9.235511 11.794934 13.509005 7.111688 6.956995 7.073954 15.005173 15.314380 13.413276 8.704836 14.190861 15.619925 10.342457 12.554336 7.961144 10.307032 8.589330 16.289227 11.432994 19.492364 22.876515 15.835530 20.444485 111.698224 179.256773 254.935576 97.245648 83.667495 37.677482 19.688508 14.152646 12.082425 15.149930 20.130960 8.231195 13.085366 5.714962 9.295016 10.188352 5.407207 12.101358 9.848024 6.376480 6.845964 14.055824 10.665013 15.096152 11.600583 3.534746 3.570547 3.710324 4.543461 5.847304 9.640953 10.484169 14.980229 14.798572 29.414086 33.546941 31.397662 37.368286 14.958253 13.915306 4.828312 11.048748 11.912582 12.000872 10.595372 18.114479 20.865173 15.631948 9.738710 10.021124 19.522075 20.432736 9.747806 13.571897 13.715399 11.058846 11.842668 11.404196 12.478790 8.060193 4.189263 6.733731 6.934447 8.998496 12.732762 10.143361 18.798429 22.662149
3.486481 1.841623 162.7622 162.7622 483.4996 0.000000 16.622084 18.524452 7.694347 8.103895 4.679153 5.265176 10.795505 14.305037 7.700274 11.795041 13.450619 6.137564 7.931842 10.155526 11.505338 16.510335 17.957239 8.600123 5.771972 15.914248 19.435092 20.792315 15.730912 8.559812 23.515573 25.681349 31.321122 43.054399 49.487860 82.717687 120.841861 220.320621 178.587627 33.680282 31.074119 26.357907 19.980130 23.628648 18.619210 22.356827 11.675005 5.412416 6.997587 8.257423 16.180181 9.544221 16.299134 14.019118 18.064840 12.045103 12.835937 7.539984 4.896385 7.250498 4.155970 5.858517 9.542445 6.505928 7.983980 7.908910 6.655762 8.634907 12.931120 13.189252 27.398533 50.831060 13.225861 23.808848 1.732207 7.161677 9.742311 11.110801 13.256327 11.131577 15.978407 10.526616 7.160830 16.232977 26.376693 13.165918 10.080393 17.045488 11.818217 12.385537 11.728495 8.907956 5.698702 4.727434 2.117025 4.362425 7.375025 14.045732 11.931335 16.632339 18.898928 37.455798 43.307540 23.982894 26.663983
3.536067 1.860336 169.5440 169.5440 743.0019 0.000000 11.375605 21.782634 15.572688 19.331012 7.466320 2.487313 3.918685 7.365545 4.596084 5.022993 9.239397 9.356670 7.557365 3.475822 17.732052 15.948274 16.382044 18.059021 6.448043 9.025672 15.664066 15.472066 5.993834 2.960678 4.459678 18.117439 25.755431 15.985578 37.507965 32.627989 39.430540 82.047873 242.050399 227.652768 90.979490 45.388236 47.111683 32.364097 27.458813 11.475428 17.544731 24.348540 19.020377 16.052705 8.357359 16.687070 10.159008 9.334951 12.563005 9.462308 7.430385 15.261778 7.576992 8.198241 12.873687 7.600285 13.662677 8.701785 8.880812 9.197964 9.096623 8.387965 7.565186 10.801841 14.317101 17.585961 33.125197 19.428781 31.161330 25.530308 22.732043 2.358432 5.217508 12.258952 11.748243 10.882159 9.733431 13.836443 9.090362 3.543434 13.386673 33.533241 12.976596 17.225011 16.981557 13.616201 9.125896 13.234645 10.036159 6.180835 5.834830 7.559049 7.243118 8.170342 8.427601 14.158238 14.546314 7.266838 22.974156
3.580770 1.884017 162.8708 162.8708 493.5480 0.000000 11.191320 18.760172 11.349868 23.576980 5.709084 7.594702 10.023557 8.204043 7.299898 10.963146 4.590037 3.476144 6.000736 14.551881 28.055233 11.554752 6.808778 9.991129 10.278526 12.606017 9.901158 10.769111 12.862912 11.254931 14.116803 21.692830 18.679534 29.049669 33.829392 41.350673 62.192409 172.720899 246.163480 137.424357 66.990079 44.875376 33.368842 25.576876 18.331307 15.225957 15.616119 17.894154 17.076437 15.248558 16.722171 11.746644 11.940038 7.228299 11.094896 9.972544 7.527482 5.482839 9.424741 17.997715 9.232504 6.716166 7.543836 2.716641 8.951020 7.047860 4.859074 4.703934 3.168154 9.553250 12.497599 22.756568 7.152177 12.564275 31.022061 25.440207 3.610241 4.405772 16.602320 12.910016 13.261051 7.867925 4.566992 2.224687 8.780766 13.551377 47.915889 19.829715 4.958982 7.906173 10.640581 13.396534 7.523393 15.522513 7.400570 5.963720 7.495682 5.944161 3.716942 8.876805 8.456470 12.511521 13.661126 37.022059 56.889064
3.635892 1.860175 164.6566 164.6566 498.9595 0.000000 7.637346 17.801767 15.023822 15.158283 17.723220 17.731324 5.170132 7.661403 3.626456 3.608479 4.048445 1.703027 5.085208 16.759776 20.511808 17.202006 5.415623 7.591512 9.883298 9.267422 2.854646 9.645144 22.015719 16.536831 10.740221 27.747043 16.035628 25.782701 20.540892 28.849090 40.642293 100.592270 318.298976 122.532100 51.573328 33.294049 17.293993 34.761592 16.800107 15.479652 1.945994 12.601367 5.087670 5.656756 8.233660 11.896916 9.973053 8.407074 7.908364 11.878712 2.336927 8.611431 4.495467 4.111151 11.041902 13.837463 7.106714 12.122282 11.281730 13.745894 6.311179 1.591192 6.402985 9.996312 7.499378 19.088693 17.199629 7.619690 15.619160 24.506598 35.307137 14.992261 9.959096 6.887708 12.576024 8.934263 5.563382 8.283771 5.106255 11.044452 20.346249 38.720133 11.031425 5.175876 5.541102 6.183951 6.310632 9.674012 22.088534 6.338309 6.655560 9.689546 10.104652 7.836904 3.506512 6.922142 10.294941 15.938624 35.356809
3.687920 1.873122 158.4186 158.4186 475.2557 0.000000 2.769978 5.580776 4.561104 12.538672 19.096644 15.431051 8.347865 8.420509 5.452336 6.534827 5.092444 3.938903 5.561547 9.228694 23.134326 19.461133 10.646286 5.216143 9.493590 9.444488 18.205774 11.723953 5.159817 1.640637 8.334675 13.944376 11.424845 13.420625 13.361347 33.458568 147.609266 266.577881 44.690930 18.742999 9.005494 13.274819 11.925538 8.635557 5.694265 5.061473 8.711847 12.274067 8.862537 6.503007 6.704804 5.506996 14.673430 11.124374 10.634260 2.288354 3.120279 5.582163 13.862190 8.348803 5.766957 5.046658 5.103594 8.976123 5.627708 1.051099 3.021939 7.716169 20.312371 17.495917 10.413692 7.005902 14.337652 25.978912 25.570768 17.579558 13.311971 11.869194 7.232604 1.726253 4.025194 8.252917 7.394535 23.173494 40.389123 7.744684 4.445701 6.191737 7.087983 7.041434 14.176681 7.810042 2.916364 3.597885 11.764509 9.041260 8.355910 5.726585 15.004077 26.862268 63.387478 32.284587 12.864013 3.653571 7.194787
3.735856 1.866528 164.4088 164.4088 493.2265 0.000000 3.048321 1.719169 5.692310 7.330985 9.372814 29.257440 7.235186 3.874253 2.417102 10.385128 4.933581 8.947626 6.985846 4.359890 6.989669 24.353792 11.154373 13.939488 7.172941 8.532287 6.035092 15.091542 12.759666 3.650740 6.548214 10.520796 19.175042 15.643101 7.432015 19.756744 30.039406 93.500510 330.873467 49.100777 21.486703 16.288118 8.188376 21.389258 15.074740 20.288080 9.834980 7.695988 7.679339 7.976369 3.362332 5.403649 7.573450 5.666925 6.757379 13.322238 5.663619 3.277816 6.985732 10.053039 15.792278 4.557663 2.411500 4.541145 6.169862 11.656703 6.613054 8.621894 8.284157 7.968193 17.000102 22.080403 11.126370 5.345527 9.036955 11.014530 18.883120 34.134564 6.116627 8.696685 8.090962 5.009400 11.490348 10.738157 3.550307 3.485831 13.302476 32.242210 26.363733 16.615856 7.734512 8.776084 9.559039 14.961876 8.584973 2.656434 4.520940 6.814263 12.969554 8.324315 8.509317 13.750999 22.439436 40.712709 48.043809
3.788426 1.859642 158.0037 158.0037 469.2231 0.000000 2.947236 4.944710 6.186882 6.925174 12.591753 16.505082 17.140229 11.442659 11.762385 8.930738 3.731513 7.789299 7.734962 4.488276 16.293413 16.971671 15.169643 8.993184 12.312566 3.459262 17.976415 13.047308 6.795645 18.587448 13.132351 10.149091 20.675022 16.936483 25.836898 64.220053 203.656833 235.280664 63.300066 27.264587 16.571252 14.443823 15.629392 21.903177 20.572499 7.909399 4.931681 14.103286 4.193823 10.717620 3.209386 11.358967 4.298613 12.267214 5.285111 6.470647 8.236314 7.354332 11.459513 12.740917 11.704585 9.266877 8.683045 9.174719 9.605907 6.750031 7.205960 17.491736 18.839457 18.004930 12.293179 7.232335 11.533426 19.842295 33.989881 15.904738 18.920336 13.819592 5.929098 10.664363 9.550290 12.880604 19.045608 16.087031 25.632164 20.976918 5.167960 7.626136 7.200333 9.695296 17.129260 6.419438 8.706507 12.424150 6.941006 7.954799 8.336378 9.115663 25.419127 56.718478 24.910745 19.650760 7.137080 6.552409 7.732696
3.835982 1.853622 164.5327 164.5327 488.6124 0.000000 6.080722 6.711244 11.145729 4.987505 10.398993 18.299821 21.294336 7.039644 27.267038 8.305116 16.139138 7.450993 14.508254 17.512277 20.189929 16.952894 21.286675 3.936157 7.827559 14.615928 15.108946 10.840242 18.962781 19.885921 20.620935 20.118022 22.428593 19.717076 27.704374 47.593809 83.774103 190.687407 275.639426 75.649971 54.785602 36.622146 27.639942 15.088351 15.599527 12.387806 25.417903 6.622308 8.785492 9.024244 1.968635 7.381611 4.765669 6.883824 4.374858 8.041454 2.795177 5.095643 6.418344 7.069546 10.300057 11.279099 6.000495 5.227972 7.851489 6.537780 6.956753 4.491507 5.903847 9.829887 23.333748 8.931884 4.633974 2.519631 3.755593 7.943516 11.891174 23.683255 31.778531 24.834482 5.714216 4.199356 6.626799 11.812267 8.762738 11.281379 12.487888 15.796423 35.761391 12.144808 5.589038 3.548746 11.084688 16.711005 14.118231 8.841208 8.808955 4.231996 7.616044 5.270642 5.341486 12.068915 32.232791 55.497677 16.522904
3.888449 1.841329 159.0695 159.0695 526.9176 0.000000 9.042734 7.671184 12.779856 12.301853 8.504712 5.210615 5.689928 8.332777 35.368071 13.768158 8.158196 4.908920 10.694465 11.225707 17.173336 6.288618 18.811921 12.663780 16.909599 19.651420 23.716618 14.668915 19.110925 25.101571 21.474982 21.255506 25.481067 16.861849 32.407543 60.461786 135.680212 251.580856 183.998618 63.837682 41.186086 40.978020 26.977241 19.842112 19.135964 18.417592 28.827381 13.429433 7.851059 2.663139 8.187027 11.292167 11.472382 8.048710 8.137724 9.595153 5.617479 9.129357 9.330380 5.300346 6.631848 8.919903 5.629113 5.095787 6.520484 4.225880 9.690173 9.737096 6.003137 13.065384 20.232352 7.170852 3.531463 6.663290 5.242371 5.085075 12.793163 21.611518 31.061846 22.476668 1.415500 2.765078 11.077077 14.926813 15.394471 11.223119 15.185484 24.746238 14.565745 12.782394 11.892421 5.294973 8.466282 15.469482 11.807479 9.991582 9.611910 8.191154 8.217056 7.996265 18.490405 33.996920 41.007681 28.083842 15.082608
3.935795 1.851774 159.6371 159.6371 483.9000 0.000000 4.284698 6.953845 1.811214 6.792716 1.938990 5.535021 3.170126 7.061320 22.564486 9.865670 11.827456 8.649542 6.222327 11.776565 5.710931 3.270342 8.952587 22.018618 4.268762 7.667428 7.718546 15.077783 14.779175 27.031795 17.929407 27.667390 25.366479 20.174628 41.271106 53.321380 95.034573 320.482516 104.603278 63.389848 24.379901 30.332423 10.995505 16.999599 8.160904 13.470069 15.533817 12.162001 16.422317 8.049046 10.027359 13.000925 7.185044 6.777688 2.189886 11.403311 2.415773 6.667609 4.095659 8.759983 6.473434 6.271899 7.818168 9.850896 10.017316 2.003769 9.482234 8.480302 9.044832 15.499696 14.727549 7.855971 2.924342 4.311624 3.817509 5.152254 6.828580 8.612580 20.609398 39.299859 8.027691 5.206025 6.697092 7.430787 6.755627 8.858446 7.146518 22.286070 18.529905 27.245923 19.038929 17.564098 13.276378 16.204154 18.669936 6.814445 9.194183 10.716912 14.420632 7.212995 13.071079 35.468623 45.375083 30.376673 17.993775
3.988414 1.841999 159.5005 159.5005 478.5015 0.000000 3.707790 3.124781 3.850611 5.576744 3.488723 0.963842 3.951541 5.766979 12.478721 15.930424 9.660535 8.351612 8.250043 4.546132 5.062110 8.271141 15.316481 5.754753 16.378493 6.480522 4.143271 10.896303 8.345676 26.157787 23.686346 13.927478 9.434207 17.474119 29.911989 18.223643 67.589383 335.365500 35.270643 19.698268 28.730773 15.922005 6.999167 8.860883 15.383705 11.301321 14.406503 11.541677 12.610409 8.348400 14.000113 5.062705 9.165794 9.614939 8.222537 4.091473 9.646973 6.431040 1.588517 4.991266 3.461917 7.175704 5.332684 4.921185 3.337430 6.527411 6.500401 1.324461 8.930171 19.834295 4.650732 3.256300 2.641524 2.420712 4.882628 5.800837 4.842457 11.459642 20.702978 27.756926 20.804886 19.100683 13.058355 9.004665 8.018503 11.145027 15.209366 9.125885 23.315630 24.631399 16.353979 12.442897 12.251610 25.732693 17.234551 7.907649 7.163133 12.544114 15.858804 8.086009 29.733102 46.185460 17.461239 11.230711 15.634065
4.035808 1.837888 157.4795 157.4795 472.4386 0.000000 2.956094 4.520136 3.653314 3.145455 1.779196 1.120226 2.615663 2.683997 7.588557 15.430592 19.964613 11.476897 3.016585 3.666038 2.243036 3.752947 6.294660 7.995146 14.687181 11.630109 13.282272 18.498205 17.216974 15.364790 12.928503 10.172811 6.225478 6.762209 14.088397 26.985135 202.731455 196.406624 25.189984 12.576868 5.702436 3.118582 6.044957 8.459887 8.786473 11.114720 14.442410 23.060695 11.618983 8.601419 5.091160 1.958297 2.173982 2.286980 4.522415 6.503552 12.731202 7.935001 10.642984 6.482589 6.032935 2.028555 4.643234 3.742821 3.936413 4.200928 5.255749 4.252813 23.515798 2.030361 0.796924 2.000801 3.246593 2.070470 3.518116 6.405099 7.758284 10.086975 23.933574 34.158569 16.745109 7.954629 7.625211 3.428769 4.582563 10.544923 11.063464 23.311980 28.060913 18.016598 17.243530 14.633500 13.478887 11.812880 10.228887 7.274532 5.457169 10.377518 18.421666 40.640485 40.193964 14.382508 6.635452 3.489956 2.513519
4.088446 1.842375 159.8347 159.8347 739.2355 0.000000 4.130549 5.305360 2.050120 2.620052 4.647505 3.115612 4.128620 5.102480 7.096920 1.503219 9.797643 20.238203 4.166156 4.462891 4.335383 4.764442 4.624033 2.918300 11.725776 13.784381 1.280846 20.936832 24.506436 6.284712 24.471422 17.258618 11.055046 23.710520 28.975010 46.096914 87.383683 346.307886 69.597729 25.292593 24.342209 17.304689 18.966369 10.274276 17.649018 18.021211 15.265735 7.530457 10.021503 18.165253 3.469785 0.789639 5.110667 6.540878 6.556390 1.954983 8.224166 13.104137 4.905604 12.087158 9.044194 3.468014 6.697797 8.033019 2.514902 5.790474 8.035720 11.469065 10.602140 16.027230 4.489839 2.186746 2.125156 3.855749 4.217486 1.732730 5.998481 6.759566 7.873993 11.755829 23.210726 31.768827 4.346042 4.990422 5.873732 6.929354 7.017593 7.546197 23.089343 28.341720 18.874019 22.957084 16.017147 18.176972 8.203934 15.327787 9.784760 11.479127 14.031939 34.305444 35.110151 42.896081 25.311566 6.501318 6.891625
4.138359 1.830642 156.7082 156.7082 465.2274 0.000000 4.165330 4.647689 2.330181 5.195581 5.933855 7.684518 3.816086 3.277534 7.853424 6.852000 8.248918 13.494538 11.903712 7.440890 1.179494 1.882477 4.052816 4.950591 8.653608 19.315626 21.647127 20.494068 15.620402 9.829738 11.152034 19.751560 33.685078 34.475154 38.541932 117.036934 260.691247 166.609681 56.960955 28.942858 21.826934 22.786987 18.573018 18.565140 21.087364 6.455989 15.075450 6.812554 15.696806 11.275630 16.086365 10.627178 13.059150 8.715816 11.541404 11.156775 10.649034 10.138788 13.050791 5.995061 6.228288 8.599662 7.722600 6.506797 4.858845 8.786817 13.819883 20.211287 8.538959 6.294237 3.972812 7.429250 8.902909 6.757240 3.144891 4.170835 7.205411 8.745473 14.461650 31.134102 21.031257 5.135130 4.424346 6.697454 4.810367 8.850573 22.501252 24.031476 28.807092 18.364414 11.534089 14.888949 7.403554 10.878165 9.214611 6.965198 5.122039 17.877159 63.595092 7.771707 15.297860 14.352557 6.547779 5.609384 3.292245
4.187994 1.821508 159.4784 159.4784 737.5878 0.000000 4.989615 10.385593 8.751186 9.219526 7.612360 9.932325 11.970797 4.470159 12.055094 12.237010 9.948986 2.163838 5.913477 20.173215 12.105541 13.066993 11.165124 11.551718 5.784701 23.280210 28.431917 27.367356 19.694123 20.116988 22.952225 33.398558 35.943666 39.053153 41.068718 105.038481 238.894641 220.301361 72.314334 62.704905 32.683716 20.572039 14.906160 17.730035 15.782279 20.654667 12.015525 7.300011 7.463425 15.916367 20.656137 8.179780 3.313293 9.227613 5.333955 7.142148 9.851303 10.191615 12.941683 6.593511 8.489940 5.020360 9.694969 2.913299 3.341763 6.184282 6.567935 10.641628 19.666156 6.745301 5.470042 5.940433 2.537907 5.594524 6.019167 2.822952 5.926596 5.359069 8.222937 9.749209 19.141564 25.353074 19.855836 11.061594 10.012707 8.261433 9.585532 12.453481 15.960071 20.531785 31.409376 10.642224 8.591343 14.967788 11.256972 10.896671 11.014146 9.568187 22.702496 39.784674 37.788637 20.640432 17.970802 8.950288 7.196992
4.235791 1.816810 156.5257 156.5257 474.6264 0.000000 4.296873 4.892966 5.631294 5.141819 5.159080 7.739080 7.979208 5.314063 2.671173 5.262020 10.943461 4.077027 7.919935 8.835968 10.905373 12.121760 6.311391 7.528163 5.969167 17.666074 13.285832 4.731141 8.979636 21.255662 27.939751 22.339038 28.665979 24.721243 54.717679 77.285801 227.997736 212.638512 111.495981 48.540443 35.963271 29.185009 24.972673 17.400001 8.086066 11.885037 12.800407 18.107181 15.162538 9.036876 4.601695 13.918470 13.960458 8.287160 9.751648 6.502789 5.596062 4.713565 2.484767 8.031390 16.787582 16.735897 7.349202 5.533499 10.504800 10.060844 10.522251 12.084192 15.406712 12.976137 7.544443 7.788607 2.783466 5.363216 6.905281 5.990748 3.891947 7.558879 5.708298 5.365969 10.063171 10.536315 20.397373 32.034330 12.684979 6.269755 4.966028 6.740349 15.816393 16.159320 20.444149 35.665973 15.744563 9.745987 13.402647 13.508324 9.507758 9.398689 13.634594 26.658095 53.920171 21.266619 17.662372 9.669130 9.376826
4.288471 1.806201 153.1588 153.1588 464.4170 0.000000 2.789218 3.606182 4.455088 5.547610 4.097182 11.569877 8.674210 8.148841 4.579096 3.514630 6.084666 5.149072 3.337050 8.442000 14.645339 7.266259 5.489339 6.796637 11.023987 14.175026 11.232559 11.548949 24.046504 19.663548 11.677531 17.454626 24.134400 19.163679 41.441481 171.915496 251.146311 81.703102 39.828993 38.097102 32.570548 20.700010 18.208946 14.509747 9.836943 14.508518 13.741302 8.637460 9.027970 13.608027 10.580623 9.606298 11.025421 7.509892 7.771445 6.252082 4.813700 7.819436 7.379337 10.682924 9.314035 6.290427 5.188302 2.105558 5.028078 12.457889 16.202141 15.615363 8.619202 10.946227 10.312836 8.364045 7.378288 7.218796 4.157903 5.426063 3.687816 8.072349 9.987218 6.515232 10.647811 24.812605 23.467398 8.803679 6.739876 4.299107 9.935550 24.549877 18.673923 38.793902 11.311897 13.939495 4.438673 16.229465 10.250009 8.498352 19.977094 28.718154 49.035627 16.539134 15.615933 12.457398 4.308387 3.429248 3.461306
4.335789 1.805392 152.9307 152.9307 458.7922 0.000000 6.571160 5.995724 3.839447 7.190722 4.680618 3.190799 6.122683 4.334026 5.206081 3.927358 4.592060 7.851593 7.678907 7.108438 10.276574 10.237423 6.758017 5.654712 3.798813 6.005169 15.581950 17.560728 12.660532 16.398151 16.944979 15.096499 11.430045 25.656734 44.778385 180.138217 235.930451 51.950175 22.580773 11.471663 12.122864 11.449465 13.221177 8.042883 6.850500 6.409794 4.922511 3.155789 2.406033 3.435245 4.863073 12.365781 9.787095 5.821727 2.115885 2.314098 2.815459 6.415580 8.015842 8.516381 5.906065 3.944857 7.992443 5.275125 3.899807 5.659336 20.064213 13.396902 8.876995 8.563351 7.800470 4.280352 8.138904 5.228490 2.534535 10.558087 5.981702 2.547812 10.331300 2.446586 4.652133 20.654405 28.757251 7.393133 6.154092 5.264250 10.790711 24.205247 16.452935 29.280261 17.944333 19.201855 9.957048 11.655740 17.559144 13.975061 22.789274 46.157236 26.623129 6.735542 9.776343 9.983344 7.250358 5.401095 4.069266
4.388403 1.804202 153.3886 153.3886 460.1658 0.000000 2.833518 5.312454 4.412164 5.913474 1.922186 5.998521 6.155892 3.266788 5.751638 3.308346 4.186972 5.718190 4.822285 3.997295 7.807291 11.342239 5.844475 9.129113 6.236325 9.957109 5.373967 19.452954 9.709472 13.037690 7.146524 10.489231 10.296378 12.050261 28.541828 147.162728 262.917696 37.303859 14.307262 8.456393 6.462110 4.644110 9.353533 7.933038 5.334108 7.118830 6.031269 5.545316 2.945490 6.949518 6.396535 5.745056 9.413985 8.059530 5.059604 4.469709 3.264871 6.268481 6.913291 7.050313 9.471390 7.557074 6.757153 5.828267 3.307097 3.046308 20.264239 14.891005 9.019384 6.189757 5.306863 2.859934 3.239886 3.115007 2.899130 7.481071 5.323472 1.775900 5.658806 5.938099 4.691500 13.497468 18.820891 21.550676 19.835302 16.373257 15.415545 12.553302 25.841783 20.049531 21.114982 19.546061 14.978363 10.476472 6.568492 12.127684 18.178189 56.526065 29.314103 4.693281 5.564222 5.041428 3.423739 6.993331 7.461716
4.437862 1.796031 154.0187 154.0187 462.0561 0.000000 4.169959 3.476469 8.055219 6.000209 3.149805 8.028497 7.808217 2.230947 1.985537 9.335173 3.702923 6.738159 8.747824 4.863550 3.669160 9.792192 3.287090 12.876651 4.754794 11.810402 3.857952 14.540588 14.827275 15.910727 18.719918 20.442205 20.760028 20.502906 38.103672 131.267191 294.893686 52.105476 29.563826 11.207686 10.042149 14.854005 15.127848 18.798889 12.374300 12.028281 10.014123 9.757299 8.987310 6.875689 8.374262 5.389376 8.301054 9.038630 6.183046 5.891939 7.803875 7.844909 7.086711 3.545659 5.516472 7.370096 12.130428 8.549705 5.440525 5.478771 14.937245 21.504391 10.715368 8.835654 5.918602 3.639572 3.687980 5.722240 5.218641 7.215836 6.552332 2.702013 3.902429 10.114040 15.055001 10.546393 15.289294 22.411654 23.061566 16.150966 11.313932 8.482375 19.838801 22.438385 15.357014 13.441711 16.168390 14.807028 14.869826 12.534658 26.587479 40.583633 29.076523 15.950885 11.340221 4.320032 4.955097 5.996187 9.239156
4.488422 1.803488 153.9973 153.9973 457.0242 0.000000 0.961502 6.246161 6.045592 4.515604 4.336927 1.679508 5.699448 1.422628 4.608068 5.621135 5.087796 1.949623 7.737839 7.094412 4.942702 12.387210 9.753722 10.078509 6.659184 10.205902 8.221169 16.586562 26.731725 17.546373 24.747805 41.145335 29.030534 49.055960 100.575597 179.571235 257.596142 72.035418 51.725555 27.418287 23.502110 31.084824 16.835176 14.150886 16.502396 13.874782 10.489422 19.703482 15.083833 10.811362 10.130204 9.330315 4.619410 9.492979 14.518676 6.931834 9.414526 4.132212 5.324224 9.743022 10.424638 7.137882 8.623208 8.201801 10.817409 15.790362 16.916818 10.977114 5.781158 8.765979 6.628099 5.388716 5.606652 4.897039 3.671748 6.056043 7.909074 4.386777 2.261371 7.228462 8.288806 6.011916 14.835667 17.904561 22.113824 18.393346 9.636470 6.141257 21.855437 19.619672 17.354174 18.914195 17.676189 13.995531 8.653963 17.172902 44.969400 34.200153 18.575238 9.121369 5.749933 6.434050 3.906582 4.044273 8.748540
4.536432 1.801459 151.0868 151.0868 166.1955 0.000000 9.802168 9.070131 4.197185 8.664811 9.238736 4.899774 9.497087 8.281992 3.837861 4.171160 6.583287 9.799855 8.809990 6.681188 3.883625 2.573376 7.654122 6.963961 3.086074 7.416438 13.822814 22.334626 31.318408 18.118505 13.649822 38.306565 28.482632 48.278105 67.452465 206.690547 231.245593 128.708165 66.155811 41.527287 30.463624 22.980007 23.411146 11.744145 13.899026 13.431159 17.231917 15.592735 10.620753 13.966293 13.969996 17.418227 11.576965 8.557750 12.897619 9.627136 9.804415 7.581050 5.718615 5.379437 5.781201 8.210008 17.230220 16.312748 8.951157 4.998539 14.690612 16.627182 10.700266 8.100757 7.754211 11.829589 10.211389 4.417412 2.223044 3.333982 8.833263 11.556667 9.094197 5.649354 8.169245 11.466286 9.118968 9.246018 8.874565 22.624530 27.121444 9.667557 10.333248 20.337818 23.998631 13.262692 20.585282 18.883999 12.241011 11.826739 24.151733 38.775911 32.282732 22.616846 17.620167 5.530810 5.318550 4.077583 6.589047
4.588551 1.789946 149.5141 149.5141 453.5260 0.000000 13.612581 10.291332 6.803327 11.643849 5.311342 12.626881 10.792990 9.955518 15.163834 5.517807 10.681892 6.220545 10.461882 15.086605 10.371608 10.016241 6.226389 8.404136 10.337389 18.882948 9.499377 18.841151 21.515061 20.613509 32.132525 39.425953 22.851064 37.617717 91.416995 295.202210 142.203364 65.407836 45.441537 39.930716 27.708786 13.920920 14.721509 14.840071 15.640472 11.557294 9.420555 4.090532 4.467245 11.761043 10.721052 11.042132 1.738084 3.178989 8.666788 8.408965 7.141375 4.573664 6.553449 2.409590 4.586297 14.910194 10.936877 11.017947 11.231259 13.479421 13.172273 12.035138 7.932913 4.293191 4.087198 8.136588 4.109710 4.016940 5.791312 6.739640 7.499225 1.913577 1.939659 4.727583 4.083203 3.968740 8.190564 8.338405 10.696734 23.529188 20.140066 19.360872 16.695440 22.828292 13.764204 15.298238 23.489050 5.372222 7.341579 28.355843 45.245105 9.050663 8.804942 9.798481 10.260506 6.840779 4.034145 2.945305 5.148538
4.635801 1.796612 150.0160 150.0160 455.0485 0.000000 8.507513 8.488559 12.690621 4.145517 8.095641 10.947915 4.667704 4.973732 12.525565 6.500082 14.373456 8.919277 5.455124 15.052818 7.173044 9.102291 11.625390 8.666893 17.488807 5.170657 14.344968 12.673909 6.555126 34.190077 19.060584 25.270188 29.169170 54.339845 79.863311 322.637818 138.256125 57.025060 35.627015 26.849066 21.355048 18.961346 6.576112 14.008396 6.915467 9.911342 7.399592 3.231380 9.254686 3.860650 3.563734 9.934195 3.333134 4.708184 7.052900 3.151368 5.833739 7.190575 0.461612 1.530376 2.662188 11.983882 14.750691 10.808539 6.856635 8.956362 21.175610 11.547779 11.302570 2.225337 4.362481 10.093486 3.178005 5.325693 7.822335 5.766883 8.367100 1.050083 3.316429 3.953052 2.837826 4.680470 1.806453 1.818302 6.169503 18.487350 19.709707 18.463545 9.845624 18.944904 29.976490 29.611541 14.716629 20.818080 14.646045 7.046073 62.372517 5.248090 13.022841 3.655057 5.366368 0.729531 3.205114 3.980599 3.954308
4.688443 1.796717 149.2023 149.2023 447.6069 0.000000 4.619570 11.957607 10.226664 2.294160 8.507327 7.898793 4.286287 5.090882 7.762111 4.510303 10.356864 6.277779 6.209435 10.576374 3.129538 6.175976 8.933064 5.703185 7.312594 14.056737 25.331553 21.147866 15.368051 5.635605 15.297733 13.201560 20.458904 20.523170 127.664376 307.242841 77.452483 23.544542 14.149681 12.981170 10.763353 15.368320 23.482463 18.392076 8.011957 6.313378 7.557153 6.398941 10.531829 9.319095 7.763013 9.132025 6.641014 4.991471 5.336257 3.799061 6.747351 4.687173 4.106307 5.430809 8.565476 12.776185 14.018397 8.875835 14.226522 21.069513 13.138239 11.316012 2.766092 4.882336 5.550694 6.684774 9.694485 6.934076 8.503377 9.718967 8.425296 5.346840 5.085680 3.597047 5.356292 6.598720 7.221895 6.362566 15.154773 27.321935 22.306000 12.735447 9.805182 17.806385 21.875007 14.013651 12.412374 23.316149 33.082731 33.843762 29.595567 16.886988 7.115403 10.824791 13.640451 13.138163 9.004160 6.705863 4.975196
4.735784 1.782766 149.4487 149.4487 448.3461 0.000000 4.522513 9.483724 4.868166 6.560714 1.393998 2.543982 0.848873 9.224963 12.003915 1.307526 6.815059 2.951451 2.051149 4.945852 3.118795 5.018399 7.473002 5.787128 8.623246 15.584492 19.728106 10.387990 8.988548 6.446303 14.585583 3.908667 13.367847 29.565944 90.887934 327.080374 46.533004 26.524420 9.303075 7.904638 10.012349 13.461071 17.373019 16.098963 9.392568 7.836902 7.798542 3.565636 8.044720 7.260703 2.346407 4.208139 2.659634 5.843687 6.957223 3.264530 3.384960 6.649128 1.593710 1.978705 3.215210 5.961308 9.341914 5.942736 19.216672 24.540772 10.456571 11.810871 5.506373 6.674188 4.560273 6.932007 6.510843 9.941325 11.951395 4.735071 6.410718 3.392140 4.094298 2.394049 5.474091 4.693158 5.576531 11.943130 12.885373 19.845569 19.492256 12.192252 9.007923 19.720096 21.078014 8.154997 13.957129 24.267685 37.597075 36.973958 18.572282 15.574623 3.960343 7.260518 11.328563 10.787738 11.577824 6.868458 6.851901
4.788419 1.803707 149.1746 149.1746 447.5239 0.000000 2.387431 9.998596 5.411069 5.031282 2.946317 3.970030 6.087166 7.851168 8.322940 6.196777 8.569952 6.082342 2.666475 1.452824 3.974675 3.698450 9.217772 10.305280 8.211688 20.220308 19.251717 14.309725 14.766900 6.531976 8.830160 9.160841 14.486291 24.784884 100.258302 314.513755 44.365954 23.419740 9.158494 8.116071 11.692968 17.579376 18.433661 14.545925 10.177880 9.466356 7.070463 7.039973 9.218193 6.844960 2.870427 3.599666 5.748084 7.761539 5.970560 5.571559 5.255339 4.152140 2.307368 2.702364 4.347534 8.670083 11.077970 7.737042 19.183624 25.811308 11.529449 9.634356 3.610329 4.477427 6.909483 10.334022 7.578390 11.148931 8.207605 6.849494 9.465574 6.776057 3.949097 3.711974 3.924675 4.706629 8.845815 10.967237 13.914471 21.918560 17.525020 13.380142 6.186624 10.331684 11.678950 13.711740 18.255853 19.296051 41.026777 39.679292 22.712294 13.927407 7.990648 7.026409 11.486742 13.255548 8.474244 5.198445 6.626374
4.835910 1.790550 149.4880 149.4880 448.4641 0.000000 2.127685 12.346062 3.637637 5.899011 0.893004 0.456926 7.328877 9.391752 10.338033 2.440887 8.033035 6.825736 4.118112 5.107782 2.557599 5.377104 10.861475 14.832797 8.035666 16.723484 17.346164 9.685629 9.523853 21.838324 7.810302 15.594673 28.374504 38.563528 88.865869 326.733711 34.360005 32.906615 24.610374 13.009723 8.717156 29.664344 11.016803 8.532263 6.671894 7.745763 6.898811 10.624360 12.597070 6.754284 3.923812 3.900286 5.771699 8.493259 8.315270 4.284426 4.654763 7.071560 2.766350 1.701808 4.616992 7.759065 7.010274 20.147425 17.914694 27.253980 8.985289 10.955188 5.049092 3.277540 6.540540 10.687223 6.386131 9.691357 9.339075 7.737900 10.113491 7.843335 5.185425 4.044936 3.382243 6.413786 7.992998 10.167082 7.535225 17.933109 15.033936 16.675841 13.133723 7.801730 11.421218 24.958125 15.236772 24.002173 39.684111 39.089183 13.201202 11.753649 5.546827 9.743969 10.727466 12.451572 7.953021 8.129076 5.157882
4.888383 1.771619 143.9608 143.9608 431.8825 0.000000 9.516290 18.366155 12.317501 11.177305 9.503610 11.068965 18.327330 9.549107 5.319376 8.106652 12.760960 10.457589 9.116843 12.260999 17.399692 14.092301 14.742632 13.951863 9.007521 7.026369 12.685218 36.002850 26.779819 26.786317 19.571042 37.277929 94.376616 181.720194 247.798503 88.674966 55.327827 37.529717 16.221425 15.390815 11.243303 11.933640 6.711872 6.713382 8.234619 5.700085 4.947174 4.759942 7.169429 3.570193 2.633792 3.870912 11.323287 1.369728 6.014473 3.766081 1.441909 3.870433 5.396348 5.410045 6.414164 19.545995 21.721971 18.303227 13.461665 11.592376 12.827893 7.165355 7.407324 7.888102 8.447204 9.273140 6.627282 8.263211 6.675695 7.110223 5.023190 0.834644 1.907538 15.726286 7.025199 16.112216 5.427326 15.374791 21.836577 11.050218 11.115718 12.983616 13.702910 19.686018 34.212284 45.675159 22.855930 14.989107 10.728562 7.059981 7.223566 4.926465 8.958737 2.128331 8.845085 2.759363 4.241101 2.651762 4.453462
4.935840 1.787220 144.6389 144.6389 164.5891 0.000000 2.409647 4.318694 4.504215 2.313700 7.532963 4.377448 6.587596 4.534309 6.807192 3.086032 4.034847 5.141287 4.439622 2.530242 7.730188 12.385047 8.692970 8.908935 11.114064 19.188968 12.394266 21.260305 16.886795 17.563649 38.854491 19.255506 50.224478 84.285669 261.846707 172.646577 102.357163 66.140898 73.110497 15.166055 36.370700 28.993629 22.053215 18.852084 15.427235 11.063983 16.737987 11.239248 16.023400 11.324307 15.241705 11.574525 12.014990 10.626733 12.984315 5.959944 11.722316 6.445272 7.911810 8.633386 10.650205 7.810414 4.793785 9.898642 38.478331 18.895591 20.271728 17.708383 11.543380 9.283150 7.976602 2.416021 3.428830 5.589334 4.873278 8.250816 6.043023 6.137472 6.944261 8.909903 11.986372 10.810615 9.981963 12.732017 12.051497 19.078536 23.449985 9.952278 11.711029 11.401592 14.439264 20.477720 26.858626 36.710990 22.703982 26.570788 29.648081 23.583107 5.146249 11.692975 8.722709 6.693085 9.166721 3.615305 2.981954
4.988023 1.746712 144.5468 144.5468 164.4843 0.000000 3.077126 5.002492 3.656691 4.435065 7.114960 6.174003 8.783872 2.991954 5.041525 7.360372 1.689583 7.693270 2.210608 11.315945 6.531037 4.313603 12.597892 2.158968 9.969480 8.902113 11.702735 17.267664 22.354379 18.446372 37.878085 44.080840 55.912555 87.435106 295.362594 119.368367 63.144985 44.634746 43.330942 5.689034 10.397946 14.321702 4.455875 4.342585 8.431787 10.401884 11.366610 5.010039 10.177822 8.262635 7.025426 5.267685 2.569326 4.506820 4.844080 3.554425 3.355340 7.658395 7.072644 9.871238 4.956431 10.502684 3.436995 14.538497 31.335261 13.186253 11.039175 19.356994 4.848778 5.095982 11.308954 6.938227 10.228705 11.535441 9.299827 12.754721 9.511586 11.420278 8.512662 7.337561 8.303413 6.439479 12.515602 14.118571 3.713693 10.622873 24.724221 6.688513 8.169820 15.618042 27.584063 15.685907 24.421636 36.508780 9.328070 13.561330 26.053973 12.236869 3.939579 8.312698 5.184434 6.469829 5.484672 2.493250 3.027991
5.035780 1.762250 142.7481 142.7481 428.2443 0.000000 6.429927 7.882739 5.942926 5.917702 1.388453 2.919907 3.956244 5.506046 6.851081 9.481575 7.414851 3.972415 6.527708 9.491918 4.914343 10.600882 10.471828 5.251960 6.275152 9.236315 8.182836 12.465167 17.996207 16.440385 33.089959 29.460364 44.209769 194.995869 219.024215 54.149248 46.798240 50.527914 25.733051 17.246563 11.145751 5.227150 5.376665 6.241326 5.606273 7.830417 8.363600 4.272682 3.892039 4.111232 3.552308 2.671347 1.551184 2.853276 3.777329 2.637201 8.708140 8.880880 8.230674 5.681477 22.250953 20.381529 31.158100 17.368948 5.592355 18.246434 14.693850 10.640997 2.339264 11.914685 3.241099 4.292256 10.277392 4.707531 6.665440 4.495929 11.246700 6.400546 5.403846 5.298829 9.165224 9.212460 13.836516 9.538189 12.981026 21.745095 9.841095 9.180039 14.788385 14.758793 27.921353 34.587017 24.582106 29.099769 24.942370 20.706175 12.297623 5.306479 6.827134 6.567041 4.538009 3.509071 2.475660 1.804713 3.332281
5.080266 1.759012 143.8468 143.8468 287.6936 0.000000 2.310455 11.760644 9.314024 4.390960 7.186396 10.103761 4.793351 3.052456 4.008256 9.551659 2.821557 2.334250 5.695331 6.509154 8.728574 13.023152 8.804614 3.263025 5.893044 16.551327 14.060790 8.609087 6.149607 12.403789 22.621495 35.237114 54.036684 91.160365 271.668611 43.260067 73.310102 25.787654 5.804364 5.824521 6.664334 10.225375 11.560062 7.780363 1.608194 5.093431 9.930195 8.185146 3.821245 1.461414 2.002512 3.822156 6.700062 6.330120 2.960417 1.957610 7.320786 10.744805 7.251030 8.688844 17.716591 18.938583 26.038502 25.597615 11.603561 16.587957 8.911386 7.656808 10.822615 10.798345 5.859400 3.157543 9.528725 7.297944 4.619591 6.038837 7.083818 11.211022 10.744662 6.068101 6.398098 7.072410 10.931505 8.232836 7.689731 11.486420 7.431342 12.868504 22.600765 12.151503 15.856097 29.054891 33.048395 39.228335 20.566604 9.804725 10.124624 11.523748 4.925226 7.190746 4.498200 3.016955 2.009064 5.749895 5.779971
5.137522 1.743760 144.5189 144.5189 289.0378 0.000000 3.093643 12.814361 10.339968 6.632152 7.235991 7.259583 5.165780 6.907270 7.813368 5.172974 3.935809 2.820307 6.037340 0.445537 0.916753 6.593688 6.629531 3.185335 3.759216 11.541343 11.719687 5.504480 8.974642 10.226429 22.337028 20.135410 13.456562 103.483913 318.190398 78.299155 16.809378 27.946885 18.114876 3.873027 6.958104 4.707184 4.311966 8.535102 2.936258 2.236628 5.383067 5.228036 2.202484 4.302091 3.831814 1.923161 2.706068 4.573081 3.454039 5.428433 5.469142 8.114035 8.976110 8.311336 16.574276 12.782877 24.418088 40.234422 23.285691 12.146185 7.070207 6.725514 7.581978 9.764019 8.412548 6.034326 9.978063 8.364444 6.485151 6.747514 8.255561 4.077036 7.494905 7.378650 7.021707 7.052023 5.886205 7.220960 15.378191 6.472305 6.290140 7.807016 23.174333 23.306669 11.359398 21.156071 27.826844 40.176364 26.889203 12.198339 6.411761 5.964909 4.253829 6.708171 1.542678 3.092021 4.145017 3.101432 2.261798
5.187890 1.760851 138.9122 138.9122 277.8243 0.000000 11.167146 6.205718 3.190671 12.444423 2.815620 7.765868 6.488021 6.969373 4.877662 3.539661 3.708547 3.393037 5.023024 5.407785 5.317464 6.329830 5.119485 1.966772 7.685833 12.711077 3.342717 3.013281 3.795273 21.127815 18.401695 20.767226 132.236947 287.325253 62.601437 18.306894 18.812183 10.917478 8.414134 8.852109 7.755925 7.930871 5.053806 3.266877 6.148397 5.055425 4.831144 3.882048 4.912584 2.986937 5.693378 4.993137 2.565564 4.646819 8.445460 4.764088 6.209314 8.266527 10.521877 18.971560 38.506105 38.947627 18.085750 12.828137 11.049516 8.232718 10.833664 5.600643 4.146831 9.755048 4.264273 2.363489 5.031777 6.035114 8.638291 4.193796 5.650064 4.743035 6.818672 6.728721 7.357241 10.374329 8.079527 5.849275 11.823283 20.144138 22.122280 25.788702 27.641151 37.188257 30.479231 9.162206 14.099501 13.164160 6.555651 8.296863 5.083339 6.313361 1.627571 4.229601 3.817516 2.660729 3.100113 5.640806 4.142082
5.235817 1.768317 144.4335 144.4335 288.8670 0.000000 11.665303 8.007428 4.540400 11.142448 1.799665 5.952358 3.047466 4.035313 6.019114 5.161731 5.737193 7.630541 9.368080 6.348142 9.938932 6.792242 4.154928 1.717145 4.317222 6.725163 8.844194 6.347637 5.312922 7.361806 18.959187 18.024459 11.230587 105.227127 321.048761 60.449425 19.275066 10.609203 19.479995 6.375390 7.978006 3.640367 6.174137 3.828055 3.397918 2.517041 2.727889 5.752049 8.944611 5.472261 7.396444 6.043589 6.237484 2.521624 2.886021 2.753231 3.843826 4.371522 6.850843 8.218989 7.563811 13.672571 32.520383 45.382496 23.307739 14.041711 9.573759 9.928468 5.894652 8.150976 1.635812 3.230154 6.031086 6.334559 3.833764 6.569376 9.067365 10.898026 3.929706 7.710194 6.001369 4.298861 3.072664 5.862858 9.068542 6.785546 3.489581 10.171171 20.758670 23.159035 25.324786 32.724120 39.747829 34.671681 13.369627 9.591022 12.817487 9.562868 5.598978 5.537489 4.836850 3.731682 1.375679 2.780081 3.548310
5.288376 1.781051 143.0254 143.0254 424.1443 0.000000 10.905952 6.492179 7.412560 7.857042 7.002080 1.603997 6.925996 4.269383 7.584789 9.284775 3.966961 5.626763 8.861527 9.221096 5.910091 6.161006 6.184218 5.482177 8.386848 4.865477 2.146821 8.581594 15.849712 11.411695 18.696357 41.827018 77.986783 202.322251 224.607821 54.226653 41.198118 32.454383 23.288193 15.326950 14.640844 14.096309 12.222058 7.505767 5.087944 7.021951 7.120802 6.062377 3.653374 6.280424 5.356274 4.883074 6.791305 5.467765 5.844698 6.991468 11.056703 7.839744 8.703422 15.354863 13.178402 39.628105 36.716235 21.286020 8.761616 7.726158 14.193340 9.566479 4.908558 6.802991 8.460891 3.866027 7.595469 3.917956 0.972249 3.289166 10.822736 5.469864 4.713183 4.914611 2.334419 7.348225 7.780947 4.487282 6.294419 3.181054 11.654040 16.198390 5.975015 17.426589 56.889617 32.897707 12.061039 12.915857 15.777557 17.028718 12.820630 5.061203 7.915812 8.074389 7.247855 3.407267 4.816716 4.946557 3.325576
5.335933 1.778179 142.0033 142.0033 279.1100 0.000000 3.054399 15.170045 18.138756 11.444213 10.930265 7.993603 5.864881 6.447018 8.696097 5.290402 8.924477 6.485885 7.957792 8.189567 11.108362 9.959179 10.584640 11.020709 11.163403 12.788472 14.844752 17.951313 18.955181 22.483680 31.145702 56.409575 126.402742 246.341137 159.618270 59.360364 46.460424 34.802729 28.997546 22.046568 15.797097 12.634954 10.471525 10.993946 7.200669 8.152128 4.321220 7.416763 4.693440 8.942127 6.801358 6.650292 7.092111 4.064260 8.172427 5.505776 9.924967 5.894962 4.350216 8.370630 28.850529 52.343316 18.036156 12.270174 13.270260 4.647669 4.981477 4.752782 5.376336 4.627121 3.066068 4.163573 3.333365 3.477226 4.657922 5.856994 3.949748 2.326467 2.066610 3.449266 2.391900 3.201112 2.306353 4.455766 4.278229 5.502017 8.549757 6.784964 13.958006 46.735830 51.847642 22.272299 28.349696 11.824382 6.195121 5.648041 2.752418 3.561392 3.469586 1.393655 3.803170 0.961368 3.066926 1.888800 2.485769
5.388009 1.781137 144.1433 144.1433 283.3162 0.000000 10.796078 5.284856 12.705714 4.491980 8.677480 10.329486 10.420247 10.684768 11.026322 12.115094 11.545872 8.947444 7.070237 11.659548 14.637461 10.233589 8.337948 14.580010 18.972578 15.452892 15.049794 18.996989 24.645000 30.239742 38.404920 54.294447 103.105735 236.252205 212.407031 90.827410 37.201223 32.720498 18.917757 14.338821 16.556766 17.094245 10.811410 8.693808 9.992453 11.041773 8.178320 8.286537 7.815222 6.713436 6.197614 8.387684 6.944001 1.977033 1.800364 5.653138 5.424000 1.477711 3.942952 6.821889 12.012977 31.464636 45.656721 9.876968 3.977124 8.860619 12.517290 5.869497 3.853091 2.050944 4.414875 3.653127 1.868640 2.372863 3.558069 3.546180 2.202229 3.010087 3.885356 3.613584 2.531260 2.348305 2.745289 4.270378 2.661436 2.130122 4.009221 7.797682 8.263467 16.986605 36.787768 53.576639 34.013701 20.693073 18.858757 9.079737 5.003069 3.584428 3.407248 4.818002 4.204229 3.325551 2.518295 3.437671 4.071628
5.435775 1.752866 136.5801 136.5801 278.0381 0.000000 8.502003 21.106748 8.002031 10.936951 15.780832 13.144485 9.644130 12.422309 10.046377 11.136503 10.410145 12.722645 13.300546 14.660306 12.102700 13.371597 15.053393 18.048158 20.253801 19.801027 18.818850 23.199144 30.964451 40.554451 47.315676 66.811256 216.641196 209.145373 94.448517 58.383493 28.674441 10.812789 18.685214 17.351206 17.256334 8.119239 7.111184 3.804289 10.386068 4.830169 6.487333 1.599114 4.712644 2.813905 4.334560 1.598535 3.476954 2.229547 2.207649 2.616010 3.759829 4.444284 4.406027 12.158283 33.936127 43.870894 10.764125 5.338034 8.986294 9.064388 7.446020 5.709839 1.732404 1.840318 4.359677 3.182792 2.442100 3.401358 4.090226 1.578356 4.322894 3.705028 1.155389 5.245183 4.760181 2.136155 3.813060 5.587238 6.152943 9.939847 9.724076 7.026560 38.128209 28.531329 37.955891 25.109262 12.124315 27.430948 14.459195 8.724475 7.138207 1.235832 3.193867 4.753960 3.088381 2.610116 3.169482 2.145730 2.358031
5.488397 1.742116 137.9336 137.9336 280.7933 0.000000 11.515229 5.694636 4.228541 10.616210 11.712342 9.471547 9.029540 13.259752 10.171290 10.282266 11.689614 12.345696 10.480362 5.553132 11.217453 13.653803 15.536874 11.812175 12.871377 17.435601 12.999916 15.367921 18.699152 29.116815 34.647961 55.838100 173.808006 236.691683 108.453516 48.796070 27.153325 17.496674 18.316714 16.913061 14.302954 9.783440 7.173374 9.877823 9.591006 8.037057 6.255506 9.266822 6.906772 3.302409 3.286907 4.919283 5.390747 2.178734 4.687946 5.245752 3.463499 7.008586 8.154133 8.902850 23.873126 55.910345 17.963624 12.669605 11.688682 15.259032 18.921678 13.250832 11.100217 3.919542 4.797550 5.472508 4.760181 5.389061 1.504529 9.109393 5.095221 4.376197 3.034597 1.662320 6.791687 3.287740 3.830078 5.527379 3.629437 3.754382 10.659046 10.645335 12.894316 32.955791 22.558760 34.220607 12.322702 10.232432 26.744037 18.398985 8.736879 4.814192 7.928943 6.124359 5.226554 4.595410 3.149897 2.829183 1.560548
5.535959 1.753383 136.4610 136.4610 277.7956 0.000000 7.165371 12.046122 1.787206 7.160504 4.486297 6.783270 5.383520 10.035267 5.949783 4.481471 7.088006 6.174410 6.349519 8.509538 5.867530 7.623621 8.622951 9.094134 11.867142 11.208151 11.913706 15.759262 18.433256 16.123980 37.341857 67.286641 255.957017 164.002758 54.830058 20.940436 19.747777 33.927465 15.145895 13.087979 15.113908 8.643311 9.603286 9.012316 6.171089 8.438162 5.048045 6.427513 5.201551 4.580849 3.269497 2.768707 4.757523 2.791520 3.112766 4.753505 4.553278 4.118736 10.856801 28.524112 47.703283 35.504988 13.946168 8.689295 13.073173 13.062668 16.358828 19.181596 10.339720 5.495605 8.259299 6.887107 7.459594 6.403306 7.594832 7.054961 6.797722 8.390671 6.193540 9.130244 8.265189 5.625867 13.571152 6.066996 7.060479 21.523760 13.836338 19.148032 31.940920 18.364615 33.051924 16.837349 19.593844 20.507484 25.712204 10.309422 6.334302 5.641453 3.990340 4.380260 3.427967 1.409222 1.859957 2.017027 3.197348
5.588363 1.741237 138.1461 138.1461 276.2923 0.000000 3.556818 1.221799 8.020299 7.808855 3.875565 6.439950 4.959065 10.984817 6.983764 9.179498 2.798067 5.382363 6.816370 6.395414 7.612496 5.303182 6.949779 13.699350 12.168868 12.739867 11.568822 10.415057 11.117573 9.542143 14.189971 22.301019 160.177633 238.945944 40.396667 14.264921 9.242753 15.899162 22.503407 13.635309 13.512752 9.660609 5.115741 2.715144 2.186370 4.161710 2.902757 3.144758 3.883746 2.629262 2.502455 2.447717 3.006803 3.706207 1.876080 6.441092 5.162021 1.951298 4.751943 15.386031 56.232036 33.438163 10.497031 6.776718 8.375814 14.514989 11.529950 8.070577 19.775162 8.604143 5.245633 1.015034 2.608368 5.339606 2.652102 6.404369 4.408925 2.535501 5.723589 1.640107 3.437265 5.001707 3.332188 11.106149 5.929925 9.614205 11.521801 14.646335 33.562654 19.547572 19.215346 29.789088 12.443566 21.506272 15.936520 23.445343 21.264506 10.647857 11.687774 6.327420 8.326007 7.520073 2.375910 2.322664 3.527608
5.640318 1.751857 135.4231 135.4231 270.8463 0.000000 4.118757 5.441588 5.574104 4.763704 5.578602 3.009410 8.858844 13.001274 8.934563 6.471413 2.895465 2.682851 3.694669 3.129994 2.707000 2.908207 7.591722 11.608679 13.761456 12.674631 8.335930 10.428799 4.994238 14.453945 21.234744 11.489317 332.709803 29.923354 18.303580 22.384030 8.723504 18.511826 8.653728 7.323833 10.936618 9.945876 4.157272 5.012208 4.463701 2.802625 2.575531 3.993039 2.795108 3.807867 6.033153 2.887010 3.341645 3.051889 6.509655 5.111073 4.541253 5.102933 4.520618 64.222361 14.492547 13.151262 8.165962 2.367157 10.075914 8.724516 13.796558 20.223356 13.010880 9.386198 5.077160 5.312188 1.468111 3.911863 6.377438 5.751148 7.486177 9.320854 7.552961 2.961994 3.523901 5.247277 3.727847 7.264452 10.153842 11.451075 38.472025 29.219283 12.932736 26.934082 18.341714 12.090080 1.443605 16.653698 28.041950 10.473417 12.599177 12.111349 4.235491 2.053161 3.045669 1.756778 2.729745 3.553470 6.624083
5.690445 1.746417 138.1770 138.1770 276.3539 0.000000 2.196910 1.053641 4.428489 6.438506 2.196397 3.690528 4.392910 9.519503 12.073934 7.829007 2.276292 5.615543 6.555135 4.875027 7.732703 3.415551 5.579894 12.741628 14.464288 8.356831 8.309126 8.856389 15.857850 17.995394 17.276389 18.583106 131.662263 225.070161 12.585073 18.516951 15.574272 23.505927 14.153974 7.765835 5.970823 10.025312 12.938233 6.896472 3.760902 2.021237 3.694115 4.334330 4.284493 4.844988 6.294383 8.173537 5.020613 2.168873 2.528163 4.568910 6.850835 3.572158 7.616682 4.890634 58.253752 25.381750 13.447060 8.895053 8.798383 8.894530 5.669910 2.707591 6.941269 24.012784 17.447072 6.910889 1.446177 6.745204 5.091639 5.642699 5.514831 2.285534 7.504570 8.417770 8.768033 8.332462 9.303999 4.704157 10.944586 9.175532 12.224790 11.089030 37.875603 11.254662 12.627396 13.790757 26.896448 19.375887 13.460763 17.461156 16.955515 20.652094 15.030306 8.713930 4.964721 5.318571 4.479000 5.660109 3.761820
5.740325 1.741148 136.4639 136.4639 272.9278 0.000000 3.216381 3.505543 3.564973 7.557611 4.354210 2.038600 4.237979 7.829657 12.012502 7.591768 3.332527 8.596581 9.266002 11.005616 12.196981 7.938208 11.532592 15.495011 13.765368 12.505282 10.770269 14.945970 23.151327 21.168801 35.494474 61.735352 259.989665 138.134720 30.945055 18.867785 25.341242 16.035766 14.293945 16.396646 8.090984 12.058545 15.792208 1.791704 1.660142 6.429715 9.046965 7.139461 10.267565 8.615772 7.321518 8.213574 1.678536 2.442825 3.202294 6.962907 10.413871 15.621205 24.375518 41.565113 49.408457 20.544101 5.527560 6.382961 4.826989 3.741581 5.515636 5.744481 15.477891 22.076180 8.056580 2.430617 4.121443 4.939054 12.358813 12.705764 8.337564 6.613968 12.380973 8.667932 1.421110 3.930783 11.201001 13.375593 7.313978 20.895077 21.927859 29.246345 15.901622 9.730185 12.268092 19.519144 12.924294 14.933181 17.812231 21.315073 22.837267 13.109508 8.195483 10.471577 8.247826 3.937073 4.988460 4.033319 4.756373
5.790367 1.750578 138.9624 138.9624 272.9619 0.000000 5.822682 6.986359 4.872887 7.929952 4.306432 2.471987 7.062790 11.517910 9.589448 2.340983 2.648372 9.077475 4.043950 7.621783 17.308894 8.090883 11.220490 17.324025 10.462641 17.319599 11.897449 20.210327 21.693418 28.608093 35.174470 57.666451 178.148179 259.434424 81.231769 35.853499 23.428992 26.762344 18.006455 17.816020 17.955520 15.270356 8.054474 7.107046 5.372207 8.732010 12.013210 9.725135 15.998096 14.369406 7.702852 13.850453 8.496388 6.337660 10.723736 10.363873 8.814416 13.214851 16.265618 36.427558 49.493889 28.891695 18.497018 7.204812 2.250022 4.884904 5.036176 4.377255 6.750502 10.507245 18.588497 16.279083 6.679688 2.996459 4.845578 9.140526 8.156359 4.248523 6.971625 12.694898 8.105127 3.345646 6.736596 12.515119 7.844212 9.915303 15.348362 29.731471 25.233610 21.078383 15.220329 16.170245 14.542066 10.463867 7.138067 4.466591 6.223831 12.986719 25.510911 16.290753 7.660699 6.312957 8.711849 7.070877 9.273930
5.840327 1.747979 134.5787 134.5787 274.1418 0.000000 7.857477 12.708738 6.992615 12.540102 14.945110 15.408665 9.402077 10.692495 10.752992 14.176379 10.868522 13.546323 11.876042 10.755608 25.176318 11.343499 17.144672 14.846435 12.689480 22.830120 23.184092 21.712764 30.465625 35.825584 52.070851 113.567447 234.670821 206.161009 56.374324 46.641890 20.127441 23.216824 25.537368 23.850413 15.116411 17.280499 13.252509 18.596490 10.562676 14.925621 11.833468 7.623952 9.008554 13.038293 12.651155 7.967281 3.109943 1.514417 4.309181 6.801989 1.677303 2.262770 9.925905 22.933063 65.137712 14.337081 8.032572 8.810385 10.726603 7.139234 6.023052 0.935978 4.899857 13.137387 11.248432 11.649810 9.181829 11.996416 7.131563 10.375897 8.867746 6.000462 6.112127 10.452049 12.997105 3.753892 5.234790 10.590209 7.495461 9.409638 21.334031 24.572355 25.798616 14.922179 13.851871 11.062036 15.634652 21.236912 19.114299 7.971242 5.725754 8.866087 15.705550 19.928413 4.842913 7.811304 7.462495 11.021792 6.730884
5.890301 1.735396 134.5344 134.5344 274.0516 0.000000 3.425080 2.324525 7.830275 9.491383 8.950760 4.048511 5.628042 6.440092 3.664742 2.364794 8.552102 5.999493 11.881853 12.858503 10.295486 4.987340 12.276472 6.104988 15.901846 18.258139 16.406850 22.309712 30.992184 32.156025 49.160341 83.607326 270.587054 155.425100 85.252690 36.020259 24.618754 27.231829 25.216107 11.176665 20.537694 18.189778 21.660792 8.799927 13.238311 14.437896 5.381255 12.784891 2.706156 9.998538 11.418934 6.392968 10.184540 4.370069 6.429620 10.260664 6.947808 7.770936 13.404168 31.030303 64.865790 25.399086 9.797069 6.544293 5.485928 3.568376 5.948629 10.453917 11.195399 13.082730 7.382345 8.466008 16.676440 7.102001 4.976558 11.657614 12.370386 7.870330 6.942354 10.400585 7.999698 10.513155 13.331068 13.864825 5.101409 7.453436 19.438729 29.132661 14.977678 15.252052 11.439269 15.031027 13.248969 21.140827 9.971504 8.873836 14.880552 14.991402 12.122112 20.061471 10.031351 9.826953 7.627903 8.466708 6.656107
5.940322 1.734501 133.0734 133.0734 271.0754 0.000000 0.705812 2.547850 7.368120 5.385021 10.727083 3.174555 4.377717 10.550244 10.005001 8.488253 8.601014 3.436204 6.366089 15.906878 8.789148 4.397150 4.591576 5.352228 10.910643 20.623992 20.793532 24.962835 26.560351 25.104209 49.269985 168.963541 238.961284 80.778370 35.657929 28.887114 25.737302 16.260464 8.624383 14.480180 15.056039 10.733453 10.389913 8.687694 9.642811 17.396499 14.239410 9.082710 9.463903 9.605328 10.572703 10.587570 8.593042 13.690095 11.920953 9.727507 10.609938 16.349347 43.620417 50.978254 18.481411 5.948678 7.835147 3.774340 4.385409 2.695446 8.822066 2.006082 5.890745 1.888006 8.209921 7.574577 19.286042 5.518652 9.076549 6.888516 2.767768 3.703560 13.825674 7.793654 5.166425 5.053465 7.711548 9.886337 14.542505 15.568554 30.206768 8.851410 14.116754 11.555121 13.607095 20.184731 25.536224 14.928259 8.928532 6.473306 12.765378 12.262641 14.455834 19.703104 10.469307 4.408896 7.380599 8.715202 9.035345
5.990430 1.720972 134.5158 134.5158 269.0317 0.000000 5.607538 5.792190 6.241999 4.774643 11.372549 8.448269 1.179140 8.725377 4.156191 5.587262 8.864553 4.623688 12.357391 2.472518 2.260972 6.059689 8.706913 5.477886 6.715479 14.852983 8.719605 6.324543 15.102063 6.126331 22.640490 90.044270 312.792359 71.164368 26.505389 16.473389 16.678736 18.662847 19.210680 7.860984 16.738957 5.368595 15.123906 4.988143 7.018819 13.438638 7.318794 2.794799 11.800496 7.678893 8.014685 7.752801 8.825978 9.245003 6.098701 4.724159 5.980547 15.025756 33.959615 59.788318 26.573436 11.458290 4.841282 6.111014 8.498668 5.040776 5.469881 9.984458 3.008720 5.600086 7.021160 4.411463 7.669086 15.335824 11.690913 9.840390 5.125018 8.776983 5.288517 7.002541 6.695340 3.637459 7.480436 5.586586 5.474256 17.464352 24.036527 22.831102 14.158977 8.905354 8.384286 15.274826 21.619313 25.604625 14.234020 6.597280 8.708976 3.683811 6.366880 11.367905 19.709127 15.228529 7.160955 8.206081 6.341898
6.042587 1.715655 134.5734 134.5734 269.1468 0.000000 2.208074 4.629002 4.244279 4.847568 10.819037 6.983481 4.183280 5.463402 2.518283 5.074402 2.019795 11.015679 5.743981 4.705756 2.951661 6.222083 7.913179 7.939086 5.420476 10.005903 8.075342 8.213886 10.897841 16.428860 19.929026 52.997535 324.528934 27.660164 17.496956 5.298543 5.805204 2.136396 3.544541 13.800361 13.381956 9.439412 15.694167 9.651604 7.429744 12.566992 5.068298 8.825319 3.310051 7.446387 4.468070 3.419142 2.924144 5.576031 3.168288 1.890637 4.408477 4.795050 26.172706 63.458475 13.646719 13.401390 3.609188 5.553547 8.047945 1.313975 5.087768 8.275907 5.440779 5.094372 4.772166 4.268652 10.341644 9.260090 17.129556 6.296846 4.950428 4.682474 4.329608 6.684223 9.718725 4.955397 11.006609 12.348273 8.458850 11.135152 29.669413 6.506321 2.371152 2.848179 5.640465 13.068885 12.292445 24.847148 7.675569 10.221602 12.054936 6.404269 4.535832 7.964929 16.452524 20.246252 10.907934 9.064362 6.848878
6.090391 1.717593 134.6227 134.6227 269.2453 0.000000 3.711148 7.032383 2.792053 2.087843 8.162636 7.986056 1.267658 5.046367 3.422466 7.138257 5.037604 10.163164 4.357711 6.250317 4.725698 7.013781 12.482703 5.729540 7.930503 10.857180 12.223264 6.362265 9.811887 16.404415 43.175241 72.971878 322.106688 43.994281 28.008456 12.252411 6.926378 8.287745 2.119620 11.443224 14.374106 17.139853 23.583914 11.478162 9.396331 7.265828 4.788932 7.044211 4.316864 12.692540 6.509996 5.133217 5.492144 6.001755 7.787171 4.348807 4.072316 13.238518 32.010546 58.043605 16.105093 14.711675 9.299396 6.702181 4.552310 3.473826 3.063589 6.695026 11.067306 8.847429 5.627823 6.309702 8.729818 8.196720 16.096868 10.552009 8.498700 8.460244 4.826859 2.043455 6.738557 10.447109 10.402970 18.279115 18.976505 14.792729 28.307696 10.973939 3.149836 4.661656 6.927954 13.073346 14.055550 19.350418 8.624951 16.122178 12.210940 8.465066 8.739478 9.757536 13.006863 18.188432 11.947885 10.307861 6.949802
6.140327 1.717307 136.1140 136.1140 272.2281 0.000000 2.267850 9.873142 2.869536 4.181228 5.858959 10.603050 3.701290 5.574073 6.628480 2.815959 3.767239 6.866631 3.329024 10.222194 5.340178 8.769140 11.604460 9.459389 7.941591 12.159386 12.424118 13.457327 17.177270 26.131018 12.013590 69.334810 282.714466 130.213849 29.069314 13.362351 11.710051 12.964826 17.629808 17.199307 15.609023 21.106670 15.961409 14.496802 7.858631 6.368459 8.689814 8.926387 8.574446 8.003977 9.214249 6.671647 4.963674 9.880971 12.648631 11.465983 10.564130 11.980867 28.681662 49.815888 39.353054 12.562265 2.222043 3.572684 3.584165 3.641331 2.935577 2.366981 6.486134 9.827627 7.708822 6.417293 6.280745 2.956675 5.450706 12.603909 11.250787 6.742545 4.883998 3.150380 3.573975 4.395982 5.789572 10.986200 17.959891 15.274395 24.114846 17.650311 11.680711 6.508650 4.972583 13.916469 17.082086 14.075538 19.224825 14.437983 19.074006 11.904759 8.654313 4.507342 4.032993 8.197942 16.441752 13.612645 5.801195
6.190362 1.705130 131.0217 131.0217 257.1908 0.000000 10.185445 13.711913 4.725742 9.528132 7.414370 9.434095 10.132949 12.887328 12.625301 6.849232 7.707802 11.796525 14.865044 17.119467 14.870819 20.330346 20.104217 17.459563 18.332599 22.125096 28.298536 33.393175 36.601420 74.704182 121.945261 266.051091 85.294999 41.937779 22.949883 21.078302 19.396330 13.455188 16.311168 12.819115 13.415650 15.044432 18.332703 3.455106 10.410773 5.109881 6.999478 5.506632 7.337840 4.493679 6.522666 6.794336 9.857779 7.053745 9.300254 19.507540 41.566116 47.977881 19.466659 8.361180 3.626793 2.620354 3.935870 1.773090 3.730704 2.204680 6.075011 9.465764 7.176865 4.415571 3.365494 5.773493 7.027298 5.661862 16.217511 7.292054 5.201008 1.922857 2.808579 5.132675 11.665180 15.737065 19.724432 26.955190 9.098370 3.965581 6.354618 7.318026 11.571048 16.635431 16.667972 14.195323 16.056749 14.743559 7.518151 6.708293 11.897561 8.046510 18.156928 16.396043 7.383304 11.635898 7.337397 4.823447 1.291559
6.240328 1.711295 131.7078 131.7078 258.5375 0.000000 8.300595 10.307347 7.404964 5.312937 1.982174 5.705372 14.207066 10.622078 6.192240 9.805969 14.618127 10.838548 10.850278 11.985993 10.333176 7.106760 6.175937 13.083295 19.566307 17.978087 24.974787 36.811123 47.295920 73.154856 153.944003 229.854752 141.651140 52.967846 28.485605 26.039201 15.326381 11.945689 28.396817 25.818026 25.302667 11.070303 14.806148 6.738553 11.533645 10.796830 11.613098 9.575873 8.976722 6.521961 12.991892 8.052222 4.674393 11.202661 7.134295 9.119820 39.630840 57.190587 21.988732 6.461840 6.213540 10.412022 8.429477 7.266469 6.933081 5.729692 4.162169 5.515968 6.480553 5.171606 3.922855 4.032423 5.374789 5.667641 14.115545 10.550343 8.467893 6.581491 4.622193 7.538714 9.744998 11.561436 15.193071 26.891466 26.437250 7.880140 7.695157 7.912303 7.703674 12.139497 23.930983 8.067268 14.709992 15.524245 9.682277 3.863407 6.162670 8.295371 3.985265 9.668415 16.132425 15.366411 6.327103 4.071937 4.229935
6.290390 1.703611 126.1757 126.1757 257.2042 0.000000 4.208573 6.002240 7.558156 8.955494 8.206490 5.013822 12.962760 6.175886 7.140237 8.921893 12.778040 7.696443 7.614017 3.658283 8.863158 14.334515 12.825152 19.513374 24.228728 21.674642 22.921468 28.647061 38.078307 57.026646 228.364371 184.023140 97.225419 61.255330 36.757649 32.060458 26.949896 23.595456 14.387484 12.268374 9.979901 18.263519 13.120169 12.611320 3.842920 6.216828 10.436506 9.760554 12.442603 14.273406 5.201490 7.500706 4.241273 6.008339 11.392622 23.065767 48.766346 38.206524 14.616878 4.519680 5.980275 8.165003 10.517801 7.967504 6.028641 5.582948 5.177909 3.846902 5.123764 3.670282 3.286273 3.577907 2.260137 9.185740 11.109170 13.836141 6.882708 3.787376 6.426069 5.805454 6.654309 16.447998 24.497869 5.548709 10.661186 15.622570 11.726494 7.330539 12.490620 14.464991 13.956666 16.545464 17.192685 14.692136 7.066341 6.982614 11.246884 8.951639 6.818275 15.736737 18.520484 10.271822 1.934377 1.010818 5.824776
6.344684 1.681471 129.6427 129.6427 264.2716 0.000000 5.102881 3.094893 6.401268 3.272515 3.667051 8.161153 7.297320 7.578178 9.123778 3.001858 11.537213 6.353259 3.327868 2.887853 12.828163 14.208415 8.316219 4.200983 20.277298 9.190130 22.201182 15.667763 29.511236 44.928654 81.212493 287.857774 124.595712 54.984204 27.927865 31.227344 22.593910 14.110099 22.375833 7.847663 5.691188 11.111310 5.736944 7.835805 14.368699 12.891484 7.386303 5.398634 3.800054 3.501706 13.018622 5.179482 4.496629 6.699110 5.846492 15.766812 15.870975 40.594435 56.151050 20.405296 7.721542 8.645345 13.071850 9.336476 15.347495 6.758929 9.543027 6.334333 2.978050 13.274552 9.050280 6.097407 3.913883 5.525132 12.639943 12.253571 11.941101 10.476499 16.468132 9.055975 9.319918 7.128816 9.631403 13.479464 26.757437 3.814295 7.055567 13.247375 9.635868 8.527397 11.305174 11.957484 9.564151 17.685107 18.225160 17.076320 11.216807 6.350764 5.836547 6.036928 11.829795 11.863376 12.340209 9.850088 16.566824
6.395778 1.681592 126.1918 126.1918 257.2371 0.000000 3.231937 7.275166 6.584268 10.800899 4.712103 5.068517 5.838834 4.057196 2.969922 4.002473 5.272984 3.440641 3.233304 11.011551 13.583302 3.537793 3.163212 6.722174 15.212223 14.495523 14.091234 22.487431 30.626588 66.594373 256.088878 156.507079 49.259383 33.563339 27.989984 12.391283 21.653340 2.910602 6.938237 12.356853 16.736729 17.440640 5.912933 7.020618 6.496881 12.627524 4.105640 3.782713 9.262290 9.787499 11.888585 15.143716 14.680590 11.149598 16.411824 37.554723 50.469716 23.066201 7.144676 6.794583 4.063770 12.741905 8.896722 3.836414 8.571977 7.063220 5.807064 10.133051 4.242245 3.353841 3.912845 7.525668 3.100359 2.978555 6.482738 7.596768 18.508127 11.691188 10.882278 12.105865 9.660657 14.422572 24.437238 9.721609 8.368481 11.071200 11.598137 9.353176 8.000946 9.225235 16.126550 11.739592 10.322236 7.641163 4.949314 8.308577 8.259281 4.226233 9.505706 3.699303 2.371238 18.702383 15.954962 7.583361 5.491680
6.440250 1.700024 132.4886 132.4886 264.9771 0.000000 12.170773 2.341480 4.724156 6.912892 4.159137 3.259611 4.833954 1.876582 2.197532 0.751419 6.977563 6.015810 5.893799 3.571977 14.744281 9.602014 7.728341 5.866364 4.116264 3.639511 4.892071 10.860082 17.125026 25.863088 50.721199 206.571564 203.780490 54.573330 28.905645 18.119041 13.364416 8.858993 8.700391 9.027972 9.101014 12.137669 12.797766 14.656599 4.808496 3.313024 6.074477 6.482762 7.445230 4.919586 8.641207 2.437155 2.318678 3.828262 15.613786 12.493775 9.674110 17.358057 58.664849 35.032285 18.119279 7.887921 2.977752 9.108386 8.373174 4.859032 6.240835 2.297408 8.844161 13.509988 5.117830 6.288096 5.171596 7.095585 3.841533 5.288706 2.321093 3.030621 3.437116 6.687123 18.804475 15.063424 8.574250 17.413340 22.340613 21.512273 17.853776 12.003059 11.131969 9.262505 8.007775 8.009421 5.861864 8.750018 12.314519 17.333204 12.817239 9.635745 3.428173 5.796688 12.035350 11.276687 5.812231 8.294909 3.924432
6.495779 1.694660 127.1400 127.1400 254.2800 0.000000 8.802206 5.880243 13.075289 11.093720 6.237222 5.602845 3.825152 2.949410 4.410888 5.233744 10.821283 2.654035 3.795922 8.011686 12.741031 4.230342 3.557117 2.537678 2.097089 2.262773 9.405961 11.985080 5.960080 21.188749 214.277252 162.205578 17.303693 9.654032 15.602342 15.471734 4.845422 4.139426 2.033803 3.741871 5.272529 14.478662 5.113987 4.374922 2.398522 4.304728 9.106719 8.003037 5.623291 2.803760 5.435884 5.146151 13.936828 10.874201 4.169304 21.053433 64.245961 14.552828 2.535581 7.317029 10.177971 8.073230 5.952168 4.810209 5.777686 5.651241 11.139155 11.248556 2.206727 2.572750 7.121659 7.194754 4.079455 4.259868 1.778973 5.059414 10.593019 21.597789 17.887439 8.418566 11.017451 29.597370 15.311862 5.237686 5.148436 8.628237 7.797636 11.021608 3.789360 8.685514 4.352547 8.158603 23.421990 5.235563 2.771751 4.309569 9.964405 6.260686 6.853827 10.493304 4.377639 9.381031 12.686931 14.946295 1.969282
6.540312 1.698461 124.8622 124.8622 249.7245 0.000000 6.857959 11.559675 12.465052 8.342323 3.922504 2.113742 2.369581 6.308047 5.910996 7.501613 7.463245 4.979143 5.637945 12.874734 10.946131 7.756733 9.116462 9.734085 6.158919 11.091130 15.113347 27.079724 24.845683 47.122203 334.894255 34.399833 26.147594 27.509213 12.592213 8.056208 7.710990 8.841050 8.437118 6.186563 9.523674 10.017652 3.473610 2.910666 3.243892 5.660290 3.976785 3.889125 6.550138 5.671369 5.953245 5.014647 22.812365 8.490344 22.286523 63.317518 12.312641 11.310634 7.337096 12.184506 8.328141 3.892995 4.141647 4.385912 4.437275 11.205641 9.520015 3.454214 7.149803 7.630157 4.837872 2.911074 4.146861 5.741094 2.669747 4.460578 16.827009 19.892569 12.230576 17.247556 33.136123 7.879568 7.939382 8.120832 4.753888 7.268857 7.853331 8.606414 12.802273 10.913130 13.215208 15.725768 11.666152 12.996167 10.180351 9.149710 6.450193 9.244892 5.590587 5.768969 1.972155 8.441337 11.011146 13.531574 15.162056
6.595774 1.690074 129.2619 129.2619 253.5522 0.000000 7.606814 13.257240 14.085400 4.373342 5.894632 1.882038 8.451843 5.665080 6.309023 9.048382 15.125585 15.012901 12.105620 12.163078 5.552569 10.748146 10.204154 10.253076 13.063681 20.100764 17.540504 19.803756 35.600478 83.109876 149.342656 265.114961 72.814685 52.607187 32.705891 19.072020 15.517481 16.382938 13.239758 7.174084 10.438021 15.201542 13.341632 9.293091 11.413144 11.579193 6.375312 9.821362 8.135114 8.637675 10.349316 13.675364 12.729935 13.063991 16.880749 41.956099 50.378743 29.058215 15.068300 6.240010 5.668674 4.780394 4.031454 4.395397 2.353715 3.850652 5.730561 8.745503 10.946435 9.345323 6.751255 8.190040 4.124083 1.724173 2.518517 4.695567 5.133817 4.886594 6.856747 16.484032 17.908246 19.841749 25.021151 12.235918 8.230657 10.129692 4.932674 6.661877 7.500525 4.578473 10.077207 8.894274 11.138880 10.314764 5.991688 14.653097 18.567544 11.002021 8.655897 11.688813 7.177526 1.597810 3.018337 5.216991 3.207785
6.640322 1.678791 124.6150 124.6150 244.4372 0.000000 4.203043 6.053315 9.270099 8.035196 7.966361 7.206191 5.118572 6.715515 8.864277 9.331161 5.233956 6.861061 11.391171 16.518699 13.342754 12.243257 14.243269 18.796233 18.595288 22.048333 21.607950 44.167604 51.734940 209.544154 221.763107 100.039621 54.745295 25.875926 19.453689 18.175377 15.931168 11.882059 14.505454 16.723396 7.448639 7.193946 8.837027 4.294632 8.955859 12.872028 11.655500 8.397583 10.060920 10.915062 9.520091 4.928960 19.933589 40.719196 63.760898 21.340588 16.757905 10.737581 13.096947 8.888626 3.816375 2.418465 6.070973 8.129286 5.026173 3.064516 5.311808 11.269019 12.985646 6.317340 2.156407 5.858675 10.484409 5.843644 3.656502 2.699959 11.733027 19.676029 10.782593 24.962954 9.193744 7.110100 8.425306 4.996543 4.768522 7.040601 3.582485 10.557192 9.366737 13.000265 11.204936 11.284420 22.737559 14.876093 9.015661 3.973706 5.349963 5.244570 1.823334 2.326633 4.803510 8.691962 13.057492 19.448316 9.536019
6.696291 1.654316 123.3729 123.3729 251.6806 0.000000 7.349758 7.572078 5.894683 4.515997 8.526388 10.603163 6.632684 4.708723 9.534173 12.953930 4.702557 10.277056 8.477089 8.669374 6.745088 11.837798 18.345814 18.071066 14.187773 18.915550 23.754761 26.183183 51.894121 149.885192 239.685396 111.746542 41.316329 32.691425 29.715835 21.782798 20.814310 14.744751 9.152816 10.112829 11.831214 11.557026 13.176793 8.241091 9.333079 10.598311 12.607444 12.894939 10.380227 8.892469 9.553514 8.244590 10.972604 21.238597 36.101209 57.210596 30.241141 11.085564 11.676794 6.752168 6.085562 5.241562 2.610313 4.539870 4.288439 5.597591 2.390290 2.049819 3.565118 4.507099 6.915617 3.229201 1.832749 4.639733 5.869553 0.912001 6.377653 4.283894 2.933583 14.126235 23.696972 12.099855 3.613404 1.368248 3.311648 5.671623 6.456597 7.827372 6.771764 4.555002 14.656260 5.761339 14.487828 10.280151 6.484062 25.261653 10.188282 13.989855 7.150478 2.370307 3.863967 3.655342 5.287826 10.901312 13.474038
6.747441 1.669781 119.7998 119.7998 244.3915 0.000000 5.540323 6.601686 5.754178 8.814342 5.137905 7.261389 9.178700 8.042258 8.133757 11.935868 11.678731 10.745984 8.008645 9.345956 8.629964 9.709309 12.437959 17.047755 23.272464 28.274859 25.588261 33.858112 52.713353 301.507432 98.076294 59.091374 40.114323 33.370465 17.806834 10.282257 10.128300 9.805484 9.005309 8.541656 10.842233 13.399167 12.525799 10.861070 4.669466 14.051832 9.098454 6.760411 7.416550 3.879659 0.982941 7.093164 10.869452 48.188383 57.421536 25.994507 16.904372 15.044287 5.770028 6.690131 9.783776 7.319877 7.565839 7.667079 6.925055 6.076118 4.216292 4.218911 3.586131 9.152737 6.604275 3.027112 6.323420 8.384988 3.526126 4.621066 3.176503 20.274878 16.227053 18.770042 10.263543 5.037162 1.916166 2.982689 4.919902 4.437393 10.423202 14.539149 14.099348 9.039845 5.145867 9.040435 23.474741 15.140208 13.194654 7.096279 11.746043 8.648231 3.883439 3.483431 6.258189 12.718468 16.014951 9.447583 3.826270
6.796249 1.673563 124.8850 124.8850 254.7655 0.000000 5.703704 3.582626 5.638480 11.159868 7.867595 6.889304 2.410942 7.618503 8.902709 6.796069 7.352919 1.766652 1.151443 9.646661 12.863506 14.981201 9.150068 11.728218 19.750733 15.308871 25.107643 21.852488 38.809245 67.620191 312.964847 94.898391 49.429992 19.314051 25.235735 13.609288 14.090838 11.431459 6.097522 6.630560 14.321447 4.355796 8.140764 6.702791 5.280992 4.906551 7.698388 10.706597 5.187650 5.136959 5.792221 5.152151 2.421033 6.398990 19.979300 53.960429 55.255302 23.094356 16.754151 15.577312 6.145446 8.514832 2.416034 8.646713 9.320136 1.111544 4.952835 5.761185 6.956330 6.512720 8.216083 4.944478 9.753025 3.497590 7.658049 6.659108 6.213137 5.617518 10.363760 10.078687 15.285323 19.980415 23.814892 12.664123 10.283425 6.400117 6.439273 2.894253 3.278106 4.784771 16.507235 9.338664 2.829991 14.197395 23.218072 11.833779 11.051314 17.992842 9.794012 5.292953 6.954833 5.232870 2.012892 2.998822 6.828491
6.847818 1.663751 121.9906 121.9906 248.8609 0.000000 7.649989 4.108966 6.376647 3.754524 7.648678 7.159096 6.193200 5.147164 6.533825 5.961964 3.314079 9.218346 8.292300 8.948804 4.877440 8.025268 10.326131 10.890424 8.050126 16.075947 22.478451 31.639289 57.609568 214.326791 187.872811 64.333657 32.067735 20.084047 11.562120 11.824467 15.841919 8.227346 10.374523 6.841506 11.514508 9.339475 5.961978 6.856369 2.583186 7.829821 4.440183 15.945873 6.176920 9.143720 14.294472 14.599405 20.197371 31.267811 57.777492 47.786933 14.872616 8.866585 6.169753 4.425751 6.287500 5.432557 4.214887 4.607732 5.325094 6.221242 4.811415 2.628109 3.519542 5.216612 3.661006 2.973919 4.224949 2.772565 3.824854 4.238711 9.274896 8.908334 8.749312 20.997689 10.866260 20.282746 16.939495 6.333322 6.456352 3.944141 5.376916 7.946134 10.764286 14.020184 4.872130 16.963422 20.560255 6.333239 5.898105 19.864907 13.618143 4.043260 8.552879 9.285339 5.193297 3.966265 2.194906 11.673084 16.364714
6.895847 1.667203 122.3591 122.3591 244.7181 0.000000 3.285494 1.621501 5.224827 3.577545 6.087608 1.740398 2.667635 4.950030 5.138262 4.030533 3.897938 9.508043 7.352608 14.062522 11.530286 3.251019 8.006078 10.683488 13.016741 17.673593 24.383429 29.492686 44.871693 194.963688 192.744209 58.722711 38.421996 22.816585 11.767974 8.856868 9.808263 10.552905 11.903687 14.058903 10.813319 9.762585 4.137714 10.754420 12.713829 7.384837 6.168430 8.881872 10.627306 16.329612 12.509333 8.853725 10.638080 32.713078 74.246956 41.880102 12.841463 10.009601 6.270277 6.712590 3.812893 4.313868 3.235750 3.907064 3.048668 3.864839 6.667042 5.363517 6.294980 6.012523 6.888396 2.735988 1.851027 2.343790 4.208981 5.904403 3.940879 4.620998 10.744603 21.181914 17.922881 15.734638 19.772366 10.669737 3.063562 9.691170 9.307178 9.363604 6.650993 11.794098 5.449467 9.385330 29.154884 8.581885 12.584474 9.459454 9.031008 7.701456 5.303202 8.056587 3.151926 7.301031 6.072054 11.713839 20.838558
6.948334 1.648964 118.6818 118.6818 237.3636 0.000000 6.826171 1.322388 4.818455 3.333184 4.814992 1.760794 2.827555 1.642698 3.578123 6.121870 4.953255 2.577322 7.927576 11.597562 5.725353 6.003767 3.094853 4.333277 2.043964 7.418994 6.805223 18.986205 106.465039 250.787790 32.371372 13.334939 7.256981 5.414253 5.139419 4.972356 5.979209 4.916011 5.047366 2.405078 6.776731 7.350439 6.938245 12.116588 7.177271 8.116420 5.662824 4.197858 9.931106 5.874954 7.555836 17.032365 59.459240 53.660546 14.916855 7.590281 5.825818 6.187704 1.658747 5.040094 1.966723 4.014792 4.313161 3.410442 2.962273 2.583658 8.443345 6.552630 6.232074 4.811716 5.460923 4.832138 5.176593 6.188215 5.864727 15.334521 28.765050 12.443323 1.958704 10.043955 21.300709 11.151819 7.500296 6.610228 6.162450 3.277939 4.478679 6.178116 10.040328 21.543845 21.958677 11.508664 12.059733 9.891064 4.442419 5.652477 4.341637 2.762595 8.322098 10.534050 23.255431 6.605436 3.618149 9.360938 13.408274
6.995871 1.636451 121.8849 121.8849 243.7699 0.000000 5.775113 3.469245 0.662107 4.025664 3.047417 3.201514 2.904144 2.806979 3.081572 6.415158 4.961561 3.290825 3.403913 9.028490 11.351485 4.235215 4.699905 5.497908 5.469931 7.459217 8.942721 11.300085 26.668750 218.216875 140.036176 21.184780 12.516332 11.786932 7.355657 10.142663 8.571646 4.600253 5.308155 5.081900 3.765801 4.776433 4.926172 2.844781 18.208065 3.728301 2.094473 4.174862 1.584582 7.817447 3.162484 9.423485 17.556707 41.753520 77.810535 15.308250 6.610535 6.974630 4.824049 2.747055 3.997416 4.129321 4.452873 3.705556 3.611633 3.033803 2.800489 4.161625 9.636077 5.942195 2.286381 5.300692 3.856149 1.687265 6.820586 5.305419 2.505510 14.848388 26.789849 11.041932 5.671610 3.151075 10.359580 23.819172 15.876776 10.557248 6.509383 5.143728 5.966298 6.107965 7.505591 10.558299 21.648896 26.418547 6.865337 4.107207 4.546492 2.943378 1.958918 3.341217 7.509139 10.465733 16.785503 13.675314 2.904287
7.048729 1.629212 122.9878 122.9878 245.9755 0.000000 5.902468 7.333211 5.028497 7.385414 6.086075 5.331848 6.202253 7.078293 5.745584 10.319726 5.568561 2.056086 5.765784 6.813855 16.342153 13.110225 12.805938 10.679705 10.198456 10.072309 17.958306 34.322059 61.121550 173.904708 202.334831 49.926116 31.091366 20.379958 13.730973 6.011377 3.527071 6.145626 4.657542 7.499630 9.702816 6.970731 3.937491 5.010735 12.299781 10.437491 6.200187 5.696486 8.117622 5.543224 8.164677 12.170133 21.075756 51.093570 72.317595 35.532968 21.943941 16.882749 15.363959 8.776238 11.093031 8.567015 10.018161 5.220235 8.401455 9.078613 6.989412 12.079712 12.704196 7.124619 8.673027 6.400074 2.532280 4.569598 3.620232 2.921495 7.610613 15.124396 26.595593 15.171915 6.908343 7.279014 8.131522 15.007281 21.476222 9.943875 4.195310 7.623112 9.698622 4.220811 1.701189 5.190131 14.880667 25.425788 21.002812 10.967588 10.037125 5.061817 1.786161 5.485566 8.027394 11.385633 16.646089 16.876581 9.180012
7.100316 1.602134 121.8889 121.8889 238.9023 0.000000 1.627164 2.665105 1.592117 0.821673 1.471960 5.090898 3.242977 1.154535 3.408759 5.196029 5.514325 10.132363 12.365743 11.272086 10.126573 9.298715 11.128763 13.387490 17.541261 21.752441 35.687305 55.372168 121.956544 212.700727 133.469858 47.989512 38.504149 31.156730 24.345840 25.234212 14.283982 16.390806 16.562519 7.210449 7.979313 8.914443 15.283428 18.519328 2.478098 12.569488 3.450930 5.279675 7.645193 3.438514 12.604010 14.487632 43.180279 82.619274 27.077207 11.005289 5.858209 8.459903 9.256338 12.807598 10.293281 8.236280 7.535258 6.011662 4.957306 8.212759 7.577116 10.447306 9.705314 7.518799 7.484554 4.756540 4.950763 6.392961 8.766855 11.244474 11.020941 26.711163 12.236146 8.712969 7.439385 8.085733 9.081979 13.649610 26.263880 11.801256 6.411990 7.622028 5.295351 4.302230 3.954700 9.132223 24.701273 25.520791 10.334916 10.882631 9.501602 10.815308 9.529285 7.307838 11.188582 15.785747 12.502262 5.008845 5.088130
7.148408 1.577558 118.6487 118.6487 242.2411 0.000000 2.893916 2.199924 5.638557 5.084449 6.857360 9.885140 6.094045 4.946179 3.653749 3.189079 7.448230 6.975210 10.576686 5.070982 7.988088 8.467416 17.611282 19.069831 13.219774 22.545652 31.932568 37.112393 105.347848 211.029493 143.512997 67.306793 38.596919 25.043825 21.321545 16.552697 12.324668 11.170375 13.364014 14.506087 12.573487 7.156357 11.827542 10.875273 11.496409 14.641990 11.672924 9.427267 8.501702 8.057783 8.465034 7.282049 16.855256 74.974421 67.141288 21.474585 7.293268 9.005202 11.394240 5.004302 5.867931 7.062582 5.069606 6.433176 4.093642 5.214111 8.746588 8.951919 9.769930 11.918896 4.879726 9.902811 6.059703 1.388068 2.370151 2.434004 5.282648 20.495021 17.843457 18.729097 14.164707 4.157857 6.958545 5.929122 8.663406 29.291729 8.603270 5.914362 4.997238 5.262347 5.185285 1.972385 10.508794 17.747562 25.178838 13.482503 13.309875 6.425972 9.193151 9.983674 6.154323 10.234869 16.343082 10.117319 5.556398
7.195844 1.567960 117.0314 117.0314 238.9391 0.000000 11.069254 9.427213 3.744570 8.409205 9.927050 5.873608 10.099846 10.858528 7.241003 11.169459 11.471010 8.526214 14.070777 16.042957 14.459642 15.747568 19.219396 21.278581 22.649495 28.075515 41.719071 54.147479 169.010519 177.905770 90.833054 50.322166 20.245267 16.135743 16.029442 13.549396 8.252323 10.876564 8.997023 3.644259 5.493500 7.268401 6.661216 8.758841 7.522261 16.924038 2.745038 4.139866 9.128231 8.618416 5.177765 6.586936 50.986407 96.429272 28.934429 11.099818 10.469149 10.903141 4.913272 7.764226 4.206104 8.055149 9.623425 5.113121 7.872865 6.297706 3.819251 4.230898 12.491022 7.365759 7.818477 5.885067 2.506511 2.178688 5.533427 5.023820 24.785100 5.927344 9.227200 12.428880 5.465530 5.937006 5.692088 11.606944 20.240850 19.038689 12.601108 7.040715 5.051334 4.245389 10.076509 15.996269 17.841010 19.811649 9.629153 11.579341 7.445334 10.657833 9.726385 7.424196 13.638673 12.914310 9.497304 5.719491 5.877437
7.248366 1.543776 117.8450 117.8450 240.6002 0.000000 10.438488 5.472544 8.580495 6.698212 6.927351 9.807398 8.030645 12.476978 10.014184 9.991208 8.316802 7.048120 9.508402 9.740375 10.992604 15.111316 15.889796 13.326413 16.156299 19.199621 31.330112 54.148002 149.453012 194.452871 88.913383 30.429965 20.183278 18.902499 15.034948 15.261852 13.334396 10.316898 6.586121 6.401158 6.009037 9.035808 7.437008 7.792010 9.733272 15.630824 12.528347 11.386960 5.254264 8.918040 12.135802 25.001273 41.038757 107.264992 22.806976 19.745384 17.600739 17.194511 13.100662 8.998487 6.345783 3.968574 18.284182 7.586946 2.211447 7.573007 3.388001 4.493070 4.939226 12.087532 6.965195 5.063615 9.495948 5.777492 5.605709 5.564295 12.580365 20.388010 7.341232 6.995048 5.987617 5.629276 7.156267 12.684752 14.676836 18.726098 18.869458 10.415644 3.219771 2.753993 6.330586 9.096535 6.428781 21.949289 16.832175 10.935441 10.569703 4.926933 3.938289 7.697908 13.833016 15.496382 6.638763 2.360645 4.188351
7.300358 1.541920 117.0520 117.0520 238.9812 0.000000 6.621554 8.571122 11.202577 9.052104 7.907169 7.007820 7.020423 16.055884 16.002976 11.183589 9.279139 9.062878 12.597085 15.929908 15.522674 10.488783 11.220665 18.213300 17.416146 24.664878 37.062722 53.756564 168.893512 171.238568 76.016374 30.808837 19.947404 17.654831 14.872481 7.694315 8.589183 9.491951 9.620433 4.770640 3.060031 8.027787 7.260680 4.513654 5.400529 13.685111 15.380844 3.745291 4.897829 13.974714 17.524665 24.457383 65.863952 99.581447 33.505098 17.478280 12.677804 9.183651 11.284589 14.947160 14.380046 9.730656 10.869518 8.316491 8.227482 7.112821 3.620186 5.607566 7.811584 10.028091 8.349775 8.178951 6.272522 3.629646 2.300640 5.758858 25.933811 9.896399 3.980719 5.914243 7.489995 4.916465 4.440100 5.343109 8.167664 12.161922 22.800410 8.124133 5.803327 5.995937 4.629512 4.064959 14.048549 25.710672 8.448614 10.108797 6.975819 5.786898 4.262348 11.080582 16.404825 8.555257 7.125941 5.731433 3.826171
7.351427 1.535346 118.4445 118.4445 236.8890 0.000000 8.393208 8.833752 3.245869 3.636037 5.927986 4.339427 6.098326 11.136664 9.447741 2.059300 5.403204 2.707861 6.519585 7.160954 16.407995 13.031707 10.922666 6.403051 11.068229 13.046386 24.511772 43.624176 129.181678 210.202103 63.352361 18.493655 12.144445 6.875631 5.257515 4.830633 5.974871 4.585087 2.916327 2.806667 3.239960 5.575750 4.895765 3.416590 5.117656 11.534612 11.169579 8.567832 5.967395 9.557037 20.235829 37.063248 79.044594 86.037821 34.772793 12.563396 14.179052 10.562337 8.422843 3.346867 12.339317 6.560887 17.605328 13.948023 8.832459 4.822721 8.787156 7.758837 3.945928 10.186807 5.949488 4.487724 5.824214 9.964307 13.263065 13.003907 14.359223 25.552223 11.390671 6.620435 0.907144 8.607365 1.309889 5.145234 4.435071 13.138314 16.765808 13.050370 14.218705 1.996093 1.472897 3.197526 8.220020 17.090363 22.222905 10.996886 8.155567 10.398565 12.029114 9.494006 11.217384 16.824679 8.977368 5.567952 1.390090
7.400239 1.519572 119.6258 119.6258 239.2516 0.000000 7.631301 3.050355 3.037595 2.437117 2.444808 3.759638 3.504604 7.280829 5.548054 10.134212 4.758663 3.505401 5.659619 8.370875 5.092613 12.706953 8.517682 2.317901 3.639351 3.023592 10.652469 8.681031 65.270840 262.128497 44.474642 13.850867 10.986939 7.403822 2.829535 1.306428 6.486209 5.948300 4.864036 3.482296 6.835737 3.654648 5.605698 4.094650 6.244045 11.415840 8.445268 3.890213 9.623453 7.303357 6.740781 10.649330 56.265545 113.219082 37.510591 20.424237 9.742288 10.311895 4.854379 2.750694 7.507426 13.411926 9.843348 14.932277 5.596245 10.967580 7.271233 10.065551 5.677229 8.534675 9.253983 2.851536 2.742374 4.047885 6.553100 10.603919 23.866961 27.495852 10.806024 8.686898 6.245654 5.043083 5.056229 3.026541 3.209595 5.026856 11.199224 11.006581 10.328652 17.760874 4.801554 4.044865 7.850166 11.963287 16.317407 12.611496 11.080655 13.176403 3.530478 8.277312 13.850551 15.203012 11.636993 9.719482 3.790537
7.450358 1.506442 119.6299 119.6299 239.2599 0.000000 6.185395 6.281105 2.201728 3.073301 3.359291 3.770147 1.355666 3.969975 7.469216 12.289488 4.536545 6.717292 2.569155 5.722573 10.556559 8.561054 1.829691 3.720809 8.929532 10.626639 11.483092 17.441253 60.774080 255.151074 33.430760 23.365577 9.151895 6.177442 5.087223 6.835134 3.305193 1.972680 2.093942 7.086822 10.990770 1.400297 5.130885 2.979027 5.395219 5.087960 2.265551 12.265392 8.413225 9.081398 9.857824 23.629907 55.360955 118.851286 36.766513 27.951291 9.103861 6.583225 7.734977 1.885667 4.575007 10.699830 12.053083 16.133395 6.500378 4.455791 9.143860 11.851641 5.576747 9.855634 4.174925 4.155946 3.857983 6.983606 8.885208 10.798384 23.466937 26.906466 9.087509 12.368296 10.132160 5.552209 4.607369 2.465767 5.203242 6.980498 7.559940 11.939272 7.807365 12.699554 12.333501 11.141993 8.541276 4.766703 10.704597 18.241901 10.730911 7.840730 6.132224 8.087652 15.568144 15.666086 12.349298 11.688390 2.414875
7.500355 1.492331 119.5721 119.5721 239.1441 0.000000 3.937292 2.608279 5.377001 4.092733 2.458115 3.439089 5.183633 4.182521 6.444566 5.483257 11.653555 10.237894 12.749574 10.677363 6.787953 3.415582 2.698115 9.687390 3.256142 14.821789 16.006759 42.018579 73.994883 237.206657 35.729129 29.788368 24.115955 12.229732 7.027819 16.929683 6.097725 2.123510 8.441720 15.285719 11.361979 5.869763 12.284489 9.042980 12.876123 2.861532 4.904799 16.274792 7.280002 18.390278 23.147606 43.108682 74.172879 104.071690 26.856608 29.665916 19.870953 17.089791 13.274938 9.980540 5.653832 9.708760 8.840349 12.935806 4.868461 3.034388 9.426607 10.159421 9.316195 13.070534 10.972122 7.424230 6.941942 5.626828 11.329279 22.910485 27.801528 19.949531 5.652654 6.280479 7.605783 5.443343 7.957252 4.233097 7.512557 9.445595 9.505778 15.515083 10.053902 13.140095 17.736419 10.568053 5.004251 6.626397 10.915647 11.503034 11.574956 7.580427 8.179327 10.200425 15.458981 10.237528 2.025791 5.821757 10.811336
7.550411 1.473024 119.6234 119.6234 234.2624 0.000000 4.776498 5.076527 9.714649 6.064728 4.732215 3.145035 5.798614 4.271552 3.190732 1.954272 14.336928 5.571630 5.430756 14.800932 14.783258 2.674453 14.900980 15.304442 11.480129 16.959043 35.342804 49.840954 114.842410 198.229347 63.889172 44.809047 27.737050 16.068718 28.847216 18.621462 14.799683 4.402185 8.709927 6.307934 17.338601 12.971581 10.349560 15.913458 20.169901 10.328691 16.568332 15.895284 6.993415 18.346271 36.960851 65.638298 114.858973 58.874531 20.612791 28.964150 9.637530 10.112408 20.746581 13.460481 7.170963 11.670594 11.194948 9.815176 3.720130 8.087391 7.131528 13.761158 8.752532 10.499620 11.554964 6.197102 8.503360 5.617335 13.816737 23.975737 28.642207 18.075847 6.902673 7.972936 7.650764 4.952086 10.134492 3.743426 5.284333 9.299519 11.353195 10.271930 5.702943 12.065067 18.587475 12.225656 8.130238 8.320839 9.714501 11.235273 13.588836 8.644047 8.687200 6.934459 12.301776 13.746269 6.390499 7.167877 10.810587
7.600325 1.450177 113.7524 113.7524 232.4505 0.000000 9.402823 8.646801 3.779481 10.715889 8.283628 11.698600 10.750792 10.688846 7.724001 12.894303 15.528566 8.961341 11.270389 9.646197 21.684097 6.721848 15.689703 13.240933 22.887167 24.143082 44.826123 89.111955 166.244835 111.182485 49.616422 21.592314 18.122781 9.571306 10.911657 14.441748 17.138346 3.485773 6.414297 11.618917 9.337581 6.476586 5.873559 10.044208 10.875421 4.630870 4.581995 5.705428 5.075247 6.636537 32.134646 106.616284 97.810333 28.026176 14.818165 13.025155 12.937778 15.900307 15.807268 10.933935 8.889851 12.023975 12.058415 5.838272 6.268001 6.030009 12.351181 11.942786 10.637840 12.065992 8.312769 10.382755 6.636218 15.636769 32.623002 21.493525 17.215455 9.227778 6.821856 3.066724 4.931430 7.727691 8.921507 5.185084 4.035133 13.255184 12.039076 7.108367 4.424991 18.188828 17.215671 14.239836 2.877468 8.515120 1.525284 6.728623 6.612970 19.590054 16.120890 8.651882 9.037095 2.174985 6.197621 7.253960 8.507593
7.650358 1.413647 114.6892 114.6892 234.3650 0.000000 1.538038 2.971283 4.933349 1.659249 3.383389 3.470540 5.551045 2.086804 6.689537 6.957495 7.059719 1.926054 3.223705 7.213498 16.927541 9.823471 9.384445 11.786721 19.797055 19.077330 20.484933 46.626741 194.418877 82.172351 42.420925 36.245468 25.094931 15.054430 7.185528 11.057776 21.552852 6.561629 7.465839 10.748132 7.673508 10.747605 11.359920 12.684039 14.851116 10.930140 13.156399 15.430769 13.560491 16.132112 33.823090 100.244436 118.195488 40.744948 33.854215 21.693365 8.265005 9.172227 14.120629 20.754142 5.847809 4.155852 6.176199 9.900000 9.768027 4.094479 9.804276 14.787510 9.171100 13.478994 14.201322 6.183122 5.290313 10.105295 20.985832 39.407326 5.655283 4.435217 4.133090 5.191154 6.252039 6.109641 3.793622 7.568585 9.934320 8.615515 6.480228 6.039369 7.857206 6.544288 15.372157 22.903609 11.742650 9.174350 5.795630 5.945304 5.879272 8.075235 16.637220 7.582892 2.999423 6.408738 6.543697 4.219753 5.800755
7.701915 1.405195 114.2603 114.2603 228.5205 0.000000 1.459808 2.715828 1.647275 0.924554 3.253649 2.952786 6.623644 2.868850 0.658020 3.022230 4.092839 4.314808 5.956409 5.927461 10.071216 11.578408 12.395291 9.513631 13.329357 11.664203 18.245541 63.578384 188.759330 52.574895 24.310782 20.909236 18.495556 10.117660 10.024866 14.376859 17.516071 5.973626 7.211361 4.652587 12.637039 14.285637 11.115301 14.187847 17.948500 17.486486 18.010685 20.038523 14.497547 23.812142 69.855978 122.645721 76.122012 29.139044 22.190520 14.132556 5.519442 5.624024 7.898429 12.172048 5.025148 4.743526 7.652749 6.353344 4.910082 4.657878 7.367428 19.372114 22.811368 8.857047 5.284308 3.278952 4.449684 12.655790 29.285567 28.710114 10.602560 7.107879 6.645896 4.996927 3.968733 3.052282 5.452388 6.801556 3.112630 3.177553 7.639350 10.294952 6.678230 5.491369 23.288399 18.515913 3.400116 3.247684 7.317085 8.960873 8.440264 9.889231 14.092983 9.693606 3.853529 4.514640 5.145246 2.246766 4.084107
7.750325 1.412385 114.6008 114.6008 229.2016 0.000000 3.919848 2.389674 3.660880 5.362773 6.206602 9.828171 2.708729 5.641011 5.497698 4.725063 3.183490 8.435615 8.782039 5.144846 4.856839 11.113423 4.516615 1.955881 8.592452 7.375366 19.644433 42.418817 203.282012 31.835887 17.259575 4.388143 13.060973 7.667556 10.622168 9.128062 15.504432 5.852883 2.158198 8.312610 17.621221 7.508133 10.630928 7.254154 14.994122 4.465428 10.912500 18.765153 14.146664 36.817382 63.150796 146.790228 49.427882 24.181802 9.341296 14.766105 10.227058 15.918354 11.965215 7.544468 5.925271 7.785548 11.888129 9.004793 6.626584 7.432051 6.655850 8.104002 17.301689 13.013792 7.282644 4.746067 10.953588 15.501511 29.239285 19.828379 9.844899 9.696918 13.445882 5.790341 8.481544 3.259365 5.441137 5.436964 3.317939 3.118182 10.565957 9.520541 3.604858 7.322720 11.131819 20.305427 19.467547 10.934591 7.991160 8.476612 6.586611 14.060484 11.959214 9.890953 8.968229 9.225784 6.524219 5.689543 3.434834
7.800989 1.392556 115.2217 115.2217 230.4434 0.000000 2.355856 1.880231 0.596712 3.524600 3.818409 6.046063 1.824385 6.659442 2.739086 8.200210 7.295541 9.331307 4.164274 7.803402 9.434936 4.688203 6.382788 4.854526 2.753451 5.880911 18.082259 23.832556 202.555965 45.809558 19.686833 17.144988 4.139527 9.145214 1.455613 3.365291 6.820476 6.539633 6.668763 10.006079 18.725797 3.194573 5.386307 12.139443 3.344117 12.708001 11.039016 2.811761 17.881367 35.001513 47.990096 160.585490 56.989703 27.071222 22.450590 4.021795 6.692128 12.494598 6.585703 17.560732 6.510120 13.597309 3.370178 19.523783 3.188893 10.590320 3.823888 13.488231 9.797345 16.468722 6.099507 6.620833 10.326076 9.280430 30.623182 14.091011 7.896672 13.331213 11.326470 2.553959 6.786953 7.292615 9.072607 7.019505 7.293986 2.297541 8.397871 12.573993 7.045258 10.930782 7.740415 7.886353 23.102952 9.700211 6.122740 10.763983 5.866750 7.945683 15.042008 9.051319 5.967183 8.486697 5.584852 7.005055 2.756375
7.850426 1.397151 114.5918 114.5918 224.2013 0.000000 4.833018 2.897219 1.137432 1.861323 4.619551 5.817816 5.149412 4.217277 7.298835 7.639201 7.069068 10.633765 7.340731 8.346727 7.717999 5.826556 17.691578 16.343151 18.791796 24.156996 34.836252 84.848499 167.199390 61.591829 19.719728 23.495408 10.731583 7.494468 2.741188 4.329634 6.382461 11.507370 11.190827 6.378769 15.903394 18.048539 20.629308 16.561024 16.871507 24.051605 28.446332 31.503628 40.676158 76.379865 119.282426 93.077362 51.193459 13.288187 19.089442 11.135640 16.549266 3.706571 8.716126 15.489304 9.149226 5.661325 9.073420 13.014022 9.183398 8.315586 9.704945 16.414213 15.523543 16.894551 11.492512 16.657967 22.301321 23.810586 12.691184 4.994963 10.723863 14.820238 8.226203 6.288583 5.928053 10.916879 4.487283 5.682025 7.327515 4.089985 7.454092 9.760768 8.883861 7.828380 7.095014 17.778229 21.563300 6.734039 4.785752 4.879197 3.885472 11.098411 13.811246 6.270571 5.211485 7.403975 7.725819 6.987584 6.346809
7.900350 1.379108 230.2182 112.5511 230.2182 0.000000 4.930238 3.222582 5.126730 6.614165 3.560476 2.572549 6.735979 4.468666 5.325499 9.644619 5.315180 5.079196 7.241005 8.387487 6.412659 11.580884 9.356503 9.585176 16.586632 19.287814 32.244727 95.846106 126.163677 75.278648 38.839770 30.348566 18.503558 14.089019 13.734003 8.093479 7.307725 15.106979 11.832110 9.546353 9.828218 16.209465 22.210763 6.240107 14.044357 9.715978 5.451586 19.647279 17.376911 27.801766 73.775999 166.235598 74.509020 33.405793 13.589151 13.412020 5.929795 12.526795 3.798665 10.528733 6.116815 5.811332 4.310929 5.939859 4.426086 7.506436 4.693609 6.022484 5.352821 4.686511 17.751505 18.968824 12.729317 21.665082 25.264779 15.512357 6.956031 6.740931 13.243723 12.943810 8.936551 9.304521 7.800803 4.817797 8.829907 12.316179 8.076872 5.556373 6.355384 7.757076 10.604749 9.738935 7.769535 15.216840 23.867615 5.920892 6.607435 4.314906 10.839694 7.289097 10.032512 10.149731 3.663648 3.256565 11.041080
7.948400 1.397124 111.1004 111.1004 222.2007 0.000000 1.842633 5.111907 2.036353 6.017685 1.835933 4.751090 5.420347 5.823328 7.344200 3.768669 4.593450 5.822813 3.936526 5.752500 2.064545 4.926371 10.314253 7.687838 11.445950 16.602163 26.169127 148.321149 72.902280 27.463232 14.883118 12.754159 5.005270 2.474841 3.031524 5.159683 15.353903 6.822596 7.538070 8.906239 8.394990 12.909471 8.530751 7.728178 14.530495 11.385632 15.023068 24.161763 50.758949 124.705696 119.638804 62.761364 35.698397 21.946995 19.031435 15.840157 8.265910 6.706685 14.318798 17.254210 10.991029 6.954302 9.929498 11.381229 8.549609 7.871069 3.748243 6.532272 10.084575 12.265806 21.979545 23.901848 24.735307 24.254382 18.197703 13.503175 11.075332 12.385059 12.286912 4.286904 8.939879 18.153717 12.397687 14.644870 23.225692 8.803104 3.944023 2.744031 4.340258 5.889905 12.075968 7.327704 18.678494 24.614635 13.790527 10.936650 4.785039 11.582803 7.099003 8.369242 8.677775 8.737616 7.840746 9.824313 8.900653
7.995843 1.400945 224.3744 112.1872 224.3744 0.000000 2.175323 4.101132 4.778726 5.808641 2.540391 3.201946 1.216595 2.030168 6.034777 7.207425 4.381252 5.849279 2.700269 5.202247 3.880942 3.922695 5.314260 4.771506 3.571959 5.326218 8.528640 110.925041 88.790503 11.575796 10.491769 8.123600 6.324547 4.599370 4.614511 7.753231 12.556379 13.059049 6.074040 8.752843 11.462000 15.543057 12.708642 4.562267 5.235238 9.765973 4.034152 12.064097 21.784573 55.833350 188.932214 19.176010 18.446012 12.247628 8.979633 11.283776 9.630762 11.278736 2.099518 10.644771 3.147042 0.463493 6.754800 12.470352 9.041863 5.990275 2.302669 3.118642 5.907950 8.234633 16.333530 26.927361 37.941055 16.300435 3.941246 3.876069 3.878085 7.183551 7.852572 8.369040 6.577087 10.423184 13.259310 10.574261 19.570871 18.329388 5.769781 4.137038 2.140934 4.998929 5.553771 4.548463 6.101211 20.050194 26.230108 13.005114 2.696416 6.210437 5.434395 2.331819 1.978312 1.204965 3.963522 4.548332 7.526645
8.040349 1.408838 228.5398 114.2699 228.5398 0.000000 3.567902 5.667834 3.061369 2.276418 3.577930 2.065852 2.555583 5.756173 6.326151 5.597681 4.022852 3.613893 3.653643 5.210369 5.053046 1.931020 2.417627 4.507382 5.941923 5.990466 2.484015 35.383437 152.113572 7.264007 9.142868 6.190794 1.466542 5.867469 7.858388 7.572106 15.727510 13.016044 10.533044 12.115087 9.943247 10.968132 16.809767 13.146305 9.649473 12.189655 10.583537 9.469994 12.154947 10.023892 79.623017 164.142272 9.784748 8.557946 11.850265 2.239831 9.146605 2.556001 1.752445 8.375625 9.931756 4.903826 1.720097 7.167771 11.029429 11.293962 6.607351 3.967275 6.372023 8.058412 10.141189 12.108443 13.582976 30.997770 32.213141 7.607382 4.376877 5.102655 3.006099 2.501922 5.299261 5.992586 13.190922 10.262921 17.536603 21.299131 17.046954 14.379413 13.533219 8.377176 11.800201 10.878543 8.126967 11.080426 10.149746 11.437040 21.737854 17.490796 9.045830 7.506192 4.656594 2.279441 2.178665 1.473872 3.146669
8.095836 1.425939 221.9163 110.9582 221.9163 0.000000 7.047646 4.000158 1.826276 3.212629 3.016701 3.660856 0.799484 5.207598 5.943623 6.261385 5.361921 5.864793 1.359710 2.435307 6.260502 4.193294 3.116907 3.661732 15.388450 23.764582 25.734161 138.966267 60.338538 21.386132 13.324831 11.686403 10.283013 8.056526 5.216115 15.241009 12.107540 18.352760 7.696768 8.355035 15.739164 18.907505 15.883671 15.547239 13.604546 16.685953 38.186658 64.969224 72.748089 141.143188 114.228879 54.140331 26.205494 16.556289 12.343569 7.671407 8.590150 12.184208 11.312095 11.646795 11.269017 7.857736 10.610188 10.610518 9.331552 12.044550 8.329136 3.392595 11.022963 25.302129 22.011259 23.479191 28.573248 10.936173 4.725969 2.951440 2.591095 5.360325 7.913940 5.803862 4.271925 10.184673 23.150502 15.792325 7.043073 15.451326 9.443850 9.662172 10.856463 5.295339 9.092280 20.406024 16.131565 14.065380 20.827236 9.587910 8.444912 6.337099 2.494784 3.649440 3.751515 4.482216 4.323758 4.702645 6.278176
8.140323 1.272995 219.3170 112.2087 219.3170 0.000000 11.387095 2.300746 6.493425 0.897444 3.731090 4.110616 5.106056 2.587232 5.314416 5.509709 2.087481 8.911186 6.014279 4.911093 4.069755 6.835790 5.935680 8.087067 13.614767 22.948499 46.957744 102.136438 73.985435 18.043063 12.227153 9.698279 5.088420 5.016144 8.568215 10.108280 8.178747 10.480611 10.863494 7.084818 10.497585 10.568436 7.809883 5.094218 10.268790 10.677413 12.095310 24.506915 80.420322 136.950148 112.133383 69.630686 10.189680 15.020446 13.558652 13.152173 9.644444 4.143597 8.082817 5.852079 4.970930 7.156808 3.073435 9.397589 9.631292 4.057192 7.960932 5.041533 8.242714 11.795774 22.369729 24.153284 26.465395 20.911369 8.562359 4.358187 3.819843 3.328338 5.957303 7.760121 5.488959 4.728285 12.877887 18.792181 14.521101 15.134770 12.895973 2.904653 4.727333 5.848293 5.788237 11.348265 12.512320 13.293653 13.357845 17.143620 12.790144 8.084027 4.870291 3.239567 1.164385 0.522172 1.645261 1.435572 6.573334
8.190462 1.070407 225.7111 115.4801 225.7111 0.000000 9.913628 2.288605 5.094652 3.069834 1.556757 1.357559 0.976379 2.449137 4.054775 3.457943 4.114880 4.998006 4.006093 4.120351 4.114295 3.582307 2.059299 4.683198 8.441535 1.629863 14.780542 68.755833 93.139562 24.453501 26.794540 11.227369 9.488110 9.410591 4.945292 7.565217 11.472641 10.270953 8.793008 10.166381 8.930948 3.798888 6.309510 10.840666 10.543419 6.253935 18.217019 14.493696 5.649166 64.950502 129.483775 85.220511 41.706165 38.664852 17.995882 9.125625 12.341125 9.364250 4.123679 4.471033 6.808790 7.063003 7.162126 5.901567 2.477284 4.564529 5.027981 6.032248 6.452264 7.259923 6.673622 11.095151 22.218372 26.286389 16.888292 9.436232 7.356043 6.583669 4.742696 2.789305 4.203604 7.477030 7.673374 6.987791 9.632660 11.529442 9.580744 18.577865 10.658951 3.403002 2.726008 4.388009 8.651250 8.772595 9.261705 12.865543 13.663952 9.026299 5.504484 6.086289 6.179883 3.810569 2.348458 2.220552 1.349196
8.235797 0.815205 225.5106 115.3775 225.5106 0.000000 2.597846 3.808571 4.154089 3.271183 2.246541 1.446945 2.004559 3.189815 3.088974 2.378247 3.422460 5.511749 6.687640 6.532302 5.876864 6.880546 7.988853 10.343568 13.590529 13.616832 26.255493 49.430307 61.673913 43.360087 12.155241 6.858049 8.001721 7.574991 6.819002 8.047447 7.091173 5.715802 5.303055 3.926490 3.235149 3.722641 3.868148 5.628376 8.232848 14.077492 15.246298 16.546857 22.512707 63.189018 81.251942 71.224328 40.579736 11.902062 8.417830 8.236627 7.958153 10.095386 9.736982 8.143756 7.960803 6.627602 5.835327 8.135043 7.963708 6.064223 7.230468 6.713937 7.719297 12.204095 12.890749 11.950484 16.805419 16.966375 11.980243 5.832810 4.068019 3.977531 3.525501 3.503230 2.989942 1.429911 0.476669 2.547095 7.469676 11.040327 11.077682 9.449023 9.150892 8.215441 4.988132 5.269694 6.785298 6.167712 6.691987 6.509756 5.603418 3.341527 2.219149 2.560531 2.386906 1.791924 1.313136 1.994261 2.569502
