# LRA Full Analysis Data — Replot Source File
# Source file: pitch_increase_strong_220to440Hz.mp3
# Generated:   2026-07-13 15:04:56
# Accel sample rate: 1517.3-1711.1 Hz per-window range (1608.3 Hz overall)
#                    Each window measured with its own real rate, then
#                    resampled onto the common freq_bins grid below
# Rows:        157 (one per time window)
# Freq bins:   100 bins, 0.0 to 496.0 Hz
#
# MACHINE-READABLE METADATA (used by replot mode — do not edit):
#@duration=8.000000
#@rate_overall=1608.311450
#@rate_min=1517.253117
#@rate_max=1711.146712
#@freq_bins=0.0000,5.0103,10.0206,15.0309,20.0413,25.0516,30.0619,35.0722,40.0825,45.0928,50.1032,55.1135,60.1238,65.1341,70.1444,75.1547,80.1651,85.1754,90.1857,95.1960,100.2063,105.2166,110.2270,115.2373,120.2476,125.2579,130.2682,135.2785,140.2888,145.2992,150.3095,155.3198,160.3301,165.3404,170.3507,175.3611,180.3714,185.3817,190.3920,195.4023,200.4126,205.4230,210.4333,215.4436,220.4539,225.4642,230.4745,235.4849,240.4952,245.5055,250.5158,255.5261,260.5364,265.5468,270.5571,275.5674,280.5777,285.5880,290.5983,295.6086,300.6190,305.6293,310.6396,315.6499,320.6602,325.6705,330.6809,335.6912,340.7015,345.7118,350.7221,355.7324,360.7428,365.7531,370.7634,375.7737,380.7840,385.7943,390.8047,395.8150,400.8253,405.8356,410.8459,415.8562,420.8665,425.8769,430.8872,435.8975,440.9078,445.9181,450.9284,455.9388,460.9491,465.9594,470.9697,475.9800,480.9903,486.0007,491.0110,496.0213
#@input_spectrum=0.000000e+00,1.391125e+01,1.395364e+01,1.402025e+01,1.410632e+01,1.421535e+01,1.434398e+01,1.449032e+01,1.465537e+01,1.484170e+01,1.504290e+01,1.526501e+01,1.550552e+01,1.576600e+01,1.604637e+01,1.634849e+01,1.667420e+01,1.702141e+01,1.739301e+01,1.779048e+01,1.821819e+01,1.867555e+01,1.916592e+01,1.969244e+01,2.025641e+01,2.086351e+01,2.151734e+01,2.222584e+01,2.299195e+01,2.382491e+01,2.473407e+01,2.572899e+01,2.681941e+01,2.803147e+01,2.937830e+01,3.089528e+01,3.260879e+01,3.457223e+01,3.685506e+01,3.954888e+01,4.281702e+01,4.690879e+01,5.228686e+01,6.000484e+01,7.334107e+01,1.082564e+02,2.060382e+02,2.363226e+02,2.461442e+02,2.504960e+02,2.521615e+02,2.524049e+02,2.518523e+02,2.507932e+02,2.494353e+02,2.478716e+02,2.461229e+02,2.441917e+02,2.421587e+02,2.400585e+02,2.377688e+02,2.352826e+02,2.328730e+02,2.306305e+02,2.283024e+02,2.258953e+02,2.232761e+02,2.207676e+02,2.183253e+02,2.159325e+02,2.134594e+02,2.110031e+02,2.085935e+02,2.060459e+02,2.032804e+02,2.004748e+02,1.976784e+02,1.947647e+02,1.916784e+02,1.885462e+02,1.854908e+02,1.823350e+02,1.787160e+02,1.741132e+02,1.682492e+02,1.601697e+02,1.451580e+02,1.127912e+02,6.696841e+01,5.245950e+01,4.569098e+01,4.127966e+01,3.797595e+01,3.535129e+01,3.321540e+01,3.145004e+01,2.994697e+01,2.861772e+01,2.741507e+01,2.632203e+01
#
# Columns: time_s  rms_g  peak_freq_hz  then 100 FFT magnitude bins (in g)
#
0.430974 1.893879 232.9862 0.000000 11.915199 9.081895 12.151535 13.668758 10.590488 4.948863 2.777045 6.173244 6.165499 6.788013 6.830228 4.774577 4.037005 5.369976 6.505102 4.037479 1.420359 6.136584 12.284517 13.797855 18.189076 24.539238 29.645012 27.291557 25.743908 21.878466 13.265411 13.153817 6.177780 12.147127 12.296273 2.328272 17.387026 9.378261 12.967631 24.074820 6.433964 16.478077 14.169028 16.540993 16.846617 15.187415 21.014215 12.713431 54.281667 223.396622 223.399518 72.381373 32.824328 11.525876 7.186505 11.517820 15.207668 20.707513 5.666117 7.258453 13.867996 4.345887 4.177793 14.762948 11.850664 6.509336 1.058118 7.592183 3.832551 3.958651 5.986453 25.808112 74.619032 49.123740 25.198635 16.218105 9.381033 24.922944 26.288141 20.945884 29.403132 20.131930 9.307143 15.575482 14.527553 14.385381 9.901469 5.646907 9.329430 7.715001 10.079344 23.197301 13.810541 6.133833 13.272782 10.815274 27.747537 4.205447 10.065398 11.017745 7.243538 8.549316 2.307506
0.488971 1.895437 233.2663 0.000000 10.932371 4.283581 7.778046 13.804181 10.129048 4.367864 1.011816 8.313157 9.717884 8.948950 4.176577 2.369795 5.472366 3.503560 1.742561 5.599035 6.191969 9.675761 12.075541 9.798465 17.989091 19.834857 15.902761 24.728953 32.317452 24.138553 21.185800 20.905320 9.841309 11.039188 12.518045 8.226660 10.845907 7.273729 7.455639 15.366324 22.552387 23.100334 16.952752 25.194798 28.735544 32.584055 62.964110 95.785997 164.091466 229.671015 163.297291 64.156893 39.010661 24.490991 27.979213 24.281405 13.054603 13.071918 9.664957 15.205322 8.813571 13.335999 16.883835 7.866877 6.881183 2.382579 3.632398 10.387940 16.815976 25.008896 49.317254 65.286975 20.647297 8.007448 20.287615 36.863972 39.923606 25.034755 10.908962 20.457754 22.075250 28.116993 17.089183 21.291651 13.937256 4.414739 3.381366 14.023625 16.057849 7.489813 14.703707 12.207211 19.205768 2.237613 17.774492 15.562798 12.790629 5.065530 10.150843 9.459513 6.036847 3.061075 5.287122
0.530964 1.895172 218.7026 0.000000 14.145150 4.900411 16.460350 7.727306 15.310453 6.658028 9.773774 7.254024 5.960150 6.612865 8.564792 8.840973 9.363702 9.004703 6.631424 7.027233 10.523849 7.443711 26.436772 6.851629 14.036762 19.518969 33.965195 28.700523 31.141229 24.934634 14.553480 11.201576 11.305997 13.227602 20.423357 12.580497 14.535204 10.785911 18.019119 21.393431 16.237953 19.320385 14.121499 18.962323 17.388099 63.019941 170.387850 247.101614 54.345242 26.121160 13.113272 6.912036 9.331230 17.866064 12.138256 3.542900 4.870303 1.451581 8.829378 19.808789 4.501628 6.858057 7.707023 6.740461 14.817118 39.881543 54.650848 26.889338 23.661252 21.512572 33.879982 35.222943 23.207056 12.498616 11.030575 11.999567 7.947872 5.141610 17.187646 5.120338 2.564741 9.951719 11.973025 11.886106 10.843768 17.884124 14.031270 9.542687 11.081124 10.779534 12.752733 9.803153 11.902751 7.329208 4.591836 4.607625 4.629904 4.701249 2.162586 1.590094 3.518533 1.196644 3.170822
0.585505 1.900376 227.0413 0.000000 2.414665 11.239354 8.946768 5.585410 12.698232 6.346404 8.397012 9.532986 5.018981 3.282918 3.603055 5.411961 4.031291 1.243866 6.013241 11.683442 10.972476 11.549433 7.767228 15.212780 19.048185 8.402776 11.201886 17.048205 22.197827 31.008004 19.408758 13.804273 20.628576 15.068922 4.219757 5.600916 7.075465 6.590208 7.076529 4.500003 8.799447 8.902012 5.337375 15.636745 15.537870 14.401255 17.743382 33.642287 267.370946 142.561776 20.217095 11.519072 6.376887 13.170602 6.992995 9.509753 18.479563 17.812556 11.551552 2.256065 5.634191 14.894222 6.417146 3.066009 16.330150 18.065840 21.757845 33.902017 65.802284 22.261555 24.383600 9.759127 10.153277 56.450507 9.687308 4.931228 17.017596 14.410797 14.811470 1.842532 7.169296 9.197733 7.288441 6.924762 6.256714 11.323652 21.543516 10.231460 14.011360 17.905006 7.139266 12.851088 9.324900 12.144737 15.634675 9.736898 6.892829 4.044273 4.939358 1.637322 2.978102 4.242711 3.472330
0.640650 1.894739 217.4257 0.000000 5.220045 7.225206 4.322662 7.300885 10.947585 13.726772 8.617752 5.794454 6.770007 4.140955 3.254717 5.309811 4.312310 2.069236 8.272098 8.358525 2.561741 20.123401 6.942636 14.782294 6.353793 4.649019 6.786246 22.122249 25.520096 24.178605 29.991624 15.578178 21.011610 14.154444 17.477825 7.815505 5.577397 6.308572 5.392461 11.648706 7.157940 11.535889 19.075482 31.836546 42.853942 59.889299 229.264164 186.123859 61.127857 38.255248 31.674787 6.242519 2.815758 3.427905 18.471963 11.142996 17.119271 8.371039 13.615275 12.908202 5.333828 10.256728 9.488779 27.814870 61.000120 41.639313 20.991330 12.329690 21.026325 5.735523 50.392584 20.491633 15.842632 7.754267 12.312083 10.066697 8.351575 10.476059 8.827222 6.090861 8.665475 12.763448 16.911987 15.915938 16.002746 12.683164 5.609770 13.889124 13.361246 3.309638 13.814399 10.310153 7.086260 4.231669 4.926196 2.280462 3.682484 4.466944 2.213198 1.565528 3.446968 3.910092 4.828843
0.690946 1.895076 222.1794 0.000000 7.026635 8.817932 4.437843 9.509667 12.657489 16.395063 12.733481 10.584972 9.362479 8.415886 9.925685 7.830455 3.215763 4.195359 7.454424 14.551675 12.994997 12.985111 8.966498 14.674309 19.163138 17.654011 10.863838 13.059225 16.698174 9.437696 30.319008 38.053058 25.828585 24.945900 18.883688 19.172473 13.894254 17.805382 20.244771 16.291246 12.593921 29.564099 36.311063 24.041081 30.482518 37.831483 68.684926 199.849541 220.281273 123.675808 61.282880 52.929700 24.215528 27.560924 19.562526 15.373772 20.510561 15.281000 12.107315 4.021712 6.434495 4.330001 4.869258 15.667520 29.472456 62.439743 43.098590 33.931135 32.904312 24.225079 25.300105 29.770807 25.998388 15.446922 10.958856 10.769901 11.132809 8.247782 7.194301 11.093282 9.828793 12.239331 12.106443 9.553258 14.307012 7.244638 11.489500 13.737454 15.879116 4.211223 9.706711 7.342448 8.807703 9.456105 6.907719 5.637777 4.147628 3.245785 2.945133 4.912916 2.928215 0.949115 1.675869
0.741872 1.881641 232.8279 0.000000 6.331446 8.382838 8.235488 7.820663 2.306656 15.267495 7.243306 4.168685 5.253658 13.116078 10.822479 2.743115 8.714933 5.554409 5.282322 6.492048 13.290234 8.545587 9.391267 14.386997 14.447549 14.162933 9.959182 15.201012 9.498376 6.838162 19.574017 25.511839 31.022567 34.890482 22.594095 16.395775 9.908853 11.123310 7.308556 15.928690 22.539439 17.759813 15.104432 20.987643 29.988098 24.455596 50.845429 83.267708 137.074126 229.057304 155.892637 38.959641 40.234798 36.695787 20.616469 25.292191 20.556714 16.921366 18.885912 20.339377 18.248036 16.300904 17.433118 21.759625 16.554870 36.416986 75.056673 50.922228 12.898592 18.012831 21.860404 24.740130 29.571722 37.657617 23.612379 8.630256 15.465311 17.608662 13.792679 18.710323 8.525129 16.000540 7.054053 7.893048 18.587558 12.044005 9.275252 7.546256 11.295076 13.707121 17.589105 5.954646 7.654313 8.999138 4.096744 10.981240 2.279193 2.407399 2.798768 5.140491 2.717157 2.464362 6.732198
0.791899 1.870395 233.1920 0.000000 7.068522 4.661506 6.040967 6.871378 10.675735 13.832988 7.868045 3.230304 2.849002 11.523202 6.957614 6.792514 11.752899 2.606148 11.999687 14.096495 6.057191 8.294983 6.146798 5.529002 9.275630 13.403901 12.709158 14.165206 5.562171 12.270031 15.715514 21.901814 36.325262 47.524814 24.228114 11.342263 7.422880 10.279283 23.969604 22.279809 9.067507 14.969736 26.643302 32.673650 20.076860 21.686128 25.825741 51.700847 117.507764 218.212387 186.335664 62.747649 47.167339 40.884444 30.369047 17.703332 16.699758 17.021190 17.362853 17.437709 22.861761 28.377353 22.861701 35.920194 50.606160 61.925822 58.517496 32.512416 22.603492 24.075230 20.278485 23.239841 26.004207 24.206082 20.543517 20.352184 16.213794 8.773131 7.511703 17.496599 8.962251 6.741375 14.043479 5.399214 14.178669 6.774515 6.388692 9.484183 6.521404 12.658191 16.507323 7.667344 4.755036 7.450946 1.553612 4.733689 5.885509 2.349203 3.895613 6.412021 3.967801 1.960330 6.545838
0.841887 1.877802 234.1459 0.000000 2.874482 0.980456 3.924830 1.581586 3.021938 5.527871 11.852447 4.790907 5.583498 9.269494 10.530711 7.184288 11.094157 9.833724 4.434071 9.390330 11.915219 6.602606 2.901000 5.128304 11.183177 9.772307 9.738347 15.105778 1.860287 9.251961 5.270487 4.622974 9.581334 36.604299 38.559248 26.092373 18.121912 11.189182 18.582971 17.998543 13.793788 6.593478 12.695957 25.336162 29.735735 23.168634 19.187044 16.802778 45.910026 188.104719 251.118375 104.069683 39.637145 11.635577 13.153578 7.423765 18.341163 24.936340 14.970409 16.817918 30.312460 29.935975 25.815201 23.633939 62.662506 72.954876 33.534575 22.198543 16.821653 6.707606 5.194593 20.707434 23.674388 13.374258 25.970060 25.183501 20.768124 20.557366 13.220164 13.824875 10.492531 6.558736 7.597536 8.138737 12.623605 13.094245 4.280436 7.398429 13.693856 9.523878 5.898913 11.679247 9.452220 3.613724 3.871345 5.409316 3.315222 4.189480 8.173504 6.910030 3.844138 4.301789 4.766729
0.891869 1.868767 234.1757 0.000000 3.578524 2.828968 2.224090 2.507012 2.540842 2.829342 2.934030 7.271507 10.252372 11.612738 9.431716 8.782611 8.519153 9.471694 2.567201 9.658104 10.868436 4.468274 9.368370 7.290757 11.875910 11.446094 12.433301 11.861493 11.386801 12.666800 5.235940 10.462938 11.143200 25.843526 29.802384 34.948297 22.180133 5.835461 25.451424 13.975670 14.551992 16.406685 16.488567 2.974272 10.706376 11.101181 8.836667 19.465444 51.179642 155.862986 270.764355 85.864062 16.439072 20.631598 10.187008 12.053284 12.687945 5.896670 5.729033 10.694782 23.842251 30.290419 24.830083 31.373571 59.462647 67.735529 29.320545 29.725483 24.836077 15.164571 12.846125 16.461178 31.709584 28.446550 11.401814 20.140045 23.885134 11.939895 18.575160 16.565506 7.380280 5.340858 5.293697 9.692469 11.864428 7.526764 6.172614 7.236845 13.269209 13.953738 5.374034 6.853929 7.165343 3.193572 5.288099 5.833648 2.659555 4.337029 9.965494 7.946905 3.559703 2.967290 2.456150
0.941976 1.868775 231.5457 0.000000 2.969008 2.142386 1.262158 3.440545 4.234279 5.595571 4.244138 6.447675 11.132706 9.127441 6.914827 6.869638 8.643236 8.741906 4.025114 3.827409 7.127691 9.208076 9.720572 6.017198 11.736577 14.526777 6.666908 8.821556 13.777753 11.291966 8.445975 9.470011 11.121364 15.265627 23.111945 27.756061 20.393181 28.805037 35.364743 23.252075 15.408085 23.973488 28.231422 22.390855 28.101378 22.401009 22.188078 53.267445 80.830884 241.857933 188.186533 65.128377 36.051713 36.145911 25.118916 28.532955 22.450984 25.227695 19.248040 12.726769 18.338440 11.591014 63.945067 86.823949 38.254683 22.761570 10.940825 21.560688 16.656138 14.241650 14.622627 13.275550 41.450152 14.252717 5.823636 15.911265 13.739098 24.594436 5.618060 11.330937 8.471382 10.356065 14.317879 21.449526 9.992655 5.602271 9.082405 14.220964 13.828485 6.902651 6.627904 5.612158 7.386743 7.010695 5.793373 3.584660 6.580948 8.786325 5.534982 5.433575 3.907052 2.503708 3.839635
0.991978 1.859767 238.9017 0.000000 4.994408 7.399674 2.819550 4.727963 4.756916 10.718808 7.856909 8.124696 18.942700 7.297158 15.087212 12.570504 10.128580 9.319931 6.109142 6.768236 13.800540 7.298820 12.162731 3.219679 15.644575 12.606276 11.885563 18.277897 7.549299 9.394383 6.968126 6.632266 14.448354 14.865320 18.801852 18.675176 14.308350 25.592809 28.804718 20.520804 17.402447 13.766399 23.601753 19.845934 25.328391 26.642948 20.720362 36.804632 57.671760 106.846849 197.687786 224.109349 80.683572 32.646150 41.516233 29.226664 12.407444 15.642793 23.750543 20.826251 27.238644 21.710881 29.220274 62.021356 55.154052 17.825851 16.318527 13.848537 17.358083 13.418141 16.406447 17.092981 23.920843 37.257005 28.444827 24.541761 19.686163 16.115432 14.902454 6.698118 3.221548 1.305838 5.922675 10.949310 7.375574 8.374317 8.492187 10.554804 10.843538 8.315523 7.195890 3.197857 5.575149 8.797502 7.905796 7.480960 8.128607 9.172106 5.972350 4.843703 4.712106 5.075201 5.004274
1.044238 1.860726 235.6067 0.000000 1.177857 2.349227 2.243284 0.858169 2.236160 3.592163 5.465030 5.671341 8.866095 5.956747 15.988467 8.355824 9.394652 5.031436 4.616026 5.012817 8.449279 8.610207 3.703166 6.977117 14.559460 13.022838 11.802677 13.143248 11.446790 13.464277 6.891970 5.879093 12.937106 12.620720 15.321297 15.010693 25.020526 22.452691 30.178826 22.191779 6.589283 20.118998 12.591934 23.358330 9.382416 22.946600 28.410181 28.338326 48.685924 67.120146 330.545591 57.704290 53.761748 7.021617 23.949107 15.443744 17.779405 16.342014 13.723712 32.108127 25.307705 36.702290 77.593452 38.637569 23.093275 3.322430 8.756437 10.859788 19.089042 11.761545 11.640479 31.044146 35.983475 28.425313 25.208975 26.880387 16.241863 8.427495 6.482199 4.742716 6.634100 13.239518 8.938983 6.000962 13.716083 7.865908 14.543391 12.648245 6.676297 2.121942 6.467314 6.686976 10.139423 4.573689 7.482462 3.160403 6.289728 3.794004 8.441686 3.248441 6.614442 1.732489 2.887774
1.092162 1.859475 235.4751 0.000000 2.990941 1.166630 1.937610 0.728003 2.533888 2.101061 5.122648 4.224905 5.703099 11.493748 16.308364 6.771282 7.258543 5.795565 5.883614 6.413334 3.715748 6.291740 3.503585 5.522293 10.004578 13.868071 9.540309 9.586990 11.593132 8.150131 5.818056 8.135069 9.261390 7.998328 10.543701 8.705262 13.977005 14.649463 29.974576 23.648621 27.607808 25.661109 15.579141 23.747573 7.653359 13.560282 5.074394 24.515085 20.051180 24.061830 358.688159 19.875570 20.298248 20.929602 4.596960 7.390025 8.491177 19.029298 15.891608 28.199863 35.522573 55.776949 58.904442 32.811815 27.752024 17.177358 11.213515 11.626587 20.851720 24.609912 28.107035 39.614625 27.373722 15.967829 22.267876 17.662432 7.812202 11.264043 7.596488 6.712243 5.735988 14.297332 14.592466 7.232369 5.573014 8.558454 14.187587 8.985005 7.336600 3.801873 7.859724 4.330332 3.892027 3.717127 7.275823 4.901727 2.894211 9.447029 6.276275 1.734455 5.654697 1.903583 3.943965
1.145071 1.867346 238.1265 0.000000 2.997530 3.241994 4.026625 4.000641 4.800554 4.879780 4.521399 2.914493 4.026275 10.200530 19.244607 6.979292 6.401237 8.787294 1.802520 4.279649 6.339541 4.649518 1.711518 5.552078 12.161849 6.732375 11.632865 9.495625 12.906645 11.207422 9.765715 7.795164 9.476978 8.113246 10.004668 6.333063 8.940038 7.513299 17.191103 28.206808 26.812163 37.069144 28.873470 12.392474 8.754301 11.068887 6.464044 14.030971 20.795745 36.080546 192.870021 210.724365 34.248557 8.991507 11.777082 14.157313 13.587860 18.142749 24.675791 32.907762 51.478330 59.582845 55.678037 26.650847 7.833318 4.484259 5.456335 7.687224 14.212303 14.394575 14.422925 28.586650 43.224779 23.815035 12.453048 18.648342 9.492408 14.785689 10.078601 4.674923 8.389171 15.466967 14.149389 11.161458 13.994750 5.773196 8.691111 14.621804 9.582923 5.732646 5.144965 7.411444 3.284620 2.037102 5.137559 6.687374 1.005250 8.478660 14.972413 5.669861 3.456213 7.498500 6.998057
1.195186 1.870203 239.0753 0.000000 1.749465 3.535506 2.580018 2.478640 3.464402 4.141902 2.721701 2.657027 9.714493 10.317901 9.123314 8.789250 5.262717 8.868118 3.300546 1.691370 9.732507 8.444224 4.430854 6.448883 13.935787 7.773207 9.922179 11.272593 9.515747 14.381037 14.661855 11.507363 7.633445 12.141314 6.556552 2.194856 8.395455 11.557736 9.268864 31.448920 17.950284 24.778454 53.988454 26.954986 7.720622 12.850524 13.334407 21.862009 27.205677 42.963818 127.473908 257.864360 75.066626 38.015674 26.964705 16.987653 21.753651 23.869650 15.429167 42.521558 78.803376 79.552496 47.176770 26.176513 17.559762 21.939562 10.572789 12.157288 27.190650 31.158944 15.973975 16.315273 37.170044 28.747642 13.026502 10.307771 7.747917 14.091200 12.876439 2.808715 2.385810 10.198272 15.651718 15.837528 15.189277 12.963690 8.454719 7.799304 12.514945 12.755929 7.084963 3.756177 6.273117 6.794070 5.243626 3.944526 5.836947 6.101338 9.836986 9.258446 6.566764 3.522885 3.943411
1.245184 1.858902 238.6690 0.000000 4.438712 3.177545 5.774395 6.448347 6.643530 8.161126 7.960341 7.093545 7.271742 5.892183 8.406653 14.827007 16.081729 7.129024 4.998066 7.945026 11.297537 8.392533 10.951104 5.177355 7.258668 8.864001 18.959144 12.805180 12.889300 13.434912 4.952197 15.216456 14.760315 11.160121 16.866691 11.850127 4.681445 16.431039 33.058181 27.088602 15.324853 23.436186 47.751467 35.339594 16.566629 16.662572 17.684372 19.019122 32.486428 47.833607 148.139184 229.312020 116.656319 68.442636 53.222221 41.579072 36.059486 27.554810 32.489944 80.844579 85.189774 21.233502 4.542221 7.040101 19.042590 22.421034 12.578172 20.815137 25.335689 22.574658 22.615241 25.935421 26.006569 24.172952 16.851770 8.236724 5.494246 6.412030 6.045418 5.570524 9.301290 17.110870 15.209923 11.256871 10.737959 12.563212 6.394041 4.397011 8.542387 5.238688 7.056808 7.029834 7.073247 4.711176 2.326694 3.239718 7.317978 10.015482 7.384297 6.775740 7.388109 5.969346 2.293518
1.292310 1.857234 249.4061 0.000000 4.964418 5.340784 1.853090 5.936866 5.058596 4.071446 7.260094 6.716647 10.569749 12.986095 4.749804 10.969964 17.627053 6.609526 1.697390 6.360114 5.996925 6.596924 9.645992 6.224357 6.324913 12.137969 15.859238 9.945081 10.287589 9.720260 10.641249 9.861582 13.163542 12.930529 10.107727 11.005612 12.179745 16.033778 16.293811 11.775717 10.876989 14.174314 22.013895 36.828952 44.127547 46.222274 46.253304 33.353490 22.857082 33.745284 52.934960 95.658196 187.915065 218.120176 89.610571 35.309397 51.133228 33.554275 16.062452 10.858660 55.771787 114.932964 52.287950 26.042559 28.394000 21.248328 18.451299 15.872739 9.468414 43.316867 11.872247 11.786788 23.498466 20.341841 11.785909 14.082619 7.915747 7.005139 12.886738 3.890035 11.015399 18.041955 21.045376 13.915488 10.323580 6.184049 3.623253 9.631868 6.181805 2.805298 3.711900 5.713257 7.978457 10.485102 10.090393 7.450588 6.005739 6.231330 5.409177 3.723276 4.924928 9.350897 8.691671
1.345560 1.866172 243.6816 0.000000 1.789604 0.913115 4.412343 1.898005 3.221616 3.598060 7.524354 7.753040 5.318212 6.694988 3.976975 7.970683 12.861244 2.023306 4.066137 13.624757 7.636062 6.410192 2.523126 8.681440 9.659565 5.391077 7.260964 8.206950 8.042054 8.779420 9.993138 11.798078 7.650985 6.101620 12.318422 8.578352 17.611521 8.591947 2.816661 8.631424 17.711294 18.780954 35.023367 38.495555 41.751906 30.030988 26.806821 16.726299 29.268764 40.649953 45.112096 155.789629 236.272536 62.945009 35.452388 37.748583 35.455212 28.900577 62.495660 86.187836 50.655042 19.997444 16.305420 21.309702 21.879168 13.007802 13.730785 32.195836 28.037612 7.851355 14.179185 24.395149 13.726787 8.067620 15.489011 15.200431 10.639732 8.055480 13.774757 17.037762 17.550377 12.415035 6.752372 11.389702 13.642286 5.924221 2.766349 1.959310 5.532216 7.300465 4.591997 11.509601 9.016001 5.473831 4.192521 5.950588 4.934091 4.110575 3.168913 5.944205 9.088638 4.300598 1.929962
1.391041 1.840842 239.1348 0.000000 2.119577 1.696726 3.770610 1.999530 3.847887 4.273271 6.567924 5.831189 5.639410 4.002676 4.103871 9.025289 9.591676 13.004463 13.027544 10.523515 8.335341 6.749008 9.388832 11.418053 8.467475 3.915346 1.856550 1.603398 3.113585 6.512001 15.251189 19.606744 8.579220 11.485049 9.719816 14.174428 10.932657 10.840179 7.749931 22.819715 12.328702 13.119923 24.896394 25.565476 37.971212 38.379730 33.660948 32.578194 28.944169 38.307583 110.457369 255.081447 62.241121 46.782485 50.077780 47.918345 64.782813 67.681923 55.126911 29.093821 8.687204 11.563144 19.913235 13.434839 10.858166 21.797604 35.290193 30.045891 23.376471 16.458051 24.475734 13.493066 14.267468 10.718547 5.984627 4.545811 16.778667 10.367908 21.284923 18.873660 8.156838 7.849112 8.252682 9.822932 5.758573 4.131008 3.279884 6.273682 9.558610 8.361098 16.909074 9.022195 6.776762 5.062102 3.610641 2.192399 3.856997 4.972875 6.195985 6.225228 5.336268 5.473510 5.510094
1.445640 1.835352 243.6413 0.000000 2.189471 1.663627 3.707620 0.905190 4.116126 2.554193 8.239226 1.301044 1.785305 5.122778 6.606148 3.239985 4.481490 18.421832 13.063710 8.028305 4.444929 5.461052 4.710978 6.350404 9.709408 11.824525 6.613584 6.503536 5.195364 3.338246 9.065388 15.467471 11.790080 7.407765 7.640869 7.616827 13.205040 12.440835 19.512461 12.334569 18.324653 18.153484 10.873680 15.536479 16.467791 41.849482 47.773147 35.571410 52.651802 47.496112 50.988417 153.303867 228.051549 118.005005 70.439650 40.690816 42.332339 76.254947 65.370781 27.937299 25.740257 16.644057 18.265455 21.499344 12.226584 13.467939 30.096850 24.857876 16.036613 21.210225 11.903952 18.323217 17.841555 13.729434 13.189142 4.521897 5.459111 12.827328 10.047984 10.467429 11.780632 13.804237 12.667910 7.090152 14.357856 9.844238 4.932730 3.364290 8.495854 6.944454 6.329953 14.778940 10.834664 8.734417 5.795752 2.176326 3.002115 5.661115 3.288219 5.510203 3.772594 4.847255 2.952129
1.496578 1.844037 248.8669 0.000000 4.814964 3.990797 5.713448 5.184582 1.281210 4.194497 7.142192 3.963724 4.198679 4.753444 5.401672 6.127674 7.371680 15.291456 14.988314 9.394587 7.572541 10.484249 9.756381 9.179944 7.470036 12.876761 5.447351 11.723779 17.085639 15.317545 16.236373 14.376299 9.219789 11.412676 15.308733 15.417373 21.523943 19.532073 20.585724 23.954640 27.427908 27.922626 11.573628 9.812717 15.137146 21.472884 22.009245 42.849579 54.284431 53.676245 51.214478 106.012888 206.444005 178.989893 74.583612 71.006090 88.928706 93.604353 51.944135 25.487429 14.056919 15.240740 21.098455 5.795484 6.409831 13.866425 29.670266 37.884518 14.789678 8.074792 12.470433 19.623563 11.570523 12.540421 16.033569 7.985176 10.024106 11.039672 9.970234 14.434114 13.501462 9.835850 10.266866 6.826237 11.642404 11.325794 6.193505 3.768613 6.041992 6.639445 7.380324 15.868198 10.677600 7.460114 4.461465 1.851791 2.757393 4.647016 3.668139 5.210656 4.723101 4.422452 4.226929
1.546048 1.833694 249.1302 0.000000 3.014483 2.758585 1.313312 3.949870 4.893691 3.893518 6.230703 6.823569 7.142376 7.579367 7.645944 6.229766 6.803721 18.423296 4.964326 3.635423 2.655778 2.937133 3.702050 2.470829 9.203283 10.941601 10.782252 13.989140 10.124376 16.603245 11.042779 10.476763 13.353981 8.255394 5.586603 8.745373 8.942787 14.801661 18.376738 15.455302 13.630025 17.843295 29.289613 31.148304 20.206361 30.216946 28.040950 34.705366 27.357793 38.874092 41.571933 78.639773 162.680389 215.995180 72.309729 101.008349 111.668445 65.502175 33.328326 22.156159 24.479438 10.973576 17.093555 12.588477 8.480664 13.762229 26.315854 45.708380 36.347098 25.431132 12.517682 10.480436 11.408434 12.960479 6.722350 5.994911 4.176760 11.005062 17.233230 15.552349 7.893476 8.241893 12.202703 7.148781 5.880109 8.081355 7.388944 4.840199 3.683826 6.012079 6.410205 14.396258 13.830836 3.359963 4.846124 6.176962 4.530486 2.102170 3.851657 2.931766 1.187765 3.015482 3.207200
1.591326 1.841409 247.7512 0.000000 3.150192 4.427041 2.707872 5.109848 1.697471 3.568634 6.220668 5.787087 5.687900 8.271685 7.179520 5.342535 9.309301 17.729284 5.280521 4.437098 1.646876 2.942856 4.247875 4.265007 6.660532 10.335153 12.191252 7.238713 10.962343 12.205469 13.856661 9.699753 3.640200 3.485769 4.698000 6.083306 11.194538 10.433818 12.072492 21.733575 16.644131 16.927920 27.143473 18.414881 17.070949 16.599847 14.357927 13.089373 29.003170 41.752402 36.113090 68.241793 203.498378 176.268897 95.549510 116.170352 93.660233 40.461008 12.453693 9.014503 17.610344 18.055319 9.803533 6.792056 18.462530 13.060287 33.740285 34.467912 32.419314 20.752874 14.583732 10.912317 14.754589 6.829771 6.689280 2.408781 5.714349 14.428603 15.507050 15.174040 5.247567 13.863738 10.633994 7.801167 8.169169 7.965084 7.601065 3.496945 2.149824 9.066484 4.033805 20.510924 3.248350 4.138850 2.119475 6.456722 4.729789 3.362347 6.890639 5.766560 7.248961 2.610383 1.584919
1.645713 1.773638 249.6699 0.000000 3.204671 3.285407 3.075783 5.085291 1.687136 3.982966 3.865265 3.735734 8.242760 3.801228 4.838953 7.162703 9.562304 18.890161 9.970300 5.444651 4.655266 5.850680 7.075937 5.968993 4.797076 1.893205 12.216464 6.280168 11.639657 6.886565 15.974444 8.283836 10.595699 6.181012 3.879330 5.058203 5.702220 5.693945 4.526046 11.202743 30.542485 20.453216 22.568258 12.912177 18.963911 10.558167 15.106845 19.428782 23.022912 44.047525 35.719305 78.846209 81.383429 237.577057 94.454135 161.559501 57.850774 31.243180 17.026073 6.524447 8.255179 13.386447 5.818198 9.664583 10.821471 17.315390 17.145460 37.683001 27.671865 34.061611 4.225137 5.869406 9.925553 11.269902 8.689214 3.226253 3.616492 7.367694 14.934235 16.646120 11.703580 10.859787 13.769263 11.015515 6.989651 6.395963 6.358601 4.686980 1.519302 3.254619 6.997296 9.154306 16.617172 3.915098 4.331134 6.282759 8.045225 3.197755 2.557436 4.078002 4.555392 6.273554 5.218852
1.697764 1.705277 249.6637 0.000000 3.112058 4.910305 3.101998 4.441976 0.831170 2.940982 2.905477 2.807350 6.917070 2.993864 3.838194 5.335138 10.102717 17.853555 11.291572 4.294988 5.790078 4.987488 7.920193 4.083524 5.817559 1.583333 10.064421 6.664557 12.318393 10.291659 17.086689 8.828219 10.424684 7.470446 6.295344 5.487318 3.497609 7.968924 6.647085 10.155186 27.811764 21.341971 25.699370 19.958536 27.157002 13.479183 18.133145 28.194477 18.155647 44.229710 27.269388 81.019128 69.286190 210.761798 79.291407 173.012408 53.785312 31.255405 21.561478 4.531847 6.561878 16.333419 4.804755 5.295490 15.978328 19.670632 21.093195 39.735092 21.562462 27.291547 2.642242 7.586268 7.486303 8.971659 10.287089 3.788975 4.062301 6.219316 15.789812 15.493906 11.483886 10.943097 15.073678 11.619898 6.655322 6.943881 6.968154 5.227736 1.755472 4.207496 8.360042 9.667364 14.974037 3.994273 3.902616 5.996933 7.974660 3.669483 2.722238 3.977379 4.461573 6.643726 5.110174
1.745689 1.610539 249.2672 0.000000 3.476580 6.924476 3.542519 3.277810 5.711413 4.225768 4.908643 5.663648 7.855356 2.513486 3.569975 8.313620 6.248125 12.497452 16.587107 7.174280 8.467910 8.276462 6.346312 7.735842 6.874583 3.125908 7.139927 6.467591 18.343723 5.531171 10.467883 9.904616 9.724601 5.416163 5.712552 5.556774 7.217764 4.775090 5.559101 7.801182 24.554684 18.643309 10.824479 11.244725 20.119904 7.958231 15.964913 12.942260 28.639228 27.921423 56.716668 76.200470 128.405778 191.906967 86.452577 132.468500 27.527154 13.032778 9.891032 9.508577 8.364919 13.874351 4.796932 10.267802 12.268202 13.856081 18.783025 28.204102 19.904796 24.631072 12.432343 9.421735 10.705736 9.979574 8.703635 2.991825 4.994550 10.429949 14.274066 16.023341 19.400322 9.246975 6.922526 10.258298 5.689086 5.995739 9.466181 7.984795 8.569656 6.429381 2.860088 8.913805 13.074614 8.442656 6.439134 7.203013 6.869344 5.613867 3.956624 4.639968 7.188314 6.754083 5.711050
1.790971 1.664257 250.0965 0.000000 4.664003 3.448383 4.061855 5.147689 5.102427 4.339553 5.906036 2.931370 5.932989 3.220437 9.244858 5.896906 8.794843 11.346782 14.082007 1.496899 9.798743 2.994300 7.099613 5.632644 11.953053 5.579184 8.697697 4.544657 23.383623 8.154201 12.724434 8.260058 8.756566 1.734693 0.506458 3.157321 7.473865 2.529253 7.755385 11.454886 13.221193 32.040393 13.495501 22.048679 2.633177 15.273730 23.149658 20.549890 45.266796 40.727581 53.454998 92.097907 68.963914 189.797606 128.082958 172.926190 65.148308 25.583202 5.211416 28.169270 18.640318 14.424103 2.744961 2.201699 12.588799 14.283320 18.932152 21.047306 45.506511 10.869152 12.060599 17.396566 18.296680 7.244843 8.190242 6.049961 8.971453 5.923558 15.845172 22.892773 22.095752 12.970262 5.999169 13.848086 7.387833 5.115372 6.457805 9.109434 6.915914 7.523910 8.800455 10.599828 9.058210 13.320916 10.374540 11.820592 1.966866 3.949610 7.163708 4.931651 6.917366 6.116296 6.246993
1.845676 1.731861 259.4721 0.000000 4.531763 2.261172 8.577037 3.836484 8.384955 4.011015 4.763960 6.338925 0.685457 7.181130 9.549387 7.430911 9.811244 16.214308 8.744121 9.469612 6.251854 4.359184 6.410896 5.629894 6.570770 4.072528 11.290869 9.121986 19.242671 5.455501 5.413541 14.004671 7.434623 8.178481 7.638700 10.236103 9.769698 4.047784 14.412352 18.025298 19.505914 26.102063 7.269146 11.079048 17.516945 20.646954 16.482570 5.924960 20.720823 37.407492 42.881033 36.107616 86.484096 145.850179 202.028873 181.638848 61.476036 42.379028 37.952828 35.208962 34.477067 18.339880 10.651254 5.875783 13.421643 15.740258 21.297481 24.269763 37.734599 12.244631 11.400846 8.966017 7.898152 10.484745 12.326997 5.885025 6.505035 11.075902 19.792181 13.972381 12.456411 12.144749 9.444699 8.687139 9.294247 7.087935 6.633309 8.228927 11.598509 4.031349 7.750598 12.633512 6.557040 5.704396 6.682732 9.533541 9.244088 6.619220 7.181314 2.860068 2.528521 3.162000 5.056706
1.897064 1.785175 248.0719 0.000000 4.458143 3.945578 9.708648 1.792775 5.923201 7.180991 5.108675 3.254471 2.231830 4.946848 7.074374 5.507074 10.286084 13.981497 2.358647 5.144028 6.127547 5.862452 4.830946 4.727458 3.036652 8.084407 7.459491 12.834450 12.262094 5.116924 17.852396 7.782451 5.869308 13.487149 6.955161 1.460542 9.148674 8.104239 8.824032 26.322967 26.240485 16.377315 3.465788 10.303103 19.213984 22.471426 16.684874 27.985466 21.050028 37.698655 50.489653 52.552022 164.758810 218.094411 131.118184 59.862373 16.726830 23.841877 20.679935 22.073538 24.142524 12.034176 20.883677 12.271492 13.579168 19.746743 48.761826 29.537662 14.292734 15.956251 8.536078 7.169854 8.701787 7.100019 10.872811 12.697767 12.486239 9.409276 9.719421 10.384425 14.028569 4.347479 2.693577 5.971139 8.143836 9.556101 10.555064 7.184140 11.050678 12.521670 11.702317 8.236258 5.040811 7.514171 5.112939 4.365160 3.648259 6.437951 4.088136 5.315596 7.466719 6.431101 17.439764
1.945472 1.871536 254.2198 0.000000 5.029124 4.442940 4.201124 8.593850 3.964509 3.329642 4.869482 5.012777 1.883875 3.108752 2.220887 9.159434 10.721795 24.989857 4.042784 4.363765 6.015919 5.649059 6.631275 4.332936 10.983874 8.953899 8.186413 7.467327 5.394533 16.609146 8.649488 19.026252 14.151637 13.823099 18.427451 12.936005 12.028162 10.290326 4.925063 15.268489 32.894398 6.546818 16.708221 20.289051 13.533307 23.964723 20.499024 14.244443 26.808514 36.751689 40.785226 29.688907 43.052460 125.984848 236.450250 177.859685 111.694231 58.717840 43.957704 39.136871 19.010813 37.537264 28.158273 17.874192 21.427248 13.704167 30.703952 30.804596 38.316529 35.124593 19.921911 10.526119 7.907266 11.848328 4.199793 10.215189 11.535022 11.084673 6.501650 7.361747 10.802029 7.193038 15.171576 16.361341 9.051134 8.128279 8.151874 5.042217 2.664875 4.633250 13.008051 12.992597 7.409661 6.771883 5.110872 5.413861 8.589403 7.550720 1.919677 6.326550 6.730518 4.524923 9.768515
1.995916 1.831234 258.1458 0.000000 3.859216 3.099685 7.339029 11.536123 5.673662 6.274215 2.439954 4.776906 5.634698 1.813435 1.123354 6.375974 4.249720 21.224358 5.857057 5.542956 1.899829 3.573990 4.156836 5.884216 7.974883 6.021787 4.391089 16.931918 9.636672 5.003062 13.704073 19.348550 8.226627 8.228183 20.564268 9.644371 10.027217 9.324671 3.189384 11.310650 24.525682 24.290705 24.549492 23.167787 33.416956 21.764027 8.483563 11.348767 19.211364 38.869920 47.248577 34.976127 58.110582 89.317262 206.562444 195.548398 54.768175 43.007158 44.038209 34.254133 25.829812 21.092460 14.776362 12.102296 14.917567 17.275377 12.690897 7.533293 43.262739 27.754430 11.233538 13.040886 6.332706 10.747982 14.330767 11.211506 16.072299 15.785964 5.468215 6.423942 13.111456 6.807582 15.489069 10.898025 7.698697 3.021804 2.622485 9.854293 11.263782 6.304180 11.259275 8.235716 13.118415 8.000943 3.698813 4.764425 9.629274 3.899829 3.468016 10.736558 6.411438 9.725463 7.032573
2.045665 1.838407 259.1940 0.000000 3.340059 2.448412 1.480330 5.695095 4.753933 2.948460 6.251982 4.424425 1.928268 3.853611 2.566645 3.144516 6.057372 22.624920 2.525616 5.780807 2.969391 1.421715 5.569517 4.169277 14.205467 7.331015 7.633863 10.332860 6.603997 5.425206 9.590577 16.832463 9.021712 16.120422 19.059619 7.099852 14.526321 7.555571 5.858995 9.342343 9.186298 28.255858 10.285620 10.966982 15.730356 8.272632 16.076455 19.602000 24.969125 29.520646 44.802659 24.520595 3.972231 18.072631 122.405161 275.046594 29.878611 10.441008 7.952882 6.905417 6.612706 7.310364 17.309881 18.310752 22.763643 6.915544 9.371493 7.508821 25.283494 40.762923 5.131110 14.197270 10.491056 8.552701 14.704079 10.491776 10.487067 7.720149 9.926986 9.084216 8.671755 9.897194 13.582547 12.219367 7.828226 10.047044 7.582860 7.397377 8.863034 8.656836 8.714798 3.010560 8.341333 10.465652 3.488875 5.698851 7.052442 5.561587 7.617211 9.074322 7.091551 9.901952 9.062576
2.097873 1.836069 256.0491 0.000000 2.871559 2.515431 2.922525 4.967349 4.847450 3.962791 2.748318 1.466774 4.204121 7.965838 5.490263 3.238457 8.867351 16.483160 5.409212 5.962711 5.373583 5.724537 6.477921 5.878721 5.528268 10.280991 13.170627 8.096514 7.960021 7.891793 15.671409 14.396079 8.973662 14.905714 18.609236 11.280303 15.932115 19.656372 14.905469 10.327351 27.045340 27.881078 17.677504 22.716613 16.102631 22.358867 20.788987 33.457777 51.140038 36.658328 32.264545 26.671189 32.504230 50.072050 298.911750 115.357338 57.079803 50.169498 31.327681 11.554897 16.204925 38.106099 27.405196 21.571466 23.957653 25.813144 9.146359 13.064349 49.517790 9.792394 4.107226 4.368912 5.895699 13.922806 5.535759 8.245832 9.952594 13.961874 10.624943 9.296826 8.216408 12.820537 12.795186 8.377329 9.321592 6.141730 8.314967 12.171630 9.201374 5.235461 3.778360 9.541609 8.650532 4.557163 8.203271 5.910381 5.837551 5.060164 5.665688 12.169950 10.652206 6.113627 2.440834
2.145468 1.834080 259.4006 0.000000 7.288230 7.839473 4.085643 5.591010 8.235087 7.817913 12.745677 7.357571 3.969562 11.121518 8.410054 17.106952 17.609708 8.514431 8.847838 9.150470 9.544536 6.608120 10.684890 8.217756 12.610966 14.788768 5.418850 11.380506 4.353623 14.827411 12.673795 21.190914 10.760824 7.032735 20.240741 24.739506 19.003547 10.308449 8.673661 10.003359 21.247210 9.506809 5.532703 17.334858 29.946259 27.442060 38.146154 35.742574 44.233908 53.225494 23.887663 24.039828 34.591070 52.526786 129.922611 236.413447 176.977277 74.870865 37.705793 32.554733 16.916484 21.004211 17.802168 34.387608 24.360226 12.756675 15.279286 20.349047 30.260361 48.428509 22.732409 10.698168 14.803842 15.897309 15.107569 11.992509 9.315170 11.365691 14.174537 5.369613 4.877397 4.498261 12.055896 11.173776 7.247763 8.234055 8.263470 8.115054 13.419480 9.465436 6.029464 3.191439 6.431800 11.231502 6.140133 8.354133 8.841858 4.505591 5.276710 7.887794 12.768809 12.263834 3.801660
2.198370 1.836665 265.9776 0.000000 2.359830 2.855777 3.805501 7.066658 5.140009 6.562575 5.596041 6.356825 6.334692 5.356052 3.096990 12.657976 12.067689 3.146882 11.456201 11.105449 3.236228 5.463614 14.340376 12.195440 19.027571 9.499761 13.427123 17.563100 5.998268 5.259623 6.395006 12.511911 9.270366 17.858470 3.473543 22.469504 29.499689 17.028387 12.418132 10.461558 16.061407 19.662813 6.633955 15.741605 23.671940 19.550752 11.497951 45.132270 50.451335 51.888092 17.596981 19.564124 29.794151 39.213620 57.603403 123.789772 291.732211 99.796005 53.860039 29.898286 12.241095 12.435256 29.931423 22.831489 19.270479 15.005539 17.117216 14.581687 48.039767 29.311996 13.705183 13.356358 12.376292 5.796668 2.746570 19.930678 12.559855 18.307532 13.075447 8.779953 15.587094 9.918890 9.720855 10.846432 3.621619 12.822038 15.803544 8.181837 19.957242 13.581111 10.564813 5.866533 1.276010 9.997803 10.975358 3.775285 5.452359 11.709268 11.515765 4.459414 13.507940 13.455718 7.770255
2.245502 1.824174 263.8454 0.000000 6.689457 6.682500 4.833790 5.803502 6.376842 1.831405 1.737710 8.443643 12.410585 13.093058 10.186859 14.692170 9.408999 10.465827 3.162292 5.333428 1.570323 5.338919 8.053784 18.439392 8.066547 4.502869 14.169716 9.152026 12.031306 9.562212 7.106172 3.670697 7.108418 8.494784 19.713276 30.625282 19.419583 13.097625 14.682385 6.370831 10.182815 5.911688 12.274572 11.041092 15.878125 29.973772 48.914344 62.318068 29.720192 17.272002 8.977184 10.306556 11.138959 10.448233 25.315810 155.051885 245.385880 36.426980 6.394995 8.203722 10.414119 9.909637 8.291431 20.704412 15.191344 8.160238 14.000715 36.371458 45.378047 12.299051 4.301913 6.601979 8.817015 10.046958 13.057875 11.284886 9.324509 13.659811 12.525030 8.876686 5.885310 5.484203 5.929404 8.044213 9.645740 12.907792 9.844454 11.419495 15.101794 11.295632 5.657776 4.027256 4.872595 4.340848 7.439766 12.284603 9.818534 7.470189 5.162463 12.709520 13.737667 5.833036 2.604341
2.296517 1.830473 261.0033 0.000000 2.410962 2.453555 5.239415 4.997538 3.393826 4.603058 2.826495 5.526055 6.643636 19.060098 21.555630 9.395642 8.397044 5.657862 4.891325 3.918755 7.982350 12.558329 7.691686 7.291931 8.712086 10.940575 10.996210 9.548868 8.216818 12.310188 15.843226 14.065025 17.439217 11.692911 17.133812 19.184736 12.012410 14.998765 14.300458 19.350773 14.551646 8.399566 7.979124 16.588334 27.291946 46.392609 62.002812 37.730143 18.482893 20.031780 27.529649 18.096193 27.959624 56.713893 88.875793 283.599775 134.323741 61.776667 39.984007 14.538993 15.786673 5.927146 15.706983 18.384170 15.872049 23.012885 45.846125 33.102438 21.838165 24.839842 11.501008 12.956802 18.686557 18.982494 11.636549 5.005925 13.898043 13.165509 9.227983 4.363377 4.999724 11.750068 10.837931 11.092452 12.159730 9.601894 8.766843 10.911924 6.084040 1.996338 4.090686 7.997385 12.022782 8.320072 12.026431 11.036370 5.521060 7.861830 13.019934 11.079692 7.132347 7.438384 4.130316
2.345718 1.823112 264.4332 0.000000 2.807223 4.189513 0.389072 1.605003 3.854570 7.694564 4.400215 0.599622 5.021347 18.985108 13.325043 4.780287 4.593157 6.704458 3.653895 6.885540 9.859626 9.382754 8.153798 5.988195 8.678921 10.799111 6.296397 4.972857 13.490230 14.270082 8.867658 8.237169 6.864414 12.022937 18.873857 14.379626 13.485916 13.697175 15.912322 18.948343 8.813341 6.211314 14.818219 9.843369 11.659155 85.615247 35.525419 11.823492 15.961449 28.674025 14.229322 24.645760 51.182365 50.515090 117.009153 211.121091 200.595569 78.181558 48.289084 26.001606 29.062014 28.559532 22.398488 15.398774 12.399870 42.186558 45.022029 16.751369 13.358018 8.667931 10.629830 15.318285 12.572692 6.595074 5.834192 16.340728 9.170002 9.891744 12.834507 4.873701 6.949381 15.021435 9.542438 11.804144 12.687560 6.081531 9.488637 14.606950 8.730988 4.093043 4.051485 9.694766 5.913519 7.231278 13.624404 3.882144 12.732018 13.826722 8.435572 4.404220 9.395793 3.992054 4.394921
2.400800 1.820015 259.7419 0.000000 4.474357 5.446872 1.146403 3.427045 2.892472 4.936091 3.846669 2.768821 6.766747 13.501239 19.768816 11.468147 7.607988 6.419579 5.102667 9.268338 7.556429 9.169050 8.811335 9.428841 10.353698 7.374269 8.200846 6.319658 12.059924 18.281281 9.610822 5.807882 8.334632 4.375515 3.879364 10.402324 10.529394 5.055134 8.557168 22.555474 19.261819 13.196586 7.776762 11.930412 32.286955 52.938758 26.435374 16.239497 11.391831 9.442338 28.249887 33.112378 42.959913 42.747799 127.530645 227.422699 177.861498 74.065203 68.113566 47.079844 22.688357 17.817339 39.425813 19.382978 15.528096 43.453001 54.139155 11.875846 11.659019 14.597575 5.489212 11.547475 13.563711 5.487283 6.785452 14.827397 14.163596 18.486669 19.879404 9.506657 11.750509 12.019082 13.009336 7.300664 4.622646 9.502912 11.871134 9.949922 4.913204 12.080400 4.365849 10.110973 10.758553 1.972244 8.889757 5.023131 1.383843 6.900043 14.028901 3.876733 7.958334 5.760244 8.024581
2.449076 1.834174 262.3467 0.000000 4.170130 3.942868 4.207667 2.083374 4.335601 5.794274 10.090719 8.432241 4.515885 7.686741 13.371382 6.578518 6.806276 3.836066 3.913550 7.189088 8.122921 10.121410 15.868312 11.919575 6.611873 6.725493 5.212565 10.916952 18.930532 11.533667 12.924016 9.504453 4.138557 6.542551 5.369001 17.644868 24.304034 24.975332 27.307580 17.708438 17.212998 16.767543 40.731548 42.680354 23.116730 30.457623 12.416567 4.757417 12.465716 19.302550 11.004791 17.382455 37.736989 42.647498 122.275837 217.560830 194.379977 95.890893 46.923277 19.782403 21.953910 22.699432 20.068032 26.523789 15.824668 47.119559 35.232445 16.008452 18.499079 5.584682 3.751322 13.440612 15.454978 12.553491 5.684741 13.536323 12.250883 12.336592 18.481932 9.403223 12.453923 17.222097 13.771857 6.144026 4.576022 5.715414 9.253732 6.840485 7.262435 10.050707 12.841533 12.613901 9.039051 4.757604 6.553094 11.297885 17.194337 8.795956 1.849681 8.169843 3.759545 5.265648 3.266223
2.499930 1.820931 269.0309 0.000000 2.014857 3.451442 2.040338 2.618062 6.106718 6.812188 9.991157 11.460381 1.649116 5.333556 8.610452 5.304511 5.660670 4.546785 2.700660 2.075018 8.631063 2.572234 10.748787 9.112029 1.073455 6.397003 9.679929 6.519347 2.716519 8.901655 17.152018 11.569717 5.378614 8.777839 10.387538 15.354733 15.984771 12.757738 22.028752 18.561231 14.107746 10.061526 21.879573 42.502569 33.245552 13.494698 16.629852 11.707375 12.741336 5.078344 16.159012 20.080374 17.826597 16.446638 42.923638 87.110475 181.090255 241.237793 133.564500 25.333142 18.041671 16.001982 18.397374 19.368076 26.016311 35.266431 34.821591 29.708324 22.635887 18.320683 8.521327 7.313545 11.251031 9.296147 9.199388 10.634398 9.463319 8.563239 10.676923 14.808889 14.643806 9.586677 5.182487 8.926322 15.941863 11.720425 5.616818 12.537862 11.885894 6.899755 8.854881 10.683011 10.751186 5.048564 2.426201 3.396832 5.542640 8.920038 11.096394 7.912705 6.518017 5.808060 5.101745
2.550911 1.809885 271.6959 0.000000 2.214176 4.136484 4.515753 6.351410 7.645497 6.711566 12.769985 6.319869 5.126379 7.087782 6.525732 5.293126 6.271405 10.562901 7.076497 8.614428 16.407741 15.019626 17.781446 7.546667 6.131043 6.061422 4.748948 11.428094 12.956307 12.503961 17.490870 19.786379 14.503051 10.490078 12.996846 17.429619 11.410753 19.870715 17.683273 8.934754 20.524901 30.458589 46.169312 40.714203 27.438177 16.692826 14.499032 24.676478 15.646097 14.141205 17.765958 28.988189 31.430208 34.219531 46.501040 87.581658 190.080697 225.799707 88.704283 44.714650 32.650646 31.059596 32.943172 25.067096 27.754334 46.034879 43.997166 8.780266 13.700784 6.684099 9.077542 11.857339 13.306947 18.258536 11.229366 8.520761 21.434997 4.920283 6.057390 12.163667 16.019467 7.329214 7.447786 13.900430 19.236000 2.298067 4.431252 15.371888 9.116869 7.329199 10.411158 11.066498 7.134979 6.732349 8.342851 8.709881 12.174704 12.517905 8.373550 6.246365 6.522721 3.873611 1.497930
2.600895 1.812385 272.7862 0.000000 9.367564 3.965515 4.761306 5.042935 1.754576 10.931404 15.616380 8.401270 5.208594 4.887549 4.659885 6.979776 5.252310 12.288363 12.269144 11.375739 12.358355 11.406867 16.157009 15.230513 11.314021 8.277659 6.553914 4.840038 8.000902 13.107896 14.168317 9.100400 18.069710 18.415418 5.987903 16.309855 17.396233 16.961532 27.546894 24.621453 32.444843 48.966084 50.064025 38.872207 20.677860 18.492278 9.450949 13.284562 21.490447 11.754420 17.549100 17.932571 14.405356 20.814605 31.438629 38.483573 109.698372 222.870803 178.488512 69.523089 34.397527 34.594944 17.192189 9.172571 30.966640 48.901224 33.638420 17.852094 10.451689 8.315301 12.340603 16.561435 9.139041 16.243174 15.678152 11.541163 15.012245 12.573675 15.933230 7.678808 7.804869 7.503786 7.949475 12.465561 18.279965 4.565255 6.390573 10.975336 12.845624 3.983692 11.251432 14.793598 4.910667 4.785250 2.806900 15.553640 17.583265 12.500084 11.532951 1.401545 1.998966 5.254493 7.536391
2.650878 1.804821 274.1351 0.000000 9.765137 3.840515 6.484794 1.062794 6.562278 3.215074 9.695101 8.248572 7.847806 8.535597 4.602485 4.771385 3.389341 11.989547 4.768999 14.624453 10.264531 15.622464 7.461117 14.925269 14.566332 5.765243 6.807719 5.011430 6.060304 8.120049 14.640546 4.084466 12.508218 20.886351 12.177651 16.628130 16.185238 12.100731 9.409078 12.575938 32.152292 55.670212 41.227555 22.759322 10.273406 6.386786 19.955446 15.891730 13.180161 21.174664 17.463347 20.438503 39.010122 37.066969 44.013364 64.859833 81.606065 155.924925 234.784558 56.283978 23.507528 29.078283 31.298127 17.368489 24.635560 43.839102 41.752467 30.438487 16.345911 19.114602 20.201534 14.853815 10.494768 9.084964 14.210864 12.230494 16.341923 11.000798 13.586007 6.195709 10.985542 5.932558 6.006368 8.196384 7.120099 7.877727 6.985418 12.009231 15.322663 10.562305 5.462058 9.919616 12.249675 4.204963 2.299320 9.024067 15.001144 10.562459 5.559619 4.413000 3.703555 2.461988 7.736492
2.700925 1.805858 274.0240 0.000000 7.405994 6.265588 5.068543 2.378690 8.542566 4.686629 13.733944 7.102153 5.150101 3.023615 7.720265 13.227051 7.971516 7.526486 7.598534 11.529257 16.682357 15.450314 4.016498 5.152471 3.916148 16.363964 9.261468 6.675305 16.563567 9.767016 16.149525 6.465146 8.289878 24.051054 12.726811 9.161700 5.682308 15.286975 27.933437 26.213788 36.207330 51.268131 32.261004 10.986716 11.654670 13.857198 12.379786 12.705091 28.114339 26.915100 22.784614 16.200367 13.585740 21.567870 21.123645 27.372139 75.420020 157.920686 236.393871 63.585381 42.119385 17.080257 30.344069 21.106424 20.308106 28.653913 26.281523 15.439386 19.446707 30.324568 27.315043 3.972474 5.794815 14.087668 19.759085 25.506926 21.170555 14.325176 17.572953 7.763042 4.986873 7.055366 13.693584 13.220185 9.972852 9.220719 6.957549 5.463937 2.179455 6.240196 9.473575 9.055288 14.122479 11.889603 8.253510 9.830872 14.232921 13.738284 8.137917 5.618873 5.709790 5.900524 8.007504
2.750917 1.814603 274.0959 0.000000 6.237270 1.377167 1.016941 2.724481 7.381778 3.297283 15.862463 1.673641 12.923936 8.354081 14.204979 5.679736 11.822454 2.650732 4.642550 7.970982 11.677807 11.204212 10.507599 3.594694 7.275336 11.675183 6.110490 9.918934 11.499864 11.305644 18.709158 6.528056 5.328770 16.843878 11.192634 9.478402 11.557672 6.499179 14.664029 36.784295 49.302871 32.965699 17.410802 4.487322 7.119446 11.941477 6.656458 12.285128 20.502253 15.368525 11.001070 17.749567 7.945970 10.420489 13.771583 32.494607 49.799484 165.375298 256.959354 82.439745 26.725711 30.267733 23.636094 13.679048 16.791396 41.909224 29.145046 16.228124 26.468418 26.098645 17.534673 9.238101 6.544269 8.472124 9.394885 14.763493 16.345629 9.016524 8.326548 5.035584 6.857873 8.344288 10.326747 8.727255 8.761224 9.058100 3.206550 4.431839 4.710427 6.045883 6.548167 5.355223 12.857089 11.296867 10.834810 11.979484 6.733706 7.579142 4.799044 1.951499 4.687991 7.933904 8.675305
2.800982 1.811785 273.3998 0.000000 9.081118 5.978546 5.864084 4.634344 10.140087 9.758623 13.138930 5.639215 10.613636 11.844083 10.785227 8.332062 9.413407 5.673619 5.264220 7.594254 3.175581 8.009046 4.305764 6.465829 10.161279 8.862650 10.575345 8.327651 9.198754 12.165158 7.754633 8.725147 12.060197 12.826403 9.820033 10.500462 14.173386 7.816862 26.571960 49.905542 17.236103 8.650361 8.867485 12.160091 13.716533 13.209390 7.836157 6.607320 17.117976 27.045798 21.005954 24.335518 20.677156 25.182470 32.452387 42.929453 93.379647 195.732453 212.437276 125.644623 63.540145 34.883021 36.265762 41.256314 28.207729 21.863903 19.021766 21.201657 24.450256 23.090329 15.635788 10.582397 5.514806 8.825581 13.139623 11.938476 7.291865 10.362022 8.390155 7.927736 5.669001 8.266693 8.936692 10.564277 16.714523 13.448324 9.039448 7.315780 5.307655 7.422678 7.853136 8.101044 12.223607 14.011465 11.121948 4.634435 4.630871 7.301888 7.869453 5.526380 4.560366 3.659939 5.416577
2.850913 1.817160 279.1633 0.000000 4.336828 9.626314 8.553418 2.195610 6.968299 5.356650 8.628545 11.323428 6.172497 17.552322 8.882558 6.112200 7.498221 6.555936 2.639746 10.022496 3.957599 6.455068 4.529901 5.816965 14.208623 6.108857 11.397145 9.718952 4.977143 12.107827 8.127438 3.856939 9.375739 13.574502 7.916203 4.274992 4.703765 7.726673 26.020917 50.210126 21.534136 12.132966 10.749423 16.295327 15.164061 18.622758 13.804008 22.604171 28.208846 19.093219 22.023411 25.816359 22.907031 20.810280 41.998704 32.485264 48.525945 71.243171 156.787874 251.696194 80.978219 32.230812 20.485131 28.287883 38.775931 39.665707 17.833842 14.238419 17.424118 26.186026 14.703047 14.141053 18.730288 20.645289 19.200186 14.847153 9.002473 12.715850 9.125394 7.120703 8.024399 6.809891 6.755902 9.606660 16.287578 12.938269 11.154375 10.764368 8.521048 5.153806 6.105363 4.667358 2.921101 3.830215 8.635038 10.694617 8.298171 9.508038 10.797612 9.477597 7.838127 7.740990 5.196461
2.901469 1.819018 279.1363 0.000000 4.792821 10.327420 1.477298 10.371125 4.200582 2.431009 5.786450 11.117191 7.556068 12.408334 8.377568 5.632366 9.047268 1.898980 6.338544 5.210357 3.760456 9.226455 5.069595 6.609791 12.987067 5.861052 9.374348 3.168728 7.959323 1.496259 3.286130 8.887066 10.427546 15.269598 8.368032 9.172954 21.578628 36.560481 47.837946 24.216422 7.077015 11.534156 10.965084 13.759211 8.562789 19.465494 12.963938 12.579963 28.172030 19.627735 12.130733 15.582932 21.640109 16.060078 33.137870 35.564730 35.400610 45.089362 144.225531 259.626851 97.203627 52.783805 33.176172 34.842301 47.963520 25.624170 13.948501 11.581547 12.582478 21.662967 6.895135 8.541272 7.947963 12.006257 16.846444 11.211692 4.549314 2.837975 11.105235 16.119800 11.554115 12.048765 13.737466 10.682044 10.042508 13.322974 9.950144 5.492489 5.890037 5.292133 8.813794 8.708460 8.056977 11.553737 9.567269 3.126329 3.227362 5.917109 8.433311 5.917823 1.401482 6.102587 10.073813
2.950892 1.823085 279.2009 0.000000 8.762514 3.852646 5.742325 12.296140 4.416809 4.696047 7.376299 10.499374 12.130418 5.558944 4.430171 4.868064 7.231197 5.015864 7.532720 4.429610 4.292382 15.979158 2.733295 8.603361 17.379473 5.783717 10.278602 3.034755 7.563719 6.772938 6.621800 6.176554 14.829308 20.159102 15.487734 20.447770 35.152756 33.563115 33.856093 13.501057 13.880469 12.224921 10.662587 11.592967 9.969116 16.414854 3.211533 11.983576 29.802139 21.100586 20.711374 17.358909 23.733245 16.904730 40.754300 38.965197 38.075751 69.969151 146.221502 240.109531 159.376637 52.653614 39.146463 45.136089 43.129042 13.878988 25.427443 24.754544 14.692807 12.382587 25.552736 18.942618 5.107965 8.644251 14.707907 10.769979 17.689393 15.095697 13.241496 15.211981 12.773681 9.792400 11.682322 11.820290 5.994020 13.359772 11.323128 8.429014 9.150020 3.852795 3.067610 5.336276 7.893542 10.431613 7.803699 1.142370 4.056766 6.259216 4.957988 4.484003 5.107232 8.408253 10.593018
3.000976 1.821144 279.4037 0.000000 4.076469 11.857822 7.650978 8.810128 8.964909 5.688138 9.477236 12.011052 11.579465 4.556108 7.559444 6.017200 4.116039 6.303202 7.264534 7.120802 9.862828 6.978861 10.624192 13.860222 13.121925 7.121838 5.669505 4.373506 5.326415 6.879860 8.561505 19.300858 17.577433 13.352643 16.410844 31.843343 40.465549 24.455929 9.952909 10.583097 15.711057 9.137492 6.549181 18.170483 8.075859 9.312278 6.546345 24.704827 18.661304 5.728004 4.474241 13.547877 30.146574 16.802322 30.328438 37.150968 55.782248 80.656349 195.561870 232.423006 75.661796 43.096445 51.840393 61.737804 26.838491 18.337391 34.339699 23.631764 11.001874 14.919130 18.074482 12.746443 14.918329 10.667741 14.060401 13.263658 12.287153 10.656679 8.786142 5.455920 4.951473 9.926401 9.210323 2.843641 8.410351 10.698896 10.570968 6.373202 7.562808 2.229217 3.887654 15.159166 4.142849 7.821652 4.884078 9.158189 5.788407 1.182648 9.169289 7.517815 9.224619 7.329821 4.975043
3.050860 1.806863 280.0064 0.000000 3.967166 4.605801 7.429010 12.406173 11.113018 4.709987 4.738699 6.905657 6.504462 8.382889 7.425925 9.587290 8.934954 5.503895 5.909239 10.721732 9.722242 13.667125 11.521867 13.858648 11.752645 3.884642 5.161808 4.161961 3.700210 8.108324 16.585099 11.367946 11.858352 32.850558 40.982620 30.172890 35.409496 28.847972 23.428156 8.961613 7.887000 5.601383 2.875168 17.498126 22.390777 16.674313 4.012370 12.171448 12.421653 21.777774 16.272982 21.113603 25.226264 37.603525 14.477742 21.775180 35.795061 94.239253 194.574241 226.459275 53.482901 72.795677 52.767910 58.628347 13.581840 20.291933 29.311058 16.992539 21.928127 28.397399 32.728976 13.190973 9.310036 10.841968 17.730427 21.159781 7.436995 6.109379 11.454559 10.936017 4.229436 8.223130 11.777164 6.371480 6.178745 11.223446 8.801295 15.480012 11.002189 8.328465 8.228350 12.826195 5.689520 12.502524 11.890387 5.625991 4.230192 5.076887 13.095164 14.766150 8.664793 2.819929 9.075462
3.104840 1.818882 284.0870 0.000000 2.186980 5.028808 4.503770 15.298839 7.800028 3.590641 2.488423 4.675570 11.157429 5.378380 6.750931 3.931075 3.172422 6.411699 7.297856 10.698037 6.185674 4.961413 6.340013 14.527471 14.938551 3.803416 2.709659 4.157145 6.842828 11.692193 10.448465 17.141478 5.919556 18.935918 42.486748 47.155035 17.619249 18.847431 3.954744 6.410557 10.785611 2.742941 6.534538 10.064495 12.401591 5.806526 7.444030 5.157967 9.040921 8.137971 6.930059 9.653111 15.977229 14.796186 16.361612 15.407823 29.657876 40.638627 52.091000 176.947006 249.568039 118.834048 65.246828 27.193950 28.334457 23.220398 11.307232 20.763977 22.181638 20.934648 17.511631 15.925914 8.953253 15.741081 12.017786 12.469601 11.528185 4.708255 5.251645 8.734763 8.670612 7.791094 7.450761 5.677882 5.312306 5.966255 11.605152 9.657827 6.953918 11.723864 12.724306 10.884213 8.910998 11.042516 13.460475 9.545652 4.764051 2.953418 5.525032 7.377051 6.684441 7.736731 7.032119
3.153824 1.800090 284.0965 0.000000 5.736893 8.296665 5.233843 11.680520 12.341260 4.789554 1.282941 3.529486 7.896703 9.077043 5.201877 11.412511 6.386836 7.641294 8.142164 6.176503 10.859424 2.798759 11.448776 15.442904 22.513540 4.144625 9.585881 10.692393 14.624530 6.327551 23.073942 20.136385 37.790841 36.137212 70.405301 17.613413 11.135511 16.724902 14.290619 12.930586 5.829119 12.718229 12.188397 13.437271 9.130684 12.734047 13.767463 19.731446 20.203526 11.129622 11.447672 4.679062 17.024248 23.274644 11.521923 17.748636 36.037589 27.547910 89.664255 165.730447 225.540470 120.832858 52.458474 16.578177 29.951321 34.246823 21.165179 19.220526 17.472794 16.737878 22.380439 19.421807 20.460158 23.990026 16.689028 10.532874 10.068815 6.757487 3.771479 9.321746 12.912404 10.824697 12.664552 6.581668 7.759513 7.906804 12.525981 14.449851 17.144362 13.118345 15.871965 19.129636 7.742077 10.067354 15.278813 8.430881 5.873197 6.321031 7.494844 5.679245 7.300702 7.647289 5.908197
3.200994 1.791335 288.2858 0.000000 17.547649 17.439679 8.102112 13.433344 11.858016 4.655966 10.079253 10.571129 7.375984 5.676585 10.259347 10.202712 8.986896 11.616204 13.741622 12.821148 12.614381 8.097938 19.507942 5.846298 11.954201 9.960278 11.629689 3.735806 13.601907 11.453941 23.795922 19.070114 47.631774 45.505942 51.925514 13.445639 17.116822 13.101232 12.467995 14.892580 10.605139 11.822541 13.914547 14.647612 15.300225 19.479046 16.746050 14.359972 20.539263 10.601385 15.905653 18.668690 21.285140 31.103810 34.005885 36.943135 44.506879 40.053434 53.977634 98.165311 200.003906 176.459230 53.411917 49.098735 28.540054 19.767153 27.240689 21.111173 12.056551 15.278781 15.722626 11.837160 16.588011 14.504191 13.267255 13.150204 8.920669 8.400124 9.076045 11.244137 9.662541 14.284452 8.580242 7.364382 4.874301 4.429351 11.612567 14.430621 16.095151 13.785698 21.760107 16.994395 8.085622 12.986775 13.904223 8.293320 8.560369 8.285563 9.341561 5.429548 13.072296 7.961862 5.547554
3.250871 1.791144 290.3547 0.000000 15.604911 10.204830 1.538671 5.694473 6.338417 7.216007 5.153064 8.992317 4.866297 2.180449 11.791137 5.693860 7.630912 9.533286 2.513132 8.509654 6.272182 6.832062 11.311719 12.543281 11.235508 8.469804 11.520419 5.233321 18.103764 9.115763 24.022344 20.955905 32.430625 54.906236 43.970172 18.359453 7.135437 15.082873 12.017472 5.088050 14.640520 12.320707 7.185585 10.421409 2.712306 10.152591 6.176634 15.831997 17.598753 10.184898 14.336592 8.173440 5.185549 5.762211 7.683613 25.301831 25.269598 21.490464 48.994197 16.002373 55.095267 320.537315 63.654016 36.190931 41.676146 28.569459 30.638014 32.634778 11.870693 5.806829 15.186291 13.206272 13.774740 10.943595 15.530503 14.569256 5.542054 8.770827 10.140961 11.771431 7.122765 14.441946 10.202208 4.511864 7.526604 5.352750 7.324378 10.329557 14.208346 9.130244 24.186391 15.622336 14.570860 9.756421 6.948508 3.543660 2.008570 7.811979 3.481948 7.434342 5.783670 7.539163 5.014651
3.305402 1.776823 282.6478 0.000000 18.609513 8.607210 5.748133 3.452952 7.948554 7.380975 6.812181 9.440234 7.784973 6.790197 12.729464 7.111078 2.838350 4.350967 5.448306 7.524652 6.718888 9.219116 12.098796 12.142399 14.797761 8.499537 7.506738 9.480031 12.233290 24.794046 39.441676 56.235215 53.031587 31.311249 29.346237 19.446433 12.246036 1.519854 13.135652 14.946482 6.277156 8.667884 6.937880 7.706478 2.946217 12.307130 17.126576 11.302836 19.382782 16.378821 5.672621 10.186058 12.128110 9.431114 9.377314 24.401951 45.520312 46.442731 36.027311 196.928223 131.946090 46.472637 40.136503 25.804301 33.547895 27.807436 16.004204 10.031473 17.572784 9.437760 15.333826 20.069683 12.441407 8.859125 7.481373 7.997438 13.567655 12.070220 10.596283 11.836230 6.234242 9.361282 7.429829 9.163796 12.093456 14.010443 11.118442 14.917628 25.379017 12.731352 12.657737 15.127210 11.718404 6.345415 4.832152 6.723078 7.056597 5.061953 5.297121 3.954496 3.162959 2.298068 4.655953
3.352958 1.791717 288.8823 0.000000 15.037910 8.452497 5.657862 5.902246 5.504497 6.257128 9.342155 5.306888 8.790879 7.142366 6.620008 9.797411 3.908021 6.323887 5.320071 7.810504 4.787821 5.642096 9.185892 10.578730 14.790837 7.717359 6.046605 9.934209 16.366767 14.178358 38.330987 54.105607 17.549801 20.861575 27.869666 10.908107 7.168971 11.882531 10.242362 7.040990 4.478832 9.973305 9.623760 9.668230 6.757773 9.340205 9.412462 9.226795 9.459826 17.955140 17.765527 13.185933 9.709147 9.904843 12.463867 27.802581 30.564901 38.403242 55.988248 49.129403 156.844648 215.680042 99.679912 88.507090 24.929009 42.987228 34.849733 23.870909 25.740483 5.085199 15.007049 16.547554 17.893741 21.528431 11.965086 8.729768 8.319322 11.855971 14.886193 12.393627 12.662699 8.690047 6.557553 6.425818 7.642798 12.814938 13.668709 9.771958 10.048384 15.609499 15.451719 10.732685 18.131452 15.750332 8.879994 6.533550 5.006085 3.968295 3.567732 5.127482 5.727846 4.930858 3.353643
3.405557 1.793742 294.0830 0.000000 3.487468 7.647470 9.529961 2.792974 10.522412 11.284191 6.267175 8.094600 7.906019 7.458374 4.999980 13.758033 6.516067 4.356689 7.102854 11.909931 1.099001 7.120759 1.911109 9.076465 26.220340 7.480461 4.538711 18.671454 17.657216 44.896080 59.093423 36.409292 22.863973 24.925265 20.639299 20.580791 13.232856 6.140255 14.122449 10.984077 9.922948 14.487558 4.645242 3.172452 8.692207 9.959222 14.462249 16.282888 12.953104 9.269804 20.496944 11.174651 16.564887 12.169674 7.654140 19.061871 26.399268 32.054809 59.294332 90.313825 126.485661 197.852754 174.594126 66.335478 54.573831 29.623089 30.598898 26.715176 34.611703 15.492950 21.721604 22.752563 18.356814 27.373196 17.467109 9.843160 7.338070 14.955234 18.517233 9.976376 5.327605 5.487391 12.963115 19.933582 11.292507 14.129457 19.932032 11.677834 13.627155 19.408234 13.693408 11.225368 20.856628 19.324937 9.690598 8.025091 5.642105 2.639690 3.475661 3.675208 2.738203 3.868950 5.561405
3.451020 1.800959 297.2610 0.000000 4.564319 4.931697 11.120993 8.868093 4.526539 8.946546 3.143927 5.980460 9.275756 4.938500 10.785211 5.904722 2.913807 6.582100 14.012506 7.097286 6.056629 8.681000 4.078049 2.643844 14.603431 9.125630 15.392816 30.045346 28.051848 42.518841 52.842305 34.570192 30.675513 34.400963 26.023351 27.278171 25.439824 16.158929 8.283393 8.266726 14.173646 9.219004 11.677329 4.954418 10.038923 14.735556 19.403163 11.606067 10.749721 12.399467 11.331461 19.788583 7.842382 9.885258 17.749817 26.167973 27.578167 27.710644 9.425843 14.880431 44.547568 101.655959 238.444561 151.439773 70.434014 36.621012 12.945156 19.301036 23.482427 23.653007 25.456481 11.254693 8.717535 18.224295 12.907312 8.138904 12.625917 15.283919 15.496553 10.653217 11.073220 8.095945 7.460371 10.088666 9.033330 9.862047 14.763664 9.951735 10.244730 18.704433 16.501626 10.818932 16.168234 23.774183 19.086548 13.129373 9.225081 4.427959 4.353230 7.306638 9.182644 6.952246 3.746230
3.505401 1.793438 294.1230 0.000000 10.332387 11.068151 3.071167 2.372239 8.601479 2.861180 5.764320 7.439272 14.428452 7.615331 6.774157 10.466793 12.552843 11.011715 15.916445 3.511074 5.245842 7.524865 4.926780 2.939310 12.804213 26.161621 15.316734 25.701445 48.015011 53.147639 32.841555 6.054093 15.608778 13.105755 22.053100 16.014340 17.887381 14.169127 4.337028 5.801555 16.226608 6.979264 7.224218 13.763734 18.481944 10.523592 11.807844 12.281702 8.250133 12.066028 9.665724 18.789321 14.994922 8.692972 9.920294 22.110930 39.660046 7.691013 13.946309 10.730634 29.401154 156.678043 249.076467 79.109861 21.576572 19.282589 18.323923 34.715884 32.965373 12.464044 13.985449 15.788780 18.537132 11.265248 11.791892 14.558879 12.309700 14.374645 13.085508 14.032182 13.863161 10.506078 6.570506 10.591304 11.739584 7.054866 9.690583 19.740517 15.014010 6.450356 8.422389 9.269273 7.614942 14.627930 12.769036 8.002682 6.667880 5.852423 6.517421 7.691442 3.930142 1.930233 1.032654
3.550818 1.773240 291.0860 0.000000 11.093869 11.720605 7.811415 4.509655 6.416521 2.556903 7.064608 5.948137 17.660594 7.687382 6.062654 15.569522 10.401069 9.710740 11.467034 4.267746 5.221994 4.180425 11.131822 6.910913 9.662476 25.534446 31.383716 55.287124 68.172369 20.549872 18.024061 15.382191 8.983073 17.918025 16.048950 9.239507 19.864391 23.582296 20.206238 12.783296 4.170091 4.225155 10.079656 16.540012 12.984840 6.583340 17.493219 20.406239 19.861878 13.335778 19.406789 22.559399 14.110472 12.513617 16.553060 34.323316 15.087851 9.300538 22.009367 35.046079 103.623563 254.061737 126.258563 35.449997 45.208130 16.241402 27.305795 41.071198 17.109316 10.282728 2.354002 24.502200 18.226351 2.097206 14.753223 6.822031 2.378905 11.548290 7.290472 9.024574 19.608343 6.071592 11.613971 16.838014 14.889877 18.046339 24.577216 10.692107 17.590138 11.654534 6.781458 11.635603 14.154343 10.719417 11.554185 7.671391 11.503063 10.985409 7.199543 7.830462 3.464677 3.906452 5.276516
3.605528 1.783669 298.8181 0.000000 11.232526 16.463791 11.702864 2.984385 8.599047 11.382791 10.705234 9.540494 16.204490 8.399306 6.393443 15.330167 7.244885 8.879250 4.089170 14.889090 13.785724 2.737081 15.030957 17.632802 23.878589 32.681613 51.213757 56.886367 54.909831 7.986239 13.757069 14.237627 5.953090 13.433580 10.041972 12.480564 13.221358 21.655214 22.808016 17.370063 6.354287 9.346675 12.868974 21.457943 5.905831 9.225399 11.889530 13.612987 6.827606 8.634692 11.217986 16.517309 12.869216 25.766839 11.073641 8.523620 27.191116 34.888268 32.725231 54.064202 78.384890 132.576105 184.965859 179.534231 51.782061 16.677982 17.522660 21.515328 13.928135 23.678382 10.682802 11.821708 18.080037 12.812801 17.732234 21.558036 13.202787 11.451344 12.237034 5.329198 15.501408 21.898778 13.878021 12.277189 9.058016 15.366257 25.546190 18.928507 7.951565 8.569807 6.601755 3.307442 4.661380 5.013164 7.268686 9.037497 6.126470 9.072336 10.269341 12.370246 8.121970 4.026473 4.225174
3.653077 1.771386 288.2618 0.000000 5.291759 8.206117 7.808410 12.221510 5.658956 9.240367 8.304927 10.935510 11.161726 12.228975 10.738125 12.129257 15.744464 16.441901 8.684456 9.008685 9.600760 7.550149 14.973089 26.228696 32.347543 58.567783 44.363137 55.306896 27.879860 8.266275 22.493807 11.870613 10.720954 9.915464 18.990278 12.900520 18.976452 17.989691 14.154295 15.159092 10.321838 21.971527 14.653019 7.592252 16.318202 5.401818 16.957750 10.787266 8.152506 16.343900 20.056082 31.557760 24.553806 9.373452 9.370473 14.953923 14.827480 26.789937 42.740510 69.735567 178.145140 171.917243 36.251083 23.589333 31.677880 29.157937 17.180142 7.711390 17.353864 21.262812 17.278303 8.790601 17.581697 1.526076 13.711907 18.648711 9.964260 18.797947 15.241958 8.859423 12.250907 15.988322 22.458821 31.048370 15.038820 11.076528 11.209465 7.870814 5.337943 5.362156 2.665022 11.891852 6.495783 10.849996 11.732833 8.690683 16.562807 1.705436 2.700528 6.121288 5.431869 6.740743 7.853259
3.705566 1.774748 299.2516 0.000000 4.664769 3.603443 9.957629 8.809434 4.099322 3.589593 8.382060 14.865539 16.660321 8.446702 9.425041 9.682527 17.713396 18.856612 4.221532 12.833072 14.242177 13.806703 12.021686 16.389820 24.275038 50.232324 74.682663 38.421054 40.540568 26.821341 11.880309 11.414829 8.350941 5.969772 15.992261 13.354114 26.339403 26.341425 18.785801 9.388874 19.850244 18.061138 14.181613 12.826975 8.390044 10.619573 15.137470 5.940270 20.238689 12.600014 13.685988 14.279101 23.296375 30.763270 16.728418 5.690013 5.303638 13.142204 14.470430 4.582945 8.944900 38.496456 135.133871 234.362038 41.194404 27.825133 16.707857 13.528056 12.526341 9.563984 18.149262 23.844867 23.822025 11.595020 15.468779 13.501941 13.823785 16.111068 11.747258 7.701892 14.779490 14.063817 7.498245 5.574903 11.116846 21.405767 31.979957 20.807783 13.291550 9.429747 9.010888 6.741590 5.504361 6.950208 7.800227 9.759763 9.928171 13.043149 10.150728 10.189267 8.868481 2.655072 5.002567
3.758314 1.783865 299.7672 0.000000 9.191143 6.940112 4.071576 7.857799 8.627303 2.179702 5.378612 10.659448 15.931754 7.104893 9.746548 6.588840 12.662479 22.656726 3.930973 4.692879 13.484709 8.419122 11.530725 16.258743 45.656591 75.686651 47.515495 8.302865 19.495631 7.572569 8.518176 8.603498 14.197247 4.253736 25.177658 6.144409 16.999676 10.406021 7.003733 6.389622 15.241697 15.059633 15.672787 10.143668 16.442463 12.689897 11.912193 11.214753 17.897840 10.064668 18.665673 15.078536 17.389068 24.181667 23.351778 23.336054 20.892172 22.786768 16.072883 23.766526 23.105912 42.871563 115.852704 267.775851 56.895195 13.296795 29.859352 19.094332 19.578882 18.938004 23.807208 26.254022 25.587419 9.051134 13.145657 9.951460 8.695117 20.850629 9.558003 8.948388 15.373383 13.894690 7.788236 6.468143 13.196733 26.374295 12.660709 3.867493 5.106414 3.187406 10.674056 13.754682 11.408327 10.829336 8.623828 9.549355 9.244934 8.063910 13.624193 6.210344 10.659843 5.383348 6.484461
3.805404 1.778852 304.0280 0.000000 9.005402 11.231814 9.224896 4.543028 10.649018 4.471081 2.782590 11.390986 12.531067 4.985891 3.031450 3.975392 17.077888 15.956367 5.944786 7.225634 8.436535 8.968468 22.022757 34.941801 72.288983 40.880072 33.202829 15.415710 16.646130 17.760654 17.668446 17.706702 15.341802 14.862564 17.644994 8.823643 19.314107 19.097377 15.550233 12.260918 13.998960 13.994448 13.860326 7.612631 6.036846 6.039196 7.449384 17.678188 21.399814 18.177913 10.672318 21.395842 26.672910 12.412326 9.755134 9.995860 10.419203 26.902943 39.114527 47.414167 33.892220 57.490335 89.643155 189.010502 181.390277 103.616112 47.653873 28.262675 23.176518 27.173534 18.797030 29.829249 25.616709 12.746931 7.761787 17.602287 15.241202 11.064837 11.501214 8.934177 8.078566 5.564109 11.281807 9.674546 20.592139 29.841218 13.264505 10.631196 9.355237 9.002967 11.450900 15.844145 14.061924 14.548959 13.342094 8.743136 7.033562 6.009979 7.566668 8.043889 8.084003 4.431520 4.209087
3.852609 1.777826 315.8907 0.000000 7.983618 1.521133 13.541914 6.712661 11.453188 5.768635 8.524267 11.827835 10.525715 8.246913 6.270831 7.970150 8.656937 10.174718 8.503513 6.241281 11.993193 16.513742 27.302462 50.238516 52.471743 43.622346 34.524220 23.744770 14.997025 16.175366 27.364166 5.676698 28.849422 6.203587 4.163071 10.432339 19.018752 8.924216 11.534956 17.307031 11.689686 5.519682 5.087155 17.927305 21.078630 10.233701 2.633845 4.751627 8.180185 12.889580 12.990527 12.495171 16.568111 17.206532 23.293913 30.480458 30.302535 22.113551 15.975364 35.712795 15.234177 46.429872 19.940933 24.346307 142.437959 133.446233 224.729512 38.375598 87.838790 63.784684 33.715982 13.941676 16.602558 22.665071 21.475426 17.720698 10.808744 14.110002 22.840448 23.455852 13.808824 9.934427 11.851012 12.081443 13.280822 7.256527 8.642412 17.880853 20.952102 7.279375 8.983884 10.012964 9.138152 7.518488 11.512891 25.865160 6.730577 13.669464 6.784369 7.325313 7.472773 9.830424 4.233538
3.905581 1.774006 304.0585 0.000000 12.323627 7.706595 12.019901 3.043639 11.209554 6.478471 6.799207 8.358254 3.674827 4.234077 3.388139 4.270957 5.683411 15.708348 2.250764 6.422834 6.002639 30.801163 54.798586 43.846132 28.751285 31.593834 8.411110 8.755081 14.062601 24.876782 10.917195 21.360771 15.661214 14.984396 17.077139 12.610503 18.495535 9.616381 8.499228 14.688408 17.030342 19.195882 3.422414 5.893721 10.451955 14.835875 13.146563 18.559954 17.602602 9.611994 18.377978 18.774480 27.751011 27.436291 13.924610 18.377094 5.112540 20.954487 35.341297 42.888485 47.107781 53.326987 60.410231 144.669016 223.416561 95.183298 40.265838 44.020858 32.545611 14.342438 15.404061 18.200236 12.185987 11.388700 12.624359 15.139224 14.147681 23.552120 17.821975 7.381594 8.949568 11.199815 15.598741 16.349472 14.451419 15.126919 15.620563 12.220538 14.585971 11.599284 7.375753 14.732561 15.523662 8.309644 15.264490 14.848977 10.474300 11.479336 9.992755 7.666773 12.617994 14.626056 9.390734
3.950817 1.772418 297.2959 0.000000 9.501627 11.174011 7.114726 8.052148 12.571717 6.332109 6.771489 13.119836 9.056319 8.710753 10.873713 11.513734 10.831823 12.259678 13.174207 16.380548 29.424581 49.621421 49.011545 27.863124 17.881869 18.970210 10.027739 13.073238 16.760179 8.185823 13.323310 12.754919 19.979256 29.526214 11.696749 5.054164 8.347926 6.603553 15.249355 12.143554 17.826712 5.539564 5.974378 12.994452 14.116043 20.292728 20.323277 5.108020 12.035582 19.484068 29.946794 26.792898 13.531354 20.066993 18.146022 11.017570 18.889185 22.424419 43.047210 43.309331 36.396152 69.765279 207.405573 173.824312 58.496194 41.287059 31.239582 25.334986 20.180626 16.938233 18.684500 25.355159 11.604113 29.344885 4.680709 18.116083 32.678485 6.899907 2.057365 13.716727 16.322665 12.677249 9.999012 9.480341 17.470753 14.266155 14.320746 14.844782 13.953308 10.145569 12.955140 9.507969 14.185887 12.704207 8.243116 5.264956 7.350139 12.060851 17.093558 14.533108 8.400397 8.715059 10.709337
4.005398 1.764514 304.1270 0.000000 15.225016 8.365874 7.794276 4.225054 11.390266 8.566795 11.532346 7.993308 3.725611 2.993186 11.086956 11.941240 8.071412 14.587412 5.987264 19.440568 46.475970 71.880458 30.517822 21.047896 4.819425 17.726330 17.170369 8.562136 16.804986 14.297137 11.269172 4.619062 6.582112 25.641789 20.184916 9.365842 7.613948 12.567924 3.499588 16.145547 19.512634 14.765685 10.234085 11.438799 17.691294 16.493035 19.779926 19.896582 5.804642 17.358245 23.947625 22.707934 23.023592 24.539033 19.602107 23.857360 19.697374 19.638678 34.076142 50.360128 46.840448 29.186378 58.060896 119.248368 208.063248 131.113767 58.801270 41.510291 13.780502 30.056079 21.059009 20.055313 26.389548 9.585042 17.785850 19.820578 6.646273 19.150465 23.231762 6.360097 21.239123 31.016178 22.437947 8.028803 4.906622 6.776367 8.960429 15.571808 17.687307 16.760547 14.797597 8.517858 15.755539 15.778661 14.961010 9.231241 8.109975 6.146982 7.832372 14.361719 17.323803 13.779479 9.424774
4.057153 1.767413 307.4782 0.000000 14.097329 4.341519 1.175773 8.728847 8.058443 1.798791 11.660037 7.198773 7.381990 5.428726 8.409417 9.687947 9.007054 17.596030 21.197790 45.695652 60.357035 36.060791 9.794297 9.911982 17.713016 6.840628 14.151685 13.928124 11.668003 8.086502 4.972086 14.226275 17.564136 26.581766 26.090081 6.917706 14.371683 11.912169 7.021157 14.426546 16.949160 14.131398 13.716755 8.168672 8.629729 18.261139 33.506883 30.154134 24.444712 19.291132 28.485070 25.943657 23.407758 23.483845 21.662779 25.037146 28.807946 24.474524 26.084755 35.317069 47.444093 56.583847 76.497828 125.733583 200.026796 109.039078 34.852190 26.215571 11.144481 14.527424 7.339244 30.941060 30.442862 9.604414 21.871831 31.732506 40.011717 21.662930 19.862409 12.603160 10.291894 28.808738 23.794503 14.611383 9.138310 12.731829 14.068588 20.264724 12.656597 21.398470 6.440775 8.928819 16.885701 24.050638 20.269335 12.404851 13.257827 17.449658 4.335213 19.552788 23.428869 12.317183 10.749356
4.105530 1.770360 304.0367 0.000000 4.741655 14.389935 10.050885 10.967864 5.576343 4.402040 12.151676 4.900419 7.350618 4.952367 4.352940 16.935696 27.108044 30.118604 44.761736 66.123571 43.462392 29.516024 20.785765 10.524592 13.032430 5.101771 11.959059 15.026195 9.853026 8.445497 6.044602 10.806815 17.001195 21.591466 16.613886 20.800013 25.520461 13.857974 7.274022 4.703664 17.516811 15.671810 15.040342 10.945794 14.443980 20.611491 27.369638 23.804750 36.754616 23.611861 25.299640 24.972369 13.330930 21.157561 15.485029 10.929248 14.731452 18.884701 14.734231 16.749959 28.404167 27.163966 59.737612 156.403558 188.562567 126.208368 46.514424 25.382687 37.398983 31.370322 26.154334 24.622404 16.574295 23.034497 24.506985 14.012919 15.203788 19.764897 34.642321 39.295092 25.739088 27.635435 31.050304 13.749066 7.342633 8.535103 8.859705 11.797442 11.110473 13.192871 14.734516 11.164320 18.046696 29.438351 22.965153 13.668497 11.254326 11.996925 8.571593 7.284740 10.937347 6.226205 2.659347
4.151829 1.759152 313.9496 0.000000 16.770672 6.443291 6.914917 9.696297 7.279466 1.868496 7.438237 9.728588 8.867336 4.748212 8.682397 8.921099 15.543471 39.483925 65.084196 54.895775 33.124617 32.530328 30.825771 18.794527 9.569880 6.825716 7.859171 11.981892 21.775868 16.946909 9.295562 8.096302 5.982888 17.563764 25.362281 8.291042 5.690126 32.491320 15.694619 14.721866 10.632900 16.604099 14.718853 12.127615 9.982689 10.102695 9.744072 35.581869 19.194265 32.753616 27.574592 25.019527 26.405845 18.061146 11.922093 15.215960 9.669201 7.001053 9.251508 11.981764 17.352868 24.628469 24.196490 33.817450 48.558380 100.035841 176.952574 104.145970 121.888470 68.860801 13.712484 25.960189 16.098230 46.292116 11.207969 17.154263 10.381343 14.220948 5.249736 12.436875 32.547749 35.882525 33.360293 33.713446 26.151972 7.385988 16.313448 16.634794 11.614536 5.076404 12.578279 8.837021 12.749592 16.256399 14.043785 16.676947 25.174350 25.452247 14.589002 9.646524 14.544355 12.337195 7.067336
4.205407 1.758576 307.9765 0.000000 18.076999 9.334159 3.170829 8.476619 3.717419 6.653709 3.685006 4.247187 5.784762 4.626935 7.120573 20.283181 27.540906 70.020102 72.973566 30.824990 12.096375 19.918258 13.836541 14.807558 13.034216 14.228041 7.120055 17.456283 16.933515 9.027726 11.658816 13.272117 17.943242 19.139017 12.832767 18.163283 28.791565 12.106388 12.401276 6.812182 1.689271 7.301052 10.238900 9.849510 10.150398 20.600594 39.291448 18.232707 27.267250 31.625413 24.334767 15.207549 2.489814 2.122595 8.102686 17.036190 12.834088 12.732750 17.778001 21.795168 20.112592 31.332062 72.628902 112.730430 154.149257 163.292977 88.315600 45.088633 36.359568 19.623510 31.113069 32.859452 14.429502 11.407732 14.516479 9.938376 12.860873 25.256203 46.156922 45.758413 23.789985 16.528861 11.381002 14.058461 11.554580 10.312985 5.307323 13.221402 10.787399 13.287419 6.040070 2.290474 10.119412 29.830405 21.849533 13.320807 12.710047 13.126101 2.639969 8.087252 8.401891 3.550526 6.209180
4.250846 1.772047 311.8579 0.000000 17.429077 10.042492 1.834712 6.079593 9.123380 1.519096 2.042589 5.099623 4.617313 5.803711 4.896953 9.788212 40.693354 86.209616 53.860015 20.777043 10.845838 11.389775 16.821739 9.937250 2.598215 5.164421 16.249192 16.263772 18.579021 7.325502 10.510200 10.405113 7.875993 9.958460 11.012266 18.526984 22.415360 12.212891 15.377849 9.879233 6.791309 5.567311 9.185008 15.770002 14.915364 24.834433 39.975445 29.259444 14.053264 6.268565 12.671697 14.965086 15.866507 17.342618 26.697242 25.290525 29.277484 26.423688 18.587421 30.670154 31.554435 37.657853 58.148107 77.897268 120.188989 180.546090 124.454587 88.751074 61.449420 20.350454 42.040539 34.544673 23.538913 23.649887 15.009845 15.267994 22.587131 18.067156 35.052632 46.853506 12.151844 20.335288 21.831237 7.128861 16.599742 10.619282 3.688233 8.958415 16.574117 6.871103 11.322390 9.775762 4.442623 17.093694 5.716393 5.576140 5.384411 5.630225 5.021317 2.662366 2.882766 3.913538 5.748992
4.306217 1.781066 313.9954 0.000000 20.185967 1.894510 2.783705 7.999307 4.300830 6.646193 4.864014 8.255962 10.515956 11.754186 20.404591 31.339652 70.622439 46.518531 31.693063 15.263693 17.116355 14.201516 9.575830 19.487447 10.645552 9.694250 8.002502 9.382841 20.317333 5.203505 3.772214 8.807513 6.272706 4.069710 9.299503 14.807216 20.813378 5.597851 15.760173 8.600182 11.191728 6.842348 5.362308 10.051153 12.957708 30.014242 24.606613 20.955229 13.524270 11.084973 9.495482 17.845317 23.555942 23.042276 40.684646 33.018500 14.764920 13.189659 21.557879 23.345032 28.831175 22.899551 25.017279 42.900113 91.625998 153.781759 180.570032 154.223922 77.290291 24.827991 29.824931 26.556746 13.559858 12.512103 8.638100 14.004132 22.575113 18.348105 21.212304 29.840012 25.635379 10.929883 9.322886 12.578817 12.021927 11.826660 6.529782 11.298346 12.823960 14.220122 12.879689 9.388244 7.000602 7.970525 5.116333 2.423874 4.681364 6.407080 6.983264 4.560029 3.573967 6.178442 8.754691
4.353215 1.789308 319.0179 0.000000 9.560166 8.080568 7.749300 10.107963 7.074207 7.534062 5.213865 4.627696 9.384260 34.804113 50.072722 47.258459 42.287074 26.284771 23.416356 10.641916 10.548832 15.979669 12.546071 27.837529 20.737281 1.440365 4.174968 8.741177 17.281513 7.487835 4.993603 7.805899 7.611147 7.333668 14.718897 5.088155 9.912834 12.277692 20.186613 4.755041 14.838257 6.809900 8.076134 14.091497 22.803120 10.538491 9.310744 28.403360 22.095167 10.148143 14.580050 14.638251 18.644483 14.130666 44.315275 32.568782 12.721602 23.108102 35.433620 26.357539 15.069120 25.887566 37.009835 44.465762 42.942497 70.262106 134.215161 201.336581 27.433510 43.381307 31.241249 33.051754 16.991759 11.630805 6.699558 8.020903 15.714725 27.953442 30.807373 30.338841 19.637412 17.341045 14.649157 5.638162 8.736158 12.534337 17.964972 13.129652 12.690714 15.376766 6.570149 10.813979 14.629402 7.254601 6.060210 7.933654 6.622330 3.635555 5.953297 7.178456 5.349988 7.236645 5.485468
4.405421 1.782430 320.2001 0.000000 10.964850 0.576615 9.566440 9.079951 9.417166 6.316205 8.262497 19.351257 12.866882 46.600416 60.307346 41.606587 26.216276 15.933487 8.233285 19.853480 14.936188 8.384180 13.097347 20.393729 24.597739 3.417503 8.773057 2.284197 10.933357 4.568985 8.584957 9.923327 4.598855 4.015769 17.245090 6.248672 10.378173 20.829474 22.549452 19.457209 9.721811 16.911361 9.579623 4.158542 11.646832 5.179987 11.611038 24.329663 8.664037 13.780889 30.436511 26.780438 4.685193 19.140575 40.131410 48.469929 17.419931 12.697393 21.887689 20.299692 7.128552 13.382970 18.497828 19.940697 47.813345 48.239500 120.929014 257.719710 94.839256 49.734339 34.645658 33.494999 12.878127 15.973812 17.201874 19.421736 11.348928 35.561477 19.941183 14.217686 10.911247 7.738267 11.953202 3.810923 5.027081 15.506993 21.932441 27.000250 9.526704 9.955637 10.550569 11.145491 9.857454 0.841337 1.309134 7.489537 6.075871 9.177740 3.292098 3.586736 4.884323 8.085685 7.206381
4.450837 1.770277 310.3542 0.000000 7.367262 4.528882 6.979506 10.736884 14.072949 5.407992 15.911913 13.888745 41.602413 62.498490 48.473443 31.049879 19.245141 15.617098 15.477451 14.065641 11.517990 19.860234 29.229973 22.124654 11.470008 4.158446 6.750443 6.704642 5.042336 9.054115 3.680124 8.463997 2.297768 11.338306 4.016998 13.344094 21.008222 23.232377 17.609643 8.474295 13.953803 12.948575 6.832363 12.396043 13.377752 18.536181 18.907683 15.791389 13.022974 19.058219 15.855638 15.360806 11.202761 9.749948 25.552837 39.149719 16.865062 16.185229 11.314731 20.441270 9.800994 14.412657 37.631987 6.633943 123.684873 252.229664 103.278394 47.385508 22.734091 18.489382 10.686496 8.715114 17.817270 16.433303 24.471106 37.207668 14.007679 7.172249 7.063410 14.046804 10.895125 6.228836 5.062712 4.253335 30.536245 22.998646 10.301857 11.763900 10.335202 5.433314 6.040492 5.145394 8.013758 5.117764 9.893977 1.868922 4.284070 8.782029 2.467583 9.529284 5.657835 12.898434 9.067044
4.505469 1.764008 316.6663 0.000000 14.190925 8.674485 11.032652 9.440162 13.669593 14.256215 8.036007 20.248645 55.690959 78.339138 44.021740 20.357029 12.713830 7.602674 12.698142 7.995474 14.579082 12.667506 24.180338 26.870327 7.669655 3.514186 5.713586 7.675783 7.235131 7.627459 10.139261 6.251340 4.628955 4.419736 7.145708 6.551322 12.456415 20.063219 20.527899 13.205436 13.313395 17.732876 16.261614 11.800369 10.980432 12.051035 15.325965 19.352799 11.120432 19.432324 13.801795 4.495617 12.180711 10.823087 8.271018 27.153709 34.952426 19.547442 8.802478 14.366722 9.413656 7.686251 6.950551 11.182630 29.269875 66.408771 238.044957 126.796085 38.571381 18.172758 4.695987 14.453533 11.892322 5.728011 24.668444 14.072178 50.928092 22.171361 14.967163 2.853336 16.449808 11.725116 6.514641 7.559449 8.930789 9.283323 36.735957 13.599848 3.364167 9.247394 11.351305 6.974654 3.880510 6.611109 8.656748 5.697714 6.775815 0.739880 1.850160 4.259168 6.942352 9.808368 3.362184
4.558789 1.759262 313.6407 0.000000 11.552650 11.731760 14.198109 11.978570 11.985992 4.934503 19.871883 53.009873 76.342699 37.733204 13.781794 6.624338 5.330383 7.558396 6.167356 7.131847 11.225406 19.727708 25.719903 20.181166 7.973219 8.858834 6.848631 4.927071 3.995766 6.550221 8.587953 15.978590 21.098170 13.041527 12.953960 12.974306 27.793687 12.335324 8.842437 7.091481 21.634242 26.561638 10.599646 17.777921 8.294089 23.026572 21.596840 18.789026 12.162426 18.958149 8.996789 9.818625 9.408206 14.529934 16.399786 33.793015 39.199336 13.982726 14.631018 15.250036 17.306807 22.270225 32.707615 47.399737 60.597381 133.231644 197.535570 105.367216 45.913350 28.502450 14.749961 11.042775 8.686118 23.496293 38.010086 32.265355 15.822937 13.669633 10.522517 14.419498 7.367635 19.185096 28.801036 19.056791 13.219031 22.888202 18.504012 11.594139 4.391164 10.345577 4.082023 6.363625 11.096001 7.893990 2.629498 14.398341 8.812758 8.626150 12.232254 11.630712 17.059283 5.619061 6.997604
4.606897 1.758952 318.3473 0.000000 2.863933 14.239767 9.588429 17.930464 30.268037 33.298711 54.966118 66.613584 53.882762 30.022451 8.915099 6.480926 6.460946 4.838578 5.433298 8.325923 11.141517 18.585960 23.892587 21.873395 17.200332 12.947437 6.372594 8.395962 5.272173 6.179102 11.012313 14.411838 13.994530 14.025042 18.594576 10.339589 21.048952 15.605421 17.196559 7.201078 16.533361 27.187489 11.861351 21.663362 2.125363 18.196536 15.723784 24.156867 22.226000 17.202200 28.751546 20.477996 17.423356 9.804226 13.001239 16.991733 11.912486 10.704362 20.175327 37.798595 29.933869 15.639699 19.900248 30.732044 46.934643 92.157424 173.144065 164.947303 64.350141 32.487392 29.711320 19.499862 9.547074 17.924977 50.765725 32.213889 10.652070 15.348212 8.218390 10.926002 12.847855 28.358823 24.617263 14.974504 14.748696 10.448684 13.791851 8.160353 11.445388 6.844239 0.511039 1.434927 15.697849 3.643233 4.655105 12.791322 9.116930 12.598194 11.658310 11.296767 16.177684 3.195538 6.610846
4.654256 1.765289 323.9998 0.000000 6.016865 14.298213 27.062356 16.037637 19.947188 53.049099 74.415831 51.327741 42.327166 23.551005 16.768066 11.731049 9.641483 7.911383 14.564792 12.298650 16.028630 13.637832 14.427836 8.180118 9.143517 23.584343 6.957579 7.616136 8.465290 2.541551 8.964405 12.600463 15.373038 15.686601 15.602090 13.590908 15.519646 25.153485 9.076039 7.339993 16.248833 31.176136 12.223756 6.311307 16.889771 12.900063 9.501083 28.153326 17.781449 18.937537 10.729893 21.264949 21.238134 16.203206 14.072925 8.458755 12.483718 12.253927 13.775173 18.924092 32.187099 30.539851 25.929276 25.288691 26.298894 31.358579 51.527569 119.918255 186.678639 39.433772 43.309241 29.978850 28.213734 38.291174 55.155515 55.499518 25.933676 16.601491 25.485455 19.087249 13.182802 11.050371 24.239214 27.523117 16.882404 9.279871 7.169586 8.521598 10.761962 8.192120 8.177222 3.473667 3.193948 7.692167 7.247610 4.137240 8.782797 7.694246 10.253963 13.347002 9.762833 15.481718 11.173180
4.709013 1.768771 322.7172 0.000000 9.274550 15.354776 13.814477 29.475482 41.722458 73.760703 58.549871 30.058672 14.488573 25.356851 18.771503 23.630483 7.886030 17.077555 13.692756 12.759058 17.402237 12.346218 23.951448 10.442242 10.236608 16.698705 14.285839 6.449180 10.610835 5.794524 9.683736 14.091472 12.055915 13.697602 14.571491 10.442000 15.991485 20.502788 10.910424 15.876624 23.287609 17.950104 6.963782 7.584749 13.750600 11.979171 11.800681 19.146300 18.252086 21.903174 29.478867 28.110124 22.891301 14.588293 8.950501 16.871303 17.098877 7.997628 9.248765 14.098046 30.440413 31.840984 27.406269 23.486634 23.253995 31.035595 37.891593 173.301502 126.150224 52.964521 57.894548 43.412115 35.734597 53.169029 46.847624 26.081489 19.574378 23.129094 18.371699 19.909938 16.093956 18.373289 22.361510 13.176626 16.032290 15.653974 12.968192 4.427490 10.605319 4.890671 4.105095 3.978022 1.589527 10.913793 6.482180 10.292962 9.951653 5.632663 13.022877 11.958945 7.048067 12.935054 7.235427
4.758781 1.774475 323.0801 0.000000 18.499432 2.191657 36.504326 46.194064 62.950358 64.767898 44.400071 25.458714 24.307163 31.663809 21.534106 25.078462 16.559608 10.821694 3.757737 15.281576 13.278100 15.932982 13.620679 5.308798 7.584515 13.352696 25.078924 14.172879 6.852072 6.020362 9.021944 10.862836 10.736053 16.947211 14.131179 10.809126 16.556707 13.714945 5.497420 9.712335 20.752951 12.585413 8.713690 16.837076 18.011073 15.566213 17.535950 5.650205 9.428023 17.473892 36.282439 29.767640 11.024726 9.800099 17.957009 20.480351 15.458982 10.612046 8.734994 8.916704 15.683741 29.655001 32.797464 36.540830 43.858588 43.406052 66.513083 144.055564 162.610109 116.882921 64.246579 34.946918 37.039785 63.716574 46.821047 21.037218 16.297427 18.093198 27.872346 19.414600 12.831439 9.938509 11.673671 10.505749 11.291677 13.546672 11.503915 9.169146 12.232128 11.504572 12.458891 10.137558 8.834408 8.643425 5.937928 4.774683 2.274075 11.609770 7.807759 4.861818 3.825071 5.134594 8.816540
4.807685 1.775707 334.6507 0.000000 7.325543 20.331530 29.654492 44.693572 81.331033 44.809406 29.117946 25.435860 17.481633 31.984581 25.194321 18.063753 13.427968 18.075082 8.912857 17.078377 11.470191 10.108107 12.197129 13.539665 8.658950 7.017288 16.197691 10.505047 7.848847 6.521043 6.112772 9.383725 9.752204 17.204278 17.126546 8.193724 8.255661 12.969099 8.334205 6.957703 14.935046 17.679027 12.772528 13.100024 17.983102 11.046741 17.987132 20.211917 5.683620 7.325524 15.440705 31.957212 26.371771 4.937889 8.229482 14.903470 16.353922 19.317794 22.060356 9.757133 5.373345 8.415930 7.963268 14.112676 34.079583 26.125250 31.360671 26.533361 58.903819 123.176323 214.768514 83.280377 54.708775 34.241272 57.138673 72.180083 16.982548 27.143922 16.269238 3.323365 11.435121 19.983796 16.747813 3.981712 4.432874 5.970530 18.572785 13.632785 16.800615 9.974221 6.888054 4.188027 7.475530 4.386148 4.913117 6.003091 5.734765 3.918971 8.284166 4.052390 9.157024 15.028915 5.025934
4.854818 1.788640 327.1882 0.000000 11.809891 32.961180 47.228329 76.751744 53.444811 25.146873 21.097559 11.349472 18.699205 30.208517 23.436115 15.443107 12.658735 20.519401 6.873846 15.133638 5.266073 5.302659 6.788042 8.986663 4.672472 11.159671 19.893035 9.404981 8.013474 10.991394 10.630067 3.594034 12.487273 21.952696 12.521217 7.371748 4.485855 7.282083 11.770763 17.708422 20.289939 20.494464 21.683897 23.697175 15.089478 21.211706 22.521784 7.905027 11.819183 25.924337 30.150733 19.270018 17.220139 20.584583 14.653301 8.253619 14.988713 19.187454 17.720953 20.389513 11.017808 4.766173 19.596553 33.785231 39.285365 53.287297 23.049195 40.499824 186.452885 137.189637 45.859298 41.707373 91.170455 45.694032 37.227066 50.742348 25.098950 30.696029 22.843465 5.712740 17.690410 19.176226 15.298699 9.212437 14.619471 7.614303 14.824333 10.631949 8.054360 4.398538 2.266261 9.823341 6.119628 7.018187 6.879559 5.964774 6.264002 1.912352 15.066513 16.070445 6.163367 4.333578 5.859045
4.905619 1.778547 337.6261 0.000000 31.451334 61.559993 73.466781 59.462972 21.918043 16.195817 8.056310 29.910429 12.555432 10.671966 33.693791 12.393071 11.964827 14.954057 9.615935 5.544325 6.202567 6.198354 9.328496 14.186908 5.996430 10.243317 16.406695 6.816824 6.018246 6.560054 18.763537 11.555755 4.017118 21.751027 13.726007 8.382492 4.206020 6.802182 12.763791 10.590865 10.512485 14.548846 11.904307 25.125354 9.155378 13.081003 31.827184 9.950458 5.275377 6.548958 18.150649 26.506478 25.146725 16.958824 9.372242 12.165066 11.493204 20.929153 24.643689 12.154619 17.759762 11.033118 22.050186 22.843592 21.549704 32.652409 29.584694 74.527026 88.406859 97.073558 167.940913 126.849296 51.520344 79.151668 60.027727 34.009779 33.791446 17.942090 16.328939 13.348580 8.803841 12.869712 10.367284 15.454315 20.568721 15.588626 12.319741 12.342441 8.916002 6.001110 5.723142 6.155581 7.760726 6.850702 8.032048 8.964771 5.678336 3.077922 2.724584 7.364558 13.376099 10.422235 8.707216
4.959871 1.746449 340.8944 0.000000 44.519994 72.017415 48.548603 22.882720 17.879592 7.829975 6.049569 15.631329 22.126458 20.231816 30.974843 17.404274 21.970983 12.579349 10.532676 11.095163 6.632655 10.709994 9.078340 13.884065 12.339929 10.717525 11.182974 8.665007 7.015716 10.221504 13.991597 11.354991 8.656096 14.841893 16.577911 8.224254 8.702233 11.859469 8.134664 7.734463 10.561289 9.109670 6.804484 13.803758 13.775711 11.450315 25.390614 25.532683 4.436232 9.370138 20.860354 17.984568 15.562319 15.608903 17.581365 13.917024 15.400246 7.027374 5.240987 15.924018 32.018733 12.946847 5.176656 25.688902 19.482861 17.540814 20.150568 71.668475 96.229976 144.559837 103.583730 180.956610 21.592985 73.048262 70.504298 25.949727 39.502285 42.297531 17.892865 22.097227 20.000536 12.996046 14.735298 14.999502 24.049007 8.855703 5.621934 6.737970 5.897252 9.175427 12.323168 7.681164 2.572250 1.408837 5.908680 9.661735 8.701572 7.695402 6.657724 7.764952 15.626155 16.415251 9.726530
5.005511 1.725206 339.7043 0.000000 45.606229 67.828692 38.551895 16.665283 17.381048 2.583744 10.283194 19.010312 23.077308 23.824019 23.954402 8.633550 17.479869 13.402410 10.218987 5.343582 7.582583 3.741661 4.876617 13.058736 13.983461 5.512938 7.637534 11.674166 7.983629 11.761890 18.545379 13.667671 9.892996 9.601127 4.866021 6.833444 11.593619 5.228008 4.271035 8.669680 12.392037 20.443239 18.283243 15.877922 32.046782 24.732946 21.352063 18.718001 9.699263 10.865462 9.827085 6.325790 15.466658 20.809522 9.942376 4.887996 13.502594 30.344408 27.938264 12.980452 23.134374 41.724444 10.512279 45.599972 32.395969 64.888740 113.408214 105.506527 97.553579 97.451314 117.860986 124.705793 50.963633 55.766638 53.351005 32.054886 17.581738 26.190119 12.137074 6.049369 10.827713 18.810765 16.327524 3.419493 8.788060 11.944079 7.361918 3.669987 3.740357 4.107289 3.825257 8.024258 9.142594 9.503401 7.068361 4.715031 5.120088 10.908195 7.348043 7.462835 16.561773 12.012854 8.488107
5.050748 1.685639 330.7132 0.000000 50.829372 35.603259 27.466536 21.021097 24.546813 12.188688 12.810156 8.838153 7.668181 28.004744 22.562999 15.205243 23.076641 10.736124 7.189344 5.344948 3.261009 2.508750 4.515723 9.957327 9.148791 7.794048 4.828249 7.359601 11.067374 6.975829 9.407023 13.430097 8.060474 5.392507 7.294854 8.292768 9.060213 5.947962 4.789720 6.268417 4.284093 4.417589 8.391640 13.169747 15.279312 22.994160 22.510646 15.609521 23.651406 3.345381 9.870302 16.984036 8.833438 6.406969 17.745093 20.458970 10.293320 10.983213 14.219119 36.275326 12.941315 3.481404 19.573094 31.199785 17.782300 24.104065 35.986972 53.619220 52.421717 185.656227 143.648592 82.758285 98.030541 92.795415 58.585372 39.391114 21.262956 13.135045 30.254989 25.889352 16.488866 13.123148 17.334145 10.501205 20.168499 9.507984 3.597628 14.217514 7.691643 8.254842 6.870413 5.847395 7.182794 6.548667 6.794629 4.997217 4.505043 7.859121 5.207848 7.821118 7.705781 7.348240 12.522898
5.108104 1.680723 331.0419 0.000000 50.122261 28.750977 28.767900 25.178462 21.056626 14.081313 10.294943 5.311867 7.273893 27.970884 10.114013 10.347410 23.810539 13.607108 11.496828 3.575891 5.606320 9.176525 8.660596 11.365503 2.447290 4.525705 10.232926 8.260782 8.134998 8.569285 12.179835 8.664741 5.759291 7.606830 8.758019 4.960575 6.515031 6.371059 5.234100 2.448816 4.666071 11.543048 11.166962 19.554325 25.425434 16.293600 17.196068 16.306421 9.301596 10.451631 8.680855 13.370331 11.968321 21.955168 10.464802 3.675261 12.717893 38.949989 18.886491 5.600948 14.988904 25.144400 9.204555 29.006742 37.779719 77.150048 97.969212 116.015642 110.571673 149.519898 44.418458 119.892141 53.241683 23.738690 32.920206 1.643867 31.910998 33.745818 21.732001 14.904483 4.597499 19.360912 25.682321 15.701678 8.639754 18.251914 7.803438 6.464711 7.348496 4.789859 9.649162 13.743999 8.721128 4.998771 2.879551 4.240644 6.717825 8.835738 9.727793 14.477546 6.599082 8.207211 6.539681
5.155804 1.733965 331.7321 0.000000 51.343701 58.997919 36.349213 19.770910 21.921781 16.676454 8.631191 16.170371 17.999076 18.030374 12.320924 12.195825 17.534009 13.977885 8.953453 10.028840 11.780992 7.366109 12.935919 12.000590 5.895662 9.236754 7.960743 3.919499 12.929739 28.363814 14.530964 7.833540 5.194826 8.593820 9.974136 10.504618 10.124829 6.640544 8.606712 7.110217 16.137553 22.143352 15.409727 28.694584 24.490818 16.073697 18.135705 18.802890 12.036445 2.114018 16.391710 15.873269 20.220279 16.604074 9.735512 7.593344 22.937446 8.196779 14.050125 21.942043 19.986108 23.240731 37.549279 38.768897 52.858544 53.333464 106.397961 137.925264 64.326061 124.236695 136.460795 63.348485 41.125205 37.925581 28.274962 5.914682 20.406778 12.194693 8.346430 18.799714 10.567387 11.659704 16.748369 4.501825 5.725109 3.934730 3.247639 5.630351 8.339588 6.455861 6.264104 8.544878 5.893197 4.211870 5.771042 13.369346 13.200458 11.584339 4.593461 7.298798 9.557379 15.636109 8.893387
5.207272 1.748180 340.5769 0.000000 46.078710 67.583452 46.578018 28.671156 21.349016 13.569440 0.493647 19.631125 19.229613 21.887597 13.335209 6.146252 15.738386 22.336358 11.591087 18.812161 20.881407 2.203509 3.351763 13.285840 8.630098 18.993607 9.690917 15.589148 10.733540 8.536490 23.031961 13.613504 8.726713 9.250632 12.161421 8.416350 7.431489 13.930120 9.789916 8.447045 4.676397 14.660957 18.686536 20.070977 13.585590 29.434268 19.199375 24.777557 14.258431 6.219901 1.352085 7.359459 3.687809 7.924328 8.335352 23.985672 8.989574 14.365994 25.831206 12.508957 4.272912 12.070047 12.210798 14.514377 38.454126 29.412770 71.268939 45.880629 35.517984 142.492362 65.703930 158.096610 127.032436 27.691897 99.725208 65.697756 27.686026 46.977190 12.358064 11.929316 18.426313 9.018362 27.668035 5.198674 16.356625 19.212118 5.189304 7.350429 10.597380 11.784766 10.212039 11.558422 12.698106 10.528236 3.311957 11.329353 4.920887 5.989932 3.333988 19.454670 12.357497 13.613745 2.552430
5.258099 1.772750 345.6334 0.000000 24.569286 51.249371 76.416558 53.976634 6.402057 14.534763 6.233791 22.602139 15.812380 15.596422 11.443926 0.374670 9.419487 19.712436 12.106157 20.424312 11.980230 12.207118 9.460716 7.362029 10.271198 18.987896 17.383091 19.433059 6.327817 12.065109 22.584964 17.351799 16.756596 3.568473 10.798607 3.013346 10.170461 12.451358 4.297878 13.856162 7.492222 21.698543 19.949838 8.472368 28.050815 33.546764 23.742508 21.603046 12.819821 2.502630 7.281919 4.888140 15.197254 19.561241 4.849810 19.862124 5.416193 17.671553 26.404924 11.076680 9.931426 22.968373 16.788499 26.933922 22.812164 5.811429 29.782119 42.630262 59.843555 85.000245 43.856281 142.454075 183.498043 67.178449 64.634910 99.613261 42.153350 34.189762 36.269629 28.292507 14.319096 10.654310 2.227914 27.839562 14.731191 16.622626 11.084960 18.273438 5.028574 21.490725 20.040605 9.787415 13.490936 7.714749 13.889442 4.273774 12.934223 10.157120 7.186430 23.275620 2.620184 10.199072 7.602099
5.307143 1.776500 347.1339 0.000000 9.284280 11.953910 52.911046 78.603288 47.339948 27.629035 20.206716 19.707932 12.072440 19.012337 14.844790 6.434535 5.787156 11.358595 23.757238 13.006019 14.835887 9.378033 11.673390 4.984617 6.875437 12.109829 20.948962 16.766723 7.826004 17.950524 27.384051 19.903183 20.035816 5.359372 11.927404 8.646498 4.673371 14.824920 7.561479 10.865047 4.355934 23.097420 21.245088 9.383952 24.918011 31.613866 25.716256 19.694665 14.523447 9.230898 6.549672 10.501026 17.713249 9.961107 12.458896 14.690397 6.057113 14.304748 23.443208 16.703123 13.719625 11.851127 4.393633 17.644519 12.850859 9.632055 21.470297 19.238128 41.899132 36.494600 35.679742 61.733325 199.665898 147.595926 67.413939 51.893693 23.643756 42.044409 40.183065 30.774200 22.448909 14.132377 8.361768 16.031112 21.219145 18.990297 10.698865 9.688901 7.805379 10.273570 19.156254 14.786661 11.632829 6.889299 7.843786 7.099353 6.443029 6.565842 2.877085 11.568254 13.768991 8.880393 6.140339
5.354815 1.775312 356.9291 0.000000 9.202847 19.630140 18.018706 40.822316 68.406951 54.173072 21.393328 24.607406 14.761212 14.698050 12.960396 9.733768 6.768477 11.086818 16.283299 15.375620 14.312778 13.905207 15.145724 13.856198 6.376439 7.965096 13.487755 21.333761 16.298358 17.193453 15.381095 15.222951 2.582554 22.104599 7.526985 16.720677 9.423363 5.425552 20.500533 16.345888 5.464277 8.439637 16.649659 17.938774 14.560144 15.482668 27.578899 31.688654 26.935346 13.804419 5.004631 6.085705 12.015831 12.145521 12.832071 24.978219 18.413740 4.750720 9.310573 14.738020 21.059287 20.049908 4.701962 17.831176 2.548198 14.132132 8.117658 14.796779 28.741981 31.439226 36.351982 16.510970 12.552594 42.155463 229.605256 117.036321 25.477652 31.955257 45.376012 41.582995 41.495123 27.185886 22.512434 20.083508 13.776023 12.997936 11.448836 17.077537 7.053068 11.268422 5.251981 5.801304 15.255006 22.344504 9.500512 6.964055 6.102561 17.367106 10.877555 8.579138 9.793581 9.673111 9.341060
5.405423 1.772186 347.0867 0.000000 8.804009 22.516436 13.428131 25.298198 54.475344 71.495719 46.543261 18.608450 31.728481 9.456586 11.230796 8.714841 7.164513 3.196546 12.424462 21.425781 8.317382 14.796309 20.200978 7.743491 16.548976 25.295329 15.987372 17.523892 17.874615 11.932817 6.941607 9.268250 21.810588 18.784803 12.230888 10.766933 7.522031 22.115163 14.211265 10.671748 10.191529 7.208742 32.129240 9.193252 8.999209 25.906084 25.172768 27.512400 6.202936 6.066017 10.419452 17.637574 14.609945 15.547344 11.215004 11.591466 12.556285 9.497902 22.089235 20.059297 9.073190 10.029487 10.302757 15.928537 13.599819 11.529629 5.687799 31.084590 30.683989 29.916966 50.156456 58.207849 196.229302 152.512001 81.525984 20.835606 17.217572 28.454149 39.907388 23.100025 20.475190 18.526227 29.731559 14.274589 14.162167 16.614780 20.863151 14.353565 7.928855 5.341968 8.791677 20.337933 13.259763 8.490215 14.687633 8.395743 12.160478 10.141220 9.049958 5.926063 6.148929 16.922942 17.808013
5.450812 1.766497 350.8957 0.000000 10.595532 13.015719 21.442129 30.353936 34.026249 56.320476 61.587518 35.481618 40.722817 28.110524 28.580046 19.409368 15.516741 14.606900 8.430661 13.435139 10.591317 5.919614 18.879812 13.741683 13.082423 18.795405 12.536773 16.223905 14.617879 12.023245 10.792005 15.209876 12.799261 5.515583 4.870191 7.590926 9.992065 11.203904 17.816223 21.527628 18.555243 14.706692 17.726803 23.829565 13.494758 11.337882 16.048735 27.264311 29.963055 15.190597 16.457351 16.499389 10.152887 11.854184 14.511628 10.551766 13.434545 11.287618 20.127423 11.922283 15.663414 4.949679 12.275145 11.126183 20.345894 16.365723 24.963326 34.796128 20.475159 16.406592 43.966864 33.219713 79.036729 210.504602 158.852064 40.254583 55.145112 12.821820 34.271413 27.090334 38.342590 24.291375 25.580901 8.272475 21.385942 13.336861 14.372942 12.738701 9.404607 12.261819 12.004497 15.201845 15.639094 11.641399 5.260470 14.578782 15.346455 9.812035 6.364186 3.952484 7.766909 13.156933 17.669885
5.505321 1.769308 339.4145 0.000000 22.687119 7.596675 14.877146 24.259227 5.679707 40.434722 66.388488 53.102191 41.768975 17.599657 4.651196 12.270013 4.906606 5.155614 11.676806 12.848463 3.215304 11.042869 20.649632 13.641875 14.341687 14.269167 9.072777 17.620921 19.141459 11.347468 10.562943 8.993817 7.548910 7.187576 5.121423 7.262746 10.759065 22.335727 25.740499 20.704585 15.411764 22.455884 20.645176 5.660987 6.655856 24.266321 30.120820 14.172113 6.651369 6.704735 14.959431 16.459646 12.468894 4.427503 13.454186 17.302975 20.922212 20.613082 23.866810 3.914338 20.556838 18.267881 7.486952 12.472002 10.795096 15.519244 13.471547 11.269765 45.713014 52.481978 108.712971 197.900237 129.067406 58.055753 36.763859 18.277469 24.630223 32.029544 42.036046 33.737113 38.951564 21.119856 8.844084 12.413463 18.877844 12.936737 14.913465 20.275932 19.938821 15.590078 14.199039 8.638779 11.673020 11.091512 11.370067 5.685783 7.627537 9.331762 9.322238 15.381618 22.415639 15.232570 9.542675
5.550843 1.755640 344.5143 0.000000 10.763633 11.098506 13.056489 12.664182 21.027235 20.532798 50.678305 64.069305 49.826027 30.903159 28.854013 19.140996 21.195489 8.960591 6.131551 7.200407 12.367018 10.886937 11.628459 5.711846 10.575422 13.684896 9.381921 18.440409 15.941113 14.118884 12.817289 6.598465 9.460588 7.993595 3.151353 3.226289 17.643989 17.977164 17.978261 14.913524 14.847318 21.287025 23.221041 11.726360 5.930870 8.646775 27.370286 9.132285 8.838204 18.519205 21.163084 17.150599 10.715440 10.766604 22.152210 29.776156 14.897177 17.097420 13.349611 17.317451 9.142145 8.138408 11.365093 8.512535 21.719126 26.155013 9.718401 21.647843 39.721942 39.158914 48.775548 178.641957 161.806915 88.604492 53.552288 47.452631 26.022040 18.906100 20.539307 38.770381 25.699146 15.204704 12.874562 15.677083 25.125793 21.378866 8.818000 12.218667 18.914864 17.870912 8.829333 8.218323 14.524373 8.872855 8.128170 5.874690 8.002279 11.978340 10.840105 8.157347 11.661088 5.421462 15.498999
5.608081 1.755046 343.9116 0.000000 5.476276 15.145862 7.413144 21.841646 8.837049 15.169944 28.421779 52.017895 60.012367 41.536170 34.759906 16.040048 27.601517 20.492025 10.369475 11.547353 14.337163 14.435187 7.596811 7.790686 10.361215 7.337000 14.743041 14.021264 14.560457 19.037774 17.089701 15.552198 17.056583 13.816521 15.427563 18.924693 14.628495 12.442085 18.939116 15.739956 17.471096 10.706410 22.077516 8.052230 8.175430 3.369141 23.706223 9.638576 4.304310 24.398763 30.007112 11.915498 5.639205 4.406260 20.689865 22.698975 4.602992 12.884154 15.431859 3.140679 16.706031 9.027150 6.955202 5.584440 5.941818 7.321495 10.236803 14.429194 14.416400 15.800230 67.704884 165.641005 184.532304 101.319094 37.887325 16.798800 20.028531 15.429004 14.322957 23.286402 19.548028 13.271533 15.841375 20.612497 17.620552 19.441650 10.109702 8.724129 22.928621 24.617733 13.755816 10.258174 16.917845 15.598796 7.350142 16.958630 11.366914 4.912447 7.995298 10.096088 6.263283 5.001890 23.069516
5.653364 1.759841 342.1114 0.000000 6.563323 7.779487 11.122100 15.218722 8.966036 17.532349 16.091080 26.000175 49.736225 65.142333 39.984520 25.003052 25.694181 17.286393 13.445944 18.012917 12.611399 9.632109 5.993824 8.463168 9.576736 22.047153 9.541573 15.353404 20.191724 18.410499 19.259967 5.808430 6.143909 18.333600 19.768954 11.907016 10.791075 21.887836 24.806326 21.466605 7.617632 10.711538 10.173211 5.556816 9.657309 9.455344 16.552369 25.223649 15.749438 33.807158 11.340222 3.359210 2.343701 14.355167 23.261801 8.105506 18.215912 20.350793 10.238303 18.891113 8.633006 13.998506 13.037567 15.354001 16.541035 24.018062 23.512242 35.166131 58.031868 79.550359 107.516474 189.516427 99.602207 60.126197 46.383843 28.639306 16.507922 14.859987 12.096884 15.861811 23.198345 8.387304 34.621587 28.032094 7.063657 8.192968 13.698532 24.132148 19.981483 10.619938 10.836689 10.743158 10.861841 23.035331 13.197269 7.960319 11.267524 11.439743 13.670031 12.912720 11.443434 16.857702 13.877953
5.708228 1.756972 353.7510 0.000000 1.361817 2.983727 6.447471 10.592978 14.817307 10.859145 2.400173 7.030041 12.958623 47.376884 85.190764 57.063358 10.725821 25.674880 14.750991 8.450748 12.649419 4.932715 8.870148 2.934755 3.401825 9.123205 16.082618 5.292372 16.204231 14.866447 21.160162 16.602572 2.873893 8.550825 14.182986 16.247531 19.831038 7.651627 21.819505 21.371991 18.350224 4.662185 8.721778 9.867174 6.285475 4.036809 6.695709 4.550939 13.242495 19.671424 20.857658 41.299847 14.127946 7.326499 5.065815 10.272013 12.232596 10.617352 6.666807 6.737923 5.898674 11.065819 10.656413 7.268825 5.400585 6.400472 7.229876 9.450941 16.511284 13.018296 12.117246 20.565219 32.845451 144.027941 193.661675 47.968477 30.799624 11.454776 8.264409 8.817629 4.798866 8.819481 10.469633 14.257118 19.105891 27.090417 17.963060 8.515851 16.743969 15.906032 11.135913 9.583812 4.886710 10.645133 14.045584 14.018750 14.621297 13.168180 12.547959 12.838440 13.516563 8.294741 8.107353
5.757731 1.748977 347.8665 0.000000 22.960941 15.357756 6.009790 5.744981 14.048058 9.942476 8.275855 10.702768 13.049963 25.722476 69.582553 60.193356 28.230935 10.595139 8.660855 7.822248 6.788934 4.539273 6.085365 7.858863 9.706451 13.172550 11.698468 9.199687 16.476153 17.749614 16.363295 14.076394 9.888271 8.233482 13.587282 20.804023 8.940888 23.586144 17.184246 19.693926 9.986908 5.628122 8.332779 8.423339 8.031139 15.559286 11.797828 24.503968 14.716705 34.892937 32.286662 4.445187 16.385427 13.988508 11.161256 9.686885 4.437573 11.843961 11.649452 12.954374 17.142884 14.564221 11.453934 11.116995 13.118457 20.957832 21.738120 15.298470 20.132252 32.546479 41.341094 57.953976 150.541342 180.151270 97.998287 54.898184 44.542130 36.216408 23.180121 9.777047 14.338181 15.492765 13.785144 30.330821 21.057264 17.974251 10.339711 11.784858 9.717709 8.910300 6.024058 7.895089 15.256074 8.253922 18.802000 7.286474 15.956463 10.866145 20.414562 9.841459 8.565254 12.188731 8.826751
5.808162 1.743727 363.5920 0.000000 27.166243 10.390809 7.238229 6.650089 20.436971 19.638132 18.209351 4.950032 22.187202 17.040104 42.028774 54.179878 50.889285 26.345243 18.024518 15.553887 3.587448 4.922461 4.604746 7.074845 7.476949 13.748960 10.507630 14.530420 11.339343 16.495045 8.194730 11.116618 5.683107 7.161748 9.644435 10.158613 10.761109 13.444739 23.048124 17.389125 19.108962 10.787948 4.727091 7.948118 6.252159 4.704568 17.577196 24.524214 27.048776 15.673457 31.378285 31.380583 21.823202 9.046390 9.485903 15.149868 12.857989 5.029297 6.476034 14.804915 19.619372 14.850812 5.534792 2.840444 4.200635 9.640237 16.139229 22.500314 23.629339 11.981838 12.386408 24.681265 36.776195 56.432117 71.552570 159.564337 180.334742 45.446377 26.115784 33.531084 23.372640 18.934068 10.093155 6.967179 19.144226 17.973876 10.637838 19.000995 15.439729 9.103864 10.505786 5.750116 6.916387 8.755827 7.028849 8.742611 7.647079 11.700793 7.236621 17.566938 7.991820 9.371756 8.390029
5.856829 1.748882 369.0159 0.000000 17.433007 16.268363 9.094722 11.212576 19.457696 10.262281 12.370294 7.432668 15.566509 22.553562 34.808154 33.656740 35.292320 40.687190 40.925541 32.491191 19.409007 12.264733 6.476646 3.431278 5.336177 5.080727 8.516778 14.426018 11.115497 6.141236 6.660882 7.918450 8.066154 6.470196 8.142896 11.137705 7.994625 14.615084 17.700851 22.319757 12.825401 15.506285 10.493971 6.892507 6.649774 7.950079 6.277819 23.779466 27.606356 26.366140 14.534847 48.343959 29.366267 18.750412 9.234364 9.275668 13.520597 12.335019 5.328677 6.802136 10.192346 13.216286 9.033661 4.695939 3.672778 4.417651 7.323599 8.190024 11.916587 17.659379 13.855956 11.055997 12.790338 10.966174 28.840436 40.745891 119.300477 198.774440 25.319515 44.465790 17.157412 15.718677 11.720968 14.426189 19.690776 15.314428 15.833352 8.267812 19.492728 14.507537 7.715555 17.362829 5.946605 4.191412 4.222932 3.456444 3.800456 7.288641 5.614067 11.216358 12.511062 11.928942 10.008241
5.905635 1.739886 363.7770 0.000000 17.778583 12.631089 5.035965 11.127061 20.505856 11.976428 17.343114 11.171454 4.162528 34.540198 27.782940 4.916472 8.892614 13.750237 51.432722 47.953996 18.264234 12.326351 7.108417 5.349532 3.835285 8.045831 12.648025 13.877236 8.182838 4.474539 6.194821 5.844937 9.325041 10.875487 11.085604 6.611573 5.964368 11.363163 18.459956 9.164918 13.918975 17.383706 14.697044 14.106609 7.696974 3.187297 15.977184 31.046323 25.879095 21.213608 36.841610 28.130993 17.880232 11.511574 7.705916 15.107599 13.170249 5.474128 7.779345 12.092716 14.814549 16.146539 12.352408 6.554455 8.620868 9.508439 12.711256 15.112149 14.408076 21.870952 21.432680 17.920068 23.706975 37.746991 41.303776 130.141730 185.781624 76.788004 74.034812 35.083024 17.968348 25.964926 19.218272 14.411253 29.570937 25.538711 14.795712 13.799207 14.293598 8.828243 9.399183 5.481895 6.380637 14.084055 9.386750 4.364817 8.789304 2.995266 7.862437 10.123993 11.392784 9.171639 3.245736
5.952236 1.748601 373.5848 0.000000 3.997443 6.015517 11.704205 17.303235 20.375789 13.113824 18.877707 10.367163 4.195381 33.217302 26.281274 9.955846 11.282512 7.458304 35.366245 55.445002 40.758475 31.099778 23.650176 8.231432 1.522435 2.800539 3.798910 9.140181 14.210419 12.357978 9.066918 7.273208 8.055610 9.796113 10.098045 10.873602 7.376043 8.679282 12.649033 16.913563 10.342087 9.730203 8.048380 20.586823 21.649913 9.425395 8.040244 20.447057 19.788862 10.708826 53.455460 23.187266 27.784631 12.872807 15.098098 19.782201 6.659971 7.207560 3.985678 4.693091 4.492100 21.076705 24.078749 25.115918 19.343520 16.481919 11.346562 7.200975 3.142730 8.986294 18.923634 25.284210 34.146877 31.655675 41.733697 77.111851 129.318644 179.632964 136.451948 45.875633 27.116743 27.938768 40.175580 39.817258 30.935833 13.998020 15.569494 15.191987 26.312516 6.150569 10.693745 17.175507 12.673079 5.785515 7.578995 6.619616 6.026657 7.439223 5.091478 5.622024 3.504970 6.693897 11.600998
6.005469 1.751824 364.4955 0.000000 4.811326 4.416213 13.030047 11.808049 11.344236 17.348976 12.559917 10.015414 4.711537 28.656681 36.956058 20.886174 26.426188 24.511033 32.190216 42.930858 48.026791 46.517809 11.460019 15.152957 9.209457 3.995880 9.058092 4.570456 6.029932 8.290903 7.615584 7.259171 8.945081 10.474918 12.526620 10.511712 7.781528 6.588132 13.291048 8.183965 14.903548 18.124639 15.508848 27.617217 11.132503 25.117191 29.687015 19.910985 26.732244 40.027573 17.350019 6.275102 15.695271 13.603587 19.351549 9.228465 5.063492 5.303621 15.424220 20.404781 9.199997 13.926268 15.495303 5.598881 5.300928 12.433274 4.527052 5.089159 7.313600 14.018789 13.615296 10.459698 30.388025 19.237131 47.606063 136.910619 217.251565 72.432529 44.470787 27.487981 14.324718 25.255811 22.182807 21.446238 10.457559 14.238015 16.090759 8.835778 13.856551 16.448597 10.961736 5.062174 6.217413 9.110609 1.901676 5.174015 6.830102 4.029951 2.583186 1.903553 2.297049 6.515618 9.077186
6.051625 1.740552 357.1018 0.000000 2.276050 9.368579 5.411536 13.074442 4.537889 10.165469 20.937656 17.711912 21.674942 24.191556 22.959130 25.182467 24.090054 14.000693 15.646283 36.274116 47.662798 36.768536 31.120341 18.337239 16.179546 15.255013 7.462598 7.982945 6.939591 6.302784 8.114983 6.261985 7.365589 11.776492 14.108292 6.503333 10.993386 14.876065 19.146131 17.902293 13.841768 14.570422 22.195539 18.509830 29.215321 22.271347 22.768697 22.912979 13.337445 16.729962 23.171044 9.411886 14.568294 10.850713 7.603680 6.614166 16.126151 21.553142 11.547046 9.234285 7.971299 16.605276 12.982274 16.324815 15.264867 10.706657 13.188616 11.986478 11.997920 38.369682 38.257719 34.642733 64.085285 120.534885 184.409044 135.606623 49.431501 28.587600 34.379040 17.139751 17.275699 28.392235 8.839931 15.203828 14.965033 3.554731 18.596670 9.772360 3.656420 9.585129 7.921085 11.344862 6.336603 6.590727 7.482269 8.152865 10.653273 15.538005 8.165606 8.435161 13.727564 13.483111 6.592584
6.105288 1.744904 363.0952 0.000000 4.343549 11.909566 4.920035 11.771953 1.758982 6.628152 21.638322 8.821311 17.028219 22.937369 25.530000 29.036734 19.654001 15.701971 16.898207 22.328170 36.490345 39.601950 39.775784 33.132905 16.748396 8.329776 7.789706 12.752887 11.161892 8.300095 5.619171 8.669951 10.693408 11.469060 16.273471 7.707894 5.999436 14.130549 20.466436 21.132978 9.961767 7.502932 3.546704 19.200463 23.982269 41.543203 30.237449 25.830378 5.150594 15.349513 11.384498 22.792585 9.091971 16.905706 13.362914 9.671773 4.281731 23.394622 14.129977 9.792393 10.777091 12.054182 15.730713 9.970746 7.272465 4.941499 3.647169 2.417655 10.922562 16.642494 20.234107 25.701210 19.670684 33.405173 49.557434 172.870071 168.346268 53.615186 40.725166 30.980453 16.877093 16.698127 19.096128 12.752691 10.702078 8.055434 8.350214 14.706489 12.723412 8.919659 13.846742 4.683456 10.296265 5.368138 7.732957 3.531495 7.170692 12.718837 14.787830 6.362249 10.208065 9.435885 8.124243
6.158815 1.747619 353.9368 0.000000 13.658715 8.269812 9.564479 9.779529 5.469709 12.043105 14.861670 13.894777 14.605170 30.427472 30.538965 19.097042 20.720283 13.772490 6.708556 13.745320 16.846579 27.406893 60.796090 50.177295 16.046914 21.347029 3.543144 7.920367 3.799966 5.646842 6.509800 11.348910 7.654811 7.651350 11.285741 9.951750 10.380837 25.663959 24.959848 13.032813 13.200532 18.323037 18.784841 11.256097 32.995536 31.244676 10.867810 22.409636 12.286445 19.884204 19.870303 12.616386 5.470076 4.981142 7.151456 10.357662 15.072588 14.214653 12.139519 9.782102 5.438205 14.233522 7.813431 5.545788 14.111996 19.658355 18.780682 2.883052 7.906509 37.080551 22.918628 26.916496 55.512849 120.719151 196.390931 99.408769 37.128581 23.979625 24.638297 19.742474 19.309351 23.940465 21.993921 14.171613 4.414174 15.244689 7.073367 16.650299 10.148223 3.218047 14.139510 9.407346 5.600451 8.498704 15.926475 13.643233 15.925660 14.980625 11.611418 5.988129 5.734355 4.986898 15.505868
6.208637 1.753722 360.6805 0.000000 16.245343 7.341168 7.854144 15.956368 17.576510 18.509130 7.628681 21.420152 14.079248 25.887579 34.847566 23.404196 19.572219 20.896737 7.925053 9.296766 12.005722 12.304546 25.785595 58.197177 52.651511 24.009833 13.071864 13.141472 7.113271 10.420978 9.832337 10.483530 3.559397 15.307262 9.233698 12.153656 8.852813 14.364466 21.916399 9.348691 33.990789 10.625913 27.996660 13.084146 10.235319 35.726247 22.132952 21.204078 28.462233 6.168745 8.039459 15.703375 14.876475 13.231785 7.657686 5.621376 8.639735 12.126406 10.982064 11.339810 11.322175 14.370128 15.893651 7.433390 7.658924 15.375253 9.730419 17.653195 15.414852 22.827200 31.284105 13.368980 17.339821 24.755995 86.188290 223.601056 138.980145 22.754262 39.152406 47.450539 22.034126 16.981361 12.201503 26.445482 7.723818 15.519397 16.757614 17.962580 17.082147 9.725801 5.414627 12.197578 9.270469 4.499975 7.689375 14.882709 12.518275 12.022941 17.498401 14.899992 9.260097 6.936184 6.820830
6.260050 1.752955 367.1364 0.000000 10.391530 12.911730 14.051543 16.016254 7.224996 15.567893 25.716069 9.391402 8.621940 19.626501 25.341325 10.900088 32.716338 14.690085 22.247390 15.726226 9.452789 5.204372 8.686579 38.478389 54.912804 56.811143 30.585438 21.377713 9.246629 9.761659 12.070455 2.586943 5.253302 4.979295 10.549322 2.755153 6.059195 10.705168 17.096938 21.819729 22.857049 25.916605 11.765640 22.034136 17.150329 19.279475 22.805639 17.333327 27.755008 21.421927 10.544154 8.478622 13.882381 15.006148 11.346919 8.987787 7.016203 12.043988 11.471364 10.256448 10.631754 9.413507 9.912729 13.051113 12.757215 13.806542 9.288240 9.782695 17.304696 22.111980 16.028373 12.286019 23.767872 24.691589 32.432709 31.263915 151.069169 174.693402 115.980412 56.833202 38.042172 19.127931 27.010645 30.305916 25.344351 13.214227 17.379869 11.163161 4.552105 15.386844 9.392980 9.171892 15.927345 19.129298 9.209862 3.847613 2.902516 9.301124 17.405131 5.466871 26.382454 10.045559 9.093876
6.309817 1.756128 377.2754 0.000000 8.318776 10.063586 13.783248 13.930585 8.841247 8.406793 28.165870 15.865938 14.128937 8.501519 26.545222 25.961302 22.111580 20.742080 20.903031 12.194157 19.432271 19.995526 19.403855 17.596676 42.186057 66.707801 49.906577 43.315107 29.217224 20.635549 18.172805 4.791079 9.248506 15.685339 11.525322 4.954209 14.207909 11.811456 7.817500 12.075018 17.910971 34.139596 13.116095 21.293947 22.771339 8.838316 16.900897 10.844001 30.662220 23.914343 7.480824 13.615041 15.632374 8.950276 12.399133 16.051245 10.163413 8.301211 13.441056 9.283404 5.694346 7.829753 8.865976 11.535877 10.976685 16.142099 17.181864 14.973219 13.713044 12.622588 12.896307 7.298849 8.948616 30.089808 18.203219 9.445747 35.764697 130.360246 180.258875 106.977041 72.708389 55.715351 39.895493 27.934128 23.131568 27.590081 18.086614 13.394288 11.795559 11.412268 14.678150 8.491316 10.091240 11.169907 16.084782 8.694777 8.506030 12.238833 16.004562 20.369646 12.690925 22.025291 15.879231
6.359747 1.736113 385.1914 0.000000 14.290626 15.637286 14.272087 22.126502 19.919319 22.231779 16.156220 12.544562 14.501586 25.417606 15.674399 10.409017 8.953674 22.855741 20.764108 14.505910 21.983295 22.180939 19.806419 18.913442 18.606117 33.105172 53.241418 57.319643 42.219396 17.454571 3.248518 5.840315 7.588099 8.813237 7.435344 5.214852 11.572742 10.175727 5.754615 7.236392 13.563006 30.338365 27.374927 9.528235 25.040153 24.787566 4.731328 14.106601 10.404069 31.388288 22.059427 8.721179 16.832035 19.303099 16.764443 5.875154 6.473964 3.378230 3.136911 7.654744 10.096016 12.153669 10.624226 6.334912 3.225402 10.559453 18.897425 15.596879 12.157923 10.610768 12.569534 19.669180 24.519181 30.139798 25.218581 18.381098 29.869980 72.355052 71.148378 110.444118 189.413935 27.452243 54.205211 88.146564 47.976670 13.592871 27.152990 26.764186 26.611643 12.395118 10.738652 9.317913 3.984914 12.670121 19.739787 14.370894 12.701090 10.607351 11.557853 20.482069 15.144676 10.998003 17.135745
6.406811 1.732828 382.2429 0.000000 16.105817 18.055288 18.811036 16.269802 15.577720 29.030354 25.902816 15.080952 11.160424 28.466917 17.746405 5.686342 12.153800 23.212539 13.126590 5.525050 19.789900 15.654691 16.688493 13.584870 9.557381 20.205222 36.643803 60.132600 53.221297 29.515338 20.487073 17.796259 13.558865 6.614407 7.208063 11.524054 8.813441 8.041500 9.911447 8.424400 10.463537 21.758319 18.876982 17.628339 26.270747 13.428041 19.898951 21.163487 17.361889 25.131738 10.975540 10.547274 19.127409 19.061305 11.520446 5.160092 4.220365 10.684834 8.294530 2.897377 1.461857 8.341535 9.496901 11.275177 19.055078 8.487124 6.272771 8.585010 8.454387 9.275799 8.615883 9.121112 8.257657 36.172534 28.564255 30.675152 23.485228 61.301535 98.846529 154.189112 117.256849 67.212848 83.886713 83.967796 44.730042 25.040777 22.722455 23.877682 15.798504 8.904787 13.126926 12.493462 12.109193 14.149439 9.764174 8.558145 9.960748 10.848029 19.793032 22.321484 15.042972 17.466194 13.886641
6.454152 1.731616 407.1429 0.000000 20.412753 8.852955 15.001118 16.957363 24.124653 16.250171 6.459314 12.942747 18.708992 30.357270 22.187420 16.373687 25.421736 19.191150 13.111807 18.826558 17.080744 21.342941 5.642180 9.495278 9.667340 20.944467 28.151604 25.510779 52.895632 49.752975 31.596580 30.037452 25.120876 13.821825 5.261054 14.355707 16.906737 15.868856 14.956858 13.299416 18.335049 14.490339 7.755840 9.372756 16.959683 32.170741 16.005456 14.516915 12.498705 21.155116 26.806826 9.285996 7.339047 23.184934 19.827545 11.686067 4.279167 5.875272 16.891203 9.757969 10.942584 10.047546 7.338835 9.799952 9.864261 10.521173 17.708125 16.354961 6.575408 8.428876 12.557432 10.212428 13.125205 14.843881 30.814242 25.476972 41.709848 34.177162 23.974057 42.936634 114.427968 135.303133 84.145657 90.868121 130.812695 67.519076 38.178529 26.135759 21.783222 21.141185 16.211208 11.330099 14.171995 18.114218 12.782221 14.473833 15.018126 7.287565 7.725167 9.103203 17.435188 26.558834 6.114603
6.505416 1.725377 381.5754 0.000000 24.267470 4.686801 18.735634 25.072419 16.907087 21.747318 16.096731 8.656410 28.662156 25.483862 13.006914 13.275869 18.131215 11.214233 21.283869 13.104270 22.955373 7.870317 11.527022 6.103208 18.742465 8.339830 11.534492 29.616420 40.885699 29.790711 46.888823 34.571812 13.506878 13.974321 13.303461 8.896119 7.043580 6.675326 4.809132 11.115955 16.880739 23.739178 13.548055 31.806698 6.825869 28.791240 7.079635 22.225747 25.299094 8.278361 5.371610 20.698447 5.170823 21.260520 12.047887 9.419709 8.043807 8.339772 20.800939 11.935036 13.204806 3.434187 13.989901 18.837394 11.994447 12.799266 6.241618 5.750961 19.234947 13.521047 7.959099 21.995072 33.286545 57.743978 35.435478 23.400901 63.264806 75.266461 50.856756 146.310774 149.850585 58.285872 63.922385 64.331554 40.065916 16.803459 18.834295 18.210101 8.906394 6.473606 12.216648 13.113689 12.676039 9.227818 10.015446 4.637510 12.643474 20.992037 24.080122 8.719543 9.930931 15.734057 16.592851
6.550729 1.722241 370.4135 0.000000 9.145433 10.793400 12.677500 9.887141 4.984548 23.513766 10.858736 20.171271 38.438226 3.957095 8.466345 19.482520 18.702609 18.537622 20.214744 17.818564 18.201365 14.128147 12.940042 13.852993 16.706451 13.965295 19.239046 17.962135 20.254992 46.485798 46.137105 27.056461 15.018134 17.663936 8.744303 4.242509 10.692683 8.355472 7.929608 15.299462 19.632419 23.607298 31.950824 19.540055 25.279678 17.606768 9.158025 11.114437 8.278465 11.121361 18.118753 7.545177 10.425013 7.247475 7.841709 8.650859 10.106792 12.171060 15.012987 11.093837 8.859011 10.772050 18.267637 11.384108 2.793218 5.062291 16.708038 13.506101 21.640115 22.659288 7.085831 30.685432 12.754949 29.542571 22.975156 50.018458 85.365247 197.929878 127.061047 44.323839 43.626893 35.016827 21.471096 33.302622 20.932673 23.304928 15.202534 7.641554 12.283624 11.101546 11.441361 13.066923 10.607438 19.373433 20.328247 16.377075 24.469579 23.909535 21.397033 19.338594 23.691257 18.653029 13.703820
6.605365 1.720933 374.8401 0.000000 2.731018 11.607256 19.241715 8.929118 16.859678 31.023621 33.105231 18.688693 32.485186 16.907943 14.873920 8.363650 16.030336 13.118542 21.189839 15.445890 13.049507 10.354080 22.407421 17.561533 9.117630 11.250279 4.108124 8.909524 10.682239 18.945597 39.148623 37.989010 38.553878 27.757564 16.404161 18.039852 15.121655 11.687324 7.212729 9.713791 15.697873 25.237642 27.023276 19.251726 24.127448 19.921982 12.835586 13.857056 10.946192 11.154002 20.981544 14.361760 7.524152 10.251231 10.018870 7.414772 8.725750 12.540349 12.576545 6.862786 3.796498 21.358477 10.459265 8.823510 3.807118 7.113252 5.911659 23.840470 8.391640 14.066410 20.520707 7.549147 10.817079 36.492050 23.036710 21.223002 38.403025 49.396971 179.037866 117.049120 100.579632 63.941889 22.739632 25.607961 48.969719 25.117550 16.582982 21.720490 8.788150 11.595389 9.670671 11.658009 14.918687 12.021451 12.433583 24.301230 22.141473 15.869345 13.728906 18.289724 17.466925 14.500506 17.118062
6.658689 1.730872 370.9684 0.000000 19.278846 7.253190 13.741943 14.870199 22.715129 14.007968 18.350515 23.044316 23.843367 22.280746 17.978229 13.254100 10.312066 14.429702 19.653832 15.082842 8.427785 17.938214 20.667121 13.102932 7.704267 5.397885 5.847172 7.345288 21.396463 14.949110 31.747579 47.270987 48.061701 26.450830 14.764411 9.948849 16.776178 24.463911 16.277700 16.610907 29.146013 24.090801 10.040408 16.103995 22.771480 28.994255 22.451959 17.505368 27.681925 14.486083 8.630802 10.750196 22.462269 1.494587 16.244221 12.589829 14.346409 13.189732 9.624278 12.485648 14.843495 23.228831 10.516750 8.869015 2.756335 10.613189 14.970662 11.498312 21.555218 19.847530 20.849894 33.553749 26.830480 38.870427 35.450280 94.955131 108.783023 184.838925 96.711390 48.438276 13.615363 9.123650 23.187322 28.441007 11.028378 24.750595 22.898318 17.386804 18.346198 15.641319 15.392508 13.499221 13.730563 24.345085 24.747710 14.219138 14.563232 20.691705 16.655854 6.693727 5.334399 9.232237 4.452614
6.707537 1.734682 383.6519 0.000000 18.311038 1.409596 6.236748 14.615644 22.253030 13.179156 25.697353 23.136430 19.456030 14.778656 24.670923 8.265437 12.110360 4.850521 22.173930 16.336976 14.158385 9.816447 12.845879 11.484291 20.810973 4.276734 6.995510 8.477086 10.782177 16.981484 6.279727 12.698216 32.595350 63.801571 38.626209 17.102160 25.814745 19.242351 32.380967 19.974165 18.776489 9.703380 11.573536 15.683757 9.875303 22.315079 11.295273 18.889752 20.516110 31.480168 28.897527 11.013653 8.584671 7.280200 11.872687 6.091719 12.516935 7.929907 6.085001 10.522637 6.591586 6.522259 18.588116 24.864494 12.516256 15.279735 8.473885 8.230354 17.777454 19.153385 14.311213 8.725501 6.526509 12.931638 20.662056 22.343598 17.256941 35.609613 59.061098 131.355556 148.874109 40.502906 54.068769 22.236069 15.280884 27.071465 19.372567 4.477103 20.122389 22.078805 16.236463 14.069354 9.871439 18.142033 26.426115 20.680670 23.315044 29.116502 18.852805 10.222129 11.520593 15.968671 9.062284
6.757647 1.752090 385.2094 0.000000 22.211286 8.912463 19.071404 16.019283 18.136971 16.169745 14.965977 9.948087 24.787627 19.502272 15.685525 7.899346 17.832568 13.764950 15.599741 15.554756 19.949842 19.186592 7.108556 4.517611 19.611249 5.339411 1.365488 6.232753 13.839355 11.855855 9.688638 13.269731 27.353128 48.321600 53.324582 30.758456 45.512989 24.596411 2.695226 38.495147 31.143007 13.001560 8.276748 11.549273 8.332993 27.668371 16.143832 21.835053 16.372112 45.273891 16.337214 2.303562 5.298288 6.076429 15.427293 10.270185 15.720489 3.828488 7.142601 13.811328 7.812146 6.028169 14.127507 30.182524 14.352701 14.733896 17.059751 12.762870 3.421936 6.274098 11.066483 6.277938 8.715539 5.497628 19.994709 14.345121 30.897241 44.194793 25.542373 100.229104 182.123013 96.017946 114.090908 53.023422 52.918754 45.730973 32.428342 31.417335 24.905605 9.344999 6.608920 19.398295 7.839996 13.533966 22.924948 19.088566 18.859454 10.180623 7.592213 12.668423 11.216877 10.285576 14.816835
6.805443 1.757615 394.8185 0.000000 19.448791 5.234644 21.228958 22.404262 7.251030 17.519107 8.478193 26.289807 17.653364 24.531642 7.502012 20.754920 6.920745 7.076733 15.153645 6.526360 18.543790 12.922350 16.668682 5.028217 18.614234 1.693554 7.426576 4.647609 15.727576 13.516476 18.703767 12.412192 29.819230 26.521959 40.239112 38.402476 53.400395 45.546226 30.589224 15.379530 35.435011 33.002061 12.723668 7.279424 20.254954 17.452920 9.951281 21.224550 27.162553 36.009795 13.715119 2.860134 10.508822 11.074181 6.966511 4.102006 12.886803 10.843931 2.423419 10.083498 20.635395 10.196124 5.194288 26.412462 19.243462 11.446272 7.482913 13.522983 4.958071 9.009739 8.644760 7.491071 8.674142 13.813264 5.797699 14.135253 17.721525 23.301153 63.667201 78.332366 148.425428 152.468029 139.378646 59.237232 33.683846 29.038250 33.237822 19.572734 19.449876 10.448090 7.546498 14.768821 4.337238 12.293873 21.167690 16.867101 11.038684 4.514793 5.459168 15.499150 12.912226 12.640608 17.743631
6.857958 1.755453 400.6878 0.000000 16.420127 10.977465 23.060009 12.522676 14.292808 24.266323 4.471385 29.258785 15.355242 19.204593 14.872979 23.677671 14.484343 9.602231 8.241407 6.737340 12.944863 7.602748 21.410862 10.681963 11.169256 7.321178 9.636546 12.280221 10.336500 10.845379 14.834486 11.101828 10.339612 7.504009 16.331707 28.382118 41.018735 56.870458 61.350061 38.692321 18.068455 31.144615 29.463693 8.559543 10.674583 22.486223 19.822281 15.472821 26.226097 28.143404 13.370278 6.380003 8.570924 10.665152 7.879688 4.844630 6.334981 11.988230 13.931813 6.495053 6.184649 14.979811 11.954733 10.008254 14.775810 9.266650 5.154872 6.595049 18.660205 8.180351 15.734164 14.925974 5.269491 14.602278 18.966193 20.066197 34.523439 34.723084 24.851362 13.406657 56.591072 54.111568 52.165993 241.838524 77.343331 34.343292 34.914687 24.536046 11.379274 17.869869 28.163255 30.360689 17.065797 16.190825 7.418052 28.032998 17.810340 18.449498 7.220116 5.659910 12.887995 15.361395 13.905286
6.907006 1.754421 394.0108 0.000000 8.073059 16.421131 22.632338 9.911952 32.913575 17.619832 23.852617 19.063458 10.056832 13.679759 21.535043 13.670609 5.343275 16.003452 22.800755 21.186628 2.129761 2.840071 23.675938 9.533425 8.123134 5.318103 8.383929 11.313357 14.724435 15.851629 9.760905 18.176167 15.112251 7.088050 5.704928 18.757890 26.034784 64.749393 61.843024 45.080748 33.437762 15.656825 34.253117 11.108605 13.052585 16.930106 4.426263 14.934374 27.974187 13.177327 12.500238 11.445819 14.643218 14.220488 12.464070 8.759754 8.638388 7.438055 14.320356 14.565148 10.468815 7.426860 5.083118 13.351274 14.507296 10.462472 16.298939 13.078958 8.232530 7.376061 5.525524 15.241631 13.749238 9.897211 13.689520 27.928966 28.726712 23.317454 29.836290 45.342135 38.027872 105.190170 184.960244 66.804052 62.789912 49.594508 23.369427 17.155363 18.507655 22.080294 16.657283 13.174695 12.938991 19.040884 14.892603 13.216742 13.681612 5.009836 7.190915 12.318778 15.929615 15.232588 13.818830
6.954194 1.757631 413.6460 0.000000 14.452435 26.431591 18.541895 8.832781 18.514448 23.899618 26.278971 15.783946 12.395895 8.642578 11.590330 11.020456 6.731888 6.262930 18.580236 24.473072 12.903517 5.507762 11.938400 17.069430 11.274910 6.084956 6.210547 9.541094 10.663099 16.071394 6.858354 15.437820 31.791470 15.347095 1.863079 13.252448 15.295147 18.816374 32.690102 56.045553 51.927284 66.265978 36.928294 19.261926 17.123351 16.562836 12.854199 15.117805 19.341226 19.401077 11.003841 8.502640 8.613995 3.858153 10.997125 19.416576 15.785299 13.627371 5.697027 8.210728 8.955216 16.702510 12.499558 13.728902 5.207171 11.372178 20.029266 9.052281 13.420401 19.332552 10.777756 12.137098 14.809621 18.618610 14.934255 10.327403 7.853602 20.541222 24.620682 23.068036 17.317024 31.336493 29.315264 50.919802 106.032689 155.751216 165.017830 89.819174 16.584056 13.563359 13.428214 30.944130 13.370912 29.298776 17.840150 13.111830 20.629625 30.745287 10.402681 16.945942 9.384056 11.150071 2.437351
7.005320 1.757070 402.3603 0.000000 16.524225 10.839509 11.587943 27.282620 18.630732 31.359895 15.304281 9.517788 10.422714 4.104428 8.842413 6.787143 5.530606 6.902251 29.809597 18.099599 5.264082 9.510690 19.206239 6.507016 4.923867 4.365777 13.341404 9.001209 9.603881 9.660512 10.436446 23.368359 26.561501 10.665904 18.064579 13.178496 27.116268 27.855172 26.094907 47.656491 63.362034 54.314895 37.689325 10.177165 11.073508 23.238797 26.108184 14.015865 14.244424 15.287118 8.804957 6.757403 7.312583 16.014361 11.340541 12.468946 9.648110 13.326295 7.180808 11.348580 5.307555 12.237749 15.794887 6.617498 14.205707 6.487238 11.478340 12.711313 14.258273 16.238577 9.859758 9.040959 6.676804 12.383300 11.324447 16.228297 17.526334 11.293975 7.241945 26.675335 26.277018 32.953595 57.259777 197.909664 153.644583 55.681979 17.195098 8.568767 26.070472 20.502679 28.759740 26.132980 19.641428 8.644961 14.961974 13.030091 11.138918 7.468928 9.867452 11.512381 10.848671 9.156400 7.224372
7.050757 1.746274 391.9761 0.000000 23.228282 17.157232 18.094011 7.374618 19.018374 29.916787 16.726358 10.475683 11.257251 10.732862 9.112183 5.956486 10.765895 17.952371 18.786908 9.506737 3.046422 4.075128 9.379453 6.149941 5.106005 7.640394 13.258605 3.873114 6.820470 16.604595 14.064844 27.580757 5.810489 20.658303 12.587933 24.732532 13.548016 13.524558 29.827018 67.720793 52.587744 45.502524 26.677242 25.580787 20.862993 11.543443 7.374323 5.094488 8.287107 12.274863 13.082262 13.039562 17.305934 17.438169 5.597946 11.902712 10.099764 9.764756 9.220539 8.800121 17.692359 4.709396 20.993099 9.694096 15.799979 9.950764 17.745150 3.853064 11.142934 9.452363 7.809353 10.787196 6.880990 7.078604 14.211546 19.218985 11.605521 31.966233 58.357091 52.941511 140.370560 183.278433 105.574308 42.213917 12.335710 37.969858 25.830645 22.528876 22.462495 28.822407 4.679679 19.380775 9.124839 10.620819 14.628398 8.661358 6.735017 9.066541 14.155844 13.546708 16.443856 20.314624 18.112524
7.105213 1.735718 396.1293 0.000000 13.517484 20.966635 23.945278 10.724924 27.065251 10.855008 6.643782 15.589575 5.184162 14.338797 7.149011 6.643641 9.829709 7.357557 13.702347 18.452435 14.055416 14.390085 13.056371 9.020122 8.098683 6.478189 6.405577 8.023560 8.940997 18.163141 14.373108 14.435703 13.294709 18.070436 10.766752 18.798278 21.815616 13.294100 16.875898 36.962825 32.946263 68.881227 50.681713 10.587967 41.253944 19.461143 9.657790 9.614301 17.183484 9.166200 10.782270 7.657945 13.266316 16.971810 12.674832 7.441906 9.984055 4.873078 9.553651 10.724432 8.336635 15.091627 11.982776 8.208282 16.526286 16.598062 17.265782 21.801077 20.068170 12.932598 10.988218 15.426186 9.469249 8.351396 16.452201 17.966939 15.487194 8.706268 42.278621 33.275189 112.941869 131.881243 206.828297 19.635742 48.641037 7.282938 49.576737 23.617948 19.429410 11.446765 19.341147 21.111659 16.888958 10.774819 9.489125 5.020158 6.971266 4.917557 6.433759 9.020356 7.916648 10.213183 8.148749
7.160195 1.712866 386.3377 0.000000 7.001075 26.780093 28.302331 17.400015 9.470041 17.916859 14.108722 9.849680 13.789635 13.208606 10.173755 7.810120 9.237246 8.233240 16.722969 12.284723 8.601787 14.202886 4.399312 10.971943 15.792193 7.798804 7.972374 11.712786 5.657049 10.849610 11.792862 11.925657 14.227960 16.177038 20.381810 15.110859 14.701119 28.441659 17.106571 11.839555 50.585317 65.612798 30.999036 20.582346 2.503422 23.013747 8.978205 10.070917 11.771522 8.673799 10.730049 12.073620 11.763965 4.934851 8.819900 8.193478 4.024511 6.684762 8.600033 11.949082 20.697573 4.951735 15.249188 6.847381 3.315058 18.895614 11.260727 6.414446 9.487544 16.056308 20.689431 12.585712 14.971062 12.605832 8.800464 13.584786 34.207558 53.341611 66.030162 137.874116 193.425506 98.160989 16.911851 6.104553 51.904469 34.190163 20.917426 16.947513 13.551848 14.207696 11.897613 15.155205 16.149132 16.923855 10.797902 11.487511 20.936602 9.621121 9.100948 19.541607 13.242884 9.945088 17.022858
7.209162 1.702009 400.1671 0.000000 12.898238 15.685904 16.949140 29.702501 6.073503 17.860586 21.360265 4.302647 2.625249 5.357622 22.780961 12.853708 16.503862 16.935013 8.807566 12.337291 5.545643 11.461130 11.964952 9.833128 12.380645 13.494401 7.551530 10.855415 8.104902 12.480611 16.842827 8.960466 8.150812 11.960730 18.159061 15.197426 18.160976 23.181571 23.582913 24.810770 25.681894 34.878603 48.065729 30.849698 28.551602 32.143430 13.819483 15.235584 17.032069 15.006930 9.066141 7.578076 5.966146 12.933541 9.590399 6.335452 13.425091 10.189233 10.901120 4.843682 11.181405 8.967897 15.595072 13.467330 13.658952 15.107291 4.623077 13.226057 4.545065 15.759943 11.260777 2.929746 22.252216 11.129292 6.400791 10.760386 10.808596 8.110815 27.313716 18.145348 24.939548 39.927800 154.063685 192.529741 104.655426 53.176058 38.177752 31.334875 30.710636 11.566726 15.744075 10.619669 10.836231 10.757897 7.984613 3.798819 7.749584 11.177647 12.125642 8.221284 11.946558 13.287789 9.280199
7.259765 1.693440 402.7712 0.000000 4.061361 9.936631 6.679742 33.352067 9.732599 19.231220 20.893681 5.647675 9.101760 13.561390 28.478882 5.503993 13.409006 15.179251 13.236170 10.428389 2.762439 6.820649 10.809717 19.127005 10.230702 20.613509 10.246265 12.052319 6.732727 5.449788 19.899704 19.303600 11.989382 6.857953 15.932372 11.076375 21.139982 8.883294 28.310828 17.376812 13.902799 12.192682 32.333756 40.602262 30.219735 28.463687 22.883697 10.435330 15.104100 12.303181 14.862222 5.455825 12.793469 8.183170 5.064392 5.832182 8.839627 12.010363 13.322029 17.683634 14.135718 15.645101 13.711680 18.177402 15.681497 4.081424 8.302355 13.101799 14.586134 11.428189 11.320282 6.669005 12.626643 17.687242 10.967254 8.496602 14.959476 11.720497 17.882389 19.821746 33.104088 60.768889 105.532646 147.156014 147.219966 111.846113 40.852272 42.998236 30.031107 13.362314 22.244714 20.260358 24.207568 10.603220 5.969801 7.637678 7.594518 9.538469 14.805575 24.026441 18.281542 6.958701 8.624609
7.306998 1.694346 405.6040 0.000000 8.041478 12.903822 6.259289 28.533825 13.208926 28.759094 26.889625 18.191076 17.400083 14.388441 25.937185 8.559819 10.379928 18.197118 5.533567 5.071215 10.020756 5.976033 7.270461 16.628628 14.053179 13.182886 8.856753 5.562404 3.832613 10.466026 19.118911 17.360562 16.927225 17.044128 20.042593 17.968170 20.722184 19.848367 26.383035 15.756896 8.700242 13.790795 25.287083 18.000599 17.867191 30.626045 34.432079 24.330168 23.432085 16.807846 8.466550 9.459701 9.822309 10.838203 10.066206 10.948108 6.339702 5.800240 5.989680 15.905951 17.812542 15.139570 8.960588 20.082029 13.835621 4.018242 7.228073 10.589356 9.894102 7.912385 14.172182 2.766492 18.872143 23.884838 8.121428 8.154628 9.038033 29.271260 23.679174 4.858832 44.932046 46.391951 18.159550 60.335320 235.550402 73.005415 28.887895 55.499827 13.366169 19.935820 22.095212 30.333101 14.451872 22.073667 7.841909 9.622649 9.067318 20.700090 6.745068 16.426897 10.000572 5.371803 8.541457
7.360676 1.708150 406.8192 0.000000 6.126233 5.051391 9.056100 16.451153 23.382074 18.122587 26.232470 36.886151 14.719454 26.891377 14.854327 6.776644 10.850854 16.059321 9.110964 9.004331 3.456342 10.397292 5.808014 15.524359 11.678702 14.937496 14.490180 10.227022 5.783004 7.971230 19.819711 28.765084 29.279112 27.052799 16.683550 12.988610 15.581567 11.544987 23.381054 25.738818 15.841817 14.723651 8.604737 12.877612 12.344990 18.697637 39.722900 47.379090 25.319699 11.801342 10.485265 11.397544 8.271801 4.984617 9.178656 12.228498 9.771381 9.443358 11.964180 11.558913 18.859945 15.159359 9.829704 14.679671 12.627327 7.548974 8.142659 11.584601 12.777112 8.614667 13.174777 17.624289 11.413766 7.624535 5.847814 2.575373 4.861431 26.372351 25.619863 34.160128 19.279954 12.523214 24.719826 45.199583 211.233519 96.836618 33.225239 28.658299 27.501891 35.405176 26.313255 48.360508 19.878539 22.778771 10.199289 5.814815 8.899092 21.350328 8.435054 12.087978 14.270277 3.637398 14.545823
7.410700 1.705739 401.4297 0.000000 11.792453 12.073335 6.789298 23.481761 19.433649 12.789447 31.713127 32.676542 18.087651 30.535019 17.964999 7.951890 10.319834 13.921032 12.995435 7.756131 6.481601 7.662314 9.056992 12.288251 8.929983 15.655542 9.777360 3.229382 8.100909 8.949752 12.158227 10.495943 35.890955 23.423730 16.897693 21.221658 18.650852 23.431981 33.575747 27.578959 8.069891 8.958460 12.013133 8.354957 10.729992 11.706433 42.285520 48.387531 30.848381 20.788346 6.251667 7.072361 5.068693 4.154270 10.537991 13.029820 4.850385 7.165285 10.010569 11.024080 14.119184 15.419403 17.545140 9.875952 6.812427 13.327293 10.980774 11.017440 14.481596 12.781486 11.508385 12.143848 14.667188 21.923557 23.220428 11.711059 27.738272 15.668753 5.222737 10.419798 24.368531 32.022378 46.373820 184.857761 125.940146 83.394323 44.675166 20.175130 20.629175 42.026333 45.055477 35.217058 22.053689 24.364891 20.289756 11.098245 8.927350 17.588389 17.621274 8.581237 8.121006 7.857371 6.381935
7.460701 1.703153 413.7722 0.000000 1.037023 20.285084 12.613082 8.392470 12.619039 11.815833 38.017966 21.872022 22.449414 19.030226 30.782781 23.372968 16.643444 14.995587 5.819068 16.397720 4.954959 10.621166 5.289030 12.506768 9.976053 21.044724 12.168437 12.636079 10.271972 16.216752 15.861196 6.588762 25.061293 30.575995 17.785229 12.971977 12.845604 5.978897 9.038008 34.078031 31.927537 12.538368 12.646922 9.070975 12.717024 16.482453 11.184921 31.683631 36.856459 37.720491 34.763189 17.721298 7.230326 3.811568 7.605922 15.661950 10.490021 6.491700 10.099165 11.423858 11.118908 15.910869 13.031266 11.473686 8.067493 9.730208 13.799229 11.503325 11.068118 14.796487 15.589283 8.899249 11.094378 16.587580 18.976496 19.256510 14.273444 19.431584 21.411333 19.258305 26.071602 20.822662 28.247699 44.021716 84.626389 156.108191 143.502634 54.151128 32.573747 15.340235 10.742563 23.300651 39.923710 35.172049 17.288293 20.615711 24.146800 20.030234 8.713625 11.749469 14.287571 7.168036 9.250584
7.510632 1.702895 413.8250 0.000000 15.430861 9.145656 12.614327 13.027684 7.811574 17.676938 17.181356 15.592200 24.506116 18.522479 32.353546 28.489141 23.082922 24.444601 7.544384 13.276602 7.891940 14.540256 20.003499 5.507211 7.975763 26.193733 12.501404 11.312816 9.329788 17.327120 17.925002 5.715855 16.514000 20.791620 12.554321 10.066295 13.155883 14.981877 25.125530 45.626669 22.156154 1.820903 5.032849 7.993948 17.003320 19.725817 12.512311 17.208850 21.816419 33.944981 38.922625 26.548752 16.602111 10.670061 8.680684 15.425565 12.575020 7.196747 14.962896 9.218488 8.016135 8.272639 10.749795 12.918697 9.610086 6.317057 12.565299 17.926389 9.659575 11.718343 11.963314 8.050851 10.876593 13.066688 19.957424 24.311677 11.947518 8.913440 9.709427 15.795421 20.749899 10.182752 9.913337 13.021504 40.540511 145.950944 176.158638 55.208785 27.046422 17.573777 8.416872 12.076823 18.686686 15.176248 19.699514 26.497637 19.082543 20.255026 20.567927 21.385689 17.634650 3.559415 9.223133
7.560644 1.699190 418.6890 0.000000 15.964204 13.990743 12.560789 6.116448 3.980324 27.062078 8.839956 2.763610 16.138045 10.057368 35.673734 26.180534 24.431453 19.953769 15.736633 19.570385 17.131230 13.765027 22.817842 11.560397 7.550514 18.769620 17.663968 11.970395 12.337698 13.088911 12.144986 15.898427 16.908524 11.441712 21.513074 20.023280 22.445474 27.891453 34.621700 25.430640 13.394623 11.994173 5.560865 13.013027 18.646169 16.380691 8.288661 7.415426 17.004536 28.649921 37.076517 27.469998 26.995868 15.923927 10.398102 15.340602 12.735691 5.917522 10.135468 12.735218 11.962648 11.199707 12.855405 10.358038 11.155175 4.769851 6.937392 10.158550 10.956283 15.124159 8.006290 6.998123 15.891058 18.403199 18.849876 18.029210 21.858101 15.967078 14.035294 14.353995 20.179847 31.111907 27.057418 36.833328 58.137627 106.353933 161.925206 129.282251 59.256721 43.943610 36.945261 22.476125 13.250899 8.831376 13.675707 15.390184 17.446306 25.163100 21.656290 19.317642 17.660470 9.220377 20.091331
7.610643 1.685725 418.4241 0.000000 6.431687 6.300402 7.265553 16.789008 16.462405 17.018660 3.821781 5.185272 14.479088 5.401102 22.551614 19.487352 40.449369 19.326213 20.727341 15.364088 19.381941 16.115892 29.086509 3.712939 10.844499 16.203987 14.639184 15.372254 13.822909 13.237863 8.808597 9.628901 14.139004 20.619546 26.612512 20.740687 28.136699 37.751678 28.232083 15.915948 4.069859 8.978818 9.961006 8.085783 8.156331 10.721815 12.707582 5.019399 8.771378 14.262091 20.493542 18.252166 30.107214 27.098290 18.623056 10.644128 20.041764 8.639690 8.171405 9.619262 14.841757 21.198369 15.412906 9.105993 10.533055 9.143579 7.115889 11.407547 17.013438 15.420023 9.933949 11.741420 13.688173 19.353901 16.962310 6.028064 8.139063 5.142330 8.692430 11.428023 9.992032 11.465958 7.474937 7.845511 17.048442 46.017060 157.065835 165.015844 51.063876 11.621732 17.343320 28.291701 16.436551 12.130817 8.767028 5.269087 7.502970 21.348436 27.940027 24.851734 13.983549 17.620453 25.550353
7.660702 1.688746 418.3235 0.000000 4.906994 9.267328 10.380604 15.740904 19.225346 22.517118 7.773356 8.883704 13.296324 14.812200 3.657523 10.823328 10.604369 14.738689 39.391050 8.075791 22.544868 17.681607 37.527925 13.112331 4.204822 6.635904 9.672931 12.335395 11.888972 13.356230 3.183489 7.588945 25.408597 22.318492 18.360230 8.316137 32.694230 46.114688 27.386713 14.227404 3.670828 6.998743 8.880963 5.471189 5.367221 5.543875 12.092097 9.934664 6.909870 6.117677 5.727348 12.431861 25.541013 31.724378 24.946028 22.410421 23.284487 16.872651 8.883151 15.853626 9.311418 15.112487 24.017470 15.472030 15.708677 12.800593 9.816681 14.151054 13.590721 13.235777 11.876797 21.757628 15.236063 10.443198 8.333611 8.582783 11.521158 11.551659 10.484474 8.576334 7.631017 14.068282 21.651027 28.468564 43.126939 65.632092 125.292731 167.448124 115.828450 56.135165 42.699346 33.911552 22.730388 14.611074 6.381132 8.111989 11.023624 16.176400 13.086814 10.193614 14.864444 27.220866 31.211439
7.710759 1.684943 423.6956 0.000000 2.909929 2.860530 10.975511 15.787246 20.538973 13.883991 6.323921 7.902393 9.795117 18.487144 15.824038 22.815642 12.215529 20.230227 25.677721 12.627810 17.244452 17.053772 30.981787 9.181728 20.305289 21.467705 23.532578 13.202887 14.944051 10.172402 13.969229 12.764665 28.423883 16.748921 7.126085 28.077852 49.691172 20.189011 11.194921 7.560485 7.451415 6.986209 6.266830 6.218960 11.905932 17.062094 11.659958 11.716341 10.327083 7.984806 6.679030 14.709341 7.717136 17.676864 28.365476 21.908385 23.267045 21.550592 17.340949 8.919465 12.283979 16.517005 15.315651 17.871864 8.541509 8.765308 19.795009 13.347367 7.373010 15.891594 14.954641 5.860653 9.748590 14.500122 9.699213 10.309815 14.955167 14.229835 14.028312 13.333941 4.784533 6.564527 9.311155 10.598562 9.551274 18.277175 47.260330 149.435322 172.041912 46.364345 11.683285 19.998010 25.167667 14.468020 12.220414 9.745596 10.233718 19.402733 21.923305 15.863777 13.925048 23.568766 25.651003
7.760820 1.670327 423.7295 0.000000 13.613502 7.612196 14.461413 1.431521 5.310498 9.631387 19.223865 9.408779 25.644126 36.082547 19.428809 17.361700 20.034915 15.346815 18.252330 19.409359 13.096594 13.585638 30.838226 18.453468 28.088443 18.605695 15.284915 7.483495 12.561256 8.724172 13.384422 8.622786 20.882428 7.233729 14.907644 31.151298 41.879579 13.524111 5.779321 8.121739 7.978561 5.477911 7.818971 19.430070 14.874048 7.614796 10.856826 12.094549 13.023997 3.761217 9.333394 7.033333 7.963891 11.098134 21.436165 27.020681 22.550966 26.971342 20.383405 8.382128 13.267960 17.447340 12.691410 14.654196 5.367210 6.880950 14.964624 9.655059 8.968336 18.136308 14.374162 5.248044 10.280196 9.391483 13.090609 15.112091 17.671346 10.159628 10.343254 12.539779 23.942725 22.214016 10.897916 5.884352 12.533657 27.061024 50.767985 130.501790 170.431239 90.529570 42.418056 32.658369 25.691093 15.347055 14.125531 19.863099 18.291793 16.392316 21.845706 26.467057 17.972957 19.390507 20.656078
7.810634 1.670444 423.9156 0.000000 22.514672 6.913384 9.881936 12.306604 10.441357 3.830706 17.795249 20.363646 28.782212 25.100740 20.930421 16.464409 19.925906 7.178527 8.361568 17.350429 10.906601 12.125678 16.798947 18.671211 26.921025 15.684535 9.897623 15.803049 12.673762 7.035756 12.093667 17.173498 16.832053 5.188582 22.271673 37.426837 20.279333 5.462023 3.418631 9.418740 11.937359 10.132704 13.320429 13.763765 10.932320 8.725012 15.103281 11.349659 8.704042 13.050584 9.005123 6.990343 7.357586 12.777039 21.757404 21.073011 21.421644 30.019682 17.623211 9.237219 19.387789 10.821409 8.173555 10.689088 9.867033 8.081665 17.905204 10.795636 9.316345 11.590588 8.410037 9.649805 6.996998 21.908808 15.231007 12.449675 7.855079 5.392270 13.214311 10.358351 14.608157 18.878474 14.736458 13.839594 18.811928 21.874492 48.956170 147.402966 170.427855 67.503459 33.047503 12.361826 7.722625 6.357850 16.853165 21.311877 18.375904 16.366892 25.900290 25.868367 20.038731 15.610244 13.891526
7.860677 1.659820 428.6542 0.000000 21.465989 7.849880 9.218124 12.953278 6.643445 8.249579 21.862798 15.133327 32.765095 22.064304 15.821451 2.867188 19.661340 13.796042 10.335312 13.536444 11.121338 12.350536 4.425243 11.917732 17.526604 23.772731 11.459088 12.376512 19.170241 16.747562 29.079607 13.062618 21.353079 22.244682 15.119107 31.626585 23.861708 18.246598 13.486171 8.123445 12.353011 11.002874 13.063766 11.446076 9.689628 9.712296 10.807994 15.585609 6.249060 13.271713 5.804071 8.226067 5.442311 14.236428 15.707766 12.061002 18.450054 15.802756 32.609347 14.077567 5.286648 13.767619 22.122604 9.737586 7.751566 10.817445 11.933098 12.805098 12.453006 10.444046 7.385893 14.030747 9.020136 9.420892 17.585613 8.955184 6.867795 11.796759 16.146190 20.227147 16.205157 13.553503 16.881853 15.808264 17.710349 35.793055 49.799191 69.770912 134.614421 156.983500 98.839044 57.750216 33.164457 25.101962 16.146678 17.102389 15.680008 10.067426 9.652173 21.522328 23.919103 14.539968 19.226232
7.912998 1.640527 428.6859 0.000000 12.538141 13.892785 7.611157 28.813293 15.730822 16.463271 8.159366 9.126930 31.829501 16.048547 10.576220 7.137725 20.547203 15.785416 9.312817 14.261421 9.870416 11.852062 5.938578 13.066222 7.687949 12.581113 8.952174 11.952375 21.038623 18.536498 25.184365 14.376042 23.612288 21.125712 10.270670 19.904508 26.884976 19.801412 8.037641 13.944810 15.331171 12.472554 14.483638 7.473875 9.684867 10.784580 10.837836 7.556263 8.739171 11.516965 8.711823 8.039549 6.309747 8.300098 12.534937 14.746777 18.813027 11.310270 34.977902 22.557327 14.394724 11.484366 17.255572 15.403747 5.350897 7.146370 8.881814 11.251557 14.387147 16.565926 7.288815 7.050402 6.897733 7.450512 16.666885 10.972262 3.446389 8.261417 10.226612 10.227980 8.345059 16.721647 18.431513 8.126759 15.505780 22.688045 40.877597 76.860051 129.123682 152.823608 99.784373 49.393427 38.100696 21.693164 12.052777 23.540110 26.187735 21.902744 11.321019 12.338246 15.487653 12.650714 9.688692
7.960823 1.636810 438.6386 0.000000 7.118032 20.936663 10.963511 24.148594 9.413406 19.323117 5.721766 6.222266 18.000046 3.959217 11.694741 5.489385 12.559347 18.581841 8.227272 11.484485 10.880617 5.488993 9.529205 3.387891 5.267120 5.987182 10.647218 10.629132 25.186193 17.596101 32.522474 27.976938 33.406425 21.981108 4.893009 16.578654 28.116844 22.160560 9.307084 11.668822 11.317523 12.187485 12.138346 11.171046 10.532092 7.779161 8.904550 6.638602 12.272777 6.515689 3.348822 4.982542 5.124432 13.749384 11.518394 7.926433 15.490553 18.505058 19.200380 15.801494 17.311458 11.051331 14.102729 24.026026 13.042854 11.554816 9.701094 10.471247 11.269994 15.387708 7.657224 6.421539 7.143597 8.178381 8.995228 10.493407 9.714805 5.269597 7.878280 5.895721 2.720611 11.462866 16.810947 9.088881 13.231292 24.045852 47.686483 53.802059 70.781717 127.005342 147.948467 122.518882 66.030846 30.658033 9.720652 10.899208 13.391053 12.352778 11.493405 9.065232 9.085166 8.209067 6.388238
8.010622 1.628130 435.1448 0.000000 10.694408 16.983262 14.830839 23.001030 14.524975 16.729457 9.862849 11.229345 14.298235 6.456414 11.709226 2.946285 14.442600 16.958090 8.969455 10.396220 12.486678 6.615580 6.866970 6.603820 11.887533 12.021524 11.755857 12.472698 20.625956 21.548421 39.951743 31.622868 19.252799 12.968289 13.907837 16.806463 21.286956 17.255807 12.517370 14.487435 7.097353 11.855871 14.592876 10.205640 7.665974 5.984537 4.073938 4.944336 4.882098 2.340409 6.173861 11.640820 9.022839 5.668666 12.360012 10.817522 9.063030 18.018198 9.683858 13.419218 15.810405 9.873310 29.088144 10.666494 17.919010 7.448946 7.997572 17.321623 16.459231 8.276875 14.424228 12.722525 9.890482 4.438224 7.441954 10.838990 4.276835 3.977501 8.995804 6.085039 3.815249 15.674951 19.673599 8.986148 20.316315 55.619386 40.845392 75.286487 108.555568 119.542609 142.563497 90.331515 48.256633 39.626375 27.455126 22.665583 11.280102 8.535411 5.541080 12.014214 7.931283 5.383002 12.041922
8.060673 1.608262 428.9379 0.000000 18.150536 12.535182 24.670388 17.095382 12.822314 13.728680 9.571553 5.772927 9.919528 10.294976 11.606749 6.525828 12.732826 11.600160 9.863506 9.007226 6.430829 3.043948 5.597665 10.828967 10.801620 12.690192 12.663771 12.248460 17.110847 19.216096 39.610404 24.877957 6.530089 6.838460 13.138491 10.104878 10.182700 11.215656 15.069500 6.335825 4.363239 18.339092 7.904564 5.919887 6.805240 7.233007 1.657308 4.155562 2.237539 3.771810 7.047517 13.212315 8.172362 8.344449 11.572210 8.588483 13.857317 7.824131 10.211546 11.673256 10.649197 14.785842 20.501426 30.506387 14.793098 14.579462 12.525664 10.042250 13.642580 10.387265 4.329767 4.829447 2.369594 5.568527 8.671737 2.053348 3.379250 7.678792 9.423599 9.586634 13.376066 19.738044 23.210527 24.087308 31.767770 35.997843 45.016985 48.199835 107.362470 164.787492 99.808204 28.339695 18.858346 18.797727 15.286193 22.217945 13.811275 11.001941 12.528995 13.393836 11.077483 13.546577 18.531532
8.114599 1.545700 434.6330 0.000000 21.643995 5.397652 13.364329 16.608969 10.407997 6.770840 7.904696 4.580124 11.121500 9.519572 9.527527 3.224724 2.130042 5.319438 8.872751 8.595836 6.532242 4.712721 6.662509 10.198583 11.095271 14.119279 12.325160 15.011108 25.230931 28.428389 34.449214 29.466383 11.534649 6.972297 11.316314 12.135977 8.245865 7.623436 9.933836 4.112064 7.133895 9.437281 9.485266 9.965938 5.794806 6.665506 2.937622 1.665033 5.858760 6.182672 12.911850 16.799982 7.800824 8.688252 11.757321 9.876880 13.648753 7.058543 6.631406 6.289839 4.726827 7.374630 14.381475 21.948678 19.678717 20.704141 11.931528 9.634240 16.967649 14.433787 5.975726 5.427675 2.798455 5.730465 6.313633 10.453027 9.891602 6.448043 10.990157 3.392451 6.709802 0.909333 13.459919 8.780407 29.012044 19.966988 20.748213 41.011175 69.727262 132.260901 165.506762 53.990375 17.766489 17.294012 16.048052 15.996214 15.528861 10.975987 10.737995 7.377415 4.193337 4.809441 7.542849
8.165342 1.320752 443.4941 0.000000 26.300458 6.894526 7.336089 7.053410 9.477650 11.496282 8.731672 6.125306 6.767787 7.660718 11.057673 2.763691 6.186981 9.263451 7.869612 8.124186 9.394055 2.309279 4.631552 9.161132 12.669213 11.920959 12.994011 7.127274 18.456969 13.925993 29.536753 17.182607 17.220922 3.894101 3.838707 7.540490 7.299076 12.117949 9.896036 6.541140 4.903103 11.842039 11.026914 10.925669 8.307163 3.366644 5.005402 3.277005 4.358742 7.325169 4.023610 11.289076 16.071112 13.436184 10.502456 8.829071 11.241291 10.499994 1.957708 4.568388 5.656038 3.081243 4.737683 9.413524 18.857815 22.233966 17.768233 13.973923 11.939607 17.865580 14.880763 8.461027 7.376802 9.709057 6.885369 6.783935 6.301352 7.614030 8.874149 8.182810 7.373566 7.267999 8.854932 11.236866 13.544185 15.407987 23.053475 17.413432 9.282416 30.122843 66.039257 122.005952 113.344417 48.491449 25.498776 13.966542 13.652227 9.921691 11.595964 9.982636 5.264343 2.126680 3.638860
8.214754 1.043233 452.6795 0.000000 27.865984 11.731819 5.594624 2.300832 3.639577 1.924984 2.707537 2.606303 4.829901 8.641487 6.930615 5.576604 3.020380 6.558294 9.338657 6.587541 6.987468 4.828613 3.952764 4.686913 3.738198 2.903678 7.121669 8.869131 11.042493 18.633356 20.731602 10.898429 5.967217 6.105800 3.967106 3.737502 4.820108 3.742042 5.664855 8.211557 5.054145 3.327042 6.120692 9.100991 8.448356 4.623630 2.474768 2.921975 3.425216 3.831382 4.752846 5.220794 6.152530 8.189731 7.379153 4.723944 4.568734 7.934922 9.826367 7.075345 3.553649 7.410404 6.378110 7.390318 6.272792 14.258862 18.288948 18.568184 14.046666 8.123550 7.314189 7.391446 4.917966 4.998287 7.455837 7.091073 6.681748 5.472326 2.889223 3.737136 5.926377 3.581679 5.033458 3.528936 3.924952 6.843582 10.660090 10.519304 18.802546 11.335953 25.368679 14.940414 45.142417 92.673752 93.687271 51.089021 19.162032 18.583235 13.193655 11.548757 13.509837 8.875083 7.230855
8.260727 0.676290 474.4301 0.000000 9.427478 8.672606 6.013431 3.429610 3.542856 4.514842 5.153622 5.409258 5.664229 5.781946 5.366945 4.772309 4.598910 5.435755 6.291947 6.768186 6.739355 5.997630 5.068748 4.031597 3.303288 3.607903 4.770213 6.789837 9.016694 10.690178 11.811732 12.274513 11.472946 9.456469 6.191012 2.745684 0.097452 0.785929 2.230082 5.112957 7.247840 7.178686 4.510814 3.718057 6.158915 8.471772 8.438998 6.710219 4.712016 3.914783 3.752906 3.357032 3.268181 4.400444 6.214852 7.371070 7.293221 5.653915 3.403798 2.977382 4.083543 5.650329 6.787825 6.649987 5.362693 4.790401 6.375050 7.435462 6.874704 6.307108 7.222357 7.614704 7.376339 6.981511 6.758605 6.487125 6.011185 5.685991 6.112373 7.060878 7.251499 6.067369 4.923357 5.040451 4.299788 2.039565 4.935705 6.776383 3.520624 4.815932 11.393276 15.093197 12.550057 10.447605 17.949839 31.412130 42.262375 47.517244 46.768787 41.358390 33.913901 27.600899 23.357639
