# LRA Full Analysis Data — Replot Source File
# Source file: pitch_decrease_mild_220to156Hz.mp3
# Generated:   2026-07-13 15:46:34
# Accel sample rate: 1509.1-1682.2 Hz per-window range (1594.8 Hz overall)
#                    Each window measured with its own real rate, then
#                    resampled onto the common freq_bins grid below
# Rows:        158 (one per time window)
# Freq bins:   100 bins, 0.0 to 496.5 Hz
#
# MACHINE-READABLE METADATA (used by replot mode — do not edit):
#@duration=8.000000
#@rate_overall=1594.753323
#@rate_min=1509.067802
#@rate_max=1682.230189
#@freq_bins=0.0000,5.0149,10.0299,15.0448,20.0598,25.0747,30.0897,35.1046,40.1196,45.1345,50.1495,55.1644,60.1794,65.1943,70.2093,75.2242,80.2392,85.2541,90.2691,95.2840,100.2990,105.3139,110.3288,115.3438,120.3587,125.3737,130.3886,135.4036,140.4185,145.4335,150.4484,155.4634,160.4783,165.4933,170.5082,175.5232,180.5381,185.5531,190.5680,195.5830,200.5979,205.6128,210.6278,215.6427,220.6577,225.6726,230.6876,235.7025,240.7175,245.7324,250.7474,255.7623,260.7773,265.7922,270.8072,275.8221,280.8371,285.8520,290.8670,295.8819,300.8969,305.9118,310.9267,315.9417,320.9566,325.9716,330.9865,336.0015,341.0164,346.0314,351.0463,356.0613,361.0762,366.0912,371.1061,376.1211,381.1360,386.1510,391.1659,396.1809,401.1958,406.2108,411.2257,416.2406,421.2556,426.2705,431.2855,436.3004,441.3154,446.3303,451.3453,456.3602,461.3752,466.3901,471.4051,476.4200,481.4350,486.4499,491.4649,496.4798
#@n_tracks=2
#@input_spectrum=0.000000e+00,2.600527e+01,2.619353e+01,2.647290e+01,2.683707e+01,2.728535e+01,2.780751e+01,2.840644e+01,2.908796e+01,2.985576e+01,3.072075e+01,3.169925e+01,3.278620e+01,3.399277e+01,3.533547e+01,3.683132e+01,3.851560e+01,4.042139e+01,4.257781e+01,4.501309e+01,4.778442e+01,5.097337e+01,5.471806e+01,5.916851e+01,6.452388e+01,7.105611e+01,7.920844e+01,8.981944e+01,1.046352e+02,1.278764e+02,1.757593e+02,3.211555e+02,5.718322e+02,6.056464e+02,6.132002e+02,6.110442e+02,6.036111e+02,5.926971e+02,5.791332e+02,5.624603e+02,5.417185e+02,5.139443e+02,4.654415e+02,3.434662e+02,1.572684e+02,1.182472e+02,9.809091e+01,8.480471e+01,7.512256e+01,6.765950e+01,6.168182e+01,5.675889e+01,5.261830e+01,4.907466e+01,4.600482e+01,4.332409e+01,4.095636e+01,3.884635e+01,3.695332e+01,3.524417e+01,3.369305e+01,3.227779e+01,3.098611e+01,2.979934e+01,2.870254e+01,2.768691e+01,2.674209e+01,2.586524e+01,2.504561e+01,2.428231e+01,2.356316e+01,2.288831e+01,2.225060e+01,2.164985e+01,2.108325e+01,2.054769e+01,2.003851e+01,1.955458e+01,1.909508e+01,1.865876e+01,1.824470e+01,1.784719e+01,1.746776e+01,1.710501e+01,1.675674e+01,1.642285e+01,1.610434e+01,1.579906e+01,1.550639e+01,1.522298e+01,1.495057e+01,1.468749e+01,1.443400e+01,1.419094e+01,1.395631e+01,1.372971e+01,1.351018e+01,1.329723e+01,1.309202e+01,1.289301e+01
#
# Columns: time_s  rms_g  peak_freq_hz  2 track_hz cols  then 100 FFT magnitude bins (in g)
#
0.432546 1.889546 219.3050 219.3050 348.8943 0.000000 10.000479 6.360661 18.280221 9.051055 8.393156 6.715635 5.130382 4.099607 12.377367 2.159659 7.239736 6.518158 15.628554 9.195249 3.714589 8.059559 40.005568 35.050568 21.465502 13.506251 6.574842 10.875309 7.813818 9.037392 10.354862 8.567206 8.907260 6.829378 10.400928 14.356591 24.728895 17.002735 16.233412 9.738567 9.176992 13.091854 12.517421 12.267617 23.636061 24.118576 55.924625 69.206739 174.944776 256.259086 67.196498 28.776918 38.641809 19.574820 22.979924 17.029011 18.207100 7.071682 13.253309 7.549249 4.116968 12.601137 12.975299 4.917848 10.370575 14.140314 9.517169 9.281412 12.140089 11.904564 9.984321 8.059234 10.733420 13.232191 51.272388 64.409676 16.327335 33.300822 36.334332 15.043765 10.772285 11.679550 8.409080 2.782233 4.858709 7.945287 8.478116 14.141782 14.083323 10.344387 17.152123 20.785799 13.790731 4.645651 2.596896 5.462283 7.325586 6.564203 6.710369 7.387062 9.321312 12.506956 11.020259 6.127693 4.273746
0.483037 1.884477 219.2979 219.2979 348.8831 0.000000 2.393583 9.423315 12.818323 5.631538 6.011111 1.195348 5.935745 9.870114 9.416045 8.315728 6.664681 7.932002 10.465750 11.476355 7.830821 19.063066 57.107889 10.979708 3.863407 5.982134 8.884791 7.974137 3.530159 8.527456 7.532154 18.747004 11.744386 7.906343 8.215119 24.549414 11.664961 5.881655 14.026268 16.935594 19.826029 16.975520 10.428330 17.985889 27.463889 37.741235 51.534321 101.505213 213.374985 218.928429 68.073925 56.365508 50.921338 26.563226 23.081652 20.076426 13.551196 6.812232 14.958093 24.518502 14.719651 16.625192 11.264870 9.796726 9.224174 13.211914 7.881410 7.030341 8.189101 7.007311 11.661721 11.642485 3.344012 11.123850 52.415679 60.382992 15.210912 24.826272 34.076768 23.934811 11.962286 14.180479 14.340583 5.620427 2.702016 7.828251 11.778882 9.271353 15.956120 11.144091 6.916686 19.080622 13.254005 4.319793 7.046908 11.556160 8.079755 3.432575 3.141706 5.225992 5.036479 11.888863 10.769119 4.360354 2.674346
0.532612 1.883471 214.1288 214.1288 348.5818 0.000000 6.470610 8.858866 10.003761 3.551415 2.707715 5.913610 3.396426 4.908633 3.623431 12.567505 8.302178 10.377173 9.534798 19.212020 18.575884 30.938089 36.535783 20.582057 13.542958 14.513552 17.137624 14.466493 7.434248 13.409415 18.220474 17.276863 22.542426 19.277858 13.740027 23.373563 6.754173 12.068312 24.372438 12.753365 20.084331 24.287112 29.491926 27.047228 24.415980 41.361118 50.844752 143.955360 241.288925 163.362088 66.838513 51.337814 44.930676 24.153550 9.555729 14.337155 10.098961 13.688705 13.915547 9.988724 8.724715 15.281453 15.534165 14.748091 18.147356 14.587061 7.117904 9.477294 7.145539 7.579903 12.370645 11.521801 7.672050 11.624074 45.468868 58.990969 25.649245 30.495692 36.457189 23.901442 18.574300 14.783133 9.663064 4.905542 10.349859 9.379893 7.085872 11.552026 12.238246 16.106608 20.596415 21.298015 13.045059 5.917439 7.019112 11.493796 10.170089 5.146487 3.296569 7.521694 7.379910 8.518163 14.023927 7.051883 3.004771
0.582627 1.869052 214.3394 214.3394 782.5882 0.000000 8.588459 8.841797 5.329791 13.551335 8.035709 6.997958 5.954155 3.221166 9.949744 8.765305 12.541807 8.113940 10.638690 15.584457 28.086975 44.989020 26.015729 8.536257 7.079025 8.743177 9.657729 6.765495 3.524225 8.229749 8.253340 6.364610 18.973222 15.076871 17.647260 12.231179 8.656410 13.161194 5.682286 14.916253 10.546963 10.969287 14.738963 17.145976 15.621449 48.235131 65.734097 131.574787 265.423801 108.949029 52.209775 18.545319 23.920872 16.698835 27.161908 13.501780 12.305200 16.208481 13.901532 16.370327 4.478726 11.820727 14.435730 15.695334 19.393218 13.018607 14.981845 12.956020 11.865411 9.891152 13.975805 19.764338 17.966530 27.272733 40.849175 60.137254 59.337668 26.356302 17.775783 22.507351 11.207660 9.571777 14.527510 9.837221 10.935639 11.745701 4.471673 6.649025 12.011629 12.422162 16.970479 19.835499 8.832569 2.251973 10.073243 9.469041 4.366241 4.144831 2.237785 2.592446 6.088766 8.573844 13.169796 9.341732 6.168059
0.632729 1.868742 214.3251 214.3251 353.8857 0.000000 13.400725 4.201944 5.583147 8.283400 5.627300 2.315025 1.000900 5.133019 9.671959 6.038429 12.882098 10.729310 9.561349 19.832181 47.916967 19.932170 16.955139 16.947618 6.569734 10.940080 11.382956 6.752454 8.494065 12.449157 6.904113 13.081113 19.235919 15.948962 8.960281 7.568597 9.623701 21.376541 11.734356 14.425599 9.961451 8.358410 17.475091 12.100348 15.915702 37.872789 32.546268 121.637404 268.635526 53.000146 42.431744 41.288396 8.736230 10.513950 22.909231 8.805969 14.055334 16.218536 14.866292 13.053655 6.965743 4.945874 5.761518 17.368164 17.154667 8.526179 9.370488 8.524446 3.575689 7.736986 12.328544 9.856954 8.944239 12.385394 22.799910 55.730426 77.177971 39.925985 26.228247 23.938171 10.066372 5.234086 8.361260 6.431820 8.838119 6.446895 4.912431 5.967948 3.430498 6.954754 15.838776 18.774866 10.551479 6.495129 9.669809 8.314344 5.004374 3.722824 2.794404 3.327455 4.738350 5.479232 10.192620 12.307466 11.929230
0.683022 1.877559 214.3282 214.3282 358.8751 0.000000 15.050453 5.741916 6.606699 10.281827 3.566826 1.616879 4.920034 3.491800 7.377633 5.117829 6.226186 1.000531 11.353651 22.239153 59.852447 1.500625 6.674481 1.026607 4.796059 2.809182 3.736764 8.012735 4.028537 8.183618 12.871574 17.608866 21.224562 16.328974 5.447138 9.503282 10.151462 9.422015 6.595239 5.291405 11.134447 7.894190 19.024491 20.039662 19.090662 44.726484 50.979522 133.477359 262.009371 102.024609 70.041987 34.300976 12.304382 16.421903 9.197904 13.061632 11.547038 9.667506 9.168643 5.884863 14.810683 20.831474 22.535660 21.343438 8.913029 2.009566 4.218267 7.096840 4.123421 6.678662 11.529014 11.543106 13.791984 12.653381 15.466973 45.159293 75.196389 64.510858 29.997606 17.888847 18.293671 12.527826 12.768418 11.322005 9.346027 10.721856 6.877210 8.326116 13.177178 14.970504 10.470910 8.433627 12.557477 13.563161 6.882568 5.460277 7.714629 5.822606 4.651344 4.819498 8.621574 8.875190 5.666464 8.618003 8.872682
0.732611 1.881159 214.5090 214.5090 359.1778 0.000000 14.141368 6.876242 8.568028 3.176881 4.424545 5.389850 14.800959 13.857457 9.495025 7.267139 6.969993 19.126513 16.823471 41.943615 47.025206 8.617320 6.317219 6.571894 7.443684 6.768456 2.949600 8.894637 6.680548 5.989219 7.667736 3.740811 13.424154 11.727721 15.825177 18.435805 4.965242 6.401326 15.289509 16.104704 15.066800 9.347353 15.325381 12.770369 15.951278 32.361346 59.208077 149.611090 270.798883 122.724219 17.918508 16.844173 24.446205 18.526589 16.375887 17.683677 17.028814 8.244996 6.785368 8.332858 8.577873 11.468040 7.305126 15.352873 8.334445 3.764213 5.416608 8.972033 5.975727 5.955107 10.740495 9.704008 4.234830 9.687903 17.439322 25.629971 67.858872 81.133211 31.323804 17.971883 9.880298 8.749634 3.139833 5.232120 9.890538 6.295778 3.377054 6.650152 5.297793 5.693066 12.594878 15.804528 14.700701 8.614250 5.620367 5.888866 5.028818 3.059258 5.144280 5.745899 2.961386 3.286841 4.804273 7.363633 5.952802
0.782623 1.905848 214.3405 214.3405 358.8956 0.000000 13.975511 12.477722 5.338260 7.282547 1.527972 7.273909 14.281582 3.183081 4.576247 7.660047 10.734500 3.017034 25.304639 57.507720 32.806969 7.249120 8.176215 6.865292 2.520066 4.273813 7.832817 6.403236 5.735026 4.394053 10.707532 8.290725 13.473782 7.972648 19.904841 9.788016 7.594430 7.419117 13.165772 13.594751 9.661059 12.404062 12.714722 19.015177 19.321513 11.030746 44.563484 159.785030 277.332965 83.181263 25.735289 27.724135 21.124380 12.193506 9.727629 6.886814 13.378577 6.495422 4.077915 7.246416 4.075229 9.717021 14.172584 12.573650 15.574459 9.112283 10.365590 9.382829 4.928128 6.604021 9.244443 5.093832 12.161545 9.535220 3.347952 16.606652 63.130594 71.845336 19.638299 11.899914 14.612959 13.916729 14.798166 13.695038 13.495331 7.926580 2.571692 3.765116 9.577494 10.719327 17.640065 17.091933 13.573294 9.276067 5.522243 6.562016 4.440585 4.182099 6.709576 5.782994 2.881819 5.883625 3.736252 9.163136 10.534475
0.832556 1.915874 214.3269 214.3269 787.5268 0.000000 11.077863 14.166540 5.618447 3.732751 8.797041 7.617125 13.838626 5.456810 10.864904 9.715617 16.523069 18.118377 35.078853 31.256616 22.442338 25.112715 19.737296 12.317103 2.699766 6.368385 6.840812 5.382628 4.762992 2.549059 6.399194 12.487504 16.172409 10.271560 22.676246 10.927117 12.401162 7.762875 13.923780 10.628796 17.474839 9.814550 5.129029 8.812328 20.879218 15.882171 27.160971 136.121143 284.368396 49.242020 23.773449 17.424872 13.899502 9.268639 5.347161 10.640773 12.252278 5.899857 9.048403 7.205457 9.030086 13.576137 14.169614 14.718067 15.859081 7.388124 3.222996 4.906202 4.952366 7.518762 11.078201 7.654683 6.935744 16.004401 22.288134 25.009501 43.144316 56.113176 38.749087 35.033394 20.985978 19.954771 17.472666 13.495976 16.376720 13.001525 4.982384 3.898919 10.226639 13.176365 19.960133 16.396186 13.790056 11.230815 5.561866 7.147288 4.147453 4.718857 8.516944 5.537311 4.434772 7.630155 6.371095 8.769372 8.808407
0.883007 1.913440 214.3903 214.3903 363.9649 0.000000 8.648410 8.625210 12.592890 9.389267 2.576613 6.070364 5.947262 10.142714 11.394024 13.645876 15.078031 19.251340 54.344059 7.988016 7.848510 15.789238 24.102811 14.949666 9.702732 10.195427 9.306205 2.465252 1.748288 2.707111 5.716531 9.517129 15.899833 10.214790 18.550951 15.140188 6.979938 10.540883 13.355211 12.654197 12.408794 7.314613 2.402275 9.004197 19.036400 29.621191 35.799763 125.132091 284.547453 41.191352 31.156434 31.002585 11.106427 3.529137 3.883854 8.480882 8.741952 6.036353 11.030683 6.543320 6.208918 13.649101 10.925409 7.664246 16.014252 7.244708 7.065514 7.017398 3.792202 6.308496 9.075446 12.053918 16.904463 20.214601 22.019924 21.957042 33.189866 55.218569 60.558697 39.209976 22.577430 18.576253 22.413557 16.571956 10.745145 7.503657 7.550582 11.216658 12.245934 14.008323 19.052662 14.873527 6.096199 10.628408 9.523976 2.886253 3.298853 4.917447 4.746690 2.952548 4.051570 7.568371 5.283036 9.679024 8.988317
0.932608 1.920939 214.2370 214.2370 792.1787 0.000000 7.212382 6.817744 14.476939 8.358400 4.164719 5.903438 3.737292 4.301595 10.899565 5.606752 15.915980 15.371368 58.287529 2.164306 3.078193 20.065063 23.501852 5.512128 2.961098 6.419087 5.043236 6.405824 5.924301 5.368172 2.338341 8.931408 14.817417 7.200515 16.412234 24.243484 3.923930 7.874604 9.859727 12.053014 7.915522 9.136542 7.665215 7.733139 15.643067 14.219080 14.652424 111.392558 273.648163 15.111977 15.127998 16.629714 15.608994 8.254894 10.657576 10.366830 11.032770 11.316023 8.041001 6.822184 6.141347 15.729513 11.086606 8.807597 16.052909 10.715937 5.968340 6.770474 6.141386 8.970874 6.661168 4.005203 2.345952 9.281085 17.601898 10.063217 4.676535 53.818861 62.112955 14.642581 11.890313 11.706531 10.770900 5.976320 7.435277 7.581246 8.565069 11.761214 9.462741 3.523274 16.842803 19.507476 9.187844 11.342850 9.031482 4.066800 5.091133 4.564839 4.114005 6.636665 5.367025 8.215351 8.254254 15.163422 10.961700
0.982561 1.920618 214.7645 214.7645 794.1290 0.000000 4.958539 5.646773 13.403091 9.133515 2.768346 1.628685 9.400119 6.531592 8.937234 20.179233 23.019859 38.604224 39.319454 21.032691 16.705226 27.764389 12.612313 13.286146 4.169147 6.586056 7.857262 5.620264 5.246770 12.409093 22.808851 15.490801 3.682524 11.803637 11.526186 21.652162 8.408965 9.818751 21.010627 16.455002 11.279801 11.492975 7.583430 16.714468 27.526120 23.816838 39.695474 120.068256 302.825740 50.732136 29.732554 11.258787 24.711163 16.223547 5.812176 8.612396 8.382508 10.812048 15.665720 8.088986 8.111419 11.113843 12.649744 9.172140 11.994380 15.936673 21.918732 5.623529 3.702088 6.503032 6.384695 5.945592 5.387088 7.472156 10.499369 20.520208 22.841398 49.977163 78.225820 31.980123 17.832497 20.924845 13.445773 10.072298 10.126588 7.754942 9.528762 12.742523 8.593309 3.071667 13.378521 23.958514 10.570027 8.961189 13.595867 7.633727 8.030035 6.028459 1.796351 4.053708 5.609508 5.798275 8.720777 13.071012 14.528098
1.032637 1.918684 214.3208 214.3208 792.4885 0.000000 5.564039 7.284635 6.385205 6.276990 9.668537 7.625631 10.960973 5.543669 12.388268 13.242389 25.955019 50.470661 25.914232 24.133981 11.417605 8.455001 7.404353 10.868039 20.834544 15.329495 10.978124 11.246974 15.264509 19.979286 14.281982 19.910725 8.830747 21.648232 11.473762 23.455357 14.353902 21.881538 10.737203 16.930234 17.114178 12.742463 24.430604 26.310968 42.075382 49.172721 76.356180 186.277588 253.875675 64.542817 25.678627 29.930037 25.531975 16.240758 19.572801 8.240926 15.180449 11.180158 12.553160 14.816920 7.538505 10.999262 12.786387 13.810724 14.348664 16.520228 15.049376 9.701459 7.430326 6.717770 7.111571 10.935526 12.813433 8.134186 5.939262 6.346980 18.102555 48.292447 69.811929 56.522965 25.291981 11.810744 6.219143 5.281235 9.152515 12.784649 13.998238 13.061851 7.417785 8.693511 18.047810 14.696373 7.951688 12.385253 9.951755 5.310173 6.559372 6.488657 5.316119 2.403651 6.001359 11.313850 10.310196 13.796862 16.074597
1.082597 1.925208 214.3415 214.3415 792.5650 0.000000 6.555809 2.498591 11.929999 9.115788 4.950970 10.699345 10.319632 10.155537 10.451263 15.967037 44.464798 34.336956 18.580007 24.488840 3.581768 8.562111 3.023415 7.702526 12.862901 11.338233 11.371936 10.486567 9.101222 11.454200 7.555271 17.885296 12.941462 15.977702 13.796708 22.776756 15.732225 9.785035 8.976764 18.898062 18.320155 21.436470 18.084453 21.859329 32.721071 34.288823 91.404918 211.234818 238.650821 86.517125 50.332528 26.721814 30.303837 20.814492 12.044488 17.864129 19.798554 17.828772 16.388572 16.378923 12.023588 8.798503 12.993189 15.220054 12.705265 29.358498 20.156754 10.303993 16.061891 14.527800 9.131875 5.540358 7.125974 5.908134 8.381804 15.238165 21.233952 21.121674 60.976484 61.507342 14.594435 11.749838 7.829185 6.533027 7.339207 5.770860 3.905550 5.142785 9.075421 14.075916 19.695847 17.603321 10.745606 9.455644 7.566823 9.571657 7.732423 4.503241 7.348053 7.226781 9.528399 15.818404 16.530481 17.336476 14.943039
1.132611 1.937223 214.3548 214.3548 368.8896 0.000000 4.125264 2.545510 14.210536 3.788371 1.839054 7.589393 6.020992 9.835784 12.698027 20.361845 55.646992 24.877780 12.570555 15.991295 10.473625 9.160580 3.379957 7.641376 14.555979 14.287012 18.980081 11.449042 2.844191 18.830783 14.583513 19.183412 14.867481 5.954714 12.273715 17.832459 16.428935 13.363978 10.915249 11.879007 10.549228 20.686075 25.402676 29.067988 33.915125 42.592448 86.679173 206.615114 244.176107 80.387920 43.995089 31.672393 26.950409 20.742763 23.007233 30.595393 28.095277 16.536683 10.198916 7.939476 15.615325 9.065318 14.420216 14.427485 11.270910 8.463258 11.310255 23.785311 26.122881 17.666593 4.916869 6.253638 9.554397 13.258996 16.366334 18.394617 22.119155 32.853677 61.751093 56.254413 15.550686 11.886072 9.455075 12.065989 9.770740 9.341764 6.876778 3.784673 6.880844 17.298557 16.359519 7.552927 17.470440 16.290059 6.525984 11.514583 11.196555 7.766897 5.445197 5.791554 12.573092 14.850726 8.708779 10.269516 10.604967
1.182544 1.937912 212.1299 212.1299 779.4540 0.000000 8.674137 8.197439 12.063768 8.935094 3.766729 8.592580 7.685536 10.903663 20.216792 36.464860 47.886036 24.804980 8.678569 17.925428 8.338802 4.913601 12.652968 9.206421 11.274321 16.263560 22.341877 18.879335 10.378213 9.793002 4.936836 6.764333 8.171781 10.583040 15.825357 16.157653 14.336973 16.860351 12.068711 13.779545 18.135375 17.165755 24.705064 24.993680 45.893458 80.586282 150.427244 256.476553 120.770354 45.362507 44.931938 29.453303 27.650677 22.565907 21.646184 28.859965 13.834162 11.983604 9.786398 23.626392 18.222511 15.232062 5.332865 17.504947 5.441051 14.768019 23.680860 27.265478 15.563064 18.837771 11.209850 10.570552 15.613724 11.398675 22.550296 22.450415 29.306992 66.333305 55.628341 52.833404 28.075223 12.805913 11.846949 7.541619 8.202582 9.769275 2.275976 5.492208 14.662962 15.110746 8.293400 15.040392 14.051772 8.120446 10.069675 9.258312 7.270297 7.993512 9.712364 16.034260 14.320324 8.254207 11.265216 6.091184 1.690824
1.232608 1.943145 213.6931 213.6931 372.7205 0.000000 7.185969 14.610713 4.037884 3.875996 4.451496 5.662601 2.769566 6.749355 26.215003 56.488999 24.598637 9.863546 17.819652 15.752753 5.621110 7.422840 5.173002 8.471960 10.021929 9.715041 13.471795 26.062291 20.111419 12.342734 6.437187 5.675596 12.068636 22.945401 12.416261 20.606319 15.691035 8.161648 8.139488 17.143147 21.417720 7.481747 16.628600 40.105837 53.945521 72.917120 136.438076 231.019130 184.337358 51.693491 28.646596 42.496080 35.017739 30.550057 23.495220 23.313365 31.115412 23.301749 11.412615 10.056520 8.043751 8.435974 9.797010 13.928460 14.100504 15.040615 19.242633 20.564009 18.392774 25.169777 24.937565 20.905299 15.892137 10.295785 22.526299 27.441607 35.318639 37.601127 27.311497 64.378003 40.820810 7.833736 8.664681 9.600557 17.601542 9.789985 10.868054 8.762143 4.277354 6.592230 9.135082 14.028382 15.646072 12.860249 6.688215 7.577644 9.675318 6.199588 16.497566 13.526618 21.452313 11.743927 7.087792 13.068549 2.735560
1.282659 1.933971 207.2367 207.2367 370.0656 0.000000 6.768196 15.613224 5.471244 1.877294 3.629155 6.373359 11.439454 14.307555 33.761899 49.248125 24.183065 6.776230 14.218672 11.109188 8.985279 7.464820 7.430716 6.538560 3.756496 6.690718 9.836386 24.827204 21.887929 12.359083 10.262428 9.447291 16.141437 19.213137 17.707610 17.820121 13.132888 11.503710 12.649428 18.111715 29.428900 34.739336 27.101402 34.972168 38.334356 79.770675 245.134665 189.338719 71.651043 49.787109 43.064410 43.949486 17.659730 5.974342 11.754387 13.466642 5.618822 18.493474 14.244773 10.678755 20.350404 16.411953 5.591428 1.710268 14.773613 5.517095 7.580991 29.076716 4.091988 17.061229 16.275577 18.141430 6.867511 11.044188 30.435897 16.491379 20.289812 35.245480 31.715342 71.402866 24.890284 14.298308 10.163115 9.128511 14.209576 3.516152 6.030692 3.187469 6.331878 6.817376 3.778869 13.350875 21.901969 13.064133 6.633142 5.301125 7.909486 17.111674 16.457018 6.245284 8.043526 12.049529 9.794870 5.072169 3.482329
1.332604 1.931249 209.3738 209.3738 373.8817 0.000000 4.550010 12.527473 3.568658 10.374413 2.412872 9.601509 8.810517 29.694104 58.548172 25.672404 10.776152 5.663908 12.776015 9.198045 3.604727 1.979576 7.596295 11.400449 6.552425 12.788741 4.491720 16.574807 16.283260 21.369493 8.668302 13.673474 20.004780 17.582510 19.230501 17.163641 8.725651 7.355036 3.890240 9.066609 13.757783 18.552289 21.870479 13.301136 35.794967 49.241213 103.722076 272.173040 37.984695 63.343298 30.475636 15.276865 26.130891 21.091887 17.425451 10.470094 15.956450 9.108466 15.138816 15.889126 14.593545 17.020624 19.160666 8.643724 6.299822 11.161227 10.141326 15.347803 16.155389 14.324671 13.869081 19.826972 11.793933 16.525997 17.868944 19.362209 20.183018 34.878957 42.122024 52.042968 53.072661 26.953119 22.549690 10.459500 10.704766 14.041205 8.149645 5.312994 7.050267 5.668914 7.939207 11.464249 17.325470 15.649443 9.098945 5.398662 8.773790 15.458700 13.115075 9.346624 8.717994 11.771623 8.699818 2.636900 5.002936
1.382566 1.939921 208.9388 208.9388 786.0079 0.000000 7.366477 8.833937 10.293406 1.535101 9.230555 3.566054 7.313381 29.394705 51.748168 13.728012 13.490001 16.832823 7.237845 5.036097 4.950049 10.445012 13.656487 4.738580 12.887841 12.080392 3.107939 6.140513 4.695569 16.355048 16.242117 19.495893 9.017567 23.126007 30.449309 20.538818 10.915505 4.985886 5.348624 8.707872 10.701811 21.846918 8.246994 7.824146 12.774079 25.274151 157.102483 261.387247 40.308882 15.625138 16.068839 10.090448 19.104810 23.524686 9.129084 11.288788 11.734168 7.587327 15.103149 25.485073 23.626630 13.151589 15.490701 16.451042 6.478750 8.788142 10.225121 8.008959 13.591521 14.053670 15.113307 18.729283 20.894657 15.799929 14.670069 20.728855 20.415722 26.196428 35.709861 44.280277 52.686264 33.187029 9.362731 9.549427 12.453911 17.025770 9.204856 7.394710 12.850058 10.799041 7.548023 19.545957 14.991046 9.707050 10.266787 4.466200 4.089135 21.440231 8.879405 8.210631 5.992711 9.509593 7.493467 3.970916 4.353730
1.432576 1.936898 209.3421 209.3421 378.8095 0.000000 5.566516 10.105978 7.049893 5.564785 11.598317 13.168594 22.599579 53.326855 28.399707 5.980160 14.095318 19.040422 11.903253 7.727156 6.063719 9.413584 7.773934 5.759387 15.820829 12.857966 5.025076 6.741678 7.430934 9.803820 11.390319 23.519897 13.798708 16.525694 15.708333 11.232960 14.861463 8.081058 8.841433 8.777810 14.793775 19.748803 15.302646 9.845985 16.259189 23.604291 129.023761 285.777146 41.414512 23.663734 24.250479 12.886138 15.469288 23.119351 12.597232 8.051614 10.588904 14.734055 8.069266 11.396803 17.363382 13.557792 10.736304 16.059758 13.738622 15.604364 8.533979 7.046679 14.106312 16.710922 17.786348 11.439747 14.657219 19.392528 13.525561 21.785982 21.374369 23.399356 28.147041 26.015441 51.854978 45.967347 5.695466 11.607785 10.646804 9.314692 10.869710 7.006790 10.937428 13.345998 7.912711 14.453193 16.284099 12.096585 14.667812 17.570028 19.662234 17.773663 11.378129 6.529881 8.840891 7.182365 5.878550 5.366979 4.577284
1.483043 1.943370 206.3038 206.3038 373.3116 0.000000 7.987792 8.581111 4.381631 10.963461 3.679917 9.400711 29.225204 53.803051 23.013444 14.083700 8.925747 14.460721 5.458258 10.835253 8.628505 8.146239 6.075174 6.592741 9.883222 8.501609 8.616810 7.226743 7.008868 9.910281 18.543709 19.946535 15.949733 15.038154 10.848325 12.176022 13.290441 12.153442 5.171709 5.432070 12.746427 17.472941 8.861475 22.651636 23.683679 48.940444 324.430839 87.809379 26.726204 28.862448 14.282044 27.328641 12.467027 9.208446 11.120193 7.007936 8.949218 8.081955 9.231252 15.514222 14.546344 15.078744 12.237093 11.216760 12.981540 8.422817 13.185010 13.811428 11.490914 10.761913 11.898486 12.816668 20.408035 16.076007 13.871824 22.007350 21.713254 23.860884 26.319123 58.999002 42.443576 3.037259 6.182958 8.790902 6.761197 9.220969 12.053736 10.854221 10.163670 10.282339 10.375384 18.626014 7.674409 15.843900 22.396309 17.758346 13.093696 15.268111 10.235550 2.847463 9.592758 6.279675 2.729426 6.572984 8.358487
1.532601 1.938781 208.7620 208.7620 377.7597 0.000000 14.272076 4.006133 9.836708 3.385594 17.215028 25.698714 45.852591 37.573764 10.325849 12.223092 4.566148 14.299228 7.835918 9.343814 18.913586 13.833879 8.524009 3.329169 4.885918 3.868694 6.005729 6.466094 4.301479 3.227732 6.810191 19.112668 16.647954 14.249994 27.211483 19.410539 8.422709 10.674410 17.242656 7.462271 14.798613 23.724137 19.583472 11.469527 19.921028 67.400367 193.444940 245.857249 67.022523 36.649168 14.687167 13.435130 22.284964 19.666162 10.621187 4.917749 8.469935 11.093081 8.952034 13.829335 23.952765 17.687294 12.719729 8.770190 8.530742 8.950027 8.403947 11.225340 6.063554 4.576339 3.514892 7.422904 10.922491 23.393137 17.330694 16.854143 28.171072 18.137358 19.454097 22.398262 56.735845 39.767886 19.654624 22.830591 14.200386 10.557066 10.395054 9.343132 15.648541 25.398846 18.159156 11.862268 12.495625 9.743765 18.231919 23.255139 15.455938 7.690519 11.591013 6.538691 6.498694 13.444310 3.149942 7.949842 8.813946
1.582977 1.935327 209.0206 209.0206 622.0852 0.000000 8.837021 6.901334 6.945541 17.329305 14.431174 27.263699 49.771985 23.581266 20.278591 10.714741 8.895103 6.642032 10.532434 10.900778 14.149382 6.678099 5.707449 6.361831 5.253652 5.379037 12.653639 11.722873 9.017456 13.977254 17.662504 13.970585 12.162393 10.180727 16.170991 12.373110 6.621148 16.357871 25.228690 14.564175 21.069927 14.373485 11.870441 20.155291 37.988077 65.713395 194.302454 255.076742 72.313020 38.629233 25.487739 10.247678 12.639270 16.864414 5.765807 6.822009 9.480728 6.424637 7.960430 16.704662 10.939829 6.906315 15.941779 20.585469 15.923366 12.543740 11.102261 16.756036 12.589575 10.502356 15.453460 19.095982 20.110297 17.294347 15.177948 11.618054 9.801893 16.907646 20.610047 33.703061 47.047910 54.274324 40.602494 14.780169 6.798026 12.837607 11.065409 14.716414 12.197054 11.134788 6.627042 10.625532 12.083247 15.006575 22.673761 21.939470 16.871231 8.949544 8.813575 3.462331 2.102395 7.078936 5.023548 5.888550 6.969777
1.632542 1.936203 209.2700 209.2700 383.6616 0.000000 5.830017 13.743442 13.169210 9.801561 23.499002 52.436559 29.654376 17.392508 23.055516 6.120280 12.630931 8.104641 9.801353 10.372543 12.155620 11.959241 5.429654 8.869918 9.746867 9.733703 8.736420 11.814732 6.766503 5.205960 12.932634 9.156132 11.498668 19.593402 11.474147 18.105745 15.957556 13.169836 26.586484 14.358738 15.870157 26.839351 28.110147 39.676565 71.333392 101.950914 191.943644 242.373767 45.520891 39.534576 37.521390 17.204538 18.976462 23.919319 10.033283 13.836600 14.434268 8.386258 10.683456 17.988553 9.961212 11.137088 8.377177 8.165992 10.649318 8.149275 8.866880 12.864346 8.069979 6.543224 10.697761 8.604442 11.907094 16.367206 11.292743 17.781000 11.139188 8.753632 24.231650 23.247691 17.616691 58.035065 54.382918 10.705771 12.154283 18.890797 13.229865 13.184244 14.591664 8.473253 7.262130 10.802972 11.195219 13.283502 21.616436 21.350864 15.918412 7.603147 7.036803 7.918227 10.006920 11.792022 8.657499 6.738368 6.135227
1.682745 1.932458 206.7526 206.7526 379.0465 0.000000 6.910544 3.250969 4.626243 4.352620 16.026670 54.001657 11.998938 7.618729 18.770169 5.035228 10.935674 5.360844 10.166343 15.410072 16.701918 6.893531 4.167191 5.530972 4.751364 8.876907 6.331860 8.003862 5.364564 6.843956 10.149164 10.036297 7.507221 9.803846 17.119716 26.283918 27.540495 17.548616 11.653177 15.981179 15.263377 19.781783 34.464460 27.788152 48.599317 141.146063 273.391212 141.898504 57.578708 36.587261 20.577882 30.540518 19.319266 22.173912 20.775022 13.411412 7.531765 8.825712 27.909364 19.938130 9.072310 5.044645 5.137301 17.732121 9.219214 7.264115 14.930579 6.365396 10.055396 5.792132 9.212506 8.699835 13.437722 11.577783 12.711741 19.045910 11.467020 33.573291 39.651136 21.553596 40.134096 57.054503 24.587183 18.606250 17.061697 7.387143 10.681611 10.287956 8.905155 11.096115 11.376024 10.147398 17.703706 15.491968 6.726931 12.254846 11.245883 10.454677 13.099364 5.659129 7.137499 13.572587 7.881653 4.015561 7.722834
1.732668 1.922154 207.6207 207.6207 776.1058 0.000000 18.734402 11.790551 23.260144 27.192632 40.566580 35.883737 10.962598 8.101815 17.671158 14.056944 11.365434 4.948122 6.770402 11.000849 17.443617 6.595770 4.392443 7.153443 9.177638 8.205849 6.434530 11.193758 8.384258 9.844907 7.253038 7.862953 5.528234 11.476217 15.710711 15.603166 15.946592 20.197225 16.362999 20.846363 22.220682 25.582183 37.287996 43.547998 50.972560 134.956514 247.174675 167.555380 67.380426 33.033023 27.208910 35.657055 26.025387 13.329566 14.155641 9.164408 10.458048 4.964366 12.713618 6.937976 10.281696 6.217328 8.280051 10.702772 14.943525 6.566948 11.638304 12.519351 5.624788 10.948789 11.276738 17.907997 25.625918 9.472801 5.129313 15.613879 29.451494 20.612513 41.569151 8.561249 19.456492 39.745934 69.138832 34.415526 3.382461 10.732741 9.111210 8.613766 11.857978 7.518560 11.436073 3.095508 11.959592 17.986775 6.244016 4.887667 11.325858 9.581129 10.292789 9.448183 4.809897 9.374916 12.222532 6.210574 5.482547
1.782974 1.914859 209.3526 209.3526 388.7976 0.000000 8.832981 1.323232 2.615366 18.753945 57.551407 15.099468 8.651408 16.288166 13.917919 25.465524 8.614330 13.938883 14.422388 11.347785 15.835035 8.384559 2.576189 4.854748 8.405910 9.016534 4.537058 10.633127 6.979935 4.378188 10.396254 16.865053 13.236034 8.187501 14.737503 21.450058 20.445782 19.403737 11.683322 21.189869 21.284335 27.045981 24.717565 43.338760 66.978270 122.090822 218.579991 219.608482 58.088376 41.363942 37.304889 31.128430 9.742626 15.773656 14.669375 20.470679 16.636683 6.654315 9.696245 12.948986 7.648027 2.805236 6.256868 12.561969 9.096405 4.781656 9.689980 10.274420 9.828790 9.693153 10.061517 7.979634 11.468857 19.253238 13.842123 5.893387 7.761406 24.099920 40.654913 36.486255 21.012870 14.579373 46.858041 59.023965 21.640912 7.132147 6.143655 6.051531 5.869089 7.128991 6.475868 7.679656 11.576515 13.839117 12.769442 11.268653 8.237578 9.488253 7.477714 7.043997 6.537210 2.207475 7.411897 8.975713 9.793261
1.833646 1.918166 203.7675 203.7675 780.2803 0.000000 4.097683 10.226167 12.973319 33.229567 40.409460 20.030908 9.822405 18.125901 26.564795 7.861271 14.218503 14.761072 15.086107 7.904867 14.119226 12.560857 7.551258 7.057427 8.187748 13.301892 5.745295 5.190334 8.384278 7.449425 7.265809 9.801270 5.362689 7.084864 7.777997 8.542203 18.836566 28.350120 7.870500 23.562679 27.930463 25.541704 30.098547 40.425393 61.996973 142.228969 239.017461 175.832532 69.502197 43.814351 38.623110 32.226565 21.872887 13.343462 15.593476 11.847251 9.195508 13.950355 13.456357 12.470173 13.121833 9.888421 8.876110 13.245833 9.986869 8.514962 10.024474 4.425232 4.384763 6.077075 5.505367 6.435437 12.222408 20.577966 18.953374 10.014443 12.926998 21.970254 45.950943 35.056275 14.388655 13.125354 52.473422 56.863656 33.094478 20.014479 13.489932 9.156635 9.598117 5.544008 3.701259 6.777427 11.200489 10.809658 5.780020 7.348366 8.223197 5.496904 8.298161 10.889731 11.823060 4.835247 9.819330 10.280978 7.921217
1.882733 1.926145 201.8254 201.8254 772.8438 0.000000 16.226535 17.034001 31.961224 51.862264 25.795268 19.351825 13.468327 22.013479 18.218225 5.797027 10.878666 11.988030 15.671350 12.468410 8.814583 2.790658 5.161896 11.541801 9.571268 4.916341 4.079730 3.063531 6.526222 9.588131 6.314493 8.791039 10.799431 9.772956 10.830043 16.258251 20.262221 16.163939 18.162384 19.145162 23.758852 33.491891 29.875646 39.516210 72.252008 255.156937 188.123271 76.738145 46.523711 44.615570 20.128236 17.511733 14.549372 11.592511 15.016185 12.222059 6.340199 12.050157 10.002555 7.721032 11.649276 4.556223 10.234699 4.993008 9.273933 9.192603 7.852255 10.439040 3.606171 5.406137 6.214199 8.637821 12.606927 19.858153 20.706421 20.658692 23.620157 37.836371 44.769558 11.787871 13.699847 42.303148 62.850047 42.627617 20.586262 14.570108 9.115075 5.121897 11.144645 14.802644 14.447778 8.871008 8.717151 8.538630 8.354664 11.024513 6.199639 3.563090 7.310417 7.532736 5.826022 7.247333 4.758129 8.174061 7.044114
1.932606 1.932427 203.9454 203.9454 780.9616 0.000000 8.814046 9.041152 28.875116 57.196794 15.750550 9.183976 7.997926 30.436108 8.012857 10.423057 11.833132 17.237639 8.574988 8.394276 4.666882 4.329271 2.890550 6.832347 7.541344 3.441259 3.849845 8.175725 11.806202 2.732960 3.837613 3.916716 4.193221 5.441968 6.496257 10.896344 7.212649 14.019816 22.833694 19.176639 14.267094 21.178503 29.376503 23.176317 45.465742 152.145262 262.190786 85.042873 48.583126 34.390395 33.202362 10.046438 12.790515 12.258465 9.924517 14.632351 19.566490 15.167450 6.756258 5.731850 3.396608 5.366563 11.687407 16.107619 10.208650 4.947742 6.188649 5.647500 11.125952 16.194280 16.184304 14.065309 13.150050 11.256323 13.771435 21.017939 12.964230 19.959511 42.201465 36.466344 17.733193 8.686616 31.986226 64.684045 40.220995 14.104777 10.204669 7.191049 8.630547 16.698125 27.902185 11.033190 8.081849 4.225410 4.718507 10.973336 12.910063 7.553079 11.559267 4.769753 4.440502 10.501366 5.395603 5.798090 6.781869
1.982976 1.942141 203.3138 203.3138 391.7511 0.000000 16.000000 23.518556 58.796657 28.319622 7.200963 9.671981 5.089312 22.692290 9.115955 12.323751 18.055177 11.836432 3.973322 5.069352 6.358611 3.952583 3.468780 7.731236 7.875073 3.627925 5.369526 10.476306 5.836214 5.810613 6.862372 4.993093 2.401916 1.163395 4.558319 9.314431 8.952949 11.825321 16.104968 10.834532 10.410285 18.818258 30.504935 31.688842 42.876053 194.499561 230.408547 58.573726 31.779280 23.258575 15.299354 6.742448 4.700836 8.136317 8.388386 8.341334 12.668908 7.527117 3.137882 2.123592 4.647443 8.163254 8.062364 6.966772 5.696826 6.217781 6.440515 5.684175 8.410056 6.440689 6.448597 4.641111 10.513415 4.891354 8.630966 22.380329 12.216791 14.957924 37.896086 23.976976 21.207606 15.001830 34.188038 86.702704 25.698557 11.549131 11.553128 6.929865 12.865020 23.117291 27.594500 4.058832 9.955942 4.475443 10.877032 9.989611 7.345910 6.383235 11.877753 4.224685 3.589164 7.352935 2.632024 2.913636 4.028001
2.033041 1.945587 204.2377 204.2377 393.5312 0.000000 13.847661 18.669734 62.241392 18.880764 13.562517 9.354750 6.891971 23.117262 16.590347 13.467726 13.548005 18.919843 4.308532 4.058365 2.706246 4.204607 3.628703 8.010741 5.497664 7.006977 12.448636 2.181941 8.515813 9.332032 6.198423 5.090386 2.702251 4.844255 3.637339 8.284511 8.542421 12.592424 9.538085 13.883104 16.833374 15.621672 27.921379 29.554448 21.935298 127.876815 281.499252 40.628408 33.119647 32.071888 12.607345 9.685482 5.433716 7.557555 10.126908 14.061462 9.915351 12.461744 3.956956 2.705822 5.219492 7.675374 8.937274 7.344560 2.638256 5.641838 7.830415 3.863454 8.347340 7.486922 5.430885 6.530200 5.029649 11.666154 17.974506 16.616630 18.262795 25.768945 33.260459 25.858202 18.655459 25.864113 21.949921 47.776580 50.771730 25.721014 20.233969 19.583908 13.419175 24.152533 28.064203 11.959987 7.224506 7.105292 10.721924 11.354040 10.741828 9.938583 11.202321 7.411321 5.199692 4.744279 3.972547 3.103994 3.579413
2.083757 1.936053 204.4706 204.4706 398.9670 0.000000 33.174476 55.497025 27.872014 11.022422 7.543279 6.906940 9.806517 10.627098 6.046736 22.523132 6.160210 12.637320 4.765843 3.744815 2.958821 5.357651 1.757022 2.988334 8.316399 6.689612 14.731210 5.629227 2.915227 4.348474 8.404978 2.460076 3.873226 1.436231 2.307302 7.698846 11.828061 13.519590 7.252916 13.746488 15.916634 21.446535 30.960197 21.083067 39.322532 96.988264 289.920280 31.919615 49.148079 6.413103 19.459679 13.706954 2.711840 5.365895 10.451032 14.878950 8.980886 13.194308 4.637636 2.444519 2.530559 7.045476 6.616718 6.009622 4.687051 3.447871 7.992936 10.184657 10.558445 5.538488 5.815560 5.753724 5.609802 8.846825 8.785012 12.554339 26.786672 27.247817 16.100453 16.278809 14.922281 21.599997 27.731959 31.915868 45.629955 62.948046 29.772751 20.016718 20.644607 19.581936 14.827721 5.932546 6.369549 8.471424 11.090887 10.073912 9.776340 8.768222 8.260311 7.820406 4.427872 3.400564 4.125287 4.007991 6.096244
2.132721 1.925699 204.3499 204.3499 398.7316 0.000000 13.601888 67.187173 10.473880 11.685966 11.001626 3.460774 9.942892 12.392526 9.367884 22.692578 5.084351 15.356448 1.116734 4.626855 4.215707 1.059908 3.502887 2.929646 6.492416 8.271032 13.621368 9.053438 9.238205 8.716875 11.207317 6.305278 8.455637 6.443489 7.551826 5.991622 7.249256 10.022487 6.302631 14.804187 9.497156 15.433461 32.917707 31.387794 65.474493 123.988604 279.161132 69.665788 58.001305 23.784087 22.587973 9.777809 6.286821 7.172586 11.695365 11.565258 13.044468 5.594962 8.223957 5.345506 5.080436 7.668319 6.858846 7.146911 6.555813 9.060881 10.012797 6.896768 8.176360 3.625845 2.853647 5.012356 6.912428 7.613254 10.788641 17.441572 25.203852 25.060656 21.655880 19.820996 24.829706 20.607586 36.321597 46.773499 53.578516 48.137222 15.427002 15.122279 16.280959 16.719840 8.997067 3.431869 2.940385 2.512986 4.327298 4.396748 9.012857 8.632736 6.926708 6.152313 3.733094 3.574335 2.595744 1.767423 6.058409
2.182864 1.939369 204.5269 204.5269 399.0770 0.000000 41.731738 45.771882 14.890045 6.392882 3.908507 10.602411 1.751984 6.760857 11.124279 19.758511 12.215506 24.200856 7.422686 3.256673 6.267590 5.611849 6.391357 5.888284 10.123974 15.320076 2.856295 7.763058 9.386419 7.014740 6.287788 5.519568 5.895861 6.637834 8.816488 7.332086 6.386509 6.900810 6.586198 9.090062 4.995336 11.199956 27.052500 32.629616 42.999351 138.357401 300.712775 90.307611 24.015065 9.114067 13.146810 11.105171 6.189941 8.324871 10.975466 10.741315 16.680784 7.561066 7.602785 7.769455 4.234623 2.220366 5.341450 7.445862 7.515285 8.256423 6.635696 8.953717 9.119538 2.357139 5.217915 6.463245 8.683491 4.840616 10.071121 30.578923 27.631362 16.898993 18.765129 6.016285 8.684915 15.741352 25.544919 39.833749 52.035048 41.083422 20.605880 34.546489 20.682888 4.015241 6.126853 7.194953 6.122405 3.025976 3.194657 6.058698 13.310560 14.361571 12.056409 10.785224 4.675067 2.992296 3.764829 4.669119 8.496436
2.233047 1.907438 204.4611 204.4611 393.9616 0.000000 49.482815 28.211723 15.604536 5.177972 1.771000 6.241286 9.928199 8.534500 10.673966 18.540814 20.159376 10.246715 8.882319 6.229553 4.686983 2.093337 3.532352 10.201151 5.618506 12.280036 6.154892 8.410943 12.486342 3.367635 9.005994 8.733908 10.195099 6.777332 13.385489 11.709303 4.224479 8.978813 9.359327 8.922538 10.563835 17.033067 35.578684 52.955223 65.508197 126.325297 284.449951 61.309460 41.065327 29.159269 29.565152 26.098485 16.561310 14.606923 10.028496 8.285793 14.790534 8.205253 7.831604 5.499455 6.848472 4.803191 5.347260 5.579148 10.750739 10.258587 7.411066 12.192703 12.504566 9.322821 11.229998 6.775970 3.539906 8.119857 10.825904 12.902361 26.990793 23.938937 20.083628 15.296578 11.740057 12.805927 30.176129 50.841186 42.953762 30.925737 40.661782 30.838628 13.029045 7.649857 5.124315 3.842258 3.360810 4.670745 8.069533 7.405113 9.494390 14.607130 11.311164 7.341306 6.488262 4.910901 3.795462 2.475012 7.444625
2.282574 1.869627 206.8235 191.6901 206.8235 0.000000 40.884183 15.515814 12.434127 8.711122 8.013773 7.804596 10.790062 5.313896 18.164146 11.189087 28.620733 9.271169 3.906760 8.001944 2.210363 4.454536 4.783962 14.845299 11.623822 4.421774 13.564394 4.042944 11.737758 9.487901 7.291182 3.813284 11.157039 11.067768 13.992069 12.583879 9.558419 11.736320 11.308941 11.477591 15.656865 24.693744 52.050507 103.969674 141.462372 150.168856 222.607675 149.025545 53.309833 20.944890 17.012664 15.281067 20.617698 23.563691 16.225286 10.854014 7.811898 10.506207 10.301432 11.690105 7.675828 10.253818 15.027950 12.903253 6.983970 6.823941 6.479969 8.185292 11.852431 9.147704 6.819447 9.031969 14.173297 13.894057 8.262039 9.962097 16.604191 27.167043 24.873631 17.254210 17.774212 16.542004 15.745523 27.224845 39.076647 26.778280 31.190684 37.719611 21.604764 14.401547 13.957429 11.864415 11.565576 10.935533 8.816755 7.148185 6.446275 10.164788 14.494274 11.926515 6.608917 5.216614 2.928918 2.298903 2.411809
2.332618 1.872463 204.4233 204.4233 608.2839 0.000000 37.249814 3.800231 8.319547 4.594641 5.656522 6.577525 4.689470 12.343886 19.462817 2.645288 18.622543 10.726525 8.092658 11.966363 2.102950 4.013690 2.048850 10.091947 4.730087 11.794140 16.789690 6.003002 6.012812 2.006435 7.955057 2.644476 6.306647 5.569270 15.314926 8.218417 8.182057 4.060120 6.948543 7.901544 8.583999 15.738759 53.319723 110.769100 181.036511 223.818108 185.574390 50.171375 19.993800 8.892518 9.586733 8.971984 14.632986 15.190675 4.546403 6.924184 6.183608 10.349468 4.265735 5.306232 5.971566 9.899323 11.320381 13.580801 8.361561 10.809611 15.865299 11.453009 5.294861 4.336038 5.908857 9.757844 14.831532 16.109635 12.868799 9.918679 14.265572 22.187027 21.708461 14.743224 15.788154 27.972813 33.519086 24.327653 14.481071 24.054017 31.257461 21.801116 10.069015 9.234758 13.200955 13.223215 11.898868 10.540919 9.353039 7.523054 7.755402 14.195847 13.534796 11.249007 9.896386 4.541969 4.063581 4.556126 5.759313
2.380477 1.873251 204.2691 204.2691 612.8073 0.000000 41.556868 4.301081 3.371116 9.001740 4.163374 3.222733 4.455630 13.584435 11.107578 21.748605 10.495001 12.393620 7.040268 14.438100 7.104266 5.778520 8.826619 3.116893 5.113881 9.097417 13.356791 3.913925 7.393649 7.049047 6.939882 7.773747 8.422107 5.556787 7.723491 12.302328 8.964155 7.059400 7.604620 11.772546 4.103982 12.907188 55.669812 113.368257 179.680172 225.118978 180.341962 45.973899 12.459519 4.185952 7.402461 7.282486 19.324259 17.971692 6.016513 9.031503 4.723337 5.148140 4.486640 6.111776 5.511610 9.181030 15.060434 12.175060 5.675404 6.121028 10.963818 8.695583 4.535827 6.944124 6.030834 8.740402 19.697574 14.228680 9.493855 16.018986 15.080327 18.444006 22.965081 12.662797 15.035861 30.220776 31.979968 22.242819 21.507492 30.496230 30.187316 22.874616 15.967642 9.869080 13.328045 14.230985 12.396056 9.488054 6.921912 7.874651 10.949930 15.548070 12.278276 7.538492 8.429575 6.747919 5.003664 6.514695 4.190688
2.432980 1.896773 198.9361 198.9361 611.7285 0.000000 45.678515 8.090798 14.471935 9.714077 10.673075 3.041828 8.494812 1.704160 12.139893 31.006382 7.641710 5.329169 7.370163 5.936059 8.295747 8.155653 5.151692 6.552564 7.215436 9.813715 16.076318 9.158247 7.385459 6.939264 5.665744 6.991167 7.682756 5.431607 10.824403 13.383135 6.509932 6.731795 8.275229 12.749885 6.921346 14.403606 47.864823 115.145834 193.398408 224.393922 170.897788 48.751967 9.498715 10.111058 4.054765 6.474955 12.361534 16.550064 9.913651 4.110077 6.636711 7.437528 7.013201 6.190021 5.460217 9.865497 15.484912 12.697455 5.397461 6.791605 11.003800 7.728361 4.220077 7.692944 8.253931 9.973081 15.837730 14.189503 6.327471 15.432171 25.494778 24.229469 9.390289 13.197874 20.345196 21.467959 23.940379 22.089345 14.575502 12.914939 34.114371 39.711465 17.479997 7.849653 14.417721 10.311161 15.049559 15.103623 7.051079 7.176820 16.956437 17.135671 7.511754 5.551935 10.545840 9.244666 3.038512 7.541880 3.932663
2.482659 1.938969 197.0534 4.9263 197.0534 0.000000 60.984714 12.083318 12.159330 9.615303 8.265228 5.848791 6.652730 5.495377 16.939475 25.713992 10.905337 3.874529 5.779640 7.829136 8.129020 9.024348 4.912853 2.275494 3.733549 8.798529 13.504833 7.265423 7.964333 8.976764 7.841055 8.455415 7.642642 5.919058 12.702091 15.345285 10.185017 8.584854 11.198070 21.132253 31.952817 37.295506 61.128070 142.858256 217.524815 218.003294 127.394925 44.181554 13.678561 10.430443 15.333111 4.164712 14.181770 12.665505 7.178460 13.895744 4.263828 6.481097 8.700806 2.694679 11.889849 6.053558 10.588444 5.141918 7.948926 7.195906 12.679470 6.954308 7.347878 4.414162 7.368818 6.659132 8.945336 7.073176 9.737876 25.013697 27.094626 17.665474 9.307711 13.207837 16.777016 29.172788 33.077313 31.774385 32.702112 44.076772 41.883227 16.298361 4.300414 3.654048 7.267826 7.205090 5.690462 5.386166 7.408845 15.456939 16.234564 7.821097 3.307455 4.099166 7.735876 5.383959 6.312144 5.362669 3.162710
2.533055 1.956035 198.7292 198.7292 407.3950 0.000000 45.516928 41.030024 21.582808 19.626163 2.123075 2.284954 10.190025 10.527981 18.960766 20.189170 15.949499 14.548580 12.448412 8.005684 13.738133 12.010433 3.767503 3.364119 5.331435 7.929536 15.534210 11.585337 6.133250 14.999113 15.028186 5.600246 2.029604 7.189095 9.279595 4.596181 8.199631 13.807963 20.079550 19.487395 21.560627 42.313084 53.362273 73.664508 172.327080 226.162573 72.350397 100.046676 57.709938 23.752348 12.369976 10.838215 14.738189 11.895950 13.015903 11.165971 6.012457 8.488997 9.161306 12.096700 13.626334 10.129188 6.344759 6.005375 6.194355 5.520253 4.500105 5.246359 7.246255 6.576393 3.171775 7.830611 8.254607 6.418423 10.074676 20.460302 17.361530 26.828827 19.634511 13.053551 11.005678 19.221712 33.425012 32.108424 31.237940 34.576372 53.292138 37.843021 17.890244 8.110671 10.837451 5.360863 8.148308 3.681878 4.192756 9.217748 19.753819 9.138495 5.295268 4.562857 1.423782 9.617113 12.756034 6.060708 4.680542
2.582829 1.936935 199.2022 199.2022 786.8486 0.000000 15.415356 64.543054 13.784691 9.504697 8.567817 8.548766 8.547239 12.223316 8.297467 7.596808 15.026531 11.217886 10.830690 8.162397 2.809451 3.639212 8.074605 2.413358 6.979149 4.171809 8.596444 6.750544 9.626573 3.302142 6.492235 5.385314 5.144635 5.759043 2.779609 4.728527 5.156147 8.376008 6.540461 12.879380 8.139013 14.692058 44.877702 76.175656 118.285855 263.597431 39.578644 71.619094 40.185422 31.558236 18.740987 7.763997 5.697994 7.822761 6.603478 9.126767 6.964881 7.024803 3.883990 5.361549 4.975919 4.869627 4.698884 5.003135 6.197855 5.494796 4.298943 3.899345 5.627650 3.937518 3.341923 4.024168 5.450073 10.667836 10.768558 14.602927 13.490291 9.843436 12.888441 13.715895 10.474081 4.433264 33.824583 33.407585 34.782727 32.880944 43.827997 44.020884 22.544613 12.928710 10.118435 6.313998 5.878368 4.517202 6.962856 5.093322 6.485707 6.969272 8.128232 6.996093 7.902820 5.596859 2.322667 6.093628 7.315125
2.632584 1.936703 199.4331 199.4331 408.8378 0.000000 19.565535 46.241315 38.421048 14.695723 10.783315 14.666641 8.099272 13.209331 14.526350 15.344672 10.775301 7.297894 15.461955 1.898668 5.737771 8.808463 5.498419 10.848333 2.601468 2.623480 12.626995 7.388252 1.422222 6.332256 10.997782 5.759932 6.549439 12.277827 7.552505 11.513013 15.046698 16.943826 12.542277 6.997262 22.696456 36.464835 58.650938 43.074303 118.760587 287.832644 47.140752 44.690152 44.321050 30.327702 18.536322 11.861044 8.746533 11.328975 9.578473 5.080185 7.093250 9.122264 5.628082 5.735068 7.939582 4.496980 3.101845 7.544282 7.086927 3.939845 5.658158 8.097678 7.212314 4.320611 4.795336 7.359170 8.273250 8.509988 8.764984 13.224844 16.383244 9.966973 15.026253 17.603714 17.291904 27.341193 31.036376 31.715189 39.874386 40.424541 44.132224 47.628860 20.943211 14.490848 8.485430 6.142810 7.670131 5.582637 5.354137 9.268118 9.496934 9.915420 6.778105 5.581072 8.034790 4.842017 2.945878 5.470583 6.695182
2.682828 1.941898 196.3709 196.3709 780.5743 0.000000 15.233328 22.413372 57.763671 23.739866 12.211381 13.862353 9.123409 11.814311 14.002213 15.373017 7.602989 8.391621 10.676070 5.240839 6.714809 7.080189 4.869769 6.628052 3.346114 7.471996 6.672301 2.546963 3.492319 4.127657 6.510583 7.061631 8.220851 4.806831 2.343291 6.890259 10.112168 6.668772 17.841601 13.745055 22.919239 39.292858 43.792360 91.068381 306.950229 114.588436 69.872545 40.068484 34.842744 25.827803 20.799207 5.746503 6.280279 10.504214 4.471640 2.709308 9.100497 9.154085 9.686528 4.025941 4.247250 5.911172 3.927129 7.316000 4.381768 7.831923 4.111581 5.798982 5.481916 4.392765 6.325114 8.999242 11.799996 8.758530 11.483977 16.941458 11.511899 15.565257 20.461875 28.441208 33.054565 27.354780 35.446070 29.503052 17.880347 41.843573 46.690037 32.337495 26.272561 12.524309 5.974702 6.272727 7.036410 11.084486 14.772304 12.244526 10.853134 2.218349 8.839228 6.377249 3.526020 6.838765 12.297348 10.904900 1.195509
2.732993 1.931907 199.3763 199.3763 413.7057 0.000000 12.599351 15.481506 53.776854 25.582093 8.399401 4.240246 18.982898 14.370733 6.526014 17.049598 4.888074 12.020905 9.450629 9.232821 8.957822 8.376040 1.708766 7.789406 4.010570 10.090144 3.188560 12.212225 11.162245 6.330348 5.069950 5.419304 10.671875 11.010245 8.428875 11.267050 7.042044 14.782626 21.832614 18.127925 33.155691 49.767975 40.306299 54.119294 163.499911 274.708127 62.354143 38.993729 50.824793 23.240578 28.341326 24.317590 19.905642 9.585696 8.978851 12.796133 12.565056 6.302864 6.657168 5.646974 8.882506 5.676508 7.970024 7.404230 6.527458 12.025747 10.717868 4.359774 1.956860 6.218812 12.121014 9.254283 7.360042 11.215268 11.191221 8.041316 6.613036 20.061864 24.877337 16.414714 33.277588 35.251775 17.538739 22.586394 29.086991 18.451123 20.273506 50.792633 47.003290 14.417786 9.142858 7.420589 4.457422 8.672055 8.760793 11.340880 8.148044 9.375917 12.022825 6.601008 6.123094 3.352913 0.940280 4.346891 5.772560
2.783029 1.933852 199.3739 199.3739 413.7008 0.000000 5.111327 19.464474 28.428512 52.843840 17.795890 14.325708 16.937139 19.225380 16.188396 15.325301 14.249053 8.057834 13.959990 8.557532 9.446089 6.226284 7.295223 11.676379 4.860892 15.661927 10.238868 4.377607 6.149052 4.172616 6.244363 6.233925 7.013590 4.828473 15.772880 10.351574 8.591055 8.785175 16.845974 24.116059 33.247988 44.891415 53.785785 75.496574 178.179158 260.984639 62.405992 51.457923 59.155190 12.451207 16.508779 24.868168 29.655000 10.484600 3.843575 8.995736 17.799217 11.115394 9.337921 9.078981 4.549530 3.004862 3.446856 2.331541 5.016811 7.119018 7.590168 9.592656 5.960905 3.622560 4.446807 4.911172 9.829587 11.456690 11.021326 7.630128 14.301867 21.465755 15.756595 15.029314 31.317562 38.947624 20.541916 21.802416 28.113872 17.846267 15.340761 51.496194 50.694912 17.098500 8.215844 4.471084 4.941732 6.289664 9.777236 15.385867 13.118464 8.726981 9.206725 7.743292 7.929213 5.876030 3.075776 4.865480 6.483431
2.832579 1.930080 198.8786 198.8786 412.6731 0.000000 5.350155 10.841607 17.648682 57.679104 9.795511 7.284982 13.156272 17.735221 16.952391 16.738264 12.305588 11.893181 8.022185 6.241995 4.399760 6.108461 5.685248 6.678330 3.238968 8.136647 4.380122 10.504288 4.244233 10.210372 11.543640 12.897373 8.531313 4.518362 6.297789 15.941708 11.956959 11.321525 17.257923 24.692373 31.876309 23.388540 62.107990 105.345149 207.951002 223.559363 63.375012 55.517063 58.641574 39.641933 38.126215 30.940378 19.460703 14.690183 18.936890 17.994339 15.591270 10.800281 10.389153 13.857501 9.716802 5.854550 7.456201 6.926499 10.377396 16.790300 9.837979 6.588182 7.799048 5.086308 7.906174 8.733107 10.249816 13.887527 14.105593 14.905622 20.607962 16.124272 12.297135 16.284917 32.086119 16.235199 9.623070 25.291219 20.856925 18.461732 22.891081 55.156079 48.255842 20.614699 6.680194 14.687594 13.208028 9.343593 9.849289 12.015440 13.894922 9.705466 10.147739 9.080882 5.417664 1.888097 2.427235 4.097764 5.611825
2.882826 1.924559 199.4262 199.4262 418.7950 0.000000 5.604490 7.413223 16.577675 30.361462 42.356155 22.521955 13.726613 17.268046 20.445250 14.252068 16.542124 13.890718 10.237321 10.775651 4.958371 8.385184 5.085894 11.022205 4.709215 7.635042 15.002643 15.184413 10.675842 14.076809 11.172774 9.266281 16.201411 10.878343 7.270674 9.290460 16.804834 14.253549 18.655865 17.509976 50.141590 37.117594 52.674643 96.511248 213.789645 232.460737 76.742545 46.219941 59.337275 52.780098 28.520924 15.580626 18.124603 13.632282 28.252919 11.781696 8.024612 8.601826 5.616907 7.746653 9.027704 4.864307 5.272158 5.527349 8.217306 7.652453 9.458681 15.836334 9.867456 5.971463 6.898491 8.405705 10.641935 13.536319 9.797472 16.160858 21.101824 16.660925 20.245575 14.482880 19.012798 22.245264 8.725155 16.347923 18.935899 16.695629 22.194019 23.832017 51.122941 44.368945 15.834071 13.448872 12.169585 9.268786 6.796993 7.764128 14.488471 14.586468 10.827175 13.699539 11.397789 7.277542 4.192177 3.759982 8.945556
2.932981 1.923818 193.2414 193.2414 416.2122 0.000000 8.404253 6.418309 11.719064 11.931404 52.903858 8.163195 7.179222 18.561699 20.501915 14.950336 19.633882 12.838682 13.796260 6.482496 3.881941 12.725860 10.673586 5.097708 2.412762 4.588822 10.562391 9.148931 9.434428 8.420800 1.532810 5.766116 9.744201 9.231488 20.390848 23.875740 20.957458 26.247540 33.063950 36.602177 31.544611 36.308588 56.630129 166.989152 237.421597 143.546274 72.052681 56.346739 49.909476 36.469461 10.753604 15.832568 13.964000 12.156041 18.310468 17.800319 14.755006 11.671741 15.738323 17.647969 9.596423 10.853878 7.633017 7.090222 7.391720 13.011034 10.396943 12.033821 7.223133 5.495360 6.241395 15.559513 13.740792 3.773932 11.911206 30.066250 11.453500 17.275457 18.545455 12.159757 12.108136 28.655727 26.388991 14.046384 6.935726 15.528639 24.849884 15.294145 81.205533 16.241820 21.003186 10.857576 12.315981 13.567310 12.817521 6.287565 15.632557 12.409322 4.814867 14.156816 9.717972 1.304664 3.502301 5.994033 8.709428
2.982974 1.924092 194.1521 194.1521 418.1737 0.000000 13.714595 16.233320 12.732371 27.284253 38.680773 32.468272 26.685019 10.260675 10.558869 7.576090 25.773787 14.227586 7.468227 2.967699 9.966664 13.883720 8.918532 2.200586 3.993690 9.798565 5.163144 16.165067 9.304437 12.683780 15.657726 12.968294 9.802540 14.272074 17.910824 18.646085 15.536255 14.609005 13.071031 34.686730 11.486283 32.041013 48.851226 147.153910 267.398272 98.028673 59.169021 36.988758 29.294174 42.459693 43.064162 29.018805 23.301743 18.844928 21.137181 18.693719 13.458356 12.589022 10.381552 4.621037 4.475886 3.955512 5.284502 4.005360 3.355654 5.327740 9.851975 12.439115 8.867855 4.153616 2.657120 14.099505 19.659605 16.229388 14.415209 14.007029 11.355365 8.852275 17.166143 13.381860 14.423556 21.777000 23.864739 19.539644 12.002352 16.198074 15.063053 18.414210 59.528793 40.609236 12.317510 10.662303 12.807879 13.547628 9.222343 8.566688 6.649309 9.546181 9.323229 12.971137 10.874768 9.666922 9.698597 3.861472 7.807997
3.033765 1.933346 194.3638 194.3638 418.6297 0.000000 2.587904 1.260826 9.653283 13.731436 21.443685 46.782690 31.793317 9.838801 4.606554 7.786334 25.499467 20.711209 16.168687 6.364122 10.524936 11.940690 16.793735 8.691176 3.696941 9.997824 11.387418 11.180752 3.963683 13.060419 13.303123 13.548760 4.846556 8.542924 9.182948 6.088676 10.406687 16.097957 37.544839 12.536123 12.803720 20.388626 51.425135 127.871605 286.067868 65.370176 38.660163 8.779405 16.594062 21.859525 44.690475 7.217189 10.540976 9.918617 14.612642 26.250325 21.735084 16.766166 9.041112 9.122765 4.919458 6.873148 8.552499 3.557068 7.386734 10.882212 7.290650 8.554107 7.953509 6.667096 7.114580 13.913309 16.554774 5.932177 8.929594 13.265865 13.871127 13.480050 16.025301 14.761653 15.059121 25.013104 26.187491 20.763448 12.823534 9.856168 10.672889 29.764787 58.451022 48.645012 26.828198 11.088533 3.323958 8.232101 11.801975 9.925466 8.744043 5.037755 4.536348 10.501758 11.074809 9.679954 7.919872 4.066705 5.636382
3.083067 1.922883 194.3893 194.3893 772.5728 0.000000 2.934899 4.306900 3.141458 4.983616 15.831730 49.503546 28.469782 8.203192 1.012612 14.459053 17.049005 18.648916 10.236602 6.790301 7.454708 5.106943 10.476771 12.581406 5.311247 3.462166 4.348050 2.464390 8.639795 11.085948 5.607065 12.114896 13.455974 8.192772 7.065180 5.475470 13.646910 16.502909 33.286441 17.994078 14.030136 20.086712 28.579067 138.050514 291.579433 55.622264 20.812979 26.599160 23.089942 22.862103 35.867877 22.785853 13.787076 11.860402 14.306782 14.721560 17.385389 16.144711 4.325170 3.217174 2.558040 3.428660 4.792797 4.987599 5.113428 7.198033 4.977197 2.957480 5.644784 8.117678 12.636825 15.820907 13.077353 9.142646 7.900642 11.981099 17.645456 16.338189 10.367482 13.236697 13.989781 22.654183 25.556121 21.277480 16.118375 8.595566 11.147923 26.959172 43.216116 51.286254 32.337841 11.559744 11.104264 10.619531 12.301199 9.815015 9.762786 7.841138 4.560837 11.027048 14.270268 10.650427 9.158140 5.920053 5.698816
3.133005 1.931869 194.0208 194.0208 422.8659 0.000000 11.136159 12.485763 4.382855 6.483288 8.521160 30.731232 46.873596 20.042147 13.003489 10.378117 11.432077 21.353455 14.352289 7.163614 15.044015 14.593290 5.807948 7.485712 7.793765 1.509332 4.293145 8.843319 10.664729 8.871450 11.889384 11.140626 8.991478 9.051305 11.625187 17.151237 23.080384 23.933557 24.299389 9.427619 7.328403 20.219417 35.002455 145.421097 265.839364 38.814578 31.481262 19.343176 9.796989 14.194001 33.197364 38.425215 20.749124 5.961623 5.341439 7.255447 12.309258 17.061801 12.326744 11.192203 9.670242 4.538095 2.064239 3.934777 3.452179 6.263980 10.781549 5.671946 5.006939 10.238880 14.893720 10.603194 4.135445 8.068720 14.259839 20.535226 19.485182 14.765084 15.805951 14.917940 9.035651 24.579003 27.479568 16.140506 12.472306 8.834569 11.447135 12.745718 16.563416 60.197252 42.352425 13.612625 10.040415 8.585896 12.160218 9.300954 9.666040 11.703099 9.108776 6.133643 7.266007 11.273237 4.951078 1.828421 7.518203
3.182971 1.933925 194.4354 194.4354 423.7695 0.000000 10.360702 11.446612 2.027627 4.617611 11.108625 18.515291 55.142597 27.662077 18.824786 6.382669 8.203580 16.021830 8.379512 10.444951 12.708209 5.117888 10.531117 4.454917 2.826938 2.427950 5.480648 9.250677 13.103912 1.460012 5.534050 14.122932 11.203756 8.418738 8.041494 8.504444 15.826739 25.947234 13.282637 4.715121 10.059688 10.385048 17.132596 101.736738 295.800656 17.165338 14.540464 9.671279 8.545727 7.391808 24.716197 35.436761 15.119477 4.026442 8.700517 12.787485 14.817174 14.976912 10.150699 10.310939 9.860447 4.278211 3.782876 1.063969 3.806649 9.495332 8.706270 5.656822 7.765559 7.232891 10.575975 9.601991 4.501624 8.521574 16.610149 24.735785 20.491237 6.837137 8.907372 8.005304 12.966914 28.302558 32.606779 17.377173 11.689443 7.622413 5.530865 10.863983 21.900713 50.021455 50.820279 23.699828 13.482072 10.374059 14.196379 10.418659 6.716034 9.027475 9.586619 8.413734 5.436588 4.502793 3.717695 3.099104 7.947704
3.232955 1.929056 193.9883 193.9883 422.7950 0.000000 4.138202 21.140994 10.712023 5.473840 15.753094 19.436828 37.701958 45.571426 8.412868 10.344396 13.084528 13.361284 2.047449 4.489568 13.516145 8.629529 12.464548 9.059845 9.489880 6.474277 7.351412 8.854301 13.043691 11.893100 10.676748 7.240415 6.259219 7.922795 12.099717 11.109725 25.481973 9.664123 13.092307 15.121621 15.622086 39.373327 51.822354 147.907729 261.732026 51.561608 45.064404 22.851507 12.438449 19.228751 22.181387 32.343296 23.446305 13.544980 10.570277 9.517435 10.847804 11.110756 15.508808 15.294514 7.559112 6.705188 3.147919 4.403825 7.726745 9.584496 5.616936 7.660023 7.419099 4.233718 9.378613 8.916482 4.337562 10.695919 24.475427 18.992998 13.295425 16.402450 10.434176 18.907600 32.014900 32.900167 18.804352 7.525835 4.363856 10.528137 10.403987 7.741053 17.646031 56.776267 41.519972 19.547185 17.219998 17.802490 12.345824 10.093858 6.772521 7.478511 9.881841 9.389871 7.508663 10.595538 6.479761 7.591463 9.173976
3.283017 1.933713 194.3766 39.8721 194.3766 0.000000 1.360320 15.681048 2.903447 4.004932 6.811447 8.424876 25.685446 60.639123 10.237843 25.182929 14.431412 7.856458 4.358775 5.024481 2.518550 9.001077 10.079677 12.137502 10.148880 4.150917 11.716712 10.791966 14.504403 8.308560 7.104704 15.719500 7.163280 12.976410 10.243445 8.048769 28.978699 5.657339 7.661493 18.605768 15.687901 35.492271 26.648661 138.861500 289.534495 62.591627 19.476648 33.011107 12.327085 21.205216 15.506238 30.507809 27.264528 15.121640 17.471968 3.780228 11.111308 15.088419 7.878853 12.728600 15.950752 12.558176 3.870832 3.085978 6.394508 12.249966 11.107116 7.566832 6.962498 8.343063 8.917535 9.029022 13.580038 15.954961 24.727774 23.083115 12.985066 14.869524 13.390207 18.555068 27.530603 28.637419 21.569028 10.572338 9.340878 10.419149 5.890940 11.418994 13.940884 23.130827 49.725787 49.991979 34.808036 17.840418 8.805968 10.364601 8.676239 6.412629 6.207481 7.682270 4.647319 5.553123 5.046518 8.555574 8.348822
3.332911 1.921305 194.3013 194.3013 428.4592 0.000000 10.323094 10.262004 12.029317 8.950717 10.696745 4.858809 26.034063 44.441223 29.632649 25.321580 12.708315 9.464539 7.986879 5.041498 3.272995 9.345321 13.318182 14.156999 10.688132 3.039469 12.662797 16.918073 8.546254 6.388104 14.795686 18.927008 7.487309 16.078360 11.231820 16.624476 29.474076 16.523669 27.852145 33.772171 28.303968 33.004036 91.024090 161.272572 254.575535 46.532739 64.338000 43.474649 26.668700 21.176674 24.998333 20.658145 33.717204 9.134032 13.414985 8.101718 10.498260 16.591289 12.542282 10.713422 15.564200 20.225191 8.329767 8.046322 7.815923 11.814284 11.955501 8.684822 8.251327 7.792760 4.752789 13.635125 14.692879 16.124342 20.440704 10.813177 10.615853 16.188940 22.248889 25.552582 27.436002 23.513398 18.300379 9.610232 8.544285 9.771034 6.802727 6.201983 12.769758 15.984914 44.108978 48.119504 33.035413 21.169236 10.861017 7.316579 8.204392 8.886891 6.318950 8.663498 13.937827 11.943966 7.143233 8.030461 6.875433
3.382982 1.920371 194.4466 194.4466 428.7796 0.000000 8.499628 7.899948 2.800636 6.514048 4.547691 9.446387 7.707066 22.172501 60.102669 8.706857 23.774340 10.158931 6.454156 13.420209 12.696129 8.304278 7.109572 22.118167 9.578864 20.409712 20.840587 22.081576 12.623544 8.868611 18.223026 16.885613 8.069534 18.489373 39.916802 35.711530 37.636963 28.844001 23.672138 38.492777 45.382740 52.430666 118.067541 207.576655 227.543876 102.662280 35.517474 13.316330 22.790476 10.985485 7.554235 17.815470 37.083927 12.990108 10.175937 16.197547 5.944279 4.766432 9.328339 2.434148 12.304691 24.184978 4.803243 7.667117 10.579232 6.522012 6.283147 2.646049 6.632455 9.803262 6.185406 5.690344 12.733061 18.499323 14.744839 17.613731 15.098524 9.606223 11.510471 16.358695 28.869235 30.493296 11.710797 8.209268 9.648127 4.987430 3.789562 6.150527 10.277964 14.530704 45.569547 49.312538 27.333841 22.428565 11.154902 5.101964 7.727081 6.484294 4.715338 7.351199 5.991724 11.920358 13.902616 12.171772 7.485637
3.433043 1.918483 189.2996 189.2996 428.4148 0.000000 2.501541 8.507497 1.092867 4.343606 9.394187 4.762912 16.931655 18.731931 46.663835 19.096111 20.533132 10.280869 8.578192 15.964679 12.537162 12.439150 14.480075 24.221738 9.558097 10.661658 22.056333 18.570369 12.558201 12.276335 9.165444 17.765270 16.233553 14.817531 22.249947 26.721017 25.563734 20.478522 30.639419 35.626204 44.676960 63.939613 107.977167 254.039997 169.892212 95.070347 37.928117 25.971706 23.372297 15.277678 16.335185 18.916987 27.075757 41.823632 20.048234 9.390576 10.300235 11.326669 9.141573 6.925245 11.506576 17.338338 16.234366 13.164809 8.525904 2.971024 6.414018 7.027446 7.726406 5.288055 5.386076 7.646403 13.725083 21.572295 14.249036 7.893945 6.326685 9.188261 10.755209 11.897814 16.578420 30.705388 29.287786 10.661802 9.243193 11.470181 12.066877 12.495080 11.863190 16.760942 50.933655 43.727876 25.478822 13.987757 8.301513 7.890370 6.605014 7.992427 9.110406 9.297287 4.358330 11.613223 9.968705 8.811258 6.339751
3.482956 1.921254 189.5548 189.5548 428.9924 0.000000 4.826764 9.107738 8.229235 8.552944 8.978064 7.927861 8.854881 7.942162 34.972500 39.531168 8.428189 19.070826 15.750743 14.516220 5.929838 9.314116 19.546377 21.914159 7.277164 18.335806 4.522038 7.363476 3.432155 8.794286 13.290155 7.585676 9.771834 18.243771 29.773793 28.527171 20.964563 19.884642 23.466638 28.784390 26.525903 45.007039 149.871737 282.668782 123.887120 27.573736 42.447620 35.322029 23.468595 29.007757 22.860704 14.398460 18.404759 31.229342 14.436677 9.435868 10.284756 8.865678 7.746551 13.432344 14.257610 15.772086 10.530651 15.592548 7.037245 3.251254 5.009898 5.272795 4.287907 7.177247 11.405261 11.719595 17.312402 10.865158 8.626252 7.544440 4.791002 9.169390 7.695481 7.322110 12.605222 20.677751 22.937072 23.772352 24.218871 15.261887 7.320294 16.533075 17.543916 19.165087 44.540970 51.787381 26.539509 15.311210 8.972761 7.460533 5.953106 9.294293 7.581672 5.614091 4.680243 9.222279 11.785111 6.527010 3.874291
3.533020 1.926339 189.4115 189.4115 772.5995 0.000000 0.953885 7.585889 9.804858 7.057420 2.765159 10.696941 8.399320 8.709504 28.336919 59.903563 26.537110 4.269121 6.076198 10.191191 5.752889 7.249380 14.430188 20.157762 4.305586 13.010288 6.222794 10.325795 7.270218 5.575986 19.303674 17.070732 24.108624 31.199978 21.202397 20.268679 9.520108 14.434462 12.007153 25.802180 26.719178 56.663100 121.975873 281.098809 115.622926 66.181967 27.430248 29.000546 28.316532 23.344924 26.593673 23.120557 21.649781 31.501207 21.003567 15.887429 10.751380 7.673908 4.252402 4.055093 3.498165 7.360488 21.150421 20.264199 5.965172 7.585032 7.835331 9.558440 6.502539 14.009567 19.083485 14.540291 16.841317 15.241744 6.132528 7.488342 8.677965 7.324700 12.645308 12.248937 15.600248 23.253395 26.084149 28.704748 18.007525 9.819725 12.290958 9.503674 16.275181 20.832229 32.449877 49.870292 40.198608 18.294070 5.768151 7.740936 11.964035 8.403396 7.726506 12.539569 10.443928 9.342086 11.908684 6.023066 3.455032
3.582821 1.923352 187.2407 187.2407 428.6827 0.000000 11.248954 6.375466 12.262812 15.598504 7.696176 13.344542 13.560040 22.610432 30.072448 48.244342 27.337272 3.447335 4.496305 11.104686 8.433291 5.006797 11.174133 14.180591 6.007773 12.454298 9.449590 13.103156 14.499805 12.629148 9.805266 13.129861 18.332331 13.640057 9.631612 14.283837 15.398732 25.755055 22.142635 18.603364 28.869360 51.329810 249.992205 176.665752 54.055566 37.439915 27.219926 33.106098 23.206372 13.230122 10.004813 7.722846 14.573708 33.835519 24.659754 3.215055 16.901561 6.416130 14.837594 24.782969 21.734304 3.529110 20.646722 14.544251 21.645223 14.032022 3.773096 4.421785 5.659541 15.728930 25.335279 3.460647 11.566326 9.736486 18.087456 29.026607 16.332676 6.690281 11.112100 5.154139 9.348237 14.313336 23.953150 23.263958 16.145986 10.121956 7.804303 14.369614 21.086626 22.178941 45.296176 42.055831 17.300919 7.151574 5.698010 10.383939 9.888576 14.647317 13.438873 7.219956 7.703147 9.975971 7.466793 8.016782 7.446140
3.632526 1.918051 189.0066 189.0066 432.7256 0.000000 12.926222 9.224423 1.332988 2.815220 17.032073 8.275320 14.962061 6.821910 8.852822 31.418309 46.485952 8.080199 3.964246 9.732419 6.947280 5.112948 10.728626 15.940064 9.311222 9.267538 16.186043 11.233362 14.345008 9.470940 9.994691 7.660249 16.453800 20.619456 14.056912 21.453444 19.803778 16.873636 26.387926 16.401355 25.514536 37.117973 157.200753 269.440042 72.848291 37.460211 29.909709 17.177143 21.795200 17.890760 20.277909 11.901510 13.823645 19.441103 24.610411 12.947044 10.789096 6.784611 11.610221 14.661724 18.367688 11.545315 8.536688 9.966730 14.495533 17.664205 10.625761 4.761300 7.141826 12.590598 19.237237 16.921887 10.277945 8.944622 11.593369 24.238963 21.183482 12.181419 11.094699 9.300538 4.937776 3.703174 26.919743 21.813236 6.754159 6.463338 5.626399 10.089707 15.619964 12.142986 18.256196 48.935118 37.560381 16.747995 13.476974 10.136018 15.009857 8.338690 16.540343 12.672686 3.413100 12.263387 7.368643 14.649942 7.633327
3.682757 1.920322 186.7947 186.7947 757.0101 0.000000 11.448014 6.739385 8.191496 10.391641 14.253799 8.499095 13.096996 11.334265 13.268169 36.601066 41.755633 19.471023 9.434623 6.866998 11.949330 15.631162 12.659183 4.930831 4.308897 10.340281 13.640266 13.114294 11.215603 4.640174 9.592130 23.890170 19.981164 6.202208 10.840033 14.269179 13.290802 10.901348 6.422846 5.009629 26.107306 49.740095 285.647532 133.821626 32.411669 11.767073 5.785660 3.692309 23.598087 20.455016 15.189523 7.734460 5.963627 33.104374 15.264135 25.773341 12.486104 17.885241 9.359369 17.133610 20.019305 11.754909 11.986597 15.261191 18.946360 17.526927 6.443659 15.033291 17.755306 18.793939 15.989384 15.028847 6.814845 12.490480 20.735583 26.313683 14.517581 4.234358 11.024897 13.376937 12.491814 21.243681 20.141842 8.255003 4.933535 6.880540 9.070957 12.922291 15.461975 27.909218 40.712887 45.414923 19.207694 10.070192 2.451303 8.323825 18.238341 9.667873 13.891920 4.093159 11.091799 5.476940 16.141271 4.194028 7.493637
3.732934 1.917655 188.9050 188.9050 566.7151 0.000000 8.267095 12.715414 4.437511 8.814858 7.037009 8.023646 10.949239 14.471322 19.125583 7.195040 22.520539 40.323096 11.065900 16.606851 18.141425 10.813303 12.491445 2.379332 6.858963 10.119555 7.590230 7.563301 13.340085 7.532707 13.279239 20.732645 14.987937 9.422069 15.218123 15.473334 4.753240 5.708409 9.367656 7.217538 12.631183 10.266058 137.296408 257.896113 19.497678 19.971889 12.865095 6.806498 9.433537 6.415301 11.036721 17.350980 13.704630 18.428266 26.470643 23.696662 7.325969 9.199203 13.164218 11.942233 14.374082 8.291149 2.614132 7.004200 10.753095 19.873368 17.130010 10.564518 17.249936 15.475452 5.519614 6.811831 10.549647 12.220930 14.585655 16.620531 16.777983 14.745920 10.630624 8.242181 15.501337 12.806927 28.496023 16.802972 3.325592 1.379142 6.819866 6.216647 8.736296 15.284317 10.592264 19.619961 51.738779 23.542254 20.404560 9.521906 9.526388 18.471555 9.903104 13.249461 8.781313 5.653161 5.804839 10.355556 7.842605
3.782858 1.920624 190.9455 190.9455 442.1897 0.000000 10.038743 15.604234 3.241709 7.088067 1.894029 6.489742 3.086325 4.622991 9.771559 19.092455 6.562594 54.233384 14.281685 7.414257 15.882436 3.696191 10.834059 7.079321 4.984834 9.464030 4.223450 11.303860 12.699464 8.823110 15.892897 29.965868 19.845936 8.097666 8.138749 6.931570 15.128231 15.620803 9.751964 30.404728 27.042804 40.674714 55.378907 338.963336 69.668942 56.674671 21.528877 28.936763 15.164627 8.525019 14.885351 11.299717 3.781538 6.689626 6.755730 46.420156 11.394419 11.569070 3.640146 2.845295 5.193587 9.189126 3.259737 8.888863 14.940661 14.973150 16.060279 21.558718 9.786080 27.858965 13.248022 11.799172 10.208786 6.594541 4.641746 11.095855 5.920551 9.724751 6.573613 9.541771 10.692832 14.480833 12.430244 33.204744 15.830808 10.628774 10.650288 10.666921 7.331810 8.131606 4.666636 25.506861 15.743383 55.342669 19.352145 15.000068 7.833585 12.417573 13.061508 11.216356 12.723047 7.224357 4.224818 6.660683 14.619110
3.832531 1.922117 189.3199 189.3199 438.4250 0.000000 10.111379 14.904298 4.837485 10.675378 4.064149 2.420699 6.314356 2.515417 15.657805 12.695861 13.325801 41.357923 17.144720 22.518019 26.079462 15.963195 18.469826 15.240333 12.336853 4.858531 12.126647 7.893078 9.548783 25.650112 26.723030 19.989919 16.542760 9.286090 11.764518 6.091957 20.679150 18.510084 20.828242 38.339842 34.620626 60.854394 167.034193 276.585817 78.314158 26.340172 15.414152 24.970880 12.773756 18.768808 18.509633 6.706159 4.383876 4.648843 21.732213 33.072465 16.072710 15.704701 6.524496 8.257251 12.497047 10.520708 8.680016 12.684522 7.116207 14.336996 26.169525 17.075982 15.583072 24.224746 13.071851 12.190198 11.595667 8.372460 6.375862 6.934203 9.924696 12.386219 12.143647 12.272681 5.812503 14.864447 22.868859 22.661138 19.025844 10.111306 9.818686 6.242299 3.860091 4.894851 18.712184 23.375960 41.697465 27.384183 12.541767 11.858767 7.483446 9.231422 12.771354 14.435204 9.299876 8.909185 9.329680 11.335070 17.572181
3.880444 1.921195 189.0806 189.0806 562.2660 0.000000 8.962265 13.660935 7.451957 7.307892 1.537473 5.600631 7.499857 7.435188 6.912360 10.827631 31.938151 20.138461 41.218734 23.375783 5.409170 13.164158 14.637992 8.304019 7.239058 7.202124 10.640367 9.708146 14.639260 32.086603 29.659864 19.100833 12.675841 16.329466 11.199254 6.974694 14.593243 20.597332 25.752532 31.718631 29.497177 82.002489 198.043906 247.823037 83.852050 55.331480 21.681868 24.919546 24.031592 19.538392 11.631479 1.545327 3.685233 5.592228 8.277319 28.421882 35.781871 17.005030 9.663552 6.727714 11.826444 9.602176 11.776901 11.598244 13.941675 18.536936 21.859837 17.407309 15.944187 15.006048 12.072350 16.552501 10.150245 3.590136 6.554725 6.310800 5.923164 9.264749 10.262598 10.139678 10.592487 15.109746 21.756235 30.233849 16.682015 6.249399 10.567519 6.446516 2.376364 6.737156 17.977656 28.839084 44.516091 34.225984 25.930583 24.635972 18.028214 6.720630 8.939040 11.984768 7.099159 4.028644 13.430999 13.702898 25.410433
3.931956 1.926330 189.4052 189.4052 254.2017 0.000000 6.565227 3.468478 12.646838 8.037929 10.842585 4.863390 3.872411 2.135687 2.129590 15.109346 26.849868 13.986260 33.979843 40.263965 22.838709 8.292483 19.329459 14.659592 8.697812 3.597533 8.255052 12.910437 6.311512 23.045908 40.129817 28.385625 13.351471 11.978904 20.993502 22.218538 21.818734 25.375235 33.023277 41.732891 53.562753 72.271401 174.317240 263.919944 50.497403 29.373500 34.321565 20.649078 22.793273 17.882461 15.301127 11.696584 13.861485 10.110080 6.990596 22.433497 46.040051 11.932306 12.875546 9.642556 11.142007 2.200142 4.754932 8.864078 4.065897 8.223192 22.923774 31.629701 18.041872 20.388401 15.444000 10.040177 8.739916 6.839035 2.425287 6.721896 14.131827 13.722387 11.314857 13.904446 17.657045 18.777748 14.845701 21.341728 15.428099 7.749867 4.376200 6.065169 4.561906 4.651049 19.935527 19.064739 15.491205 40.660385 42.638762 26.666998 18.973486 11.856979 10.227454 12.508136 8.427806 5.509447 11.120035 11.823158 23.049598
3.980402 1.930013 189.3460 189.3460 443.4684 0.000000 0.702890 12.481819 20.534850 2.202434 13.596511 8.443670 6.419290 7.069970 6.244584 17.531321 22.658757 6.575749 16.121458 58.446012 24.219612 25.137736 16.597511 13.307875 9.975692 17.774354 13.307342 21.090665 22.535464 38.807396 29.549397 20.626143 17.551940 21.708881 20.573922 22.944285 15.855244 31.641747 30.030412 28.604964 55.600212 104.166638 190.464827 247.761739 56.866032 47.073453 28.786900 25.457581 21.129457 16.273669 7.147315 7.234002 4.113279 6.515053 9.147995 24.953986 30.366356 21.636116 20.294605 5.699100 7.733371 13.427726 9.791386 8.527234 16.182839 16.890148 19.442948 20.152146 18.118145 19.609772 20.519960 9.252530 3.953804 6.643015 6.672505 8.244220 12.302189 10.497944 15.125381 13.810608 10.643038 12.399246 17.634320 19.660886 9.561628 9.098150 6.967984 6.313398 6.178761 5.270772 14.135862 12.433155 8.790116 45.872781 40.226443 18.121155 9.859320 10.624137 12.080330 10.696505 8.588228 8.640240 11.827714 13.340213 16.680872
4.031999 1.930830 180.5929 180.5929 537.0261 0.000000 4.909551 6.845075 11.879560 10.404055 6.181975 3.636740 4.219991 6.116978 7.051619 22.057097 22.229133 17.423061 50.230894 23.206703 8.511459 5.635843 12.418398 11.133723 5.187676 8.543482 18.235659 14.747781 18.928264 18.626733 9.296664 10.235572 11.744237 13.434104 15.815789 9.264851 19.181828 18.700465 33.679326 48.868498 178.400573 288.360068 108.908885 48.877971 33.251799 31.609320 28.896692 23.519315 13.937448 14.431140 13.896704 17.897033 29.373880 28.194973 31.430727 15.702025 7.943885 4.940379 4.836196 17.100627 4.620861 9.551317 22.321180 26.144537 12.660081 13.906561 17.577292 16.613364 9.542432 10.492588 11.241187 7.140635 7.783189 13.897757 8.363809 16.154489 10.823787 7.363921 28.163358 30.466433 10.661261 5.629763 7.513032 7.297747 7.771977 2.019421 11.304198 16.638983 6.816150 40.352442 37.042478 32.133800 17.674446 23.365349 4.166123 12.000346 4.048718 11.358522 12.940055 13.703149 17.412940 10.327075 12.898657 8.638199 6.118292
4.080504 1.924176 187.0980 187.0980 556.3705 0.000000 21.669462 9.109871 10.936220 11.552340 7.041561 7.710581 4.663121 6.379823 5.644144 14.706214 19.990160 8.517425 25.674825 39.495159 33.861064 16.409520 16.250307 10.262592 6.231420 7.989378 9.156767 19.591949 21.989634 10.704622 6.311233 8.689827 14.410018 15.746647 18.059637 20.277565 24.093478 25.053286 23.169639 29.083722 53.779104 153.424590 254.616046 152.356174 65.917921 46.450694 34.241209 14.954892 16.657720 25.913802 15.281883 15.524607 13.369431 16.919598 23.447668 13.666074 45.801828 7.488413 12.406577 6.036806 14.434830 16.380895 2.935478 16.324165 19.166255 32.352626 11.131311 6.853041 25.962911 9.215895 2.753276 5.347912 10.096942 12.009264 8.914353 4.478163 8.125914 21.618886 23.203160 17.744311 22.933846 24.787781 19.259450 11.795679 6.466700 7.454665 10.112543 8.540465 6.609883 11.216935 9.091196 15.086451 29.275364 45.342466 46.565117 26.851176 9.814435 7.436956 9.694166 10.102435 7.858439 9.149628 4.024496 11.288524 5.498821
4.132612 1.923164 180.3831 180.3831 536.4024 0.000000 17.551067 11.014403 6.954250 10.559521 13.490738 11.915461 8.828029 6.884956 14.518243 17.423427 14.255088 9.217629 14.246779 54.835653 25.958404 4.185033 6.638319 5.286514 11.239253 6.118590 14.077985 28.600636 15.096581 13.633823 17.917764 17.165955 18.582659 10.706359 15.069724 20.591188 19.325247 33.205764 60.574328 93.564946 167.699729 287.692541 47.478222 38.258252 45.170671 32.210577 21.311913 20.917992 15.806106 9.714934 9.666627 10.015395 10.490595 17.693760 21.517697 27.061648 25.689643 23.723982 14.118180 9.753701 11.644328 19.508907 22.505681 28.327198 10.178053 13.255448 11.910354 5.958817 10.360223 19.289017 10.444048 3.336211 5.560447 7.045751 13.561406 21.294140 15.801006 26.748940 27.082359 14.318466 16.029546 14.038683 6.346231 5.304426 2.706292 5.222629 6.728573 12.509604 12.934787 23.896149 54.887664 44.353684 14.146074 3.127049 16.533405 16.851042 10.424687 6.465564 7.996235 8.025426 10.211114 10.896866 9.740826 7.969345 4.805214
4.182866 1.916054 187.1053 187.1053 748.4212 0.000000 18.428936 13.912282 1.916041 6.322446 9.921589 10.097168 12.885632 9.901507 7.503230 5.504937 6.927619 13.501264 7.016371 29.992335 45.619358 34.654798 17.879579 14.555352 13.165897 18.517727 17.993726 15.864086 10.280653 12.190088 16.776185 18.076127 13.455589 15.778278 13.991869 15.294146 20.360503 15.728755 30.616340 41.714585 67.678378 160.438190 247.835180 142.674669 56.135136 45.729206 38.134175 25.861407 14.233141 18.118135 16.294256 11.876644 13.517484 14.537516 10.982761 24.084572 24.941277 41.566688 31.623715 13.290689 4.578841 4.829744 5.914584 24.285188 31.053525 28.934700 6.706376 4.668923 15.770242 12.549665 14.357029 8.290023 12.296684 9.053580 3.876228 5.163770 9.736293 15.255364 19.813408 22.138790 28.401149 22.596243 4.061377 6.527366 7.243639 9.564886 8.483996 11.522267 10.720551 8.145500 6.102446 11.124950 23.378986 42.952592 56.108448 34.335944 16.007558 13.525968 15.465958 12.134729 10.843651 4.252040 3.152192 11.713462 16.958349
4.233026 1.913958 178.5854 77.2261 178.5854 0.000000 13.633670 9.680801 7.813507 6.826353 12.413213 11.958990 12.605859 10.518383 6.305624 7.351101 14.690350 19.194891 12.271999 18.351183 46.593222 32.622831 8.876393 3.264699 10.851215 22.984422 26.502055 22.898577 16.098092 6.036954 17.295890 16.421442 17.983887 18.559930 17.865874 17.464849 23.702229 23.745415 48.667978 60.540791 148.878436 242.272826 144.617278 67.690057 41.018828 26.766045 20.363517 22.346912 17.473433 17.094719 13.323833 7.044375 12.980894 8.637243 5.428196 11.559268 35.911629 30.811901 12.735587 18.127746 4.133852 17.848484 32.179124 7.628429 15.362775 15.867260 13.743214 13.142785 10.511559 12.115608 10.469581 17.764931 11.944098 7.259248 6.279225 11.034800 12.962006 28.119876 26.134033 25.551578 18.706915 18.419387 21.755748 4.059252 10.342147 17.304315 11.414852 13.040949 15.779473 20.635102 15.485760 26.189585 53.400463 41.455659 17.054605 15.612706 10.077135 16.854005 12.068870 5.912962 5.742208 7.032135 5.276945 1.655143 10.661710
4.282959 1.913710 184.2917 184.2917 453.2578 0.000000 6.197298 2.499825 2.452705 5.077844 15.095204 11.080498 12.718855 10.837199 10.349846 6.113654 8.116639 10.638654 17.488610 3.876709 25.082919 54.555749 21.422972 14.365101 24.826017 15.829772 33.078531 19.137400 13.250487 13.944160 10.959208 15.309195 12.644854 9.047093 11.103069 11.285193 15.605406 14.323917 28.334402 45.726188 58.041238 138.673729 276.620907 108.938298 50.988473 26.138146 3.863315 8.456433 17.482578 12.547598 10.105796 15.362916 12.088858 12.250858 8.363630 8.906752 9.604825 13.195877 33.123591 32.347695 21.162070 8.217241 16.595588 23.523768 19.213358 16.516669 10.731508 16.693599 15.009736 11.156439 9.400580 15.955106 10.714438 10.463980 8.784964 2.613649 6.632144 15.130719 15.081891 12.105839 12.835446 8.142949 17.411131 19.046186 10.638758 7.206597 8.253671 16.090989 15.890444 11.270603 13.248115 19.257004 13.634881 10.300517 26.252567 56.220215 35.265169 19.189606 21.334042 8.617263 21.415188 15.131177 6.176512 8.377867 9.698296
4.333022 1.918272 184.0030 184.0030 452.5478 0.000000 5.966502 11.779212 14.244945 16.329413 8.871545 11.199219 9.092250 8.257269 8.139355 9.129293 12.395311 14.449730 11.089606 8.023201 21.445760 37.296329 48.740151 26.896358 20.525245 27.687311 22.253985 16.693191 13.906880 11.728837 13.193348 10.289535 10.199852 15.800614 12.635506 14.359689 14.861739 16.170515 23.524799 28.656346 34.759187 144.781481 267.391530 74.184212 42.502685 33.598304 18.273426 17.828269 19.525746 13.711602 12.903245 14.671142 8.129999 4.916944 7.002158 12.162295 11.226375 17.958445 30.920468 29.200250 19.276952 13.638125 22.823787 25.608003 14.775153 9.551213 15.006685 17.167262 12.201585 12.540913 5.861157 4.372005 7.863824 13.758290 11.379736 13.540058 13.189339 9.387134 16.043166 20.071249 9.630703 10.280643 26.604520 19.889265 14.498899 9.439886 8.838705 9.648290 7.107165 6.392332 10.225873 10.722725 18.480858 16.862217 19.168946 63.775525 30.346772 7.615980 21.114421 25.179598 16.796422 6.372226 3.565350 8.488675 6.181419
4.383003 1.912629 182.0874 182.0874 447.8365 0.000000 7.752961 15.635052 13.837668 8.465047 4.991768 15.207654 9.942287 7.587296 8.755970 8.071357 13.221944 12.263535 8.263380 8.820791 9.171961 31.454955 44.024663 11.287218 18.859792 32.358531 13.823977 9.913404 8.269566 8.672186 8.675732 6.244541 10.456427 8.935662 9.822669 8.024587 12.663895 7.178087 9.175055 24.681232 46.953544 266.483260 151.838497 30.153129 19.718857 12.521080 17.473891 7.586682 11.848627 4.649929 4.776217 10.205274 2.065930 6.964759 2.722185 13.527051 19.142322 27.803041 35.795879 18.697681 14.295670 30.829979 15.034827 2.198061 5.933147 5.085179 23.962537 11.689568 14.370819 13.857960 9.457853 12.955611 5.076952 6.628651 6.682141 14.112585 9.542111 12.289327 21.089794 21.763374 17.279023 18.256286 19.716717 14.946445 14.299604 9.498735 7.620644 8.272996 3.664401 8.804945 9.315548 11.616220 15.951226 21.913396 53.414735 36.805568 12.671737 26.235414 18.799615 15.594749 14.389765 10.047605 10.629635 7.127706 14.269434
4.432972 1.925893 184.6892 184.6892 554.0677 0.000000 1.858320 22.004326 13.219374 13.583400 2.595873 14.742572 7.696063 8.037348 10.288750 5.944680 13.895853 6.541051 20.547075 14.844302 20.750192 24.179363 48.590308 28.089241 18.180057 30.701104 7.522504 25.089261 11.809716 12.384913 12.921429 6.825129 4.789498 5.477684 7.643722 7.320440 15.266337 22.432942 13.056743 24.514241 26.144967 71.042236 307.797958 16.451924 37.681306 22.680078 16.005224 18.658404 13.273795 8.144624 5.107110 9.037356 5.787678 6.604683 12.245658 9.422041 11.984236 27.804776 11.330463 17.088119 20.144228 27.147225 37.417941 17.715450 10.452465 15.881602 15.181760 11.161616 15.566115 5.462756 10.576878 12.603624 10.834477 12.332136 9.953185 9.984266 11.559340 13.922618 8.871923 13.162972 15.641602 32.116582 25.024771 19.668598 11.113874 4.399963 5.617035 11.500445 13.948713 12.896822 8.732968 6.842353 11.676182 14.548032 19.442268 25.033945 42.521530 35.589869 36.387157 30.766095 13.245746 13.707061 8.613733 6.820026 11.717257
4.483013 1.949415 184.4206 89.7181 184.4206 0.000000 5.160686 26.057328 3.224009 1.345755 9.204847 19.307456 10.268381 7.755247 3.922865 2.568747 13.515374 5.428704 11.455917 14.108933 16.623787 9.327244 28.655768 60.371018 44.187483 7.097587 15.725914 14.774907 3.534728 5.265773 8.210822 12.467603 8.182952 8.090614 6.186343 7.659584 7.747206 8.596712 18.224970 25.267976 27.499473 108.106759 294.982063 34.023988 29.887386 28.713755 12.922363 5.789054 7.639061 6.062208 5.847755 13.882847 7.264456 6.792687 3.940289 5.673942 12.938863 24.560769 18.913383 22.463865 40.326268 36.604552 19.742768 7.164291 9.034000 17.273556 13.189177 12.566512 16.239162 6.118290 9.208247 12.421137 11.327549 14.972124 11.552003 6.593545 8.065836 13.476683 15.605183 12.726385 19.292109 29.850009 14.528412 14.987180 15.873606 6.066225 6.634822 6.787738 5.155529 9.135830 5.955416 4.279890 11.047950 20.097645 12.326728 16.920846 46.081054 53.867186 34.191577 14.073111 7.262436 7.710018 4.533589 7.127863 15.375751
4.532622 1.943433 184.4123 184.4123 463.5227 0.000000 13.903611 28.999610 7.119959 9.377980 9.952601 14.731542 5.720427 6.828068 2.098241 6.467170 7.418783 5.870498 7.063198 15.624129 16.828843 8.938965 24.574160 47.893758 45.763396 7.569605 12.271798 9.979021 13.333838 5.896835 5.027036 11.656027 2.629447 5.053250 3.562670 6.493059 4.344368 7.155148 15.707883 25.016101 41.813575 120.450136 298.694375 64.012646 33.840695 14.408307 8.946187 7.408940 7.507147 7.150544 6.285264 8.392716 5.558348 9.523331 3.818945 5.878499 11.178139 17.742958 19.626460 18.393419 33.994971 32.699658 20.644509 13.556650 11.707018 14.776663 9.770450 9.072812 7.879587 4.507708 8.821559 9.017528 9.094644 16.983994 10.623325 6.626362 7.926955 10.140267 21.422036 29.239899 35.495447 34.314943 16.121218 7.749908 6.392181 4.002473 7.295908 8.797484 8.852735 9.744708 7.892777 8.669345 9.614174 15.638193 14.675722 15.298936 26.021527 51.788939 33.465604 13.051952 16.803442 13.948045 10.368075 6.119098 11.294903
4.583000 1.938705 184.0041 184.0041 462.4967 0.000000 11.910182 23.847391 4.819187 2.368927 15.735281 8.794354 8.432472 5.804506 5.448428 7.491844 7.635905 7.468824 9.581280 9.684653 17.256353 10.609933 9.909105 35.593622 55.671689 9.700243 15.318303 13.439406 13.254168 5.891324 12.036058 13.783190 4.912075 4.803097 2.070242 8.639589 12.896451 16.369259 20.833904 33.577004 48.620043 142.498407 272.826271 73.317253 42.151287 18.662463 10.136372 8.981751 7.632326 6.959495 8.117507 8.802304 6.628496 6.544558 6.115989 12.376431 14.983800 12.038665 15.205057 21.138959 37.258083 30.252630 9.215264 9.324783 14.102195 12.109021 7.662744 8.822440 8.822105 6.522452 6.208878 8.318492 10.662959 11.103551 7.447580 4.997931 6.080404 11.563843 25.334112 25.159873 35.076240 30.512850 14.282404 12.133222 8.354386 10.040488 12.105321 10.197924 9.404864 5.136806 5.487837 8.005598 17.152735 7.780751 18.657284 18.242348 8.692727 61.125097 24.444244 17.738157 13.746706 10.765215 11.859643 9.363970 15.681117
4.632978 1.929550 184.4349 184.4349 463.5796 0.000000 15.643887 16.790283 13.706685 10.803838 5.877922 2.338603 9.063079 7.806655 3.161619 3.462596 4.892908 10.951342 8.014005 3.164428 13.585877 3.444162 7.922118 25.516794 57.246250 16.862992 20.646888 12.880632 7.415302 6.671734 12.631838 14.441196 11.666562 11.494400 7.719801 17.705996 15.616003 8.558690 24.414848 26.771655 59.186268 148.931858 290.790624 99.616245 26.821379 23.045342 13.294477 3.938797 9.347469 9.079897 7.186429 9.319801 11.335731 13.785542 9.908680 8.257763 6.240925 22.798723 28.357977 20.895603 24.929692 26.574284 3.140319 6.987401 15.400674 12.541148 6.595495 6.326472 4.349507 5.496831 7.154160 2.494996 3.620102 2.547108 2.810347 4.770937 5.451589 11.907611 19.628464 24.173426 30.162864 30.440461 26.284673 18.559991 9.420357 6.156136 8.502303 9.579169 13.036367 8.866243 8.104209 8.139595 8.173223 8.563792 10.929423 15.874065 19.487049 50.246762 48.210175 23.456142 8.958471 4.901329 10.195300 9.579997 10.220871
4.683463 1.908959 184.4204 184.4204 463.5432 0.000000 23.975226 14.891481 5.898125 13.128235 2.890996 4.664643 5.017520 7.020312 5.267580 7.403282 7.949642 6.753505 5.332818 5.311387 21.503078 16.864024 21.153570 9.082848 35.118713 45.944972 26.879513 11.919040 7.552815 10.345507 9.533589 11.899771 8.428944 14.214048 10.320353 12.597115 28.244383 18.354076 27.850566 31.080168 68.613877 188.547842 261.272421 105.183621 65.326947 14.877460 16.883691 15.518036 15.862187 8.601186 5.876258 8.918996 6.344189 2.235424 2.778529 7.218719 8.381660 13.099961 23.976089 21.042878 21.003847 26.470178 11.911088 14.994698 10.649777 5.804809 10.397390 6.070099 4.822431 4.120582 4.961590 4.113260 3.129458 5.001350 3.230723 4.177244 6.349302 12.358784 18.173018 14.861935 25.171293 37.242886 34.185644 17.113869 11.611674 10.485308 9.365551 11.754392 12.695225 10.705607 8.209126 6.301268 4.872050 10.818893 14.230415 17.121972 19.508206 49.681358 47.760913 22.089921 12.823593 7.825214 10.222257 14.560288 9.951626
4.732604 1.903202 184.4281 184.4281 463.5625 0.000000 7.048905 9.794781 8.085633 15.422586 5.602441 6.409514 4.948678 8.171103 10.948545 9.824788 4.263443 7.224644 4.337842 12.188268 21.166067 25.836445 16.965757 23.754592 14.455753 57.735191 9.334565 6.191865 7.548131 6.974919 7.070092 18.286048 13.414814 13.709424 15.941373 18.227091 18.539689 31.970761 35.454902 73.227996 103.677948 189.408173 240.614873 38.363622 35.357814 57.692048 37.587781 29.566169 14.916505 16.607028 14.429918 14.651241 16.193223 12.855469 10.252136 9.124593 9.121280 23.494296 33.006046 17.184392 28.035530 25.433113 25.221106 20.942840 10.059767 20.219480 16.797744 4.062635 5.547522 9.138720 8.993246 10.472898 9.869053 5.752323 5.875882 9.178693 13.307791 13.192348 14.260902 18.170268 10.875990 16.704616 28.414243 17.495223 9.345181 11.766631 9.385787 9.890865 13.601437 8.821468 3.493297 6.429748 7.715977 17.001600 15.559835 7.898612 18.097593 49.935337 51.520221 19.709335 5.950066 5.112310 8.763222 19.466402 12.219009
4.782998 1.926977 184.9807 184.9807 464.9516 0.000000 10.574659 10.314868 9.155421 12.045009 13.426064 14.933167 1.984424 11.635165 16.978129 17.985040 13.608574 10.600294 13.661097 4.759660 11.533242 37.102572 7.688977 12.155178 5.585303 55.096742 24.468596 27.604328 18.019955 11.519539 12.390388 11.815114 21.618190 18.204214 16.959291 14.481600 42.396840 42.593121 37.939223 54.800306 105.225507 220.735307 236.012771 79.364547 41.643218 42.846917 8.329841 18.793163 21.208605 16.170020 12.136257 9.156529 7.732745 13.846057 6.258327 5.037497 9.397589 22.706116 41.157288 11.064463 18.107539 12.827085 38.611837 11.292418 3.705801 14.902160 13.256702 24.811579 15.483747 11.120055 10.287113 6.492404 14.911764 11.153023 6.722964 6.501057 7.218738 9.126031 9.681128 17.762444 12.605488 12.762103 23.559726 30.456326 9.584222 15.340480 11.474530 15.208610 13.174745 9.181585 8.020004 4.379041 5.050595 13.486365 12.799369 9.862871 13.268035 26.436830 57.385958 39.528920 19.870255 9.906148 10.601209 6.710729 10.174250
4.832968 1.921878 176.6063 176.6063 745.6709 0.000000 11.860285 6.953519 10.894087 12.049309 13.710909 10.707113 12.026300 7.762417 11.664646 12.546902 4.297850 10.023597 19.407640 11.305753 16.194326 26.361190 5.538675 11.106304 23.095185 41.099669 42.225992 20.748225 10.649092 14.087315 15.823223 6.805261 9.266514 17.322447 27.320560 15.126697 25.265368 33.331957 32.071183 60.456293 241.215744 197.802914 100.099169 70.457536 47.162784 20.486473 39.196968 15.137512 13.780673 16.328235 20.448431 13.580623 14.924910 8.706869 23.192822 15.589482 14.894996 25.586014 19.920728 12.933112 16.200817 39.064969 14.907151 17.908335 8.065288 8.988262 16.255249 5.831480 4.247806 6.210114 7.714310 9.472747 9.654167 9.932200 9.677608 3.940690 2.577680 15.871517 15.780380 12.492875 10.164750 25.994094 29.503391 26.075386 7.313489 6.695319 9.090056 7.628869 12.424770 8.868549 6.341828 4.724837 20.360033 11.407531 4.537337 16.724010 60.613616 46.460112 21.100113 24.047885 11.924662 13.012973 15.899581 9.204416 6.964001
4.882855 1.921567 178.1600 103.9267 178.1600 0.000000 9.551206 5.562874 3.602897 7.160992 10.430010 11.040957 11.523874 6.365524 11.380131 9.295084 8.155000 5.844421 14.077903 29.177135 20.603553 17.915391 9.480278 8.704210 11.036131 32.751087 54.557138 9.579528 17.425407 11.642789 7.309543 11.602236 18.497922 6.705429 7.011848 14.878124 26.211112 24.503714 28.059691 49.426339 194.507290 226.595760 71.021197 37.476291 30.311420 20.748023 14.693183 14.231423 14.639367 18.293479 10.454396 11.982418 16.206663 16.207576 10.843627 24.700568 16.400792 18.501895 14.835787 9.719860 22.507705 35.801550 19.665980 20.206246 13.898948 8.009093 11.491108 14.496629 11.249598 8.111552 3.444455 6.699036 8.875556 9.171867 8.936760 10.190038 7.324395 8.794564 14.913562 2.823551 5.823025 20.664223 8.929421 11.160790 39.971555 9.578814 7.196802 3.110033 7.338730 10.282712 14.232924 8.705714 10.697313 25.719613 11.971704 19.103617 35.348979 61.009786 36.624636 14.322472 9.950084 5.424087 6.212370 11.584420 10.621249
4.935806 1.925321 179.5797 179.5797 758.2254 0.000000 6.826872 7.712278 4.241714 6.151922 9.138157 4.396583 11.372639 9.157705 14.121758 12.015337 6.086031 3.848240 9.133814 33.281949 15.050639 17.088094 12.237834 3.053063 12.510838 12.449894 55.208134 18.924601 25.027205 7.698533 11.255162 16.836194 17.769864 6.905933 14.866254 26.301369 17.747097 19.127216 18.181599 29.968801 106.070227 306.244636 50.977903 28.628366 18.307001 22.272778 15.251940 21.165342 11.212271 12.042684 10.156915 9.964226 1.362970 4.210686 11.800576 21.591910 29.205982 7.553661 11.318390 11.344172 15.119086 17.860009 21.576240 26.804365 5.108934 12.717357 13.124425 12.412345 11.141795 9.024596 10.213295 7.790982 4.757696 3.414699 6.486068 7.782249 5.422083 7.170005 11.203514 7.720209 7.222833 13.406438 12.337156 8.854046 26.140616 29.356922 9.177628 7.492871 7.070881 8.254772 15.877521 16.539431 8.205835 11.093657 11.496494 8.918648 9.523345 27.419869 54.632935 45.441111 21.887180 14.712542 11.466200 11.765797 11.460084
4.984428 1.916835 179.3490 179.3490 468.3003 0.000000 4.216085 6.874621 7.352913 6.426250 5.320927 2.690131 11.181257 14.247970 1.965112 1.995849 8.225516 10.108856 17.225764 38.269640 20.036200 9.779382 10.959877 2.982434 10.653521 13.413453 36.250972 43.455220 25.191993 10.039848 4.951370 6.758644 9.530693 22.311676 11.991455 11.669791 6.597576 12.681594 18.174826 18.108435 106.936934 290.427035 35.731121 21.614287 21.010080 12.469909 8.010221 9.687174 19.218875 13.927857 10.288142 10.630818 6.675462 5.778398 14.697612 21.880758 20.249331 21.348984 10.406840 3.608521 5.146099 7.231848 28.351545 41.061786 12.565406 8.685029 6.449791 3.960685 8.109638 15.739344 15.436939 9.410881 5.573940 8.427495 11.752026 11.371721 9.714778 10.302743 9.650160 5.664253 4.846865 11.897224 18.158679 22.220002 31.025632 19.988328 4.022121 7.064232 10.599418 8.128273 8.442959 17.895934 18.687955 14.326692 9.913299 8.876674 6.891810 23.339793 59.715642 46.024577 12.715110 5.818104 3.841610 8.476759 18.711764
5.032805 1.912592 181.9438 181.9438 763.1532 0.000000 7.743614 1.564278 2.148607 2.150104 2.475436 9.284736 20.435080 7.249724 7.467695 7.182763 8.862131 6.406356 9.629775 31.034244 29.566355 10.581663 10.257317 7.661888 9.973726 12.582752 24.438904 46.054055 33.227948 17.146584 10.467133 9.511272 9.428752 20.043583 19.031967 14.174274 8.669945 7.853846 13.972807 16.853023 29.206418 277.523353 135.441802 25.830392 18.239547 10.607367 10.979450 12.891572 16.672473 16.794467 11.910886 8.814678 6.822615 7.305615 11.783620 22.521747 19.249360 19.698591 17.293328 10.268657 5.272798 7.786936 16.550162 32.287457 27.663439 12.534489 8.041294 5.599880 5.297168 6.789094 11.502267 13.445450 7.865775 4.055553 4.308676 3.589133 4.199891 9.736195 10.819673 6.267156 4.792465 3.187206 3.989705 10.221909 29.321152 34.323323 11.319310 7.552417 7.808636 9.216973 5.215280 5.356993 14.194978 19.878206 13.106984 12.200521 7.495703 11.307289 13.684291 36.525999 51.320193 42.465015 19.277588 10.780438 8.544844
5.082950 1.915267 180.7869 180.7869 477.0766 0.000000 4.849071 3.848100 6.115963 8.327066 10.807009 3.437793 16.262674 4.157723 10.675879 15.352513 18.236517 12.551618 24.479121 22.439455 23.636239 17.878899 6.865566 12.496247 11.277968 20.780721 5.785996 15.892666 55.263238 17.088204 10.550181 13.584277 14.396239 11.483541 5.273522 3.003652 15.023631 5.898586 10.768810 5.497040 27.321642 358.290593 47.038148 7.603961 8.957678 1.492175 10.492150 4.047368 7.083958 8.474827 11.946297 13.550673 9.227361 11.116069 27.573796 9.921880 7.123444 16.179499 13.873145 15.751720 7.393105 7.213070 22.520597 23.495115 35.772902 15.091255 20.280637 15.033617 5.524191 5.678735 4.917243 10.766298 5.728945 2.770922 2.580246 9.113934 7.058719 13.751620 2.732320 9.048783 10.574379 13.017990 15.809006 9.566025 41.916664 12.971553 15.725488 10.765362 9.928557 7.986207 9.956839 9.338414 14.495747 19.440803 8.338320 6.066556 10.484046 17.235354 11.908171 18.945910 66.843003 19.689938 11.876000 13.452165 11.114980
5.133047 1.910473 175.5066 175.5066 463.1425 0.000000 5.494407 7.502794 6.567073 3.809094 5.566933 6.825016 8.319204 12.012049 9.022423 18.443803 10.175925 19.083284 27.636207 8.393795 13.282301 17.016659 11.172576 6.819270 11.680465 10.715011 9.787718 40.335326 30.192307 14.174713 13.672022 14.670812 10.523126 8.572216 10.609285 6.393897 10.528309 23.685118 8.501268 33.675614 371.970751 33.124121 8.783891 21.544395 11.264730 8.274965 4.513670 3.615345 12.858066 15.454610 14.847121 14.581510 16.046416 17.924155 9.266999 11.530595 13.235365 12.323941 13.683008 14.821610 13.335162 9.286419 32.774804 24.051585 12.901586 14.893873 7.915914 5.393380 8.198863 8.630426 2.738260 5.499658 10.723249 7.769747 8.000297 14.400083 1.590416 10.653904 8.218798 12.358219 11.522912 19.803579 34.459840 17.644343 7.079922 16.271276 3.005047 11.744628 18.405692 7.290036 7.336012 9.704245 6.450883 7.708511 12.287173 8.373240 7.848546 52.747599 30.654848 8.830431 14.010395 14.144101 9.113491 4.717266 8.497145
5.182931 1.903995 177.5646 177.5646 468.5733 0.000000 1.828090 10.454492 15.617847 1.950266 6.191207 3.897698 9.436343 23.737264 14.803192 19.822771 9.103020 23.064243 18.516167 7.369067 8.127910 11.436388 8.878630 19.932789 15.578987 20.504087 13.555357 27.828728 40.328010 20.142270 9.763779 7.352353 3.797308 3.515013 2.977292 8.473507 16.406388 14.314783 25.450120 52.679323 240.049211 175.795522 40.529621 18.167908 10.127801 11.366894 5.489977 4.533656 5.073741 4.768181 4.347388 14.668395 22.053385 14.156103 4.004317 2.153127 12.180057 11.344855 26.383455 7.762217 7.458231 8.510204 11.894782 32.702041 18.288095 12.346634 11.933950 8.239091 6.778875 8.514902 4.339372 10.483920 4.944519 13.592221 13.237648 10.662149 12.799803 6.253190 12.816452 8.585562 13.367655 21.504073 17.715514 28.353293 25.989122 15.783864 16.774458 10.498606 13.667827 9.548203 3.822771 5.536843 7.738077 9.743743 9.843229 12.461676 17.000635 14.734923 50.024431 37.405047 10.744308 12.413874 10.684060 5.392397 2.145008
5.237281 1.904692 179.6129 179.6129 753.3764 0.000000 5.746650 9.812848 12.895657 8.035556 8.299368 7.349024 13.079504 16.351365 4.564141 9.852783 17.194404 29.176568 24.837938 4.869877 6.008705 14.286921 9.632959 11.398981 5.896009 15.059250 4.260476 12.583333 33.576612 37.031466 11.030099 11.728990 11.295940 7.717505 15.628871 17.571607 13.666561 21.800302 26.432924 38.936792 132.482299 302.822375 54.140174 30.250629 20.361289 14.839127 10.114450 12.533205 14.202340 15.152822 16.444509 18.008090 18.997781 17.259947 15.452243 9.223599 8.732153 13.254070 12.261206 16.120833 13.068571 11.391602 7.887561 15.460954 26.022664 28.271300 19.033978 5.761335 6.513010 10.120391 10.890292 6.741985 4.814989 9.143255 6.584128 4.979127 12.787055 14.800413 7.566567 12.782404 13.140584 14.552268 12.539578 26.048818 30.533598 13.252324 11.831388 11.298859 7.136300 13.512685 16.739198 7.526925 9.005225 14.419560 9.259051 8.370379 18.741507 14.856055 11.600542 36.183978 43.397553 30.430445 17.248166 7.620153 4.686061
5.285055 1.900851 179.4583 179.4583 533.3900 0.000000 9.826109 11.378438 4.979252 16.852645 7.971284 10.416441 24.451663 9.531887 3.200427 3.304966 18.430918 7.057028 7.982607 9.969978 5.831550 4.942511 8.889498 18.100505 8.846970 12.089366 26.313337 19.708697 22.605668 26.918417 22.627988 9.231631 9.269694 11.146926 18.746230 16.252002 18.100249 28.810309 45.662202 61.458486 152.634727 286.072794 49.775739 29.123808 31.293870 17.426302 14.945856 11.143579 13.347995 13.985019 14.399567 20.007433 19.168448 7.136614 9.463392 18.801005 17.891911 15.247609 13.441683 17.299052 13.861381 9.102443 11.024747 18.530791 23.919056 25.878225 15.000616 9.864180 10.301847 11.302296 8.129343 5.019150 7.921950 9.471465 6.654888 8.360433 14.642077 14.237464 5.732595 8.292411 10.423084 12.670962 17.093714 31.113147 28.993900 9.934151 13.341004 12.138677 5.131962 7.086127 7.559850 6.380800 10.833720 10.624236 6.239321 7.439150 12.288832 16.668050 17.694309 20.910873 39.790474 32.903806 12.905447 9.057961 8.160276
5.332848 1.905470 179.4596 179.4596 478.5589 0.000000 9.560790 9.733037 8.116470 14.494752 7.595685 8.598706 19.926130 15.586102 8.157014 9.638154 29.348650 10.435396 8.801857 2.012036 3.123710 17.664960 23.118419 5.936987 5.123044 7.646515 20.123113 8.332531 9.919643 18.763203 36.233171 12.361685 6.163188 3.504689 6.221079 9.361060 15.902847 16.770877 32.391352 70.614408 172.758395 278.553511 68.495519 48.161817 31.498089 19.039032 23.242688 18.034872 12.293616 11.203758 5.756015 10.966127 15.771709 7.856629 13.698262 16.590304 12.966181 15.647480 20.921002 16.561904 18.846338 12.069353 10.859755 13.712199 26.220347 28.428501 15.896004 6.314189 3.360911 9.734152 12.148502 5.791741 10.650391 11.461824 10.555782 12.288396 14.462408 9.706035 6.934110 12.741701 8.993828 6.877426 10.643776 28.903283 29.043176 5.740287 8.655715 9.857432 9.587277 7.074571 6.404569 7.906926 13.072765 11.629100 5.393318 3.239785 8.597922 9.512159 5.633181 9.490926 44.546647 33.535132 10.664905 9.425164 3.832928
5.382904 1.904911 181.3275 181.3275 483.5399 0.000000 9.042863 2.119060 11.028363 17.570908 13.151497 19.509621 6.015542 17.468779 11.376229 25.175909 18.218419 13.691179 6.670506 8.131916 12.699888 28.237756 10.462912 17.211454 23.684422 17.921548 11.248073 9.258034 8.479843 18.725255 35.762532 31.322048 20.592877 20.265567 22.721202 28.623876 32.054674 31.579101 49.463914 75.207549 176.461346 267.908112 113.641892 50.223219 33.952494 20.510195 19.377102 18.628094 16.120914 11.512042 15.945284 24.471076 6.747910 10.705642 15.519364 35.187497 19.284984 11.972529 13.108745 9.629758 15.628451 11.972199 7.750526 11.916561 9.677631 27.373238 29.864087 12.669739 4.228471 3.318453 16.034285 11.946568 14.314890 9.958371 6.913749 6.648811 15.561279 7.574040 8.087837 5.177718 14.722387 8.454695 7.781310 14.634418 28.732515 26.428320 16.928388 6.733982 8.724239 5.479810 7.227880 9.000847 9.062523 9.225088 12.485371 9.994309 3.699981 7.609756 10.042707 8.095956 10.786131 44.506578 41.015766 16.373506 11.537629
5.432978 1.905853 174.2942 174.2942 478.0642 0.000000 4.459308 17.828816 13.829658 13.756369 12.606249 17.456854 15.085339 17.229639 10.670577 17.960384 22.385288 16.049252 8.935139 11.438035 3.317723 20.837597 16.633881 13.097326 27.222355 15.635483 26.380113 16.683576 10.196579 26.914825 50.332327 12.667646 16.686713 7.977635 15.880017 29.137520 34.110616 26.477547 49.736513 145.011954 261.348943 147.043621 68.499361 50.247505 34.161939 19.197899 14.246186 18.544037 21.111814 19.943316 17.776079 7.589128 8.417070 9.666740 13.445539 26.116114 22.033712 18.919878 11.837966 17.474270 11.955916 7.388589 7.651687 10.107710 13.806345 31.237516 31.461755 15.103565 8.712572 10.525350 12.914946 13.672407 12.855107 3.005803 6.961288 12.935665 9.170233 5.725663 5.274932 12.826723 13.337591 6.687091 11.729185 23.614478 23.687039 16.914433 9.589098 9.030201 9.100405 4.743945 2.593610 8.964574 7.809700 12.415952 10.323219 4.926435 8.329593 8.459619 6.105333 11.389279 51.223459 35.414155 19.935185 15.457647 15.204051
5.482967 1.905620 170.2444 170.2444 466.9560 0.000000 3.114249 11.965762 8.893498 12.067506 22.255986 12.894603 10.984152 13.795983 9.529257 14.848253 13.316658 10.281759 10.214536 11.071480 11.807072 12.640997 8.937979 22.689832 22.820133 13.325528 13.035111 7.749747 9.953993 18.417380 41.838315 39.796366 18.751405 24.770363 13.088505 33.083025 20.565095 49.517217 52.641200 331.843093 80.933737 61.925387 26.614227 26.514350 13.950974 18.906924 14.732715 16.607267 13.137819 12.985913 8.704237 5.818849 9.376417 19.435294 25.643365 29.056321 17.818106 13.162596 10.652725 9.007130 10.107098 4.939030 7.426978 9.825533 39.534288 17.717070 11.298994 5.705154 16.318222 4.054240 13.149262 10.509629 10.758998 13.763295 15.450591 10.080245 5.833728 9.597922 16.802466 5.117828 5.103072 7.832696 17.730762 23.450537 21.878889 9.989255 7.144072 6.574210 4.813057 10.721866 10.166325 15.734523 9.420111 4.028028 10.946586 5.673288 11.459376 8.596740 66.263577 21.270350 21.752675 7.756034 22.068203 7.212918 18.961899
5.533026 1.899554 172.4037 172.4037 472.8787 0.000000 7.480858 5.330640 14.037934 12.097279 26.712461 9.080410 19.385342 19.776306 18.148799 7.722223 8.438489 5.890638 8.715547 9.360792 7.036202 15.145553 19.645630 24.377615 17.465021 8.704756 9.477207 4.812314 9.169932 19.058947 32.010796 37.111252 24.201248 10.228647 14.170080 21.185373 22.196691 23.403641 43.673608 240.593403 177.939302 43.429806 27.038638 25.303178 19.145319 18.783747 19.072698 17.284993 14.267914 17.517464 9.707024 5.457307 3.293432 13.610048 17.586118 16.581861 42.453894 14.633753 15.131564 4.134793 11.997366 8.010573 10.596359 15.857448 9.605380 33.096519 24.593395 16.193634 11.050236 13.753677 3.053440 10.565754 11.490607 8.978910 15.554894 11.562186 9.212557 15.672540 16.350052 15.407812 5.361014 9.454871 9.704000 13.023624 24.552259 18.758893 7.206647 5.759994 4.294310 1.485309 6.969684 6.616521 10.274342 8.931427 5.204642 4.581272 7.500651 13.180935 23.455621 41.867878 44.300156 28.946826 25.448648 19.311077 9.393195
5.587845 1.898110 174.3798 174.3798 483.2812 0.000000 3.188563 7.675437 7.491420 7.869841 14.376808 14.742911 6.200792 17.521180 30.949912 10.676615 3.509812 9.766694 9.378726 14.239333 6.988403 19.454319 13.791069 24.167168 16.912443 4.655193 7.227884 4.685720 6.918759 5.675526 9.915895 28.055076 40.215937 21.525761 28.580150 28.148877 24.885635 28.441863 32.489134 127.097084 290.253398 82.492780 40.499058 32.304014 27.647814 22.593572 7.289965 8.396347 13.462159 12.489789 8.895067 8.391433 12.170751 12.985935 11.458617 11.609870 22.962676 24.174727 9.159631 12.443215 9.455568 11.588022 7.208238 6.701458 7.223984 13.245031 28.979472 27.303044 16.061201 9.992307 6.450342 7.502446 2.999933 5.637985 15.935696 19.009304 12.112865 7.332238 5.870442 12.946198 9.947729 4.267832 7.151069 17.338469 33.607818 27.584767 12.220709 8.059300 6.523427 8.121590 7.246235 7.590815 8.142600 7.943838 9.339861 7.672584 4.177531 2.482178 2.474548 5.078900 16.159481 54.366931 34.624636 13.329595 10.632766
5.635352 1.902448 174.6925 174.6925 484.1477 0.000000 6.038450 4.824839 2.283049 5.685040 11.164013 6.200875 11.073689 32.331614 19.911933 15.271342 11.056756 10.487395 9.115561 16.160569 9.494499 5.555724 20.239592 21.162264 5.179571 1.421271 2.836029 5.699591 5.067502 6.063419 10.365897 22.426552 42.912924 11.367542 9.682497 12.042409 15.003372 7.289724 36.991672 109.597214 315.878237 60.510814 15.043287 12.684278 15.934131 10.645167 17.720099 16.332134 18.372830 15.441269 7.573386 5.236690 6.074734 6.945689 8.693045 7.032225 12.545449 24.912541 17.611747 8.590767 6.733552 8.693371 13.471739 8.454418 13.890768 8.575701 17.027221 32.136138 6.758546 6.685511 4.313056 6.120269 2.096901 4.817063 13.656187 20.434945 13.393891 7.145291 6.073411 11.779396 13.769677 8.278457 14.720508 16.642695 25.019547 29.741228 13.591929 13.386423 17.930005 13.706828 8.505138 7.018692 12.595041 8.355637 3.259699 3.386895 4.451820 5.624345 7.361721 5.882302 9.346272 39.393814 42.220896 12.643472 11.636574
5.683047 1.891099 178.8480 178.8480 495.6645 0.000000 5.506604 6.710314 2.385456 2.743256 14.002173 7.478976 14.126694 31.147912 21.450862 15.402867 7.839312 3.479072 12.154275 12.447455 16.011426 12.176696 6.746587 6.957396 9.459405 11.832407 7.953064 6.867752 6.095085 4.872052 7.075122 13.205709 30.800132 27.762880 9.197625 9.980457 10.805686 13.094219 15.025111 22.549993 159.264288 264.964709 35.052532 8.089775 12.516731 8.835506 8.018951 13.699264 9.164637 16.747817 12.899603 8.686050 4.399104 5.036083 6.702505 7.464789 15.940594 13.669337 8.449565 5.625488 10.037236 11.210917 9.438209 8.383239 15.719752 5.952050 12.603170 7.245299 38.067653 14.459466 7.876533 8.924237 7.406120 3.629519 1.879575 2.525143 18.726225 17.059504 10.990454 6.375896 7.119753 12.821608 8.242598 10.361943 14.933233 17.741139 21.973268 27.449122 28.476337 17.199384 12.747665 15.625325 9.561380 4.964782 9.339456 7.103422 7.230948 9.182348 10.402907 9.425514 7.514912 6.598521 11.081101 27.856435 57.191476
5.732749 1.887787 176.5558 176.5558 761.7123 0.000000 0.578500 13.334946 7.475628 5.475782 9.833191 14.481418 27.193442 19.096144 10.998063 14.208951 11.200398 9.535653 7.728751 19.479803 7.289018 10.571441 12.168107 8.275384 5.414177 11.333164 10.091038 5.373807 7.331707 4.643988 12.826819 5.163883 19.179743 34.204496 22.011617 12.101320 9.091781 6.201246 16.379737 54.660197 305.588470 123.895928 31.394269 16.446234 5.528944 7.327710 5.233091 18.615490 11.080388 11.090172 10.265294 9.767514 6.994279 9.343076 8.408714 11.046933 10.047563 8.738067 11.388091 6.994731 2.569045 11.785051 10.191804 5.877039 6.203904 11.205751 10.790830 22.826805 26.773942 19.546910 11.226009 10.807764 11.780507 9.488635 7.717960 16.999628 15.430588 12.612209 10.158818 6.031598 9.075986 7.194681 13.447917 17.204789 10.373636 12.073833 27.004100 27.940404 14.279498 14.938736 15.007764 9.977765 6.202824 4.807163 6.254198 8.515819 13.170426 9.505333 7.128107 9.418738 9.178090 7.865720 25.248173 41.418965 28.894828
5.782926 1.882259 171.0311 171.0311 478.8871 0.000000 7.845250 9.051920 6.950361 4.085981 14.241029 16.200417 25.120128 11.187693 6.704173 13.405388 12.248782 7.184522 5.967783 5.508508 8.770275 15.885050 20.810248 17.060102 8.413038 9.108613 9.990984 7.472407 5.054995 9.022459 17.042007 9.467327 36.195875 18.157485 12.203687 14.715209 18.085030 25.825307 57.116794 332.089475 73.657563 25.806047 15.025940 12.568917 15.717879 8.363201 20.401178 9.501013 12.569342 14.643342 13.462343 3.988981 2.749853 8.544991 9.747505 10.540237 16.632890 12.600331 8.305603 7.590839 8.971547 7.576623 2.993428 7.062478 9.337124 14.080188 32.242255 24.807136 17.380785 7.640185 9.186674 3.784640 10.302501 15.960749 4.197059 14.676277 5.808955 1.473709 9.318787 13.499295 6.067632 8.744740 7.147310 18.504407 38.703059 20.590749 5.773997 10.671754 5.718136 8.173371 12.758088 17.165473 7.370368 8.895834 12.738513 11.956864 7.753370 4.998795 13.451036 24.891303 40.398813 36.498062 12.874277 7.659300 7.896284
5.832966 1.884508 172.6443 172.6443 739.9041 0.000000 10.794485 7.718518 2.862073 17.799438 22.409037 24.606272 15.695713 5.598613 5.955056 11.238375 17.241658 11.696048 5.154671 8.433246 13.628330 6.194523 16.374536 24.808240 16.178293 11.509065 5.522919 6.051046 10.593060 13.596980 17.013829 14.630146 16.500736 30.897505 31.035562 20.869625 17.650621 25.960872 47.415797 232.050594 174.959063 30.851602 17.069832 9.163619 11.428145 19.945420 10.044065 8.106711 6.240505 11.942162 6.621517 9.742254 5.319077 6.971732 6.934359 10.850197 20.879635 13.162965 8.929846 9.790540 13.787875 8.795601 5.647056 9.407806 5.582379 5.710571 12.126980 38.581903 18.481413 11.574916 17.224259 8.314668 9.061788 8.381749 20.703238 9.991865 11.260650 3.687860 7.686087 15.252628 13.727013 4.998786 7.090479 15.714405 30.964957 23.148110 16.824526 12.185710 11.076905 12.679324 8.821007 11.779441 16.757979 11.291511 12.162740 7.883991 5.198132 7.631937 12.518611 21.076722 22.237767 44.017745 37.674556 20.481025 15.108876
5.887044 1.889951 174.1482 174.1482 746.3495 0.000000 4.841031 7.987363 6.044378 11.080057 18.358499 30.692850 8.160808 6.103991 6.241401 13.937502 14.652497 11.181520 11.582537 3.233838 9.875788 7.392441 22.645961 25.172603 14.032926 7.071963 11.499082 11.541439 8.657285 9.894145 6.072543 11.113531 24.672006 22.853302 31.019804 19.265415 16.517016 29.425870 48.326969 153.117768 273.997766 47.492429 30.670141 23.021816 21.684589 22.204882 9.562149 12.810155 13.325874 7.082411 7.070574 7.093110 7.044984 7.303493 7.128785 10.710232 15.224258 14.872207 17.993570 7.901478 7.749771 8.565206 11.428474 12.459368 10.911647 11.873654 13.628128 15.053030 29.911224 26.701505 7.517276 5.690774 4.901036 5.413253 15.491633 13.322187 5.026616 5.680939 10.610625 18.049007 14.430946 10.122206 4.853065 2.897416 30.134785 24.100252 7.358690 9.103528 8.233851 9.137537 9.695414 7.612225 18.337548 9.960184 1.741810 4.572922 6.853130 4.964363 11.230695 10.201910 10.858772 28.554759 46.760845 39.652812 15.163459
5.934840 1.895920 174.3694 174.3694 493.2163 0.000000 6.142989 8.176004 8.036547 6.185204 31.041307 20.283503 10.411512 18.457313 6.339997 9.738378 21.257086 9.672455 7.061964 5.448078 11.498264 22.018456 5.768374 12.437004 23.256508 10.403213 8.017057 13.454693 6.609545 8.710381 14.785250 13.990251 26.070436 28.097689 49.758869 6.188728 19.529301 36.171234 58.613625 161.983639 279.311135 59.969855 30.133950 21.998890 15.861815 16.369161 18.861845 11.944509 13.467859 8.362173 8.680644 9.963167 7.060869 12.226428 5.241740 9.342945 18.743526 11.927160 20.539964 13.967188 7.726299 2.693590 5.146818 8.381720 7.509836 5.652286 9.333400 13.785020 27.560707 31.238466 10.863693 5.180512 5.249129 12.997033 18.104803 15.223624 9.918597 7.885397 7.182132 15.934924 16.334284 7.093650 6.780292 9.172136 29.234308 28.692120 8.550585 8.272665 6.035402 2.277875 9.017730 9.348756 15.888827 11.036421 5.206225 4.799045 2.723328 6.176987 8.348048 9.017271 15.590165 12.397602 15.873333 49.707572 33.746953
5.983272 1.899657 178.1030 178.1030 529.2202 0.000000 4.334278 13.739448 12.597770 1.143848 33.223554 8.440115 10.487137 6.734983 15.376386 11.616343 22.956787 11.723241 6.711169 10.209950 6.756234 9.947179 16.590065 14.507846 19.212911 10.015033 10.607678 15.791571 14.975094 14.246510 9.893254 12.910303 14.929639 20.636903 33.268892 33.710877 23.858209 26.562030 50.330515 107.408210 232.525108 203.301072 66.479118 45.464460 29.686577 26.791274 21.050015 10.306982 13.161236 16.014525 13.276824 7.112591 6.695069 8.105936 13.666174 14.618758 14.599811 16.472713 10.942435 21.498148 14.784316 10.707802 3.518929 4.443591 5.005634 11.542341 8.077155 11.935517 12.204829 21.233181 41.186889 17.283315 14.132890 9.078865 0.490170 16.983026 18.662170 3.855603 11.510701 6.589718 9.529267 20.422728 13.945482 7.906361 20.149707 11.165477 35.448668 23.072034 13.736891 6.824848 5.933992 6.374040 11.859814 5.177150 14.507439 7.301257 3.930832 3.359134 3.185080 5.224632 8.034422 4.586733 8.337067 10.544337 11.367147
6.033058 1.898926 176.0598 176.0598 497.9978 0.000000 3.858891 14.069221 2.746331 16.253731 24.479221 5.984569 4.752513 7.970582 27.401721 6.532016 20.269603 15.607368 22.182322 17.673095 15.278763 24.302336 3.134339 11.982846 14.432655 13.931693 9.484113 15.793981 17.604963 11.782238 17.132419 11.231659 4.492243 15.733759 12.062864 60.233313 44.233292 52.597303 79.411957 195.006390 265.349403 100.627930 38.692388 29.273916 18.421292 30.915465 27.363362 22.041644 19.248200 10.604030 13.121580 2.918521 10.175530 9.344621 5.742020 14.234595 13.395742 8.677250 16.949599 7.955569 16.001049 12.770369 6.908313 2.459379 5.501162 18.054809 12.385760 16.100703 12.838668 27.700628 29.273289 10.925539 9.940986 10.819799 21.274148 15.909244 9.705108 12.845846 7.971023 16.309799 9.736384 3.931192 6.432637 16.280640 14.564434 26.371208 30.335207 22.451174 11.070894 7.747549 8.671641 8.460987 7.101506 14.039768 9.416914 2.892538 3.704615 5.954294 7.569325 7.766990 6.649739 6.920553 8.223388 10.866144 51.216185
6.082942 1.898115 169.7547 169.7547 494.2859 0.000000 5.287174 5.153386 13.024779 25.485042 10.822043 10.056767 11.529975 8.784817 18.725037 6.733809 16.481905 15.795847 14.273066 10.964932 5.397187 13.151170 6.851950 15.738185 7.285882 11.395762 14.051465 10.946787 15.909792 9.342308 15.791017 6.766005 14.920491 27.857820 36.825382 54.143034 27.778451 38.506402 103.171189 259.903668 193.691496 83.332028 59.899246 34.257431 22.750240 14.495934 12.189156 23.410668 20.102679 15.230658 10.359219 12.085608 16.277228 6.786442 8.977618 16.260337 17.211035 12.895351 8.723784 11.108996 12.841712 19.120134 6.976744 5.330621 14.787387 22.753123 10.449634 15.442295 18.938430 24.165662 30.926393 16.163502 8.807267 11.541741 18.188533 10.179327 11.500764 10.846700 13.107677 14.343307 7.824347 10.652345 10.094261 13.890984 16.638420 30.685327 32.120575 8.993233 6.815236 8.919508 9.699589 8.891809 10.264136 9.765066 10.346872 10.430143 8.972275 7.748351 7.715960 8.272397 4.787227 10.181108 14.759282 39.014446 38.909196
6.133011 1.885040 165.4020 165.4020 501.0708 0.000000 6.020102 4.589534 23.335660 30.836879 16.501451 6.767628 9.956600 12.744051 10.156738 10.891555 6.869184 12.229516 15.236808 13.809796 11.755737 7.956748 9.818308 13.635094 10.316632 5.383980 7.319681 5.884262 16.530663 15.398619 15.599768 24.521895 16.171005 20.701439 34.411541 5.620943 48.466374 76.841808 312.673228 149.622899 58.878218 35.040285 31.894945 25.089182 22.368822 22.552042 18.125986 17.889461 11.397869 3.249754 11.726377 18.326199 11.106932 8.321252 13.114023 13.459022 10.122204 7.691799 13.682345 11.895792 8.897997 5.423585 6.710375 10.612923 17.760200 9.071353 3.754632 6.064459 48.308062 26.940335 10.172111 20.367322 7.206901 10.227602 16.233295 13.170093 10.930674 14.672955 13.223453 13.363149 10.063391 10.287820 17.219960 15.090993 25.391577 15.081161 7.928050 9.007935 5.731818 9.419213 16.157199 10.522304 4.593378 3.507747 6.291873 4.546722 9.563665 7.590069 14.071308 6.693055 8.021398 45.893920 25.001379 14.425234 14.668413
6.182931 1.890669 166.5898 166.5898 318.4805 0.000000 5.956784 9.418302 33.392842 16.745556 7.099752 6.645034 13.852914 11.904773 12.874890 11.799742 4.345224 10.792281 12.374536 12.940449 6.771264 12.316967 16.371008 15.135305 15.007662 7.774521 8.266780 9.958962 9.548094 9.030134 13.536231 17.382925 16.962874 15.462267 22.488484 29.625642 21.981127 57.619434 294.135467 135.755787 41.944408 24.069349 24.753136 15.039897 10.561821 22.218485 16.980513 12.598554 5.834286 14.616859 4.342206 17.963673 11.258531 17.771639 7.457620 14.149882 3.529529 9.124000 13.261281 10.571250 6.326667 6.225971 10.512893 9.097421 9.729316 7.307874 8.050717 7.436852 26.575883 30.024569 8.933084 10.083259 11.372524 6.525945 10.244419 17.412513 12.291248 11.844390 13.888321 12.359976 14.497998 9.265714 14.512937 12.370458 22.656961 27.396934 8.853410 4.476021 4.131274 11.585976 14.119867 8.742805 14.331064 10.175004 8.574300 6.172308 2.566240 6.305277 8.299536 21.345034 12.601360 22.268669 38.904103 19.440687 36.831639
6.237972 1.877909 169.1492 169.1492 507.4476 0.000000 5.129444 8.632481 34.384538 20.617659 8.207224 10.693645 5.540393 3.976724 5.011711 12.287577 3.542082 7.426493 14.461114 16.446833 8.526207 7.110217 16.765100 10.715565 12.652798 2.778760 13.368803 7.781641 12.020443 10.365454 5.680378 11.598254 10.373170 14.363802 11.983204 29.665307 38.680000 22.033638 109.213181 276.165441 26.759094 34.577901 25.798592 13.296648 5.893982 11.120816 8.534606 16.602102 12.451867 10.949398 9.030005 10.369029 13.960034 8.577096 9.730241 12.090689 11.373420 4.180165 6.152175 12.352893 9.368899 5.558798 7.983353 5.841847 2.481585 5.548902 9.516652 10.100556 12.267450 31.237479 32.611020 18.839841 16.337226 8.284494 4.045562 10.351320 18.620390 16.286241 9.328486 8.353875 7.637953 7.305563 9.178401 10.806801 10.783620 20.669363 26.920240 15.682775 6.821538 6.309426 10.881990 15.413676 10.637121 11.795637 9.016173 14.429099 6.855212 3.212892 5.027392 9.971666 19.808375 13.561591 16.740581 39.548309 17.627993
6.286394 1.894966 169.0348 169.0348 507.1043 0.000000 15.202181 24.346295 18.757727 20.846489 12.490875 9.787845 6.682556 7.890333 7.769697 8.567705 5.155639 4.842636 14.130805 14.581525 7.207396 5.655361 10.045081 16.148239 7.327117 13.888744 8.555425 11.235841 9.207050 10.412785 11.184266 11.934142 8.165870 10.762271 12.293896 6.427547 16.969339 22.506987 122.700946 272.165598 12.781240 9.149703 7.027114 10.559305 11.199569 6.125042 8.777225 16.218503 13.307821 8.202862 10.131903 12.758179 14.307441 11.524734 7.523502 11.459862 6.440429 6.607614 10.191122 13.211161 9.097355 5.543081 6.105017 5.768397 9.123546 6.681551 3.482379 8.610648 14.954725 22.492858 33.381105 28.227946 11.319809 7.992876 10.114491 11.140124 18.070936 16.143337 11.197690 8.148552 4.408510 9.789402 9.988919 5.153019 8.115078 13.402903 23.173186 14.966258 7.561396 7.161380 17.812358 11.660524 8.261355 6.707379 10.888325 15.021217 6.635782 7.057986 4.007926 6.134278 18.975811 13.995973 8.036256 17.432268 37.345093
6.333385 1.873420 167.7413 167.7413 503.2239 0.000000 19.515273 36.704651 4.146148 8.062989 9.801066 4.630699 2.790638 6.835649 7.463197 7.921257 5.083199 6.648401 13.410485 13.097679 10.096929 8.843600 12.485160 15.769373 6.965629 10.827956 3.299799 6.087158 9.011798 9.490782 12.838248 11.816102 5.663036 6.271560 9.167429 11.361830 31.400139 29.790572 207.972064 166.118438 18.077342 21.530063 20.579225 23.934040 13.265472 8.912922 14.072891 15.265922 5.430513 9.285858 7.872481 4.426178 15.514740 9.435597 19.686287 5.408598 6.437665 6.151829 8.843404 12.295748 6.249324 5.233187 5.939101 11.129424 5.091133 7.934442 7.372055 4.297507 4.113205 12.599392 44.093627 17.885394 20.791914 16.725119 26.003181 5.116849 11.573981 5.027575 5.099680 7.921286 12.057597 15.029449 14.576875 14.924007 12.104914 18.075396 24.002102 3.959116 6.056154 14.050701 17.293423 12.745972 8.669173 4.942901 7.266055 6.764776 4.526279 4.457991 7.173292 8.582366 8.135856 11.451496 8.556804 33.513098 30.528240
6.383441 1.854657 172.4821 172.4821 512.3734 0.000000 28.383907 26.940486 9.685284 1.933988 7.176233 6.587634 4.311945 6.910205 7.194827 4.756238 7.548305 8.112557 9.731270 13.756140 9.526309 15.085712 18.274773 15.388705 10.892292 8.402297 7.408426 7.069779 6.829819 6.288508 7.348748 7.274983 6.950282 10.498801 11.201364 10.290696 13.876956 37.450662 57.869137 245.620744 169.926902 40.873922 26.845544 13.379465 12.721237 12.484146 8.726599 7.639389 9.460911 7.940463 8.193379 9.132309 7.457058 11.085230 11.448036 12.965598 12.707156 4.284857 8.677341 7.549260 5.551608 7.506563 6.045931 6.352235 5.423130 6.652036 4.425305 8.802427 5.246648 3.335575 9.453172 18.676174 28.463319 38.211875 31.980427 17.879506 21.682535 4.103659 6.981645 8.456579 7.417203 11.976342 11.810467 13.686798 14.962465 9.055769 11.637231 19.255443 27.475005 10.825056 14.394428 25.290657 6.857383 10.993721 5.716445 4.665171 5.341037 3.920461 6.357396 0.860288 3.865543 5.688304 4.263627 9.163019 17.153034
6.440027 1.886954 164.8649 164.8649 489.7457 0.000000 36.461361 17.329174 10.074641 3.341755 6.514066 5.144085 3.130680 4.324809 9.216159 5.047356 4.529219 6.117742 11.404952 14.273506 12.145198 14.825195 10.829090 12.765238 15.607847 6.527190 1.140784 9.886394 5.200118 4.323665 8.445109 12.133617 3.683933 9.131011 9.398989 12.038552 33.664712 107.055602 326.345436 41.039072 27.404988 18.508222 11.019450 3.370077 5.619343 5.915969 5.221450 3.829445 7.049287 8.629037 6.599019 13.615480 12.224157 13.629516 11.361274 3.165244 11.884049 6.257569 7.477901 5.138749 4.144666 11.055129 5.476995 6.323394 6.110196 8.464712 4.113210 3.915692 15.884755 16.582321 39.241457 22.690986 23.786370 15.344290 4.909199 5.877808 5.280407 8.376875 8.948862 12.889773 12.024530 10.945858 7.483981 15.755848 28.923987 14.781135 6.808137 19.028330 10.982816 13.067214 13.099950 2.519428 3.514295 6.735352 2.897734 2.437346 5.939395 9.846745 6.635263 9.060471 15.503167 9.784558 30.857015 70.147680 31.817412
6.482896 1.898523 166.4733 166.4733 494.5237 0.000000 36.103821 18.323010 7.721411 4.514091 10.268751 8.489381 4.833776 3.451985 7.788768 5.689402 6.031943 5.022941 9.803967 15.159990 11.703180 14.164170 12.896346 9.808325 15.363477 9.692255 2.837770 7.337586 8.461935 6.067348 8.494803 9.848172 6.857835 9.670329 11.454421 10.423012 28.531947 73.486364 311.553112 104.989502 35.597704 20.124440 10.813864 5.277113 7.942995 3.341176 6.662723 6.946688 3.675463 11.105647 5.110688 10.543353 16.521765 8.023751 13.671491 6.377627 3.930867 11.480426 4.667869 6.399164 4.136352 7.920081 9.283295 5.895104 7.885800 8.413963 8.381900 5.733694 9.249277 10.797123 28.255885 27.757619 22.711875 24.419470 8.294073 3.440931 6.117368 8.360526 9.623999 6.071090 14.270617 10.466429 14.335812 7.139935 19.081217 32.948167 8.936081 7.079973 23.248124 9.234356 13.697336 11.380114 2.795436 4.067546 6.650038 3.130922 3.402578 6.814507 8.852178 7.269537 11.188087 16.751153 11.160334 37.080907 70.313309
6.538966 1.931925 163.3948 163.3948 485.3787 0.000000 28.330458 9.028436 13.764480 7.723826 6.260557 4.049160 8.130141 11.498918 8.747446 8.834488 10.442452 14.715240 22.028866 16.945521 7.810537 15.648147 11.407859 15.691957 15.550208 10.307613 10.298380 9.078861 8.994339 12.633466 17.520959 13.006262 7.126442 22.815521 28.891177 33.492231 65.849083 204.689070 229.399767 43.993279 24.359582 19.504192 21.054559 8.569214 3.392837 8.784735 7.974804 9.906143 5.561990 6.028824 12.679709 18.862110 6.527238 8.437400 8.215353 7.811615 11.726335 11.082284 9.304814 8.344905 4.973661 7.712150 8.191408 10.166344 7.452685 6.768999 6.013210 13.646380 10.418923 22.175003 11.532156 15.670257 5.246809 14.158474 4.473732 7.000795 5.976838 4.158693 10.492297 4.840253 5.652679 9.356586 18.447805 29.206216 28.069621 13.298908 14.366464 13.834337 16.436946 14.540445 8.936687 8.402056 6.013232 1.777562 4.061258 9.099533 13.735270 7.377207 5.056709 14.108343 9.442212 32.909016 86.245116 42.906992 15.037847
6.587036 1.916739 169.5300 169.5300 503.6039 0.000000 20.374168 9.306416 4.211442 16.529809 7.934085 1.167997 9.552991 8.690143 4.110067 7.713442 7.124643 12.100406 9.865183 19.021524 11.491745 12.993749 12.162380 5.245869 9.193397 25.091266 8.362278 8.896414 18.926395 21.876932 23.142258 21.258030 14.463656 21.328849 23.696935 42.428687 68.953405 104.532625 198.326950 257.443421 59.403899 53.966631 39.635608 30.690602 19.209073 18.757094 9.142981 15.298768 11.877845 6.341674 9.800490 12.918617 13.228224 17.490414 12.099469 3.866809 10.515377 13.569726 14.514889 14.908049 11.419872 6.652271 4.203885 9.043772 9.810562 10.863774 9.337295 10.284662 9.406618 8.734691 11.970310 19.282388 16.994658 23.159322 13.244057 13.657485 16.405327 10.115617 9.330343 8.190972 5.592856 4.468044 4.549061 11.754289 10.368535 14.155527 28.337674 20.291714 9.298767 14.877361 13.767060 15.930507 18.616320 13.914992 14.054644 14.892603 12.305939 7.240649 5.946725 8.391902 14.185884 13.905638 14.326273 10.640629 3.223016
6.640526 1.879105 168.2547 168.2547 504.7641 0.000000 31.310657 27.855886 10.823294 9.979822 5.700984 3.833321 8.975066 7.506140 3.662468 4.231306 6.244641 9.618986 14.568967 14.660287 9.171371 11.872688 14.464449 18.679182 13.190879 5.701046 5.048596 8.976975 8.622853 7.042250 19.733920 16.215740 18.390382 20.393818 27.839158 52.459329 55.725490 125.077759 233.231711 191.022443 86.502710 37.926384 35.595655 33.476213 26.304720 23.057038 19.438911 18.750518 19.807308 18.246656 15.716818 16.419781 17.868099 18.259468 15.412744 13.182345 10.923120 16.714560 13.410703 6.564285 10.531186 10.384079 12.763922 10.125693 19.931838 9.006557 10.286478 13.763738 18.008051 20.749774 9.109708 14.904040 37.706542 29.705695 15.549127 13.719677 9.635193 1.078716 8.789247 14.809015 11.976517 14.590506 7.872186 9.630524 9.856384 26.122978 24.202652 4.076940 5.004296 14.335701 5.775058 6.802352 10.811970 6.662124 12.059503 6.794042 7.414466 5.848750 3.344823 6.263835 4.334075 12.583081 15.685604 23.545852 40.545656
6.682820 1.864553 167.9326 167.9326 183.1992 0.000000 17.653819 24.142714 12.143723 14.043265 12.096001 6.681476 16.469248 16.564039 9.009117 9.009402 14.244081 14.266251 5.654270 15.801853 13.928293 9.931060 9.791708 13.706774 8.080625 13.822088 18.219069 19.424963 11.740764 17.089726 21.004267 14.627959 25.653468 27.143543 23.796557 43.642490 38.822464 60.414709 166.915809 230.353017 166.686159 94.230686 50.210958 21.648399 27.534872 15.932126 12.446528 20.224255 16.600419 11.134691 9.717345 9.640959 7.428768 11.128597 13.752112 6.300550 11.729892 10.114308 12.422016 21.793469 11.460606 3.733725 4.960490 3.771672 5.948598 2.687707 15.049003 5.679623 6.613089 10.905732 13.341729 16.898027 7.617685 25.035985 33.719303 30.011024 17.909843 9.705061 6.281844 6.908093 9.738220 8.311042 10.782673 13.925935 13.376635 4.796211 2.453707 28.486764 27.995841 10.360288 9.191221 9.792654 5.956627 2.235999 9.070299 11.477182 7.624890 8.472541 7.665926 4.777449 6.013551 9.705110 8.327959 10.275100 7.915816
6.740405 1.835011 163.7447 144.4806 163.7447 0.000000 15.451506 30.310706 5.901056 6.260705 2.043149 5.004158 7.807673 5.639961 10.498738 5.453335 3.903020 9.016049 13.762835 16.087408 9.250989 7.566426 17.422726 19.855294 10.069035 9.013203 15.279571 17.483923 11.341956 3.874734 2.820095 15.454924 32.718073 39.576860 57.381419 71.035341 119.614363 227.026518 184.087584 42.564055 32.371677 34.813874 22.984132 24.697054 25.514987 23.123824 15.270883 11.959481 14.646530 12.957734 16.762334 11.402219 1.897561 13.598825 5.926402 8.490372 16.997952 9.868046 7.357765 10.233797 4.575746 8.912321 11.204920 12.867048 12.352322 12.138721 15.574159 19.151902 11.354541 24.325286 20.028163 39.427484 20.228432 11.636426 11.178572 7.639259 2.611782 4.548833 20.769058 9.973639 12.724847 1.674739 6.991259 29.131537 18.962410 14.851456 15.010080 18.763522 9.126263 7.861115 8.450003 9.629444 8.616676 7.656565 3.830382 3.158666 12.871486 12.860952 12.728648 10.087905 16.928213 34.324241 49.653912 33.278418 20.322871
6.782925 1.859702 161.0896 161.0896 493.0318 0.000000 8.677300 29.009273 5.704285 9.785363 5.687891 8.710744 5.196540 6.538962 4.446221 8.898061 14.364547 11.383419 16.023146 18.257404 4.987524 6.700410 16.866038 13.222020 11.087584 13.145488 9.960247 7.020985 9.641853 6.768324 13.711676 20.557421 19.066259 30.149616 22.336388 43.888200 83.384672 227.646905 238.026857 85.722251 39.051886 39.331396 18.301403 29.343876 21.102865 18.213236 20.916613 15.509416 13.882830 10.156737 8.225395 5.216991 13.266632 9.412028 12.173400 16.074550 12.760135 7.858142 10.289833 9.273280 6.683064 10.592516 14.231528 14.680965 8.259957 3.391254 9.811325 11.762793 4.776702 3.590229 24.949901 16.246355 45.241666 16.431323 17.328946 17.874234 12.151746 12.857324 14.859408 9.454795 5.843305 12.454646 3.852967 5.888241 24.554944 25.623954 15.735887 14.941632 16.491871 6.699791 7.785719 5.737714 5.140461 4.568819 6.556568 5.627639 2.264835 7.018589 10.100126 7.095677 9.255960 14.491176 35.689514 54.834708 49.297865
6.840425 1.883941 158.8886 158.8886 481.4805 0.000000 3.702348 14.869673 17.711114 9.583691 10.678136 8.904870 13.031801 12.596382 6.946898 11.994413 10.793754 17.002372 26.582490 21.454924 14.165156 11.271494 16.511343 16.493255 10.757686 10.118828 9.802891 13.279724 9.981874 6.642710 26.994086 28.470171 28.321537 30.300545 28.352140 58.511938 148.894423 258.132513 132.913239 63.449062 53.963179 40.475447 29.521238 18.362839 12.153329 15.086550 14.223886 12.217492 10.040092 10.263008 11.565739 13.737573 5.148458 10.270726 7.328158 11.935633 7.405758 7.718605 10.128773 6.012693 8.723037 7.508564 8.930764 7.874761 8.928063 8.676632 9.438331 9.747160 8.927852 12.275315 9.412267 28.545291 20.257364 9.899087 16.415450 9.302509 12.713771 16.128028 4.200495 17.262448 2.585525 8.827450 9.423753 26.536967 26.283592 16.267360 15.483196 14.482808 10.206188 7.871261 5.893038 3.571971 1.206514 5.288490 7.763864 7.530149 11.582021 10.632889 9.570469 6.295620 21.358367 74.261530 29.345467 23.116600 34.235407
6.887031 1.856512 164.3528 164.3528 498.0387 0.000000 8.467857 6.899576 21.930979 5.762727 4.453167 9.166123 6.135454 8.925665 6.612293 14.054439 1.415365 2.517944 13.888691 20.116252 4.703156 7.838320 11.709977 10.841999 8.374102 5.425534 4.161062 8.132388 9.277018 14.192853 13.107270 23.882872 7.731671 28.048046 17.939195 31.525592 43.101019 127.901152 288.471521 92.746050 38.261012 15.861349 33.951242 27.819088 18.825234 23.689526 7.645592 7.734764 2.861150 5.395348 8.837795 9.347849 6.506067 5.902195 10.668350 7.975351 7.645127 11.519718 13.398177 8.833147 13.920645 13.250803 4.463959 6.344998 5.660032 7.594010 14.335330 14.328219 9.193806 11.756326 10.533506 14.674368 19.797225 26.579422 25.784587 11.992378 10.307669 12.824633 17.013837 17.884264 15.000273 13.167893 12.572055 16.924692 21.612223 13.811585 10.796464 19.428544 13.094335 11.414631 13.509570 8.810810 9.945901 12.749725 8.832885 5.292571 8.465864 11.657695 12.803795 9.607155 8.386599 3.898746 10.736224 28.259250 45.498949
6.940020 1.868342 164.8135 164.8135 494.4406 0.000000 10.906088 8.017071 22.365528 11.167944 8.120999 6.019674 6.472854 7.732621 6.480207 12.623617 1.931038 4.016704 13.373718 24.390528 9.199323 4.677225 9.917870 11.954968 3.651273 6.097471 5.063495 14.798624 13.231139 1.883141 10.350872 19.922064 14.128105 15.503132 5.471316 23.028325 19.312602 89.209695 325.909781 43.688223 17.339400 32.139468 13.637424 8.185279 15.228499 24.603515 7.051915 2.725085 12.636646 8.240330 4.625855 6.110426 2.336047 3.088373 9.406745 10.682458 13.063064 12.322846 6.973499 3.696687 8.877260 17.253444 7.000935 8.833379 8.246071 10.283833 5.730811 11.148196 6.434560 7.484891 8.524905 18.274162 13.265104 17.209185 25.257356 20.254062 11.548635 10.879455 20.824963 7.719638 10.719942 18.786570 6.222112 7.762763 13.733219 25.239517 8.853445 15.963396 18.709833 12.194974 5.279430 4.833577 6.641237 12.078752 8.073636 5.942563 5.870053 6.700603 11.358503 10.329479 5.749244 11.830529 19.771240 41.663446 46.499525
6.983081 1.862749 167.9348 167.9348 503.8045 0.000000 3.109234 6.148208 9.676176 20.866811 13.611120 8.658834 5.578521 7.250118 2.768680 9.111071 8.626121 6.616164 9.969611 17.283562 14.238327 8.419586 11.787632 9.221999 6.381805 11.312487 7.904200 13.570891 16.182120 8.952498 5.907789 11.582033 11.280832 13.546115 13.123535 12.528167 9.898567 14.649718 205.768273 198.737187 15.615264 14.908288 27.536981 22.948212 11.706839 10.663437 13.347252 7.022471 4.318290 10.833048 9.048518 3.522313 6.433295 2.077586 4.901074 7.997957 9.200016 12.902479 10.393444 5.545154 9.889148 15.374790 10.910681 3.819768 7.882066 6.679585 12.272709 3.556748 7.250588 8.169282 5.553642 6.436121 25.915481 3.083724 8.524429 22.852200 29.423811 17.636146 4.175410 21.249999 5.275001 4.625101 21.074323 9.977307 9.158846 10.060017 24.141858 17.704713 17.478857 21.312437 17.247395 10.236074 10.322922 8.665191 14.165079 11.812062 9.006268 4.792067 4.667068 3.615486 9.178454 7.055420 3.701923 5.930475 11.545387
7.040022 1.845777 163.4260 163.4260 490.2779 0.000000 5.475010 2.316934 10.523167 26.244887 12.751217 5.486236 3.205401 5.931795 6.082029 10.161218 5.845344 9.429943 13.189127 12.442696 10.206054 8.397578 14.216369 2.515736 6.606192 9.077218 12.068785 18.091930 10.641417 5.320029 8.904665 8.617175 12.164615 13.617366 15.739387 8.921104 11.679808 163.031597 224.405045 13.010239 11.410162 24.709114 21.022536 9.602212 10.818727 10.571106 6.774430 5.090712 12.452731 10.966800 5.121284 6.215884 6.897866 6.995622 8.570775 11.351144 10.353023 8.980529 8.342085 13.587775 10.492027 7.642802 10.868960 10.894397 10.677518 5.353529 4.242455 7.820799 4.636802 5.160781 22.714672 10.621060 5.997352 13.386478 38.495429 22.024622 12.469277 12.401229 6.893142 7.387617 14.799555 11.361256 14.930210 14.950811 20.408275 15.281904 19.382633 28.998840 8.081931 6.891127 9.762589 8.209522 13.624403 13.331007 8.556898 4.771520 2.960287 5.784144 11.699285 6.891745 4.106665 11.141648 26.343663 51.061944 6.680095
7.082918 1.845238 159.7323 159.7323 479.1969 0.000000 1.766337 8.691122 4.152505 16.833336 22.176694 7.873851 6.584938 4.717665 7.580244 5.585091 7.409309 6.071055 7.499358 8.552315 11.436119 16.727541 13.142248 9.242604 4.527726 13.178445 13.304273 14.360672 10.199865 13.101443 15.020202 4.915065 7.602242 18.859784 18.992808 21.566494 58.859543 316.202239 10.194276 15.692477 17.761042 22.611632 17.267843 6.118590 7.526619 7.900465 8.764706 11.342501 10.740091 6.529758 4.031420 3.279130 5.657097 12.015074 11.933249 4.917206 2.615777 12.327167 10.378040 1.717229 13.496033 7.664630 11.121503 3.958475 6.107131 1.909223 5.435709 5.458662 13.947792 18.461715 7.004897 16.197590 23.750868 31.940026 19.375767 10.168305 12.154750 14.313115 10.930710 4.767145 7.329288 8.510241 9.492227 13.446673 24.509946 32.636197 17.373405 12.052439 7.166138 13.665014 11.923081 16.214657 10.515576 11.502453 9.789281 8.446529 10.115214 14.942035 14.532990 12.646141 34.298621 36.488548 7.798000 11.282349 24.313592
7.141311 1.854943 164.4852 164.4852 493.4556 0.000000 5.212457 4.473343 5.421531 9.611336 36.222341 13.427182 4.852941 4.602574 10.784071 9.745897 4.917446 6.104041 7.957271 1.830252 7.303667 12.997895 14.856490 2.108314 3.978278 7.084330 24.684533 4.463134 4.578611 6.988726 5.573917 8.412493 5.690699 9.889403 19.859038 16.854897 28.267240 114.525873 301.753649 38.961728 19.679765 14.645799 21.956723 26.269516 7.594252 6.938631 3.609552 11.634503 13.168829 12.670333 16.328288 4.018384 3.923362 3.646048 9.287916 9.966494 5.118389 2.401912 6.412414 10.724068 7.055811 5.953935 9.950491 7.901816 8.120147 5.193245 9.183371 6.831732 2.849302 4.109620 14.488900 18.621721 6.928535 4.770792 8.983365 29.310158 39.134867 14.051511 5.839501 6.815194 8.531697 5.239311 9.187138 11.160874 7.127296 5.290311 12.409607 27.444730 21.313670 8.135098 6.847299 13.036628 10.101424 4.249919 9.342915 6.119284 4.183654 5.848336 4.075178 10.280548 10.987918 11.754528 23.688329 46.224326 29.127509
7.189027 1.848265 163.2212 163.2212 351.1729 0.000000 11.968149 10.458116 16.873577 11.108088 28.704630 22.746565 3.659890 9.033085 8.070997 8.691662 8.164040 9.955678 8.141681 4.940983 12.758232 15.286434 15.034258 4.101009 6.874595 15.596371 20.786989 9.548095 11.020219 14.822530 7.301269 8.588992 17.222754 24.295892 24.296091 26.250974 60.723349 207.902684 218.920776 46.270339 17.319818 9.860667 13.783661 17.135529 13.439133 6.158696 7.664071 6.061434 11.850696 18.093737 9.798070 10.058328 8.318112 5.688486 11.762009 9.709661 2.774246 1.253799 8.189603 11.720278 6.523050 6.564747 4.257214 7.003091 8.513130 4.732901 3.849499 4.506588 5.413961 7.410972 18.851995 10.338078 6.982721 12.589977 10.749036 58.730138 15.285293 6.112829 6.331634 10.095073 3.038558 8.449685 10.519005 7.520578 4.731062 12.534511 9.854188 37.706866 4.489044 6.693696 15.818842 10.302576 7.340976 5.604796 13.510637 6.974377 4.958558 3.091460 11.035755 18.594662 12.971269 29.847014 48.589331 31.121071 17.789309
7.240017 1.859041 164.4883 164.4883 488.4805 0.000000 6.983836 5.655678 7.060986 8.160673 24.848547 27.941760 7.587047 8.608207 14.385775 7.039607 4.801926 6.562564 7.725692 11.694755 3.384129 13.679864 8.686537 21.304261 17.652809 23.359860 29.005501 14.224708 15.284437 18.470850 11.560355 19.116260 16.982378 30.052449 34.937762 40.982205 65.387875 158.331545 282.938123 58.521245 32.975665 20.232999 21.433650 18.144346 18.867671 10.406025 4.055138 7.192343 12.988083 16.071418 14.547791 8.955202 9.555139 12.700135 7.414605 11.211713 5.118206 3.996814 7.168633 12.227409 6.612652 3.597205 5.521055 5.005693 8.074454 9.060432 2.795371 4.689733 10.323487 13.508859 17.031290 13.648763 11.358260 9.474947 8.205693 28.197642 36.384257 15.080219 5.841685 5.006072 6.580897 5.721387 8.360789 5.720791 3.338173 6.856038 10.142396 28.128452 26.949551 7.335910 7.039985 11.282409 11.433217 6.744796 8.391653 6.010514 3.277681 3.558773 7.850152 12.224776 13.165797 16.762203 48.958130 39.804519 14.494440
7.284461 1.860467 162.1408 162.1408 481.5090 0.000000 4.618210 2.017401 11.068547 4.642971 19.857021 27.780301 9.870667 3.723082 2.630086 4.940131 8.172447 2.175283 2.919817 5.154014 4.875784 12.075040 19.509291 17.520406 12.826670 18.822052 15.717751 7.764322 10.448936 8.546877 6.836980 10.614449 18.225964 27.574486 34.345642 48.271040 103.989509 262.832323 152.754370 49.270237 35.033734 33.650085 29.330010 19.660756 21.017733 14.596699 14.889145 9.062204 8.075704 13.283219 8.628018 11.275682 20.838342 10.796134 17.068315 11.668540 6.692720 9.967769 5.313097 19.335749 8.987481 11.577039 8.940166 5.507439 10.472990 6.091367 6.285451 8.348683 11.494143 21.112825 14.287882 8.375829 14.391822 15.896752 22.739550 29.136904 28.099323 11.157566 4.778520 7.473067 7.007669 9.634223 7.159559 3.043687 5.523876 15.934606 32.284851 11.924692 5.802102 3.646606 15.405752 8.520205 7.538808 9.069200 7.348436 3.194771 2.412950 14.279023 2.008041 3.618757 10.337993 72.845659 11.993609 7.272236 4.287931
7.340393 1.856380 164.1221 164.1221 487.3928 0.000000 2.385812 2.986384 7.229181 9.201336 5.748688 9.689669 28.441195 12.163744 6.748512 9.115732 1.613864 3.783555 6.857815 12.844071 13.791728 7.496048 17.293541 18.008240 9.963084 5.337583 10.424647 20.411154 10.585684 8.065216 10.020989 16.026347 18.100815 14.988031 34.402516 48.469963 93.942786 202.454612 244.403904 70.334027 45.465988 37.837349 29.938241 13.170519 19.808454 21.617848 15.638867 15.813438 20.468136 13.014482 14.525893 14.378224 11.900468 11.462352 7.772578 12.177762 11.826565 10.933796 14.283661 12.289747 7.547381 3.141551 4.951831 5.962820 7.707349 7.690100 7.537029 7.280883 9.249165 21.771805 17.873696 8.659482 8.807108 8.972290 7.385849 6.473067 33.855240 26.438126 8.664433 8.541144 12.750772 9.036888 12.270335 10.427020 5.385432 6.438785 15.383439 32.461485 18.519708 9.036009 3.977838 15.255711 9.204376 8.127172 4.302034 4.335562 5.833093 6.263482 10.093174 11.786207 11.209187 11.394236 59.564750 21.201465 10.506183
7.391914 1.861002 158.1336 158.1336 469.6088 0.000000 1.877873 2.340073 1.244317 2.172522 5.801109 12.287923 21.702416 16.406539 12.392849 11.257306 8.719528 4.838493 5.579940 12.264794 15.729337 22.203101 13.421740 10.787796 8.104812 8.771883 30.005210 12.196748 9.426130 18.939086 24.418821 16.746219 20.810474 36.487145 46.022855 107.784132 232.700445 196.867948 72.696867 39.045013 34.508563 27.008536 18.649629 12.695375 15.034122 14.115315 5.454555 14.636794 9.245287 6.593363 14.804621 3.150590 7.961355 16.663231 5.087313 9.016198 7.290689 8.140336 12.725047 3.838907 10.752250 15.383469 13.782380 9.877025 15.057360 13.732818 10.700106 29.980378 5.752008 4.945368 8.863843 4.762848 6.663823 11.925965 35.627268 19.970206 9.445725 8.592529 7.652697 5.747049 11.628159 17.434534 18.567676 19.365669 28.279709 10.615056 10.753175 7.193668 15.471542 8.731845 9.810929 4.601964 8.569711 5.351862 12.621282 4.077587 5.063599 8.385149 33.866344 53.320404 14.554670 9.705700 7.847233 8.941441 13.474116
7.440454 1.858590 162.2983 162.2983 481.9768 0.000000 4.015914 3.544822 1.661197 1.753494 2.183697 5.096458 17.244066 29.237348 13.709940 5.819332 5.451806 5.759466 5.125099 6.236389 16.381787 18.259871 23.320125 20.071223 8.512411 13.854912 10.623343 8.924918 18.238590 24.098567 20.243519 15.126252 23.940686 33.110286 41.113361 63.208102 140.616024 253.031051 155.935055 57.961843 32.113781 25.962106 22.858797 18.221210 14.204822 14.347679 14.505663 23.063370 12.737627 8.892100 10.139003 4.934704 7.028481 9.635713 19.424831 14.001106 7.372699 9.537129 12.752234 3.910600 4.632323 11.464013 15.591608 8.046131 7.160367 5.977533 8.921789 11.545414 20.705233 28.214634 11.019943 6.749281 8.628353 5.538315 6.826621 15.254670 28.078417 25.646550 11.272048 8.236186 5.417601 4.923860 9.035365 14.253120 24.229859 31.586312 25.627087 15.661937 6.624022 3.999250 9.066188 8.768999 8.159771 10.445136 9.752802 2.637809 6.780252 5.874944 4.229696 10.465361 12.607380 66.657818 19.324178 9.175979 7.175331
7.492490 1.865617 156.6014 156.6014 465.0586 0.000000 11.193688 9.386446 9.764457 9.116976 10.809011 10.303219 16.713768 18.964187 9.178353 13.126198 10.611404 10.578637 13.320166 23.251038 19.102543 14.241609 14.559099 17.948380 11.697926 15.119166 14.455616 7.347427 18.685252 24.225973 23.682205 28.219682 40.838750 57.052326 80.139106 149.023062 267.998546 96.609374 27.472383 26.358797 22.196508 21.810793 16.726871 18.248133 32.027692 21.908286 10.265886 10.704860 10.481053 9.554154 10.962840 15.821610 7.520855 3.051633 4.913899 6.869258 4.383379 10.636311 15.740860 13.000372 17.965706 3.386220 5.928968 6.469489 4.291208 10.061689 26.554494 25.519095 9.342637 9.512928 7.676219 5.169051 9.137209 16.410098 28.598683 17.757125 9.195238 5.410450 8.309682 9.642728 20.289429 26.012531 30.565349 21.585073 16.828009 10.111197 3.774654 4.970288 10.008338 3.907642 5.615418 11.259607 4.236707 9.250762 7.368402 10.658239 8.467237 21.051312 54.436997 12.026167 6.441719 4.687217 2.945715 5.386691 13.278727
7.543082 1.861494 157.5321 137.8406 157.5321 0.000000 14.739831 5.312902 11.302770 10.542321 7.421230 15.512850 18.461954 21.987379 9.919937 10.678428 6.857390 10.204388 10.810669 9.800966 19.745360 15.660213 10.997787 8.793992 6.667566 2.895248 6.454675 14.450290 13.635228 4.601684 11.025252 25.134103 37.548478 46.045797 43.943965 77.585443 190.034671 233.727929 134.791590 62.076592 28.949113 19.104871 18.957963 13.518952 16.747050 36.060053 14.325924 12.415789 17.301880 14.122392 17.999437 19.401868 10.783113 16.975817 10.156382 7.078827 9.007858 2.736091 9.768604 4.292703 10.802187 9.882925 18.840418 6.054345 6.981334 7.828510 5.573790 4.454404 18.596338 29.692605 15.785671 5.026164 7.428012 3.883038 7.189680 5.203924 14.324175 25.882225 16.530754 12.417574 6.479303 9.997821 11.216403 15.120832 27.542711 27.671804 13.911005 6.576414 12.449346 11.400540 9.605960 17.592315 14.935564 12.290700 8.390571 8.088509 11.186439 7.674549 12.095965 24.395984 38.839473 40.295606 28.288311 9.956296 8.770534
7.593046 1.848517 152.2616 152.2616 461.5431 0.000000 15.327093 6.663305 5.860800 7.141462 9.300623 12.040955 12.937053 12.745001 14.442825 9.812880 3.618663 2.810251 11.580484 14.644724 14.969362 9.286720 14.601544 3.007596 4.377941 12.752872 9.318707 18.174860 6.654947 15.852989 11.247826 13.982931 23.377071 34.042188 67.591150 240.492240 180.154786 70.355775 44.887836 13.140958 20.979873 22.753383 13.181720 13.189063 32.286357 9.373304 5.256022 12.200999 8.072888 9.573929 12.771747 11.779506 8.145191 6.021897 11.056050 7.659090 7.704661 6.091628 7.377813 4.096577 20.761442 9.199982 8.990731 11.632842 4.880778 9.711601 22.087996 15.285043 11.632630 11.910525 6.120339 6.076371 4.555512 7.201354 32.585689 21.006262 6.642749 4.638952 3.987853 8.024844 5.367157 27.782724 15.011114 10.067189 14.100119 9.271228 19.166164 11.534029 13.613584 14.871273 12.288268 7.710205 13.518897 9.356402 12.644910 16.922154 29.803826 41.555125 31.533615 19.425671 17.889537 16.339436 11.295924 10.667567 17.548717
7.642949 1.834236 160.7449 160.7449 482.2346 0.000000 12.355241 2.350221 8.741190 9.331925 9.593907 9.996297 5.233260 9.813532 20.356291 12.413811 11.245998 7.886655 6.914899 7.591352 12.108591 11.134684 6.632499 5.246785 9.910100 5.144081 18.564120 10.879745 9.256305 10.705035 12.137187 8.241232 14.744357 21.541916 9.376593 11.750684 17.417077 353.683128 37.873063 13.337772 7.709837 20.534329 16.011417 11.278583 5.523049 13.410152 16.195995 15.314927 18.546878 8.002009 6.403613 4.538745 9.255755 9.079609 14.953329 3.866900 3.242085 11.334385 4.019315 7.723346 2.457847 9.786995 6.000398 11.502179 7.023014 9.434554 9.283472 7.330676 7.993197 19.133965 12.047662 4.838303 6.048580 9.193142 7.953398 5.033466 9.039120 8.953125 35.943239 27.088527 19.079783 8.358147 12.323814 7.641431 7.699420 16.795001 10.306774 6.770341 16.550931 10.370485 18.798331 7.093883 11.388870 9.320959 17.546025 10.987336 11.601672 16.212483 9.360110 7.062257 8.038319 51.840517 19.296324 11.217722 7.167520
7.692424 1.823949 159.0734 159.0734 477.2201 0.000000 16.236797 2.014905 7.262399 13.382495 3.289794 4.198362 8.105700 4.071600 14.379893 14.125544 3.176148 11.639038 8.805177 6.694885 15.439531 8.758276 1.679334 4.020077 12.124440 6.377506 10.776495 10.603466 11.665810 12.774471 8.602470 13.165342 13.243519 9.057794 8.680323 21.354624 116.798751 271.798860 23.178153 19.374258 8.296491 10.922976 12.449660 9.686980 7.492280 15.718756 16.801524 15.795570 6.039078 8.668284 12.552599 9.049277 6.845029 9.650477 11.958329 8.653783 11.190950 10.065170 6.719191 5.202534 3.868565 5.838738 5.180188 4.409556 11.991038 10.539566 6.852683 11.027089 20.053295 18.202081 8.763533 9.158222 9.871951 6.129352 4.931697 6.062099 9.503522 23.503809 32.214903 16.726843 9.032537 11.658893 5.129863 11.021722 15.877172 10.733517 11.414002 6.912387 11.960258 15.818643 10.862708 10.966554 12.867530 10.492115 12.536586 12.450736 10.327792 7.300102 10.667288 9.148519 48.307522 21.328858 16.607679 10.051405 11.812510
7.740407 1.818026 159.4892 159.4892 528.3080 0.000000 12.167152 7.915344 5.887122 15.935691 3.581120 11.782572 11.531816 7.074659 7.711137 15.067278 3.573775 13.161657 4.742887 11.756922 5.762680 3.166204 11.265292 9.931660 10.522671 7.155218 14.748583 11.223466 6.321544 17.215768 2.766112 2.805007 5.164832 16.864204 31.096323 22.894910 101.129779 298.757548 30.940325 15.788413 27.524903 16.413757 7.837964 6.646062 9.258792 12.363220 14.190394 23.885017 13.199698 4.959333 11.620568 8.217086 5.928905 4.071692 10.364039 11.108578 9.163212 11.378550 6.688279 6.097163 4.210780 7.765618 12.161267 5.809259 5.575365 11.777445 6.944405 8.723354 22.673659 20.173335 5.031394 5.524190 8.089722 10.681717 10.943360 15.754085 11.842619 12.984220 26.265522 22.140885 7.596189 9.809190 9.531283 9.263792 7.223131 10.171803 12.966416 9.254869 13.515802 16.868978 10.640873 10.921317 15.485829 11.052476 4.756390 2.917297 6.341224 15.531504 17.241764 18.858906 35.171816 27.905587 13.381471 13.114683 13.169814
7.792545 1.808707 159.4508 159.4508 528.1808 0.000000 4.517113 8.454718 4.508488 10.877151 2.785219 6.236880 11.686059 10.144400 4.497769 10.676798 6.728087 18.504310 14.983728 5.235891 3.522996 4.422652 11.014422 16.156948 7.264196 8.586942 4.141393 6.434966 13.858484 23.093088 15.141808 14.253703 10.023310 21.639659 28.506781 40.121898 127.245148 289.467723 43.591728 27.266901 26.132752 15.500657 7.438462 8.157473 11.124839 25.264372 23.408631 12.137569 15.326751 11.702460 13.429161 9.369544 5.723624 3.872179 5.662595 8.775794 8.618584 9.127524 7.461925 10.064886 8.770692 7.187909 9.561202 5.946373 7.341573 5.752724 5.165967 11.602293 23.958974 21.027547 5.860493 4.445600 7.361028 8.154529 6.720311 10.760555 13.019092 16.855440 28.780107 24.648334 6.966468 8.988449 11.778815 5.661214 4.149433 11.199901 14.466131 10.011285 11.563557 19.111991 13.912938 6.258983 12.468664 10.476890 8.899974 8.086228 11.155940 13.416905 10.840433 24.526477 36.552806 22.207177 15.028513 13.846133 8.680701
7.840450 1.814160 159.0895 159.0895 735.7887 0.000000 4.169876 6.948583 3.118743 6.721652 6.885328 9.668387 10.003744 5.389129 8.285388 5.392114 14.966072 9.946003 6.731335 5.580020 9.153963 6.994189 14.522661 14.245841 5.404388 10.792588 13.841706 10.878999 11.646123 20.891437 25.024534 17.381765 21.627989 16.836124 10.835212 43.494190 155.099853 270.105240 52.423958 21.805143 6.780796 14.465492 9.357912 7.774362 13.944369 19.020691 13.549882 14.733128 22.011056 10.738642 10.365948 12.043652 8.104801 3.728015 5.521265 8.417819 9.806935 11.140474 8.865970 8.913444 7.301276 7.870546 9.063507 4.869698 4.828019 3.550961 2.439933 9.546202 24.096149 19.728312 10.657690 5.607608 7.048615 8.626556 12.229171 15.589327 10.848796 8.234690 15.231685 27.122430 19.428238 6.516780 3.400877 4.519214 7.766381 17.317013 11.548379 13.837457 21.964048 19.806832 7.666358 7.947254 5.768953 16.365768 13.430503 18.582823 17.245092 5.596518 14.205079 36.066884 37.974131 14.932942 16.625343 11.947085 6.021396
7.891953 1.825445 159.0522 159.0522 472.1862 0.000000 6.204358 0.910452 1.146418 2.956821 4.173620 3.461108 3.032687 7.806544 11.519078 4.518525 15.953107 14.026664 5.413500 7.228324 6.653967 5.799041 9.584328 13.092416 8.847356 17.326744 15.413875 14.366735 12.893891 23.118727 24.491615 24.130722 29.395851 20.946789 30.180613 50.147801 155.675268 266.491432 45.490748 26.028342 20.317216 15.387701 16.779804 14.990808 19.196086 19.990251 9.757848 12.865888 18.056203 17.291429 14.152303 8.222021 4.944262 5.170517 6.576037 5.590878 7.697563 6.790847 5.099124 9.806361 8.590948 4.319187 5.292791 4.870492 2.665890 2.354796 5.443551 9.853116 19.656302 16.147234 5.402162 2.640379 3.916785 5.594372 6.805905 5.731907 7.947588 6.336973 9.118178 31.096999 22.530896 7.124590 2.557297 6.564292 5.025862 12.518606 16.149285 19.166993 27.280049 15.159580 9.999472 15.580706 9.918097 12.667586 8.883366 20.326164 15.395444 16.586093 14.592115 42.183065 38.290276 18.943668 7.531089 9.769552 7.058119
7.940919 1.828665 157.5260 157.5260 467.6553 0.000000 1.047663 3.088305 3.139145 4.009718 2.587437 3.111887 3.720067 3.826878 2.976293 6.910330 12.669873 21.041799 10.726966 9.096025 9.401381 7.378609 11.014703 8.335100 9.401184 16.049065 7.893888 12.167611 20.201089 19.971742 11.329196 21.262126 19.477429 27.689044 48.652401 78.750829 241.133796 167.988575 39.014766 34.939836 23.471434 21.024531 20.188733 15.500960 24.948305 16.077672 10.142877 12.330908 16.776945 10.754651 12.163105 11.413772 7.794195 11.024317 8.892646 6.504642 17.871902 4.533593 1.917315 6.441527 10.758242 5.541207 3.588205 7.051889 4.298401 6.743858 11.093062 13.934060 15.790888 3.223595 3.936073 4.297129 3.061790 3.409844 2.295116 2.936293 8.437592 12.469769 25.046912 30.525592 14.681680 6.122299 9.456941 8.169554 6.666648 10.519927 12.239870 27.843947 26.396374 10.286897 13.997306 16.535264 9.422797 5.600270 8.299158 11.666555 8.121270 15.986570 49.276460 34.952437 9.232898 2.584053 8.020215 4.195310 6.019428
7.992568 1.835211 152.2558 152.2558 452.0093 0.000000 7.295648 6.574668 4.552533 7.681533 6.371121 7.266634 9.310192 8.469956 7.653724 9.988234 20.417927 13.460114 4.645042 6.709152 6.476047 7.656608 5.534245 13.382446 23.453209 3.973173 10.003039 12.376386 35.245450 20.984137 20.224486 26.770458 32.069578 46.143711 98.910423 253.545316 159.126976 48.104650 34.893012 22.853735 17.718640 7.978643 10.455963 24.056421 8.163118 12.822372 12.101411 23.215187 10.082891 5.378121 7.012783 6.024951 4.147608 3.152592 12.632395 7.370208 4.163670 7.185713 9.535390 6.043337 5.419647 6.552502 5.365608 6.395193 9.071626 17.578457 9.368195 3.171768 1.474896 1.724804 0.792194 2.095392 2.607113 1.956673 4.264884 3.118232 16.417641 34.786234 15.658178 3.684928 13.827278 5.878883 6.002354 8.778709 17.333826 32.647975 9.300737 17.140079 19.573340 11.976334 12.415369 10.469519 15.883945 14.509633 12.156174 61.580032 17.852336 7.828739 5.583227 4.783555 6.621063 5.832648 7.360651 5.267159 8.128255
8.042952 1.840471 159.9214 159.9214 474.7666 0.000000 7.336627 6.418865 8.261027 10.132944 7.917176 8.278383 6.666891 8.424112 7.282946 8.431545 15.860309 20.527282 9.945196 14.044229 8.676281 9.662246 8.646278 12.764386 15.136570 21.148990 31.372636 23.985061 26.595491 30.008865 19.508312 32.227401 25.656026 35.755064 38.260085 94.728049 204.949910 257.880310 79.101229 54.301911 29.936444 24.409017 12.589300 16.854742 11.871627 17.714742 10.815701 8.071125 11.903854 20.278399 2.145705 8.425838 6.571856 6.337431 7.866155 2.731621 2.879184 7.250285 13.069399 12.165448 10.512364 9.332993 5.715245 6.202372 4.212381 4.276659 4.117270 11.487514 21.331579 4.070926 1.528377 1.705075 2.108436 0.761902 0.778073 1.686911 2.143992 1.409380 2.875300 8.182645 18.742270 30.797089 7.236203 9.826823 4.736191 2.963882 8.174843 12.800289 20.657665 32.440014 18.272535 18.653779 12.399986 9.475834 8.376045 8.746850 8.440638 12.841470 17.410579 34.294438 51.620491 19.027468 13.591617 7.386647 5.858097
8.092453 1.833041 159.0512 159.0512 472.1834 0.000000 1.742726 2.918553 2.557855 3.861588 2.391689 2.676678 2.075774 2.995333 6.154848 4.288682 7.161618 10.410209 22.570844 6.039793 4.482579 6.339561 8.720578 10.891244 8.494348 12.901332 18.798380 14.487450 28.466064 16.853171 22.106900 27.226185 36.503954 44.141677 50.030947 105.041505 237.184127 205.010871 82.813621 42.006863 27.994002 26.180924 26.462449 19.472380 15.388376 15.820575 15.793697 15.284128 14.810357 17.588261 15.791735 11.321817 9.718093 10.248057 8.953284 6.505141 5.738491 12.489741 11.547122 9.825202 16.345187 11.523048 6.664849 5.226557 6.815792 8.207627 6.440818 16.987714 14.595558 5.115537 5.409039 6.000515 6.013116 6.543794 6.704748 6.129253 5.047059 5.169745 7.533794 8.890201 33.883271 18.657328 4.351181 3.771352 5.663420 9.448456 7.696075 13.780635 27.374890 27.545212 21.038527 11.857976 16.387905 18.247081 17.620057 19.571129 15.406790 14.638695 37.112996 46.643465 23.094114 6.880112 7.147407 6.905628 5.718358
8.140388 1.725960 154.5096 154.5096 468.5130 0.000000 3.459246 4.580528 5.063598 5.231597 4.376992 2.441164 0.654845 4.853398 0.725829 3.591939 4.829916 4.108129 13.946379 9.700455 4.393043 2.676577 5.706316 5.229978 9.530047 6.040406 9.834219 21.979968 22.076708 9.204681 14.761596 9.352797 19.226192 16.290323 39.699189 108.213406 247.132834 193.375110 62.668625 35.774366 23.016538 8.694587 10.437272 5.013931 12.180620 10.196530 11.042242 5.870225 5.776368 10.583720 12.505298 3.219869 5.050713 3.426314 2.606621 4.482944 2.828048 8.262296 11.564927 10.595265 9.860486 6.307047 2.794255 3.167990 2.643925 6.281470 7.045240 11.803343 12.622893 2.468602 1.566229 1.864039 2.359183 2.645901 2.808062 2.164117 1.720263 2.480407 3.252814 4.589171 17.814131 22.762181 11.282922 5.315641 3.607379 4.507179 2.135224 7.300421 19.578261 28.653927 29.770571 17.940099 10.073475 10.416851 9.843265 12.260705 9.958914 10.518405 36.750288 42.663234 19.421899 5.256973 1.776071 3.741419 4.892501
8.192569 1.463622 161.7452 161.7452 490.4533 0.000000 12.099455 6.361040 4.756305 8.018004 4.821798 6.076436 7.203041 8.197218 7.510287 5.726186 5.740815 8.452282 10.364070 6.864526 4.912590 6.808723 5.787452 7.473453 7.858613 11.056533 9.522030 17.753655 20.674017 20.638530 18.671107 12.555211 21.448101 14.206614 14.732874 45.435656 14.709247 160.802356 206.515899 67.649251 17.429933 29.396814 17.226645 6.119035 8.792472 11.721032 7.911208 1.900657 2.653452 3.904940 5.499818 7.089405 8.789660 7.635539 2.304613 3.173365 5.507708 4.180888 1.351428 7.938028 8.396220 3.549418 6.910250 6.182130 3.331572 1.963833 2.442565 3.349425 3.891377 5.721274 11.173019 11.287630 4.301486 1.913539 1.703215 1.021281 1.502900 2.558939 0.855380 2.999638 2.671580 2.661884 6.317530 6.295748 18.843697 18.955789 7.596803 1.348985 4.384108 4.974471 3.787945 8.138384 22.280127 22.140670 16.077806 16.797444 12.822426 7.436399 8.428567 8.004735 11.105134 14.958852 11.582656 37.757528 28.925769
8.240450 1.140418 165.6410 165.6410 181.1698 0.000000 9.751617 2.888332 3.393330 3.839009 1.964344 1.550125 2.657958 2.612615 1.071112 1.500100 1.600031 3.607840 6.533782 7.148622 7.178509 7.880318 6.211975 5.365686 8.399382 8.028252 4.569150 3.877064 6.190474 17.476509 16.805968 7.938663 10.555909 5.049448 15.471476 8.714557 73.645793 144.479550 147.779485 74.459787 23.581623 34.453209 16.763095 16.763567 14.999400 10.188184 5.505943 8.240018 6.851737 8.676264 10.171665 7.050103 3.786448 1.680516 0.815386 1.507388 2.017709 2.850049 5.328628 7.081172 6.259040 3.762281 2.087871 5.291790 5.010672 3.047112 4.776590 5.620862 3.878303 3.829104 8.568880 8.608277 5.578169 4.832052 3.193253 4.401805 4.519143 2.383973 3.295603 2.818168 3.479549 3.543254 3.715556 8.262520 14.245998 15.106189 11.191381 9.475026 9.847498 9.296318 11.898845 14.454559 12.512324 10.685994 13.744602 13.391181 8.353496 5.030420 5.974615 8.107410 9.505969 17.880342 22.820694 19.092381 13.983240
8.282929 0.694392 169.2810 153.4109 169.2810 0.000000 8.566348 7.348833 5.057736 2.768566 1.268111 1.985541 3.060041 3.908865 4.591094 4.994345 4.639346 3.460218 2.417069 2.397893 3.590701 4.821926 5.890902 6.676693 6.749199 5.452975 3.472566 5.164998 9.194380 13.366449 15.254733 13.858618 10.663481 11.498204 19.876625 33.050148 46.788349 58.341801 64.837635 64.126862 55.312842 40.617713 24.201587 10.666730 6.727615 7.350465 5.823240 4.932427 6.297514 8.117383 8.310939 6.674845 4.746129 3.866299 3.853510 3.623920 2.921166 2.445007 2.422687 2.798890 2.864347 2.552544 2.220874 2.643536 3.433609 4.045915 4.253497 4.112921 3.973840 4.092088 4.611672 5.029826 4.943788 4.184349 3.001502 2.191081 2.194154 2.631122 3.137028 3.408559 3.290863 2.610837 1.583605 0.603026 0.192966 0.399780 1.345669 2.589077 3.796895 4.671936 5.157228 5.339711 5.417601 5.632758 5.873689 5.844027 5.561990 4.919788 4.019598 3.712112 4.469495 6.063586 7.615173 8.220142 7.636053
