# LRA Full Analysis Data — Replot Source File
# Source file: pitch_increase_mild_220to311Hz.mp3
# Generated:   2026-07-13 15:04:45
# Accel sample rate: 1517.8-1650.9 Hz per-window range (1604.8 Hz overall)
#                    Each window measured with its own real rate, then
#                    resampled onto the common freq_bins grid below
# Rows:        156 (one per time window)
# Freq bins:   100 bins, 0.0 to 496.5 Hz
#
# MACHINE-READABLE METADATA (used by replot mode — do not edit):
#@duration=8.000000
#@rate_overall=1604.759316
#@rate_min=1517.806635
#@rate_max=1650.895327
#@freq_bins=0.0000,5.0149,10.0297,15.0446,20.0595,25.0744,30.0892,35.1041,40.1190,45.1339,50.1487,55.1636,60.1785,65.1933,70.2082,75.2231,80.2380,85.2528,90.2677,95.2826,100.2975,105.3123,110.3272,115.3421,120.3569,125.3718,130.3867,135.4016,140.4164,145.4313,150.4462,155.4611,160.4759,165.4908,170.5057,175.5206,180.5354,185.5503,190.5652,195.5800,200.5949,205.6098,210.6247,215.6395,220.6544,225.6693,230.6842,235.6990,240.7139,245.7288,250.7436,255.7585,260.7734,265.7883,270.8031,275.8180,280.8329,285.8478,290.8626,295.8775,300.8924,305.9072,310.9221,315.9370,320.9519,325.9667,330.9816,335.9965,341.0114,346.0262,351.0411,356.0560,361.0708,366.0857,371.1006,376.1155,381.1303,386.1452,391.1601,396.1750,401.1898,406.2047,411.2196,416.2344,421.2493,426.2642,431.2791,436.2939,441.3088,446.3237,451.3386,456.3534,461.3683,466.3832,471.3980,476.4129,481.4278,486.4427,491.4575,496.4724
#@input_spectrum=0.000000e+00,1.801870e+01,1.807828e+01,1.816385e+01,1.828211e+01,1.842799e+01,1.860177e+01,1.880388e+01,1.903225e+01,1.928767e+01,1.957029e+01,1.988524e+01,2.022877e+01,2.060302e+01,2.100862e+01,2.144990e+01,2.192613e+01,2.244273e+01,2.299695e+01,2.359724e+01,2.424665e+01,2.494882e+01,2.570924e+01,2.653128e+01,2.742249e+01,2.839117e+01,2.944818e+01,3.060556e+01,3.187331e+01,3.326384e+01,3.480496e+01,3.651746e+01,3.843046e+01,4.058632e+01,4.302091e+01,4.580740e+01,4.903813e+01,5.282852e+01,5.734884e+01,6.286047e+01,6.979115e+01,7.889920e+01,9.172877e+01,1.125600e+02,1.692982e+02,3.463056e+02,4.324667e+02,4.533351e+02,4.611217e+02,4.632721e+02,4.621395e+02,4.590052e+02,4.546558e+02,4.491818e+02,4.426246e+02,4.349882e+02,4.262066e+02,4.162697e+02,4.048131e+02,3.905504e+02,3.701656e+02,3.239284e+02,2.086776e+02,1.156999e+02,9.174685e+01,7.865010e+01,6.943259e+01,6.240152e+01,5.682686e+01,5.232881e+01,4.862085e+01,4.545565e+01,4.268791e+01,4.024746e+01,3.810203e+01,3.620795e+01,3.450833e+01,3.296331e+01,3.154988e+01,3.025909e+01,2.908609e+01,2.800797e+01,2.700995e+01,2.607645e+01,2.520747e+01,2.440216e+01,2.365282e+01,2.294887e+01,2.228345e+01,2.165852e+01,2.107043e+01,2.051742e+01,1.999381e+01,1.949409e+01,1.901814e+01,1.856965e+01,1.814279e+01,1.773731e+01,1.734917e+01,1.697672e+01
#
# Columns: time_s  rms_g  peak_freq_hz  then 100 FFT magnitude bins (in g)
#
0.438946 1.890498 219.3853 0.000000 11.492108 11.650401 3.788695 9.916520 10.985059 7.054044 8.059748 9.333639 11.054267 12.043055 13.357411 7.703603 7.810587 10.908781 6.610362 7.751922 8.500567 10.222785 21.751369 40.786116 38.605102 17.771246 9.895689 7.105068 8.134714 10.520815 14.361152 18.695344 9.943271 12.594177 9.285889 14.453193 1.211046 18.234509 14.375558 7.264344 27.124605 12.086959 15.067564 4.101255 26.487626 73.065688 178.711704 251.457573 67.307987 61.451057 39.481564 23.570287 15.616752 11.420634 17.447938 13.209761 11.959941 12.742353 6.774224 4.373845 12.771311 11.260879 8.214973 16.127305 13.041557 12.019351 8.083496 11.413652 34.424159 91.801078 16.457320 19.188364 19.028927 17.288406 42.689971 9.939313 14.198076 16.640403 15.575452 8.997691 9.972551 5.980072 14.210511 17.171124 6.734643 9.876942 10.492947 5.783807 8.017034 13.964141 19.413011 19.145551 10.764096 5.930210 4.116178 6.475810 5.064049 2.771821 6.444993 8.405500 7.584067 7.660311 9.655884
0.489927 1.898802 223.1784 0.000000 24.282143 13.842768 1.352342 6.420718 5.700324 5.595187 3.878432 2.647691 2.212026 3.182301 8.778543 4.898052 5.458898 3.612942 4.353003 4.373001 7.349970 12.141531 11.839836 14.122129 34.817687 49.423338 27.950784 17.443972 16.848468 7.905063 10.518226 11.990667 9.722854 9.336786 7.843985 5.302337 9.562902 13.777809 7.990337 8.897151 12.953918 15.677334 14.151289 14.024889 10.404950 13.503717 60.529469 219.613501 210.572433 64.571246 36.903649 16.459544 19.126256 18.558643 13.147277 12.945410 11.890129 13.791291 13.540696 9.721168 5.199652 12.789678 10.709682 5.178578 13.293420 13.307931 11.131199 8.557521 20.584225 16.296267 85.949458 48.872217 19.454473 20.854257 20.323516 24.944411 19.070410 15.242286 10.591077 5.903847 8.474410 3.378262 8.261154 5.097465 7.176461 8.846586 6.348015 7.820320 11.928741 7.260964 9.304392 16.544288 15.838036 10.501300 17.138957 14.375579 5.947208 4.757298 6.031324 3.592856 7.690010 6.909005 5.067459
0.539784 1.901153 223.3503 0.000000 26.232990 10.850946 5.475675 5.203314 1.537169 12.803258 6.775370 4.757985 10.983041 12.000690 6.481396 8.518075 9.437503 8.151212 3.690737 1.702479 3.875892 9.743830 5.278594 12.662528 38.928578 46.997812 36.400805 17.798899 7.454408 10.662958 7.245999 4.361564 4.091944 10.655735 13.220731 11.592368 14.183272 14.545966 18.392659 16.347320 22.857082 25.865884 14.784481 14.951720 27.390195 39.632515 94.142129 200.044768 222.273622 123.896189 51.725283 22.678825 24.842456 27.799282 15.941759 10.496011 7.560938 6.772537 13.214841 15.046348 8.316361 8.180310 9.709022 9.857673 8.040913 7.047928 10.490921 7.334871 10.166997 30.174572 84.262591 73.680540 21.066241 16.767378 11.370335 16.096811 28.051554 20.487484 13.262676 8.734091 6.596377 3.640755 6.879561 17.765356 12.499433 2.854288 4.924151 4.080193 7.406034 5.378624 8.345374 8.036205 9.584080 17.227727 13.045443 9.399310 7.440355 4.557077 1.969893 9.853598 1.768458 4.339785 8.406387
0.589893 1.900181 221.8359 0.000000 26.811205 16.899534 1.656783 3.853463 4.852480 5.920990 3.254375 5.326832 11.788544 7.124558 8.619583 8.133443 11.310562 5.981634 5.369172 7.980399 11.486212 6.612754 5.838008 10.250400 10.518588 34.334529 49.544503 9.201391 14.570442 14.414019 15.613268 12.465561 4.757065 7.430234 7.192731 9.974287 9.084030 9.636633 20.176866 18.601127 13.931082 10.522829 16.485257 24.853481 27.834509 59.475048 117.690648 209.588225 219.302852 82.357343 37.504167 23.194966 4.625731 8.342995 17.458385 26.571133 23.739495 17.205036 19.740300 21.829291 10.262941 15.103792 12.501450 20.885835 12.134545 2.293196 18.725457 16.655406 30.007162 50.682881 96.859481 59.038550 10.931425 4.969132 12.647969 14.494060 15.605528 4.906206 8.132490 10.603344 9.949483 12.080104 8.592052 12.136166 7.389692 3.805116 5.502945 9.141528 11.724985 13.154669 12.978274 11.158623 7.586357 10.581293 12.449511 9.249065 3.970007 2.783871 8.195461 5.341881 3.916970 8.017724 6.520539
0.639794 1.907478 224.3075 0.000000 30.577358 21.728364 9.402774 9.507170 3.077408 3.878339 9.192142 9.016225 16.140968 1.409345 5.929513 10.885068 7.682474 6.276744 10.807624 9.770737 4.819457 2.924331 4.055168 4.824055 4.342527 16.146231 63.668712 8.986229 16.545838 18.247712 14.047159 19.725615 7.886447 7.301960 14.078682 23.110180 16.700294 16.095257 18.555316 24.439922 16.471095 21.438490 33.109601 24.413507 20.674524 39.554347 54.332451 137.278277 250.721038 115.157024 80.158990 27.671519 41.130676 34.314213 25.063696 11.218657 11.663433 10.352554 17.841040 6.147026 11.689464 4.527398 8.610857 11.571243 9.965192 5.252318 12.778635 17.614998 23.874868 56.585161 71.094306 68.854526 47.213594 20.596924 27.831335 23.795923 15.732952 13.933053 8.787577 10.215751 13.983985 11.725746 7.112811 7.623834 11.746292 10.074247 4.626322 6.109564 9.720494 9.051854 8.819629 13.700839 13.601971 8.551134 9.890555 13.046487 9.636931 4.289913 5.743695 7.066194 3.789084 4.829286 7.477926
0.692666 1.900228 224.3054 0.000000 16.389591 24.465545 8.592758 5.416447 3.620045 4.115025 10.170699 10.337525 9.257448 3.267469 4.633331 0.993418 2.980764 9.298049 14.520099 14.221311 12.077347 12.315926 14.529152 12.972677 8.810511 21.990562 57.925068 29.530219 18.257151 5.016775 9.097314 5.005656 12.828465 1.712905 5.474890 6.462777 4.080869 7.335864 13.966511 16.348018 17.557598 14.143663 13.832470 24.778283 29.207209 43.421769 47.486927 137.883616 246.903806 110.374438 86.638090 60.800332 29.130480 30.700316 15.413524 29.656122 13.290056 10.905907 20.277760 19.182830 21.866832 15.142426 23.171688 19.851060 12.729842 11.907160 15.879272 25.321995 15.497889 52.920359 82.781547 34.987027 37.305709 24.149052 15.076376 14.468491 15.279065 7.833938 13.627113 9.870244 5.552099 6.973143 6.207546 4.478832 8.643463 11.238087 7.016930 8.585585 8.091684 10.595385 12.701988 17.949598 15.691891 5.093557 8.745106 10.906227 7.223811 3.674273 6.584080 7.225507 3.198093 4.323480 6.543673
0.743392 1.893632 225.3001 0.000000 16.945360 22.640200 8.649431 22.425096 11.061198 4.320192 5.799631 4.053934 4.555247 7.293329 9.107282 8.214507 8.072842 7.785453 7.098901 8.987157 11.232391 8.665288 13.229413 20.450796 18.171888 35.184946 49.530766 39.001872 18.841479 10.387705 9.888601 16.393007 11.055180 4.418771 9.109270 6.742920 9.973330 25.700949 24.070264 17.259509 15.505944 9.840767 13.043740 21.428517 54.883792 52.256927 110.495444 202.191290 232.520655 66.321574 39.765803 11.979295 43.311597 38.550013 18.855865 19.184377 10.707877 7.070271 14.433926 12.657273 11.077262 13.486991 9.890524 8.193220 16.307730 14.936597 16.965342 21.878652 69.295301 72.610682 25.451415 22.569573 39.400374 25.446355 14.288618 6.569742 13.175215 15.310778 5.550344 6.278807 9.348058 6.549495 3.746350 8.916265 12.484693 3.363192 5.455759 10.902762 25.748315 16.007903 19.856310 10.007208 4.018708 10.940307 9.676792 6.183523 3.077952 7.769252 3.694016 2.794742 3.436793 2.733276 2.552509
0.789886 1.887500 232.4723 0.000000 5.908008 10.297344 11.392916 21.006670 16.213120 4.549056 7.771625 7.140877 8.779415 6.798027 0.872280 5.301996 2.668091 6.387689 10.586724 9.124597 10.275880 4.821831 7.589233 15.272493 14.207464 15.747708 20.976588 19.384733 47.066983 23.617917 8.887953 6.825525 7.749143 13.520555 14.139191 12.963028 5.688941 9.479514 9.062750 5.918289 11.537211 12.560975 20.443643 29.822097 11.635511 28.438117 40.115122 50.158893 105.595545 247.127960 150.898980 45.036064 33.130967 43.355318 46.086174 29.624431 24.844236 20.933343 15.425791 16.651379 8.550716 6.721241 6.157835 8.481480 12.111405 12.638277 22.220166 29.867110 37.672554 55.571002 69.058192 55.795464 35.802448 28.525011 33.955321 31.199064 9.022618 6.887468 9.663418 15.498779 15.811159 4.884250 2.680655 3.707978 5.842916 8.896871 10.584225 7.058510 7.979321 11.053923 21.024526 20.319671 14.519343 11.820578 6.514488 5.008693 7.255939 8.165358 6.010637 4.861866 6.970184 4.565353 4.745169
0.843328 1.893107 229.2924 0.000000 7.607896 5.200018 3.361129 14.149389 23.837716 1.474669 9.497304 7.568183 3.887227 6.832661 2.016646 5.185660 2.533957 7.532222 10.480408 4.551591 2.038721 3.254184 3.618135 15.503245 18.343014 7.160882 11.172893 17.883057 42.202937 28.748843 20.267465 17.280201 20.507742 21.040924 8.933313 7.063983 13.350159 19.535722 20.050903 16.028096 22.035183 16.185599 13.116598 19.353200 21.546506 39.397442 47.022448 55.130277 157.853470 260.328839 53.704418 18.007789 30.657602 32.140963 11.018224 16.083462 9.149067 11.924680 11.517360 9.389440 12.215969 14.428605 13.151567 7.715758 7.968309 14.284215 17.950888 18.522067 51.987943 74.304164 26.703094 16.882348 17.273031 30.940772 40.473959 24.439999 19.773940 11.014021 15.575784 14.187462 5.988742 9.627570 7.961663 9.736023 11.364533 7.817325 7.848719 7.539894 13.793146 23.219423 16.463333 8.185766 7.796189 7.464393 5.215173 5.568690 4.004532 4.448240 5.570003 7.069744 6.798545 4.126243 2.760887
0.889921 1.886820 229.2525 0.000000 11.048910 6.740086 4.870217 7.644460 19.186869 12.815648 4.421813 12.628970 6.230251 6.488595 7.079284 10.099180 2.020943 8.715821 1.328817 8.206021 3.891844 3.041662 10.411621 6.919589 4.275178 5.627535 10.646928 7.913401 25.927910 55.569909 29.357991 11.301284 10.030567 14.594515 7.238468 11.200324 5.208419 14.905171 16.871528 9.931277 14.430382 15.566059 9.973479 18.650167 30.947605 21.428399 23.483630 50.818503 140.007788 257.694610 38.730668 34.769316 16.088653 22.277166 25.616843 12.742771 10.651190 17.931632 12.103896 8.207466 15.738354 13.911958 11.227202 10.903433 16.128944 18.278701 11.200596 20.785570 58.584227 79.369888 34.953205 16.122315 10.536861 25.314077 31.912877 20.698688 21.560219 14.317575 8.178739 11.615719 10.661575 8.533970 6.526091 9.337654 9.895327 6.201709 8.670053 6.917008 12.917839 20.027154 13.623210 7.481628 7.806498 9.979564 8.286130 5.998674 3.665318 4.834929 6.442525 8.216590 6.426199 5.481667 4.885743
0.943383 1.888528 229.2230 0.000000 5.097696 9.210151 1.189638 0.713972 13.730121 9.154115 6.435855 14.901767 3.142424 2.142807 6.040918 6.124765 4.364077 9.510129 2.331011 5.911224 2.014351 10.013915 3.578323 6.618986 2.629074 4.978076 3.573179 9.297390 19.825266 51.873934 40.247423 15.013249 12.559318 9.290837 7.619364 14.479050 14.913985 6.296636 13.115876 5.319035 9.642209 17.570121 12.457650 15.295579 23.641276 15.127115 24.119875 26.103188 121.740733 260.402176 19.402137 21.184342 24.310313 14.788013 24.649123 10.993789 8.934407 16.411325 8.481011 6.914547 14.246259 9.628241 10.219094 16.472687 21.340064 25.049136 26.118568 43.508552 71.410429 56.242237 27.984248 20.724987 15.207796 24.392970 23.890269 17.870383 25.608794 21.229550 11.723917 9.793407 6.944716 4.162661 4.741852 8.376092 4.958518 2.634343 11.409341 13.816796 11.454543 12.124021 8.209046 6.446413 11.840402 12.138361 5.832298 2.306843 2.597225 5.195255 3.059233 3.719057 4.898581 6.739926 5.790911
0.989911 1.886151 229.3088 0.000000 3.652822 11.324360 1.190616 2.787565 9.955619 9.093143 3.697659 19.090372 5.802505 2.990067 4.033796 7.329856 7.531562 10.539407 2.422475 7.346004 8.899406 3.633156 6.564672 9.516382 3.867936 3.662919 4.108737 3.615015 6.571704 37.901328 56.803480 16.078680 3.566547 6.081702 9.074634 13.669919 15.519459 9.958918 4.211121 5.456887 10.511751 18.250604 23.665573 20.266407 15.142601 13.234330 19.026470 26.500142 120.343155 267.395444 24.891435 15.656745 21.087770 16.926039 16.107464 22.237625 17.272114 16.202746 9.956228 8.768323 12.164779 6.347553 6.471011 12.444608 15.106760 14.828523 20.784188 61.554128 79.304427 30.946141 16.447885 9.955005 14.578340 28.020996 33.148917 20.582106 10.745214 9.883280 4.865818 6.964745 11.095295 11.512366 7.798422 5.368818 7.706071 6.588248 15.319408 16.877222 8.774528 5.675141 5.393101 6.490848 11.661352 12.261879 5.060882 1.885660 2.006094 3.188295 2.537645 4.605512 5.274379 3.508059 4.750583
1.043379 1.883894 225.8365 0.000000 2.273832 8.997584 2.754893 2.264129 10.413019 9.576865 5.575003 15.284818 7.901581 5.527028 5.366894 7.361911 6.492293 6.297677 7.136981 4.728905 5.589086 6.058726 12.305776 8.738109 1.322655 2.089466 3.930026 8.067517 26.078218 46.573624 40.189685 19.043317 7.006914 7.104405 9.972756 11.919338 12.028559 6.732918 7.291993 5.877191 16.183278 23.710337 14.869265 25.216318 18.814915 6.858479 13.846874 25.640925 346.926735 27.405940 2.463790 10.228413 26.410428 22.967541 14.367310 20.115748 19.587313 8.821568 14.711131 6.879399 10.578420 8.751844 9.675136 12.140085 13.693877 34.968912 64.662247 77.495567 39.675249 17.922743 5.407025 14.158619 28.435064 31.899641 20.505185 9.628028 6.285954 3.481882 11.110803 9.045688 10.065592 10.779078 9.124194 11.107165 11.841189 20.565055 11.497492 4.464846 8.690919 4.594156 6.706139 12.335701 13.095489 5.227006 4.869301 2.075839 1.116182 3.818664 6.543934 5.245317 3.225799 8.193895 4.057582
1.089897 1.881916 229.3011 0.000000 2.011347 6.055386 6.905674 9.191793 8.205353 0.947824 11.521115 13.128414 10.791087 6.352772 5.779565 5.685571 4.722630 8.173732 11.752689 6.924743 7.435900 8.724575 9.848054 7.999073 11.653088 13.500429 9.547581 12.416771 12.413538 10.384204 25.874903 51.617685 11.562934 7.311900 10.433056 4.512239 18.436346 7.196963 5.918705 11.156056 8.962294 19.049344 32.800637 18.751841 7.514914 6.797465 10.068360 17.837778 109.140241 264.951049 18.989334 21.660385 15.070884 15.394115 10.734727 23.552447 25.483825 13.350150 5.745584 6.901063 14.266707 10.761196 12.758016 8.454354 8.855659 14.429892 45.376625 75.424695 37.299676 17.543961 11.389423 15.708923 23.818281 36.879261 36.264537 19.483377 2.868490 1.791929 0.529619 7.916627 11.200968 11.153613 11.427031 4.066613 9.791751 15.395870 16.032912 18.258092 13.941099 9.819407 8.770827 9.569899 9.536829 8.547452 8.371726 9.428043 6.945420 5.579943 7.500915 7.777229 8.465854 5.093484 7.995162
1.148007 1.879850 229.2121 0.000000 5.162450 4.170139 2.696697 3.746980 5.707916 3.762938 12.619883 11.705784 9.521373 8.872865 7.518966 1.161890 6.062237 9.099972 11.273332 3.399088 3.796674 12.960543 11.233050 6.334113 12.542242 4.260380 4.563488 10.579597 20.006093 9.273562 23.483686 50.273895 12.124929 9.699616 21.665274 13.350904 12.370094 5.198972 8.813004 14.389055 8.054992 23.193328 22.250084 11.786198 12.555001 6.941867 8.161388 15.965720 122.721066 262.809956 27.145538 10.237895 7.672233 11.465599 12.583590 20.132194 24.240064 14.870920 5.713196 14.198473 16.910021 12.294395 11.698816 13.524887 20.834410 17.625746 53.565317 75.487329 26.540175 17.289228 14.908963 11.576940 11.079032 16.593696 33.434999 32.215784 12.115213 4.554345 3.187847 10.600596 10.039667 10.971693 12.245346 8.546116 14.615274 17.254739 12.883623 13.661061 10.109592 9.794505 10.578794 6.197584 7.924722 6.098250 6.291458 9.784436 7.300392 7.131097 6.416770 4.214467 3.188797 4.933020 7.484480
1.197870 1.887598 220.5584 0.000000 5.184882 9.145319 4.121064 4.024246 10.089279 9.031742 9.363533 10.025384 7.842418 8.076145 10.193264 10.801111 8.935392 12.395384 8.252608 13.085100 6.901279 5.796307 7.945865 14.943807 8.410543 13.406466 6.814658 28.582158 17.608034 27.666304 38.865504 31.040209 20.501475 18.645842 12.960267 11.888798 13.570773 11.969256 7.538649 12.893268 11.389641 27.459511 28.684256 17.812708 15.635376 50.466674 40.997215 333.484147 66.158979 57.074419 28.934938 24.222761 24.232199 27.747009 14.635926 14.554669 11.253398 13.356780 15.556965 21.792759 17.142061 14.156631 20.930741 33.776557 85.870590 53.724652 15.035812 13.552573 27.861034 9.775376 26.109166 25.713478 30.180588 4.806218 12.586109 8.380311 5.394059 8.417918 10.689981 11.361298 18.405996 11.637335 4.923910 6.850955 7.079728 13.207209 13.454147 13.553999 1.768305 7.672471 2.247297 6.933053 10.887340 4.246092 10.243960 2.314674 1.638651 1.114338 1.845459 3.347732 4.531614 4.718371 3.441804
1.248856 1.880761 228.2026 0.000000 2.751525 3.194768 2.689961 3.634505 9.147868 7.375224 7.901195 9.887325 2.501241 3.509055 7.917451 12.048317 6.472512 7.687996 9.166327 3.139497 9.174259 5.683893 7.357229 7.853535 14.580376 5.744818 9.255571 13.406984 15.511886 7.134042 20.946899 35.173429 42.307696 22.357264 9.391381 12.579256 6.725251 10.173291 11.048018 16.852937 23.365392 15.782252 14.339507 18.409603 23.871425 26.074348 30.597744 67.293262 203.627177 219.087438 95.905364 40.872049 24.879879 29.526538 20.930133 17.962901 17.564498 13.894702 13.896708 11.793904 25.222868 12.954811 10.250756 24.663800 24.600072 65.790756 64.040326 17.838490 19.842827 16.718986 16.564705 11.967563 19.775220 19.839910 26.207734 33.168609 21.432322 16.371889 16.197799 13.544784 3.931724 1.700839 9.519609 26.509152 13.282511 6.835689 6.702621 6.179969 11.510431 9.902131 17.631593 6.552709 7.121640 8.465894 5.665718 12.205769 13.282873 10.812529 3.284154 0.483955 2.854685 6.701776 9.807053
1.299137 1.884876 232.0802 0.000000 2.447378 1.167799 2.396466 7.011650 11.773144 3.461684 11.515062 9.366545 4.040006 3.881706 8.613728 10.599981 10.996672 2.850604 7.098051 8.638126 11.462694 11.927711 12.152375 10.704130 14.267211 4.389970 2.516382 5.514755 11.197248 10.491892 12.672780 16.662569 33.856857 37.751175 9.053971 10.013485 11.683293 10.339056 15.838762 13.769969 6.253551 13.141534 21.236374 13.833631 24.945701 47.654652 62.070276 54.130978 154.646484 236.959209 131.131740 74.634806 37.873042 31.923727 37.429669 21.022525 21.688779 20.256296 34.931042 20.516068 26.688217 8.206818 17.540690 28.438785 31.204667 103.923956 27.720781 31.416122 6.901079 20.178445 33.263712 4.144943 19.974322 26.273432 18.622689 21.216785 7.250382 13.677958 7.044575 9.661702 3.967931 11.869175 21.507456 15.631319 9.025942 9.559611 11.160815 9.663013 6.780729 10.329851 10.000859 3.813664 6.562013 8.453805 5.430783 7.187060 5.441491 5.841296 4.795410 4.148918 6.016036 4.701237 5.148351
1.348952 1.877929 233.1701 0.000000 4.502589 5.253943 4.710063 5.677364 12.371124 2.628806 3.623777 3.740872 14.529922 9.893606 18.564558 9.051884 7.347525 4.756043 14.860542 14.252103 4.734701 9.552989 9.162487 9.613395 8.981779 8.001236 4.118022 10.922894 14.595576 6.157632 10.755095 12.943762 21.453488 40.101825 27.529163 20.367721 16.464171 18.050686 15.111378 22.632986 16.617937 11.596629 22.983982 33.246155 29.395483 37.219796 40.427773 61.244917 110.443740 213.914964 181.672283 58.528029 35.032945 18.983962 22.684799 17.712107 18.372534 23.150923 20.951238 15.422324 13.258721 6.095547 1.565144 19.640466 20.200176 75.377520 47.165183 26.377443 14.925865 12.741270 21.007254 18.314198 28.523079 15.638614 29.262990 8.477181 18.664917 17.231235 8.403445 13.538043 12.322458 17.772149 13.926495 14.312133 9.237462 13.479001 4.295315 17.788194 10.198715 7.580217 6.227720 6.087285 2.247418 8.491296 4.990525 5.609377 5.266618 1.796810 6.367577 7.110480 4.141381 7.978630 8.339853
1.399753 1.866307 233.5764 0.000000 5.960758 7.260827 4.969989 10.530098 4.887705 6.875215 8.512590 7.824465 8.977157 9.634985 13.153869 3.319258 6.635371 6.275646 16.275561 9.187811 4.397442 8.772965 2.017851 3.366411 5.773120 14.591848 6.859142 7.089723 14.900290 4.354851 4.688458 8.847845 20.726950 30.755238 43.375476 18.137973 21.694541 23.292681 15.127383 26.918682 20.018352 11.589594 23.813665 21.439649 26.625162 25.067637 47.255118 68.015060 105.495143 201.310044 197.143061 49.869327 33.844087 36.725018 19.907959 11.052558 14.614947 16.780272 24.219479 23.048235 12.153149 9.008977 12.263071 30.841868 48.597938 63.355001 62.048417 28.306670 11.677083 17.292524 23.389059 13.476671 19.520286 10.525461 32.782231 32.542529 10.037251 8.968652 12.404717 21.758283 16.257495 15.936932 11.512567 11.104579 5.071045 14.476420 13.101218 11.257891 7.444457 4.527467 4.806298 7.365323 6.433199 6.983270 4.301381 5.190314 4.864617 3.557953 3.901966 6.064731 7.800601 3.415298 2.335512
1.449796 1.865150 233.2277 0.000000 1.432423 4.054771 5.061117 7.304561 4.818002 4.615483 6.831232 2.939281 6.214055 9.284874 10.209337 5.152522 1.708059 8.553553 14.864579 17.986572 12.116134 5.635366 10.195385 14.161466 11.107749 6.113277 4.220019 8.281325 5.265881 17.439046 18.636244 17.074903 18.309210 27.331585 36.173657 20.328789 11.539774 7.609729 16.447508 20.320323 16.649301 13.661426 12.008596 8.857342 13.503306 12.379798 21.608388 24.003734 71.970313 215.904342 215.800769 74.365309 18.103453 8.565041 10.621607 6.251985 11.374617 11.107650 10.646759 21.567674 13.842698 12.707512 14.622148 15.001181 69.756016 48.034598 25.623934 17.765782 9.008562 17.608040 38.375802 35.093242 17.806110 16.051634 25.536628 21.324032 11.353935 15.908750 7.148067 17.055566 22.258335 16.024534 17.214001 9.999782 11.495978 12.819455 7.659163 14.909266 8.576878 4.488219 2.142744 8.285677 9.072613 9.305336 13.086522 10.010828 2.927661 3.893929 2.112601 7.559643 5.484418 9.447173 7.668730
1.499727 1.864550 234.2779 0.000000 1.795306 5.879757 3.931364 1.101081 4.979852 5.628958 6.149307 3.954419 1.743497 10.310547 11.251419 10.288966 8.170163 5.406205 11.563914 11.541078 7.953331 9.391335 9.467097 7.998990 14.765534 6.999629 4.403481 11.194737 4.405594 15.142744 11.977573 1.278480 9.671490 22.024756 22.919472 40.764398 29.432491 14.419077 15.138493 26.883985 23.495451 19.717605 19.037708 10.185115 19.705135 6.557053 9.509110 21.519518 63.580855 137.831502 256.615288 62.247197 44.690247 28.922089 8.689168 4.379159 7.468253 14.176724 17.389076 22.802942 25.467472 9.011073 22.925280 30.073032 52.557898 74.019546 12.198610 9.032093 4.714377 13.861575 26.430957 19.205726 12.049919 15.186867 19.196621 28.351086 23.679485 15.743605 14.118385 19.602831 21.500804 12.067445 10.616763 6.679295 6.333812 11.573002 11.602149 5.485694 3.995844 6.375235 7.037075 9.780457 8.990448 4.557145 7.253139 7.788811 4.289172 2.895155 3.989683 7.735740 6.758649 3.916454 3.819507
1.549842 1.867272 234.1673 0.000000 2.424834 6.517755 2.982153 1.956113 5.173627 1.817319 2.940119 11.976781 8.056398 0.915579 1.730098 2.043589 10.959031 6.748322 8.675757 8.949118 13.450330 9.260004 11.735066 4.828802 15.476063 6.771740 4.619362 9.059987 11.034408 16.572125 9.420833 10.531381 11.581948 21.120371 20.010423 39.306276 32.919678 11.811040 9.352001 15.187394 14.873114 11.814567 15.412286 8.006383 17.503545 23.346287 19.152314 27.356359 32.239720 126.278901 253.617511 43.610482 40.209325 17.940259 20.821493 9.483963 4.625583 15.228763 18.929991 14.409420 22.029427 13.410505 22.957688 31.757302 62.850673 71.331315 28.972986 19.676498 12.274178 18.229989 26.111115 17.759090 21.954199 28.594803 14.042616 14.245241 13.321723 16.699721 16.661212 13.073352 11.642586 9.131298 8.270471 7.917922 7.804431 8.455011 8.660517 6.340596 6.029697 10.754549 10.349449 11.310388 7.995320 5.943623 8.637683 6.112337 4.911160 5.051020 7.996185 4.775896 3.430681 5.924390 3.996544
1.599743 1.877362 234.0457 0.000000 4.495139 5.218929 3.161605 5.329002 5.615497 4.180232 2.916190 5.915854 14.150831 12.112068 9.025688 6.172710 10.894000 6.694237 6.286641 3.197187 9.795602 10.982908 7.723288 6.233337 15.460314 12.535363 7.679738 9.447411 12.956542 20.271333 7.512109 6.069264 7.940826 12.735025 6.552672 23.339931 49.756110 12.287140 17.480436 14.793237 21.166587 21.436557 8.109840 13.371729 6.841922 12.619601 20.641053 7.336065 26.582086 147.533265 252.868138 43.002336 13.225782 23.042586 26.537026 12.199204 12.547226 9.420168 15.318082 20.717264 14.269149 19.739340 25.054290 57.651391 71.835730 35.976022 18.963143 17.945012 13.655363 12.827988 29.120763 24.390759 31.508633 28.059115 4.087574 5.711863 13.709198 15.524026 13.760026 13.615917 7.002232 6.540583 5.789609 4.977322 10.343410 11.903085 14.435869 14.173058 5.750167 8.790914 7.879740 6.312417 7.597856 10.369544 8.656337 6.276049 7.999592 8.724596 8.138169 4.487484 4.922770 5.791676 3.149938
1.649880 1.872144 234.4621 0.000000 2.644519 1.839350 3.351305 5.642314 3.048818 2.305530 4.088515 5.812425 16.492853 3.139025 7.381790 6.291956 4.109929 12.198771 5.214498 8.922661 6.468743 4.774315 5.637003 12.938901 5.742862 5.528944 8.567512 6.796378 4.417162 12.411628 18.676290 12.232494 12.588065 10.875038 8.221618 26.185198 40.674010 35.087246 24.264451 13.819436 13.039223 20.364276 25.316638 16.477800 8.973420 26.105095 25.794710 23.968823 45.874836 117.060300 260.719746 117.751696 67.543111 37.864265 33.251467 21.419701 12.430862 11.215050 25.552789 33.314389 21.949224 27.185347 28.137122 65.774672 82.397682 21.447812 19.534883 16.873684 9.899639 8.850695 17.705630 17.217100 23.762716 31.233590 10.553956 18.052353 17.615446 14.004884 13.504758 10.637456 9.292829 7.289576 7.057098 6.061679 10.099604 14.030120 14.866363 14.359681 10.286527 9.347359 6.790499 7.679982 8.739648 8.025396 6.688172 4.614686 3.963014 6.234424 7.195356 5.550264 4.067647 4.213363 7.562636
1.699915 1.859652 230.1901 0.000000 2.789545 2.727608 2.646858 5.624096 7.705464 4.083138 4.370038 8.594720 13.305965 3.659245 7.160634 8.882283 5.368000 5.090234 2.373571 4.979090 9.035239 5.167616 3.787731 6.172658 8.297299 11.249682 10.463624 5.394563 9.106278 20.461747 11.420415 11.156690 12.671898 9.929299 9.922359 18.371345 58.218240 28.893133 29.106172 17.621166 18.441859 35.679372 11.284439 25.044712 20.650491 27.774993 40.607243 38.795859 99.185022 252.885060 167.661435 67.637894 59.315861 31.920415 22.137124 14.981919 21.285982 29.933850 28.347042 3.299665 15.811419 35.929795 69.251872 65.246138 7.628005 11.671108 10.232934 7.508560 17.113294 20.839637 22.947307 28.156362 20.912970 13.315577 19.153604 12.499062 6.499827 11.973851 8.524729 16.047170 6.245043 6.497417 14.120071 10.952764 15.398202 9.467699 8.815013 12.232435 3.496652 6.660231 5.490920 7.966915 7.454580 4.973913 2.785847 6.920776 4.434395 3.361419 5.741093 1.996445 6.190904 6.838215 2.957444
1.749675 1.864962 234.5981 0.000000 3.340519 6.032158 4.498026 8.871611 6.874114 7.670091 8.597474 11.681229 13.653021 3.291871 10.013568 16.579945 6.469877 5.227974 6.781157 6.284527 13.742277 5.177776 7.953592 5.903837 13.503603 2.614936 10.738568 9.329029 15.485611 10.188502 17.456908 5.208301 11.817445 11.565061 13.367876 8.574175 20.891584 44.308210 45.003691 40.345403 32.144383 24.557021 43.368312 13.159256 18.883435 26.889685 27.869296 41.743733 58.337531 124.371928 231.433247 169.433485 55.466191 39.353355 29.501306 16.568347 25.531469 18.972860 22.546459 28.708138 28.134602 42.118052 57.392081 79.171732 67.417012 24.558428 19.066119 13.451408 15.009453 10.874685 20.862182 20.240999 20.036910 25.966905 10.917485 12.989705 19.193846 10.439725 13.212329 10.550609 14.923571 15.593884 9.554782 10.198176 4.105502 9.215893 14.529929 4.317788 4.122127 5.552311 7.835444 3.007398 6.363138 9.160839 6.913620 3.367952 3.191983 3.518333 2.375792 2.875925 2.882511 4.496693 6.837908
1.803284 1.858497 235.1447 0.000000 7.035602 5.607853 6.511642 9.779784 5.464837 7.195552 7.057996 8.110837 9.244825 14.104299 7.876194 9.000663 3.770880 9.431601 7.815677 7.167162 14.400095 11.985831 3.359429 3.176710 10.188796 10.891135 7.918139 12.582525 17.273295 9.388553 9.331060 8.029036 12.953156 19.982452 18.579806 17.570659 39.947192 51.556269 44.249975 20.260422 31.179329 42.831483 10.294978 13.166096 18.876532 19.107074 22.905206 54.704937 56.981183 210.176092 218.911378 100.563796 47.283956 40.745201 16.159674 14.822242 13.573199 20.272281 22.973621 22.885563 22.984763 59.514879 80.439590 29.244656 17.139818 8.278335 10.501360 20.320289 22.912434 27.073497 17.240193 21.195768 13.924489 8.414251 15.784031 15.065250 11.858459 12.928013 8.174122 13.085742 9.721649 15.047565 5.373316 5.412538 15.674218 6.938732 11.649710 2.853677 14.455638 8.820740 9.007679 3.599191 7.872099 0.705611 1.755441 4.268392 4.045564 5.710539 2.790637 4.017829 7.580318 3.909909 1.180553
1.849596 1.857161 233.7156 0.000000 6.481789 2.990172 1.122969 4.472801 4.097987 4.346977 4.240508 7.945370 8.335012 6.915809 12.562549 5.975656 4.635783 4.835493 5.615578 5.905975 3.470305 6.986939 8.166991 11.971908 8.745318 4.011069 9.847148 9.595273 5.205986 9.648549 10.604764 16.059735 8.294180 9.422695 6.687059 8.250522 27.906234 32.635666 42.256015 8.256132 5.914747 24.551829 18.013684 8.047962 13.901514 21.561634 23.526565 47.614574 89.275353 188.963976 218.060394 73.455431 45.295473 31.970884 21.976045 24.855438 26.666587 14.241541 10.348650 19.629985 34.603419 88.087770 38.196043 13.331968 10.874094 8.534639 7.811227 16.316770 3.969885 36.451721 29.629235 4.832882 30.983396 27.197329 4.652822 10.590887 9.484349 15.427925 4.359966 11.828031 13.161185 8.240246 4.295764 9.143922 11.975492 7.880718 6.255425 9.797094 10.670762 7.791828 3.369190 3.750762 5.746296 5.161062 5.494725 6.221913 10.380593 5.263638 1.041653 2.648189 5.768961 4.481388 4.032827
1.904939 1.872170 239.2485 0.000000 5.130321 3.095850 1.252057 1.178843 1.794021 1.627562 2.466103 9.331674 6.436592 5.727622 17.521184 11.016038 3.327056 8.709071 1.472820 4.423724 3.507571 7.718479 8.550634 14.018255 3.701871 2.503597 2.907016 7.868439 13.113534 7.769072 8.042507 16.727518 6.395663 14.256465 9.127761 9.448746 7.330495 8.744330 23.032046 38.408527 12.942938 22.757885 31.231255 13.565500 14.447828 13.787277 24.850795 18.460018 23.252119 61.979646 149.158100 253.655789 50.500233 48.621567 24.313363 17.820339 23.139358 21.790439 18.095553 13.046274 35.533409 56.773920 62.522697 48.727223 23.640017 13.484658 6.228552 6.097395 11.741600 17.513540 26.748350 37.203045 28.990412 22.644075 23.800286 11.015440 9.520710 10.455221 13.573942 11.957253 7.059685 13.425933 13.046746 9.973201 7.092769 6.064231 5.015126 5.978587 6.928821 12.180641 11.102940 8.319243 6.769904 2.818188 5.007323 5.083803 3.353848 5.228389 8.333174 6.339413 5.404824 6.670393 3.252765
1.955411 1.860218 239.3124 0.000000 6.608825 1.341306 2.650670 2.815029 1.347213 3.362891 3.868481 11.920369 6.381134 3.276646 16.825440 13.146414 1.981325 7.836982 2.563218 5.047450 7.416440 14.454749 12.888430 12.811894 3.391378 0.936879 2.466201 8.190366 14.117611 6.493732 10.272075 16.391198 7.889147 15.467322 10.762716 13.305438 4.529711 14.731880 13.858845 22.172069 37.880665 25.761497 20.993428 15.787964 14.137899 26.442277 26.311348 21.718723 27.447888 42.895964 162.850988 257.180099 61.601410 27.247507 17.975902 15.224945 18.226435 22.247662 23.769069 20.725944 25.390392 59.381092 75.354231 22.993213 13.299564 14.641941 7.602990 7.777147 15.255794 20.546270 27.087462 28.758030 25.361485 33.113522 27.301120 11.978761 6.538756 10.505550 13.822463 14.904361 12.411933 11.729950 8.450567 8.974313 4.017775 2.732238 5.593954 5.362536 3.556513 6.450373 10.549435 15.841661 10.766404 4.452597 5.684046 7.044498 5.217728 4.702609 9.337625 9.789855 5.377370 7.028193 5.360007
2.003285 1.858992 241.2168 0.000000 4.810040 6.342042 2.115387 4.263355 4.475274 3.227456 1.139341 11.109669 9.890912 10.163273 20.148653 11.912104 2.208082 7.978953 7.886379 4.052197 10.440594 3.553709 17.832962 8.575286 2.458466 3.514457 6.001441 6.783392 11.778224 16.002591 9.959981 3.976549 15.355584 16.524330 5.635299 9.041265 4.769702 10.618946 3.872502 7.185934 53.070853 27.003019 23.684992 23.412718 24.864607 6.812276 13.165515 13.777169 23.713091 33.105087 80.962831 306.487400 87.257692 50.526714 26.778594 11.019176 18.954966 16.915627 12.051952 12.397326 28.720766 55.026369 92.668420 39.250273 8.701016 22.013343 19.626141 8.262537 13.466479 26.373850 12.773268 11.761686 5.131290 36.917155 25.503391 13.796086 10.624997 11.576884 3.989216 3.735799 23.999583 15.235236 13.045843 12.397687 8.496041 2.898630 1.840375 8.850839 6.345068 5.509073 7.844215 13.516379 12.913625 5.577729 2.838342 5.478756 5.678952 2.768908 4.696226 6.587081 3.078914 4.331293 7.642369
2.049544 1.868074 239.3198 0.000000 2.616401 2.956884 5.330013 5.240750 4.583453 3.877399 5.536981 12.825537 10.089475 4.111189 12.581772 4.742795 8.007669 2.606180 4.513619 7.310611 3.130073 8.997765 14.931927 7.126947 5.168877 2.644122 4.207447 3.363745 7.699982 5.726723 12.364367 11.103398 25.859945 10.983248 8.073218 12.612128 9.928245 16.297256 8.410640 23.130419 56.668702 49.500376 18.849572 12.232137 24.134230 30.234802 18.492902 19.498107 35.550435 58.968678 132.700895 244.672100 53.054788 50.234637 25.444138 22.620402 18.331579 24.569957 18.759769 44.685786 76.274995 94.490050 37.857528 10.736848 15.759620 10.984941 13.510088 16.155432 17.003552 18.325420 10.285256 18.463049 21.891858 24.634358 17.128879 8.740585 8.242052 11.976301 12.001754 19.244347 23.267160 12.790303 10.392442 11.007950 10.084342 3.154589 5.519868 9.519414 6.381220 4.210710 9.173533 11.638887 7.257634 6.149036 5.545097 8.053222 7.425988 2.700903 3.604413 8.896163 9.422197 5.756981 5.147634
2.103308 1.860002 236.7368 0.000000 1.575085 1.966669 4.429363 3.118665 2.664270 5.951810 9.253849 7.599571 7.248651 4.367842 6.356601 6.210886 8.610890 8.288621 8.682685 3.609184 2.021337 7.928210 10.642596 3.136516 2.845107 1.846411 0.490097 4.421523 7.371365 5.681210 11.608776 20.686944 21.058664 13.579718 10.658660 7.419629 8.964541 19.241350 19.908420 34.530902 58.746901 36.683368 18.096687 10.996087 17.250138 12.013872 8.763677 15.156705 22.483854 63.022214 266.528775 133.488485 33.446416 40.938583 14.104619 11.404669 18.922302 13.378404 26.361348 66.472318 111.830536 54.183425 14.432696 19.539504 21.219946 19.719156 13.519984 11.849263 33.099633 10.419138 11.819873 4.755037 20.317898 19.274863 3.950138 7.101664 3.012549 6.642046 17.524946 24.903859 11.570518 6.168418 13.624003 10.565786 5.489819 6.818328 8.751575 11.095524 8.728835 7.784298 7.907255 8.380738 9.932842 8.964027 7.073522 5.414150 4.339782 3.891017 6.171791 5.101905 4.517070 4.053129 4.745287
2.155353 1.854366 238.8590 0.000000 1.904056 2.707148 0.626847 1.351891 2.085617 1.683447 5.831792 1.466807 14.194676 3.702951 3.524279 5.074128 8.242182 7.890600 10.633844 4.162285 3.650258 8.607075 15.377114 3.641956 2.189472 4.007435 3.903408 4.197173 6.102157 1.836046 6.564156 18.377148 25.910414 13.424860 7.760724 5.192172 11.354327 18.430227 11.469253 21.747652 45.833449 47.924445 24.192465 18.095257 17.837784 19.046890 13.514141 5.377177 9.703671 37.241423 160.557901 236.411352 59.174300 15.888566 20.599860 16.290866 30.500784 28.399955 24.782325 61.138241 89.525902 54.337641 28.253387 23.084526 19.678342 23.249159 14.647291 8.831592 24.843037 29.095347 21.306374 13.016482 16.077343 14.491854 14.528358 12.427168 8.794765 6.473140 13.098061 22.728452 17.339078 10.725467 6.690373 6.013324 7.786377 6.512959 5.225520 6.283023 3.898684 9.857279 12.887780 9.205468 3.326306 9.622015 10.613491 4.163299 2.249436 6.105178 7.300155 5.229832 2.310760 6.911361 3.633599
2.206408 1.853557 239.1353 0.000000 2.136763 1.674742 3.032710 2.698458 1.297008 1.934437 2.830594 5.553814 10.765454 3.043771 1.098257 8.832482 6.187896 11.830515 10.827218 3.888131 6.881684 10.114629 14.449609 3.016252 6.879777 8.398373 5.229772 7.906473 6.646222 4.253214 10.870814 18.494718 23.007704 15.631103 16.811224 14.774535 19.542735 19.130048 9.889884 14.242807 30.055299 38.741594 33.850526 17.406331 21.842860 20.188431 9.127846 6.850616 21.724659 47.781415 151.051007 250.815776 79.402804 29.186045 30.043353 11.192654 26.835640 25.612594 21.679699 66.835755 81.047482 38.687752 13.624330 16.983305 29.572964 22.570939 14.105304 13.420681 24.090670 33.427232 20.494377 12.447964 27.824439 22.617738 11.625223 7.222367 7.512926 6.264224 9.067571 16.184273 11.687888 4.771357 6.982226 7.777518 6.092682 8.399922 8.862197 9.167635 7.486178 9.808714 12.091448 11.100120 9.567953 8.184287 5.666455 3.278025 1.768006 1.569530 4.357970 6.457760 4.492823 6.366725 5.035971
2.249871 1.844091 246.0698 0.000000 6.136536 4.139204 2.348430 3.878463 3.731409 4.880365 6.241054 6.824196 8.255940 8.181857 3.979727 9.422560 3.395810 4.918374 6.300877 5.085225 7.570326 9.521324 14.366342 9.803593 8.539784 6.704141 3.699290 7.126758 7.808680 7.875343 7.123672 8.708568 17.324539 20.398985 18.088211 19.713115 14.937829 3.495178 5.305161 12.429418 14.695758 21.239292 23.226884 21.249034 29.195130 27.999741 20.505085 21.373388 23.031617 43.923931 41.261350 60.439466 235.015812 206.813517 113.916212 53.451358 23.059888 31.160815 16.610448 24.444341 28.107161 71.202568 48.982968 24.468029 15.196117 18.750214 14.183157 15.269947 21.322499 11.622690 32.443210 45.399667 29.672409 30.165176 31.360688 18.612387 8.840765 11.821046 12.287187 9.196376 14.181522 7.724306 6.821620 13.274912 11.908244 3.780304 8.263914 2.887261 6.035066 8.703696 6.514894 13.416313 17.852435 20.542464 2.274981 5.938102 5.183000 3.286425 4.167283 4.065598 3.590215 3.087374 11.335212
2.303404 1.850692 242.5857 0.000000 1.538271 2.916371 2.605238 0.907535 1.460156 2.675046 2.399822 5.585232 8.048290 4.183379 11.678860 8.012551 8.864017 1.061867 2.385442 10.685061 10.606725 2.169155 9.513248 12.650844 3.830456 4.220787 2.217100 2.283454 1.338541 2.675753 8.220241 15.333673 17.933360 13.236377 22.230509 15.617668 8.795667 10.410406 11.786964 22.890870 17.062656 21.015986 35.992148 38.246024 26.477253 7.854035 8.474893 24.255302 41.915215 70.049179 129.561533 235.406690 145.154077 45.554735 39.408937 51.584153 47.298661 37.477622 25.102727 71.612874 25.748590 10.975576 15.191734 8.067139 15.503913 15.527704 18.304734 18.815436 29.374132 8.685598 41.641274 21.224044 27.569233 15.333826 8.862039 14.439315 14.838218 10.889522 20.089798 21.456254 12.057666 5.265415 6.655052 9.733025 5.276062 6.079888 11.881885 3.895933 15.848254 13.671865 15.618614 3.795614 4.243674 3.603432 3.106638 4.142276 4.326553 2.983943 3.894239 10.626387 2.967578 2.692709 2.812274
2.349810 1.870401 234.3849 0.000000 3.178882 4.338426 2.253390 2.377735 3.027263 2.266263 1.978972 5.781960 6.922204 7.888455 10.186197 11.004320 5.197722 1.400245 6.856455 11.897838 9.474725 3.599413 19.092793 5.358028 9.241851 7.350604 2.057831 2.575560 4.759384 6.394494 14.821519 14.840263 6.698331 9.093327 12.251283 7.704156 5.191647 13.968056 20.330353 26.595253 18.174497 30.330032 53.129109 16.017506 12.454005 15.206965 39.410402 44.386940 62.986734 145.853813 250.131732 46.013006 33.240106 42.299098 46.561138 46.357856 58.594369 73.018811 27.394294 1.708512 16.076827 13.621014 23.913311 18.879798 15.608260 17.815537 21.064849 18.834775 33.671929 18.303739 20.820666 14.681612 12.203450 4.617802 3.109484 10.891262 22.034145 20.219991 9.739773 3.263747 3.843523 5.991007 10.216057 13.706467 5.662022 7.937733 11.975462 11.081319 11.904586 6.659159 2.263012 2.419517 4.064565 6.097701 5.190195 6.747199 7.269600 3.967855 1.494936 2.453503 4.017015 4.717874 9.205463
2.408273 1.873560 238.3832 0.000000 1.816417 4.122517 0.887349 0.479755 2.246375 2.775033 1.848951 6.871972 8.136440 7.426112 9.117145 9.043938 11.160809 9.051126 7.300255 7.177700 8.788344 4.348530 7.872306 8.825456 4.181007 6.621187 4.863299 4.122222 5.323270 5.463090 18.126903 10.461003 2.514796 9.756877 12.510850 1.536568 12.133899 20.192661 12.301490 9.914247 15.715483 18.356811 33.168900 55.201359 35.010875 24.428265 25.853842 31.014316 24.599594 71.279024 202.450242 201.003244 62.256884 30.460546 30.056092 30.933582 36.305417 93.901071 59.310008 25.432425 11.072749 21.172896 14.124259 27.846971 8.847679 6.352741 17.750493 23.285498 19.110227 17.047166 29.025502 16.431887 6.421150 8.748787 10.174732 8.819294 10.406334 20.461138 28.760422 9.891219 5.499181 3.885469 2.861117 4.869812 9.604115 9.140064 5.972256 8.393929 11.620139 11.035356 8.789265 4.541291 4.899139 3.053230 7.444053 2.167179 4.373376 5.510877 5.850005 3.172059 2.353281 3.856083 1.897099
2.458276 1.873190 244.4917 0.000000 3.840729 2.854203 0.571035 1.348334 0.838833 3.858147 4.192441 3.095373 8.151126 1.404506 7.071493 9.249090 16.532303 10.380991 5.499656 5.910607 8.499960 4.634278 3.640554 12.801507 11.422091 9.555331 7.507237 4.650330 5.445852 13.645643 10.964403 11.306127 5.141702 6.028351 10.838955 11.846006 14.703527 14.134093 25.988522 6.990610 2.479984 7.841786 18.969527 18.919993 46.772638 57.215620 29.747059 16.411209 31.591797 29.251399 48.350845 153.088810 261.091555 65.361945 28.300093 26.511251 28.570910 17.243320 49.493937 95.363722 24.747924 18.884490 13.920686 22.610914 20.231892 25.153324 11.731536 7.465397 13.868437 17.920593 5.224033 19.988546 28.072876 10.309698 10.345838 13.017758 8.681684 9.178765 22.735671 25.391516 16.608169 7.120723 6.900159 2.509858 6.030360 7.456785 13.924857 17.046909 9.409152 7.323143 8.839776 6.328090 6.052686 8.052194 7.669563 6.995370 6.427972 6.959369 6.502070 6.327751 7.455549 5.386890 2.421090
2.508992 1.875017 243.3559 0.000000 4.210344 1.408911 1.205472 1.761885 1.911036 2.830789 4.500661 5.391478 4.172166 4.375564 5.312708 2.818076 10.535201 17.640277 7.282386 1.698303 6.471053 9.449861 5.807236 5.844643 8.435841 12.486428 4.045251 9.350026 10.808982 6.567338 15.366993 5.918002 4.589731 6.508390 10.666572 10.492579 11.323754 17.267077 23.030776 14.025651 7.211722 12.143802 15.002669 19.087757 43.737007 45.432224 27.430474 20.826999 29.621637 37.270532 55.420518 193.132158 193.491772 34.415185 32.274899 42.732045 52.330359 77.909381 75.138984 42.625702 17.178419 7.893448 12.609478 11.752255 12.346444 24.261743 29.107997 25.062370 15.769246 9.672119 10.131661 29.462375 22.805112 17.988994 10.218018 5.298906 10.257015 11.682299 19.548043 21.617625 6.678874 8.648280 3.974216 5.297206 10.045488 7.103162 16.011790 12.572531 7.585700 5.072749 7.645587 6.845475 8.060314 10.231789 1.521604 7.241557 1.997239 2.321762 6.716990 7.727326 7.362009 3.528060 3.621422
2.549599 1.847877 247.8196 0.000000 2.154465 1.530276 3.518032 1.099269 1.333525 3.637227 0.378150 6.974454 3.913469 2.645476 3.849643 3.035228 8.672035 17.393523 7.141729 6.615072 3.077039 5.620363 3.575656 2.705554 7.494216 14.254956 9.292906 8.614749 8.725495 5.860208 18.208912 14.175979 6.057587 8.364800 7.088416 2.941173 8.841425 10.333855 22.116923 22.346479 18.165669 8.269290 10.575513 7.018689 26.274396 35.879132 49.637173 32.267091 9.804170 8.062970 13.757449 34.622847 219.265592 159.385976 27.930956 17.091400 5.250690 20.015505 82.642352 67.742027 19.016070 14.494473 7.884480 7.708543 10.291542 11.912613 27.646793 35.534354 15.026902 6.221174 10.662127 15.739926 22.500573 28.224337 15.069746 4.406378 4.844391 7.190468 12.274995 15.167472 23.306366 15.466421 5.705340 9.469586 4.213358 7.436641 9.348988 10.864647 14.046552 11.147410 3.200490 4.205487 5.175684 6.328152 14.143957 9.759130 2.733470 3.991988 7.245769 5.280016 6.049492 8.563132 4.629819
2.609538 1.851934 243.6068 0.000000 2.216282 2.080576 3.268360 1.307865 2.513270 3.256589 3.381897 3.677747 3.779458 3.742818 3.516025 6.088125 8.933905 16.625726 6.353747 5.916795 2.027385 4.388488 3.692927 8.876024 13.200683 13.488101 10.085488 6.579329 8.195337 11.356751 14.170208 8.743823 7.757942 3.381755 3.035636 3.853282 7.068609 20.454798 23.391143 15.886151 18.083846 9.157613 14.007267 19.075902 21.468982 36.837823 37.225253 19.589646 13.318991 14.172047 40.295690 180.130154 215.298734 41.368474 23.849437 13.362781 25.699999 75.603516 66.783377 8.095065 10.132713 16.998312 17.760406 16.735047 12.218014 25.717184 26.632462 12.398296 6.001432 14.182785 18.038852 27.500570 34.412904 16.634655 5.834827 8.749050 6.954432 9.316846 15.547450 11.915415 11.629432 10.001269 5.254174 7.459604 5.058341 15.138325 16.157121 7.632369 8.556585 4.757113 2.536651 5.015811 8.169297 8.060980 4.382635 3.543142 5.964089 5.483319 4.962742 8.481004 8.514244 4.198665 2.398237
2.659698 1.863177 232.4141 0.000000 1.915112 3.712591 4.200472 4.269823 3.953466 1.326064 2.448811 4.793813 3.853511 2.406061 4.665411 8.016807 16.674805 9.685867 4.938726 3.313372 4.434946 4.046871 5.464637 8.686656 11.662347 9.575953 7.167120 10.479892 14.952855 13.479981 14.659199 7.997785 4.193669 5.018337 10.635322 8.168970 20.637844 27.060714 9.448795 9.625438 14.139699 26.191287 41.671748 27.328161 21.693665 32.414599 21.309651 34.668941 64.651718 226.281820 172.621416 41.539423 15.962740 19.307824 48.185831 109.884488 54.940065 30.594764 19.245276 21.148224 12.000638 19.051145 20.091067 29.541917 14.191597 16.633409 18.534529 23.542917 22.750778 20.491326 12.741779 16.569419 15.919843 4.387043 14.805390 9.181912 18.916530 18.317059 5.471165 4.595957 5.169054 11.906726 7.740626 8.075469 8.926488 5.620603 4.340291 9.612034 19.226125 6.734563 12.685240 6.170321 9.691155 7.929938 4.652100 2.605696 6.914264 7.211595 6.654076 7.596101 6.140758 15.866741 10.663187
2.709507 1.853402 243.6673 0.000000 5.142299 6.723700 5.000977 6.838126 3.698533 5.043193 6.005204 3.888812 5.576047 2.904426 2.374767 10.647617 14.866611 19.997850 14.308598 7.450237 1.583861 3.772730 9.730879 11.530843 9.466798 16.108645 8.236454 4.790439 8.563464 14.675886 14.733188 8.644595 16.525986 5.302665 1.936317 4.628728 14.909028 18.769597 27.799828 13.920961 6.779630 20.371653 24.195538 15.516035 28.758126 21.798616 33.091001 44.254932 27.432772 41.973309 58.271397 157.234966 227.868163 109.538768 41.491000 31.970546 73.540716 82.169044 29.259520 31.252377 33.245201 15.238434 14.514561 31.110711 32.044913 29.237539 33.305018 23.345566 11.742572 9.400701 27.222310 23.087676 7.980784 15.307865 12.189425 15.556610 14.939412 13.412555 12.141935 8.865014 10.357119 10.681205 8.875081 4.655524 9.115093 9.121742 8.496038 8.902943 6.900735 10.552274 12.463103 8.187251 9.284346 5.233122 5.240467 4.666903 3.930729 3.576807 4.986435 5.374575 6.152821 4.948596 3.046309
2.759771 1.874849 242.9190 0.000000 2.862749 5.300614 6.347149 2.303999 8.965968 5.624779 4.269995 5.041759 6.180071 7.984611 6.876585 3.892515 17.145100 20.638544 7.651952 9.648748 6.654809 3.589136 3.521037 4.681036 15.704298 14.434152 6.958415 4.430271 6.797537 7.597917 8.493960 13.105565 16.949680 6.967467 11.614455 11.514863 13.168991 18.072883 16.487158 12.174614 17.441805 14.855219 17.739958 30.372707 32.832906 26.910369 30.075101 34.597268 36.514427 49.949638 69.336515 170.839909 212.385025 124.217305 56.684952 27.464653 100.392399 72.533655 19.035455 20.221490 12.716941 18.668320 12.553531 10.631149 12.311270 4.766746 42.100433 20.208379 15.859343 24.024401 35.134742 14.504245 5.096118 12.249998 5.347191 17.005073 9.913785 10.754581 18.816748 19.323938 11.870420 10.605821 4.655051 1.232341 12.466090 10.825172 6.709911 10.889781 3.714169 8.405897 9.769974 14.726386 4.020998 10.023426 3.508497 3.859468 4.210526 3.896473 3.549374 4.723279 3.947957 9.631686 6.845402
2.810003 1.857604 248.5378 0.000000 2.425695 3.534871 7.724645 7.810026 6.318148 3.569186 3.057821 4.596648 2.604096 9.152255 6.617861 11.971935 13.439286 22.611359 4.337948 9.004437 7.228277 7.399548 5.369841 10.162874 12.234642 11.462216 8.955762 11.253978 10.139632 8.700824 17.687211 10.079887 6.982066 8.671183 6.172812 11.576211 9.820857 23.909978 18.558900 6.915193 14.224345 19.231148 21.472027 14.825038 21.358968 9.848885 11.491169 19.293943 48.324983 63.207545 68.502338 127.628468 206.803103 162.650094 48.484606 28.986086 87.677319 103.836197 48.714353 37.434400 22.284806 16.626334 21.461021 20.386210 17.017764 22.298651 36.155649 26.903885 15.631759 11.042290 12.878705 14.992698 10.767747 12.594857 15.481896 13.920153 6.244614 9.768386 15.655625 20.139584 15.345566 9.428977 7.834571 4.883198 6.675134 5.292841 5.336243 4.147821 3.783044 10.768674 6.905129 14.536515 7.230262 9.423932 6.015721 4.025953 5.046455 2.552223 6.054693 4.731254 0.967794 7.120326 2.826098
2.860781 1.834042 247.9527 0.000000 2.590274 3.029676 2.658487 4.596787 3.940340 1.777052 3.593350 2.209878 2.274993 4.768758 3.906353 6.584556 7.701174 19.140907 4.671706 6.860940 7.585169 13.838198 6.677099 5.796885 5.035240 6.991668 5.408698 10.187125 8.222983 10.104879 9.504209 18.387657 7.932562 7.829032 7.504272 7.491895 4.739817 4.754515 12.228268 19.234064 7.595036 12.705904 24.875307 29.166514 14.683553 17.589441 32.414518 39.768101 79.202253 81.282765 54.959737 86.177718 205.372561 140.920078 36.741923 68.054812 92.354288 60.080792 32.531359 29.397363 24.682120 15.502979 15.259540 14.354327 7.992431 14.815664 43.572635 29.217675 13.004464 18.458250 15.404614 19.134199 20.903089 19.999881 19.562928 13.014586 5.129077 20.594579 12.285355 20.628207 17.929585 13.822552 10.933195 9.442707 11.272595 7.159965 2.255789 3.685612 4.805445 2.049038 11.921512 18.586144 10.959369 3.819769 9.542765 3.424605 8.240651 8.223884 5.328288 6.579266 4.138293 1.884787 5.032971
2.910055 1.867956 249.6520 0.000000 1.902645 2.830993 4.817716 2.507453 3.401274 1.748762 3.580173 3.716392 0.907160 4.465765 7.376453 6.931857 10.850619 15.657805 13.587399 2.169991 2.470068 11.100644 3.030435 2.758590 5.040866 7.321111 4.594414 12.500010 6.635031 16.630962 12.906729 10.902775 6.384593 2.687908 7.369621 9.528606 3.769707 5.510904 11.063213 17.524840 12.213055 14.616796 32.066559 18.481929 16.126195 15.165969 28.894589 16.910560 28.958208 61.681948 44.468657 56.813011 133.726348 249.962379 80.174861 105.630582 119.155276 46.442965 27.383865 18.773870 12.891949 12.618653 8.898891 5.456923 17.122231 25.329821 32.450749 20.125059 36.159274 20.624583 15.335836 7.103814 10.820554 8.310655 12.054790 6.417088 6.796866 13.885116 15.013315 14.614244 19.882698 16.388307 8.794614 6.016058 6.013011 5.837914 3.141590 5.593194 5.494364 4.499067 3.787290 8.518613 14.182814 4.370392 6.016035 6.685955 2.276545 1.554003 2.386889 2.417895 2.584925 2.871633 4.114773
2.961792 1.836586 249.2407 0.000000 2.008082 4.253387 5.354658 3.617277 1.948888 2.474751 5.836406 3.440456 3.953881 7.077889 2.480292 5.443366 16.182744 9.214744 10.139219 4.730818 6.828642 14.613979 5.517183 3.712106 8.491987 1.378165 9.292773 13.911948 12.389060 8.898854 13.068368 4.638521 11.300413 6.023425 5.119844 10.263123 6.896165 1.490688 7.413589 15.284689 18.108600 10.447209 24.137673 29.173738 16.914272 17.935945 20.570778 26.532240 15.336878 60.887453 87.725087 59.549295 129.264731 214.227616 54.687516 103.233032 114.937742 51.540899 34.595922 19.754883 12.136882 9.416289 12.125985 13.526321 9.020550 19.308598 29.075647 35.965639 41.504451 20.306431 15.105796 13.995861 12.089192 8.338094 10.805700 8.085709 9.568043 14.407924 11.785062 9.730330 16.134027 16.097169 11.496989 6.113942 6.238352 8.191952 4.202751 6.700711 9.072530 10.163458 9.161995 11.966930 11.992463 5.744478 3.996547 3.055302 3.472858 2.623675 2.326969 3.129002 2.612073 2.841052 2.319433
3.009656 1.882886 249.8665 0.000000 5.006080 4.003616 4.330876 2.944243 4.195275 1.765103 4.658860 4.090058 2.036293 10.620968 3.634812 5.630741 20.025343 10.417979 12.218326 4.378128 4.109500 7.463275 1.430059 2.327707 7.618887 9.042915 12.279903 10.243266 13.364584 12.202651 19.077251 9.163564 8.449660 4.584508 3.713182 6.100221 5.403362 4.328873 9.197847 20.419604 32.329081 21.108255 16.836069 25.738756 7.765782 12.242559 18.316354 21.859172 26.475707 12.775526 57.554746 79.722847 107.293314 265.251118 98.617136 134.709490 74.027096 25.272501 21.292824 12.021605 9.755600 21.280896 18.906971 19.839054 15.549238 21.358100 27.044576 29.765119 51.212981 12.951642 7.852767 12.840176 11.308824 7.432611 11.261279 11.211651 14.889538 9.445347 14.287846 4.836843 18.503044 21.029728 6.583129 3.681133 6.562547 5.603698 2.491967 4.818294 8.520738 6.898433 12.741908 14.742849 10.610802 8.289571 4.680001 4.651715 3.509813 2.849650 2.079312 3.193425 1.905276 1.755443 4.732859
3.060764 1.827004 251.7880 0.000000 2.413036 4.840041 2.298178 8.156413 4.107304 5.792491 8.343857 1.049305 4.455145 8.096350 3.436714 5.933173 19.107183 10.687129 9.412341 5.036138 4.142843 6.961832 2.911723 4.799688 5.124026 6.614267 9.804335 7.269018 14.360829 10.647219 15.391434 11.573345 8.378664 6.993446 6.735241 6.160846 8.278368 3.285613 4.707156 11.357464 25.716683 24.502552 12.846722 20.347716 14.063960 14.015691 14.552739 14.564723 24.739087 12.910553 56.048925 64.316966 75.357427 229.327259 151.873291 170.074501 74.969156 20.716616 10.343924 2.307982 3.199060 9.198919 4.897686 4.757413 6.406481 14.289098 15.839508 9.997747 48.890367 20.636143 6.873497 3.818631 5.293741 12.919003 5.743740 6.992244 11.024469 5.031112 14.748502 9.308044 11.310507 20.637153 10.196675 5.268746 3.599268 4.041102 3.751978 2.628093 6.052244 3.609763 3.151601 13.957331 14.520051 9.585569 5.952263 6.073204 4.621546 2.930138 3.262297 3.480905 3.425695 4.840297 4.509092
3.109537 1.795212 249.0112 0.000000 3.268005 4.540870 3.457193 9.535635 4.544774 3.308227 6.368008 0.979452 2.415276 3.641134 10.457302 7.562215 9.866404 12.950147 8.800814 8.275468 5.245957 9.553453 6.688399 10.158195 7.234371 5.543648 15.128149 3.422972 11.749186 8.163335 20.300252 12.592277 12.067586 9.118975 11.642023 11.878594 5.464577 8.947164 8.882018 11.820243 29.527263 19.017723 9.691679 8.104774 16.514060 20.639733 19.355134 18.967595 29.342084 32.694235 56.294656 66.463737 140.672578 221.947899 160.278278 112.826656 41.991461 23.684343 3.996952 7.853166 10.097546 5.106364 4.554443 10.264390 12.265979 9.360673 23.057844 35.933457 30.035337 21.286089 11.402160 6.734007 3.394677 8.234877 11.880749 12.059455 13.634527 20.487645 18.223130 12.121858 18.790456 15.277704 8.123635 5.146276 6.878790 7.041757 6.764107 10.323383 9.302527 9.664192 10.645415 13.851432 6.190312 5.031410 9.377239 5.563628 3.082610 1.793897 1.789546 4.559388 6.831016 5.161231 6.727432
3.159751 1.861293 246.0798 0.000000 2.023880 1.467015 5.804494 6.572160 4.834647 3.106813 4.323858 2.117035 2.220585 4.089889 5.385742 6.331275 14.328709 16.901148 3.166306 4.056123 2.531302 3.631197 5.780211 7.647170 7.283925 10.512429 12.286894 10.875558 11.037401 14.907866 13.056353 9.444706 8.976633 5.660504 8.489115 5.163778 3.473237 3.560997 8.046169 25.017668 26.619822 21.095369 16.636456 21.837731 20.479788 31.473183 12.276819 33.513861 21.305696 55.672959 60.814637 80.013646 243.210588 169.199911 152.387555 68.738168 33.039279 32.948721 19.433521 29.422588 17.693705 8.540882 15.451718 9.799873 4.096897 10.492219 39.644272 20.857601 33.352083 10.849358 16.553692 13.312058 9.463127 8.156457 10.069365 7.627531 16.563356 22.482746 13.570477 19.854673 18.087087 10.177244 9.398965 4.866542 2.632780 5.509533 7.034562 6.751661 10.538094 8.441289 14.344826 10.133944 6.618383 10.102736 3.808444 1.429067 3.855504 4.486930 2.778485 9.667190 4.683693 5.866665 11.313556
3.209823 1.862416 250.9362 0.000000 9.144579 9.303772 12.679399 10.636087 5.765092 5.176192 7.361687 9.249482 9.962682 12.010084 5.472029 5.328123 12.055736 12.722445 7.031688 9.637802 7.205529 9.078818 12.306174 13.285827 8.941168 10.130543 15.022719 16.121852 8.810268 11.202209 14.796545 11.865589 8.832619 5.003342 7.518495 14.006739 15.749715 13.873660 15.187299 36.194782 26.464715 9.646480 8.649462 6.314296 19.533065 25.878212 12.578306 8.243259 24.652776 61.410982 83.089929 123.856448 129.217047 268.100676 111.122078 49.913890 42.404780 37.616914 26.762820 14.626501 19.883908 15.603851 19.935987 20.494296 22.721489 30.280854 50.121026 37.355103 16.462666 11.577557 6.423375 2.702178 4.939934 8.464249 6.358529 4.154277 13.291941 17.207379 4.741017 13.446260 16.303091 4.223451 3.500277 5.310886 3.607288 2.023868 4.084050 5.398890 3.907105 7.220353 17.177100 10.745327 3.776691 7.678707 3.593761 1.123718 2.216351 1.840051 2.918109 7.364585 6.506770 8.658046 7.169961
3.264318 1.966788 249.1824 0.000000 0.744813 1.529373 2.252583 2.405814 1.811087 2.902329 1.938466 3.974902 4.552356 5.324193 2.238190 8.844700 16.513011 13.321874 6.307687 5.044423 3.903369 3.699210 2.791046 4.679455 3.747615 3.398443 15.122399 10.661429 3.168939 18.346415 8.648550 3.895305 7.982883 6.194815 3.433478 6.348132 3.299672 12.293950 13.036251 29.161082 35.714249 9.914633 4.209805 21.288632 12.645115 10.631821 2.742822 6.977739 2.772825 8.877644 12.748114 12.550588 133.229319 282.554767 32.128725 13.572992 7.513486 9.479930 11.454406 9.147092 7.449970 9.352238 12.152976 11.162181 9.775992 25.955651 52.465020 33.055942 17.169506 7.303803 7.332489 2.709170 6.826976 7.991210 5.966032 5.983648 24.336843 3.964290 5.059149 28.697180 2.806673 3.802631 6.447021 3.639710 4.846949 5.411862 3.423602 7.879077 7.945949 14.637993 15.236184 4.040322 4.692386 7.847939 3.766403 3.297174 3.566908 3.078257 2.182729 2.043621 2.659562 4.098820 17.882669
3.315573 1.916880 247.6687 0.000000 4.795899 3.880636 1.323997 1.695353 2.076794 2.281444 1.755619 1.423604 4.777104 5.363017 4.163588 7.957009 16.487286 14.123021 7.152794 6.059714 6.043752 6.183940 4.530133 3.533707 5.105768 2.905753 13.432248 9.195775 4.941914 21.622287 6.608363 6.750347 5.385667 1.821259 8.243233 3.744081 4.915050 7.138021 14.313772 29.460731 30.503189 8.954426 14.612613 10.990578 6.715200 5.726440 4.098313 7.203895 10.493572 15.606789 22.253036 25.442151 237.029172 179.763180 46.069875 39.832482 23.967273 12.057935 11.232209 8.044001 12.302564 3.275354 0.309870 25.059776 15.060360 43.603112 53.073295 17.736159 8.491083 15.798412 12.394006 8.966313 7.804800 8.020068 6.925941 7.479103 14.231172 5.895281 12.133868 15.841032 7.733378 5.514736 3.935413 7.304841 7.576722 7.422190 6.494442 9.663055 14.697600 15.461910 4.776514 4.999989 10.469392 7.922329 7.460778 5.881468 4.301580 6.084182 3.683755 3.036327 5.042331 7.840163 20.317056
3.363781 1.864354 252.6253 0.000000 9.136295 4.635471 3.024296 2.958892 1.313342 1.608690 3.549126 4.817658 4.363806 2.342626 6.026359 5.942792 12.982967 14.307108 2.307119 7.861750 15.189065 9.497664 6.320824 8.014599 8.694534 10.036221 7.000952 13.845357 15.564284 15.693917 15.174259 8.673177 12.495952 8.908818 9.042982 9.279714 11.209009 15.169304 10.653909 17.459953 28.692376 18.207074 14.588988 14.518516 10.029726 9.028990 6.154646 12.247603 22.663836 22.152567 22.617560 29.392861 37.458158 224.348644 206.224443 96.093883 48.615886 19.517135 16.902835 9.661184 3.731154 9.558288 7.711754 12.230699 17.025366 14.785856 40.978746 37.657720 18.150314 13.263199 21.441969 6.615536 6.611826 20.251057 13.224001 9.203545 10.067307 10.348538 19.177380 10.164660 21.616152 8.750842 16.779255 11.300241 2.906538 9.672950 11.188270 10.181505 5.929487 8.967836 18.634788 9.758200 8.905714 11.655515 6.153362 1.452517 5.090336 5.790682 1.082425 2.798359 6.621069 6.612117 5.637217
3.415099 1.861334 257.1837 0.000000 11.981080 2.848038 5.767602 3.142657 3.065060 1.958263 6.505121 5.417228 6.797995 7.471772 3.058960 8.349786 11.715258 13.779820 11.248960 8.336217 11.972860 9.094307 4.397854 7.600209 4.634580 10.591590 3.156190 12.240893 12.240794 11.969756 22.021838 9.526581 6.937478 7.297131 4.451384 4.240327 3.897416 14.359362 10.946242 14.549295 33.081571 15.845099 16.802306 13.521297 12.138028 8.729070 8.997764 7.622365 10.757973 25.100637 23.426386 31.818505 16.463725 48.766985 253.725191 202.094682 76.391285 48.217848 23.073352 18.996060 8.581725 4.439115 11.514056 8.895016 15.321402 8.240544 13.223456 37.591229 33.214379 29.724249 13.042692 14.285480 13.154991 10.469902 14.107910 12.880357 7.108476 5.332929 9.862333 16.531352 9.198992 13.544379 17.049004 12.865181 10.746160 7.276623 4.126760 5.007648 8.062166 6.178773 3.372498 12.940075 13.421213 6.547316 8.260009 9.035624 7.078568 4.565038 6.150983 4.855385 2.721243 3.466550 4.434102
3.466112 1.788734 254.7960 0.000000 6.908300 6.917953 3.255367 2.614963 1.099977 2.062442 3.218057 4.999962 4.906283 2.553842 4.395994 8.801929 15.055418 9.799701 8.390208 10.927647 9.464678 11.957230 2.466214 7.216540 9.506211 7.304868 7.442043 14.891544 14.912875 9.144526 16.744494 8.032307 4.450331 7.202336 1.666376 1.224397 4.314295 7.677899 8.552859 8.320897 27.002761 19.516492 23.876227 15.784475 10.148593 7.236830 10.284860 9.814309 10.985484 26.797230 26.261347 18.124686 24.285609 115.429093 281.033275 117.748507 60.067080 41.766954 15.455431 25.606699 9.851403 12.729852 14.294462 9.096143 14.669791 11.369131 30.207648 45.334630 21.639488 18.863079 12.742021 11.135834 10.871117 11.292056 14.541722 10.008757 6.085905 8.386967 14.723367 14.589655 7.631598 15.927692 10.427386 9.890079 5.117231 4.613110 5.772828 7.002529 6.853119 3.053881 9.626856 14.976701 9.329276 10.238971 10.779176 4.211413 2.510664 4.994333 4.242900 2.444489 4.325380 5.723593 8.256792
3.513255 1.836107 260.6862 0.000000 6.923930 9.229680 6.139601 3.386962 2.557622 3.499075 4.213667 3.652938 3.730723 3.733693 4.857352 9.006841 12.795266 10.601587 8.470933 10.781291 9.075247 9.828981 6.559027 4.308996 7.822825 7.036514 3.892623 11.151865 14.300761 7.358208 10.964691 12.028647 3.987379 7.134204 9.471216 5.562318 7.157780 10.601409 11.227276 6.877592 12.468455 26.842443 21.280049 23.960728 21.157275 15.116470 9.614435 4.864682 15.791217 12.187743 18.920260 14.630242 8.331361 18.204389 79.819412 325.306827 121.676134 64.496496 47.999760 26.981559 38.171915 6.319609 15.489553 16.849918 11.775033 18.086407 12.571287 15.480917 48.398220 27.902442 23.096021 18.126436 14.864579 12.296599 8.449408 12.162647 11.986983 9.728210 5.260481 6.384096 17.297452 13.496832 12.135850 15.015172 10.776532 9.288383 6.004623 5.950107 6.526420 7.423062 6.760358 3.120206 8.157935 13.975557 8.167538 12.020327 8.370152 3.775320 4.351879 2.372993 3.299436 5.055338 3.498209
3.563316 1.867959 257.8149 0.000000 5.694069 8.032564 4.264974 1.630941 5.786087 6.203805 1.820522 3.569055 5.901500 4.340906 5.441475 10.549082 16.631907 11.602278 11.326501 6.560246 8.385642 4.131901 5.798887 6.431888 7.785357 10.479885 7.767072 14.561959 11.501342 7.228952 9.653791 13.548118 16.587074 11.856129 3.738605 11.196343 12.013980 6.436374 4.963232 8.868781 25.412053 28.478382 21.939056 22.410134 17.911426 14.041980 9.189662 11.273560 22.120789 23.703192 17.331879 23.798660 61.816804 83.091330 213.643397 216.193603 105.864297 61.779976 32.349850 23.965160 31.823678 18.226122 15.306817 18.954457 13.971138 16.421504 33.286831 40.055807 21.150404 24.131974 29.571672 14.254439 11.789424 8.939793 7.630087 7.622619 4.443442 2.361279 7.814056 15.768650 11.298853 11.987378 17.581021 13.053946 8.110015 5.982292 6.221549 7.015445 7.101577 4.501603 3.865557 10.542925 16.542126 9.702882 9.864384 9.997393 4.267446 5.526780 2.210238 4.580622 8.481077 6.537148 5.378268
3.610126 1.829033 258.4257 0.000000 3.152829 2.664941 7.029225 1.015190 4.225898 3.741183 2.276020 3.777407 4.419212 3.447651 7.359235 6.439956 3.054603 17.885541 10.020723 7.820173 6.793938 6.768352 9.098462 7.711350 11.298852 7.158062 8.172934 12.085269 10.388136 9.576005 3.813593 16.348880 14.853005 14.093865 9.270816 10.767454 6.495622 7.745171 7.843021 7.618291 23.059364 24.402895 19.090217 16.298248 12.509352 11.506153 11.644742 13.226646 18.042136 22.815153 23.980190 43.609979 58.284045 69.621032 164.954299 235.612168 149.877835 49.032062 21.490845 18.212549 22.595473 24.060439 21.418157 21.849725 15.597683 12.923955 23.221146 34.309631 37.707628 45.780962 32.610108 15.246857 15.263224 19.057652 13.458351 13.908461 6.996345 7.993677 10.088635 9.264516 7.229792 15.231948 13.611424 14.010905 15.133405 6.763334 8.748835 6.769698 11.761870 12.836348 9.562356 6.216956 13.265151 14.024021 5.535224 10.281403 5.110246 5.372247 7.754116 2.443509 9.392390 2.635997 7.825937
3.668257 1.855184 252.7951 0.000000 3.223573 2.432584 4.359093 6.082008 7.699445 1.528379 4.107435 5.859052 6.891763 4.356751 5.567464 5.825763 12.150925 17.459108 12.714979 8.387755 3.408750 2.927101 1.760136 5.541304 4.498387 8.079937 10.540120 6.725069 9.985328 4.763051 17.397073 17.064359 17.805899 11.205567 16.619633 8.328483 9.593947 11.262942 12.046739 32.763517 16.014270 9.092498 16.187430 15.086959 11.716275 20.097355 18.490100 14.236009 27.056833 64.701900 69.711555 67.889008 164.046618 232.868973 130.764403 52.673366 34.783189 23.494859 20.381351 19.318485 16.429738 15.170437 17.902153 11.081410 24.095749 23.306400 21.271610 67.475245 29.196955 6.343702 15.474269 9.814647 10.013292 4.450401 11.893465 8.981478 5.389307 7.166166 4.718945 9.410715 12.436689 12.835684 14.620142 16.363782 15.515291 11.013583 7.500883 10.491330 12.704896 15.447840 6.575561 4.214998 3.637100 6.008745 4.749521 2.827295 7.647437 7.253178 8.902622 10.224398 10.579432 5.081968 9.576765
3.709987 1.847387 248.2547 0.000000 2.648159 2.167663 2.336102 6.268027 5.825207 2.284452 1.709146 2.817026 5.264852 4.210556 3.075374 6.903643 15.127619 16.566296 10.641358 4.788541 6.829250 4.028929 3.850329 10.423117 1.810909 8.965531 13.474818 8.564649 11.557123 11.963848 9.206564 14.073462 10.285567 11.884009 8.370868 8.429881 20.751183 14.725902 31.975911 13.803017 16.274201 7.813872 7.877817 11.911427 9.051791 12.820689 16.591128 15.767938 47.477867 73.171874 56.297491 113.088884 227.329054 179.783538 70.508662 34.585479 27.927477 33.701722 19.890752 14.058756 26.178998 24.734367 33.294658 22.426077 29.199423 11.550186 43.154354 14.747666 7.088987 7.239561 9.164946 7.662317 8.988854 7.331877 11.299693 13.588731 11.981153 7.937754 9.964241 14.998640 14.382610 11.081280 4.555473 16.295483 3.964673 4.104271 7.174130 8.268636 16.621446 11.579829 6.867369 4.381445 3.702028 4.982020 7.614845 5.501657 2.565373 6.656120 11.649040 10.804140 4.798207 21.556625 3.700656
3.769041 1.812062 258.4910 0.000000 1.410543 3.370673 3.522372 5.717445 3.266584 3.536589 3.701995 2.399922 1.925435 1.488732 9.185700 7.001935 9.746412 20.408081 9.437974 11.715717 3.706958 4.159049 1.081374 3.453123 7.412701 4.192156 8.215941 13.261548 10.723341 5.064119 11.670860 12.154791 16.482410 13.015062 6.840077 6.964139 13.595400 9.417014 15.767588 21.671854 21.271199 24.076990 17.620715 15.584110 17.325892 4.481209 3.925344 8.287755 13.456977 23.202205 46.148963 52.625130 61.968677 111.569098 213.950943 193.204547 59.953455 38.109857 30.822429 20.105540 14.916945 16.340520 24.432073 22.731839 12.826073 9.902570 15.431369 14.027536 39.420711 40.236497 15.248584 11.691876 8.648038 8.196222 6.203746 10.126399 8.748125 9.063477 11.152012 9.607142 7.168208 8.939080 13.324717 11.007493 12.153673 9.202444 9.586205 11.520293 9.188036 8.171709 3.426961 9.465809 10.283513 11.533224 5.783817 8.550624 4.356091 4.766627 4.606726 5.251577 4.673409 11.405336 6.872564
3.819621 1.819486 248.2720 0.000000 5.323570 3.912564 4.674825 3.142181 2.933022 2.798874 2.302059 2.436297 5.207641 5.347988 6.273046 4.352450 14.885807 9.065140 9.245898 4.550548 5.068829 4.213331 5.940113 5.576646 5.925786 2.139922 16.001723 9.151164 11.369748 12.108347 18.213026 1.390080 1.363222 3.148041 11.755348 10.884671 10.471354 13.946286 12.663201 31.665687 8.123498 10.672824 5.017966 14.170254 9.388004 6.627910 10.167351 23.982237 48.448350 31.181250 35.461426 60.518322 204.855323 192.003971 44.568621 32.299626 30.461314 20.354336 11.416429 9.994879 28.478704 18.261460 16.338267 4.431252 22.882436 22.011600 45.408124 15.582871 7.937465 6.279880 10.642823 11.215725 5.841393 8.812382 9.510610 11.162973 8.320857 7.928190 5.933671 16.969351 9.040462 5.926567 8.906359 5.267841 9.961863 1.866088 2.279997 3.428105 13.119678 14.956663 4.943305 6.406971 8.051492 6.560452 6.450128 4.521033 6.820891 10.940327 7.690256 5.833694 4.051871 5.771982 14.586723
3.868796 1.819829 257.9675 0.000000 3.784603 4.607344 5.095984 1.983801 3.169308 4.409541 1.904373 1.114010 4.685768 4.175001 3.450816 5.672873 5.538782 21.333985 3.914071 8.545303 3.415627 2.886680 4.540749 7.611556 6.161018 4.855901 11.072029 16.286340 5.862974 11.107552 14.984127 20.460360 7.199504 5.306664 3.395912 7.876449 11.183441 3.760544 10.875938 11.909671 21.486068 26.505078 8.302679 10.123524 10.095027 9.534578 7.930026 9.662634 17.805334 39.863110 37.015320 22.492551 27.886771 45.311202 220.600826 177.905826 28.573514 10.285786 10.224566 9.613851 8.209811 7.030670 17.391412 20.640310 19.692869 14.631616 9.797079 13.997103 47.215858 22.934946 14.062613 8.603040 7.620894 15.379562 9.550139 9.291559 11.144393 6.886616 12.895296 7.788900 9.105765 10.564082 17.008778 7.160134 9.804868 3.978250 2.847881 6.668060 3.036174 2.135940 1.281364 7.594242 23.632367 8.658475 5.144170 13.516769 1.054039 2.515059 3.857141 1.913423 10.328301 10.938541 5.476223
3.919781 1.824376 259.2601 0.000000 1.630453 3.039372 2.243024 3.657020 1.651091 5.542219 0.578861 2.780658 2.004188 3.935215 6.315869 8.957221 13.521744 15.585433 4.032341 9.691831 6.818039 5.180128 5.918536 7.395065 6.004932 6.384659 4.828874 12.801555 13.289814 10.271090 25.897705 12.020764 10.708621 6.547441 6.922653 7.168130 20.290608 12.649117 14.377757 6.903426 12.205000 28.756249 15.490335 14.789918 22.703081 10.328577 9.844310 11.583767 27.495813 46.685150 25.905783 20.165175 16.460115 32.447022 134.554075 258.027875 30.654339 17.104490 12.095423 10.329558 7.500608 6.014765 8.787118 16.988433 8.681649 9.353971 14.060753 25.165847 41.425199 31.085032 14.136961 14.511019 9.893333 12.138573 11.652073 11.922438 12.109575 12.128158 9.237780 7.443042 3.468604 9.883226 16.302586 10.186931 8.295039 8.214999 5.964577 6.448577 5.760815 4.144227 4.476430 6.221155 15.207292 14.194937 5.154667 9.878164 7.536054 3.079294 4.836637 6.795332 11.770528 10.898643 4.039427
3.969987 1.829091 258.2902 0.000000 1.266129 1.180741 2.389864 5.667326 2.854186 4.831458 2.705948 3.711317 3.739952 9.207580 9.591832 7.978094 18.352186 4.710336 12.373877 2.516186 4.480367 1.416290 2.846159 5.573487 6.599997 6.659910 10.924282 16.819948 7.885185 12.941630 22.175307 17.579248 11.068258 4.376432 11.277262 12.423356 13.411036 8.915578 17.364995 8.033316 13.715838 22.870176 28.578427 18.555348 18.403801 11.182584 10.413746 14.717713 36.974397 45.092611 26.861074 18.728759 13.759969 40.702715 201.277867 206.830362 46.307099 19.230614 17.846890 16.573126 13.138392 16.140966 16.793916 17.359532 20.123808 21.428599 11.722652 32.776646 30.907046 20.563909 11.341696 7.766068 11.313265 10.922170 4.354649 3.612324 11.417149 11.701507 10.978878 9.911480 4.354136 13.075540 14.691768 8.162178 6.214522 9.255350 3.862710 3.586950 5.310549 10.253070 6.671517 7.194965 12.080737 21.683098 14.401399 9.625227 4.339738 5.658386 3.430342 8.001848 15.873630 7.134554 2.836527
4.019565 1.817760 259.2465 0.000000 6.008859 6.286262 2.658195 4.184725 4.732629 7.770836 1.570613 4.746083 6.046406 6.977083 8.042914 3.386379 23.116746 7.278831 13.332142 3.319437 6.931373 6.042166 5.737840 6.263145 6.345965 14.180513 8.014973 12.940210 3.858794 15.767924 16.821691 15.277960 4.206501 13.251244 4.124312 10.301949 21.779246 9.118536 22.514647 6.234166 20.216858 12.625747 21.199246 15.301323 14.099173 13.213904 21.407876 13.328478 31.521178 56.887047 23.557479 24.461030 32.738832 57.309259 142.547529 253.886226 99.640936 45.702932 28.606250 23.821946 20.806925 15.619490 18.159450 19.066731 24.219649 19.399007 18.560445 37.609580 40.654198 5.871857 7.896978 6.729717 7.886237 7.942444 7.768919 2.731761 7.424930 14.849172 12.861224 9.116975 8.367784 10.444859 9.563594 6.308025 5.005219 7.771568 10.014439 12.612775 7.640728 8.012791 9.521026 8.693467 7.575890 9.557836 12.902607 7.777877 4.997577 4.606696 5.183332 2.937850 11.872754 10.426636 2.357914
4.069491 1.831430 258.1651 0.000000 4.075556 2.812764 6.531741 4.652740 3.402490 2.487193 6.037904 4.737595 5.365794 11.982303 3.646422 6.373259 14.545310 10.935473 10.124134 12.475732 8.768885 6.070956 9.627207 7.529091 9.876306 9.132290 13.949893 12.631998 10.217483 19.625807 12.030437 10.946693 6.122979 8.313235 11.932419 17.862513 16.927901 13.465233 23.860208 10.502503 11.675638 9.037757 12.757617 13.954177 14.992071 15.983963 16.103342 33.259174 46.225245 30.079466 21.818931 34.585322 37.416643 63.064345 209.434721 211.657488 64.389983 27.921111 26.190940 14.606885 16.042492 13.376399 13.928106 23.546283 26.349587 15.397275 8.784678 24.312238 35.471946 29.844997 26.721957 16.524043 9.930782 5.081067 6.299219 11.571408 7.414687 19.336216 17.172747 6.323293 4.841402 5.967065 4.555215 7.451333 4.014746 12.754982 15.446132 8.720051 6.574897 15.468551 4.841598 8.251728 6.615866 12.053918 12.478322 3.517821 4.135105 3.310011 7.863899 8.183291 17.621302 5.350445 3.793966
4.119736 1.831167 258.2387 0.000000 0.362141 3.718704 4.586635 3.154687 2.101335 4.433676 3.588801 8.570192 4.433996 4.958040 4.388346 11.768365 11.568742 5.576013 4.875483 12.875765 4.279598 14.634883 11.123313 5.412402 12.107045 10.881694 7.224658 6.223036 6.060185 12.044965 10.169604 14.242738 6.031259 8.174176 11.873627 17.233960 21.207219 14.311177 18.045083 16.599249 19.024220 18.778598 16.268565 6.709336 6.521511 6.944584 11.370917 41.622705 46.438392 21.937664 22.885625 28.752355 59.676001 63.725197 171.578427 215.811991 116.387872 66.089637 22.940284 10.837094 16.849271 16.605269 15.635814 23.116361 23.512248 18.036627 28.807352 18.189953 35.450557 25.756656 29.573767 18.333138 17.236316 14.042901 4.401882 14.297487 15.122996 10.130244 3.011521 5.243187 5.458004 13.785045 11.697146 11.208596 8.844092 12.874800 16.823084 9.847926 4.525933 8.524392 10.362599 14.826630 15.245086 7.548183 9.559470 7.297223 8.047379 5.304584 4.460250 19.502813 7.985247 9.557700 7.870592
4.170779 1.838413 258.7932 0.000000 2.026390 1.031164 3.579581 0.657793 2.870435 2.324401 2.207845 9.083472 3.841355 1.255694 10.410452 8.140387 9.427671 7.626505 7.012424 10.629120 5.463029 8.274016 4.709403 10.054024 14.237940 6.715763 3.656775 8.071979 10.826490 6.015277 14.752327 11.575299 5.831483 7.810237 12.058765 18.889148 27.354424 18.793274 22.476055 17.687437 20.271721 12.297046 17.758757 10.962740 7.584380 20.544164 25.947405 44.360615 50.721521 31.765659 24.678634 26.690454 44.114499 56.949234 149.998511 223.963161 168.023885 75.468308 42.702016 26.659066 24.323348 21.625768 18.648310 22.857480 26.678464 12.828262 23.100563 36.296208 29.250772 25.409001 32.893697 23.094591 11.219095 9.417598 9.609953 11.899607 10.647466 12.111116 12.354157 8.175213 11.892463 10.618658 13.023372 17.239544 7.192499 7.894532 21.579006 17.587500 7.025017 10.072605 12.601422 13.757507 10.717822 6.175352 5.148825 6.402669 8.947191 4.884027 7.263300 21.508986 9.569805 5.596848 5.723497
4.220299 1.853015 259.8003 0.000000 6.103444 6.735158 2.775302 4.339703 6.207590 3.918706 5.644374 9.330130 2.516279 6.019684 13.318705 7.965532 4.844835 2.794252 5.430394 5.783808 4.237641 7.964812 7.251203 6.003530 5.487668 8.601671 4.739459 5.660874 10.811650 16.355662 14.526891 6.725695 5.279865 11.928566 7.918917 19.073245 13.379741 14.384721 15.242673 20.001535 3.999277 7.099574 17.160015 11.722276 25.046760 27.309314 59.251145 42.580290 16.682920 6.198956 12.914661 50.570593 38.318594 51.586311 145.216059 275.087808 65.620042 43.046373 36.379952 29.498118 25.316784 14.414712 28.759174 43.545859 22.565728 22.863034 39.346592 28.507899 15.266754 18.456839 18.729704 10.467014 6.723603 13.971340 8.547237 2.032623 6.611509 10.413083 6.828506 16.419225 9.240260 8.004982 14.725661 5.798766 1.770248 13.414822 6.907201 13.720229 2.051230 9.892671 12.499566 13.124718 3.271414 3.601852 4.724534 4.691722 8.269600 7.173247 18.247845 0.973153 3.079708 5.033612 5.067511
4.269796 1.851729 265.8974 0.000000 3.337404 3.545532 1.810638 2.903833 5.995287 2.654409 2.329316 4.219130 11.574879 12.281982 11.205812 11.889624 3.748793 2.278088 4.901786 5.425609 3.672945 6.574791 5.644198 15.631213 10.969062 0.847828 13.607095 5.285660 5.142763 8.452750 8.869305 13.918869 4.121383 13.895184 3.655351 19.463288 26.436785 17.495239 5.746234 8.178406 12.579986 11.187991 15.037764 11.686094 21.535849 13.621368 28.218572 85.264798 23.509593 4.585998 5.045377 14.392725 20.004036 9.471602 9.726375 53.617059 346.322040 59.501722 3.187406 7.012842 7.062222 13.897161 8.071951 8.110390 19.539427 29.594414 42.745435 57.488441 34.063005 6.324934 3.010139 14.897914 15.797271 4.285615 3.971919 12.503403 7.399725 11.538462 4.635044 16.429787 5.647266 13.930446 1.780727 8.838886 13.516897 6.712816 12.813157 3.088726 14.067304 13.138903 9.865233 6.071270 8.663242 10.184019 1.943339 4.711674 5.271710 7.662293 5.711550 5.178472 23.430977 2.165675 5.479794
4.323101 1.837702 260.3751 0.000000 5.702797 1.667486 1.469412 2.681212 6.920777 2.873210 2.510741 5.718878 9.146708 12.511936 10.654999 8.630217 4.518515 5.295794 5.722160 4.900507 5.275032 6.884320 11.412488 11.644752 8.884136 8.117792 7.869076 4.210219 9.085804 9.608275 9.401971 6.136555 8.382452 7.791672 15.408982 26.237728 19.523858 10.477046 7.062713 8.483374 9.026930 12.707062 5.969732 7.297038 9.264407 35.883250 71.096720 30.502856 12.788951 13.327865 8.544857 8.892671 17.598865 30.388510 72.136254 324.025225 59.032204 25.736999 15.798490 11.372353 17.095747 18.472688 16.285322 15.364302 29.916814 50.102469 41.361655 18.591258 9.906288 10.424479 10.742845 8.460482 4.646795 11.487305 9.275849 8.499747 10.323387 12.388748 10.245459 11.461866 11.638181 9.032273 10.862285 6.977234 10.870335 5.582206 12.460830 15.891212 9.758040 6.090798 5.843801 6.477578 6.020134 6.130412 1.191510 5.495728 4.467293 7.545407 20.977995 4.756385 2.671053 1.921387 4.524043
4.369481 1.841265 263.9990 0.000000 3.985011 2.690230 4.612236 4.127870 8.043340 1.438327 7.284675 10.830260 6.758569 11.251901 8.654096 2.806273 6.530072 8.838049 6.792033 4.733353 4.605870 6.641282 10.088344 11.949852 14.376767 12.197243 7.160724 2.299675 1.434005 3.501999 6.053201 8.408659 2.794812 6.924633 16.130261 16.475030 20.476031 18.309325 13.384873 4.746174 7.134693 10.961943 14.641498 7.826067 9.242173 23.122796 57.731797 39.927575 21.365366 11.820371 9.982826 9.674535 19.356488 21.768196 28.426041 156.584804 244.941292 40.845317 26.044285 26.653260 11.836242 2.655138 8.091081 15.308790 21.344004 32.068244 43.025734 29.544144 12.535080 21.141215 15.484148 9.080761 7.107311 6.940076 12.326122 13.134838 19.951095 21.807746 11.683351 3.251835 5.591099 6.473329 4.666593 5.469809 3.872319 5.626955 9.276557 9.447650 11.416342 13.617574 13.975411 7.566896 3.328435 5.342230 6.995687 6.706450 4.897122 1.990956 10.851527 13.224070 7.885019 4.999813 5.813193
4.424221 1.826043 264.0022 0.000000 0.837056 4.704534 1.852067 6.257621 4.685231 4.706423 7.800180 8.001560 6.932485 3.164202 10.876549 6.424875 6.333113 4.077512 8.252370 2.255540 4.309302 6.974490 8.785358 7.798886 11.458168 12.784905 8.643632 5.856149 5.697214 5.588194 7.759481 4.034469 7.552582 9.210125 15.588842 14.177078 12.728678 17.309927 7.646157 11.270524 6.513876 14.248068 6.196082 8.067358 2.877602 16.157081 47.633349 28.085646 20.590660 14.073041 12.313935 16.650155 18.198313 24.503154 34.451126 141.806566 239.909219 38.384056 38.673830 23.990814 20.822364 12.751019 14.996225 20.470610 18.881549 18.958824 30.236696 35.785589 17.631477 8.765337 11.492242 12.195211 8.124675 6.765595 10.809502 11.361011 17.314467 25.483178 15.032395 5.779118 4.089850 6.928307 6.951824 3.430153 2.638717 3.847983 4.711956 9.990898 8.791681 12.655020 10.611120 6.947885 4.934753 7.201473 3.944489 2.993260 2.368512 1.725284 9.506947 9.858586 6.759240 3.608791 1.498910
4.469927 1.796518 263.6454 0.000000 3.808481 1.964944 0.868481 6.310853 4.050008 5.456575 6.391565 8.290892 4.530046 4.070383 7.506807 3.264160 7.593993 5.734982 7.404794 2.959201 7.093396 4.337246 7.142462 9.250187 14.416496 7.303902 4.336769 2.718564 3.650548 3.167041 5.771432 3.490835 5.586561 6.331550 15.874460 20.909721 24.212275 23.031445 13.144436 12.118029 13.401796 18.879368 14.511928 22.488991 35.407786 30.856293 17.000304 17.278449 5.222923 6.766505 12.945459 13.621273 12.813874 26.813031 46.854453 163.115364 200.617752 36.545461 41.869073 19.319999 16.862504 2.684697 9.541173 14.234023 10.513106 12.877023 26.294377 17.434645 12.663010 12.926888 11.953208 8.673488 9.945006 9.308528 12.814554 8.800007 22.271459 24.870359 11.899522 7.269365 4.345090 4.733609 6.176059 4.076246 3.812134 4.937099 8.033481 9.690248 10.891996 17.154907 14.552026 7.277716 3.990516 6.888562 7.927763 7.264960 10.364231 9.985156 4.633059 1.897106 1.693178 3.826314 3.963506
4.523230 1.807674 265.4553 0.000000 3.711442 2.892688 1.899737 4.473940 3.721960 6.943638 5.484804 7.303009 4.575040 3.054761 8.687405 1.968452 9.875718 7.307462 7.646240 3.716304 8.028435 5.523572 8.872598 6.414204 14.637718 5.135818 5.153636 2.716797 6.334198 3.200395 3.329411 6.828190 13.769318 12.386857 17.411790 13.973111 13.983006 20.935048 7.884530 9.587035 7.043980 14.862995 7.409785 7.932298 30.678907 50.494464 5.013571 16.690111 4.766866 4.726665 15.040163 13.147661 25.234559 19.041188 43.491556 40.701192 326.795045 7.602950 60.716285 15.423917 29.552641 10.275660 15.490686 7.969599 10.439961 4.549155 19.758874 30.466017 2.943235 22.911085 12.450314 18.607063 8.839469 13.611980 9.094632 22.136154 6.476092 31.464835 17.937606 5.617152 3.256720 6.987216 8.554624 5.370738 2.658256 9.728153 12.366740 13.747815 4.740679 10.805812 12.669216 6.358591 4.674775 3.738212 5.136483 4.812931 2.961181 10.092746 10.948550 1.731138 4.526016 2.638023 3.757970
4.569880 1.799652 261.7971 0.000000 3.521031 4.414159 4.566738 1.957532 3.098596 5.571505 4.681655 7.756746 5.738331 3.860404 3.392173 8.665840 6.926503 5.490611 7.939496 5.865156 5.493543 6.189528 9.396503 7.769817 12.284869 7.909149 7.365025 7.343986 3.303764 4.405343 4.650286 9.806527 16.568858 17.716337 21.143913 20.232932 17.712491 14.721905 7.548106 9.894422 7.837539 7.728003 20.038983 38.727176 45.679527 29.028375 16.047448 10.537505 10.235688 10.227679 14.651150 30.635766 20.807022 30.219170 53.395228 277.336193 120.559502 19.908477 32.573563 39.129225 17.670480 9.149773 10.768685 27.604540 15.908516 15.463257 17.908146 16.354816 32.327663 5.876137 14.102623 9.436384 18.128785 15.629365 12.124869 16.713729 30.084788 13.561515 11.374336 7.352414 11.107597 7.442470 6.400180 4.825589 13.985197 14.154522 10.995349 9.631186 9.554164 14.934129 2.495930 2.498212 2.842797 2.795880 3.766309 7.905320 12.132541 11.019960 5.843121 5.260464 2.088354 4.176726 5.046167
4.623254 1.803510 264.2033 0.000000 1.088578 2.218183 2.633641 3.848048 0.805072 2.459058 4.760861 8.167248 7.544687 10.283219 6.136596 6.261730 10.468905 7.808924 5.121446 4.315107 7.609448 3.781504 5.585664 10.343720 12.908230 18.059622 7.717248 2.213314 4.574213 2.871419 9.211727 11.084009 12.749381 29.434535 29.353393 16.400429 13.145957 14.954072 3.457378 6.264052 9.380636 12.612765 21.454340 29.147646 50.820215 25.381013 13.218941 19.461767 5.640070 13.285247 20.932164 26.029454 49.847694 44.160430 51.081627 139.472972 244.804931 124.197779 59.209753 29.603875 19.835963 14.542116 21.027711 26.524507 29.109048 17.046702 14.672810 15.215920 24.124102 17.513764 9.366880 8.867598 14.353188 18.221973 13.815522 16.021305 13.738879 14.280511 11.639266 10.445460 7.166567 7.896494 9.091919 11.041192 6.335976 15.414271 20.885593 13.538101 7.395037 7.242545 11.740374 10.551856 9.694176 9.922004 10.221776 7.013247 5.942846 12.444752 8.916248 4.599116 5.529833 5.802921 6.677448
4.671741 1.816446 264.0786 0.000000 3.377730 2.093767 0.548781 2.319228 1.576300 3.253910 10.152076 4.346170 6.722971 3.268319 2.545134 9.130836 10.968689 8.722313 2.741515 4.959279 7.381095 5.836564 7.609337 5.387376 10.823800 7.873137 10.971578 9.952439 13.434285 7.621056 12.298225 17.369165 14.610094 15.586896 12.110957 10.578374 17.070398 12.721646 4.252976 6.813829 6.706672 9.721108 24.843920 33.049433 56.018260 28.598315 18.427429 21.520571 14.895925 17.866948 19.517840 22.749774 32.550085 20.077152 55.986321 168.704762 245.006416 99.167080 26.152942 34.426221 25.601507 21.422706 25.558860 27.529563 24.548826 11.951622 12.216965 21.257851 24.627852 23.522128 9.017026 10.544753 24.327063 18.967083 10.317390 9.505907 8.469227 12.192313 15.953874 11.645473 13.714509 21.019993 13.499215 9.122334 8.842325 11.752900 10.989068 8.272299 9.989400 10.859896 8.538060 5.192791 5.722285 6.154978 11.632719 16.616671 18.071971 13.000159 8.654028 5.812357 5.874431 6.721327 8.020021
4.723206 1.811265 269.0900 0.000000 1.631315 3.320513 2.388131 3.191447 5.414776 5.442522 6.054920 6.964972 6.175197 4.246070 4.141262 4.633609 6.556985 8.315689 6.899157 10.010995 6.851354 4.952355 5.463572 4.795843 7.373972 3.328656 7.710374 14.257115 15.377220 11.782471 15.947451 18.073626 11.301061 15.072847 21.254432 14.182686 13.184026 19.551678 14.660820 11.772630 11.549606 9.425369 25.149925 38.202199 41.294596 35.900092 19.454276 18.943657 18.268497 12.969047 15.469889 13.759625 23.934992 26.581129 16.469204 38.003700 158.795184 241.606460 66.608920 46.018271 36.654024 35.901348 23.949780 24.327243 33.869398 26.914071 13.060967 18.871856 27.611758 9.235010 16.700989 7.832799 17.738017 30.442657 12.346438 6.091832 4.072611 3.267745 9.528423 10.461543 11.370632 9.338553 18.726544 25.386051 16.514398 18.743301 15.735288 10.469290 9.333565 4.915859 4.274853 8.634927 4.835533 7.785089 8.531854 10.757347 17.666090 13.518884 6.540460 10.273923 12.345070 5.947446 6.766222
4.769951 1.821858 266.9017 0.000000 2.949911 4.110357 10.483864 8.754988 3.004911 5.959224 11.420993 11.650370 4.626290 2.777974 8.649524 7.137387 12.440273 3.940221 12.707453 11.749077 7.033596 10.644659 9.248816 1.889610 6.041480 8.765838 8.249740 15.292327 11.119454 19.120772 19.736939 18.220191 13.014013 8.299958 3.102325 12.133759 13.779103 18.012220 10.539287 7.939238 19.965776 7.824730 14.620784 60.242289 35.538403 24.718272 17.071741 6.308995 14.159676 30.683141 30.168792 19.630765 31.832815 15.270213 18.335000 38.404570 265.812687 101.603758 48.843832 35.907774 56.723930 44.291168 53.220985 37.044327 27.423009 18.397473 15.923262 17.010400 16.745749 10.086445 10.571478 26.640433 27.445674 17.191647 7.327395 7.602579 7.851367 9.485464 11.940360 13.243579 13.535283 17.356917 24.929831 23.471861 15.755315 13.128348 6.197825 4.140588 8.400569 8.449540 7.434435 5.400705 6.647469 8.298579 10.430390 12.684599 19.371516 16.584108 8.163913 3.494788 5.852602 4.540137 5.456024
4.819599 1.813309 269.1363 0.000000 5.404780 2.640390 5.495591 8.999404 2.270352 2.736547 5.348041 6.854404 8.518363 5.900120 14.846780 4.256602 7.306866 5.733083 14.833996 9.625623 5.781342 14.035166 9.197188 2.956600 7.549970 13.614777 9.149618 21.280157 14.272806 23.922979 10.006680 10.182397 17.265450 17.358334 22.764916 13.352479 13.589457 13.166411 6.068892 12.346819 29.871249 19.157682 33.834045 47.935724 21.450514 21.256237 9.647012 14.644879 16.523612 20.907360 16.726860 27.325614 27.351552 22.593351 62.508418 146.976820 199.697069 176.202813 110.693073 59.781076 30.903154 29.580689 25.968649 20.732357 25.163196 26.208801 20.907470 28.674006 26.206347 16.807948 17.926723 22.343861 21.657663 10.926824 7.201139 7.423006 13.482282 17.000840 12.987131 7.121158 8.287558 15.432749 25.251206 17.390771 8.903398 9.272064 4.582033 6.960728 9.888841 9.145685 11.670384 9.842220 11.361117 16.766002 17.400496 17.385950 17.480724 7.311385 4.890040 10.532658 5.568999 1.832529 5.014708
4.869695 1.813461 265.0309 0.000000 4.942453 5.733754 3.700957 12.896506 4.096211 5.812907 5.702327 9.694629 8.414063 9.811524 10.984299 6.203881 5.612157 8.266035 14.707250 5.176229 12.172865 9.771376 7.641548 8.190356 8.646766 11.395655 11.328218 9.982193 14.783360 13.113301 12.021578 13.587316 9.270958 19.582715 14.799499 8.906102 8.642899 13.814971 5.300864 8.038712 22.176858 39.369999 59.103498 21.915003 4.214852 16.034756 3.047629 9.733701 8.259716 18.253933 10.784080 5.754797 14.670588 27.517618 65.409675 119.069438 283.563888 95.112732 24.004694 27.914700 23.871525 22.529465 14.586010 21.742844 28.074693 33.229271 17.395820 12.410848 9.205983 18.404363 24.668952 21.423959 9.887560 5.142343 3.330591 5.978155 14.064843 13.183231 7.302373 8.512496 9.912737 19.317931 13.677135 5.257880 6.655572 9.791296 7.817353 7.587588 4.741298 6.421536 8.326477 7.274892 10.505729 2.739945 5.567166 26.443191 9.779461 3.295773 9.160645 5.024950 7.358799 6.314645 5.311231
4.923221 1.818185 264.3492 0.000000 2.281465 4.238381 3.941943 11.391257 1.439438 3.015878 8.408011 8.485342 9.193187 5.873136 12.907567 7.354817 9.439350 12.092895 17.022577 7.617957 5.555760 6.691233 8.894507 7.238215 6.391728 12.557246 10.511184 5.659043 8.665268 14.019718 16.773701 18.534039 9.750612 28.430221 20.353833 8.134165 9.464389 17.668662 11.028280 22.431339 19.223362 56.617220 55.533442 19.710322 12.376653 17.151341 4.118919 18.243830 20.384895 16.112777 22.193585 19.459367 37.265648 34.596324 55.715471 127.894075 233.689921 156.509801 69.061655 30.106039 29.420460 25.318797 29.409480 33.752367 35.644457 29.016537 16.769398 11.186508 5.903515 10.415502 13.347524 22.139678 14.916838 13.100589 14.148376 11.674255 12.893033 9.950841 12.432061 14.322037 6.689273 18.155117 13.989508 18.910391 4.304349 17.535862 14.027466 13.322216 2.190381 4.294144 16.214614 4.312293 6.598406 4.295425 8.551565 17.968313 4.270295 2.958786 7.608534 8.279261 4.178867 4.502691 5.492101
4.974063 1.811329 273.9449 0.000000 3.568886 0.887803 6.440597 7.674841 2.572560 4.569998 10.129286 13.155587 6.787406 2.518672 10.045843 6.322143 5.949764 9.190721 13.380629 10.104724 3.829143 4.105099 8.508124 5.369166 3.469572 3.416738 16.927251 12.056615 16.042045 9.444015 10.400719 18.851051 5.737750 19.584769 34.087754 16.628277 13.008724 15.350808 6.483870 15.522518 14.308813 35.011193 70.741715 25.556895 14.789641 13.643998 13.972069 11.995528 8.527532 16.570359 16.183638 12.360322 27.994326 32.402349 40.528368 68.475446 125.402096 211.121873 176.308742 53.300891 41.893570 25.656137 18.441615 31.122421 34.889638 43.103365 41.046096 23.223794 14.916423 12.781013 9.793576 15.142082 27.753629 26.027143 14.279742 8.434906 8.209095 6.925952 5.665208 4.218542 9.760782 10.971688 6.709441 7.518481 8.622732 11.327802 8.355653 10.297213 17.415313 8.474732 6.148902 14.881709 8.702736 8.226154 14.918590 15.207883 15.945790 14.071188 8.951799 7.433816 10.461590 8.668752 4.874471
5.023236 1.812542 274.1824 0.000000 0.928269 4.262717 6.565667 13.481593 10.257604 8.050120 6.689973 10.773771 2.507370 9.984325 11.218257 11.211802 4.255700 8.702193 14.929040 17.028013 9.530548 5.800972 8.484734 9.923144 6.966777 5.188204 11.383517 19.792500 4.538465 10.710058 15.205636 18.064310 10.462025 26.332622 25.217189 30.991253 12.312710 13.890844 1.829287 9.345363 20.545439 41.941881 65.938228 24.076393 10.316827 5.649844 10.336347 11.237497 10.647960 10.957749 23.308740 26.477759 19.879851 20.938478 19.070744 27.648140 88.507154 198.670457 215.022433 78.709977 48.215709 19.370845 14.158965 18.739757 22.987928 40.493072 42.134111 20.476908 14.185224 16.526194 19.138758 20.157004 18.470465 16.062028 12.963886 7.325172 6.480026 6.906911 8.038891 7.766908 8.606933 8.061730 5.837436 9.032983 7.239551 10.405623 11.364336 12.340925 13.416103 12.420228 11.330106 7.644572 7.325023 8.003099 6.771806 13.236217 15.040564 11.064687 8.492332 4.409186 6.708925 8.058052 7.833810
5.069838 1.813178 275.3132 0.000000 4.711639 4.802874 0.831471 3.676264 8.000762 11.097506 8.199205 17.682847 8.168372 17.651158 7.033569 4.271278 6.909642 2.983009 5.338972 11.769988 7.817309 1.812846 10.814339 6.893530 11.610540 12.133463 2.962751 10.115231 17.312980 15.161682 11.240660 22.752836 14.136011 38.288298 7.553407 6.625763 25.437761 24.494061 10.930146 28.175186 23.972752 66.747174 45.145026 20.302012 6.118186 10.230145 11.134857 11.530712 17.072815 6.476143 16.492935 13.932391 10.815544 19.071425 22.009121 48.721268 54.605446 149.882067 272.597552 79.476650 26.795008 34.152851 15.732886 15.324010 39.094330 20.561347 51.503979 10.398754 26.389385 4.005948 7.837725 3.186272 4.735694 7.538321 20.738508 13.309625 5.055421 8.028112 9.662210 10.757835 11.000572 8.190453 3.037186 4.331729 15.038173 7.792979 14.510670 11.735416 24.036950 11.570544 11.597220 9.687846 8.644344 7.418124 9.127304 5.180836 22.366773 6.828167 6.999601 4.932851 5.251923 3.259512 5.163627
5.125514 1.812694 271.2760 0.000000 3.202339 2.105342 3.533709 7.401150 5.582508 10.161674 9.639681 15.888812 6.025061 13.120504 6.752435 6.510804 11.772677 3.942386 4.919230 5.445008 6.200070 6.964359 8.602859 8.504023 9.397820 11.865398 11.827419 11.149096 5.681386 10.817586 22.205846 18.992908 15.482127 15.953897 4.539730 13.700338 18.194023 12.058475 11.359863 23.628537 62.989195 50.725216 21.475147 19.147331 14.808829 7.007391 8.430650 7.755603 14.193867 19.693840 12.859586 14.192310 14.665639 24.820129 47.159765 68.112664 94.099840 289.196620 58.532783 41.348271 38.502735 25.131651 40.158532 21.045936 21.030482 55.103030 23.513975 10.890015 19.174977 4.505609 10.420357 2.922136 11.591282 7.646874 11.191986 13.016592 9.327259 12.616098 16.403059 2.836318 4.871273 4.683439 5.824463 10.256780 14.178102 15.425192 9.933357 14.661079 10.921105 8.595444 2.722668 7.902352 12.729661 8.470396 13.699414 14.926274 6.806612 6.796432 10.531041 8.383111 6.491282 4.271655 3.615355
5.173211 1.813818 274.2988 0.000000 2.291352 2.609734 3.068406 13.103165 8.049869 7.118068 9.070481 12.329016 11.703132 9.496092 8.064785 7.957979 10.764186 7.395106 8.907240 3.825270 3.975573 9.668900 4.110217 9.014952 10.727482 8.183318 7.508084 12.428111 9.192647 13.821239 15.874522 22.409140 11.453748 13.669064 15.076988 12.941450 20.745058 13.020619 7.583409 23.613531 53.298784 52.332475 25.385580 6.452014 14.730090 11.162200 3.809941 8.625591 11.315182 7.838418 10.073191 13.738019 8.283587 8.656883 17.557500 24.045500 46.369835 155.629878 252.102156 70.092278 43.759976 32.195666 26.470485 21.144798 11.824566 29.822313 28.294755 21.010706 19.979914 16.084723 10.151247 11.988121 10.526888 10.952587 6.019179 6.474818 5.911808 11.460947 15.413851 10.721714 11.533938 6.999071 7.711569 14.903765 12.309209 9.211753 12.894290 13.564389 11.832899 6.817497 8.514485 4.716610 6.728988 7.387188 11.824891 15.619240 9.499334 5.046014 5.801502 6.544987 6.462748 5.217699 1.416363
5.225348 1.815355 277.3603 0.000000 6.650313 3.661429 7.316553 3.446143 10.681403 7.175515 7.646532 11.452882 12.524165 9.976673 9.153160 9.078440 11.162134 7.693257 2.624821 4.999643 4.331090 14.112576 7.440645 7.830801 8.144179 4.765432 8.976365 7.023957 14.118395 11.170469 13.311729 19.990413 10.690488 13.604780 9.528266 13.686622 17.341824 14.325555 10.584827 8.809542 64.293306 36.887105 9.491018 14.940348 12.195024 4.915924 11.080923 18.564086 18.086799 15.754093 14.662104 8.157814 8.467122 14.228064 6.961279 20.418334 19.971946 67.361998 254.340521 161.628454 58.590206 31.913178 18.187676 23.837380 32.842151 19.831323 11.435753 28.527723 24.749623 18.490312 17.563927 10.162686 4.877968 9.462218 8.556635 8.099117 7.024478 9.601876 20.142280 14.634801 10.616897 9.072700 7.272119 10.754366 10.632300 14.116657 11.224407 5.653686 9.307543 12.167928 7.629779 2.284295 2.795703 4.391743 9.107697 12.301603 13.213883 10.082752 5.712480 6.387407 5.401981 6.969403 4.695350
5.269723 1.827007 268.3814 0.000000 5.561891 3.369145 6.487060 6.147213 6.588411 7.551482 9.572426 4.874668 5.412802 8.119818 10.592477 11.460600 9.978891 6.250906 1.932057 2.588621 9.176773 8.418059 2.664806 4.848869 6.333606 7.502441 10.441813 16.078991 12.179200 12.317339 11.858782 13.672369 9.933840 12.094802 7.470591 12.357771 5.801929 16.016029 15.716487 75.941651 11.134016 14.787594 10.421551 13.124190 8.053916 14.875472 15.739455 8.723689 10.089560 15.157225 13.022545 22.765254 29.842929 34.170902 66.970105 96.281835 160.944623 220.201145 128.291651 70.888665 49.547272 28.900903 36.165465 19.619402 11.851011 20.017776 29.598391 30.133069 25.191449 13.360326 17.037114 8.712198 15.754583 16.774674 15.356373 16.058866 17.293359 3.929543 9.720568 11.930003 10.660730 15.273130 2.842294 7.013276 8.901937 8.131711 2.487884 6.359757 8.904178 7.533328 10.611394 12.454641 8.283119 8.197886 10.731638 7.929097 5.488784 2.924483 4.331616 4.526887 1.549098 4.823554 5.602477
5.323192 1.827128 275.2527 0.000000 3.634378 5.082603 10.127748 8.662070 4.057698 7.811754 9.591182 2.633357 6.441116 6.906592 8.307657 7.946655 10.391031 6.612328 5.768633 6.566842 6.145827 7.371896 8.392110 8.090676 9.825766 5.763306 3.707649 8.659274 9.216674 12.746572 18.166613 14.166399 11.536841 12.560260 8.224489 7.830667 9.515639 23.249938 26.114981 54.278493 39.054586 21.493963 13.276428 18.178344 22.634518 6.071928 15.548164 21.545960 10.920224 21.803054 18.041848 28.993889 25.259485 26.785725 30.651941 40.424808 108.167225 167.923285 256.208435 43.831487 70.135575 24.815431 46.215782 19.220045 25.597294 28.982715 16.751523 8.902364 7.419953 14.159576 8.426971 10.220552 8.618314 11.613445 9.009695 13.370040 16.289030 11.286935 13.085389 8.871144 7.280862 14.316696 12.619623 7.749473 11.779740 16.678054 13.523010 11.508115 13.664758 11.155255 12.166259 15.414984 10.765474 8.199944 5.971940 8.778301 7.713194 5.306320 5.442819 4.658866 4.744856 7.025773 7.714155
5.377503 1.821498 279.0561 0.000000 4.206171 8.585979 12.776474 4.941028 1.403344 7.120660 8.982827 2.581728 4.670098 6.342757 8.356057 2.255630 3.347687 13.598804 4.134499 6.343470 5.485279 5.536518 10.513151 7.571980 13.775070 6.686408 6.782667 4.937988 16.705040 14.327968 12.474647 15.356648 12.937348 14.674177 10.692694 6.788049 10.983259 21.732758 52.373090 50.612949 29.571530 16.541654 12.665851 11.910200 14.299797 14.263670 10.238341 5.696807 11.186081 16.846087 16.067337 16.468330 8.089495 12.872226 18.626855 45.094417 63.240299 90.399542 201.298680 211.294431 76.100760 33.683198 59.785848 52.715002 32.927014 33.781935 19.838155 20.927735 12.962044 12.014564 18.580689 18.584142 18.570598 8.753551 4.792210 10.805159 15.675327 12.293624 12.803351 16.946347 12.727533 10.877416 14.576969 14.312859 7.955231 8.185008 13.344032 11.364511 6.889970 5.922931 3.918932 2.511044 10.646974 18.165717 16.207678 6.037045 2.529255 4.370014 3.780373 4.101337 6.360674 8.054097 8.825945
5.428161 1.828523 271.5667 0.000000 8.373873 8.165607 11.371244 4.596023 2.077397 4.450684 6.148568 5.182026 3.187173 4.405109 4.143510 2.327645 7.251715 7.530816 3.466650 5.222353 2.800698 1.669263 15.722361 10.569166 14.062055 12.206957 5.935309 8.900576 18.323516 8.642712 26.047256 11.494055 13.607744 5.100708 6.776691 22.968470 23.408969 44.246845 65.117266 19.906678 12.531673 18.782805 15.187381 16.704387 12.165809 10.049335 15.617616 11.584488 11.198609 21.436931 23.382706 22.769890 14.488131 31.651102 31.850878 59.649081 150.152434 247.192458 133.922471 55.763767 42.561472 60.900383 21.265276 29.562321 18.404982 20.117905 24.631860 18.285719 8.378152 4.734081 11.693446 18.199474 6.507965 6.070522 4.169576 5.760785 15.812319 11.735218 10.383396 16.491705 17.220444 9.800123 8.874522 6.346025 13.795532 7.129864 7.513186 8.219211 4.540630 15.507238 9.334483 29.683315 9.344810 6.009193 7.451229 5.154085 12.669026 14.854836 8.295559 6.247512 5.107806 8.467966 11.238339
5.469772 1.819265 281.9788 0.000000 7.088314 10.285741 12.483157 3.621517 5.483548 1.354994 7.222598 4.536621 2.016156 3.232552 4.978557 3.311185 6.234057 11.217546 4.552941 9.676778 9.952749 7.489680 5.691460 21.244061 6.356073 14.993417 9.284154 6.011412 6.106003 21.179137 7.059145 22.107712 11.128097 13.197722 8.611281 6.270739 12.461112 30.391992 48.011731 55.625783 28.045499 19.038307 10.350438 12.255170 21.317302 15.047930 13.943699 15.093129 5.448820 6.823182 6.386214 14.833728 16.500511 24.738388 32.575202 56.231985 40.751821 60.051179 111.437861 257.954272 108.263912 54.555619 19.891016 29.436677 25.792759 55.850776 50.211425 24.510822 28.689453 12.234849 8.366560 2.985774 12.439219 10.598669 8.330654 9.118170 10.879516 11.401327 14.005355 20.674093 13.696384 11.071030 13.240537 13.583987 8.137686 3.055505 8.179755 15.237003 9.016626 3.812619 3.101393 2.329301 10.153859 11.912393 19.463790 16.366327 7.245058 3.926735 2.396874 8.414563 13.637282 12.465317 10.747262
5.528759 1.811123 278.3584 0.000000 14.037745 2.934010 4.259912 4.340729 6.329975 2.837208 8.952116 5.436784 1.322698 4.929268 8.645286 8.719054 13.213655 3.943313 8.143532 5.684395 2.527757 5.272738 12.996635 15.326320 12.563821 17.472716 7.932348 11.923815 9.637770 11.150913 9.389738 12.359312 16.751438 5.792341 5.417164 10.265985 26.678100 43.720634 52.368866 20.536496 10.299200 9.152525 10.407406 16.244315 15.232424 11.694346 14.617684 15.325127 11.778420 8.684703 8.479448 18.621630 31.431732 33.235855 43.690149 40.615267 34.546421 71.044133 210.011915 183.530969 32.027518 15.298889 21.670225 35.778912 44.869186 40.716983 22.230920 10.818302 12.789785 16.930556 16.828604 28.364725 24.318085 7.628309 7.776149 7.294517 6.520454 15.055310 12.750058 7.036355 12.276880 15.685501 17.094202 9.711391 2.528159 6.575347 10.196363 9.142130 12.395513 11.424376 11.083271 5.478536 8.584753 16.964455 10.810761 2.086211 4.630851 2.183366 11.529087 9.205697 11.570744 4.914135 6.362824
5.579702 1.812858 277.5773 0.000000 13.734017 0.388558 4.980939 9.894285 7.611815 7.783793 5.747023 9.425395 6.558115 4.214038 3.971882 5.899593 7.860630 9.741951 10.706033 9.530624 4.588384 6.980209 12.817991 16.383883 15.768152 8.300053 8.020950 15.234199 12.283958 11.316996 8.386376 11.087397 22.171104 22.201818 24.530855 21.556543 29.581413 48.910430 41.896649 19.145577 11.203488 5.705637 9.807104 11.852069 19.730649 16.018939 13.486948 18.303665 18.658482 17.639379 18.246290 30.455008 31.687669 31.947175 39.983303 36.589449 39.883246 74.495542 236.967299 135.613263 28.657873 16.709614 30.978185 20.915594 47.596518 45.016475 25.587899 22.397147 9.232238 18.246893 25.058904 12.004014 20.133045 16.644194 13.223914 8.103851 6.838513 16.201676 8.446268 20.921130 10.267922 4.271792 11.781832 11.439719 4.846023 6.429056 6.690329 6.468555 13.435008 15.405332 11.909914 15.145662 22.782530 6.253360 3.971413 5.243020 2.719064 2.444582 9.309153 12.016133 17.785116 7.273780 1.239979
5.629718 1.807809 277.7561 0.000000 9.903794 3.287298 3.297173 12.486266 9.593338 5.174319 2.670984 12.080056 7.332167 6.943685 4.157937 6.505247 2.289317 12.166494 4.584225 3.563846 2.991792 3.154539 5.029179 9.267331 10.445970 5.753030 10.446881 14.061580 8.855292 9.100447 7.660284 11.470759 16.966017 19.386134 19.543299 13.040070 29.209048 51.830681 25.769550 9.956434 9.594274 10.682494 5.599632 12.273116 17.918770 9.681592 11.653134 11.239581 4.255458 12.909931 24.384369 19.329615 13.551439 15.033031 29.105065 18.376247 15.952480 43.573288 224.655908 162.973829 54.242722 46.561884 50.332605 41.612242 37.358140 20.412297 10.354488 17.139432 19.403699 8.311192 16.942022 9.256801 20.567875 15.608002 7.516486 8.142701 5.688269 6.646390 6.717662 12.344581 13.474049 3.761174 6.767600 16.824725 11.404851 10.948061 13.618970 2.408237 11.372306 14.548896 4.003315 2.582133 23.944508 5.028456 2.680264 4.975776 1.364052 5.392739 1.985725 4.920719 10.524922 6.658268 4.712831
5.679695 1.806400 279.1412 0.000000 8.077316 4.139081 5.310697 12.383979 9.104361 7.955195 4.730167 9.704610 5.502620 3.660467 5.803902 7.658862 3.551992 13.549454 2.835369 2.505218 4.202704 5.748581 5.479988 9.882347 9.386343 5.308101 7.923680 16.057938 10.436870 7.127611 7.095724 12.627900 15.416323 18.491498 19.890963 13.235713 17.712356 62.175164 17.025565 8.931304 7.367369 10.730365 5.855489 8.305259 18.364810 15.497123 11.733547 10.317439 5.077668 10.440935 16.992131 19.825119 15.784118 13.399658 19.144486 29.535539 10.665345 18.805056 139.756360 242.000699 51.412814 42.616258 48.656024 47.173868 35.277520 30.569015 10.234098 8.839384 16.987492 12.762123 11.062117 13.536863 12.471283 17.706393 7.264937 5.275034 6.521487 6.622846 11.898774 12.895219 12.972617 7.437068 4.630459 11.424082 13.433277 10.968101 12.102613 8.208494 9.877683 13.183425 7.410156 4.089912 13.329677 14.698800 4.933478 5.633513 6.118157 3.905438 2.413352 2.798898 6.788541 9.721641 5.620674
5.729744 1.819356 279.1472 0.000000 3.072563 5.590503 3.417377 7.687420 11.583489 7.108219 6.376805 6.814426 10.163248 4.309561 8.184240 2.373856 6.811850 13.134009 7.196634 3.595441 6.055310 11.346117 7.944632 8.133930 10.943668 9.549838 7.951722 18.413284 10.355446 15.295048 20.098981 6.812332 12.957202 20.606025 15.677792 35.360511 36.435212 47.728448 21.952707 11.164308 7.714824 15.419172 4.969973 9.761519 11.184271 12.089131 14.367255 7.543392 11.130977 10.808495 15.535693 5.733194 12.815020 20.111916 25.255953 24.987024 21.300366 36.207891 146.451154 247.341959 62.879508 27.017845 32.456606 58.786558 49.024791 34.069314 6.788378 13.656056 19.243219 8.994212 8.829934 14.714336 13.566526 5.839727 4.387465 7.371000 9.889692 8.977322 5.749283 6.316015 10.493717 8.740778 9.114006 15.237416 13.154170 12.191336 13.330939 7.902175 8.342709 10.455565 11.832315 10.380762 13.981876 15.493470 5.696403 5.407624 9.023494 8.197147 5.488577 5.015379 6.808316 10.284204 7.047946
5.779691 1.825915 279.1482 0.000000 4.446331 3.371256 2.079200 3.518948 11.402319 4.753632 3.892744 5.977443 9.782321 2.862768 6.547925 2.414628 2.570613 7.533989 9.821318 2.034498 3.330915 8.586021 9.543879 4.139216 3.475497 10.993346 12.736436 15.096104 12.804948 8.365710 16.816942 14.318007 10.861683 13.575965 9.527079 21.628079 53.067477 28.347966 13.145484 13.943151 15.070135 23.495343 7.077744 11.463923 18.949097 19.244370 17.864766 11.066816 18.273597 23.746439 11.427069 11.180445 22.371612 31.980362 28.399051 14.186113 28.958386 51.422799 139.325703 238.631284 130.418367 77.911640 52.972556 73.226179 54.391948 24.954437 14.672664 12.970788 23.551288 18.558561 3.139774 5.177060 12.986306 17.480243 10.999010 5.081510 7.860874 14.088550 11.075994 3.944739 4.369702 11.098074 13.000264 10.104355 10.865404 11.797170 10.028367 4.699029 6.418298 7.082338 5.490083 9.548084 16.383607 12.600514 5.355187 4.741840 10.477158 11.834187 6.496352 3.498973 3.274091 4.680335 3.548134
5.829702 1.820619 277.3600 0.000000 4.438396 4.776632 2.457675 5.135380 9.368978 6.893307 6.911688 6.649226 8.735759 5.250538 4.762017 2.888533 5.613296 4.919488 9.432692 1.752960 6.906865 11.203083 5.544626 3.014330 6.718244 14.495433 9.840829 18.426245 8.189418 10.088360 20.367971 18.667709 12.352676 16.435905 14.038404 37.758725 55.465091 22.962183 14.249032 14.648779 14.428374 16.241602 11.375005 10.627760 8.729341 15.714824 15.080051 7.000423 7.863106 16.711056 16.484432 16.383893 14.347077 21.985448 27.327120 18.334198 33.307550 81.780785 194.339038 218.864176 105.826846 55.126484 57.192678 56.196234 35.063165 36.588607 21.796063 12.528976 5.375160 19.184888 18.746579 20.081843 10.443316 14.554517 8.216744 7.869328 13.626938 17.210270 6.781080 7.016262 7.070962 18.074740 6.570169 17.389438 14.211132 14.167740 11.559347 7.283347 4.463115 7.199473 18.825966 25.240911 5.640727 14.595356 7.170545 8.891266 12.603786 12.695758 4.909927 4.058814 4.146989 5.326900 2.981548
5.879679 1.818883 282.3276 0.000000 5.809891 4.368352 5.584002 8.333629 4.736595 3.132243 4.806626 6.195394 6.657521 2.727004 7.684110 4.055443 4.344662 3.250260 9.519307 3.375264 8.586362 5.932247 4.304972 2.245239 7.258328 13.564609 11.979726 14.809576 3.495619 12.743824 28.692041 23.118982 15.591058 25.117298 31.090733 46.287839 50.585720 25.073315 6.611726 5.359580 11.522296 19.557210 14.775339 10.979470 19.432063 20.154655 14.535538 14.885420 15.539207 11.223191 10.799934 13.723571 20.781833 13.080217 28.798481 39.458306 52.337026 64.518789 149.085577 238.191119 121.458804 49.268055 45.714312 40.083646 39.592071 22.874233 26.911508 26.971394 26.063081 12.002442 14.390609 16.183526 15.580989 6.820553 8.136687 11.778130 16.330418 8.692410 10.890568 8.391379 2.778124 13.482244 6.086145 19.523838 6.891684 4.880764 21.072510 17.849605 16.589097 7.238559 20.017291 29.962235 6.716075 12.359074 8.415644 11.896576 12.228234 9.699719 5.657291 8.094428 6.364231 3.386255 4.071012
5.931785 1.808032 281.8074 0.000000 6.784090 2.571293 13.154844 3.533858 10.695655 4.903395 4.645391 3.738686 8.742534 12.979662 3.017421 6.994181 4.961491 5.325424 5.129408 5.858343 14.888178 9.137989 8.616464 6.514425 4.578737 9.911816 4.281757 9.179884 9.581752 13.860386 23.897609 22.544238 25.604451 26.704884 49.007438 51.262291 20.580154 14.107985 10.317143 8.108832 6.644275 9.688945 12.505504 15.583695 20.150501 16.752632 17.682208 14.936136 9.240144 21.565100 29.449579 29.330243 33.216850 33.894455 25.264663 30.778535 24.721709 54.521566 150.323233 248.603886 120.595396 45.939112 36.494172 34.050800 47.291400 15.347664 14.175011 8.205434 2.299337 26.968371 19.288005 17.519752 18.544683 10.558436 4.726650 12.940832 19.081864 13.496891 11.795585 9.669416 6.811459 7.469017 7.805131 10.220721 7.687602 7.520255 21.159927 3.109865 11.960373 11.968335 18.700697 18.833486 10.665178 13.088180 4.942012 6.866216 3.252679 5.165827 5.908554 4.229324 6.312884 5.896961 4.339284
5.981953 1.805950 284.2360 0.000000 4.309484 4.065177 13.460511 3.248851 8.963677 3.888920 4.149067 7.741302 1.965812 9.958617 2.971857 4.461078 4.193443 2.085839 8.835209 5.164205 11.133791 6.985066 6.704045 15.152905 10.255852 4.399140 1.584925 8.539707 21.715968 10.794227 16.473896 25.598505 30.069579 15.509241 35.245282 71.510921 31.011314 22.257846 12.393577 16.888779 9.031309 16.392198 3.640218 5.630634 14.413780 7.524415 10.244200 5.053246 7.368042 13.184913 8.785002 13.262813 14.588526 13.019635 23.848454 16.608240 19.136650 19.664807 45.608042 163.912342 245.466075 74.041595 26.639593 23.507013 36.784123 25.241693 17.099395 9.720116 10.985631 17.439065 12.050982 10.441323 8.522030 6.177594 9.104514 10.808975 10.101814 6.053210 5.442579 6.742326 5.345149 6.695600 7.853009 7.296463 11.510229 19.990995 15.670588 10.069609 13.766033 9.411909 9.108336 20.899814 22.783685 16.518310 12.371011 12.069431 9.263481 7.145661 8.561818 6.511469 5.215125 6.838630 4.794866
6.031336 1.802568 286.8024 0.000000 9.890111 8.655436 13.192648 4.089051 9.540589 4.674708 7.887151 9.196707 15.496940 8.530876 11.785293 4.168694 4.531858 9.065971 1.785508 4.566722 12.375006 10.337195 10.112679 27.477657 8.748103 11.366996 6.071087 5.742305 17.626247 29.740643 13.432683 13.216405 35.937231 29.189492 63.398189 50.400608 11.185924 13.065978 10.621718 10.372969 17.099408 15.526550 6.860365 11.014569 4.311819 15.715630 9.240476 5.152297 10.419136 7.982757 10.471661 13.010707 10.714235 22.051788 17.961946 24.719026 32.838241 35.771351 41.863316 28.884350 271.579356 85.315526 42.300254 40.726473 34.635604 25.697320 15.355318 24.463574 17.556673 28.186975 7.935611 15.056771 9.568347 8.261890 5.788602 11.828598 8.881512 9.043086 3.642608 8.745728 10.123746 5.640406 7.738831 7.242400 4.260737 7.609275 19.092296 9.856832 8.935717 12.864712 12.500927 24.624816 20.027893 8.769315 7.874511 13.889788 9.119314 6.485595 3.883515 3.275102 4.914139 9.516988 12.827888
6.079590 1.809951 287.3204 0.000000 7.590438 6.378354 6.809852 9.334068 12.027570 5.321499 5.470560 3.135196 9.025038 6.410957 11.098217 2.381880 7.127920 8.499097 5.677399 3.770001 5.495858 6.858187 5.836240 18.804654 15.495571 15.591079 5.210184 5.817126 8.795689 28.606079 15.522969 18.542358 25.436292 31.776577 74.133758 41.004542 14.448352 20.457745 10.688311 3.589283 8.104751 14.084031 11.821094 15.543404 9.952262 7.393017 3.683279 4.408126 13.556252 11.960302 10.532928 18.300433 8.238667 9.114710 7.389755 27.931586 24.669576 25.744902 45.924281 30.708394 239.605441 110.491426 66.837607 34.915633 17.712041 16.841928 18.407557 16.924195 11.038697 27.884639 14.654094 15.049447 14.129025 7.991805 4.623348 4.707506 7.137383 10.300353 9.746970 8.735849 9.384712 6.004016 5.030755 8.135094 6.235689 9.011416 14.321637 14.787293 7.721156 13.272872 11.479319 17.917264 22.953148 11.967192 7.662825 13.490855 9.803660 2.634277 2.231228 2.296890 8.318083 9.576053 7.447905
6.129907 1.820755 286.5238 0.000000 7.465196 3.908305 6.610251 9.878771 8.809628 5.075985 6.866005 6.380786 4.893646 9.564183 8.172251 5.089090 4.918865 3.010767 7.045238 7.619197 7.070499 8.267996 1.378410 21.073671 17.160389 11.305568 12.099535 10.003396 10.872963 25.543662 19.718972 4.949618 19.097161 41.290243 69.313865 23.007555 11.914454 13.421155 12.646204 3.292267 4.913895 4.458956 7.542912 3.147281 9.739832 5.843517 4.843415 2.213798 11.745021 4.100330 12.923111 7.258280 16.589903 15.490302 25.815190 33.111905 21.344576 49.077394 37.027398 100.398344 260.492244 150.994587 115.761997 51.025628 29.490349 18.961869 13.466208 12.569483 18.884161 12.507409 24.230832 11.127678 14.317872 11.582199 9.421598 7.594325 13.671174 6.500415 8.571152 4.865625 10.761476 3.617941 8.396534 5.746314 4.562857 9.239711 12.165442 18.430634 10.189633 10.943409 10.866164 25.314093 14.608370 4.352886 10.066729 13.398842 3.744488 5.331101 5.048961 1.978145 7.402445 9.660068 7.028948
6.183185 1.815745 284.1595 0.000000 6.321872 0.823344 4.358888 8.669500 3.929817 5.618251 2.805866 3.179307 9.021476 10.306840 13.972800 9.700042 5.716231 7.429006 12.036688 8.551387 6.783649 10.796028 9.734596 11.923428 17.496580 18.018268 9.107920 11.225822 23.497920 22.666247 18.379787 33.626291 49.482059 42.055486 32.935837 24.978962 25.508783 23.868941 15.166565 4.495954 2.378703 3.805939 14.477435 13.142988 8.797061 7.306745 13.322172 20.733733 18.671073 21.548445 25.550496 21.668937 19.432803 12.716157 26.590096 52.485729 60.925165 47.045587 107.416807 215.283532 170.768288 42.227496 66.658510 35.252398 20.021630 24.803174 17.623418 14.395459 16.936867 14.417665 12.827362 17.452520 12.266697 9.328449 12.899646 8.658479 4.138323 10.618713 15.759554 7.466069 5.192975 5.819898 5.593359 6.037151 6.165675 5.946981 11.811693 8.645689 12.082522 32.472617 16.917297 2.194544 5.646421 6.643726 8.027001 9.625130 6.083529 9.868352 8.999083 4.796441 3.884769 1.498006 3.077755
6.229650 1.803941 281.0110 0.000000 14.678938 12.022191 9.048357 13.161516 14.194163 12.966487 10.987975 3.205884 1.939415 5.352012 5.839563 11.838407 3.036454 5.707629 8.555715 10.156838 5.266339 5.174569 8.405910 7.062035 19.291266 21.702282 14.305610 4.092230 7.835182 13.081321 20.952823 35.154247 54.636799 40.436549 19.284469 16.017184 9.574949 10.654619 11.652590 5.314311 9.215262 16.607867 8.333216 2.495637 10.263302 11.558152 7.527993 18.203366 21.162938 10.296007 18.391324 11.734575 12.023926 18.111623 19.305601 20.258929 23.071535 108.797173 91.558509 217.200196 196.556622 49.306635 90.420944 40.182091 33.713248 10.462463 36.958511 16.495683 22.775313 10.646184 13.867983 18.129594 15.923855 3.951097 9.054402 15.473554 10.373855 5.963553 3.447843 10.197750 11.497316 9.010185 5.916194 5.800847 5.006706 5.843101 12.724298 15.454810 16.519476 19.407726 18.564695 8.256643 3.316267 2.980898 3.398866 3.274287 5.964926 8.925424 6.388603 4.702495 5.457518 8.938211 7.140928
6.284813 1.786963 284.2242 0.000000 6.898625 10.357676 7.084711 10.599542 7.074987 9.720670 8.345807 5.514083 7.203433 2.292753 6.515512 9.193575 2.121107 2.022514 11.622472 11.563692 5.804472 2.900849 14.530787 16.314785 7.396307 22.218218 13.829891 15.474756 16.031599 10.095863 16.371100 33.385987 58.556918 43.213046 25.633288 14.707454 16.372948 6.589919 13.158964 8.163395 7.150875 13.575736 10.983188 10.343932 6.050306 10.757237 11.363985 16.631460 15.770080 15.702778 15.802874 12.821676 13.446324 14.879040 25.348286 31.027792 35.065545 60.270182 91.564875 143.640283 206.523166 94.603098 97.015725 59.368101 56.628220 24.810198 21.052210 17.936789 12.950179 13.875479 17.905070 21.925781 15.100799 16.370180 11.745340 12.449309 14.516627 8.322130 8.346962 13.646571 12.033587 11.679794 9.673404 4.281261 9.002143 8.523008 5.513143 8.831801 13.780097 18.341847 19.391904 17.127205 12.977963 8.263943 6.510303 5.653708 3.446962 6.457610 6.534307 4.957157 5.569638 3.851183 6.424336
6.332112 1.792176 279.0581 0.000000 8.854619 9.740729 4.450429 8.808819 3.537633 8.738841 7.951026 2.206419 5.662932 4.874071 5.728207 8.504103 3.568575 7.484850 6.908438 6.847123 6.393609 7.563617 7.520314 6.182595 15.626048 17.634014 7.469568 8.346016 5.956243 13.264661 17.936170 55.775209 42.371795 27.394707 20.888378 13.821093 5.354654 8.477710 7.581205 10.067634 12.148640 17.262610 6.773674 9.044464 8.485819 18.220028 15.424689 10.991128 10.752427 12.604904 15.814704 18.875946 18.374099 16.854150 19.098498 45.741747 53.908760 38.390129 113.311762 209.173777 128.782942 105.466725 102.634165 57.450148 23.481748 35.578436 27.323969 10.410482 22.117885 12.924798 6.971245 17.127943 19.689826 15.992147 10.522987 11.840614 14.072858 8.277533 13.554777 7.877826 8.568039 9.985301 12.048677 9.897713 2.125968 14.308948 8.122336 12.692682 19.444503 16.122162 18.074558 13.852295 9.356213 3.568534 3.626630 5.798213 7.155878 9.899622 7.297314 4.296617 4.963137 10.348178 7.460257
6.383104 1.783625 291.4269 0.000000 4.444528 10.450717 9.646558 6.266704 12.773876 16.259705 12.293435 5.480629 9.746942 4.790536 9.397387 8.120476 3.935100 5.782686 14.351086 7.043451 14.465052 5.196275 7.514328 14.575442 14.721434 17.648775 7.720214 8.972244 6.308980 19.700893 17.105563 12.111334 49.938092 32.868310 20.478180 21.599416 16.731301 16.374550 17.215871 12.313610 12.619253 11.238277 13.533100 11.974729 17.092008 11.721311 14.434829 12.150446 16.832522 18.144089 16.962905 15.750873 8.465050 14.789956 15.269194 33.598608 23.699370 35.370884 62.676728 79.686697 166.588294 255.407827 74.503854 15.794535 73.275746 29.464976 24.699250 24.246485 14.909843 7.335285 21.153026 19.043555 13.433343 7.714334 3.044879 4.004516 4.992988 5.942122 3.413748 9.747454 11.873351 4.797326 6.646978 6.919685 9.992270 12.129522 14.671229 11.094998 7.976054 12.222705 5.024401 11.446553 8.188432 12.241486 5.676333 5.380754 2.708524 5.019426 7.654332 5.425937 5.005822 5.694322 7.080254
6.434274 1.797432 292.2011 0.000000 1.464252 5.551239 6.290479 8.104098 11.820083 5.513375 0.519715 5.602269 7.584037 6.647568 8.285630 9.620566 2.531758 5.811713 14.359870 8.542840 8.580388 16.182761 12.890230 10.997069 3.751361 6.699266 19.617655 7.303741 6.966762 2.197720 15.194526 45.266880 44.271295 35.231592 16.688131 15.224426 13.692576 7.865733 10.538214 6.158590 4.235260 6.087827 3.367782 3.539801 4.149361 3.462509 9.707524 8.844424 6.732617 3.529874 7.800250 9.598199 7.496390 9.944245 8.653596 10.804418 11.425266 12.808282 43.637142 38.977231 97.942061 262.914149 135.183386 50.863012 67.155085 38.673605 22.355586 28.368866 18.272523 20.988298 8.355867 6.994502 17.940094 10.906306 4.418728 2.440291 6.422764 6.754844 4.606134 3.295047 3.565371 3.810247 3.752179 4.814160 9.292403 12.530303 12.346960 8.133202 6.652064 12.642873 12.846903 11.643337 9.651929 9.334712 8.362666 10.500949 9.051406 3.306696 3.540228 5.119410 5.262759 4.891290 4.429037
6.483212 1.813385 288.9934 0.000000 2.514751 4.026469 7.597369 5.217028 10.594667 7.340851 0.592595 3.322627 7.693708 11.494045 2.679468 5.237165 9.123967 5.582403 9.081258 7.023566 7.981802 14.535473 7.858841 4.263276 5.456356 9.613595 15.020937 3.400764 2.281632 11.510784 25.044948 56.895645 30.007439 24.738471 22.317293 10.248918 8.731600 12.017181 12.242078 4.036205 4.896865 6.995710 5.469366 4.617993 5.899299 5.480872 7.137764 9.618644 2.294286 4.553757 7.521683 12.242540 3.709093 9.298015 16.873886 11.721553 11.603967 30.897069 50.476635 70.263853 188.840001 221.208485 39.037463 48.954055 61.098709 12.513473 20.731146 23.564551 7.823762 8.165532 15.116109 14.659669 11.320743 11.866778 8.928045 6.283510 6.754824 8.646593 5.889888 4.967021 4.401434 2.798342 4.648775 9.908842 12.377338 11.635899 7.928087 6.340362 10.139552 11.884000 12.764075 8.883252 3.328029 10.261505 13.223973 6.162675 4.007544 5.895289 6.260518 7.642359 6.274394 6.001779 5.053035
6.529985 1.786691 295.7670 0.000000 2.817826 6.089423 10.118952 4.852128 6.980370 13.719229 8.336696 6.595575 9.225101 12.038481 11.110514 13.387126 8.384741 7.796432 8.270453 3.577731 2.458032 10.295707 11.960308 12.026148 15.851132 11.945214 17.344073 18.940358 19.777369 21.941898 28.652708 46.544369 52.039003 39.160932 25.170193 25.279987 25.030706 16.335438 16.311526 11.767975 5.515412 5.887694 7.466934 6.143881 7.464101 7.223682 6.273583 9.061544 9.430907 4.492422 12.762176 15.212845 6.459368 8.433011 7.701476 6.441857 16.950570 34.133640 34.101730 59.457641 74.569842 66.183446 289.949376 86.040690 69.488148 66.121534 22.221499 12.588576 29.058507 17.309809 16.720685 5.475213 8.984699 19.041158 7.634858 7.200536 8.045286 5.494939 8.773754 4.761125 6.057646 6.407166 6.227062 6.412102 6.325678 10.151944 7.770734 15.379277 18.357066 15.178631 21.688132 21.045333 12.012260 7.386823 6.416955 7.861123 13.116125 12.258037 7.366371 10.725457 7.804238 2.294030 4.948312
6.583174 1.782204 289.1902 0.000000 9.196708 4.130183 4.587967 6.115771 7.955096 13.422554 1.274524 8.383209 8.219908 14.779556 10.492670 7.318152 2.883872 8.737146 4.371326 9.101311 11.982389 10.137142 6.561072 8.446628 15.762389 7.180870 8.332970 9.583850 27.468924 52.309649 69.762121 6.215331 4.063479 9.391600 35.657518 32.784298 17.680024 9.833191 8.823524 9.447317 5.852081 10.040694 5.308556 12.855105 8.027828 3.109917 8.651554 13.760332 7.333771 13.645169 16.575101 10.903592 11.106613 4.816433 8.229681 22.024266 35.590016 28.547943 25.823646 17.807888 121.441726 226.089912 35.867059 42.469753 40.496011 26.402176 20.228749 16.676713 9.203091 19.462194 17.608077 14.970507 9.871472 10.143486 14.002849 11.791331 10.424292 15.130197 13.250771 4.975828 4.288040 5.712823 6.497203 6.539672 4.634960 11.179536 22.652398 26.857823 17.960366 9.199593 10.547084 13.531785 15.740297 12.952288 10.477647 8.182414 11.118917 13.815548 6.875464 2.561520 4.485025 3.819188 4.130459
6.629761 1.784973 283.3110 0.000000 6.425459 7.431707 3.289251 5.556400 11.161316 9.096942 4.823940 7.743972 4.172532 9.339046 9.934790 4.622009 4.875321 6.619422 7.491704 5.567043 8.825933 8.007596 6.620788 11.645117 8.250789 6.780597 7.726419 12.922191 42.656985 67.079276 33.982193 18.682650 15.366432 22.406902 37.284952 22.529074 5.319206 17.692128 2.468131 2.785157 13.229964 10.501352 5.070342 16.731719 4.820118 10.265137 13.511715 10.155282 7.256802 19.860650 11.173139 9.783274 15.320878 16.023313 23.727521 33.119253 21.770998 15.466625 27.464292 166.152603 158.032388 49.736564 70.282811 55.986175 26.662932 30.788492 33.325725 10.403205 22.382649 12.176648 17.332516 17.396912 14.493650 9.036040 19.930545 8.231487 10.222510 8.828086 2.678285 0.445206 2.832036 3.169118 3.549460 5.364160 16.995555 28.356994 19.091314 8.946536 13.756729 12.120740 15.514098 10.350207 11.127283 7.898179 11.654052 14.026627 7.887869 4.998902 4.066111 6.807484 8.070356 5.747303 5.259918
6.683145 1.764560 289.4142 0.000000 7.377011 13.173652 6.407712 14.282394 11.524446 16.794665 10.293050 9.897500 7.688902 10.502052 16.632853 6.091321 8.761277 6.640745 9.871542 8.101959 12.408537 11.140833 5.279013 4.577397 25.414787 15.597663 18.094037 26.959748 47.846264 81.684254 38.376860 23.969905 3.093532 13.732447 27.431490 38.786159 9.928767 15.612234 25.149685 11.022594 10.176124 10.894049 10.788124 6.661767 12.412597 4.752698 8.784420 12.266870 10.506981 10.131420 12.474527 8.697370 18.064063 23.340641 14.224006 25.089347 53.591726 36.240069 28.449715 48.820169 124.600482 201.889241 146.163134 80.728239 29.928223 24.311473 12.824146 14.162080 22.465549 22.473582 25.386574 8.079000 9.871951 18.726668 14.880351 20.121046 17.188647 13.644554 11.603211 12.482498 13.197500 8.275655 3.986779 3.940338 6.691964 14.886889 19.894673 24.459621 27.023680 13.912287 14.561330 12.887009 12.222886 13.675211 11.016612 12.522652 11.658656 10.452677 10.893791 8.667989 6.336573 7.057186 7.044182
6.734067 1.772713 294.0248 0.000000 8.549771 7.196261 9.448433 1.347292 4.510416 14.850099 10.262479 17.502214 5.431500 7.961250 4.034111 16.046810 10.033566 8.334617 1.881256 11.947354 5.761369 15.089957 11.903461 16.847909 10.242758 9.289485 7.046260 12.510140 55.121812 83.424217 24.472977 22.029497 18.498311 20.429533 16.150294 21.741542 20.246316 19.178942 17.065224 6.452103 3.624769 4.639879 9.324461 22.571907 17.576676 12.123718 17.740593 28.069727 14.298779 6.128708 8.408561 16.181341 23.773096 30.135429 32.364526 32.839209 12.324844 23.548632 28.188972 52.352742 88.898848 165.588512 182.812190 27.299676 37.104150 19.883774 15.026491 19.855212 23.561877 24.545039 18.246496 20.064509 22.012879 17.084674 9.401900 10.553411 14.411598 16.040840 11.789610 15.967515 23.059064 17.149340 7.705381 7.808204 5.146147 12.911805 14.132547 19.798359 16.594025 6.334177 8.542956 7.744618 11.066757 12.841565 7.145431 10.420768 7.904509 7.224253 9.876379 7.580666 6.742107 8.946378 9.129962
6.782952 1.781894 294.0346 0.000000 3.243497 3.961971 2.876974 3.695680 5.068135 10.827214 14.735317 14.698030 4.359572 4.403902 9.619776 9.381938 4.976731 3.928924 7.236276 13.477966 6.041556 14.523255 15.447376 10.887731 9.720921 6.576822 6.501866 8.898285 51.681892 66.640708 27.198933 6.468766 6.711266 6.975289 6.977937 17.577297 23.715085 14.393564 11.263499 12.157839 8.824205 5.975277 15.097839 22.608042 10.823343 4.617238 7.559050 16.318664 20.482977 7.221881 12.720769 6.661788 9.142207 23.695385 24.325583 21.937183 20.057285 16.358316 14.257676 26.982877 34.514162 148.921828 232.028806 57.368719 20.143060 12.221675 10.527510 18.980607 29.140015 24.843273 14.823188 12.024746 9.570188 12.235490 8.907384 12.319357 15.243814 8.092515 3.540865 9.165920 17.786725 14.216895 5.752406 3.999837 8.471685 10.755164 16.870200 18.200751 13.452354 9.871694 3.832540 1.465782 4.563812 5.683518 8.153464 10.150504 7.025979 5.688327 6.186211 5.451746 6.134435 9.541326 9.533311
6.829798 1.765171 292.4389 0.000000 3.838761 3.839393 9.175157 8.074456 5.066475 9.646184 17.790629 10.757423 10.704258 3.625475 6.948122 8.205509 5.873141 3.836893 6.000931 13.697803 5.140439 19.520530 13.203207 7.617641 10.994289 12.544758 20.766788 49.026075 68.968399 28.349854 28.031761 21.715431 17.003323 14.552487 19.868446 21.144255 7.142955 13.839091 19.915084 12.626021 3.137518 11.761629 17.089944 12.006038 12.511068 12.798633 11.555049 13.591472 13.510760 11.908643 12.997585 16.321350 11.294943 14.720012 18.791604 13.984947 5.906547 10.251150 18.699157 35.361166 79.587185 232.810877 107.766668 39.916717 49.328127 35.148242 18.207346 16.567303 24.064695 15.199825 11.083524 9.802552 11.325487 9.627966 16.162636 17.518492 10.198390 5.876049 6.302224 23.002977 21.674171 10.291478 2.164660 12.663938 6.064207 9.241481 38.634680 23.031975 12.281900 12.292695 5.711306 5.379026 2.624384 5.757558 7.773000 6.377796 9.349179 16.313168 11.651510 6.196471 3.976751 7.380176 10.212459
6.883174 1.770241 290.2755 0.000000 2.959196 8.373655 15.231596 7.868413 5.220031 3.180654 9.908837 7.487267 10.790209 6.487557 5.834525 7.437623 5.995942 4.669448 7.996247 13.758716 9.284691 14.450885 7.311285 7.429793 14.856993 12.023026 20.081042 62.985986 57.710535 19.098469 18.783678 11.955340 7.883560 5.516400 12.205521 13.593103 19.464807 26.350096 13.792816 14.520168 18.483746 17.867299 9.699177 8.645747 7.129943 10.318876 7.496907 12.176465 10.512462 15.643595 11.709712 17.953811 5.820176 18.091437 23.081079 28.555687 14.719227 21.927864 16.160277 29.861414 126.681691 266.236909 70.990310 42.420354 6.579101 12.661169 28.208071 16.744953 18.032129 19.084108 18.035954 9.637292 8.959043 11.578531 10.729769 10.464508 10.383343 7.514672 10.577096 13.756026 11.781841 7.779350 11.760101 11.661246 12.222153 27.789199 21.428796 9.137357 13.763502 10.631731 6.881477 6.360985 8.515130 5.883358 11.722604 15.695161 7.178227 10.265762 14.715902 9.968567 8.040440 6.494045 12.887422
6.936188 1.765737 291.1673 0.000000 4.342252 11.813588 12.736508 5.753964 2.002942 5.342984 5.756552 5.982616 8.191720 15.956269 9.862371 5.159199 8.607800 4.245862 9.273204 8.294642 4.561724 11.065255 5.162755 6.172739 18.946259 32.113422 46.430164 71.684518 44.059950 12.969737 13.712700 16.166830 12.537254 8.695764 11.143119 16.394736 17.950143 30.258680 20.576200 7.593745 7.946562 6.195143 7.142179 12.694363 15.858714 12.422517 11.677392 7.414296 2.108197 14.205681 20.036936 19.521217 8.879352 12.813573 23.084992 9.651108 27.745403 34.247247 53.122554 75.975173 93.226259 251.442993 57.494375 101.308669 44.770583 16.167704 39.858539 13.708875 16.322785 9.826796 6.741113 16.500569 20.971617 10.130576 6.873636 13.307711 12.317567 8.759745 5.564443 17.518275 3.767445 8.796608 13.753870 21.495343 20.914435 29.095798 19.347728 3.221265 3.403209 9.889397 7.693968 6.347743 10.863056 5.467802 6.893125 13.767223 8.733608 4.751339 11.091175 9.812520 5.410104 4.959228 8.933307
6.986573 1.774099 294.0816 0.000000 10.081280 12.765031 11.877273 9.234603 6.125793 11.236943 5.172828 9.671894 4.414829 4.195312 14.523906 6.818644 8.534664 7.953032 5.827895 4.313988 5.258805 11.339181 6.719488 4.677431 16.812311 27.646541 31.944528 86.915527 41.053548 8.174241 12.718153 12.202079 12.495425 8.797781 4.101306 12.559673 9.410435 31.240392 24.036097 5.722903 11.488096 3.892234 5.634592 13.946657 4.261256 7.544880 11.907160 12.292980 12.361048 14.487803 13.466030 18.474819 19.057747 8.464521 8.851944 13.970282 25.732573 28.607456 31.721325 37.227838 52.897606 148.589794 216.365450 90.777830 59.003602 24.926379 20.900801 28.748945 25.938394 13.991438 11.969681 16.718009 18.964663 13.060534 9.646910 8.441515 9.039521 10.775041 6.303886 8.790463 10.750250 10.108326 12.489575 17.069550 17.219925 22.317634 28.536780 15.663515 5.746533 3.422990 9.437834 10.689115 9.037911 9.493238 4.584284 8.680977 14.084740 10.030696 10.700758 10.742064 9.518856 7.311290 3.633015
7.031797 1.781297 295.7584 0.000000 9.278525 12.062148 9.485984 9.450889 2.586289 6.905091 5.502971 4.057357 4.675129 2.668959 11.581991 6.845416 10.390454 8.347817 2.464562 4.079965 4.972726 7.292113 4.847375 9.960121 7.698185 37.735021 48.621029 63.181097 48.555858 30.420584 13.693058 3.031384 2.995753 2.233223 16.431350 7.071635 26.445507 27.182892 8.779370 18.263747 12.208677 6.204939 7.332162 10.338185 6.973948 6.544616 6.212705 7.115849 9.328034 4.721568 11.902957 22.331671 10.702479 11.565858 10.101766 16.274003 3.218282 6.919089 31.010968 40.139458 20.545392 70.104183 294.400377 116.834781 42.456574 42.773929 17.095072 16.302204 12.339235 17.243020 8.986856 5.198909 18.075627 15.545477 7.200333 7.836640 3.785232 11.557151 6.978440 5.859732 4.427693 6.408174 12.638641 11.088626 24.514580 25.844162 14.423012 21.897361 18.276740 5.217791 5.151595 10.120024 5.232011 8.536367 8.289824 10.759492 7.325454 6.432137 4.233278 16.635340 10.704698 5.994490 7.590134
7.083172 1.781541 299.1705 0.000000 10.585145 10.651744 13.617510 6.965538 8.280056 5.761156 5.063625 3.686023 8.283499 9.651753 4.781968 11.903854 12.719989 9.597735 2.706142 6.033683 8.796702 12.452787 15.194352 16.686423 17.172539 39.792346 63.894293 43.647726 24.034337 8.325469 10.604416 6.986041 10.856565 11.894905 13.205776 8.063425 11.402436 14.264743 12.396545 17.641262 17.629998 9.531073 7.294228 10.028259 10.261207 7.772182 9.996556 9.032376 8.884066 11.489861 11.688410 15.165575 12.497411 13.561655 21.302935 17.911761 15.407821 13.631997 15.214123 28.173154 33.219788 53.120584 155.873774 237.420613 114.498696 44.046804 38.680342 22.431430 14.590092 13.245297 9.631055 8.027978 9.827134 8.031277 7.789664 7.783030 5.487262 9.088835 11.276049 3.669453 9.467905 14.930267 19.524849 19.060855 4.016777 15.207742 18.081574 22.243779 12.311556 3.529290 10.388082 10.420809 8.538674 2.585127 4.148112 9.188939 6.330977 5.717329 9.836174 9.856006 6.766519 4.402888 1.168651
7.135052 1.787292 302.2501 0.000000 13.140757 8.327145 11.895333 4.588683 5.888079 8.113383 1.974227 1.891202 2.117785 17.786385 16.492398 14.105479 13.502427 2.552491 3.643539 4.870641 8.508040 8.877811 6.864430 11.219578 11.030693 27.685332 81.191116 23.614765 15.490173 19.658440 5.054470 2.401227 8.119119 9.159072 8.898488 17.350663 8.519004 16.358662 9.623794 20.753282 21.081364 16.213906 17.638821 11.131553 7.757282 8.654419 9.095669 15.350535 19.693945 19.327132 21.651382 12.123574 27.145615 10.792186 24.235184 18.626245 11.383418 18.282383 28.398306 25.308146 50.711092 54.781696 144.372576 216.753309 149.860329 53.172300 46.933963 28.588416 23.005215 31.354826 21.942933 18.285879 18.923868 15.268220 8.108088 17.253354 27.932612 23.015895 14.207586 9.322029 10.542150 6.260290 11.023325 14.789863 8.233228 13.967416 28.339446 16.479598 7.455913 12.460245 12.566276 11.178803 8.289014 4.842136 6.281863 9.427228 7.363466 8.927263 9.083101 10.573918 7.210584 2.830564 6.733454
7.183168 1.768543 296.3451 0.000000 10.324105 9.886355 9.053573 4.713198 6.996071 4.551075 6.711646 8.771163 9.672433 18.368763 13.560312 15.805620 16.785798 6.228185 1.992039 3.294375 10.067457 7.485869 4.851594 14.012773 28.661616 55.330068 63.324443 33.644361 24.139187 10.374157 8.062383 9.394428 8.349328 10.717619 16.071480 21.147634 23.149096 18.577868 17.248113 27.171436 26.834272 12.428492 4.654651 5.915772 8.368324 11.412875 14.837295 22.584565 19.852195 24.959399 23.981796 12.544340 17.660072 26.424630 11.810244 16.955639 24.625765 19.905087 9.250851 7.678335 53.294742 71.596842 267.027283 101.745235 48.303454 25.938855 3.654225 24.402373 19.789854 5.486421 4.805358 9.831958 22.484336 17.739110 25.728829 29.327768 14.992719 15.812793 9.949400 8.129082 8.221502 12.100306 16.520398 10.093636 25.403363 25.515094 14.262273 10.682369 9.632092 6.023314 4.244543 8.734521 9.068236 10.349707 8.135871 7.356546 6.886722 5.491566 5.721444 8.940385 9.468045 7.850536 5.961394
7.237050 1.765687 304.6591 0.000000 8.996378 8.028164 7.295761 6.809010 8.930415 7.197349 8.469906 13.591422 10.156277 17.632594 10.073099 16.392312 18.182649 10.886123 4.472532 3.650799 6.918098 9.517489 11.537759 20.635744 27.304121 58.435226 53.600877 24.854981 18.208071 17.538688 8.984975 13.591286 14.244460 8.276536 12.105914 12.644585 9.673101 13.526921 21.915585 15.453494 16.322117 27.447905 18.421495 5.939000 2.699235 7.589034 15.469201 10.970119 19.490436 25.018027 15.690593 24.051899 17.550955 12.379635 17.924419 17.439587 7.148824 13.527571 17.920123 25.525249 33.162375 48.599561 25.405520 96.574433 241.798255 48.134647 42.378443 27.420387 25.855292 20.635824 20.498223 4.846796 7.196294 11.264763 10.126868 27.933159 27.212482 27.624401 13.193516 13.998452 18.746786 20.602589 5.478505 3.689834 24.120514 6.984817 27.152270 23.103293 11.700398 12.094208 16.353984 5.555888 10.905356 3.644267 7.043018 9.563559 2.704265 5.741760 5.353882 6.259204 6.065864 14.139230 7.012821
7.285006 1.762858 299.0710 0.000000 9.750879 8.072792 6.318879 12.781921 3.522737 4.175396 5.805462 11.580419 12.855660 11.803180 2.479984 12.565183 15.798625 14.044514 7.129084 5.744689 12.234845 10.860258 14.015206 30.889512 44.390547 62.388957 31.639984 7.977308 28.415950 22.854675 8.296681 13.087032 19.425316 8.837254 12.326321 13.134049 16.773497 15.660391 23.174122 9.823892 26.152067 26.885797 8.233534 7.975054 8.374357 14.653723 16.084032 14.224151 21.539355 10.195556 20.813036 18.668730 12.193969 14.545599 15.947700 12.202088 8.638772 21.247118 28.399043 33.594234 47.088137 74.903725 158.715748 210.906852 76.301162 21.907750 33.813496 34.151883 15.261291 13.077780 6.048023 10.863727 14.611277 17.905655 18.540025 25.321388 23.360507 13.748697 17.484748 18.789243 13.122285 5.567648 13.019033 22.161746 19.634716 21.933385 17.666024 11.707466 13.007353 13.788060 13.159796 6.434993 5.121457 7.817195 4.309084 6.204890 7.186036 5.428488 8.021787 9.266254 5.665177 4.409138 4.314143
7.331378 1.769928 299.8700 0.000000 7.040373 9.298964 6.735724 10.046158 5.429147 7.952130 4.270733 12.202553 7.457994 3.623775 11.089862 8.193304 6.831174 10.289435 8.209715 7.562307 13.838296 15.909057 12.788729 12.029939 70.519685 35.355080 13.644114 25.306275 21.283882 22.459554 7.092353 11.386849 19.218891 6.761780 10.675458 11.068908 20.419468 8.580868 17.805108 14.937792 16.937412 24.512294 12.689555 3.182255 2.970402 10.940410 19.221120 8.830066 16.239494 18.345998 20.028070 15.385207 7.322815 8.723202 10.236293 22.824389 9.313671 13.300935 27.160610 36.727875 31.979402 63.514167 117.483643 252.789145 99.008330 5.873514 26.253406 39.823023 14.775559 11.946265 7.411758 9.706119 2.960935 4.301444 8.093436 22.920751 18.006693 13.606343 12.664133 18.496979 17.596378 7.464312 12.444422 14.673474 27.581267 12.014664 13.981229 12.817250 15.459339 13.972258 15.628127 6.485950 5.321355 8.794393 6.243669 6.116176 6.676285 5.911671 6.191045 7.952496 7.559961 4.597957 1.849285
7.383163 1.770475 301.6566 0.000000 6.122238 8.054685 6.982748 11.956592 7.854588 9.335095 6.254326 9.784860 2.558560 7.115677 4.127983 5.055304 7.293639 6.377200 9.247056 2.599771 23.366314 8.736411 23.836015 17.161364 71.715699 38.784325 5.467013 4.359162 11.902989 19.587232 16.416786 10.016242 16.128537 9.250224 9.330423 12.696653 12.916810 8.408115 6.225298 7.297084 20.124992 19.910845 9.177687 2.505086 9.547652 7.770696 14.592017 20.314256 16.195402 4.292441 13.114900 15.527353 5.096730 19.092540 16.261029 26.553265 5.801305 19.205331 23.579038 67.846553 47.271435 97.569778 26.839252 243.145303 90.166748 56.298965 28.805950 66.374837 42.907549 18.979035 4.817580 10.591658 13.463980 12.050480 8.881277 13.984091 12.961950 7.856740 9.951198 17.527886 21.725426 10.176139 10.094023 2.858786 21.808124 22.352536 14.229430 6.680308 8.062515 9.380459 13.787721 8.659635 9.369926 6.691921 4.423378 6.255508 7.406148 4.857248 10.161693 9.032078 10.940761 9.417348 11.201513
7.436511 1.779287 293.7475 0.000000 10.928421 8.825108 10.771545 13.010240 8.517247 10.970321 3.961358 3.792002 7.147735 3.126237 6.797458 8.779437 4.612160 7.106972 8.470718 12.097190 20.385382 24.423069 45.502962 46.072155 30.224069 18.609914 8.191577 3.515150 13.314254 18.016086 7.830804 3.698323 10.217120 8.572010 8.864996 8.454570 7.335048 6.174595 1.222938 12.244610 15.454424 6.760677 7.819501 15.248605 8.222224 18.946923 14.088989 8.943993 14.234234 10.981722 12.334665 6.581071 8.710514 13.737275 17.439620 16.357453 10.923102 23.927449 39.178905 34.640267 69.667986 182.883963 216.443196 82.239105 27.249050 27.262078 24.020864 9.865499 13.246763 9.671036 11.371475 6.940940 5.507272 10.796004 5.692987 5.841652 11.850636 11.970221 16.731354 16.434389 7.938708 13.187714 14.664846 14.634083 9.317951 7.731705 6.015828 9.124778 9.095635 3.793142 3.563666 3.020618 5.271323 3.589155 6.834747 6.032010 8.109715 6.778807 9.320056 7.374743 16.254114 15.841713 13.378683
7.483286 1.773354 299.4351 0.000000 20.365367 14.770738 3.958775 7.375067 9.418096 9.297097 4.465324 3.613026 6.004246 1.728158 7.956522 4.153966 4.666933 2.923745 5.784992 12.145100 5.393113 21.375930 22.696579 85.426565 17.785511 9.790854 4.908670 4.864806 12.034903 10.384291 6.752997 6.771411 12.406110 4.534401 5.457148 7.320289 7.792476 6.454850 6.613333 5.488137 8.091241 18.181631 21.333398 31.573394 17.051931 13.374415 10.411916 7.613267 6.992547 5.812249 7.333900 6.580450 6.229874 11.523411 12.605089 15.192361 18.069325 10.202964 12.399702 27.862181 35.071542 89.899700 186.487882 203.565166 79.973929 65.240551 34.542607 43.239466 16.148196 11.473072 15.882204 16.828488 11.204028 11.990661 6.056339 7.202995 13.251972 10.316171 9.253212 10.772028 19.510283 20.603493 19.814504 16.737262 22.819186 14.538656 4.325136 3.169077 4.338668 5.909265 6.659536 7.531465 7.336642 3.570443 4.471926 9.089787 11.203791 8.992256 7.234239 10.731138 13.701319 16.977950 17.665355
7.535997 1.754000 309.5429 0.000000 20.427569 17.739555 18.030747 8.219871 7.005284 1.867240 12.374751 12.259173 12.072476 9.891434 11.694484 5.996171 6.117235 9.900333 16.582314 24.549738 22.476876 26.598546 39.218578 58.522452 47.517596 9.659604 15.696453 10.137202 6.605183 7.500495 9.301716 5.789053 9.020745 16.479034 5.392644 6.419795 9.115165 15.521168 7.549857 10.467257 10.562111 9.197239 20.266271 12.060332 37.125213 31.698307 13.845086 5.118488 2.851792 4.711911 2.353371 8.487133 13.610876 8.145353 8.817801 16.931079 18.459951 16.644002 22.649945 29.729705 34.328930 43.590660 32.799203 29.685688 142.788902 207.670997 30.251442 55.074134 37.552044 57.922903 38.851843 38.325084 5.150957 19.853220 5.622096 8.978953 12.253643 5.402810 17.763016 14.332996 11.969101 15.415418 28.498346 13.719839 25.937260 19.682154 16.904590 18.676215 13.589980 8.916837 7.267676 4.459058 4.492809 7.609842 6.779544 6.817703 9.166185 6.185437 5.136090 6.495753 6.255490 9.638275 9.318648
7.582914 1.763077 299.2904 0.000000 19.393017 10.026190 24.087734 4.320716 4.155168 10.664588 7.897839 5.244450 3.229665 7.431123 4.274856 6.402413 10.379582 3.505584 10.436132 15.849299 16.674579 29.874764 80.505717 43.387478 25.610876 9.354827 14.567499 14.731168 18.842088 5.231546 10.665920 8.305063 18.084219 5.661642 12.348515 17.087028 6.000502 7.822845 9.705993 13.456284 11.927641 22.553798 14.289730 31.516063 43.491975 22.466875 9.965703 5.537895 6.266896 7.412113 13.649152 3.611938 12.650016 18.543224 23.762577 15.241225 7.448487 19.291827 12.749626 20.922803 49.410516 54.961092 140.939480 199.565365 24.853808 33.586222 75.399845 21.068650 14.072795 24.549789 15.586027 14.628403 16.860678 11.065212 10.197211 9.724644 15.526875 15.931645 21.993124 27.101013 21.781224 22.739483 27.810043 16.377477 18.435388 17.612538 4.469404 4.641809 3.888021 4.345323 6.157781 7.496577 5.018194 7.397139 7.588841 5.717051 8.406231 11.218779 9.872870 9.697768 12.311744 12.712119 9.298993
7.629740 1.758739 313.8944 0.000000 14.469343 9.961321 19.821143 10.886066 9.714020 11.195977 11.842458 3.433912 5.890482 10.825343 7.817862 6.919185 9.984372 7.874158 7.719190 16.752004 12.877451 14.305107 63.655042 69.792357 29.718290 21.779910 19.933012 16.089249 10.712416 11.743948 8.321003 6.060240 13.126156 11.043593 3.362872 6.701678 9.119856 13.986570 11.428281 7.185830 11.547001 3.982737 25.517407 12.088797 24.199818 39.621810 27.124104 22.797738 15.661530 12.752245 5.607616 11.465184 5.859053 8.821888 14.332830 20.269782 20.403065 15.400124 12.889619 21.697977 18.781576 45.130306 64.788040 57.436960 101.883176 166.502121 161.793389 90.882406 43.731693 43.907811 15.888847 20.123405 37.871804 28.831348 26.820518 14.988407 27.826974 20.271363 22.246745 10.001623 12.713408 36.534490 17.706263 2.351992 16.137829 33.662885 23.979181 26.832159 7.822194 16.081065 15.378449 10.976773 7.581838 12.517427 7.948386 9.832805 12.527184 9.096277 9.156640 10.575187 13.938725 14.997023 9.840098
7.683134 1.760236 303.7242 0.000000 13.189507 10.601948 6.849867 22.759387 13.910989 10.454820 5.675049 10.348509 6.884417 9.239425 15.847226 12.256028 8.110432 14.526080 6.471166 21.589366 37.357718 56.716528 65.065112 20.116129 9.982213 14.504031 21.590947 11.455753 6.819650 7.880618 6.165076 10.895306 7.486649 14.266000 16.436552 12.429098 13.357541 6.363542 6.915517 10.337105 9.734682 13.479483 12.192401 8.040275 25.611189 33.188605 13.513672 5.864770 11.025999 14.317534 9.820853 10.271367 19.495453 33.289545 38.267274 23.706578 17.938521 12.531877 20.319876 42.853896 42.267531 36.252610 54.352563 149.298562 194.562740 91.257983 52.622934 30.178800 23.223319 28.109166 32.533612 26.171857 18.499222 7.288437 14.255887 30.044073 21.845951 14.023379 23.983298 21.324625 11.963035 16.318508 22.763863 12.576319 12.749706 15.202186 12.294822 9.293540 7.871004 8.615478 12.494910 8.121905 6.324614 5.751523 2.297993 1.973743 5.964089 9.732977 7.009395 5.482969 13.260432 12.770178 10.619135
7.729722 1.771206 298.9334 0.000000 16.942230 8.630341 11.552701 16.213726 11.408286 4.851665 14.986584 12.044043 7.446244 11.312895 19.246241 9.802483 15.614049 19.042764 15.857152 29.352716 56.838714 65.876494 21.774211 6.641964 15.871207 17.570190 11.781134 9.093342 7.209848 7.269809 11.829553 13.690489 13.838868 8.735135 13.958314 19.229543 11.263013 7.166961 9.411143 9.827478 5.488466 9.444920 12.859389 3.405377 16.050929 35.460693 12.031910 11.322559 8.347277 19.492356 8.851761 23.805147 31.173254 33.654891 12.477161 3.806965 7.391963 17.314488 28.654809 25.592502 23.400074 25.305039 140.990771 200.981269 39.129045 28.913411 32.583991 21.023919 19.470703 25.263828 27.344873 26.564039 16.592845 21.726932 19.684057 12.888746 18.831034 20.770334 11.193061 3.357604 17.449627 19.955969 14.402983 17.848363 5.057844 12.055631 14.265045 9.534003 15.038804 1.944477 10.498693 1.176043 5.963456 8.188302 8.809092 7.455324 11.588985 10.584966 17.786339 12.662674 19.209288 13.489140 10.108475
7.785985 1.771010 303.9406 0.000000 10.692629 3.999704 12.204277 20.906439 8.102480 14.473707 5.417755 13.664011 5.721924 9.784347 6.886329 12.799548 7.537074 11.529185 8.245745 9.895351 37.791001 83.279660 22.761915 8.682037 10.719643 21.602250 9.927069 8.670432 3.756288 6.927255 18.346104 17.294198 20.090035 6.789526 10.468395 28.129401 13.137184 8.055413 6.536990 3.132158 5.910161 3.854811 12.894887 11.949179 10.891473 22.171628 28.502768 17.967290 9.717004 14.973049 19.553318 17.019904 29.321348 33.137371 25.185369 31.108434 19.692742 11.376539 13.227566 23.272865 19.117989 39.019316 47.830606 136.018162 199.672402 78.825809 49.294488 39.401152 44.183803 22.830549 32.754710 35.276056 29.993532 30.937208 22.692549 24.891150 20.258470 26.505953 23.529345 8.123247 7.143847 21.441185 19.515047 3.272452 2.650065 9.860166 12.077141 10.641865 14.653569 12.462917 6.673842 10.948557 12.641153 10.418581 4.572284 6.268659 7.958217 8.790097 7.834908 17.697258 13.361287 7.654519 7.003577
7.833161 1.763305 295.9638 0.000000 17.156735 9.533495 16.980829 18.807965 7.111429 21.186841 10.351680 7.832676 5.601487 16.196407 14.159737 15.693964 16.962577 18.520234 25.287919 53.327118 62.620016 36.357690 23.497175 9.474744 12.876099 19.988347 12.530628 6.953882 6.527206 22.755890 9.531936 12.554758 10.172479 6.659468 18.347309 6.846000 17.928642 9.851942 8.397116 7.243798 4.494377 12.761791 13.986860 9.547424 15.124289 27.733833 29.399471 11.832231 18.816131 13.161802 20.697502 30.247859 23.262874 30.273283 24.370612 10.210804 13.965893 41.020863 11.926632 11.726751 31.324033 85.954162 223.058383 162.843315 56.988659 24.607909 44.642155 20.945257 28.902072 20.213359 20.025885 27.340274 30.262895 14.837277 13.829736 16.181389 18.910894 22.445409 17.961234 25.658155 18.594310 5.715699 5.923000 12.430802 14.226152 5.739533 8.671192 8.428161 5.933389 8.313488 4.960383 9.047974 5.622525 11.348951 5.585182 10.424890 18.758630 10.534969 3.475529 3.636247 6.525690 6.275944 5.904041
7.883204 1.775736 308.4549 0.000000 14.534424 9.707937 7.858287 8.711739 11.680471 16.988651 5.406724 15.904558 12.548625 9.658897 3.780152 7.036012 9.658455 9.406876 8.208401 34.594139 88.112064 38.644081 18.007981 17.152523 10.557349 10.814036 21.990647 10.906831 4.136971 7.003312 10.941860 7.512850 6.057230 10.344675 10.809236 11.694698 7.839892 8.968401 15.326302 14.976740 12.798122 8.094690 8.195213 6.018613 18.162308 31.862270 18.182257 19.479586 19.845739 14.628083 11.808117 18.048173 26.675152 15.650825 6.745466 20.736508 32.892743 19.731921 21.274389 24.439412 15.260364 14.484639 29.857546 61.968185 144.590998 196.740942 129.115042 69.538063 53.511804 25.928671 13.610728 14.277042 13.071538 10.546989 19.970017 27.849394 16.974923 23.262953 33.362893 24.686733 22.328396 27.774994 27.095192 26.599356 8.535372 6.931054 10.689328 14.786912 16.309352 8.588931 10.186948 11.418383 10.581820 6.548305 9.389877 10.728055 4.564324 9.404968 4.456210 13.187305 16.758866 5.581761 4.411676
7.936185 1.774379 304.9936 0.000000 11.214157 15.383242 11.024222 9.416258 12.372183 19.541802 6.267363 10.659854 13.425819 12.061303 12.243923 12.674664 7.871950 9.122847 20.207221 58.446034 61.458086 19.172066 14.594232 16.006498 8.302303 15.486383 17.350913 8.841452 17.063854 11.320869 4.886197 6.299433 6.166093 5.921601 6.721461 7.276395 9.976370 14.960262 16.266509 13.007940 6.246800 9.395704 6.538850 16.502465 30.723744 19.249063 14.231523 23.339395 21.521489 12.881502 13.551953 18.212070 11.064397 17.808501 29.678173 18.189384 13.305233 25.767045 39.344655 35.955947 45.265309 48.108572 64.853165 167.066012 210.345735 112.933133 22.209199 17.531452 18.080928 14.199569 8.745821 8.068438 12.550627 11.928180 8.998211 12.588735 17.573925 8.401279 14.076990 28.007889 28.992976 21.835308 17.623062 13.376742 16.274886 13.916866 10.029366 9.425255 7.622481 2.936058 1.974860 6.251889 10.259203 15.032808 9.614275 8.423600 9.704039 8.658360 12.198249 10.206064 1.477130 1.817501 1.524366
7.983127 1.774428 309.4488 0.000000 17.821793 5.716806 4.908546 5.894475 13.156595 5.917583 14.520169 3.210422 16.008542 11.033213 9.099941 8.202736 3.799969 13.536652 33.830223 86.508992 32.586081 22.683824 31.431943 11.885015 10.923152 12.152400 19.889942 7.707960 18.670818 12.137399 7.222957 9.705746 2.351071 6.403340 4.035530 4.804981 4.398985 13.808017 19.356132 18.473356 7.089309 2.980202 6.802117 3.442350 18.102528 29.217351 36.067145 24.861437 14.173153 21.502276 5.994130 9.100474 16.310235 7.470774 4.291900 8.640521 14.257824 16.072460 32.120788 10.367019 21.283674 22.672314 39.367405 106.649371 161.714217 186.336814 45.099556 70.108001 44.867263 33.298679 21.468088 15.143069 13.600107 15.387130 10.022761 10.749072 11.420982 11.143216 22.178465 21.944674 23.606159 32.236327 17.057468 11.906435 15.192974 10.505609 14.753949 18.087550 11.067782 6.307828 6.870616 8.536055 9.717471 8.530110 7.321320 13.645095 10.085225 9.496507 9.704626 5.934218 8.951999 9.467498 7.691061
8.035808 1.777190 319.0437 0.000000 4.349069 13.077554 3.216104 9.076027 12.803116 8.026059 12.522249 4.370131 11.983387 8.291719 3.609975 1.230248 7.139696 6.361488 13.572858 62.928736 45.996518 17.176162 17.430621 17.563275 15.716030 13.941603 23.453838 16.900165 13.578425 21.079359 6.458189 9.032685 6.288743 4.773981 4.417625 2.616911 4.959486 6.191596 10.516470 17.289790 16.400314 8.191501 8.696555 14.535915 15.374040 19.075665 9.738452 25.748537 18.718305 9.206742 26.677044 13.466661 6.501638 12.120048 10.113184 6.637038 8.721930 19.897559 23.365802 20.199912 23.625510 17.752538 7.492331 26.411352 50.502983 60.795458 162.556532 207.849387 56.414561 46.143218 7.570864 10.126055 12.975390 8.017464 18.435917 12.384780 9.788707 10.798984 15.559595 5.957660 18.748303 14.855736 4.777672 34.991125 20.871823 13.305361 14.051736 17.272984 10.319248 10.718649 7.257079 2.505279 5.618247 6.984209 5.135192 5.082626 8.248921 9.611840 16.463221 14.674435 12.502806 9.332321 4.138166
8.082934 1.778393 308.8997 0.000000 11.207426 7.864267 4.556469 3.270791 16.846056 7.156276 12.706346 11.204206 21.007430 5.624088 7.819182 11.606716 9.973816 29.780301 51.430510 56.401917 21.744047 11.396006 27.698934 26.939599 13.364412 16.070962 23.066323 17.592770 22.111827 4.224269 6.860978 11.918207 8.800915 5.799549 1.494564 3.952711 10.150839 11.817196 12.923731 12.054777 8.698526 10.344249 14.904224 6.916623 13.266809 14.714673 21.612447 13.464961 19.394590 20.748004 17.843352 8.037749 8.604626 3.439040 4.790993 15.091494 25.841034 23.635222 22.631036 26.459184 11.272079 21.274859 43.111484 59.589423 177.641849 208.986798 70.168170 31.214623 10.510760 9.277384 12.058445 14.309314 13.342005 11.653900 4.964821 9.983246 11.536996 11.049079 17.624201 12.062381 17.674373 21.106199 14.670510 14.890696 11.749023 9.251108 8.738231 10.936322 8.429664 4.852614 7.674551 6.310216 3.490964 4.571318 12.586890 23.006747 15.676438 15.046913 13.086016 3.917018 9.179975 9.379718 3.360482
8.129908 1.633361 318.7605 0.000000 4.711950 12.800549 10.746312 6.744324 15.359742 6.880751 9.203729 10.003007 14.490125 10.675137 9.647067 11.736449 7.632050 16.213015 47.732336 48.442494 36.393302 19.545832 10.373119 13.424794 12.475471 8.955513 12.179569 23.097530 22.189236 13.685123 15.075608 8.052735 3.511818 5.063951 8.080174 4.234032 4.768686 10.738054 12.931814 13.262540 11.743098 11.719853 13.819708 15.131744 5.870801 8.260357 10.885745 22.316383 15.313808 17.724160 15.312078 24.175100 15.143484 15.824708 10.381106 5.538467 6.060192 16.346579 24.392918 26.032539 19.533474 27.025664 34.569230 27.568936 21.961285 40.571334 141.402393 198.122429 108.839402 43.320797 16.184627 7.402303 5.146673 18.157499 24.875870 10.806809 11.302092 5.912614 12.279947 15.403239 27.340361 21.304896 13.207528 28.881987 23.305947 5.121213 9.262356 8.190349 9.478998 3.611918 9.147521 9.869758 3.623203 7.695797 3.429334 2.682178 9.414847 15.068017 16.734305 13.773128 12.335216 7.441146 6.290728
8.183213 1.367326 314.1387 0.000000 17.185287 9.268240 6.112802 1.315344 7.071282 9.910540 5.011862 10.781651 7.835908 5.485470 2.880748 9.986482 6.066322 29.133165 44.187408 21.610951 15.141197 13.477180 6.562909 11.709817 15.703304 8.444706 15.756865 22.832278 11.309617 13.512696 11.360187 6.803501 5.171926 7.457988 5.636497 4.924063 7.464743 7.528498 4.875267 5.662354 10.177268 11.549394 12.740498 8.336699 7.544752 8.987669 7.712628 7.603737 6.087209 5.251128 11.999976 17.073518 12.387003 9.116574 9.321087 8.090772 14.185739 22.960034 24.989484 23.946230 18.981622 24.938543 35.501430 27.260595 41.139778 119.049723 167.941628 88.510823 35.136650 31.877727 11.250818 16.900808 11.973119 14.930643 8.112149 14.104213 9.436497 2.197305 7.940003 14.027800 13.244137 23.279097 12.580422 9.014240 6.721847 5.032368 6.844109 2.021132 7.732530 6.711068 8.947361 5.559352 6.926511 3.854997 5.922956 10.253820 20.618835 14.481828 11.991372 10.926620 4.891279 7.721671 6.028071
8.229704 1.046019 309.6132 0.000000 19.255381 13.489032 4.610047 4.234757 3.077956 4.650857 11.383029 13.645269 8.243759 4.360242 3.215652 9.642049 19.760878 23.853403 21.428263 16.901000 12.270933 7.255488 5.184722 5.895188 5.919202 8.456655 10.140316 9.327390 7.618036 9.203328 9.043033 4.320106 2.419598 4.710731 5.073676 5.434404 6.655404 6.419715 5.116275 10.682938 11.674967 8.883350 8.829537 6.762197 4.597694 3.898893 5.975339 9.032848 7.000894 9.640837 11.936172 11.619078 12.591047 7.124669 4.341412 13.180336 14.692004 8.155587 11.754371 15.415188 24.066055 42.955065 36.638781 47.872377 100.927899 111.761500 76.671983 29.386978 6.540506 16.914059 15.159423 7.936215 6.254429 14.921110 12.221149 6.039086 5.262521 5.956884 15.127573 18.536903 13.853467 7.404081 4.927253 5.027976 5.063274 4.982514 4.796032 5.001373 6.292959 7.730575 7.069925 3.760083 3.165470 7.064683 7.800889 5.980878 3.635894 2.970438 2.999994 1.982210 2.664369 3.033963 2.225901
