# LRA Full Analysis Data — Replot Source File
# Source file: pitch_constant_220to220Hz.mp3
# Generated:   2026-07-13 15:04:13
# Accel sample rate: 1523.5-1699.5 Hz per-window range (1601.1 Hz overall)
#                    Each window measured with its own real rate, then
#                    resampled onto the common freq_bins grid below
# Rows:        157 (one per time window)
# Freq bins:   100 bins, 0.0 to 495.3 Hz
#
# MACHINE-READABLE METADATA (used by replot mode — do not edit):
#@duration=8.000000
#@rate_overall=1601.128456
#@rate_min=1523.535942
#@rate_max=1699.453292
#@freq_bins=0.0000,5.0035,10.0071,15.0106,20.0141,25.0176,30.0212,35.0247,40.0282,45.0317,50.0353,55.0388,60.0423,65.0458,70.0494,75.0529,80.0564,85.0599,90.0635,95.0670,100.0705,105.0741,110.0776,115.0811,120.0846,125.0882,130.0917,135.0952,140.0987,145.1023,150.1058,155.1093,160.1128,165.1164,170.1199,175.1234,180.1270,185.1305,190.1340,195.1375,200.1411,205.1446,210.1481,215.1516,220.1552,225.1587,230.1622,235.1657,240.1693,245.1728,250.1763,255.1798,260.1834,265.1869,270.1904,275.1940,280.1975,285.2010,290.2045,295.2081,300.2116,305.2151,310.2186,315.2222,320.2257,325.2292,330.2327,335.2363,340.2398,345.2433,350.2468,355.2504,360.2539,365.2574,370.2610,375.2645,380.2680,385.2715,390.2751,395.2786,400.2821,405.2856,410.2892,415.2927,420.2962,425.2997,430.3033,435.3068,440.3103,445.3139,450.3174,455.3209,460.3244,465.3280,470.3315,475.3350,480.3385,485.3421,490.3456,495.3491
#@input_spectrum=0.000000e+00,5.340770e-02,5.224724e-02,5.902447e-02,6.512323e-02,6.142042e-02,7.595440e-02,6.904901e-02,6.625494e-02,7.807844e-02,8.242085e-02,7.587719e-02,7.440553e-02,8.676424e-02,9.390174e-02,9.111795e-02,9.997591e-02,9.684875e-02,1.082765e-01,1.019808e-01,1.097368e-01,1.256083e-01,1.199902e-01,1.267226e-01,1.659535e-01,1.627072e-01,1.749566e-01,1.676707e-01,1.744542e-01,1.891864e-01,2.209779e-01,2.563939e-01,2.756338e-01,2.729366e-01,3.261592e-01,4.069440e-01,4.385313e-01,4.304431e-01,4.626867e-01,6.510544e-01,9.909381e-01,1.386962e+00,1.710925e+00,1.147849e+02,3.606963e+03,1.992117e+00,1.736737e+00,1.376117e+00,1.025011e+00,6.880016e-01,5.333055e-01,4.910938e-01,4.986668e-01,4.227870e-01,3.778131e-01,3.333360e-01,3.095504e-01,3.098166e-01,2.952664e-01,2.587928e-01,2.310084e-01,2.272174e-01,2.470416e-01,2.149459e-01,2.100975e-01,2.007234e-01,1.859944e-01,1.898953e-01,1.795403e-01,1.685737e-01,1.578103e-01,1.598404e-01,1.674022e-01,1.586064e-01,1.418642e-01,1.353803e-01,1.434836e-01,1.350955e-01,1.501515e-01,1.242039e-01,1.198116e-01,1.167583e-01,1.178686e-01,1.172857e-01,1.125929e-01,1.204488e-01,1.121344e-01,1.040211e-01,1.054964e-01,1.009884e-01,1.065682e-01,1.038296e-01,9.699520e-02,9.652287e-02,9.559240e-02,9.990845e-02,1.011510e-01,9.688312e-02,9.088892e-02,9.025239e-02
#
# Columns: time_s  rms_g  peak_freq_hz  then 100 FFT magnitude bins (in g)
#
0.439988 1.906248 219.0082 0.000000 5.020338 16.193596 7.980131 8.267664 18.448272 6.845069 8.630756 3.290491 3.554327 6.270575 8.574529 4.638883 4.296853 4.259991 8.432096 9.241267 4.489105 13.425213 44.425736 38.000094 19.698159 14.183087 20.605561 17.359166 9.879051 15.401126 17.241054 14.426161 6.516377 13.313243 10.990056 12.764947 17.596618 19.395696 18.431988 12.718051 28.823127 24.224717 20.483612 24.093459 45.103680 115.182831 180.311634 238.991646 45.184797 57.792138 43.448374 27.396450 16.110404 15.948550 13.996154 8.544327 7.457780 4.281285 4.040831 3.679892 7.045985 5.255269 4.416619 7.620105 7.049048 13.869852 6.860357 9.322919 16.145411 23.036884 49.399995 81.109869 15.842644 52.981669 30.611840 2.874434 3.253576 8.901581 20.828808 17.629839 12.598468 10.520259 10.442291 9.769585 6.264564 11.483318 13.314186 8.175536 14.243077 16.635150 8.740123 6.730604 4.446102 7.106743 19.843588 14.508729 4.625339 4.619033 6.663329 8.472964 4.895983 3.257691 2.853195
0.485542 1.911705 224.2990 0.000000 1.925451 17.500355 5.267927 1.977840 28.954689 4.952458 1.228555 7.434191 1.100623 2.874360 2.192553 3.215198 2.235385 0.589489 5.340621 10.415301 6.101030 15.075683 22.337055 64.900962 9.324150 3.891488 11.875792 12.105936 8.088677 17.069638 10.091200 16.664149 14.559013 6.902529 8.512522 8.105625 4.742303 11.423601 7.930081 11.053950 12.472388 20.063963 24.432817 37.509326 38.520930 58.549782 47.491944 164.786589 275.096458 73.333064 20.974100 35.610011 24.543005 37.956464 21.940427 29.116660 15.730289 19.282105 11.319326 10.021332 9.199036 7.173497 2.949869 4.643777 2.986857 6.764014 7.371819 3.747589 11.923314 13.225972 24.951036 35.197526 72.959974 72.704406 39.901257 31.321250 17.746127 23.738339 13.173914 11.194321 11.349472 5.005737 8.674120 5.072632 6.225817 9.089412 7.534755 13.840466 17.041478 13.613519 16.664946 9.927563 7.827379 7.771066 5.354324 7.254944 12.531508 17.575093 15.909265 9.495986 3.409234 2.382017 2.012913
0.539976 1.910342 224.2712 0.000000 12.214269 8.384058 4.688971 12.027986 20.551123 10.322815 2.149005 6.601733 0.376600 0.714131 3.234528 7.168632 4.158715 6.029575 5.087896 10.885913 12.749796 10.058189 23.422088 58.642133 6.788148 5.432100 6.286099 5.615714 5.592987 12.467927 8.150258 16.181648 16.138687 8.537505 7.432123 14.862455 5.634570 5.827797 20.228442 7.922279 20.172798 13.077276 20.336180 36.359745 35.484980 41.539669 115.606765 201.957914 237.214522 66.568944 60.757773 37.617921 33.168636 31.076271 29.234769 33.565301 19.160857 12.091903 14.256174 12.358646 12.576311 13.442766 11.020603 9.151607 10.347978 8.945374 7.307191 10.074733 25.799602 27.798336 15.226968 41.817559 78.542872 47.054881 20.808397 38.498916 11.980739 16.358732 3.634108 7.684629 13.709003 7.440801 10.979753 9.298497 11.049171 10.787693 6.648199 10.860037 13.295590 7.678095 8.651707 8.069087 13.414911 8.446128 9.455139 5.675509 7.267567 14.937426 15.164456 5.562651 6.366623 5.810807 5.006048
0.585579 1.900745 216.8941 0.000000 6.894333 13.724582 15.619726 22.534647 24.411577 7.545805 5.522355 8.796580 7.309330 8.322514 8.893942 8.544470 8.515436 14.310135 10.268215 11.147872 15.368706 24.737643 49.733613 38.554722 17.214541 13.627521 8.187505 19.165670 6.244917 14.222943 9.751771 23.630873 7.169920 13.312459 21.398376 13.918077 19.948755 21.093882 21.158378 22.943908 22.408492 26.868414 33.057848 37.450463 39.043527 145.597732 239.807711 157.023836 72.757896 25.425005 27.368746 9.031728 14.247874 12.721291 15.736182 5.878167 8.246628 9.285996 3.598663 2.311498 9.989211 8.804545 2.208532 5.195785 9.998083 11.454531 11.669294 16.951601 14.729376 46.158137 66.546705 60.389071 50.616612 32.676662 22.591231 13.935086 9.498875 12.501337 7.088502 8.507030 3.249638 10.516167 8.882915 3.146512 6.058540 14.802893 7.993774 5.208352 11.634815 11.458509 6.886507 5.392975 5.449160 13.426886 15.727783 14.432947 10.799502 6.967812 5.079634 2.296660 1.673390 3.547937 4.763447
0.642345 1.899114 219.3263 0.000000 3.888395 9.787346 10.884730 11.016929 13.880155 9.474004 11.790700 3.802052 3.730108 1.530432 3.038282 8.466428 1.776824 8.535600 10.666105 13.712347 5.900050 13.754570 36.997406 49.301828 18.452061 12.816558 18.600474 10.812458 18.432705 7.807420 11.366948 12.561809 15.098048 18.501642 8.843845 16.030904 6.158494 10.704881 15.064948 27.330321 29.669336 27.426616 32.309563 30.722144 36.517543 69.480579 128.755465 258.709910 171.345508 44.701623 29.813198 28.086002 11.079881 24.019344 19.370696 9.424028 17.061408 22.087697 18.530615 15.022163 11.528212 16.493803 11.768697 13.746072 6.558689 9.540133 12.682644 21.454721 9.365468 19.581854 15.454532 45.463410 77.627604 35.594531 13.402592 22.434085 41.521141 17.322423 8.250598 13.188804 5.737985 4.667437 8.671428 14.480719 12.452170 4.085977 1.938544 4.762788 12.765103 11.470061 8.789774 12.177925 12.267720 5.811645 10.965127 9.966225 9.207067 16.253298 9.344457 9.527848 4.399406 6.262669 5.141983
0.692368 1.901968 211.1803 0.000000 6.920386 5.922926 12.587899 7.120365 11.027756 4.998293 3.897684 5.637058 4.389477 2.560900 3.311062 4.597789 7.311115 11.639930 16.025459 6.670788 5.328851 35.531503 43.287434 21.948878 23.564428 5.506155 4.570097 9.600354 13.492007 12.458600 9.799630 7.928144 14.083607 16.982461 7.686507 5.158690 8.432817 14.335429 26.674899 32.128784 20.387234 20.499818 21.124454 32.347209 81.580434 260.456789 163.748913 80.978351 42.799976 39.056440 28.564748 46.996625 17.249689 12.278581 21.083978 18.118759 7.764004 15.406443 11.120480 9.383700 11.730470 14.058762 6.199209 10.902303 21.746114 14.131513 18.961721 8.202624 11.323735 81.249428 44.087891 12.310170 24.542279 23.770845 21.331439 28.629313 11.456499 6.829085 11.120258 11.667843 16.779348 13.983704 9.133199 8.420707 10.626307 13.967739 17.951150 14.857337 13.434380 9.112729 6.048818 7.789948 5.451700 10.611495 13.107751 6.597117 3.151010 10.541345 1.330068 3.968622 6.921708 6.335014 5.161261
0.743033 1.900139 218.2548 0.000000 10.545114 5.840547 11.371782 4.371636 8.692343 7.519798 5.454769 7.651913 6.291734 6.624119 6.409443 4.283772 4.593450 16.731494 12.519347 16.503333 12.542249 22.119490 44.841135 34.600533 21.303184 14.076043 4.532894 5.307282 9.960301 9.958764 11.965208 14.215873 13.541864 7.452066 8.312056 10.026800 4.737739 8.062911 17.153312 20.563575 15.840456 10.840481 23.596239 17.002749 29.266799 45.884619 144.687107 238.283193 100.114988 64.981451 39.239194 51.155753 34.557067 17.216930 24.265889 26.577332 25.526412 17.631060 22.643122 18.987824 16.392263 13.457572 13.820640 14.928316 16.639163 11.349548 20.692927 27.129337 13.114345 14.054582 14.477186 71.327466 56.820943 11.399540 19.571320 21.931208 24.260145 13.709042 10.410097 10.206113 9.280747 5.589596 7.072738 10.546290 5.894783 4.478376 6.138059 15.444500 9.813620 6.224513 13.237636 17.787007 7.975127 8.520323 7.176707 6.882076 14.712338 14.377250 7.114789 1.124487 5.466855 4.067728 2.514872
0.793785 1.910340 217.8800 0.000000 3.477646 6.568694 5.728060 12.408441 12.434379 4.747763 7.303820 5.361170 1.128194 3.750806 8.247449 5.420198 7.705652 4.458368 11.117720 21.099895 15.418375 21.102036 40.550916 31.704975 14.564107 9.735199 11.273935 3.908825 3.555804 4.599349 15.167398 19.767634 11.316664 2.516199 7.723450 15.390816 12.165311 18.520796 17.463100 16.011469 19.019313 16.067893 15.382006 17.962038 37.615228 65.064706 182.739432 236.966500 107.126078 48.791229 41.429965 34.513624 41.147933 30.076589 25.018163 36.412949 30.567404 18.380411 12.123978 10.413862 10.453507 17.017873 13.131904 9.649171 12.263575 14.039549 22.915260 20.239627 24.715267 14.821796 19.311731 72.682983 34.412789 24.921449 27.769752 29.329194 20.813236 8.397988 11.882569 10.821314 10.105631 9.127483 14.404099 6.958984 11.455759 6.028759 2.208610 17.275226 9.357011 11.407464 8.027481 25.401908 13.202703 7.859982 8.661937 11.861151 6.052796 4.713929 4.183388 2.407784 7.395970 1.311994 2.505979
0.843663 1.909683 218.6252 0.000000 3.994683 4.985958 3.557924 15.878482 13.987500 3.085680 9.273545 7.711121 2.597884 2.094584 6.654674 6.392117 7.981227 9.446579 5.545460 16.572572 2.265100 12.826352 34.638553 45.519001 25.159039 13.142142 16.730769 10.709443 6.999466 5.541491 10.635566 14.692319 25.192158 14.111054 16.020206 28.276720 17.262375 13.794633 19.414873 11.515450 11.939506 21.864327 18.394002 40.803512 62.768198 62.015976 144.667310 251.375214 159.586873 60.324699 34.232156 11.020242 22.204624 25.304473 19.302880 29.509851 21.840563 12.676925 10.752458 6.313507 5.908617 7.506971 3.992648 4.421785 6.767790 9.747384 13.696175 10.959371 7.028231 10.229547 15.278962 50.868387 60.392526 29.490876 16.674871 32.510612 26.833568 8.664165 9.939380 10.213394 15.164985 11.932979 10.370315 6.896916 9.056856 7.798654 4.748290 16.577033 14.711484 7.267605 4.033368 16.471535 14.854793 7.870604 4.157752 6.391069 13.275907 10.378593 8.961926 4.635861 3.110638 4.595354 6.095854
0.893683 1.909317 217.9706 0.000000 3.323146 3.579690 7.914922 12.456737 7.308617 10.380804 2.359835 5.242420 2.083399 4.148391 3.279537 5.900230 3.911674 3.810576 6.992431 20.032785 2.256684 14.026031 34.781207 39.893906 8.935594 18.527582 14.507911 6.448160 6.897061 8.721178 4.570606 11.352218 26.673224 22.232380 22.230923 25.429451 15.965289 11.730821 12.984250 21.555209 16.519323 22.235643 27.719455 40.054264 59.797603 72.430247 172.416367 242.326540 140.755030 55.500815 29.231939 24.301223 18.588467 10.442342 17.497560 16.596565 15.766299 15.930990 10.912373 11.106039 8.799998 4.961247 4.453385 8.384272 13.557821 11.968843 12.679209 8.603094 7.085487 11.292344 8.318870 53.280259 53.173739 26.588664 15.258649 41.166669 17.439283 9.996641 13.320895 12.313223 9.718215 10.189864 11.888669 8.330091 11.443830 5.803078 1.368629 19.040393 12.539426 10.430257 5.105410 24.829876 15.293827 2.130698 4.521898 11.574854 21.271121 3.888937 8.942743 2.875713 2.180391 1.375199 4.137228
0.945166 1.910826 217.7377 0.000000 1.336802 6.959757 7.547830 15.209046 13.201863 6.422034 7.583267 4.329838 3.150522 2.949243 6.367325 3.926669 5.512023 7.165956 10.976421 18.297799 10.741795 15.199443 33.786087 45.071046 27.060477 12.100676 9.560175 5.284015 8.898005 9.802131 10.789209 13.461415 23.232409 11.517278 10.894013 14.041559 10.753272 12.050277 14.561742 21.723662 20.955021 22.178777 24.308669 30.950746 47.676887 62.538880 170.752763 238.679540 138.842590 56.690493 30.640242 28.236084 30.972412 26.695167 26.401788 21.604124 17.388041 18.572063 21.623564 19.173770 20.151994 18.736933 9.818287 10.074753 9.033221 4.464237 8.363195 5.151313 8.050132 14.763401 30.332804 74.719023 42.289325 23.802019 14.898372 41.362047 21.014077 5.825284 9.110915 14.563536 7.239155 2.292521 6.176790 6.581300 9.959789 5.381902 4.043425 25.278806 7.323428 10.469130 7.367133 19.701631 1.676151 8.288671 5.159543 8.817924 8.175906 16.261810 13.713129 4.785262 10.926047 8.348448 1.982174
0.995539 1.906314 217.3870 0.000000 2.807991 7.890161 11.388365 7.671136 11.743347 3.673507 3.619226 6.120530 3.499150 2.194207 5.253978 6.498196 8.638033 9.132773 16.165659 14.331228 11.210586 20.258974 35.860931 35.584556 10.781060 11.820174 13.187151 8.080735 9.421351 8.476436 8.923368 14.301655 17.172835 4.528480 8.944453 11.691402 6.789239 9.510705 12.836221 12.472168 14.432125 7.390634 8.687346 17.234286 32.155235 69.926215 201.879996 228.468494 104.761261 45.372243 32.598836 32.569517 41.575632 32.294817 20.666785 20.765935 14.706457 7.598937 18.175236 24.640263 8.041840 22.627146 16.012201 15.200223 24.567220 23.017929 12.107524 9.049289 21.788540 16.629301 31.614182 89.335255 23.420907 13.146084 19.850672 40.639175 16.660498 17.960519 11.877108 5.022958 5.198652 11.608559 13.305657 5.907142 5.996623 6.714829 7.705090 16.561011 15.965463 9.035858 17.523068 17.936741 9.394059 4.633324 8.983556 13.184841 17.787777 6.804778 7.510210 2.257714 4.115199 6.248645 6.323446
1.045738 1.899550 218.7557 0.000000 7.389643 14.231052 0.810455 11.024832 16.680737 3.480856 4.883298 7.867735 4.729185 5.277472 2.434017 10.158746 6.348666 8.871534 13.968337 10.567315 8.034939 11.743752 39.001694 46.127683 22.671522 9.867012 13.634297 4.996241 13.471339 5.476448 8.329793 12.177099 22.470662 13.696225 15.345844 4.994493 10.723756 15.107963 9.036640 13.305825 17.125689 14.821664 25.675560 16.826501 38.492778 52.955099 105.615766 247.151802 168.574011 96.289226 48.735448 35.327441 31.450159 17.036905 22.461434 13.837115 17.169347 15.302428 19.421353 15.443310 17.665720 14.080322 13.375640 12.288854 12.558038 16.126731 15.649492 15.930109 11.293497 18.417787 17.348998 45.624197 64.343010 32.374846 30.643870 35.529633 33.776329 23.355603 13.690042 7.663736 11.957316 10.434517 12.106137 9.076914 6.894785 10.190700 8.557695 8.331109 13.739699 13.221173 15.973020 15.194417 7.500926 6.148732 6.595381 5.920505 11.640951 9.844849 11.472443 10.838292 9.802015 5.268983 1.891394
1.095454 1.897040 219.7875 0.000000 9.193404 11.707046 2.369415 9.039412 10.300671 13.115582 10.644577 11.136473 7.115655 3.513448 9.464217 9.012135 5.481432 4.132769 5.817709 4.741841 12.010399 11.305485 37.834561 52.772648 23.313430 16.205513 20.603914 7.339955 18.968736 10.527906 10.794657 15.251949 7.179980 20.734571 12.726847 17.511925 20.322569 8.821799 20.556009 28.374747 27.550657 29.191791 31.254422 28.686160 39.418996 40.184372 121.597386 251.960467 191.949314 54.795127 54.238698 37.466280 24.629714 32.187881 15.488649 18.565974 11.377106 11.443570 23.195951 3.607652 4.520147 2.904050 17.520132 11.720038 6.554847 17.808793 10.083025 24.747299 3.960913 15.532408 12.920324 32.568596 81.418809 50.175971 25.871593 33.119719 37.108956 28.879520 3.545180 10.038401 6.181046 5.731481 7.977501 12.603562 4.739726 6.746561 8.758626 6.549768 1.496206 5.471676 10.959165 8.549190 13.391493 3.679328 12.259703 8.056271 8.635492 18.059628 5.220779 9.686394 3.384466 5.017344 2.350085
1.145675 1.900972 224.3091 0.000000 8.100341 8.859137 11.115446 9.268569 12.848222 7.732960 9.080623 7.172281 6.419359 4.975553 1.870545 3.839053 5.804803 2.706010 14.253221 12.045580 12.722514 7.255473 36.552731 48.650912 14.798901 17.621220 6.532113 12.119977 9.928098 11.160345 9.810335 14.774803 14.903674 15.407319 17.166379 15.369556 12.603804 17.648823 8.173865 18.451517 11.210069 18.704348 19.333798 29.893921 34.086796 76.262395 116.599400 232.337171 209.588376 68.117721 24.424744 38.130110 20.207239 32.057681 14.334028 24.061002 9.658111 14.693029 7.463763 18.767595 19.369763 17.786277 5.830832 5.462346 11.795421 17.180527 9.600255 17.564221 13.258574 17.379859 18.640262 28.893002 69.207361 53.613266 27.218335 28.802256 37.663195 26.062113 20.355377 16.472157 13.341240 11.771007 6.926201 4.985335 1.698871 4.423450 7.914933 8.183650 17.100909 16.556199 6.367409 10.585926 11.952266 8.231071 8.135703 4.876782 14.182250 16.433988 7.592506 6.603259 7.622712 3.708861 3.763903
1.195107 1.901372 218.8272 0.000000 6.338889 9.077270 13.782921 5.694492 12.509286 5.151116 6.818704 2.588211 5.791941 3.594436 4.925447 6.968948 8.238701 12.089245 6.550667 15.376174 11.763204 20.838530 37.887708 41.076612 21.071366 13.043861 4.800815 11.911351 2.837432 5.239822 14.042121 16.383048 10.483420 11.041667 16.986761 11.379882 7.322642 10.220349 12.982347 8.612160 5.693933 11.800709 19.984379 27.454854 40.043499 54.251482 114.363410 238.342463 193.352755 69.302411 49.524650 46.016745 29.347412 16.653430 27.831296 31.782543 20.969940 14.663481 19.624607 17.332699 12.909056 20.133675 21.108141 15.560931 15.073046 7.017216 16.399783 25.560576 18.956873 16.816187 31.577198 58.058057 64.464178 34.755174 23.517987 33.124844 31.743950 14.039716 15.072954 9.644990 6.581807 5.048896 3.886702 2.524736 5.235996 10.168206 6.982732 7.703589 15.649136 12.082756 5.104272 10.032572 13.059953 11.388156 7.087065 2.082862 11.930506 10.700143 5.584487 8.413175 7.099814 7.921389 5.601635
1.245728 1.913583 216.3058 0.000000 3.157652 6.408864 10.015659 11.389691 12.528923 3.711990 6.379637 3.624868 4.192531 3.870312 3.916004 7.459729 6.313228 6.124825 10.523730 20.361586 14.736984 17.955131 38.009159 29.396465 12.496748 9.557171 9.517562 8.781811 3.198848 6.168645 15.866843 15.696759 13.047547 11.469383 12.872964 15.781369 10.500766 12.354357 11.747035 5.051996 7.031276 11.434332 17.629120 41.125255 36.619522 69.873162 207.167848 236.337718 112.763213 64.294133 32.833773 33.138497 40.488812 34.200301 34.395751 29.452242 10.819797 21.938117 7.366907 7.140721 24.006668 17.146880 12.593807 19.275277 17.464572 12.872233 21.866974 27.290545 17.760781 20.118015 33.508293 64.684627 40.965415 19.103079 34.941287 34.001794 9.945304 9.853169 8.602450 11.517947 10.759794 7.212106 7.123070 9.908927 5.804838 5.007549 10.545867 16.174986 15.123558 10.040370 18.779973 13.679561 4.532336 5.517686 4.594989 12.353809 10.251300 3.414028 1.357960 3.535233 7.487171 4.845523 7.998474
1.295898 1.907975 219.5370 0.000000 3.809968 5.669762 7.380863 14.766894 14.561103 6.346808 10.684083 2.844625 5.259180 5.372585 5.148537 10.716592 7.875805 10.661315 2.930386 18.768713 5.249520 19.477987 35.721412 45.635689 16.097065 13.215632 12.822075 3.581747 14.658147 6.432679 11.369975 19.007559 13.352850 12.532349 16.657379 27.532718 18.650594 16.497643 23.019643 26.527783 20.024207 29.514556 27.421002 35.412091 68.472527 58.438748 93.308531 252.775623 200.958090 82.098235 43.040654 15.398138 25.656718 20.135347 9.866563 15.111849 12.464153 16.012319 10.271188 3.222926 6.498679 4.874295 16.481888 11.783866 11.387203 11.721033 11.967408 12.710609 11.208471 5.338503 3.117013 23.826179 66.783128 48.735646 35.242163 25.487310 36.936906 4.702476 10.297404 13.370159 10.272727 3.774795 3.590596 2.973416 8.598149 13.548066 3.723336 5.575118 15.597962 16.956034 14.363148 11.975951 20.688193 6.620608 4.372175 3.525413 12.194188 15.224114 5.522712 6.313940 1.896980 2.470482 4.080495
1.348455 1.897831 219.5336 0.000000 2.496562 5.112024 9.252139 10.220945 8.254389 11.108955 2.069147 10.388365 7.804767 5.018097 5.902626 7.788050 8.140676 7.557178 3.668534 17.848915 6.633943 7.571748 28.952303 52.960909 15.740154 16.587605 5.361289 6.486315 9.295531 15.403555 17.339126 16.422987 25.450029 22.305882 14.019214 14.966577 11.853122 9.398668 9.145175 25.471499 29.017939 19.587679 24.156219 20.159463 41.254912 47.662790 127.225293 278.007723 155.219592 38.383185 39.374273 33.754713 37.353969 13.045456 15.674245 6.878438 16.994944 19.290327 13.171242 12.499243 10.086764 9.362701 13.291071 9.459051 6.412923 8.423876 10.204763 20.026114 9.583711 17.012969 13.373693 33.218436 78.784063 17.538727 13.328677 30.021570 28.412369 13.879640 21.898479 19.236880 12.857803 9.599681 15.652542 11.544353 14.338824 15.489402 4.996102 7.076134 15.949710 12.405319 5.676313 9.102845 17.911186 8.762912 9.043211 11.571037 15.130548 17.748360 3.948334 4.444701 2.780558 3.470405 4.938997
1.394903 1.899974 214.7061 0.000000 4.868494 9.505488 4.054229 16.365449 15.292565 8.519375 7.282285 8.825126 7.175778 4.464362 8.671972 4.606898 6.225646 8.248154 9.429525 9.763394 5.393609 20.482285 42.573641 37.321283 19.581355 11.111835 7.539314 7.024283 6.520991 7.193070 9.879629 16.433222 11.837068 20.928935 12.025075 12.197521 8.790088 25.444269 11.793890 20.151147 13.337693 24.320124 25.423735 28.114193 80.410576 71.412668 271.017138 162.101262 91.034178 25.949477 29.678868 33.581422 33.465405 33.078359 18.640179 26.615318 16.786488 13.738361 14.593608 11.775225 7.204121 9.084426 8.844235 7.027196 7.402686 9.858293 14.943484 14.149570 21.141128 17.606235 72.853872 46.169627 33.175600 25.883401 28.949800 14.983436 8.426864 19.164799 18.268796 16.107055 5.646470 6.521435 11.629205 12.030770 7.927490 4.485115 20.395354 12.486160 5.883087 5.731408 15.023891 10.072996 7.461367 10.499885 9.625713 14.773140 14.757383 10.829854 6.482653 7.927456 8.357838 6.542828 8.571630
1.445526 1.894829 219.4459 0.000000 8.015761 8.639672 2.521121 11.063280 13.301979 8.610047 0.956397 2.525831 14.159464 1.318458 10.802772 2.669098 4.679128 7.737590 11.915304 12.008154 7.902568 9.444736 32.552496 46.788048 7.698224 3.202195 16.632373 9.161829 11.308921 1.985643 8.733778 11.679573 18.623950 7.749560 9.599121 2.496292 6.917283 13.611199 25.495957 8.132252 14.649312 19.905452 12.480839 17.435095 24.575007 29.133874 130.148882 266.064873 155.938852 48.263360 60.509704 31.725193 42.281122 42.358804 14.289861 27.207662 32.898608 8.162224 9.503290 13.899108 12.545269 18.689769 20.721596 14.896427 7.735171 16.721304 17.105809 17.339460 18.163201 22.869734 7.377358 41.163576 84.378034 23.247617 28.733412 20.803982 24.675115 13.499798 17.193894 7.646640 9.343718 19.487653 14.803111 15.070947 3.967059 9.442983 5.554075 9.801952 13.824256 11.103011 17.975215 16.347963 17.504801 9.163824 7.723071 11.209008 13.846282 19.929452 7.105168 5.981751 4.568757 4.317849 4.273592
1.500189 1.890530 213.5168 0.000000 6.348306 13.534091 9.664922 15.219914 17.830378 2.674188 1.316520 5.120199 11.000305 5.428020 7.812087 5.358226 8.175345 9.754456 10.186942 10.008751 13.948044 25.089314 39.215225 27.993456 13.272181 14.203567 5.691744 14.487847 7.646695 6.915461 10.227682 14.811015 6.732437 16.692055 13.176392 11.030272 13.467735 9.912475 23.330513 22.137456 21.037874 44.527949 28.646558 54.391713 56.113510 107.561780 237.193963 174.784816 75.036072 24.649773 19.554341 21.472370 16.555763 20.690365 21.760064 22.714057 18.924646 15.015885 12.710680 9.363102 12.170540 11.876019 8.382955 2.167539 4.822627 23.957708 5.591190 28.279430 30.235950 24.014609 80.201207 42.067596 43.680696 19.965341 32.133133 14.019637 18.465072 10.986602 16.481247 21.430973 13.896123 13.917974 4.313879 6.687498 7.849129 10.663690 6.896640 7.062794 12.906356 17.944899 10.838735 4.278781 5.235921 7.046990 19.872993 11.298765 12.217439 3.505585 8.181835 4.467499 4.438311 5.716051 6.844190
1.548333 1.895950 219.4982 0.000000 4.686034 11.531520 4.936219 14.699767 15.821286 9.002438 10.732443 7.876485 10.267694 3.959392 10.309327 2.528832 3.657383 5.695902 5.196769 7.394408 9.588837 7.204793 26.930834 51.880484 26.669055 18.685812 22.762784 11.156523 26.572901 11.635530 3.932837 11.683756 15.062958 22.464987 5.487061 8.467316 11.182997 2.394424 6.800602 32.031748 25.035370 26.108097 28.509948 30.672377 42.720193 45.946848 127.451193 254.752562 185.642263 53.240024 44.396838 21.678700 18.748066 36.421123 12.682006 8.297099 11.484003 16.994911 17.754838 14.944618 15.877481 14.494152 9.970809 11.519181 8.640642 10.882426 11.592835 24.628355 6.455196 17.418210 13.513035 42.807873 75.193042 31.064225 15.921029 25.816910 36.864893 18.992749 10.994802 6.548395 6.457817 17.372633 14.837520 17.262088 4.452969 8.978718 10.199275 7.784909 8.783200 12.986927 18.615645 13.400250 17.739724 6.916934 9.279191 8.961039 7.817164 18.079230 6.130058 6.361875 3.663051 4.918113 4.412114
1.600332 1.889486 218.5867 0.000000 6.300418 8.377578 10.802900 7.609462 13.930482 4.903860 8.574941 9.575307 16.911672 8.789287 1.707067 3.895644 2.674140 2.981940 4.426045 8.078234 3.041084 13.298028 34.192019 43.869504 7.544630 13.143726 20.277655 12.216380 12.319742 12.964567 19.021611 11.327196 6.696180 6.390211 11.300405 12.568650 20.418508 23.996770 20.541063 20.350452 9.524437 8.101349 15.808571 34.190804 42.845816 83.042896 161.219537 249.662163 140.632869 45.235134 19.885304 18.725568 27.275035 28.712940 18.337124 14.797281 18.908360 13.336401 6.233252 7.855302 9.703982 8.010836 9.721139 8.251490 6.524456 8.673735 18.257227 19.510245 11.789891 15.018394 14.837947 52.325610 60.462729 25.706661 22.263224 22.179168 16.490345 15.518857 21.863023 21.294882 24.384244 16.011079 7.546235 10.742589 9.073688 5.769627 7.432118 5.259838 10.936362 15.445775 9.407762 17.694146 10.867878 2.783529 10.054181 9.000038 15.884217 15.603419 6.944254 5.778142 4.711968 5.692680 6.271044
1.645357 1.890726 222.4756 0.000000 4.784830 8.236541 14.974966 7.838917 13.411916 6.022528 11.827550 1.673711 8.929186 6.150986 4.817219 7.748668 1.761948 1.314655 4.617271 4.925338 10.735250 14.447540 37.506917 42.012397 26.717773 13.297779 10.138339 12.176707 11.105334 13.467873 11.200312 6.458646 8.392477 9.212130 4.804323 8.036367 8.937236 3.838186 17.763513 21.113024 9.275618 14.845138 28.857625 33.840952 37.094463 44.339481 48.154772 182.348203 219.958085 121.651615 71.260187 41.354880 40.471953 28.324613 9.557516 12.369408 16.985875 19.017199 14.960617 16.381728 14.573992 16.774726 11.873001 7.635080 7.491351 5.829636 11.765099 13.783586 25.715363 15.487928 16.772842 19.092342 42.358994 80.221861 14.941707 21.332801 29.378970 19.089198 22.164000 7.906825 17.962393 8.716889 12.527506 22.546154 6.582285 5.739042 16.723114 15.774169 9.807096 4.706357 10.754557 9.018057 12.711459 17.769879 7.043019 3.571451 13.898528 7.553672 14.909550 9.519826 4.620430 7.064251 3.220748
1.701851 1.890429 219.4734 0.000000 6.225160 6.154864 11.533961 7.791579 13.064454 10.016601 6.840420 4.970208 8.326158 5.192716 3.295324 5.830443 5.847104 5.192962 3.799055 3.534106 15.288370 16.064063 48.645703 32.495458 16.001605 10.031654 9.168421 9.149341 7.978857 11.504418 5.410277 7.918234 12.380447 5.687523 9.417708 10.591442 6.872490 11.711998 11.985553 12.228339 13.397195 18.565359 26.956013 24.745455 48.707786 29.983894 110.630339 268.301067 157.137876 63.685773 53.596694 37.979024 33.661083 26.993396 15.261894 12.644343 24.696504 30.522218 16.806081 12.177496 13.962894 13.116117 22.496219 17.019633 12.236236 18.240993 27.172652 31.419820 20.586545 10.332002 18.885725 47.312162 87.127805 26.279149 14.695913 30.230100 29.939420 12.870612 16.447414 19.849464 15.197195 12.895823 10.719018 12.043881 9.224344 10.447904 6.484090 5.438321 7.955069 11.211192 8.338431 14.074145 19.362333 4.316882 9.342542 12.297599 8.306139 17.800246 10.092782 4.449628 4.423962 6.015919 3.194876
1.745490 1.884049 219.1142 0.000000 5.853206 8.276808 5.774823 14.291675 19.533509 6.763440 7.067025 4.993366 7.649977 2.395277 6.594647 9.556923 9.466308 6.313406 10.088739 3.464406 10.758598 16.314072 37.380811 45.103961 12.565659 6.774906 4.775558 4.918821 7.860025 4.501072 2.895173 9.095740 11.500829 8.846739 11.824545 8.598814 12.828891 15.599135 21.493197 8.232312 15.955796 2.915843 8.002837 31.357758 54.221822 68.236841 128.468921 256.840495 156.908201 53.276131 30.459079 30.445891 26.306859 36.423556 25.553124 18.021002 21.813846 15.546302 13.735017 10.529823 15.240527 12.255690 6.305584 12.371117 9.693683 6.207553 11.455041 11.855831 9.808382 6.516200 14.795999 52.314378 80.291351 34.817161 14.031194 20.951804 33.724113 6.060003 10.954295 18.056838 14.277170 10.500229 10.315125 14.870803 12.356453 12.334525 5.648405 10.347420 10.254695 8.216297 5.430550 11.976229 16.093963 10.429400 13.121919 9.062757 10.167656 18.054221 10.783613 7.965886 5.756895 3.281875 4.476698
1.800185 1.884650 221.1603 0.000000 0.588031 11.046302 4.724601 12.219049 18.692873 7.142891 4.924002 9.053250 6.522011 6.696022 3.311251 9.509295 8.786226 4.411784 8.349003 2.648732 6.435568 8.747996 22.596629 56.217631 22.411497 14.887040 13.882176 9.901403 5.177700 14.419310 8.924931 11.964285 17.559185 11.931693 6.377552 12.604348 24.328102 14.555310 27.136028 13.984525 20.750137 30.899367 34.411811 36.418132 42.971742 54.594449 67.522102 235.869212 199.740513 103.540175 49.081165 37.404345 31.582486 14.316780 9.220815 10.008305 13.600549 12.970194 12.378081 5.028069 1.609690 4.640065 11.310920 8.229329 5.723051 8.002715 6.384129 8.352702 9.379026 8.536158 14.418953 11.209552 73.806159 52.449891 25.016251 21.824050 39.911547 29.533673 16.244113 7.951388 9.588700 10.837231 8.650893 11.362247 11.035125 7.710417 10.301134 11.210476 15.374128 15.444288 7.565143 6.178651 12.114693 13.493604 8.771569 11.634768 9.455942 20.165867 14.831896 3.758313 4.763275 4.511047 4.611512
1.845538 1.881124 219.2573 0.000000 5.690182 5.984909 5.479227 15.503092 22.195803 8.865401 3.583103 7.799271 8.733938 0.298368 2.626840 8.806975 6.250751 6.734139 2.614860 8.367371 7.339197 14.666853 30.641310 54.113754 18.845126 14.175769 19.425783 7.925865 10.670010 7.020262 11.798655 7.823626 19.066463 7.664749 8.851476 17.215945 21.165273 20.690353 13.528651 22.656093 27.427600 29.252025 41.350876 38.302878 42.594986 44.340182 119.317726 253.746059 166.141813 56.420183 53.648881 41.844947 24.023604 21.061581 10.047322 6.426405 8.807929 17.338221 7.310562 6.449650 8.411248 9.898964 8.630329 4.273048 3.760132 4.255212 9.243824 5.675824 6.569339 9.566887 12.775346 48.875706 85.718168 32.115052 21.343859 29.179188 39.052981 13.166872 9.819539 10.936497 11.406085 7.667249 12.411638 8.483252 10.430713 10.245782 8.143709 11.721058 14.469138 10.044216 7.175296 9.082214 13.082708 7.920217 6.048903 7.395918 16.526073 20.590686 5.224874 4.471389 4.281070 6.955495 5.413912
1.900180 1.886537 214.2845 0.000000 1.550072 13.158128 12.479300 6.462846 17.265085 9.148963 7.184692 2.902680 4.352579 0.680319 2.437177 6.097912 7.006039 7.268547 8.632058 11.000851 11.134840 25.242361 43.574487 29.682843 10.714547 11.766977 5.681568 5.499105 3.068694 2.866806 7.695620 12.081546 11.205365 6.805620 12.889453 8.576146 9.940157 14.474006 15.265854 19.040848 12.226613 5.923314 27.506081 37.485924 45.683851 97.104692 241.618141 188.077431 79.886605 49.620979 50.814248 30.043783 35.440373 23.759725 16.634878 19.759357 18.090262 15.668452 16.386252 16.779317 14.881710 14.322414 13.954108 17.402019 14.671665 13.945197 13.199811 22.840781 27.212135 21.928043 87.174656 53.374849 25.625344 14.205974 47.664896 7.033480 14.997487 20.174347 8.246659 9.561613 3.548611 8.072513 6.896854 15.657143 7.249312 7.922338 14.058999 7.746871 5.118792 7.050831 11.599443 2.172952 4.757528 6.385256 14.723394 16.991333 6.691626 3.713890 8.136012 7.973384 3.835203 1.599987 4.258406
1.945540 1.887839 215.1055 0.000000 4.014952 8.789430 9.317996 8.267736 16.800595 10.511058 9.672571 2.228351 2.829499 4.893610 6.931941 8.345886 3.703617 6.762434 7.993228 9.326563 9.138842 28.142386 40.906515 23.231239 11.338997 20.118128 18.110876 7.127084 4.300952 4.987230 11.179348 10.341440 7.135531 10.793972 9.917867 7.074156 5.915951 16.670537 14.324592 12.291763 23.304454 26.152254 27.473248 11.290625 54.230626 89.591052 264.949069 191.298631 54.496231 39.572597 59.848669 31.197154 11.470379 10.309742 9.395792 14.863530 18.803753 21.716997 13.863178 11.127061 11.560699 24.641161 23.384386 20.652229 17.199288 22.630398 27.981441 24.499446 19.465724 26.929567 70.214483 67.012447 33.426493 20.662644 34.017542 15.045329 7.055043 13.621631 13.380742 10.146754 5.507279 5.978750 11.906235 9.930042 5.168818 6.963157 8.316691 14.989222 8.988495 4.880063 19.657237 4.885499 9.440299 11.544677 9.737783 23.358596 13.812839 12.262585 9.420357 2.516148 2.414118 2.917053 7.307199
2.005607 1.883458 214.3132 0.000000 6.293126 11.595571 8.203044 3.575894 11.267910 9.736508 4.972935 4.155070 5.052526 5.869645 5.460490 5.757695 1.178223 3.210611 8.173561 11.612590 14.002394 28.740750 39.871997 33.452663 18.574353 19.650784 17.278466 10.559021 8.732217 6.158813 6.762472 15.062919 15.981966 6.692132 7.250280 8.311840 18.901500 6.734829 7.660443 14.223233 12.688531 31.055606 23.517519 16.076262 24.617698 117.988559 278.198313 113.681411 54.494614 43.767624 52.011859 26.923083 21.984355 14.729187 14.352994 29.017508 22.690436 7.294296 9.833748 22.244291 22.377315 10.391451 10.239574 10.438385 5.968935 18.550313 25.477811 18.260474 14.444701 30.175537 85.647773 48.018375 18.587045 18.769939 34.007706 18.261017 17.272530 16.104493 8.668149 7.689693 11.505513 4.222204 3.387765 10.503323 13.495297 2.907950 4.205252 11.111650 15.368903 11.812358 12.016312 13.398007 9.057859 7.530702 12.271492 14.507344 7.412843 7.100951 6.783599 8.032159 5.513056 7.799051 4.175295
2.055003 1.887279 209.5182 0.000000 6.113468 6.040172 6.763167 11.460492 9.025950 9.617055 9.642190 4.861912 4.049774 3.648642 6.119134 4.879433 2.239887 2.917238 5.350989 7.376896 13.095959 40.118442 40.999904 10.314815 34.311195 12.484367 13.188311 10.196696 12.870997 9.699801 12.122228 13.205905 13.330421 19.767841 15.114925 5.615634 12.792854 17.990471 24.152525 27.027250 16.898872 31.457481 25.905232 56.315599 57.099449 299.018139 77.381245 68.923659 30.874354 36.185815 18.573264 20.526440 14.688709 15.826345 17.996320 22.202289 10.720670 10.190040 19.172805 21.282617 6.429100 8.395429 11.691620 6.606693 21.525598 17.662411 22.954654 20.145981 36.004764 69.708091 24.793360 21.715472 22.357422 32.273904 16.854908 16.970803 7.720173 7.283995 4.086919 12.507287 10.400069 9.928489 4.208157 2.368932 8.901233 15.783302 7.397274 12.445325 9.939861 13.516990 11.003780 5.300401 12.835103 17.380958 11.008990 5.858299 7.570473 5.287291 3.842943 8.117623 3.861803 1.519830 8.694391
2.105354 1.887003 219.3624 0.000000 7.689506 5.513707 8.490364 9.872160 13.560602 3.660666 5.221944 2.143797 4.801771 5.494070 4.598436 5.379722 11.100760 6.620205 6.330421 6.379012 6.060649 6.578063 42.546416 42.287711 19.197665 14.703144 7.833374 12.416713 10.278066 12.449127 9.068369 9.943966 8.585511 15.437687 17.674604 22.835876 13.617273 18.829035 4.532296 6.682845 11.339306 8.653033 19.864123 27.425447 40.856057 63.788707 134.556647 280.921352 126.646567 42.737904 44.167750 21.388785 13.714468 8.163280 7.269731 19.323255 25.904261 31.820807 8.099063 7.607023 13.819038 21.111595 11.884471 4.163495 4.438681 10.170393 16.170653 18.305286 19.264407 20.493872 22.230458 37.548752 75.542239 32.446276 8.076723 26.175789 30.891903 16.224683 20.628360 18.006102 6.810292 8.443372 6.066797 3.470708 6.384432 10.033216 4.750781 4.887756 14.340235 18.243296 10.502240 9.487384 9.937943 13.452483 9.805181 1.843841 8.545731 17.431132 7.601439 4.615214 8.347407 9.210989 6.022115
2.154889 1.883555 217.8751 0.000000 4.161784 4.019024 15.734175 5.260430 12.650129 6.343334 7.832233 3.607269 4.048881 3.934529 10.225039 10.216618 4.691249 9.487660 8.854862 5.411348 17.253337 26.699232 41.542724 33.824488 11.982570 11.593671 2.955191 8.119218 7.104436 12.280561 8.703203 10.018644 10.843381 5.519612 10.839063 19.500730 7.453877 9.595709 11.456824 1.494555 8.157388 15.036642 17.324940 43.567964 58.917216 61.230777 162.272620 235.044504 141.881355 54.756688 29.269286 17.550609 22.781286 18.016116 14.989214 19.033387 14.482296 14.710781 17.369519 9.572297 13.541661 18.870476 22.643678 20.582962 16.683547 22.248820 16.382616 14.831430 20.543822 24.590198 30.295369 75.365928 57.967888 27.079911 22.381428 43.778746 19.167911 5.993851 16.964715 12.401979 10.139553 2.189689 5.008493 2.301732 13.789040 3.283362 4.129933 16.442393 10.872732 5.295115 9.427523 13.801415 6.848614 4.526583 7.366417 6.324988 22.321685 13.969467 5.489322 1.986406 5.762764 5.366211 1.063954
2.205562 1.882744 219.0964 0.000000 8.838754 11.800516 12.523171 8.446807 14.409394 9.257426 6.441550 6.350825 8.533683 8.961615 5.856828 12.563196 4.290451 3.778172 8.428059 3.289344 8.513732 15.768616 34.656835 43.392472 13.626511 10.698400 6.467203 2.044767 5.771436 5.910617 0.861524 5.367414 17.378375 8.008377 17.598106 26.286775 10.785948 15.570724 12.678180 9.169143 7.657340 12.220735 15.266936 31.552201 69.364130 58.815934 116.295763 247.979975 174.095346 68.694049 35.831643 13.177520 31.086474 30.818717 28.156904 27.207129 27.090157 16.763735 12.473955 15.271913 8.995667 8.150942 9.275148 7.312196 5.526058 6.691558 5.753290 7.916454 9.301662 11.512001 20.960036 52.700546 79.711001 33.380433 16.085786 25.063572 35.353989 5.529559 11.658340 15.715474 13.740396 9.689852 5.560551 7.134138 11.093763 12.840792 9.839411 14.887142 15.390058 4.300681 4.263264 10.567906 12.599333 5.066651 5.579073 6.361023 10.947315 18.456752 12.422610 8.056610 5.591544 2.922717 4.073328
2.256322 1.879546 219.3156 0.000000 10.945652 3.640393 5.499732 10.495226 11.344926 8.163278 6.559761 4.497447 2.778418 1.374436 3.345602 11.830251 8.280074 11.852694 6.682000 4.321474 5.224390 13.931913 34.729489 45.970111 13.739969 7.977275 6.517358 6.721808 10.356694 16.048455 16.106799 13.149096 22.011780 9.533405 7.567809 19.882632 7.954162 6.883087 6.592843 17.203924 22.311213 20.807425 19.385122 13.588702 46.035114 51.123905 124.088079 271.108430 141.586069 53.069982 40.799056 25.588866 45.758934 17.848959 7.784923 7.444521 6.349453 17.893035 22.090844 20.554691 7.167721 9.447371 13.026508 7.742643 6.644608 14.429848 18.859281 16.617201 5.339554 4.949105 9.619017 34.922143 82.451698 25.438824 11.487097 16.842103 31.911505 20.673142 21.248295 19.964084 13.713386 5.715517 8.494227 13.162593 16.460998 9.493732 8.333073 8.692242 11.416087 12.029007 12.040494 11.975030 14.439528 9.990315 13.931058 13.398430 15.600798 18.958470 7.699127 4.735085 4.411741 2.558392 4.608184
2.305551 1.878112 219.0852 0.000000 10.944602 2.700983 5.343200 11.377434 15.366181 2.548373 2.527562 6.946703 3.953141 4.879620 6.110990 4.921647 3.709478 8.120586 7.444502 8.535556 11.717537 16.271283 37.773205 41.094378 14.683297 13.983166 16.562857 16.604669 21.923513 6.567716 11.785234 9.843599 11.390605 18.006054 21.100331 13.755412 11.703457 9.367277 7.924476 15.618734 19.075100 17.518076 30.480242 12.661442 25.397925 51.910070 124.907891 281.680700 94.373356 41.226709 13.509986 22.566627 29.912851 18.546983 16.930097 12.651845 11.221414 8.500602 22.140314 21.820778 17.230149 16.075367 9.165559 11.482508 7.984173 10.328572 23.741703 18.663031 7.406479 6.670412 5.881600 38.699485 76.950772 11.362196 8.867976 15.978117 22.637411 29.322551 12.793231 10.300642 10.996035 4.636690 10.021335 12.244516 11.654959 9.276548 5.979359 9.328016 11.614627 8.995039 12.821722 17.891525 11.816259 6.025011 7.703824 7.709877 10.205342 14.392318 7.602034 3.566228 4.026301 3.988822 4.150167
2.354887 1.885541 220.8569 0.000000 5.928633 5.925520 12.411645 8.768579 12.561392 2.374940 3.137706 1.006743 5.097220 5.094748 14.270943 3.347560 6.237252 6.608038 7.268628 11.786438 5.895627 10.268625 39.035788 41.362874 23.990872 8.882591 16.955410 17.376424 20.653920 10.345016 7.247317 13.040609 8.060610 18.719718 11.288756 6.351060 17.959391 16.410893 14.895684 14.488248 17.643851 26.236727 12.935298 9.826894 11.237007 26.039675 44.080901 306.543678 110.195992 40.186464 29.567578 17.744555 6.132176 44.294437 26.406647 9.671680 18.595786 14.105602 19.227007 18.017303 14.266316 6.888476 9.144133 13.978384 9.660252 9.587686 22.684759 30.298870 18.115239 8.181614 13.337712 14.003322 79.870265 28.783110 4.329884 13.680871 12.855894 25.670653 25.077680 13.061134 13.779955 8.588193 4.934205 16.435562 6.442239 2.342905 12.594110 7.821420 7.268824 8.651668 7.689209 21.494910 18.880211 10.847454 11.492591 8.002084 2.998360 12.711159 9.811985 4.256150 3.586057 2.900187 4.303063
2.407763 1.890786 219.0764 0.000000 9.218736 14.120343 10.685038 5.701544 10.261971 8.032684 3.873677 4.028153 13.009141 10.851557 7.325598 5.462989 9.707398 20.416109 9.192612 14.911393 16.817644 18.772283 46.374666 28.314882 5.421279 11.624508 7.302899 12.397038 16.707679 2.612281 5.102057 13.222870 3.815054 20.694636 10.099034 17.721787 19.636635 9.962819 3.800793 8.229358 8.372033 10.427274 32.445492 15.173364 20.891366 32.364821 118.142268 289.227504 73.643919 35.894412 21.522126 22.480054 31.174190 21.071327 9.685839 11.745108 10.967251 10.291176 27.277921 12.689874 11.819147 8.914351 5.700910 9.378669 7.886031 9.363572 24.274560 24.826937 10.214075 12.317054 12.280175 42.524388 70.535787 11.994372 11.775044 9.960406 22.733892 28.369017 10.698476 6.114918 9.652668 14.541839 15.366019 14.415582 4.941458 7.291160 10.143014 6.472080 7.007420 6.410266 17.720548 24.348940 16.767381 9.960270 7.637362 7.615160 10.281503 9.912472 3.483663 3.113655 3.859098 3.293782 3.850499
2.454924 1.892448 219.3240 0.000000 7.385360 5.574564 5.917703 3.302888 5.085022 8.185935 7.750423 6.553469 13.483607 10.186392 12.532900 3.144140 5.166990 3.451815 10.686558 11.086692 10.027953 22.458363 46.080677 27.457925 14.522721 7.539324 8.210004 7.819577 14.008840 9.092940 11.707759 10.687664 7.037875 22.727891 6.025083 18.255681 17.722682 12.187618 5.132076 12.417881 13.869220 21.174628 23.739843 9.470766 40.072224 55.946953 117.794129 299.187364 94.067644 31.253844 13.353325 15.046517 33.145027 20.419625 4.552970 5.290264 6.945518 16.606757 20.377262 9.461788 7.046018 6.898409 7.891486 6.708365 7.771056 5.862324 17.957141 22.568848 13.188862 13.143848 9.735550 32.978244 72.663410 12.074806 20.897270 15.592176 17.685833 25.667290 5.418548 12.241582 18.293820 20.861186 12.020319 16.159251 3.225525 6.190668 11.962992 10.857677 14.381018 8.563362 7.592103 21.550421 18.096762 3.679551 4.536409 8.756569 13.655117 7.889721 3.249982 3.936569 4.856422 3.320604 4.775559
2.505767 1.888714 221.5537 0.000000 2.964436 10.716390 1.157159 7.355809 10.783242 1.265463 3.856144 6.509152 8.094430 3.788947 15.265346 4.288569 6.240188 11.786663 7.381309 5.894842 14.498367 14.397278 39.272369 35.870249 15.681601 11.508316 12.078735 8.465745 11.010067 9.097686 10.205223 11.279935 10.573594 15.753310 5.471495 11.715118 7.803702 20.687962 19.558886 13.068983 14.879817 12.332434 6.270256 6.392712 41.095143 37.156221 57.803187 266.178453 163.830918 58.300859 41.092678 23.073493 9.078224 13.662930 19.726034 9.949333 16.652612 17.776834 14.460598 15.955314 12.807954 14.508412 7.984090 2.992262 2.206974 4.472545 5.342173 19.139522 24.521164 16.434752 7.836938 9.571437 57.390391 47.578093 15.642918 18.042949 15.488760 25.751241 19.123727 6.775673 10.539651 19.738459 19.205175 14.344871 10.115624 2.619125 6.986864 8.876553 8.698032 8.894777 10.976174 18.853508 20.677588 15.781286 8.317974 2.052213 4.476549 11.893216 15.694933 7.446801 4.002307 4.547676 6.399456
2.554876 1.884915 219.3232 0.000000 3.279768 5.461224 5.394832 3.806082 6.385770 7.091333 3.547979 6.862326 7.143163 3.534468 12.379703 6.100039 3.764507 7.787622 1.474572 1.095112 6.480567 16.964583 42.630472 37.646442 14.457134 11.447894 11.130612 10.940170 15.770324 17.197995 4.879292 9.209024 10.308617 18.920075 11.185950 22.570710 16.874763 6.981050 17.560013 10.175124 8.643499 4.225784 4.094485 15.206157 57.151650 51.793966 98.704190 296.687977 85.188392 54.296080 40.666462 15.381131 13.537199 12.435348 9.347926 8.862762 21.772916 10.816825 16.231762 14.055961 4.281126 14.064740 11.861461 8.078733 6.359575 13.661387 12.485024 16.194585 14.567422 12.607095 7.547543 27.347518 76.905521 16.564246 21.954198 14.258663 24.513422 29.472323 4.895120 10.950091 16.082429 17.961855 8.386646 17.498605 8.516866 5.590933 3.154230 5.336804 14.311214 10.790638 9.709347 16.171643 11.026313 6.421317 6.626093 4.707533 9.441904 14.237656 5.134513 5.852203 3.809211 6.239411 7.413249
2.605740 1.880769 219.8045 0.000000 8.727158 4.479170 6.677620 10.124908 6.528428 2.423075 4.698514 5.538676 9.259189 4.581021 16.240725 9.959593 6.882830 8.732221 7.606011 5.978273 13.239471 7.406714 45.598916 38.153445 16.220403 8.600667 2.160851 7.950671 14.752911 9.716018 10.028162 9.451515 12.484643 3.457252 14.499983 18.878817 16.917080 8.921676 10.490007 14.690573 4.210942 11.513638 9.478828 16.820351 48.082886 58.124887 104.119318 302.416221 127.094288 45.697431 16.103604 29.390265 23.259167 9.968311 5.617082 9.982624 23.936524 19.026600 5.114602 16.380596 3.811010 14.030996 12.888656 7.541522 10.890985 6.807827 18.157587 9.923948 17.678254 11.556858 11.355997 25.323676 95.985634 32.710985 14.485681 5.419009 27.345228 34.399161 14.691099 17.532508 14.611451 17.664346 13.002450 17.655027 5.477456 2.247745 1.683847 4.247949 13.156968 12.287123 14.858277 10.610620 15.209948 8.297945 6.859517 4.732953 11.451456 16.392662 6.868479 4.568960 3.778897 3.839429 5.277900
2.654914 1.882624 217.6537 0.000000 11.683785 7.627625 7.027882 12.169783 10.074365 9.394204 4.060927 8.167203 5.606594 10.802011 6.512331 9.027422 4.177764 6.108823 10.764971 4.671947 12.422696 26.075946 43.568372 35.413355 10.561972 7.219975 5.909350 9.105094 12.908106 14.593362 8.391170 10.473199 12.884926 11.278235 14.239556 13.375106 10.258985 10.371401 12.967922 15.487970 13.476176 18.101937 22.528507 38.514144 52.703834 67.929197 183.742394 226.559303 112.660037 47.353545 32.808383 34.900334 34.220390 24.756874 21.635794 20.643840 19.302255 20.589832 24.002147 19.676817 14.379767 7.620784 8.714690 13.691652 13.233950 13.264661 7.527078 9.515879 8.174746 8.579745 15.411396 90.236943 46.744120 17.661117 10.012386 34.031085 24.373340 15.557828 9.793305 24.985775 5.224867 5.082273 6.562416 13.619359 7.107574 4.601610 2.577633 18.143272 5.199617 3.766177 2.361057 19.187421 7.405346 3.580918 10.690414 11.252717 23.078228 14.216054 5.383621 5.048868 2.746849 8.136267 6.853305
2.709343 1.882665 214.8799 0.000000 7.982674 4.412072 7.583461 12.896659 14.141755 4.717240 5.146975 9.258510 5.245948 5.660090 6.374496 10.283380 7.141305 9.655595 6.640786 6.059145 12.646679 24.122996 41.620950 30.252584 9.832569 7.047948 7.289827 6.714771 8.173336 6.305669 3.628986 11.937640 9.716054 4.440823 13.944883 11.906700 10.409173 7.778744 14.611814 20.466976 15.804170 16.399153 25.745212 51.721010 51.546935 91.743741 268.817348 175.675580 63.022389 33.492932 28.057073 37.718398 22.094078 23.591507 22.691755 15.879697 13.840661 15.763468 14.011486 7.778061 13.161105 17.247314 11.081055 10.247409 12.514907 13.606781 12.843090 13.903029 18.622057 20.911006 79.242231 56.625083 14.401975 9.643912 43.922204 16.419100 5.596918 5.733608 20.904133 5.626865 3.477416 4.817423 22.525047 4.018030 4.462229 5.996576 20.139682 1.232263 7.648864 8.337572 10.265787 3.643295 3.359661 6.153722 8.373943 19.662240 6.837986 1.806193 3.309652 7.170645 4.426054 2.751391 4.805096
2.760274 1.883014 213.7447 0.000000 6.788832 6.806115 4.303407 13.017821 13.999108 8.834121 5.750553 6.260923 2.458319 3.248671 7.023693 7.433961 6.201863 12.046990 10.149230 8.398422 11.055111 24.251422 41.728547 29.468060 12.354331 11.078443 15.232124 16.696057 12.064548 12.182729 5.104824 12.099867 7.146730 11.912892 27.452932 6.807213 14.211376 9.252169 14.743025 30.543490 27.547404 17.473584 21.783508 32.960753 52.102433 144.800191 260.264510 116.600604 45.587423 34.875610 34.879693 35.087705 16.940440 13.232385 12.973975 14.231965 14.268277 12.816523 5.399691 3.475183 7.308521 6.368581 3.892308 8.639506 6.783889 12.727262 4.225966 9.393140 4.357541 17.784439 104.144227 24.985934 4.782258 15.005329 29.521337 34.146620 26.486876 16.315476 12.435861 6.337932 4.786429 9.928401 15.404259 3.543142 7.921798 11.188370 13.522500 13.564980 10.174909 11.890255 6.328377 1.338609 4.823805 7.120377 21.976452 9.790462 3.672550 2.517151 2.950009 4.101739 1.734145 7.771332 3.499841
2.810444 1.885690 221.4081 0.000000 2.453972 6.432417 8.925976 12.802610 4.482710 8.176351 11.565828 1.515950 4.083362 4.843106 4.898016 10.526111 4.648818 11.584838 8.518675 2.658126 6.922004 8.088955 30.384744 48.199798 32.003777 25.962799 17.570122 15.607579 14.192465 10.633534 11.642446 6.027813 2.976213 18.299643 11.117545 21.108777 10.143691 10.293933 17.676980 15.867047 25.422162 10.437065 25.191266 20.637977 25.337504 60.439534 62.319790 239.649125 190.061479 101.444613 35.223508 17.666428 29.470177 27.846145 32.204820 23.038002 19.568566 16.128230 12.672756 12.615720 7.957948 4.988381 5.516855 10.099422 14.388582 8.872137 7.325591 15.420175 12.779663 6.305494 15.910884 18.327356 65.962592 51.523957 26.933535 27.601829 26.219719 33.479921 18.981484 14.216819 12.006627 7.877421 9.729513 10.027762 15.154579 11.649697 7.162034 7.965304 8.862536 15.488819 11.887321 9.370848 13.293368 8.950869 8.065311 7.570204 4.204181 11.856192 13.038003 4.059393 4.770399 5.288195 5.815631
2.861178 1.883553 219.4705 0.000000 2.644375 12.002256 4.637704 6.192241 8.970483 2.932147 3.238459 6.241769 6.269837 5.577399 4.192696 9.413786 5.255763 12.812667 11.673595 5.738585 13.940666 13.604770 38.082121 44.686366 12.470436 11.029123 13.869097 8.852673 6.083880 10.731709 4.856731 5.145392 16.048877 6.102253 22.931952 15.563929 8.123085 1.464456 7.954983 11.799734 21.731548 29.115411 6.373243 6.562559 23.995389 28.697443 131.918711 277.809772 141.089429 32.712567 46.019544 25.757659 44.176040 32.909508 13.157955 15.104060 17.316519 16.811407 20.168951 20.655540 9.863773 13.280223 8.167334 10.980288 12.264193 5.810066 17.375368 21.370606 4.785986 9.601381 20.238780 38.454825 85.034841 22.019002 19.861400 16.605955 21.239716 28.550153 32.410887 8.164315 2.145921 4.907782 8.999277 14.619758 14.361075 7.952335 7.474851 5.146822 9.303229 8.066687 17.815253 15.097096 10.500159 4.842931 8.504816 5.776709 6.735604 13.259356 9.534039 4.141486 5.295248 7.395195 5.396046
2.907450 1.889288 225.0532 0.000000 4.817843 8.332595 8.208816 11.033051 6.996376 8.295758 7.744889 4.924496 2.116135 3.762318 4.293854 8.023071 10.963827 10.502779 5.302547 4.331526 3.326177 10.389056 33.593224 41.286525 26.217717 9.614712 7.353753 6.743203 6.383600 10.839107 7.162695 6.651982 11.279073 11.312277 9.685419 16.805675 12.709877 9.455249 9.331315 11.665520 7.631790 6.041862 9.300067 21.367162 11.069092 46.508695 74.791749 73.040889 277.546649 177.253520 96.114822 33.399025 13.153191 34.525085 19.511792 22.641959 21.609567 17.083323 29.767994 13.882890 21.499699 16.442839 12.611739 18.313904 9.970940 12.543246 17.198959 13.929159 23.029467 20.305969 20.159517 27.136190 23.826745 57.856683 66.327691 27.290654 26.439312 32.199410 31.036753 9.924167 10.678501 11.702086 8.175391 4.527163 10.970208 6.448329 9.964775 9.624316 9.203237 7.359177 17.756482 13.119552 7.933373 7.435552 21.421410 9.819675 4.566030 7.650418 7.733917 18.801173 10.138027 4.374112 6.799751
2.960130 1.883591 220.4858 0.000000 8.548111 5.123742 10.636322 12.406374 7.420692 9.069739 4.769902 8.279699 5.308125 2.605409 6.283732 8.715958 4.424844 4.354988 10.029760 4.259329 20.779912 15.954369 49.735870 32.577982 19.113391 8.066776 11.230835 11.049791 10.870827 3.838646 9.797246 14.734689 16.040038 8.286740 12.284727 18.886210 7.826493 9.551517 15.688693 7.416390 9.604242 23.314304 15.284316 13.055566 54.190727 38.335307 85.089344 275.162045 177.807088 56.299021 37.269998 10.368367 15.640276 35.328602 32.300745 31.167183 25.070441 8.588274 25.852886 25.928690 11.490602 15.689669 7.597530 3.862089 6.040595 8.240246 21.269875 21.027802 10.068326 12.720856 14.580303 36.198122 89.845121 43.551299 16.758659 37.068140 30.854860 26.647516 16.014306 8.564748 13.556986 6.587514 8.056467 11.456644 13.741821 8.235175 10.246582 7.630670 7.511085 16.940271 4.032921 5.819637 23.383014 7.865643 3.495207 8.212763 9.841060 10.528545 7.584660 9.193915 12.026992 7.850449 6.554643
3.005342 1.883386 221.4785 0.000000 3.184385 4.022699 15.755667 2.458106 9.052737 10.750838 7.501755 7.573965 6.410937 4.660701 6.866748 6.728487 6.585796 11.756454 5.427902 6.048787 11.554009 11.928925 39.396034 41.764282 16.729088 18.349098 8.392224 5.292933 9.749483 4.119448 3.747342 10.372422 8.279368 7.495375 20.244977 20.876579 10.618382 16.581830 17.132710 11.654358 15.572441 14.851776 19.334425 26.785614 56.105567 40.616192 75.598309 252.543470 177.225578 79.622971 56.886765 28.372854 18.237860 17.173888 10.909098 14.710918 21.491473 9.461759 13.601968 16.330645 9.001645 11.902464 12.175464 6.078061 8.937172 11.783071 8.938297 7.125378 10.431798 11.208171 7.155554 20.255891 70.074613 60.139547 20.665228 30.717631 29.664597 24.359573 20.032733 13.431747 13.943978 12.028457 9.005906 6.761725 5.749423 7.472307 11.554626 12.288930 14.268858 16.376987 10.510771 7.559796 10.405506 11.087325 8.844477 5.453281 4.963258 12.763579 16.295991 11.385445 9.841263 5.093603 5.897187
3.060114 1.881089 216.8338 0.000000 5.084509 6.719215 11.647372 8.203903 18.508037 8.929995 5.782439 1.966859 6.898949 4.681931 2.340562 4.694958 5.475873 14.201810 5.820131 11.047065 10.565293 17.312948 41.564937 39.420311 20.734961 15.179822 14.323443 8.316191 11.449150 13.500321 12.687844 12.910121 18.276118 17.075805 9.648746 12.287267 15.167366 10.588445 11.420371 25.398135 21.602152 13.098906 22.421681 40.027658 52.690206 41.621975 222.228177 165.367242 87.222844 57.007506 47.582702 35.423448 20.020928 26.754237 15.464732 13.716447 17.282653 15.776533 16.015986 4.623110 14.727906 10.681202 3.424228 11.179639 6.306342 5.627121 2.173343 12.555472 9.112693 12.163715 16.627256 106.114227 16.088655 37.998524 26.648118 26.196026 24.016648 16.367375 18.083034 13.161871 3.590480 9.772797 11.988482 8.210750 9.732550 14.676995 8.458249 12.222154 8.166339 10.178671 12.939662 9.280870 10.542886 6.374832 2.696246 12.525834 20.314800 10.700570 7.785226 6.522275 1.763667 4.030739 4.557895
3.105494 1.884688 213.9399 0.000000 0.822910 12.015049 9.182411 5.651974 14.025783 11.402999 4.501080 5.786252 3.362309 2.817821 1.843298 2.739117 10.558842 12.220672 6.920752 10.441161 12.334630 31.219216 43.013485 25.017285 12.425150 16.833220 10.695678 4.351828 2.315832 11.693408 10.956883 6.476289 8.966779 17.083496 18.463680 15.101089 9.366681 15.873718 10.261405 21.970063 16.607905 21.906895 16.803760 20.917185 43.999738 144.950268 254.800048 129.954208 40.022116 33.740397 52.138708 40.309133 38.992141 18.280448 3.324680 12.468373 28.933213 25.356550 12.916565 4.011398 8.975083 15.141718 12.949782 13.037923 10.756224 13.376789 6.494836 6.796501 7.902082 38.403461 99.340250 40.345746 24.079252 15.357889 39.770084 11.441186 21.785502 1.950715 4.457772 9.618335 6.179697 7.895713 4.750762 8.696756 13.366163 16.683696 9.085188 7.078373 9.153595 10.185452 12.593249 8.205991 6.285085 9.198431 13.400555 15.918249 6.581212 1.870547 8.062319 9.430427 10.942862 10.186375 7.636975
3.162416 1.887660 219.5464 0.000000 8.383069 1.671063 7.266786 9.469274 16.542429 12.723054 0.860811 4.313762 3.616456 7.476545 5.022409 6.125364 11.459923 13.402177 12.071218 14.162596 13.403279 19.739206 41.041273 39.832337 7.426996 4.320235 9.859886 8.585971 6.866557 4.269270 5.500337 10.642111 2.364063 14.169022 16.500739 21.250563 17.717423 13.380919 11.278229 10.177319 13.388330 22.964855 29.049940 13.559542 31.260340 59.886697 111.248764 241.671539 199.680943 56.073873 46.006124 61.193505 35.684210 10.581428 15.324209 19.608296 23.590821 14.694697 14.437661 20.762538 8.425348 9.803287 11.342844 11.417856 9.084018 18.700443 20.038860 23.550416 5.947723 14.205581 23.461553 47.221280 82.257345 43.618880 17.060404 19.503582 40.242797 18.745474 16.241905 12.771994 10.462439 12.910239 9.643276 5.111158 13.348015 11.020695 11.952867 15.368852 9.442235 7.037038 7.269908 17.017783 21.112123 4.639708 2.448737 9.660724 17.109603 18.520516 9.050791 4.102437 5.264575 4.040467 6.836672
3.210365 1.890779 210.9490 0.000000 10.393449 8.122053 12.379569 7.695450 9.208940 9.434513 9.043264 4.101044 5.719767 5.836929 9.041275 11.555676 15.441552 10.425279 9.813068 7.922700 18.809734 35.696966 39.752939 18.845253 9.940136 12.888479 7.893797 2.787193 6.372391 12.732932 11.937047 6.076514 1.466912 10.961578 21.761368 9.731710 15.754887 9.170418 6.824425 10.026712 14.948085 18.099052 46.712772 45.147309 60.705832 222.309410 219.246740 98.739808 50.023855 43.925268 25.327629 30.514840 20.791828 23.119237 24.964072 9.482016 9.573302 15.934715 12.567511 14.969838 13.168041 12.415592 8.612287 6.683612 20.118710 12.154208 16.460292 19.528329 19.863217 71.224832 54.021001 38.896825 23.376885 41.729632 15.377114 21.921164 23.644550 14.330443 11.295656 7.641986 5.872295 13.498336 9.098257 6.263362 14.484575 15.759414 11.916025 12.964722 15.511004 9.090673 4.204701 7.444171 6.811168 12.837413 8.291075 10.462809 6.304722 12.381236 8.208660 8.172930 7.637830 11.814672 9.394985
3.259901 1.889159 219.4118 0.000000 6.019209 3.896138 9.453264 12.206273 15.305730 5.646056 3.627145 9.498797 10.894053 5.588217 2.804534 15.524813 8.766566 9.108571 0.986999 7.357592 7.460625 3.163127 33.550794 46.424454 26.366856 15.281820 15.531704 12.232848 9.757356 17.600163 14.070342 17.602799 10.382345 12.334543 18.703678 25.387818 6.811920 10.256276 18.034205 18.726345 10.662516 13.443410 13.168951 31.891002 72.402567 55.037227 113.418298 260.601825 173.656145 59.881177 40.400104 18.671369 16.558511 27.222789 18.194121 18.668603 19.038066 10.619118 15.950387 14.983253 12.686621 7.762448 9.219231 9.300046 9.728595 6.432556 6.781900 15.414593 6.617547 10.787242 12.196832 40.537703 75.788386 42.143012 17.304893 26.315418 38.642312 11.139692 7.719538 14.005858 23.211499 15.430960 7.599131 12.531744 13.220290 15.976526 9.660195 16.360166 17.782174 6.946227 9.644416 9.900094 14.470876 5.468362 5.226725 7.571323 10.385977 14.446162 2.824282 5.572336 3.332557 3.715542 3.321202
3.313424 1.884576 214.2321 0.000000 11.845675 9.640214 13.688244 7.581666 14.036612 7.717223 7.006262 6.050499 5.537970 2.395488 6.582754 9.019190 4.011776 4.926832 9.784155 7.801948 10.976004 29.540702 42.620023 26.898354 14.078155 10.157557 9.826304 13.310259 9.229139 9.383215 16.233696 11.253977 6.924851 11.642125 19.803382 7.253930 11.188642 9.287859 23.972382 11.135515 27.822974 31.645878 25.320572 76.535171 60.062053 108.138367 250.539988 175.515034 70.755994 33.485823 13.803801 20.610336 10.679734 8.917877 8.632983 11.811748 14.150716 12.332508 15.591816 13.617578 7.976004 6.876839 4.342592 2.920161 8.056599 17.224769 11.342373 14.711439 16.070273 12.860862 76.660446 56.132963 30.096472 16.055442 46.952546 4.636217 4.281670 12.605328 17.637067 4.405326 9.179520 15.738604 7.740615 21.932332 13.611664 10.770746 16.247390 6.094912 5.970874 7.932487 12.645625 4.863916 2.744205 2.637680 13.170163 12.500823 3.723716 4.118225 5.317917 3.088109 5.996036 5.571714 1.566966
3.365005 1.884504 214.0975 0.000000 10.274028 6.624196 9.609522 10.961836 12.627820 13.816450 12.182903 8.385297 3.414807 9.307117 8.739015 10.781824 14.872716 13.983096 12.735207 16.141577 16.823124 31.377073 42.515948 25.463084 10.441266 7.748233 10.220032 12.676810 11.809038 12.647551 13.658719 10.171401 16.677943 12.020495 10.058721 11.311482 14.073560 6.777994 26.646387 22.359101 11.575146 16.291108 16.341548 51.048897 57.449860 134.294377 258.276907 147.034102 44.370458 32.633679 22.576573 31.672461 30.221312 22.803544 11.081913 11.659947 15.940982 7.914941 4.538586 7.663353 18.057081 22.363006 15.326577 11.689482 5.326682 10.361485 8.691248 7.038796 14.749285 30.753734 97.901276 37.792993 10.275130 16.545327 41.408974 9.676527 18.209813 20.523999 15.676611 5.015638 10.116102 8.782499 8.966098 14.520963 6.389527 10.946852 14.052810 4.977328 4.848954 8.113357 9.090251 1.443262 3.849008 4.448971 12.204999 12.807600 5.506770 2.438920 5.959808 6.679223 2.235172 0.910891 1.897300
3.415108 1.881989 217.4865 0.000000 4.760282 1.335221 9.159467 7.616992 6.190566 14.117152 12.278532 8.504829 8.166177 5.440005 7.347448 8.267042 8.155539 8.123288 12.613154 15.913946 13.379444 22.349813 46.201052 31.769831 11.664247 6.627860 6.824064 7.961107 9.741380 5.212428 9.560699 12.398136 5.173100 10.645957 10.352932 12.627241 13.105999 8.553435 15.238904 16.195780 20.543195 21.174055 9.214138 13.983278 35.885436 58.416442 196.174388 215.007922 101.610356 49.989372 29.981857 36.961011 39.975559 26.103605 16.982841 15.553551 13.015404 22.763641 14.543772 9.115788 18.196632 8.747205 14.513074 9.124271 8.933847 22.458961 15.224053 8.786795 10.901989 15.510202 24.984769 97.608250 33.275411 6.505979 23.855753 17.312866 32.926816 27.857681 11.391957 8.671701 4.208478 7.810978 13.642965 10.032013 13.203700 12.799211 6.533994 8.235650 14.015959 11.449128 10.521962 12.159594 3.456029 3.687327 2.166083 3.494957 17.928093 8.359360 3.272425 2.807085 5.668244 6.194883 2.863319
3.465282 1.891979 218.7138 0.000000 3.074057 5.572578 4.175186 3.464955 20.580724 5.930708 11.020401 7.044817 6.348817 9.006627 10.113586 8.925378 6.844398 15.421278 3.749509 9.246481 6.733695 16.459929 40.764322 42.733631 11.299608 7.706300 12.001216 2.815859 12.336553 10.949393 11.472031 24.275559 10.511421 6.313948 12.419433 7.423121 19.062591 11.558450 9.778909 12.605059 20.785324 34.200198 30.536883 13.728209 13.384175 46.862062 135.690725 261.735306 105.456986 56.130136 35.820573 42.626148 38.201952 12.048441 13.998353 10.020493 15.174221 17.498452 15.035637 12.471517 12.579078 11.978919 19.459738 9.265060 5.981292 13.197538 15.695301 12.529860 2.898009 6.857868 7.980464 48.819853 60.380280 10.135067 16.721258 14.275412 26.603479 31.842218 11.734685 8.632111 10.140351 14.644658 19.730333 17.093698 10.773549 12.145408 12.743217 12.718234 11.450548 5.822423 8.451776 13.050813 12.869411 10.251388 6.243050 8.006955 16.305695 18.683601 9.716654 6.652763 7.960477 4.479670 4.236985
3.515103 1.892386 219.1293 0.000000 2.961295 13.010798 4.998017 5.827573 21.153377 6.518271 10.590387 12.019862 3.472839 11.612785 13.578104 5.309581 6.648624 14.342837 9.348023 7.943037 18.929801 14.375520 36.945358 45.659400 13.884230 12.655661 7.966034 2.521866 8.492425 17.803997 11.292494 13.069972 3.589519 13.023557 22.277189 3.425014 8.630445 14.488415 17.558928 8.763497 21.586409 7.408053 29.488798 40.626388 22.692591 47.744670 133.984389 277.162148 121.196469 40.025064 30.201897 32.011712 31.143403 20.309362 22.614616 9.420115 14.602015 6.832910 6.873684 18.180619 23.507893 15.240120 16.545825 12.742509 16.336466 13.620924 8.027526 15.537341 10.501936 11.096104 12.869719 39.923108 73.451210 16.210320 11.749151 21.484095 30.772658 28.148546 18.339779 12.544518 13.079116 19.007134 13.438969 14.572983 10.919702 3.802240 6.949592 12.209225 10.455833 10.875826 11.751452 15.072492 12.447695 7.018921 5.364939 8.013665 15.525700 16.880256 9.250019 6.417349 4.540530 6.629391 8.468403
3.566579 1.899853 219.0839 0.000000 8.126511 1.598507 5.706148 7.158298 21.657148 10.777322 1.875079 14.635554 9.131475 7.560506 18.010069 2.007013 8.277476 10.953457 10.172097 11.134691 2.746994 17.370334 37.314815 37.605145 18.915484 15.888978 10.144781 7.778114 8.707145 12.021280 15.910945 12.102925 17.915783 20.929489 8.034322 9.950702 9.049115 17.615587 6.252480 9.676737 14.566970 23.179355 19.016984 51.032536 41.059118 58.671867 127.129297 277.634529 122.063435 53.043422 33.074034 27.252744 10.825966 19.649811 11.924265 12.587511 19.891836 15.765569 11.784489 17.121764 16.313275 8.545490 6.071574 12.118566 12.390406 12.523682 11.959479 16.150774 9.176326 4.213332 8.265621 39.020899 69.145463 20.548716 17.402359 20.722802 30.937217 29.245149 17.375133 16.804958 18.887096 15.313323 15.379208 15.049714 8.596497 7.053067 13.243189 14.146627 7.427840 8.224260 7.743832 17.139617 14.633688 3.700709 5.233175 5.841246 12.537702 13.929249 7.792394 7.242831 4.154764 6.986924 6.770745
3.615275 1.896381 217.1379 0.000000 10.645635 9.064690 1.748660 8.913125 7.661980 6.764906 11.654756 17.511410 16.421973 14.515446 9.077577 2.222044 7.228470 18.402221 6.596840 17.381116 18.496181 24.765088 38.366223 24.266321 9.698822 7.413409 6.793960 3.783808 3.501627 8.876245 11.290143 9.062700 15.260134 12.005265 9.985565 14.971360 9.881235 8.919502 12.799742 10.346654 16.824553 26.735730 39.117953 41.230621 37.931021 47.067524 203.908851 210.314567 104.296804 64.899178 42.787440 17.374006 12.653172 21.552539 17.703131 23.358094 15.070128 15.596723 12.147739 17.406890 12.270428 12.300075 15.870949 16.420443 9.076564 8.582277 21.857690 15.651078 15.554165 24.856060 21.607790 91.460414 20.852182 28.456021 20.336633 30.612244 34.595315 11.577685 5.656412 12.841644 13.843394 16.979210 15.191828 10.933328 6.783507 7.432923 16.711518 6.028359 7.624157 12.423371 19.048735 16.460103 4.502471 4.373934 2.222105 11.219156 19.580105 7.770197 3.425455 4.255957 5.667754 6.586684 6.286984
3.665490 1.889784 220.4451 0.000000 3.948298 7.412318 8.254446 3.678224 4.587537 9.955624 2.337949 6.778649 3.075145 3.867599 4.890795 5.997605 7.737979 7.658141 12.778450 14.101609 16.841061 18.280260 47.037272 33.866857 12.476603 6.218587 14.503939 4.638168 9.462648 14.066748 12.060356 9.970969 16.374002 24.624286 6.188931 18.083019 18.428218 26.328436 16.672510 23.777089 21.220237 11.891456 31.279355 36.116727 32.633882 54.881939 97.116584 253.794335 204.252403 86.672849 35.484485 29.500784 23.846611 22.250468 29.080149 13.211652 18.977232 9.907547 8.324854 12.802792 6.444917 12.055375 10.439677 10.799622 16.717775 10.004344 5.025296 23.317925 13.055816 27.602142 17.642942 27.552357 69.350844 50.650894 40.342693 14.017239 35.735977 24.896347 20.127023 10.406738 2.212573 7.089930 7.440840 4.907534 5.732630 6.742247 6.957580 13.204887 10.971843 8.548238 13.716882 13.752047 24.408773 8.963637 7.205875 5.940115 6.104147 20.251461 6.997830 2.382697 3.220661 2.717029 7.724617
3.717106 1.889525 217.0620 0.000000 2.648481 11.864860 6.472676 7.415115 8.537270 5.510207 7.910135 3.521244 3.628253 3.089370 3.347232 2.073126 5.205911 11.092114 5.920322 11.926488 10.556377 19.113462 39.357202 38.392068 14.407244 14.295613 18.777531 6.109889 10.112022 12.776377 14.434806 11.987204 15.050401 16.732475 14.212606 16.358159 14.960612 10.942199 18.823286 24.277021 23.043294 26.677615 27.420787 26.896407 34.234901 81.873603 201.892909 222.960205 115.861170 60.099370 40.135144 30.372627 22.563567 17.054590 17.811363 12.333884 19.121129 21.018007 9.258020 6.581724 7.020487 11.205765 16.395099 11.721975 3.943865 10.698595 17.987218 13.550068 24.006713 6.327543 29.092956 73.299444 46.859102 39.055357 24.106797 46.473366 24.927404 13.865907 8.707585 7.177869 9.067925 6.556447 8.070598 1.410551 5.137831 6.319467 10.515106 9.533867 3.804162 13.981023 11.226834 16.840468 9.843668 5.494200 7.520560 12.851001 17.894735 7.713606 6.227404 6.173230 8.783749 4.555302 3.349250
3.765551 1.886495 215.9937 0.000000 5.055410 7.321226 2.409273 15.496607 16.286377 7.757932 7.921364 1.598575 4.363678 3.856037 2.143317 4.556487 4.806186 6.787299 7.690445 7.194838 7.224702 22.772337 39.783918 39.370762 16.959935 17.680855 12.549447 9.050261 11.972163 10.092547 11.030472 6.847346 7.360624 7.148850 10.697409 14.598541 18.012748 10.893652 15.866817 23.971726 30.656659 29.877584 30.044606 27.325818 61.512058 58.831441 244.702698 188.136319 98.606627 52.685098 34.093120 27.073263 9.057601 2.577638 21.749569 24.042715 9.781799 16.591099 8.220586 8.155459 13.103165 2.401321 16.302504 8.188688 7.301017 11.054031 18.862466 14.532846 16.519495 24.136212 39.014539 71.438541 27.294706 34.830189 27.535618 31.783405 14.446460 12.482869 14.105861 12.197675 9.364298 6.864375 8.764298 14.348500 14.092027 10.897889 5.073466 8.931908 13.744779 17.878994 13.628199 7.567846 12.677300 10.757747 11.476377 22.260358 11.164467 7.458779 6.067190 7.281194 7.201622 4.042584 2.492264
3.818353 1.889478 218.7827 0.000000 11.792735 7.949435 10.706098 11.937847 19.448581 10.634802 8.536876 4.761167 3.532386 3.514338 3.570053 1.510613 9.850923 6.434635 3.368291 10.436706 15.693209 14.420864 40.028258 42.143000 15.311130 14.214586 5.834916 9.642798 5.487448 7.588063 14.838875 7.048302 6.953269 9.275299 11.458906 12.016205 10.305245 12.884223 19.008751 21.264692 28.208367 16.189295 28.858178 38.137540 37.731266 58.394758 142.262939 262.748984 111.904631 49.322822 42.235159 29.384821 18.377180 22.229044 22.519928 16.722309 22.304618 13.159030 2.350006 5.379379 8.205909 9.078952 14.270420 15.708129 8.624562 6.936802 11.179286 13.994810 10.798185 15.090712 16.692274 48.864704 69.437406 23.706249 23.841458 21.124454 27.279500 24.210962 17.601272 16.160007 9.086458 12.124572 12.227766 13.721228 17.208912 12.998152 11.660223 7.973220 11.769836 13.734094 11.927221 11.818852 4.760149 3.710535 3.752725 6.924510 19.044693 11.524254 4.805709 4.728030 5.986881 5.291264 3.774535
3.869130 1.889172 219.3391 0.000000 10.982170 4.402643 16.013984 15.595750 13.978494 17.116507 14.943999 7.909751 7.287278 7.747990 4.761405 3.532914 13.143751 8.772680 9.391372 14.598340 26.124300 30.004413 51.442620 30.170416 6.120234 11.562513 5.407960 12.972620 9.433314 15.831134 11.429494 3.889057 8.958095 9.324988 9.821107 12.396357 11.705954 11.818745 7.222838 6.169890 31.014735 16.850082 17.163176 45.753866 42.074353 35.588206 93.952581 268.053644 146.249200 86.229539 59.830228 36.688031 14.917036 31.410916 22.237436 9.892695 23.545454 23.605777 17.516312 13.578118 20.459270 17.600814 12.758386 7.852290 7.250441 9.818189 6.083048 7.544385 6.994050 11.166053 8.548617 35.320328 81.535875 26.572860 30.652303 42.612989 33.858327 17.573338 12.583924 16.973027 9.311585 3.748112 4.166271 6.155537 15.035855 11.559580 6.000712 6.440196 8.969888 14.824272 4.543844 9.780099 15.964456 7.952336 4.064043 6.078743 14.741193 16.952071 4.979168 4.586293 5.050473 5.342542 3.239148
3.917590 1.885684 218.4378 0.000000 6.096441 11.331881 11.584700 23.207647 19.379618 5.021934 4.367344 2.508602 4.372052 3.587399 2.264063 6.644565 8.910820 7.029054 6.865977 12.955395 13.173856 19.028180 45.206202 36.058432 18.460716 12.030509 13.877969 11.030697 7.418916 2.114810 10.079163 14.246547 7.736074 5.226375 13.161842 18.057694 8.546996 14.786853 19.024460 16.250356 25.528836 30.587370 39.510802 36.582984 37.444422 64.496720 154.969237 246.119689 135.565999 44.500603 40.739441 42.345235 17.042179 7.256316 8.685401 18.269718 17.922220 7.357930 6.224077 11.703492 14.613927 10.994278 9.981615 6.627539 5.045448 6.519108 12.957401 10.903408 5.934421 11.704360 26.295058 67.842049 67.547674 28.597283 14.660488 34.256336 25.415210 10.378393 15.464305 15.923968 10.562823 10.393466 8.777566 10.671625 17.467295 15.164957 7.363098 7.646962 16.861988 11.587288 7.586718 12.711353 10.589790 4.992944 6.053704 8.137104 17.521111 10.808770 8.410679 7.136765 8.074757 2.923607 3.199439
3.965527 1.890252 218.3455 0.000000 3.533997 6.302816 7.529713 17.612634 13.055167 10.992658 1.656531 3.966427 7.155440 5.467123 6.803768 9.454258 6.716436 3.260092 3.733323 15.545949 7.376929 16.740866 38.984585 45.216941 22.141020 18.927259 19.104569 15.908229 13.186749 12.947810 5.067094 11.831158 16.276660 15.578623 13.011496 16.982569 14.256670 15.972301 16.538024 8.983206 16.117252 29.135120 36.535553 31.529574 29.361725 67.965370 157.886825 245.419111 139.823138 47.485676 34.552043 33.260328 14.991429 14.723158 10.383428 11.783288 15.500706 17.522453 16.837100 18.227010 17.869816 12.201675 7.951816 10.486905 11.808467 11.439002 17.942641 16.913087 8.470644 10.915466 22.480536 63.248618 64.281498 24.565584 7.655064 38.369454 26.164011 1.821420 7.752337 14.199129 9.698779 8.778422 6.941060 7.512398 14.240102 12.415295 3.698111 12.453574 16.855187 13.862469 9.213164 12.181399 6.611103 6.208323 5.500889 5.618848 15.124272 10.254934 8.487613 2.991021 5.039647 3.672244 3.432217
4.020158 1.891489 216.5406 0.000000 6.550383 5.503466 9.733290 7.793674 14.569974 4.964362 0.821522 3.803124 4.316074 2.947216 5.014652 10.821304 7.975816 5.134193 6.050734 12.738487 8.869594 22.765168 40.248568 34.685827 6.302881 8.451851 14.838390 13.405588 6.707044 6.682385 10.178367 11.711023 8.700433 7.460602 10.008063 18.641084 21.232223 12.692705 14.943032 21.624215 18.453988 10.259962 26.153458 40.033802 36.607950 67.907059 246.971452 186.291757 75.880311 45.662884 36.391504 24.050689 34.074536 21.407107 10.990631 4.434903 19.668870 9.006762 15.862964 5.279334 3.857679 9.660803 13.159891 7.917192 9.020901 18.774280 26.196868 2.361151 8.666157 3.877871 19.308650 86.135917 21.127181 14.123821 19.359925 33.704452 28.477771 21.096862 13.631491 22.805327 10.963665 5.431795 7.435743 16.298067 11.822317 13.474753 17.515343 14.384086 4.931482 13.437201 15.461885 11.348598 8.592739 6.459570 5.691679 9.733763 13.812497 7.157205 3.115001 6.487013 6.924871 4.802718 3.036853
4.070016 1.889712 219.3057 0.000000 11.149807 3.420353 9.521341 10.080507 9.571747 4.374927 8.063334 6.135529 8.328003 4.743489 5.840432 10.081282 4.624835 14.427627 4.550603 13.376221 18.196123 22.130618 46.294655 34.269109 15.844557 7.292843 7.381040 13.463289 9.261871 9.874144 2.693617 12.653337 8.247278 15.985332 16.160417 14.820013 25.149492 14.175507 18.371143 23.996292 23.937452 18.946643 35.536713 33.121280 46.785837 39.228525 81.226416 271.689405 139.013915 94.396181 54.745775 28.475631 26.798729 17.994073 21.032940 10.483151 8.460538 7.573630 19.911798 7.963724 7.321868 12.760296 7.488342 7.890196 8.694470 15.558032 15.314411 23.453174 8.934250 14.554569 18.072065 42.409083 76.216543 21.508374 33.863139 38.080435 21.871107 22.871372 13.191936 4.835148 9.186350 5.500045 9.695992 9.409113 9.591638 8.654714 9.740321 9.965786 13.695056 13.933848 14.200541 17.097036 16.927384 10.427962 8.766053 11.008350 14.869723 21.250297 8.214460 3.069163 1.975711 2.179776 4.163682
4.120150 1.891473 219.2087 0.000000 6.569435 11.619073 7.713230 3.978460 11.613932 11.245842 1.241476 5.362222 7.637259 3.716090 3.215409 7.981523 9.727488 6.926190 6.166073 9.642566 21.993380 22.281451 48.277782 33.298072 12.823131 13.755689 11.305854 7.867890 8.281884 8.804165 10.934622 18.064539 10.978119 19.170278 19.140238 19.576822 29.515384 9.464628 13.140393 23.472295 23.838978 27.741233 33.706691 33.260307 41.291014 41.842355 136.738720 256.814891 161.425131 55.194096 50.916796 40.881363 29.640434 19.719919 8.670149 13.466191 8.679370 18.059969 13.775897 8.504004 5.504580 9.211763 11.866910 6.478100 7.335164 14.275821 20.296158 20.617323 9.242942 8.316123 14.685888 45.303432 73.840671 39.096241 21.879187 37.328834 28.981344 14.408909 15.414029 6.354293 7.187085 12.055523 7.103784 9.433519 8.441915 6.921860 11.174574 6.727599 10.295780 13.707213 10.588511 17.429212 16.595942 6.609750 8.831688 6.957094 10.641010 11.664688 4.879774 5.641319 2.777008 4.930436 5.702150
4.165533 1.885363 218.5673 0.000000 6.603480 10.803599 20.847380 6.169719 15.186163 6.581268 4.476172 4.477220 4.509463 7.277476 9.162226 13.381093 16.365044 6.937850 3.147372 12.266628 16.635976 17.893506 40.939846 44.127201 19.974417 13.918766 12.147302 8.902216 10.741306 8.970388 7.554335 18.612353 10.384808 6.238050 10.747652 14.909170 23.603978 20.540216 15.328382 16.875317 15.712377 22.461086 21.938497 30.147836 35.964093 80.882418 140.377523 237.630470 171.521635 50.659049 28.515230 39.178696 26.552147 23.891265 14.346289 15.495570 16.377877 14.404703 10.983684 12.329485 12.480453 12.099499 3.960837 6.482468 11.214293 9.465093 10.337656 8.387812 4.694615 13.689508 21.742809 49.446344 68.756897 40.658632 21.370256 36.049848 34.937423 20.239349 15.598506 12.050736 7.891187 5.351687 6.997157 9.968257 6.330411 11.740204 11.319966 9.117451 14.759410 9.542791 6.347755 16.466658 8.974886 6.511691 6.623814 5.490910 16.905830 8.359839 6.833695 5.199842 4.636676 2.901877 4.392306
4.220252 1.885737 217.1253 0.000000 1.938777 8.202616 14.731399 8.326707 10.921515 9.951663 4.688223 2.880093 1.073380 3.391378 2.011264 6.508916 6.520471 6.801052 6.640122 9.015870 7.028505 14.335883 36.892647 48.569249 20.456807 6.280914 6.434181 11.265676 15.882422 15.553073 18.289981 14.118436 8.301726 13.259450 17.984602 13.766937 10.509806 14.497467 17.584023 17.496378 20.593001 23.881154 27.986657 30.748183 42.108391 66.172684 180.313291 229.365748 124.454546 52.874457 54.422397 41.418846 17.589030 10.588094 11.212222 24.315082 13.472309 15.231074 12.377629 8.435526 3.089658 14.222440 9.025313 10.682244 9.503012 9.282082 19.088889 12.675444 9.118422 3.186829 23.352909 83.551130 52.110365 26.527917 17.695234 57.944354 11.461777 13.470844 18.488254 18.011288 14.906538 9.066705 15.169566 12.135080 14.286643 2.901808 7.367715 16.686903 15.714908 5.240143 10.745512 21.635659 13.099322 11.384279 9.836517 11.485849 15.154498 9.011607 12.437335 5.800224 2.117192 5.819452 6.733649
4.270698 1.883740 211.7442 0.000000 1.945126 7.964167 8.987233 7.738380 4.751416 8.615561 4.134286 8.823053 6.570507 6.005862 7.099449 4.901798 9.367243 9.735516 8.756165 15.770701 20.163381 34.863283 44.131986 12.701244 13.697964 8.617630 6.002351 16.304407 11.378543 12.032010 13.045485 3.749820 9.344387 14.994670 9.156680 11.323970 11.115925 4.444904 11.984595 22.015942 21.722017 25.166670 30.825514 29.854901 61.625810 201.980053 217.318246 106.144812 59.365862 56.092962 38.028936 25.602113 24.710667 5.751844 33.570958 16.468052 16.244138 15.832546 16.009082 15.063266 11.666065 8.649335 8.500039 15.255051 7.632380 16.669196 12.851902 11.272901 16.226112 65.771149 59.285535 21.910780 25.625096 49.208218 21.721549 13.402192 7.370495 17.032620 12.171052 8.406332 6.879951 6.705088 6.021180 13.546595 6.586386 12.458941 12.240114 6.653371 11.267114 14.541121 9.570417 11.569590 7.148623 9.150586 13.055120 10.056125 9.459347 9.901437 7.710955 7.240566 4.382505 4.109230 10.781123
4.323166 1.888558 219.6995 0.000000 6.724931 18.754521 7.772575 9.997787 10.976028 5.218210 12.630416 2.834944 4.970593 1.278601 4.968756 4.789432 7.860913 8.886450 6.650587 7.226446 8.325053 12.427217 41.029426 44.168366 23.331551 4.752707 7.015350 6.162115 13.324824 7.679839 11.535039 13.274381 7.209347 9.675198 12.119084 4.906851 9.306138 7.567763 23.805237 19.036859 34.079526 20.006709 15.190864 31.101577 49.963029 66.611184 80.479823 255.285273 186.209476 85.959451 39.595642 40.689694 26.991142 32.203342 23.440380 16.643462 22.744942 8.568826 10.307732 19.350998 13.687334 8.420533 16.977413 11.226970 3.797833 17.803253 12.805715 11.567642 18.845577 17.260368 13.784242 37.983366 92.823685 37.757920 23.339173 11.703128 36.591486 6.249197 15.669497 10.974607 17.001644 12.496543 17.184293 12.367668 8.240140 6.438860 12.042966 9.528662 13.688083 6.338603 7.931443 5.247298 17.173944 5.467325 10.209609 7.335773 6.521036 16.599455 6.810174 12.650170 1.992362 2.428067 1.966846
4.373682 1.884033 217.2912 0.000000 11.943798 7.314284 9.658611 5.195493 13.697348 3.544528 12.144438 2.331594 1.361383 9.129850 4.289244 6.154879 11.713842 16.350265 11.474135 9.320841 10.779036 21.612377 37.846630 29.245054 9.183884 18.229533 14.481213 14.476940 17.093944 14.399318 13.896181 16.778207 12.188910 9.257424 8.837352 8.321381 16.424478 13.240938 10.179244 22.258784 21.559339 20.142776 23.303497 38.463288 43.256944 76.122326 203.845219 225.259136 104.023678 46.196311 33.896126 22.030887 11.038887 12.391931 21.344370 21.747909 21.582212 15.327260 10.736769 11.188331 13.536260 14.314042 7.339456 5.812484 11.684535 2.876930 15.137518 14.904164 26.252940 22.513880 18.912565 83.293176 44.661168 7.158080 15.017374 36.112952 8.071580 25.568918 15.000498 16.915130 12.425406 12.383923 13.614444 4.774400 10.994435 7.084369 10.764603 16.057930 2.702856 11.380259 7.082909 20.198879 7.996218 11.032731 7.592985 9.122013 18.248490 5.477631 9.089087 3.928891 2.647724 2.494412 5.183239
4.419900 1.887169 221.6036 0.000000 1.130605 17.809093 9.847319 6.673109 10.733320 6.518175 9.758576 3.237211 5.075566 2.646554 8.149108 4.516329 9.122140 11.974341 6.293581 9.223675 3.185126 9.079386 25.114305 44.566226 37.266667 8.675324 14.346561 9.914793 10.940690 11.309106 11.048790 20.016247 12.772428 18.954799 12.049996 6.311167 12.408437 10.966956 10.733767 14.897605 6.751351 25.115859 35.141249 32.574729 60.517352 70.624609 62.566312 203.277350 221.840717 122.784425 49.152667 15.696250 12.533654 19.053660 8.939965 17.940982 16.594998 11.591968 17.322848 10.816946 8.644761 9.336222 5.093712 9.280160 6.404789 9.791942 8.673345 9.041956 7.566402 13.104731 13.406294 18.782072 56.213273 61.500077 45.823285 29.833443 27.902548 22.879163 12.615754 14.044578 12.273086 8.366692 7.758174 16.546452 15.517662 13.795855 18.567377 12.302701 10.129808 10.402004 4.066112 9.226661 13.931465 14.946754 8.384243 6.708948 4.917284 9.238379 14.631666 8.338798 9.614181 1.259997 2.321428
4.472558 1.886737 217.7714 0.000000 7.147058 19.729631 10.825796 8.290848 9.802333 8.855030 11.829052 6.391266 4.537510 5.927469 8.034609 10.031624 5.355711 8.529734 11.453739 12.180519 14.990451 16.280568 35.819747 32.353033 15.655116 17.757539 13.557556 9.704513 6.767715 5.871946 13.350368 15.611408 9.807992 14.205778 11.883092 11.527017 16.885804 17.525207 11.574045 10.141071 16.829120 16.671870 16.531916 33.988147 38.633319 53.110703 162.532635 235.016467 150.196389 68.333391 41.364872 26.534855 32.996942 32.553925 26.877828 22.005337 18.396969 12.355213 8.756960 11.429809 10.047208 9.356523 14.105421 12.684606 6.173876 11.306870 19.164677 10.042473 20.574770 25.085301 17.217479 55.972860 61.630077 25.066068 35.529125 35.322093 24.703733 21.536848 14.273668 17.434517 19.788323 7.150004 10.027244 4.869027 10.646625 4.149785 12.800049 14.651959 9.326639 20.058581 11.166480 19.464807 4.968803 15.345478 6.330868 8.149232 17.128788 11.885611 13.395687 9.286916 6.670768 4.383952 10.256611
4.524826 1.889719 218.4161 0.000000 3.174999 7.118976 17.251633 4.619883 7.046688 15.805703 7.562915 5.396641 7.085535 9.781791 11.104562 10.898777 13.759063 13.922102 11.562274 12.493972 12.175457 24.076145 37.782637 22.433735 9.462729 8.203283 8.956151 6.919385 5.055855 7.773450 16.305332 7.696409 14.439724 12.983436 13.068375 7.763257 15.342620 17.163740 11.768397 17.342383 7.017030 24.127156 19.427980 43.524224 76.464023 122.039582 226.885046 191.767009 60.591603 37.384416 37.891282 27.535013 23.771990 19.960727 14.246173 11.774868 14.195136 21.634789 21.443791 14.402716 8.623116 17.838924 21.604243 22.629797 9.051163 19.211365 6.451832 25.009632 10.640146 34.165122 70.731157 52.071950 9.698811 42.424886 20.934419 18.367589 19.843504 11.964082 7.652576 8.928674 7.599941 7.360365 4.923580 6.885507 8.147100 8.824294 14.021735 14.707090 8.491729 19.118293 14.289999 7.182087 2.231261 6.506965 14.471348 19.512942 8.009618 1.923394 1.133453 1.198511 5.659495 5.054650 1.865935
4.575097 1.889444 216.6278 0.000000 9.088721 16.762188 19.742344 9.043417 11.648772 6.088436 1.735458 5.202775 8.499102 4.396522 4.131647 5.668713 4.650037 4.465983 17.076822 15.855955 8.844587 20.291490 35.267454 27.852945 16.945056 17.010792 10.171769 4.471322 6.791833 11.434505 15.262166 12.474647 15.554143 17.451946 13.428639 8.958637 6.819055 8.052235 15.506356 23.272433 23.210454 15.479947 8.293624 17.465308 40.519197 81.657880 197.111412 235.063011 109.636158 46.202856 42.485716 39.376972 38.817154 20.731605 13.382327 13.994029 17.221202 12.259375 23.137823 13.295543 11.319481 15.909393 11.779799 19.329017 10.950414 12.444779 15.671997 12.131649 14.157751 32.613953 36.958562 66.933324 46.500113 14.257540 32.603623 42.060341 31.511303 9.084627 7.917214 8.574691 10.218027 9.756748 10.361078 5.713267 8.687941 10.981336 11.013336 10.654590 15.543411 8.671985 15.285959 17.970961 5.801112 3.414494 2.948147 11.034814 16.294488 9.013583 7.826409 8.216414 5.347612 6.524754 5.375171
4.625285 1.887907 218.7559 0.000000 11.571604 5.615415 6.523040 20.044319 15.163130 8.393543 5.236267 7.499086 8.126343 2.998123 5.784445 7.053440 10.494508 13.415209 8.799973 20.681196 17.676278 14.374094 30.999092 44.397703 24.456833 13.393472 12.184988 4.488141 6.128240 12.797512 18.674902 9.151764 23.385871 1.883988 4.227624 17.113839 16.154964 16.235802 8.107179 16.336355 21.359109 29.362354 35.390392 31.873807 43.425551 49.193092 123.589515 252.826315 158.413292 72.622400 47.303718 37.413923 27.586087 14.453488 8.947564 11.865486 13.000885 17.013515 16.368653 12.438424 10.140293 17.462564 9.098363 8.328967 11.824481 7.514432 9.519779 7.364138 2.238435 3.352571 15.359081 54.799049 60.763882 25.863719 25.621806 40.257198 39.816648 16.554472 7.450157 7.556806 7.624154 12.805643 11.090009 3.620971 3.215426 4.696109 9.053651 13.916468 12.476296 7.761978 11.074121 19.377812 18.245656 10.718303 4.227134 5.038258 18.244919 13.162763 6.084247 6.429146 3.626910 2.858770 2.892764
4.675037 1.891533 219.2649 0.000000 9.383917 1.968796 9.057800 12.303805 10.542875 4.903124 4.945525 4.002422 6.925361 5.329476 8.929822 8.571413 6.434766 10.992654 8.932739 11.578571 6.786557 13.513659 32.655093 43.267240 6.578834 10.041968 4.332975 0.934994 7.178636 8.364609 8.281437 11.697553 25.865159 22.294407 19.968789 14.791182 10.774812 8.701855 19.639194 12.582012 22.477424 23.249694 15.691157 29.791481 47.410002 65.625492 120.188455 263.925389 163.837772 69.495446 33.374325 34.953499 30.599694 23.307992 17.349326 8.623559 15.944715 10.501820 21.791107 15.262788 7.044671 5.713917 3.496401 9.430084 9.183939 7.088005 10.784552 9.709077 11.014408 9.959232 11.976464 30.314821 71.416628 35.778584 18.752851 20.508588 39.110478 11.872470 19.057751 10.465229 8.430323 11.800971 10.495493 12.549829 6.339434 6.366571 9.749142 10.572977 12.415138 5.917481 8.973130 15.167382 24.949757 14.587920 9.032901 10.015689 11.278486 15.194859 4.151552 7.998710 9.261874 4.514426 4.152226
4.725335 1.879976 217.6030 0.000000 2.642295 11.080127 12.698302 10.781528 11.004677 5.197422 2.656841 3.312408 4.796132 9.584158 4.619014 7.139899 3.172965 9.057224 7.596663 7.205537 14.300751 17.320275 39.804308 41.687014 21.666822 10.782210 4.061744 6.488671 9.211320 4.349865 9.597597 12.788788 11.264564 15.140487 15.796878 9.251675 9.997695 16.339227 9.075350 10.421337 14.294792 10.991002 12.677730 34.141092 51.386131 75.347246 196.283458 227.920541 96.485836 23.857739 26.009876 20.009504 20.019555 25.838081 13.021488 14.779718 23.044359 22.321111 25.846928 24.382495 14.282015 6.517758 5.979444 6.856533 9.968350 9.860106 14.814886 13.780049 20.292463 12.664701 32.770878 90.072102 44.198268 11.193422 13.390953 42.110298 12.582097 21.117989 7.586389 10.050347 10.582346 10.218899 13.937384 3.757717 3.999408 12.000268 8.188789 18.078659 2.987312 16.886408 10.825942 12.795802 8.946141 4.653341 9.574716 8.166240 18.486736 7.727955 5.458920 8.456945 4.531966 6.069939 5.117076
4.775140 1.882465 217.0928 0.000000 4.258147 3.429843 16.901999 3.370669 7.828106 7.247157 4.870232 3.846746 2.187772 5.278198 6.965711 4.738659 2.781254 8.379442 4.539010 7.344017 13.635131 25.347200 45.668154 31.102469 13.128193 12.291150 10.833927 9.645306 9.643248 4.837047 10.561036 12.619506 4.281855 6.512003 6.957465 10.286466 7.603403 9.800588 11.853243 12.162797 22.753265 31.043488 24.196446 40.826688 45.930115 46.073569 205.965334 191.847916 105.573753 74.716460 30.140243 18.823377 13.671018 6.143372 12.764932 19.289148 19.612736 12.646476 19.395195 14.286821 7.579039 13.499189 9.867887 13.788394 6.060561 18.817864 17.816926 3.345498 40.076210 28.271868 23.405140 101.136148 18.403826 18.386759 41.281078 15.851646 26.593672 9.793019 12.757960 11.991262 10.096913 19.622456 17.966700 6.066452 11.178603 11.608280 7.204727 13.528677 7.729095 5.805386 12.241598 14.464075 13.385637 6.239032 12.213351 17.226335 19.589547 4.859201 3.772241 4.907441 5.330360 5.958730 3.879888
4.826856 1.875210 218.2067 0.000000 5.671522 11.984733 7.251755 9.492970 15.089577 8.159105 2.320006 2.241919 2.483928 4.703047 5.507764 10.757217 11.543528 10.598755 1.530092 9.187792 5.572368 15.150093 44.616327 30.305952 12.013587 6.817870 15.621669 10.832955 15.502643 11.381556 12.449097 8.887098 12.685872 18.686271 17.061283 13.986825 9.506439 6.260890 6.040372 2.987520 5.870007 11.705742 21.698153 24.552709 42.277819 58.167306 172.555749 237.503622 82.350836 52.780594 28.840677 11.547611 10.485953 6.145264 6.672225 17.500949 20.043261 15.680221 23.193026 14.380408 13.332808 13.818796 6.548093 13.657721 16.417797 12.960168 10.558504 16.378020 24.786166 27.376857 19.293528 67.453879 45.437648 13.550758 23.032411 21.914041 32.218609 22.598997 6.415837 4.869230 5.346400 7.949031 8.156673 10.786327 9.016205 7.196576 7.414719 8.180447 11.018043 15.098441 15.270070 12.748701 10.040857 5.437562 6.922023 9.328144 27.262086 11.520965 2.789944 3.715267 3.853925 3.104389 2.524597
4.878085 1.878342 219.2346 0.000000 3.970232 13.226768 10.358924 2.743842 13.668005 13.325475 1.848332 1.768760 3.888605 3.092711 1.285016 6.100532 7.005260 8.538144 5.431339 13.244061 5.390021 16.045533 45.001609 24.747953 22.012020 18.556080 19.707200 9.221119 14.153262 8.451952 15.727942 5.643156 8.264763 11.355259 22.610044 17.813613 9.418228 9.369253 3.917445 7.290048 20.856623 20.303943 9.652243 16.882041 20.795320 43.371549 123.674256 291.266772 87.212888 40.003518 8.528821 15.179598 10.713978 23.313348 14.046308 15.707727 20.938615 15.619979 23.261266 12.959972 9.786152 16.904029 8.956928 10.542510 16.826192 10.413302 8.903361 16.906370 28.689101 20.541018 19.803037 42.955185 75.918905 12.876314 21.338630 23.421221 16.901461 27.470414 20.688427 12.504738 2.902202 4.475475 8.852386 7.941279 12.002032 10.757428 6.780437 3.000118 5.576853 7.519456 13.859563 16.686511 14.271525 5.091106 5.041900 9.827039 19.788780 18.065363 7.313967 8.880529 4.732886 4.608201 5.084640
4.926348 1.879189 221.0686 0.000000 4.145844 14.254898 10.183626 5.567202 16.872063 9.643579 6.512853 1.132835 4.531927 0.805651 1.222870 5.404257 5.450015 11.112261 3.436816 7.246459 8.738188 8.391777 33.364161 38.874995 30.610414 17.859483 12.810611 10.137821 8.992212 6.900616 9.123477 3.736414 5.435600 20.673833 14.093682 17.382116 7.900611 14.842281 18.384157 16.314445 30.605292 13.041533 29.164882 28.761469 30.685538 54.694301 52.397379 273.822847 147.028376 83.762315 34.872246 26.044249 35.808372 22.576432 20.781470 18.514603 11.485260 8.698184 7.299378 7.317090 13.437369 20.059361 8.726003 10.718275 10.517602 15.209391 10.976189 12.431467 18.750242 14.397868 7.988269 3.087398 72.810875 33.755001 18.242607 24.884258 15.919153 30.844302 24.131588 20.528674 10.456711 8.041380 10.331456 6.438132 12.988296 8.101495 11.684015 8.609363 8.580228 10.941442 7.437549 15.528402 15.379759 9.596244 9.146160 5.914736 11.130418 21.820733 13.743930 8.591246 7.414003 3.197652 1.410535
4.975211 1.879961 222.6471 0.000000 1.431349 8.543501 10.770927 2.376199 11.818041 10.818710 5.187709 3.823419 3.432177 1.318855 1.998697 8.275210 4.485990 13.598460 6.384079 4.681744 9.393224 15.472670 33.803553 42.094713 11.740672 13.144207 11.373230 10.223583 9.869288 8.016663 8.125471 4.925412 8.000507 6.282651 13.835925 18.953628 11.879318 5.212685 5.010631 10.370557 23.896563 28.476317 22.169618 9.959217 16.588766 25.938498 65.463010 205.519848 226.327008 89.466265 31.864245 29.693341 33.304825 33.801442 15.933152 17.799656 16.058214 9.572249 13.719383 14.121588 9.629479 4.533877 8.859165 13.634594 8.046323 11.113057 17.797060 7.063031 16.825476 15.808754 5.599358 18.737650 41.545512 89.395486 21.985981 11.811985 16.481700 28.239351 27.143909 34.657534 15.578254 7.095165 8.902428 8.868072 10.539260 22.599737 10.556035 5.974512 3.990568 14.259360 5.514669 16.438710 19.185106 9.908932 4.903762 13.044686 7.849265 11.584985 20.330382 5.720243 10.295926 3.936263 4.562834
5.025267 1.882811 220.2838 0.000000 3.778542 15.838503 4.456506 10.181278 8.064058 2.371861 9.274330 4.554054 4.514832 8.948858 8.677992 6.647107 11.133608 7.010515 3.052574 2.109226 4.971308 10.906723 40.521784 43.817527 25.566897 2.910465 6.782001 10.251485 7.918891 8.664316 7.384914 3.272672 11.901396 11.286558 19.592520 17.243153 16.021261 15.227599 10.041439 10.980664 12.485547 7.420680 23.535456 15.143007 58.525325 70.172819 64.657978 261.517918 192.127524 91.086371 39.082509 13.951045 34.839030 30.011811 21.411334 38.714630 28.051216 18.153966 19.680171 8.388353 10.260401 14.677528 4.782324 9.496427 13.852130 7.159025 11.482929 11.155368 11.465911 23.549878 13.293736 26.722704 96.955166 42.686216 26.217148 8.520498 45.169048 4.457425 20.405100 7.036869 12.816104 4.896644 10.957015 8.990941 4.653137 9.347228 16.776569 9.789442 18.507863 6.527570 2.703618 6.254867 16.172832 4.320885 10.644314 4.917984 8.254570 14.696628 8.644069 15.413563 4.976655 3.450906 5.287388
5.079755 1.878011 215.0248 0.000000 6.118651 6.620353 7.561634 8.451750 6.338810 7.549556 5.844685 4.152027 3.678551 2.737865 7.204664 3.541154 7.978313 9.024371 5.554364 5.532976 14.923321 32.038000 43.012869 22.236790 12.290278 16.999099 18.294209 19.053625 12.208634 8.805317 8.704026 9.148350 7.889099 5.222490 12.134350 14.302481 6.356950 20.364863 12.137699 2.173288 22.925332 10.650747 20.665913 63.035216 35.587500 93.737314 267.570104 185.017991 58.550951 44.379246 11.642568 19.729567 17.755244 12.290162 24.692427 17.743627 17.908230 13.212568 7.192895 9.013353 15.306856 21.324599 20.023040 19.479885 15.917089 10.663976 11.850929 19.668987 22.123465 21.898237 61.322644 66.918034 28.833406 26.161236 36.314602 19.774538 17.732074 11.766768 12.765688 15.219531 2.929814 12.048855 3.928563 6.386834 15.020128 4.248153 6.535270 14.233736 11.304725 9.235347 19.495386 5.500198 6.221620 6.320391 9.607430 17.839590 5.264948 7.069082 3.819234 4.463418 5.752806 6.899632 4.202448
5.125466 1.878145 216.7544 0.000000 6.758509 5.073664 11.276656 10.678334 3.417364 10.014948 6.521513 4.137470 2.576906 4.168164 6.104192 6.781868 11.487182 7.184672 5.162143 7.475699 6.841267 17.342472 42.912592 41.686422 19.047769 7.342251 10.211766 18.358909 16.929638 15.987225 16.055356 9.701431 10.672595 15.477747 16.859751 14.923459 20.222959 15.722034 10.082698 9.764352 9.228792 18.157569 24.383212 42.671279 49.457591 75.622535 227.466939 197.103718 84.721703 57.387042 32.800801 22.866909 13.362009 13.336013 20.442728 18.881714 24.440043 10.618453 10.556011 17.489937 15.699082 12.009860 8.185038 6.904888 5.941431 14.183540 21.527038 18.165286 25.741803 7.092367 28.897445 93.018801 31.910962 18.162925 39.177053 19.427067 15.647222 13.535114 19.388228 14.615679 16.349564 13.053765 6.525771 5.258842 10.949449 5.533694 6.026583 9.469066 14.584301 3.777958 7.351194 9.238233 10.564704 13.968964 9.421490 13.120136 14.189566 5.987928 4.418456 6.086504 5.513455 5.333713 6.479147
5.180203 1.887076 219.3211 0.000000 8.286635 2.867206 16.082579 19.062691 12.403441 1.608134 3.333487 4.134500 7.557792 8.138327 7.409164 7.462109 4.839646 1.302776 4.525074 6.293011 12.855252 13.196339 43.712491 44.370690 14.977405 22.207697 8.628086 17.585323 10.353349 13.752558 20.547267 16.376778 17.717954 20.137934 16.119540 2.881669 4.888945 7.900155 18.764372 21.891752 19.939858 18.864681 16.095845 20.716792 29.015123 78.093936 102.733749 268.775987 138.818786 86.319413 14.969133 36.453823 27.236351 29.067216 20.766427 15.101803 14.846172 13.740913 24.343440 13.171796 23.470137 9.378830 17.725630 4.458078 2.863072 6.002572 19.044610 19.799575 18.957588 22.358185 20.209446 30.813275 74.501172 23.368212 36.089253 32.207862 20.183603 15.042410 12.266843 15.146936 8.352117 4.243919 3.857217 6.243652 7.294500 12.375067 6.539774 2.741766 11.789105 15.421127 3.719018 6.418522 14.908587 12.881135 6.777363 7.542074 10.206946 13.952030 4.711175 6.048676 6.730388 7.027478 6.700568
5.227628 1.887880 217.0029 0.000000 4.067750 12.817120 5.165287 11.904821 6.204597 7.875727 7.204077 8.125968 11.748008 7.549953 6.818787 9.548911 6.177100 11.128306 8.024176 8.448352 21.696346 22.237227 38.875777 37.572485 12.609114 9.049289 19.157825 9.788557 8.753801 11.043711 13.824893 10.894103 9.872399 12.235048 11.040544 5.846970 5.773067 8.305373 12.203311 17.410753 17.174968 18.492074 18.611536 21.700065 22.065237 74.163416 219.059939 211.694607 76.363509 46.035357 49.121373 40.878050 31.105838 24.747238 10.185420 9.117114 21.153585 24.329506 13.969173 26.017802 15.526709 22.983639 9.450374 11.934122 22.260000 19.555503 36.774412 20.376381 18.474831 7.176598 34.515547 99.782062 12.283874 30.328157 28.431974 21.820809 14.408592 16.973071 6.311300 4.612952 7.450130 5.172453 7.024585 1.669289 5.449105 3.499038 7.173544 5.069180 13.981777 13.021506 11.378305 14.219230 8.389297 12.891226 11.298850 9.698321 17.080523 7.109549 2.693818 4.509042 4.452102 2.811458 4.157764
5.279747 1.891429 219.6361 0.000000 3.482308 8.748045 8.053961 12.859282 11.487193 9.985924 10.521909 4.568666 6.583984 6.036643 6.259208 8.752483 6.717649 7.170829 10.661038 9.207976 11.300509 27.359059 41.826334 34.255195 4.577650 2.166450 16.035454 4.702532 13.015847 5.787895 22.823607 16.130957 9.376021 20.803594 5.834669 19.290786 6.367450 14.430273 14.934195 17.177082 20.036626 18.173872 28.680725 27.986749 51.139339 59.307692 64.357472 244.810430 206.949515 101.626962 37.974659 24.428586 26.843509 16.624997 22.225097 11.971648 9.024863 17.928934 19.955779 14.666656 21.176513 14.207688 14.850031 13.351660 11.540834 22.592658 13.638962 25.431773 10.887303 27.988963 17.914966 23.639995 69.096724 48.360034 49.894347 17.679346 33.144574 10.729896 15.018038 6.925630 2.739457 4.400522 7.768071 5.360153 7.115338 11.930948 8.590718 6.546094 12.644353 8.411207 17.251057 8.029206 21.521607 6.276112 4.665361 8.101113 12.007288 19.522960 8.330506 8.187696 4.871821 3.515073 3.432791
5.327595 1.889480 215.1143 0.000000 7.131011 13.920453 12.809916 9.139733 11.290557 6.245851 4.556325 1.298954 4.460665 1.338929 0.955339 2.866492 5.597650 7.974578 11.386865 16.030158 10.011271 20.038830 38.775922 28.359277 12.448449 13.781090 16.063983 13.251044 14.634784 17.122191 16.933066 8.265991 9.401377 11.869103 21.874172 16.337453 9.279122 16.177233 9.282702 10.550108 14.490732 12.960214 22.652367 34.062779 36.753025 112.705697 276.374555 185.782188 44.931133 38.199855 9.500230 16.244491 29.293958 18.195464 25.893554 22.937259 14.047828 21.289815 9.272443 16.285838 8.600024 11.213376 7.037601 17.589023 18.163381 14.070612 12.270862 17.285462 22.000896 22.908676 59.491716 55.665327 25.528700 20.883873 33.032397 22.641014 18.594355 15.400036 10.844653 14.859185 6.963335 7.584717 8.443268 5.531617 4.059305 11.521336 17.221827 7.017573 22.330710 4.246616 18.931042 4.580658 7.990523 14.529336 10.357237 24.493563 3.660760 8.244095 6.379082 4.496883 5.278850 6.534631 6.598791
5.379908 1.888748 218.8395 0.000000 7.453513 9.814811 10.113688 6.368852 16.960180 5.823428 5.446083 5.202177 7.189744 6.617311 4.260689 4.241119 4.282222 13.805728 8.370128 16.266853 8.758089 15.634324 38.631675 36.598158 19.571334 13.603849 20.528774 14.074639 0.652102 3.661460 11.893715 19.563642 15.324634 25.446315 14.751342 14.919707 8.283063 14.167457 12.488166 6.699567 11.436425 21.112927 23.031017 23.305419 34.742368 64.000546 141.443146 260.107180 132.743575 73.296392 32.429162 13.688722 22.713973 16.627059 15.918935 25.596440 20.679533 16.309536 21.018053 14.744371 18.662614 17.332498 10.726401 12.561991 10.852639 14.495776 16.816701 16.564911 18.990984 25.507856 16.342222 51.568213 63.503143 24.893586 28.458064 24.888618 13.013977 23.833507 15.402506 5.872065 8.727870 10.278035 9.623522 9.167855 6.943919 6.270643 4.311231 4.766923 13.947513 12.378661 11.219378 17.165619 15.994484 8.592508 6.593992 7.192179 15.577733 13.594761 5.564033 6.810036 6.278550 6.045754 4.251221
5.432531 1.890690 221.3477 0.000000 5.331615 1.719869 14.730104 5.158361 15.394555 11.978681 7.753058 6.569109 3.429286 3.068751 6.162469 5.197991 9.135722 9.390341 13.099643 20.523209 16.989601 11.712569 37.446816 30.962096 12.203682 14.066850 13.474707 11.824522 6.748511 3.099383 7.102079 24.294748 15.807649 11.549996 16.458764 9.235296 15.163103 15.117945 16.741419 14.799692 18.227449 15.430552 22.533417 17.350991 24.179651 39.934107 54.139143 265.067083 164.071021 85.320080 42.096755 23.619584 29.433643 17.945764 19.393475 15.066686 13.169111 7.975496 10.012865 15.118707 16.983409 19.590942 11.953126 8.798730 16.781258 14.765573 8.032707 7.957493 13.910257 17.178064 27.152393 19.668223 67.486977 40.291524 7.051513 26.351318 21.278853 26.822280 17.275985 8.775284 9.500355 8.249934 7.147772 5.623897 6.073330 4.835035 4.236456 6.174090 13.930366 16.287199 10.407880 14.961960 17.437849 10.431285 8.960440 7.254729 5.558100 14.770407 14.625941 5.586649 6.166700 5.347767 2.061336
5.480179 1.884490 219.3289 0.000000 4.769770 1.720518 11.069163 11.244575 4.422098 5.276388 10.358906 9.779369 4.341185 6.894753 6.725292 6.824482 9.409344 10.359402 13.414268 15.143325 23.388594 27.682762 46.405575 28.098775 11.810659 6.714888 9.104293 7.474048 8.354764 10.432413 9.818395 15.965125 14.231129 12.227026 2.586942 8.239669 12.655988 7.171676 3.769710 16.843149 16.582995 10.791447 17.132898 22.424226 34.300147 38.530794 100.016935 289.183782 107.495829 45.782595 45.077922 39.362660 31.544759 27.430849 24.284735 13.731171 8.026714 20.281151 28.093170 12.107261 20.022199 28.484809 9.452673 16.666075 18.812978 18.834785 18.023236 7.849401 18.563510 11.909685 22.310616 42.145231 82.061357 12.871952 17.336028 27.575993 22.527208 25.392466 9.740937 14.752040 1.907817 4.369260 3.511967 5.115147 5.158945 5.168536 4.525348 8.227873 15.950838 8.321931 8.224470 16.725632 9.271606 6.577481 9.270887 5.691381 10.532208 13.829578 1.789283 5.380515 8.493253 3.683603 2.708245
5.525756 1.883905 227.4893 0.000000 10.444415 9.768499 10.751701 13.648791 14.119804 9.792612 4.466843 7.020104 7.492325 4.924378 3.348980 6.904138 7.829521 7.922329 7.990262 6.173111 9.533483 14.598155 26.457403 44.105181 30.646340 9.268889 11.848326 13.467066 4.079525 8.631359 3.922809 12.449199 13.032951 9.705300 12.917785 16.349133 16.996550 18.280386 12.596707 19.904419 20.006245 11.929328 18.645856 22.514248 33.824590 36.635933 43.266328 59.873930 198.767928 218.900376 109.731418 64.041570 47.108826 39.561205 19.661038 13.086541 13.252811 20.294127 12.026079 15.506717 12.638643 4.394836 4.751553 20.446043 9.348267 19.056613 18.683030 7.940322 9.115496 16.588022 15.730333 12.995832 16.289924 8.356074 71.814215 53.338117 23.834547 28.706738 24.538623 25.514859 22.408163 13.541843 13.107714 10.659537 10.051029 8.667828 2.404303 6.196573 9.610664 6.599703 10.445952 13.461799 17.396056 8.290412 17.959557 11.878237 12.177498 1.748110 5.535305 4.531850 20.638187 7.774691 5.623669
5.579893 1.882634 215.4701 0.000000 8.379246 3.052345 9.333043 6.450728 11.137568 12.933013 4.302774 4.173083 2.550014 3.795080 3.564937 9.157282 10.167509 7.652781 3.298327 3.020456 5.718199 20.356910 43.827240 35.435822 18.315440 13.816802 10.141136 8.743348 9.361154 9.248732 10.311809 10.159410 10.421039 6.625278 8.202721 17.821427 23.746811 19.629844 18.078565 6.725333 16.741155 11.197705 27.383421 15.930437 72.805893 103.918031 255.856629 193.081202 57.438756 29.006637 46.112851 15.981818 24.299191 21.903855 27.359393 17.389010 8.775061 6.206450 3.129359 11.967758 12.695609 11.677377 9.124859 8.239071 9.105243 7.067626 14.658949 12.018688 14.553827 21.190924 52.467816 74.435437 33.969280 14.585136 28.942815 18.913302 9.995110 20.899522 22.450644 14.837949 9.955633 5.733514 7.134947 5.377333 8.485139 15.458251 14.186996 22.759236 10.591605 10.733933 9.066833 13.203440 6.398635 8.246106 2.807715 27.279657 5.085051 6.098446 0.829638 8.448570 3.703474 5.011682 4.716222
5.634479 1.884346 215.6701 0.000000 9.186682 3.653267 9.210969 11.539590 15.727655 9.479338 2.436842 6.169932 2.891775 6.774673 7.952967 13.426218 10.120182 5.840358 9.832975 9.273229 10.769943 20.932164 41.055398 33.663144 12.552359 7.645741 9.085830 9.547107 7.044491 3.374244 9.131343 11.616667 7.291911 7.728102 10.571204 24.052889 17.659968 13.863728 22.551956 19.222705 12.994495 19.455017 29.818431 54.567744 44.768964 84.875255 221.925545 227.197728 72.201871 54.388913 44.994897 32.748824 26.529257 18.219073 15.762560 5.221198 10.477506 10.214392 9.555017 12.513730 10.547735 14.564370 7.237590 14.552009 11.758329 14.114008 12.779505 5.558433 8.591784 16.586380 49.275800 72.531301 43.397217 22.651090 35.436097 35.733059 14.615908 18.548439 25.959886 10.622108 1.670389 5.632363 17.574575 16.801084 8.244689 13.768860 11.841799 8.146726 9.150838 8.484068 16.178906 5.529399 7.798569 3.067382 6.877089 13.965646 17.776358 9.214137 3.881415 6.173032 5.574713 6.106197 6.597646
5.684749 1.889385 214.1436 0.000000 10.129342 3.950722 7.485422 8.379365 7.200357 11.228388 11.318523 8.480743 6.835745 7.889495 10.969549 13.061083 7.201899 13.901030 10.440147 11.554715 24.529395 39.371226 39.646312 21.176500 8.512502 9.009239 4.863266 2.959410 6.715323 11.455305 15.518565 8.046239 13.445609 19.505759 10.535331 23.013156 11.617959 10.844519 20.804189 13.329101 19.932960 28.555510 24.297667 66.278573 45.357901 100.017593 242.694087 185.926305 75.191282 38.695405 21.811906 25.874574 15.979679 19.661450 15.936059 15.912224 21.617264 15.100638 16.381079 17.931772 6.735666 4.149336 10.390561 8.901388 12.303046 24.357263 16.756915 22.601310 26.168579 25.063809 76.239182 51.487098 39.279730 27.478431 37.846895 14.201525 17.605356 15.869751 16.646997 6.870904 8.104144 4.772046 14.205107 8.455179 8.533021 10.008016 10.840765 14.050124 10.762261 12.529617 12.572728 3.923153 3.509215 8.147081 15.145651 12.672968 4.677701 3.066029 6.343457 4.933504 4.937224 7.897791 7.631927
5.735055 1.893757 218.7013 0.000000 3.735005 10.232685 7.306803 15.316516 14.205833 5.193248 7.715490 8.863253 14.120125 11.986674 7.629595 16.234432 11.636054 9.367422 6.426258 6.056353 14.210727 11.895697 44.833456 36.325804 15.151604 11.719361 19.777123 9.410276 5.430861 9.807168 11.320175 16.366606 5.189412 6.742491 10.993207 17.784172 12.757924 7.892347 10.880578 12.898792 10.139596 16.472660 19.381840 25.125440 51.910195 56.993829 157.331028 262.131803 101.254119 44.166820 39.788186 16.604421 17.496217 16.977040 16.407492 15.470708 9.578722 14.274896 18.401267 13.562355 16.629333 14.568336 11.890638 10.425446 8.718334 6.925913 20.216223 27.052425 16.359874 13.783058 19.012730 56.837242 63.564960 19.324395 14.664436 25.206182 26.462467 22.732669 22.101948 15.076947 11.484290 12.606030 10.904110 12.149040 11.924082 7.380807 7.596544 13.239613 12.863509 12.484108 14.224183 12.475448 14.676677 13.218192 9.076349 6.462209 9.669412 6.635603 7.385374 7.047518 4.996139 3.198034 4.334819
5.785229 1.887602 218.4258 0.000000 7.260876 9.024564 5.166868 6.806903 8.828993 2.664170 5.218712 3.751634 6.701215 1.927839 12.377936 10.962754 8.156433 7.928052 5.150429 3.545479 7.265076 26.990636 48.319021 33.098079 12.744874 16.047105 16.223148 13.340339 14.820360 11.452963 13.783525 18.611321 6.431772 12.589652 9.293823 16.006828 9.316164 18.673444 13.762448 12.583128 14.158678 13.857247 11.856001 28.879194 49.804098 52.616495 138.325338 245.718447 82.527619 62.675727 30.340158 24.701475 14.926824 22.140282 17.910541 16.146729 16.338087 20.298448 18.345967 14.767143 20.514217 17.945781 7.428889 7.399403 5.715189 13.074269 23.542586 19.202864 14.375334 17.939522 17.079362 57.293720 44.965352 20.221671 27.935120 25.430653 28.953201 17.446703 16.287705 13.924310 8.077090 8.757407 9.173626 9.504485 8.877792 11.389869 5.509486 8.929087 9.302570 12.606826 12.147318 14.125304 21.420350 10.135138 12.028763 9.126445 11.821716 6.721259 5.723103 6.383315 4.981673 5.666372 5.015460
5.835038 1.883826 219.3104 0.000000 7.517309 4.159110 9.174696 10.349172 9.425693 6.481745 5.131061 1.446950 3.505913 3.382239 5.029290 8.679615 6.142916 4.497932 1.652852 11.461769 13.390937 14.812071 43.251009 39.352424 27.229203 12.352433 7.501525 15.906938 16.450312 8.745576 13.709333 16.952488 6.573100 6.539275 13.205522 21.727916 6.683741 5.860230 19.981292 17.797334 13.187550 8.946100 24.937246 27.112481 29.146656 29.360043 122.863831 280.532812 119.612461 43.291106 40.141131 51.119718 23.988506 15.990856 21.461364 15.129085 12.984205 17.473791 24.692517 16.576278 4.547683 11.755653 14.575342 8.583654 7.898952 12.967537 22.150074 22.456167 11.565316 15.064171 20.772292 48.200537 78.507943 26.616851 5.072199 22.816429 35.810551 16.788379 18.443319 19.359975 13.845776 7.639431 8.540660 13.318188 12.550749 10.706790 2.767807 8.082125 16.935281 13.633451 8.663452 10.032313 15.966359 8.316307 10.466461 9.024894 10.146612 18.642841 8.078710 4.100251 5.233174 6.050406 6.915675
5.885561 1.884118 224.3075 0.000000 14.396300 14.529540 2.114949 12.613587 9.253477 11.747847 3.631776 5.944723 8.248919 10.377737 11.854572 9.924191 2.933661 5.131182 1.483163 13.458602 7.197187 18.997275 46.400928 33.865240 14.434163 8.929071 11.283598 7.295859 9.677594 8.205880 5.097928 15.046323 12.708842 8.428274 4.564917 25.155521 17.474142 17.969559 6.054910 18.389614 13.921846 24.858877 21.934391 31.944302 33.642065 77.842276 104.715407 221.496934 218.217949 75.694158 36.659603 44.896690 30.809707 28.853468 16.181026 16.199669 13.808321 15.779019 6.969630 9.956187 8.512136 18.469980 17.275625 14.921665 18.666785 15.369804 15.075720 6.732906 4.224758 5.281621 17.563574 30.530044 67.734348 61.929925 29.943158 30.943173 25.396720 20.835354 13.685538 12.762955 9.325460 9.325189 12.602645 8.829864 11.691943 11.196786 5.637961 9.807335 15.046910 8.911648 13.958788 16.304331 18.835233 6.109818 3.892455 6.493345 12.030091 15.007898 12.564542 5.677176 2.621655 3.662700 3.768779
5.935057 1.885196 224.2741 0.000000 9.613893 7.156738 6.240296 10.019326 14.339201 7.417698 3.686629 8.595717 7.738534 6.302056 11.976793 8.227641 11.939007 9.403066 8.473753 16.444362 23.984175 20.395065 34.152048 43.264598 7.936271 7.671523 5.211665 4.048960 8.492936 17.225778 15.623496 3.749339 9.868916 12.754854 10.170227 15.712381 13.220170 3.580666 15.278024 15.193937 10.541572 11.796615 20.864003 36.591339 28.285206 44.439216 136.155517 218.855753 210.489333 44.014796 53.077438 39.263038 32.943464 28.426199 28.193467 18.444624 7.095835 11.620937 13.000083 17.927873 24.558390 18.402042 15.481719 20.834026 23.820049 10.742828 4.410149 9.704421 16.009127 26.418080 27.227525 49.291075 72.632185 47.225725 24.025558 34.273432 17.291333 25.984322 8.492250 10.381841 9.273802 3.463022 4.971275 5.429282 6.668756 7.626263 7.478595 8.654167 9.736294 9.118839 16.938911 11.865695 11.869248 7.461499 9.439527 6.097175 8.675794 14.099501 14.300991 6.403409 3.461850 1.694737 3.890782
5.985220 1.881369 217.2279 0.000000 7.477143 17.904028 8.283554 12.011545 14.276736 5.909888 2.608420 8.115326 4.182055 5.723705 8.697199 8.253594 13.563220 9.201813 12.636423 8.565707 11.009685 28.333562 40.497900 33.264738 19.204473 16.010014 10.398968 12.573243 11.520378 11.936468 17.916269 13.684077 17.658997 16.433680 15.049759 4.637207 10.412240 12.262584 15.233573 18.527379 22.045604 24.167366 31.566376 42.929116 56.360953 61.454756 171.427475 224.644253 147.032896 66.788573 23.631905 24.591479 18.132639 13.050188 17.299776 11.733809 14.391497 19.015924 8.753802 20.511800 16.137581 6.810796 8.835555 14.605258 9.934022 17.660046 17.596468 6.467639 22.271033 10.572789 19.085345 68.102083 57.094595 61.167383 17.144140 15.718959 32.400626 3.957622 15.690298 15.854243 8.792831 12.049202 7.163826 10.232748 8.929429 3.230703 9.162459 6.399195 11.486829 15.958809 9.273786 15.802968 4.134665 7.396409 5.626036 7.885882 14.202517 12.812914 8.194141 4.421331 4.727510 5.785087 6.140323
6.035058 1.882584 218.6881 0.000000 6.740883 6.213846 7.298471 14.979056 4.710706 8.918144 6.394299 4.471026 0.645255 2.129092 6.471388 2.054727 8.280772 3.289436 7.831878 7.729351 14.939217 6.325639 42.910605 35.112417 19.998487 12.571756 13.802140 7.767009 9.243727 15.619235 8.754257 8.161546 14.876400 14.177378 20.038872 8.298423 9.571743 19.725134 17.304419 17.901874 24.012680 23.743577 21.906129 26.071397 42.397720 41.053948 130.825969 249.249723 150.023018 80.098917 54.518936 30.058760 27.820937 21.984707 18.694451 15.194778 14.503682 13.427325 9.120035 15.792657 23.575547 16.357116 8.151512 7.831875 14.651249 14.881943 12.125116 11.006490 10.203508 11.987768 10.206729 43.518136 66.830562 35.917347 30.978510 45.825306 38.243799 22.420261 14.734923 10.017393 8.367211 12.051781 8.305528 7.958594 11.335890 8.238140 8.080185 9.288005 8.943238 15.124322 16.845323 13.305080 8.991952 7.234786 10.634068 10.568427 19.775165 14.786435 5.756425 1.983130 5.390682 6.285040 8.508370
6.087480 1.883214 218.7424 0.000000 2.821761 8.397092 15.974799 4.650242 10.658158 8.423933 0.938457 1.620881 3.884107 6.162481 4.500693 6.524740 7.459786 3.623459 10.413063 12.857669 15.564625 24.634929 46.503442 35.183347 13.475165 13.926202 5.488435 2.129485 5.071682 10.479379 13.097530 8.119600 11.482249 14.254635 14.336520 12.711024 16.646755 20.409769 17.247594 11.915488 18.713064 17.094824 23.982103 22.462418 42.576681 64.067601 137.161414 236.571786 174.588458 52.256835 38.389989 44.315137 32.300916 25.919714 20.113937 17.778529 16.846183 7.660558 11.180169 10.847786 19.605831 20.888143 13.474403 7.847597 6.068432 5.639033 14.712698 21.466958 16.629853 20.460870 25.223210 48.977622 72.214530 45.636400 29.731974 40.909675 34.919835 17.046125 13.158886 18.997016 11.766787 8.080841 4.878585 9.052091 9.663931 8.285994 9.866620 7.214776 15.844363 12.740489 2.689212 8.024710 8.858757 5.681627 3.508959 1.942547 10.501642 11.210225 5.025021 4.851271 8.215982 8.504998 7.108248
6.135628 1.883360 219.3226 0.000000 4.630021 2.601116 18.605701 3.357451 13.788308 7.120326 6.188673 5.380693 8.110107 4.265501 2.825782 6.599669 3.661078 14.730559 7.972445 17.383254 11.988610 21.882827 38.665729 48.692799 10.096566 6.054377 3.519988 9.122788 5.636062 4.655910 6.845232 3.266866 12.383568 13.335972 14.559254 4.610266 17.133708 3.267857 5.960572 10.613715 17.822245 20.972216 12.078603 11.575761 14.078867 70.087013 109.304809 233.445184 201.037046 60.896536 38.762495 60.372408 37.145954 19.269631 14.123656 22.069411 30.903409 19.538329 16.654058 13.091120 17.949724 18.678294 19.344690 13.343362 11.022952 17.996421 22.100459 26.117854 13.145767 8.380530 22.022096 53.682658 82.957732 41.632291 18.832467 28.388354 36.683908 20.570732 16.181366 7.588321 6.462667 5.063156 4.681498 7.023392 6.939019 4.077772 11.163622 11.509344 8.552316 12.782143 8.585688 8.562304 11.707942 6.356893 5.550647 4.705828 9.359636 13.585954 9.011354 4.838343 7.168888 3.297334 4.399437
6.185741 1.884310 221.7861 0.000000 8.431501 15.228169 15.458044 12.521757 12.627097 5.887044 3.683331 3.827860 2.490758 5.879816 7.325362 6.056603 5.996905 6.749504 4.356431 14.917767 10.247399 13.169651 40.890582 45.718225 21.131975 16.259320 8.460304 13.164863 6.463413 9.818412 8.058872 3.035433 9.972543 16.806341 10.202943 11.611508 10.856165 13.641609 13.638278 16.818376 22.069702 13.850830 15.335457 17.521548 34.467871 37.166121 63.334684 198.478004 221.700456 123.972818 59.075091 52.582613 38.385983 30.424984 29.776774 16.610626 15.693360 14.606363 16.730197 11.353959 13.309589 15.898490 15.719437 17.044349 8.303852 12.085154 12.340566 11.353372 14.795500 17.276217 23.896523 22.091522 53.484865 73.486574 39.977306 21.663553 35.143342 34.839807 15.418772 18.552762 13.156787 2.186120 3.190010 7.575934 8.134082 9.476852 14.693825 8.328200 6.714333 12.813837 12.014815 9.209119 5.895753 10.816550 4.990891 4.562795 3.140644 7.419293 11.768417 10.045872 7.764144 9.526111 10.974512
6.239973 1.886789 214.4963 0.000000 2.270316 4.896946 6.655652 18.377740 11.727669 9.026017 4.424738 5.509631 4.719779 5.685770 4.579791 4.570890 5.530872 6.266865 7.713476 9.568826 9.510566 25.799387 44.165235 39.332976 18.945742 9.126476 10.948052 11.957559 8.327867 17.037388 14.440669 15.386968 17.576403 10.797660 13.485520 18.627328 26.132685 11.125608 15.777310 20.993821 32.650708 36.972670 34.378439 48.912759 45.268991 98.987586 265.525330 160.525340 65.450441 54.305093 35.387505 25.953716 18.240874 9.816061 4.428370 11.842661 15.803867 6.779959 11.833411 13.664447 14.468311 14.702983 6.821561 6.658657 11.774652 14.560710 13.616019 9.809330 9.491775 21.119990 79.507790 55.243132 25.917224 18.713435 43.917700 19.806729 2.961756 8.130330 7.693431 11.247688 11.195785 9.801482 4.066864 9.341595 6.245528 12.753013 17.294408 6.460836 7.933863 11.060342 16.788818 11.386294 12.413622 3.907021 8.388869 12.596565 6.210962 6.757952 6.822635 7.130164 5.589114 5.004535 4.506831
6.285249 1.886650 219.4501 0.000000 5.382467 1.400931 8.965930 12.583532 12.283451 5.111032 2.392140 3.621755 3.759316 7.306948 4.507386 3.733849 3.508700 7.860878 8.442204 11.866905 9.707329 20.193861 35.612251 42.417132 7.805113 18.849190 16.875920 14.984569 16.419695 14.750693 20.698700 19.114291 12.988467 10.908936 6.014426 5.072806 18.830290 16.127516 25.864954 11.942311 18.768697 25.145008 19.750806 32.433414 50.857077 66.502064 111.627725 270.733085 161.338029 63.536247 22.953468 21.154428 21.085821 15.318784 17.602170 9.062144 12.916649 20.984298 6.114611 5.767395 13.522924 17.855916 10.252714 5.676329 8.152143 12.954581 12.382254 18.176602 14.192639 16.958366 28.307857 30.323615 81.055124 27.470346 19.122066 16.797278 38.444066 12.868999 14.058873 11.841655 12.169635 12.244824 10.671672 6.436998 4.429832 7.033434 10.577392 9.883954 15.034970 4.719995 9.644011 12.028087 17.449165 9.559793 8.969023 3.236039 6.775310 14.215334 3.040435 5.265016 3.261689 3.236690 5.820416
6.340119 1.890227 218.7554 0.000000 3.885528 5.084488 8.196877 11.343940 11.678360 2.466992 3.994673 0.857070 3.159638 9.872807 3.907822 3.024713 4.827804 6.901928 11.380008 5.000845 10.630886 12.762293 32.974615 46.569160 21.615832 5.136572 14.093641 13.979201 13.103865 8.387636 14.751015 11.492813 9.542116 10.483635 14.704009 6.594639 15.898247 16.197990 18.343037 9.754581 14.675346 11.767959 12.091248 32.651252 44.813268 48.252031 149.146008 263.272294 115.226396 46.281861 36.969767 11.572233 12.822824 22.908084 26.057127 10.693815 17.573947 32.201602 18.214494 14.732585 15.732832 15.858705 12.744817 7.961814 9.924726 11.382007 15.950389 22.976175 12.890521 14.425875 17.403835 54.440306 60.529161 12.795879 15.458570 20.108910 28.153001 25.613436 14.576327 7.787501 11.347745 11.219459 10.678796 6.786798 5.646854 10.028476 12.920977 14.590467 10.199892 9.756098 15.931438 16.194053 12.007334 10.607142 7.768490 7.150103 15.479832 10.769721 5.439016 7.691492 6.083882 5.555787 4.369200
6.385616 1.889253 213.4838 0.000000 7.259724 8.944874 9.790519 9.239714 7.356541 6.413817 4.325553 2.801879 3.149897 3.749729 3.708344 1.867221 5.319752 9.730552 6.902178 8.580196 15.668930 35.176089 43.515766 20.244090 12.673211 14.846127 10.613318 13.780666 12.661121 13.299624 11.171740 6.908406 6.610598 5.270726 9.264722 12.837802 5.091612 20.793848 11.138047 21.091357 23.763071 17.739658 32.724961 46.492429 35.242367 116.825131 245.155464 120.843674 84.650429 52.391032 26.449910 20.901335 14.969572 13.324480 13.508223 25.991636 19.985263 15.990905 17.780770 13.169298 18.824176 20.082713 15.606274 4.898327 14.998770 33.145566 21.730291 26.818446 27.692854 13.137775 96.330709 20.840446 27.055034 27.224043 12.848652 24.120649 11.229651 8.615952 11.793091 10.084352 11.136206 7.719026 10.331489 6.036210 4.065323 10.281772 10.559483 7.933094 13.051241 14.391337 11.816086 12.090684 6.356450 7.663524 18.472885 6.131122 6.868785 3.402063 5.154357 7.584132 2.747706 1.862985 3.097604
6.440483 1.887420 219.7426 0.000000 9.582354 4.656764 6.874368 12.296513 11.136678 6.699807 6.136698 1.575197 5.474458 4.822759 7.425988 5.692698 7.750895 3.469894 4.326426 2.939679 9.694124 11.104449 45.804896 47.166223 22.526013 16.039904 15.179517 3.618624 20.184141 11.690270 6.167903 1.593425 4.343417 10.176527 18.282867 16.382476 10.558643 20.417807 27.291346 11.984048 10.859085 14.189567 32.201752 26.796306 33.248123 46.806394 120.897404 278.966560 154.152300 52.363182 31.020874 52.445702 24.341408 7.588533 20.171177 23.789093 20.631529 14.610845 11.126826 12.807286 8.383124 11.266282 17.842763 15.362744 6.995821 11.519872 10.269784 29.010663 17.162915 11.174004 9.723582 37.090245 86.494864 44.394113 6.915781 25.510355 25.337453 11.350097 25.335563 4.441767 12.677386 14.911216 4.168107 4.919780 5.413086 8.829805 15.545014 9.688073 5.618009 13.719193 19.282514 11.209678 8.174577 5.720313 7.910447 5.679989 6.660170 17.726888 4.598686 6.208722 4.275806 8.650659 3.509681
6.491710 1.888866 213.4078 0.000000 5.598795 6.798550 7.887523 11.328032 6.057086 14.321792 2.814660 4.978170 6.492800 4.739138 3.650692 8.764219 9.292841 6.379515 6.699682 9.243039 11.344624 28.409213 44.476256 27.069111 15.260523 15.555680 11.571966 14.121811 16.883903 18.326457 9.561778 18.313463 20.534502 23.899195 15.276691 16.413585 18.272881 17.328980 21.161870 16.329199 29.219448 29.319690 24.894063 23.204797 74.448697 152.273388 241.050693 143.916347 46.007101 42.079679 41.012595 25.107292 16.652175 14.824657 17.015392 14.170632 11.444093 17.908542 6.611339 9.664937 11.554037 2.761957 12.359429 4.848643 11.624324 19.248733 5.181841 11.384230 14.043583 23.464855 76.409034 56.914572 22.768472 16.300684 47.892994 17.040045 9.323458 9.794406 9.997490 9.820330 6.522445 8.767989 11.885209 8.493563 6.062788 10.291739 15.003047 9.755970 4.620185 12.517041 5.648865 1.288458 2.240042 8.716008 23.170717 7.840942 5.981115 5.470843 5.511479 2.916830 5.901465 1.243393 5.005063
6.539727 1.886524 219.7686 0.000000 0.577122 9.536939 14.279089 9.516539 6.822720 13.409797 4.340520 1.596459 4.460193 2.897156 11.380345 3.232468 9.583204 5.383046 6.540619 7.542769 9.690856 12.963980 38.460509 45.091411 23.413805 12.343039 1.491008 9.824948 1.938532 7.425388 7.237532 8.258263 11.829000 9.362657 13.901144 13.860661 26.598210 11.584648 10.328572 22.463305 14.327050 9.921534 16.736006 38.148737 48.260284 52.733148 80.612740 242.905703 212.429959 84.510555 46.602952 44.821111 23.616359 26.014111 21.327388 19.973205 2.950180 11.653477 9.149295 16.618103 9.940721 14.413696 12.723942 7.517801 19.092998 6.170846 10.837965 15.403727 8.410624 3.036902 13.384583 32.006991 74.452389 56.170197 33.563253 23.418312 45.327480 11.347882 21.292270 23.660230 16.435305 7.288401 6.582961 9.557971 12.514082 2.880064 15.826022 16.995245 10.426718 16.089589 6.449933 7.077026 12.182530 5.195586 2.598554 4.067398 4.955270 14.119743 18.443145 14.910793 9.535615 5.818713 7.085179
6.591150 1.887558 230.6452 0.000000 2.463394 4.336333 15.705934 3.316073 8.695050 7.350953 4.634887 3.767109 3.591848 3.220883 5.741281 5.961893 6.239680 9.085776 9.339886 10.036688 15.350825 17.749431 29.201501 40.116037 27.554583 15.824367 11.707106 4.730782 7.473613 7.850116 3.443156 7.104868 10.479490 8.198750 13.999607 10.820595 14.886050 21.035853 5.557576 14.404271 21.923335 16.783256 22.529689 25.226984 37.117615 54.264730 24.986740 76.446863 214.478434 241.625739 97.201008 66.389735 25.576940 18.754045 11.410805 14.725770 16.365324 11.923270 10.999227 14.585794 11.254680 8.783756 14.272173 13.412161 13.534829 23.768533 22.879684 16.003308 23.594637 25.785655 17.810234 22.254745 30.892697 47.482386 71.408048 51.333311 25.011656 41.247395 33.128639 18.652440 11.116843 17.784063 13.929389 9.907984 8.998174 7.052055 14.830221 9.080580 6.321977 13.612640 8.567432 16.575233 10.255550 4.697637 14.894791 5.526680 3.474660 4.034674 7.051925 16.422634 16.071469 4.843697 2.427884
6.640068 1.885792 224.0490 0.000000 0.376996 4.883760 13.556876 5.041187 13.081862 4.045561 4.260177 2.585460 5.146445 3.764040 5.307306 4.687232 3.261847 7.632217 7.250233 2.742159 13.217239 24.583436 42.959913 41.583612 10.618568 15.106783 7.247207 4.890165 5.214602 15.788784 14.722666 17.893933 12.960663 22.348555 18.707657 9.002735 18.349916 14.101494 12.228284 15.854804 14.505313 18.459194 30.727968 37.091141 49.369849 53.695909 103.287817 228.291607 203.059067 79.328412 57.058479 30.213220 22.863936 29.035692 21.038207 17.846855 18.459463 16.163577 6.564845 10.319254 17.396496 19.052608 12.512561 7.839979 17.903375 9.621748 9.379711 14.168902 9.002745 7.988062 10.528018 38.948219 72.616770 60.543794 36.515364 35.834880 24.856327 9.547309 16.281047 14.214835 9.039630 9.214984 5.911666 4.440268 6.761116 8.757061 9.352694 9.282846 13.286885 19.237249 12.379016 13.767374 14.277805 7.960306 6.893868 3.810036 7.597503 15.680473 13.179567 7.817292 10.115310 7.719116 5.320758
6.686205 1.881197 215.6863 0.000000 4.518124 10.277362 12.897923 9.045272 5.268814 10.616239 6.205428 3.106260 6.912328 5.840972 10.039462 6.882993 8.480430 6.989304 3.915349 7.088536 3.649008 15.659179 43.019162 39.185851 22.479542 21.329562 17.850840 17.002897 13.058321 13.558069 19.967851 18.729524 13.620082 14.802286 15.815657 13.113073 18.358856 26.275323 21.461109 15.081992 19.592153 20.050931 32.521810 33.047470 52.105244 82.063564 238.450758 209.010903 84.014795 34.048866 53.008029 18.054867 21.049833 19.152663 17.700891 16.010927 9.373658 5.881445 8.715963 14.297681 10.982929 14.066750 11.948509 7.434324 5.950569 13.577824 14.693760 8.477722 13.748812 20.215229 43.543293 74.670798 42.234569 14.753548 32.182555 37.442632 17.032021 18.478868 14.760267 6.143194 2.398933 4.069451 8.385275 13.269029 7.784924 7.930385 12.944994 11.878698 7.480976 7.304732 16.312750 7.037411 6.142213 5.297138 6.887079 19.861329 2.932184 9.565041 1.462105 7.756932 4.501663 4.261245 3.575587
6.744837 1.881732 214.0449 0.000000 5.971918 9.848981 15.535760 4.064006 6.894634 12.772904 3.657315 4.424398 5.245757 3.547217 2.993856 6.324567 8.617974 9.564792 6.478610 7.694503 9.452563 31.241309 44.245106 30.659739 19.325679 12.217116 8.350703 10.415550 12.836265 8.747460 14.223325 11.633656 12.767992 9.347428 8.829017 16.548568 19.006633 14.009761 18.994042 6.926745 19.581026 15.994499 30.472826 24.397520 65.683768 114.802012 239.850048 178.926546 60.321331 40.164882 48.555390 29.118991 22.291250 19.869714 21.899109 17.992678 10.421403 6.995600 12.897026 19.428890 16.827180 7.124340 7.182162 14.153751 15.858501 11.908314 6.609748 4.059240 23.726213 31.396880 73.861012 67.178638 26.044957 10.487544 53.334056 24.622686 23.455912 8.236274 13.453011 5.106834 8.077854 6.713538 14.035469 9.284430 15.545862 9.439693 9.588238 10.916175 8.896791 12.045358 10.618828 5.331101 6.055825 3.541346 10.241948 10.822322 11.209578 9.538971 12.193292 7.032897 6.506193 6.253964 4.266276
6.795022 1.889362 214.7860 0.000000 4.592841 4.686216 14.235014 4.274459 12.011668 8.128955 5.020352 4.625930 2.151216 4.703986 7.960289 9.156139 7.777133 6.977070 7.648520 11.528416 12.404813 40.468994 39.686103 11.005806 7.580135 3.282402 2.765909 4.647236 8.297561 12.963250 19.204386 9.443005 12.279457 16.670033 11.315038 7.671318 5.691662 18.871091 14.240364 10.219262 21.285650 24.778644 40.155322 47.404038 80.582803 230.076409 225.084147 77.156810 59.600147 38.423635 31.661687 26.658842 22.842807 15.204618 13.274329 23.733123 20.176063 15.882873 10.668732 12.619981 7.075483 11.264702 8.556432 12.699690 17.730351 15.303766 16.962136 9.189425 35.889650 73.126502 53.209782 18.405080 37.029806 31.546931 20.386118 17.045553 11.177073 10.409705 7.037656 2.185244 13.486576 7.949386 10.092967 8.282923 8.502265 26.974645 7.219812 12.344986 21.966949 8.779022 6.027809 3.987944 10.798102 16.914890 13.587801 4.316411 4.441850 5.334968 5.081767 6.357245 6.718313 3.140587 4.794277
6.845545 1.884105 222.5993 0.000000 2.713067 1.959561 19.819870 3.027948 13.469393 9.073703 5.663016 2.759685 5.119419 5.736195 7.301849 6.660667 4.972065 15.104277 8.952575 5.897601 19.704050 25.725766 38.204766 34.883001 16.805259 15.942934 8.633746 6.588786 7.736750 11.903075 7.582936 16.276872 14.231460 10.679563 16.552551 14.522723 13.697691 13.898042 18.040587 19.281593 14.988856 20.585205 20.198282 32.248520 33.224534 34.592503 137.491680 235.133709 170.308140 81.257523 43.064094 27.868170 20.547611 15.462892 17.805110 9.912926 9.879830 12.330054 13.984146 15.568053 12.256295 12.817717 13.249631 8.149230 10.469751 9.613358 14.954326 8.842765 8.072428 18.157320 14.768777 48.704088 72.283136 51.256109 55.252364 29.468397 11.442359 15.569327 10.626831 7.931832 1.274153 4.306412 5.680574 8.358842 8.323396 4.943832 6.271071 12.250041 15.243906 5.979575 14.160792 15.826799 3.842696 8.695010 4.222625 4.467276 10.625840 24.787328 13.198388 10.831758 6.710086 7.727219 6.045830
6.895061 1.882406 224.3102 0.000000 6.751401 11.026241 9.961598 9.293802 11.030047 13.783117 5.760340 5.820250 8.329325 5.326851 2.518272 5.812672 2.226450 10.917258 2.164693 8.692487 9.792101 11.856121 30.249574 52.948173 31.215572 16.463230 14.041632 12.220242 11.345423 5.930139 15.647192 13.409856 13.004449 16.079656 13.021944 24.237571 19.360833 25.119614 19.977033 18.212878 10.275824 16.205877 22.984631 37.136828 63.292285 82.591894 106.742957 213.265081 222.756583 50.384920 9.938260 17.818440 24.843369 29.166927 21.549964 17.867610 7.790160 5.691875 13.316717 5.187623 12.911275 7.101357 9.417348 9.781780 11.510647 10.953507 9.844873 7.745576 10.644029 17.120165 29.552351 40.208691 59.026830 71.877860 32.757431 30.486632 22.073522 18.412481 20.420333 22.370839 14.386710 7.865286 3.851174 3.623992 6.904873 8.626918 10.896708 12.110526 16.390758 11.647317 6.175967 13.235330 10.586239 6.502270 3.308016 6.974153 8.603498 14.554125 15.151456 5.862176 8.505557 6.037690 3.402257
6.946362 1.882561 224.7740 0.000000 13.050197 3.635340 4.848609 4.615750 18.556854 12.312086 9.078431 6.150654 8.553932 5.272703 10.443818 9.819233 7.602177 2.724837 11.055527 12.362236 9.101954 7.114667 35.569603 54.287079 17.526406 16.227883 16.168312 11.183101 13.286875 18.665685 14.393964 14.057765 8.731500 17.826127 26.292921 23.579027 11.666648 5.298878 16.408347 18.475872 18.853581 25.918334 13.907203 22.195205 37.918641 53.823084 132.050791 222.376787 218.082215 61.460131 48.786572 24.737542 36.617748 28.214129 6.655266 16.481551 9.102653 13.269285 24.710887 5.865866 9.763065 8.245624 12.726661 6.709061 12.891978 12.653915 15.926459 11.308129 9.574633 12.961584 11.694836 43.126529 73.486635 65.285744 25.093866 22.505617 27.136473 40.132720 16.617471 3.114047 5.489248 1.574169 9.610760 8.455279 9.932007 5.271792 5.110897 4.617062 13.769156 17.625116 9.974786 6.678728 14.025246 9.931633 5.434872 6.957040 9.963873 12.785374 16.208043 8.146438 7.551916 6.643879 2.659529
6.995010 1.882607 218.8080 0.000000 10.780296 2.342837 2.615626 5.683328 21.015663 6.642565 3.072340 3.503773 2.911868 2.665288 2.462113 2.967928 6.717792 5.013133 11.152126 13.855027 12.934038 16.288302 40.361221 44.772830 9.970506 10.207804 7.830231 1.889259 3.380746 8.717848 9.138403 9.245013 16.035117 10.807462 10.032295 10.241928 6.148085 13.723856 6.079709 10.164536 10.834862 9.100273 26.454857 11.055475 29.270380 41.691998 113.649650 245.329906 155.982652 100.420906 58.366811 33.628051 37.701039 25.498099 29.936464 18.781697 20.651401 21.298853 12.557295 14.873899 17.492276 23.978527 22.995037 6.728468 14.036182 18.187098 12.931387 18.331520 15.900161 24.593872 22.375857 47.850419 73.830927 32.524083 29.498984 30.129447 30.623326 22.526234 9.997394 6.422441 6.217742 5.790996 6.477135 7.016121 6.173368 9.539171 10.673688 8.510751 4.894444 9.061148 14.582747 13.344680 11.075207 7.652078 6.028485 4.667400 12.908026 9.248554 4.665679 9.602217 10.929706 8.508492 8.751804
7.045120 1.886825 220.6368 0.000000 9.863625 3.699152 7.392966 16.775854 20.501704 7.702198 3.669197 1.116375 0.622785 2.796696 1.887739 7.819664 5.830120 12.379749 2.948370 16.396153 8.298900 18.977044 36.408880 39.834026 22.186216 4.832126 12.516165 12.988945 11.273612 1.391011 9.784969 8.766897 16.964286 13.073262 20.428416 9.616559 4.894945 12.535582 10.887473 8.536941 13.988969 20.995089 13.207489 9.710588 25.424669 56.513508 80.503570 272.752060 177.905185 78.590130 27.631868 26.370804 35.019360 40.256232 21.782187 10.040621 15.297723 8.081023 19.728695 25.644628 16.677463 16.673013 19.415439 9.691476 8.083919 19.526364 24.186711 13.272134 6.323366 6.040355 2.003565 31.840063 91.218868 22.792302 27.010261 26.294466 26.198197 23.946358 24.784948 11.623754 12.147934 6.025626 3.895100 11.579442 11.106833 5.589868 16.097275 7.520350 8.734393 4.985535 12.088077 10.613635 19.534072 11.231598 8.579297 10.805173 3.959211 17.448544 11.424682 5.978569 3.601165 8.519085 7.011734
7.095522 1.892790 219.3158 0.000000 7.872185 2.047224 8.567639 9.716498 9.992830 18.142322 9.815015 5.724982 4.027497 8.241922 6.478346 6.711242 9.823239 7.571429 6.697268 10.375723 10.192551 10.760260 37.086716 35.705597 15.448676 19.896778 12.544764 18.537598 6.876529 13.434268 17.209844 8.316160 13.189673 19.889347 25.154860 17.496664 14.431090 16.662547 14.781183 14.068517 16.094207 23.240175 31.340223 37.536726 60.198545 69.356268 129.382098 247.883459 188.803486 53.670669 41.126142 13.365456 13.923051 10.999519 16.418330 10.771835 12.888870 8.948949 10.257182 13.212660 12.483362 19.084629 18.123948 11.684758 13.026761 9.175729 8.479255 8.108851 10.634612 11.626662 19.442355 32.649837 65.101912 46.804869 20.938688 39.662210 27.420202 15.865389 17.672672 4.928698 9.882617 5.053164 6.532397 10.013161 9.769215 12.715572 15.369845 2.587146 5.875875 13.577278 11.138769 20.406632 19.732026 1.487700 5.793340 10.033495 11.650914 20.760017 8.103801 4.283535 6.682418 6.387216 5.109562
7.145162 1.890393 224.2067 0.000000 2.101048 4.659737 11.294295 10.978629 11.701670 17.903746 7.412134 8.232971 7.602356 7.735700 6.960598 5.813482 16.239755 3.162711 7.175022 9.621239 9.828460 11.365366 38.985753 40.155066 21.343938 11.607582 9.627959 14.760978 3.914596 5.310695 12.593633 9.770124 3.395242 7.187298 11.709379 10.995340 14.559093 13.179313 15.148481 21.474680 23.422199 20.513842 29.607512 38.343286 56.154340 43.040958 99.817947 232.403588 207.461184 80.727933 56.174144 24.554747 19.550209 21.786221 20.738994 12.079832 15.835804 17.349934 19.511381 17.219056 17.737107 24.913726 20.029226 13.025028 15.006300 12.529517 8.512474 6.822787 7.140549 5.561016 5.689864 29.840708 66.403601 65.266272 40.155317 42.883704 21.053257 3.268116 12.078725 12.902078 1.189508 3.906747 5.859371 4.447494 3.661867 9.474724 11.205036 4.452640 13.185620 18.503716 8.366137 15.743648 15.366021 3.844807 8.016376 8.518398 14.411053 19.274049 8.812815 4.428220 4.890868 5.083958 4.163455
7.195007 1.885818 214.7006 0.000000 5.309727 5.615579 15.528311 8.928176 14.098469 8.537865 7.551158 5.819184 4.524118 3.521455 2.834833 9.123907 12.686685 4.420235 8.190611 12.158575 10.943107 25.213200 39.798437 25.008509 9.192966 12.191575 10.665336 8.742546 8.568991 5.045972 10.694816 7.767242 7.750739 16.825547 9.681812 9.753851 12.298569 14.846565 6.744596 11.063087 14.359585 15.489523 23.719692 40.029088 51.758505 85.945264 240.077801 210.143422 77.603658 43.769455 48.382773 27.882805 24.122226 14.814633 23.951733 25.763242 21.717702 18.908848 19.061700 13.253609 4.378484 11.078737 16.876335 16.224224 20.191409 22.260120 18.887076 11.586954 19.171366 25.621616 65.881561 61.732206 31.719479 29.353047 43.353894 15.810327 7.269238 25.102918 8.254696 5.636376 3.194237 9.228692 6.193245 12.703262 9.785806 5.484131 10.819629 14.245342 3.726317 7.443384 16.552710 6.463849 7.331451 8.391447 11.424948 18.034467 11.983452 8.588138 7.989428 8.015433 8.458698 3.507612 3.627382
7.249718 1.879554 218.8353 0.000000 3.345107 4.508593 14.897316 6.117615 12.216528 5.727977 9.111651 4.910673 3.707972 8.383003 3.977975 6.812236 4.967436 9.126741 5.664280 12.913592 10.262832 23.496716 36.431339 44.961435 14.065287 5.949886 9.308644 6.984320 2.355844 9.573401 6.799769 13.455499 6.896159 3.748178 12.370659 10.602218 4.005971 7.987096 17.492453 7.448610 9.315999 18.490480 20.858140 20.003983 22.889798 56.607634 143.287909 253.448668 130.941083 37.934576 48.860219 54.654669 26.852176 21.888635 24.586471 18.088986 16.052367 22.563711 20.602744 24.305849 18.754549 8.916063 16.829009 19.776112 12.605624 15.909382 21.894581 29.834275 13.781437 8.918649 28.125948 68.736753 75.822688 23.108367 20.862391 33.520643 23.341581 10.000358 12.736446 11.270122 8.246294 5.961303 5.923502 4.354649 6.892812 9.171487 5.119420 6.949558 12.226503 11.153469 12.905262 11.059444 9.869865 10.993619 9.233244 7.180048 15.778384 15.769520 5.238654 2.798397 4.544237 6.577529 4.170820
7.300896 1.881276 214.3499 0.000000 2.165411 6.790322 15.735377 11.121233 10.600152 6.907985 2.794568 7.236699 4.149242 3.729676 5.808422 7.110720 3.759856 5.411812 5.435103 8.637577 14.206877 27.210394 43.712378 25.111112 11.599054 9.658184 13.081326 11.552457 8.085004 11.110719 16.538919 16.881721 15.213224 8.043296 17.398677 16.134846 14.945066 6.274343 10.664283 16.952553 13.627452 22.855938 39.253923 35.161477 56.754218 76.173812 264.449629 133.063349 100.888593 44.944561 41.107124 20.221703 25.172680 23.572664 14.085114 18.072408 23.468502 11.412775 17.243756 14.473769 12.196138 10.737290 5.342315 4.836140 6.077756 18.801949 18.681784 19.578866 24.108620 17.209205 80.828006 35.329106 32.803310 57.029286 33.080592 8.145965 11.224440 12.194828 11.498003 4.153388 10.575464 6.423632 8.810215 10.990387 14.308429 7.725294 6.210482 13.543859 10.877879 11.423038 8.474354 8.388222 5.581501 5.271528 16.293293 16.258254 5.203665 5.585052 5.625586 4.935886 4.957475 9.377126 7.807441
7.345598 1.880744 223.9034 0.000000 4.998832 9.518739 12.441850 6.728231 8.221445 10.041661 4.595727 6.316321 5.375621 3.730221 1.207609 4.721036 4.670660 6.045045 2.578340 6.761448 12.155816 13.312343 30.858208 43.406943 32.266920 17.331671 17.362973 14.158523 9.717490 8.781522 10.759013 13.968396 14.199274 9.018738 7.302587 15.583742 18.507638 12.827704 15.128574 17.489432 13.499277 17.666491 17.889095 25.205005 44.414830 43.153820 49.615884 152.750936 258.780172 128.054707 55.870341 50.744614 22.702601 16.655762 16.425378 11.505778 23.540652 17.270688 12.382324 26.731533 8.974309 22.994504 4.556341 16.055549 7.502434 9.392274 15.460142 12.946057 24.758236 10.461162 28.479593 13.650351 28.171990 84.200318 39.616329 21.874487 39.212977 24.321736 11.708286 14.769737 12.207118 11.468994 14.732820 8.010157 4.600157 9.185889 6.931795 7.867675 9.279245 5.183461 6.577987 14.923398 12.530859 10.952352 12.662264 5.653780 4.122636 5.658861 12.517805 17.944867 8.245471 6.925138 2.567736
7.399637 1.883219 220.6516 0.000000 5.188445 11.098980 1.954613 12.952840 7.919429 7.439714 6.923201 4.140936 4.441232 6.462714 5.936610 0.664851 4.410953 6.353750 0.945884 12.166457 8.895279 26.221700 44.681971 34.744063 13.271793 9.743779 21.868146 10.642780 8.546630 11.764916 21.630601 10.984619 7.505404 11.471678 10.003241 15.692446 8.394367 14.869343 17.041091 8.417141 14.783481 20.078507 20.401393 35.074264 48.418282 69.691779 73.733155 258.017190 192.489165 93.695134 38.348480 12.945086 15.892634 16.212189 11.785636 17.216101 16.042629 17.239395 25.418619 12.750674 22.600531 17.191747 4.251298 10.611532 9.679247 15.271877 11.941717 25.013164 16.196720 29.768441 19.062050 22.618471 72.786224 47.085757 43.519392 17.891626 31.462446 18.757255 9.947662 5.560051 7.048299 7.387786 7.736890 7.314605 10.516271 8.764248 8.986695 10.184033 10.726103 12.544002 14.986328 7.084903 19.273753 10.743401 3.601526 6.318613 4.866832 18.312032 14.018352 5.765157 5.132179 4.767477 3.440706
7.445617 1.884956 213.2935 0.000000 5.150182 1.480229 9.537751 15.222270 7.905086 12.257389 11.061709 6.254219 6.581245 8.055861 8.736020 7.054885 10.478177 7.423156 9.734124 19.832869 16.666961 33.761315 37.861855 19.645556 12.439782 9.868014 3.867231 4.930191 10.146949 20.168321 7.034219 4.655936 7.960677 22.999280 9.908915 10.096903 13.666151 4.479317 11.884349 20.624694 15.664558 21.762949 29.628667 32.889618 31.136135 137.943115 240.086460 141.019669 80.879785 57.146450 39.228412 26.369248 25.300651 19.719813 10.925797 18.796651 13.635626 20.367828 24.299191 10.851234 13.054358 14.986908 22.219683 14.437487 16.617957 13.825375 13.164147 26.462912 17.586061 34.911575 83.614838 35.307784 15.534940 37.898697 36.010987 15.369486 6.572828 11.769493 6.334135 5.054475 5.923308 5.673991 5.966463 7.662732 10.354661 8.380202 10.175059 12.881414 12.451159 14.667662 6.401062 3.782882 8.156738 5.218873 21.078020 5.215936 9.209480 4.178483 5.058174 3.099454 7.889833 4.398009 4.290051
7.501980 1.878487 219.0169 0.000000 10.657183 7.035073 5.554710 9.100538 6.548578 12.647158 3.329436 2.484476 5.853126 4.873355 6.625979 4.690378 8.029258 2.899216 6.712093 4.835157 4.802926 26.029957 57.304542 24.289853 6.589761 6.458523 4.224900 14.897340 13.387025 5.683127 13.879202 2.618350 5.086416 3.869620 17.937342 9.861131 13.964860 6.192070 15.191450 11.168466 18.427841 23.740266 24.560990 21.197635 34.669617 73.008865 139.732493 251.115037 154.670217 38.360118 31.972007 48.473235 32.170679 24.732337 15.926029 14.168707 17.142574 18.899587 16.339357 15.350935 27.631776 20.246497 5.471779 11.396991 23.382786 28.584874 18.284208 5.096111 3.945188 10.781024 26.024338 48.584299 75.202437 52.361177 18.905998 22.812928 29.930624 10.709732 15.027244 13.354955 8.124790 5.507216 6.569429 6.247027 10.069865 7.591517 7.145731 6.916676 9.671478 10.177437 7.936022 12.498199 12.005513 4.448244 6.263109 6.248223 9.661827 10.429711 4.803307 4.542842 5.751709 4.906491 5.242117
7.552242 1.878475 219.3143 0.000000 3.968939 9.776231 1.269529 13.096668 11.227975 6.538062 6.676861 5.871654 3.290422 5.907574 3.787865 2.207648 2.434056 12.042224 8.686612 4.692453 16.125117 9.852149 43.213760 41.594426 17.163131 8.462712 6.780305 11.974427 10.500089 11.791771 16.786988 12.409357 16.628716 15.232973 10.882532 5.286040 21.345430 10.721101 9.217518 7.168946 8.285530 16.688971 31.801364 34.426558 28.561624 59.859315 124.258749 269.738420 142.840616 62.234008 32.103834 32.925723 13.221342 22.254051 14.843556 15.760915 18.228453 20.756306 17.247443 9.498268 13.607799 10.244252 9.622203 5.191858 13.496911 9.020325 17.341463 14.795876 6.151995 14.123804 10.723324 44.687273 79.854826 36.961502 23.357956 28.203223 30.647015 15.640524 24.414589 4.566246 7.705805 15.432332 18.779451 10.179706 5.931914 12.380948 16.820804 8.583034 7.617818 9.465378 11.127220 8.859376 13.240982 9.992480 10.097457 11.503258 14.812679 17.513176 5.475220 6.958368 5.788596 5.001803 4.513587
7.599907 1.873814 221.6130 0.000000 10.818385 7.975613 4.124212 12.381296 15.776097 3.775096 6.148051 5.900260 2.307142 6.919937 5.283481 5.371837 1.919454 11.863469 4.673677 7.932136 2.831312 17.530406 36.835149 47.248131 25.188020 21.424187 22.867720 16.722757 8.130445 20.077472 14.945815 7.526234 13.877146 8.914509 17.859369 6.720601 9.726541 14.701637 15.719964 10.539239 16.761765 24.254900 17.704402 36.345251 47.215501 37.411168 44.127077 229.448955 186.081034 92.658692 67.534149 35.329302 19.744717 20.843946 16.865143 16.523491 15.663048 16.518066 23.025806 12.022800 14.414282 20.863604 12.164918 6.812655 11.226554 12.346991 14.169460 15.152033 10.297129 15.056631 16.523970 10.492000 63.712760 56.762208 25.330799 31.782372 26.456084 28.634384 22.273062 9.676404 7.819757 10.680682 7.704303 7.150919 9.178435 7.267228 7.483810 8.929363 8.772686 5.289824 6.755989 12.365944 11.191387 6.001424 2.349799 3.594340 6.287793 8.060628 15.218368 11.357649 9.959629 11.243778 10.035161
7.645616 1.881061 219.5451 0.000000 1.967272 11.530144 7.699464 11.407148 15.778687 11.787148 6.091386 10.108463 8.333467 7.752537 10.552699 12.569308 12.309779 8.081952 15.991835 11.394519 15.776991 17.256004 42.284330 42.517549 11.047041 2.234696 18.096466 9.896660 3.723136 8.661514 5.995891 11.236122 15.006237 9.140234 8.600951 3.486425 4.557429 16.444437 18.421791 11.679178 20.471623 17.469772 21.844515 31.143862 34.024020 49.819517 122.591241 287.973425 127.441899 41.436195 35.139260 22.713058 29.505435 12.503651 16.789480 2.024791 9.446056 8.989237 14.920640 5.266025 13.044874 9.469231 13.053163 12.917463 9.298080 6.067321 24.005464 22.487172 7.786921 15.424911 5.572856 31.623584 93.620042 24.824595 11.784439 9.175444 28.542892 31.820912 26.011899 10.287878 7.716741 6.955443 8.098141 10.206478 3.090774 7.058068 12.710832 13.475433 8.546251 7.571294 12.960460 12.356035 10.517067 6.956153 7.307797 5.488986 6.628744 16.359649 11.999211 4.611155 7.065453 6.564605 0.920198
7.699904 1.878484 216.4130 0.000000 11.498750 4.024505 8.525613 9.390784 7.267325 4.548853 12.791902 10.756768 12.166650 10.238661 8.177306 11.163560 10.305240 14.389510 14.129545 9.944278 20.888530 33.151815 45.968929 26.747058 9.562069 7.699158 7.267190 10.893261 9.129060 6.778740 12.078155 8.956425 9.503951 12.589488 7.579909 11.151699 11.547263 4.842279 8.541764 17.272038 26.453505 26.984601 16.151496 12.771101 30.381246 61.851633 251.138174 169.129764 70.011653 30.320401 38.554163 52.305060 24.792537 21.729735 8.661764 16.585012 19.089629 21.198098 10.285227 9.023331 28.088394 11.129251 19.794640 8.996885 8.335648 18.665418 25.592120 8.777920 9.791032 14.028970 33.008514 101.320547 18.224473 14.066190 8.766084 22.008770 30.913632 19.421854 8.523852 5.267264 4.556184 6.049233 8.970611 7.634407 8.981643 7.939271 10.057093 7.147048 5.204049 9.698624 12.783341 8.491355 5.924637 5.157220 4.976638 14.792905 15.113788 8.562504 6.655484 5.363447 4.877693 4.736107 4.041511
7.752030 1.876719 219.2596 0.000000 13.306344 13.766873 17.529716 13.260996 5.435676 6.819449 4.915558 6.423600 5.734327 5.124055 8.849024 10.063634 2.913462 3.376343 15.328473 6.728933 13.001001 15.817654 51.044359 29.138101 15.202570 19.572973 11.730995 12.537869 7.076347 14.425066 13.560512 14.271547 11.695165 7.294765 20.363935 11.305940 12.112978 9.265758 13.424456 18.540524 19.201708 25.031026 27.025800 7.853717 21.130154 47.828772 105.345667 283.879537 106.851860 56.337930 28.005187 35.135470 40.175902 28.143421 14.057883 11.304862 11.954007 10.938848 20.248395 3.420505 13.273918 20.746671 15.089915 15.226338 4.783936 11.412640 21.219259 15.004059 7.382110 12.338990 16.906558 43.943986 80.311063 13.635221 21.596140 9.670096 16.354679 34.063296 12.145470 15.120778 5.251073 2.544053 6.578008 7.708153 8.749466 10.700879 5.472330 11.111339 6.531802 12.220616 10.854995 10.723146 12.838539 4.177366 4.768188 3.085505 9.124316 13.670448 7.216512 5.317787 4.223412 5.800913 6.024008
7.802587 1.880641 214.0897 0.000000 3.654426 4.994728 9.060762 6.013421 5.969629 10.479806 1.408870 4.458297 1.696501 1.732628 5.346367 7.289958 7.550353 6.543028 5.578033 8.051116 10.207507 27.932825 41.520634 27.367486 11.426290 8.054216 12.052423 13.089313 11.494567 18.068664 7.666971 6.896884 3.367516 14.273653 9.361825 11.451455 21.126346 13.524062 21.404847 19.248022 18.635103 17.804527 30.176763 46.891101 70.578186 125.199102 254.663205 154.775993 65.613220 41.703918 15.053438 24.010148 23.674548 16.103503 9.505674 11.686467 14.441881 7.711596 13.620737 20.334525 12.126941 9.514207 6.376784 8.224080 12.516401 18.211545 12.414530 8.994513 11.968004 23.180673 74.363887 59.913282 19.067932 37.217641 22.527936 27.486792 7.854301 20.700418 4.642227 12.354285 10.089749 6.772346 10.027963 8.200392 14.728337 17.541756 14.566250 16.311798 3.602476 12.196183 12.660545 5.126887 7.195881 5.062920 14.623665 13.424351 6.813198 5.357491 6.189704 3.934976 4.589125 6.058135 4.380012
7.845664 1.882738 216.0995 0.000000 10.904429 4.177860 17.400567 3.948151 10.393582 9.464292 4.623615 6.524692 7.214514 3.385043 4.589289 8.610065 10.465171 14.966614 5.968519 9.085568 17.452435 27.313494 42.892404 29.526433 14.197686 10.302353 6.009625 11.384334 14.038625 10.886864 9.519854 4.709383 3.728481 10.160371 9.243870 16.334434 16.847469 14.806500 17.256326 17.434292 23.506932 24.937921 42.685510 65.896955 41.551256 82.891126 209.344010 230.769794 88.406276 53.459185 10.921480 5.384643 14.465748 10.062617 10.984736 10.423661 8.949461 11.234089 7.321975 12.560676 17.777961 24.696755 17.330958 8.423051 17.299245 18.054876 21.939216 19.592838 19.526296 18.725276 38.663776 72.163449 48.791509 21.956180 36.897505 25.039956 14.428968 13.535636 13.738035 11.413900 9.024349 7.520561 12.812038 13.169368 7.433327 11.395535 8.647010 11.199191 12.972035 10.522287 17.821659 10.757118 2.814097 5.581386 5.778430 9.518593 13.043998 4.313210 4.209179 5.978939 2.732733 3.219615 8.450840
7.905292 1.881932 216.0282 0.000000 3.277880 7.640332 15.607720 2.963378 9.338450 8.749071 11.692946 9.744644 6.984579 11.086641 7.025357 13.454119 14.036000 4.046362 8.397449 10.780332 14.879469 28.634505 38.528516 29.733822 11.783843 8.000006 5.221448 7.701450 9.034273 7.357975 9.114641 8.316069 10.120064 18.249170 10.649527 16.770037 14.659012 8.261757 8.781981 11.481470 13.666281 16.421028 30.955535 48.098676 48.879159 65.594678 208.262689 229.241849 106.665923 54.836616 44.925975 24.639542 36.643592 22.325361 20.768832 25.019717 15.316126 18.935918 4.200653 18.225994 12.315296 6.421240 13.343589 5.342779 13.601678 12.937902 12.562009 19.399949 19.590391 25.587510 41.643341 72.004077 48.071019 34.088632 29.206063 26.589771 10.646922 15.782394 17.186892 11.678870 8.128396 6.507530 10.312008 12.015976 9.616746 13.609967 10.409430 11.835641 13.059379 11.559314 16.536019 7.506541 2.923251 1.804992 7.682425 9.586016 13.640634 8.066245 8.741548 3.905489 4.677878 3.226846 8.139632
7.955003 1.877532 209.4862 0.000000 9.503531 8.944286 6.724370 15.518368 16.701762 6.102811 6.368327 8.687051 6.755907 7.900093 10.874001 11.759865 14.917879 13.736320 13.470150 14.443306 15.172993 41.425964 36.171095 18.170393 13.345356 7.705095 7.949094 12.598594 10.148819 14.834209 13.872699 15.294448 13.044545 14.190177 17.527075 19.818042 23.443789 14.081461 12.507376 17.918747 34.652971 28.221949 23.579740 50.332459 94.756889 257.529436 170.478434 64.162637 49.435174 52.111029 19.787618 12.187072 19.183450 20.194566 11.141988 6.385718 7.097034 14.445786 7.453224 8.563338 12.121214 5.444128 7.609288 5.461124 20.268429 14.985937 5.757210 16.615921 48.441562 72.841023 37.590165 12.620889 32.573281 32.624403 9.174642 11.598845 16.733259 13.171734 7.810767 9.412758 6.824477 19.973714 4.282720 8.225133 13.003699 8.521535 7.077724 16.449117 14.452803 3.815934 5.103921 6.597493 13.670932 13.193252 8.558355 4.858020 5.242697 5.624330 4.003548 7.223445 10.564406 4.789909 2.430520
8.005627 1.879621 219.3232 0.000000 12.944053 0.543844 5.778997 11.481496 13.144261 12.578293 6.864624 10.949343 10.301617 7.093524 9.048583 11.700067 2.488371 3.648093 2.779308 7.277179 0.601811 8.665918 46.405066 32.351466 17.390356 16.741843 17.763389 10.112590 5.250740 14.496483 19.162201 11.086119 17.402639 10.648438 12.478446 11.302094 18.677643 24.364734 28.889078 24.405917 19.060380 30.220012 30.613918 33.348038 24.729592 69.642443 120.452158 252.334080 173.750509 58.239242 28.218484 45.460866 24.614226 31.146110 14.337181 13.115596 10.540492 12.898092 5.997280 10.696876 15.590214 14.128799 7.980086 4.985649 5.631930 11.613547 10.480387 20.682814 19.310546 17.518326 21.002577 28.919245 71.605494 57.118030 14.768654 22.582931 39.930133 11.399668 13.301883 17.717653 15.907030 10.379732 9.901543 8.917185 9.729980 11.158165 3.488715 2.640402 9.001296 9.412930 5.485834 14.462041 15.071783 3.915107 3.341676 2.741417 12.837602 17.434145 2.674100 3.424268 2.927034 4.291602 3.686658
8.055045 1.875741 217.4255 0.000000 10.152559 7.913770 3.774564 10.487830 11.689563 7.982073 5.261388 2.683141 3.622954 1.426597 1.225551 5.654136 8.966799 5.068078 4.618527 12.453340 16.634722 23.431188 43.629227 30.270439 12.348644 8.362621 16.125732 10.375806 7.571683 10.066023 8.940966 13.108626 14.517822 8.589411 7.805943 15.270699 17.518133 9.332840 15.361883 21.897389 13.062312 15.917171 31.743923 35.387045 21.257502 47.095389 185.028119 220.939623 116.318552 75.046796 56.844157 30.705244 21.206035 23.151763 21.374005 14.445183 22.742592 18.116762 10.289609 6.288826 5.956106 15.287905 12.319412 9.452106 12.274795 6.822214 22.045026 11.326498 20.359291 17.231556 21.932788 78.459831 45.826680 37.534594 39.283042 48.611362 7.080900 9.840013 21.867171 17.417065 9.807071 10.139197 7.327481 12.819756 7.405461 9.364483 8.175187 8.518713 7.579611 15.280570 6.814678 11.453292 4.535631 8.634710 6.392734 8.274991 20.197231 7.631906 8.738619 4.699650 6.242974 3.208046 3.873428
8.105282 1.887552 217.3118 0.000000 6.415073 10.715022 8.495684 8.438448 3.509659 10.311143 10.568407 6.041413 7.626380 9.053124 6.241213 5.994317 6.319257 16.305686 11.467208 18.509038 16.134330 23.307555 38.838329 27.768334 3.968854 7.583792 16.192620 10.540012 7.513327 11.797417 14.805999 8.013068 10.811773 17.022963 19.994399 14.062868 12.183257 14.538794 22.623380 14.869830 15.650195 22.481181 26.507012 25.933642 46.168394 62.830601 180.555552 222.797304 135.981954 70.435250 40.518594 31.274614 22.025655 13.339874 21.212301 23.268183 11.737556 18.053459 18.291434 14.949658 12.871760 9.870224 10.025459 17.868271 12.404301 15.005006 24.642798 8.523901 27.326404 23.163813 13.289004 78.050654 30.872852 34.163622 27.612021 43.557727 4.617973 18.932284 10.360327 7.357495 9.973962 4.845624 6.184262 9.334948 7.331243 8.316560 9.883350 11.720534 13.545108 11.549016 10.146351 19.150363 11.846466 4.658924 7.094275 13.007165 19.461978 8.820064 4.875820 4.873299 1.565029 4.173450 5.428389
8.156739 1.824777 219.3164 0.000000 15.028645 17.802378 6.583225 9.098047 11.307320 8.538328 8.878296 6.306652 1.482389 2.301240 7.053443 7.234102 7.239222 11.865201 5.531564 10.621812 8.937313 10.071477 30.145916 35.194186 8.720435 11.133918 24.489943 12.000738 7.871346 15.965240 23.990278 6.798169 11.641026 11.494778 16.124976 9.152401 9.198049 21.959406 22.914096 13.959889 6.075564 9.501776 20.487599 25.073272 28.287408 56.469044 128.739665 265.763791 152.853766 29.954864 32.979809 24.781231 14.840137 15.143479 21.120291 25.987759 15.509454 16.257216 16.178151 18.691570 13.743276 10.611981 12.168338 10.037584 15.104582 10.420533 18.535051 17.514516 9.154643 30.812503 17.485469 18.998800 61.308662 24.520645 16.762656 28.886739 20.841441 19.916789 22.740009 6.134666 9.998901 9.319308 5.488078 2.682335 4.815024 6.027036 6.395177 5.209220 8.152778 15.802970 14.427869 14.709672 10.382582 3.936741 6.184581 6.277498 5.092394 14.624410 12.462595 4.083959 4.775364 1.976832 3.501622
8.207469 1.606073 219.6054 0.000000 24.684344 1.236455 5.485492 10.443363 12.488682 7.180627 6.735602 8.348068 3.419957 6.797951 5.232485 9.571367 9.196871 11.432661 4.784997 8.057042 15.603009 4.069587 22.905608 25.589625 13.711986 13.337320 9.189213 3.930330 7.189138 13.093653 13.780109 8.652989 6.727478 17.271085 13.306858 12.738995 6.983104 9.296594 10.012985 25.556375 12.993993 22.918657 26.108788 41.348792 38.352934 28.613013 63.140743 237.307132 162.034015 35.931687 25.988256 21.273796 9.395245 17.548467 5.696604 13.689244 4.348517 15.158867 13.712489 19.965550 11.780451 16.125593 7.403247 3.522591 8.176380 17.020133 3.992239 14.537361 18.078259 17.120654 17.876962 26.143493 48.799241 29.787218 26.972840 32.818703 16.343049 14.846807 19.996377 7.219042 10.517550 6.738922 5.721432 2.897329 5.978710 6.442370 4.162643 5.187050 5.973998 14.356292 12.079544 11.426388 12.516346 5.612721 6.025370 7.676848 8.704235 14.142037 10.194588 2.917944 2.845991 1.598222 2.838641
8.255042 1.311497 232.8237 0.000000 23.767504 14.043006 8.060772 6.021653 6.823625 7.838245 5.008472 7.384540 6.237354 3.909685 6.183855 5.283669 4.874270 8.316489 9.077656 2.794296 5.151546 6.231364 11.415624 16.562931 15.901056 13.475830 6.906052 5.100096 5.690080 6.799729 7.376587 10.551038 13.351173 10.390333 11.211464 18.906936 13.273482 9.545612 7.669295 4.906788 8.529872 15.209676 4.421298 2.351099 18.511031 41.199405 41.772840 48.665409 74.817390 137.175260 158.840378 93.730160 35.586423 22.549763 18.176742 11.652986 4.743930 16.761278 11.259105 6.124708 6.566358 15.348198 15.648816 14.521197 9.502230 3.717518 3.874078 3.355464 7.134814 12.242133 11.118403 14.140593 15.493395 16.317049 22.152653 23.977994 25.603949 13.301494 10.864543 12.412702 3.969070 9.440527 18.256053 15.855497 8.580081 8.502661 7.424510 3.832667 5.035103 5.444786 4.186467 5.506360 3.329345 2.860222 10.357181 13.324734 15.405532 12.194165 5.761334 8.290173 5.985323 4.212767 8.386388
8.305559 0.892527 233.6748 0.000000 10.359323 8.101152 6.877058 4.612145 3.175622 4.335485 6.993453 9.063984 7.752586 3.648192 3.261964 5.897975 2.818803 2.936789 4.787444 8.160071 8.482911 9.893510 8.462883 6.003965 4.137901 5.502146 6.480669 5.435432 4.377462 6.106236 7.599101 7.188855 6.873967 6.425336 9.175632 7.931452 4.017858 5.430300 6.362040 4.122505 10.519984 10.622893 8.158118 11.219052 15.434553 30.967009 32.622564 42.495324 74.273059 89.374684 83.957386 63.648032 45.841301 33.398319 18.545260 18.028259 19.280276 15.791797 10.115108 11.325260 11.404217 10.382015 7.455261 6.767382 6.043637 3.767313 3.009953 4.513801 9.091837 8.388987 5.540617 11.562281 10.558669 6.700582 9.226861 8.578632 10.407622 11.711627 8.587631 4.582575 6.431321 10.143442 11.731544 11.916170 9.790847 7.551297 7.605726 6.108579 2.184155 4.172783 5.974774 5.555663 2.805920 3.217289 2.413983 2.380183 2.954926 2.796758 3.579877 5.295119 5.386698 3.662936 3.337709
