# LRA Full Analysis Data — Replot Source File
# Source file: shepard_falling_1.0.mp3
# Generated:   2026-07-13 15:47:17
# Accel sample rate: 1509.1-1724.9 Hz per-window range (1636.8 Hz overall)
#                    Each window measured with its own real rate, then
#                    resampled onto the common freq_bins grid below
# Rows:        159 (one per time window)
# Freq bins:   100 bins, 0.0 to 495.6 Hz
#
# MACHINE-READABLE METADATA (used by replot mode — do not edit):
#@duration=7.999979
#@rate_overall=1636.835846
#@rate_min=1509.062148
#@rate_max=1724.925292
#@freq_bins=0.0000,5.0056,10.0112,15.0168,20.0225,25.0281,30.0337,35.0393,40.0449,45.0505,50.0561,55.0618,60.0674,65.0730,70.0786,75.0842,80.0898,85.0954,90.1011,95.1067,100.1123,105.1179,110.1235,115.1291,120.1347,125.1404,130.1460,135.1516,140.1572,145.1628,150.1684,155.1740,160.1797,165.1853,170.1909,175.1965,180.2021,185.2077,190.2133,195.2190,200.2246,205.2302,210.2358,215.2414,220.2470,225.2526,230.2583,235.2639,240.2695,245.2751,250.2807,255.2863,260.2919,265.2976,270.3032,275.3088,280.3144,285.3200,290.3256,295.3312,300.3369,305.3425,310.3481,315.3537,320.3593,325.3649,330.3705,335.3762,340.3818,345.3874,350.3930,355.3986,360.4042,365.4098,370.4155,375.4211,380.4267,385.4323,390.4379,395.4435,400.4491,405.4548,410.4604,415.4660,420.4716,425.4772,430.4828,435.4884,440.4941,445.4997,450.5053,455.5109,460.5165,465.5221,470.5277,475.5333,480.5390,485.5446,490.5502,495.5558
#@n_tracks=2
#@input_spectrum=0.000000e+00,1.309095e+01,1.465035e+01,1.747463e+01,2.309349e+01,3.985546e+01,1.183609e+02,1.110898e+02,9.241301e+01,7.620334e+01,6.177596e+01,4.430255e+01,5.231207e+01,5.257104e+01,5.447192e+01,5.645518e+01,5.831313e+01,6.031031e+01,6.078544e+01,6.184596e+01,6.111457e+01,5.438563e+01,4.504980e+01,6.315506e+01,6.648800e+01,6.844598e+01,6.934490e+01,6.963908e+01,7.027391e+01,7.078067e+01,7.074893e+01,7.076546e+01,7.101042e+01,7.112544e+01,7.113562e+01,7.101721e+01,7.102194e+01,7.090918e+01,7.040774e+01,6.952762e+01,6.880302e+01,6.683901e+01,6.013926e+01,3.917764e+01,4.266969e+01,6.350581e+01,6.735573e+01,6.862437e+01,6.911516e+01,6.921381e+01,6.942601e+01,6.952914e+01,6.965378e+01,6.986511e+01,6.961842e+01,6.935773e+01,6.924412e+01,6.899969e+01,6.896010e+01,6.845945e+01,6.828292e+01,6.811603e+01,6.782696e+01,6.743771e+01,6.726520e+01,6.706391e+01,6.683382e+01,6.663907e+01,6.637470e+01,6.602564e+01,6.595428e+01,6.563864e+01,6.539243e+01,6.516162e+01,6.490563e+01,6.445611e+01,6.407826e+01,6.363416e+01,6.296076e+01,6.238847e+01,6.145751e+01,6.034609e+01,5.927352e+01,5.730086e+01,5.242117e+01,3.931467e+01,2.927895e+01,2.785412e+01,3.238082e+01,4.697995e+01,5.389906e+01,5.619300e+01,5.687958e+01,5.720342e+01,5.739637e+01,5.756952e+01,5.737230e+01,5.721595e+01,5.723128e+01,5.706378e+01
#
# Columns: time_s  rms_g  peak_freq_hz  2 track_hz cols  then 100 FFT magnitude bins (in g)
#
0.433924 1.262165 216.9312 216.9312 433.8623 0.000000 7.295528 4.967197 5.512060 5.513471 4.774693 2.713204 9.265799 3.595005 4.869516 4.281784 3.293903 6.330661 8.940268 7.095426 5.176628 2.607249 2.837758 4.526238 5.023402 10.251048 13.705123 12.772210 11.497535 9.615610 6.785617 4.490108 10.847890 10.192137 11.790383 10.284729 2.003531 4.766108 5.905002 6.906514 3.888833 9.750015 9.980719 6.215218 3.670413 8.092925 9.051470 37.785221 164.871866 112.514787 31.697142 16.237108 15.399693 17.086076 14.495311 16.728156 18.384034 8.265901 6.512387 9.954295 8.213978 8.944349 5.086368 8.101639 8.803412 8.699789 10.532905 5.401025 10.140873 15.711339 22.784304 14.524198 6.650142 10.714644 4.792285 13.903180 22.805392 20.516063 12.980691 3.782168 1.531378 6.873363 5.609194 4.499499 8.894719 8.132908 7.429239 7.629169 5.439480 4.963201 18.733020 60.095952 74.060381 30.382455 13.280563 7.213307 6.288781 10.192157 14.085389 12.940039 1.836090 3.964134 3.617323 5.638644 4.597032
0.481977 1.255386 213.1348 213.1348 426.2697 0.000000 5.563394 3.654197 6.979259 5.187527 8.384758 2.203228 7.245472 6.290962 0.884099 4.986225 3.738818 5.111970 4.385101 8.620527 5.550671 4.315622 8.389630 8.715118 6.373651 12.441549 11.073594 9.731540 7.256311 5.774358 4.595760 8.569655 11.169360 8.322648 12.346749 8.584542 2.551061 1.436302 5.658741 7.610920 13.025620 16.637907 11.269332 9.144198 15.551508 20.475928 29.989012 118.746365 146.605182 31.669303 12.208719 15.330131 13.313073 8.177006 9.827216 19.316596 20.127224 9.850172 3.157150 4.135582 4.595314 11.219629 17.668770 7.259083 6.591654 11.721237 10.863962 7.749192 20.508427 18.800398 10.495672 7.034660 8.791223 11.657037 19.277707 18.992116 15.949080 25.757961 11.986072 9.997842 9.428157 2.717274 6.522751 15.614956 10.039966 10.454803 5.148066 10.323120 14.273829 34.440601 81.799020 40.221370 11.328645 10.809662 11.546045 9.625035 6.571770 12.041213 9.118862 9.800642 6.211678 3.032711 2.244572 2.975830 10.690118
0.526929 1.260925 217.0454 217.0454 434.0908 0.000000 7.817241 5.519456 4.924184 5.795451 6.215613 5.468472 2.275082 2.961684 5.535249 6.984393 7.184268 6.053018 4.167246 5.927974 6.787585 5.394985 8.350951 11.278716 7.694230 7.789021 12.687043 9.975508 8.993174 5.969106 5.965341 4.823994 6.687379 17.066343 13.386161 11.608818 3.453783 5.183428 9.425164 7.912595 8.641291 7.342374 5.508872 3.420737 6.311593 7.827051 8.321870 18.032267 157.257971 110.258688 21.832189 12.146252 11.702036 9.847828 11.937787 12.761162 9.802691 9.827337 8.375702 7.521377 7.774621 7.662132 9.669515 10.379246 8.411215 11.522639 7.607637 8.357383 2.960725 20.580313 22.856290 8.973145 4.185937 1.935866 4.620000 12.176520 16.806207 18.223369 24.468060 19.275623 8.263765 3.986257 7.372303 5.823286 6.262292 7.195741 4.818263 4.564757 2.679684 4.582218 15.721070 46.259860 76.421150 21.448690 10.630057 10.033386 4.833251 7.516718 7.498977 9.039183 2.095723 4.444154 3.430204 8.689459 11.151897
0.579231 1.303467 211.4153 211.4153 422.8306 0.000000 5.904391 10.109959 3.821775 9.672425 10.789521 10.921877 4.346952 1.996021 6.682600 4.339489 16.291501 3.650675 2.893694 8.195219 5.363444 11.105517 11.362914 3.400465 12.997097 8.758212 16.258861 3.539661 6.843849 3.449961 12.674892 12.088015 7.896906 10.676658 12.422291 8.277177 5.480092 12.139355 6.283547 6.745509 3.394453 9.106330 11.967551 9.468993 19.168067 15.811824 27.815572 189.702461 83.387244 15.833453 13.506448 12.101458 12.452519 12.180212 9.874344 9.997996 8.760654 11.213234 14.741486 18.852311 8.514462 12.685917 8.965404 12.125218 12.340569 8.088732 12.223422 9.370591 3.584632 11.666582 15.866666 9.380376 9.364117 13.379133 6.148067 6.912678 14.589943 22.868946 19.421171 14.344706 8.191876 6.162907 4.715231 8.776874 10.571109 10.673889 12.491190 7.518018 12.231472 55.303418 58.242211 23.069993 11.008794 7.605314 9.330221 7.055305 3.112340 3.084711 4.418249 6.746766 6.997147 12.307388 13.289115 10.856088 10.464847
0.626840 1.333931 209.4004 209.4004 418.8009 0.000000 8.388546 13.118518 6.847998 3.244408 4.662881 9.075831 2.017137 9.229445 3.439081 6.462003 12.690467 9.839333 7.200717 4.100084 3.972287 12.489088 7.159606 4.374044 10.041904 3.404325 26.531518 9.015792 6.090905 7.859610 10.053029 13.804240 3.910639 15.399876 3.581057 4.018419 4.350679 17.171760 3.373798 9.932208 5.131711 17.195925 9.469431 5.919923 13.544324 21.335639 67.852258 208.605494 40.068284 21.795975 6.804164 6.913592 10.532593 20.415182 10.635874 10.003554 16.934601 23.081593 23.198068 22.019803 6.847472 12.432287 12.516218 18.056498 4.040522 3.397092 11.005550 9.730485 19.520896 17.159116 6.886551 12.427948 13.722546 12.027657 7.019388 15.537110 8.463054 15.014107 28.183736 22.500099 9.373039 10.847254 9.811054 12.229450 9.963937 12.001121 10.556751 14.045712 35.425427 62.174625 27.297049 11.237381 3.452755 5.551300 8.206509 12.390233 9.441727 7.131083 13.382038 14.864054 17.735594 17.275538 6.943152 5.272024 4.006987
0.676957 1.373224 209.2395 209.2395 418.4790 0.000000 6.366211 13.352015 5.397845 2.241388 6.842766 4.508852 5.064035 12.771474 8.079767 6.414937 10.433519 12.323244 3.986916 7.015169 6.120716 9.748719 2.925823 2.281928 4.383920 7.206546 19.381888 5.216781 3.773034 8.486868 9.347343 14.306002 10.931733 8.520980 8.049454 7.694336 8.631958 13.292534 5.190215 4.899498 11.447954 12.221420 19.284798 11.881932 17.324299 26.972043 81.001402 211.449757 33.227956 13.045532 6.384736 12.256092 24.810722 13.163508 11.965563 7.497827 16.471738 23.479800 26.959358 16.681658 3.636902 6.583119 10.877143 16.951339 9.416712 8.630416 5.928304 11.841402 16.687866 11.320142 4.508076 9.065035 8.057507 11.477838 11.949748 5.969183 5.636206 14.610261 28.808446 24.453812 9.073919 5.121036 5.363943 9.658254 20.075771 16.802859 17.576506 21.724679 47.288759 55.280608 16.916796 9.739036 5.881312 12.212396 12.235091 4.626798 5.423962 4.006746 11.516494 19.342586 19.559989 10.130889 1.764337 2.659823 8.562023
0.726888 1.422383 209.3024 209.3024 418.6047 0.000000 2.511952 11.580713 2.944592 1.818015 7.890841 6.103116 1.972539 9.623751 11.316714 9.347575 6.570407 8.499702 4.116024 3.958457 1.296535 7.174751 2.705941 4.655530 7.881154 13.164322 22.564177 6.491384 9.915824 5.004481 11.962077 7.240816 13.233931 9.102719 10.088556 3.766314 11.876016 12.316370 5.539398 3.528293 9.507782 10.781232 24.800638 8.631822 13.823641 17.970119 78.830650 222.039292 18.983903 23.156559 11.910440 13.144525 25.474760 15.373224 11.466728 10.520735 16.840476 28.195545 23.821853 9.475005 3.982829 1.818670 6.676275 18.411383 14.707188 11.780326 11.192879 16.339422 18.111698 11.185708 5.885801 4.995110 11.469265 7.989040 13.611431 13.681090 9.724715 13.438173 28.115504 24.797917 9.287621 12.894371 11.155179 11.224853 19.093623 13.390033 13.538800 22.273413 49.510784 56.673089 13.621095 14.528003 6.590778 7.679229 12.835339 6.734002 5.897089 4.898003 10.094786 20.265671 14.651095 8.895469 6.587653 4.448108 7.297030
0.776138 1.447220 209.7175 209.7175 419.4350 0.000000 5.622396 10.980712 6.072073 3.476247 5.193152 3.479298 8.470638 13.619148 9.918823 9.194664 1.012319 3.889969 5.043714 2.966693 4.184619 3.403619 1.243070 3.939912 4.492478 5.429449 17.526244 1.752264 10.754976 1.480912 13.057799 6.965851 8.762617 6.354304 9.400767 4.505562 10.454902 8.758026 7.881069 16.054220 18.493311 8.799296 17.922001 11.902610 17.542001 32.888463 49.959302 252.534839 28.137626 17.107083 18.543961 11.702302 18.169218 6.958179 11.950865 14.518910 22.338349 25.949830 16.390653 2.232368 8.111402 7.206153 12.587348 9.226238 13.206622 5.389190 4.806930 7.547785 9.581841 7.739453 9.519899 3.224977 14.667186 5.550808 8.831169 7.936149 2.818185 8.570406 22.068193 25.185639 23.326810 26.582741 16.568169 9.216041 15.878802 13.975241 17.232901 25.675945 37.724203 69.718852 23.064549 15.412692 11.328081 5.144245 8.528791 4.153091 3.565585 9.503771 9.834299 18.097674 11.361548 5.466438 6.381112 4.099038 6.902801
0.823800 1.467407 212.0604 212.0604 424.1208 0.000000 15.506092 3.882614 2.032496 3.954913 3.627418 4.405524 6.933363 13.949065 8.012177 10.207151 4.660550 5.085539 6.060543 4.818987 2.395113 2.524975 1.829252 3.676699 5.901237 4.589620 15.446759 7.192411 7.080422 3.983095 9.368686 7.487704 7.736588 3.228850 10.330467 6.398127 10.036417 7.188708 4.545414 5.216707 20.971752 20.389349 19.922342 18.368831 14.248557 27.766306 28.273216 191.153294 119.479603 21.189299 22.114113 15.409537 11.369712 8.831765 18.548676 15.378884 5.062772 10.304065 10.462280 7.030859 7.755926 4.936549 8.014331 11.457245 10.169247 10.091430 8.088601 5.366039 4.354763 5.811939 6.273146 7.070108 10.712866 11.308504 7.053087 6.977681 7.031910 5.469130 7.351448 10.404264 7.529367 13.053211 31.068515 28.969576 19.187952 20.178955 16.815348 18.080068 25.761011 41.530066 66.674027 23.394962 14.209383 11.956739 7.424539 6.895173 2.226717 4.780743 2.631934 5.814895 8.290281 2.916009 8.073659 6.105570 2.659126
0.873606 1.502716 207.2721 207.2721 414.5442 0.000000 13.814834 6.771755 3.850780 2.515538 4.424189 11.434438 11.137796 8.786994 2.816768 5.166999 1.714025 2.099386 3.679221 6.517186 3.727807 1.735365 2.167654 3.771878 7.232874 7.930105 11.406517 5.784948 8.409129 7.699199 7.405366 5.823847 6.811862 8.126797 7.803982 6.479104 9.589878 6.663442 4.966752 16.961533 18.263548 7.626784 7.232095 14.322293 11.606295 39.916585 197.381386 145.547924 24.666682 13.864532 12.159207 13.770603 21.710165 16.075045 8.855153 3.914869 9.024489 11.994798 12.123094 5.957218 4.380921 11.090938 12.089502 8.525207 7.217692 5.930232 7.625690 5.629860 1.907083 11.268609 13.110465 11.547870 6.636156 6.312220 5.234488 13.284927 11.862016 7.154497 10.516825 10.514301 28.643099 37.096848 8.769246 8.584594 6.247452 13.824974 14.050967 36.825774 68.274077 32.239237 11.986761 6.986708 8.268359 9.951053 8.190229 3.054775 3.116803 4.597720 7.299240 4.242842 5.503327 4.539759 4.072076 4.304404 5.470772
0.923776 1.506116 209.3622 209.3622 797.5704 0.000000 13.492470 7.299528 0.805041 6.086236 11.138096 7.286082 11.769279 6.663175 4.117750 2.076622 3.416836 3.900990 4.206637 4.095740 6.562315 3.090579 3.977755 8.817809 5.496279 4.800855 14.778632 7.840080 6.732658 8.164270 4.194570 8.528255 11.986123 11.220910 6.730380 3.435553 18.106638 14.165021 15.018951 19.866505 23.206114 18.969985 14.002833 14.028475 37.797774 89.639662 174.368342 189.521205 66.043647 54.050154 34.715199 16.145911 12.592025 24.398604 10.593746 10.938173 11.443374 14.063812 6.509100 6.299122 4.067472 6.515557 6.961727 5.824398 10.533429 6.859617 6.136058 5.816379 3.088427 4.573578 8.403603 10.462388 6.572410 10.607116 7.092433 4.267121 6.991734 6.295892 14.091130 9.452769 9.612280 25.572003 40.517831 9.713601 16.187865 20.282925 25.956872 41.747727 52.696051 27.221117 6.112674 15.008265 11.640917 5.756606 7.831695 7.330728 7.958975 7.824150 3.885249 3.240401 4.044396 2.740238 4.526728 6.961325 3.462584
0.973898 1.518836 204.0078 204.0078 408.0155 0.000000 13.251845 4.481431 4.861521 3.597712 10.378329 4.397728 7.974293 4.578758 2.157369 4.784501 6.895324 6.291532 1.322797 3.285958 4.391188 5.277697 2.699143 6.998463 5.152172 9.335632 5.999031 7.911864 5.015510 5.018181 2.986235 7.706603 9.025406 8.622316 7.619150 6.126785 17.813182 5.717807 13.059024 17.380811 24.246852 25.326997 26.597491 27.720272 45.893671 123.819593 222.348620 89.693393 56.474578 35.150516 31.697950 10.272662 11.671169 11.312502 19.215390 10.137106 9.713770 7.579765 11.147464 7.854043 8.446825 3.695668 1.059530 4.916079 10.244503 6.372662 8.762327 9.735146 5.653163 5.984008 8.688025 5.756382 7.718354 6.224503 5.792810 5.079898 8.478514 12.518665 14.675066 14.736549 17.751623 32.202084 27.347691 3.302446 5.707173 19.205714 45.912650 46.241350 32.918828 29.726739 22.258255 13.046814 3.786430 3.334217 8.449970 7.295383 5.030015 3.850386 3.130338 3.747586 5.161660 4.588651 4.560055 4.405249 2.398648
1.023796 1.523210 208.4234 208.4234 416.8469 0.000000 9.064958 6.368049 1.208316 6.768798 8.327808 7.599332 7.290254 4.929895 2.615807 3.259894 7.094691 4.012156 3.481646 3.052138 1.751664 1.893313 6.194953 4.494076 5.129754 9.359227 5.789758 8.266311 5.051713 7.006947 6.116286 6.670436 7.238957 9.702054 6.479278 1.872937 9.718932 13.005205 10.090247 6.794489 5.633992 15.330007 13.326975 4.851198 18.080334 44.346678 149.348369 209.897626 61.909538 42.389348 24.067090 16.502625 14.766763 6.926245 9.165466 15.227703 14.012192 10.865712 2.361964 3.892732 6.272402 5.434030 5.140937 5.241503 8.868460 4.369188 9.194732 8.166474 9.492418 3.875417 1.482967 13.799136 8.771623 6.025013 8.756274 8.074996 7.685794 3.429963 5.515185 13.808900 7.149437 8.775655 13.140278 26.319332 19.008766 14.820787 15.507284 35.053213 60.466457 39.072651 28.931042 24.623723 20.050944 17.085841 9.466445 6.057757 8.681139 8.724662 8.473855 5.014408 1.302428 3.051166 4.067547 3.912966 4.543990
1.073964 1.485424 205.9156 205.9156 406.8088 0.000000 1.646498 3.333155 5.092436 5.642997 6.905484 2.706287 4.594025 8.407500 1.124804 3.877675 7.476735 4.286250 8.178721 5.539558 6.552696 2.786520 10.483581 7.014964 5.721640 14.187918 1.411206 9.074785 4.612950 10.984985 3.475772 13.175348 12.467125 15.000626 10.706763 15.578145 3.781049 2.723083 6.741394 18.068360 25.637284 20.027424 20.153875 24.007521 38.735759 122.670150 225.566917 100.670926 24.961631 45.589845 14.143149 3.019772 19.683174 21.272855 14.053020 16.005908 10.212501 14.198700 13.391369 6.756287 10.090440 8.180690 12.755807 7.790245 5.446799 4.874811 16.850252 7.143113 11.268815 6.639808 11.926712 5.045840 10.440499 10.209604 11.005392 7.433335 10.194188 10.900878 12.725031 10.547951 17.772363 17.800639 19.976845 19.987341 11.686801 25.847665 61.599673 47.512018 28.950082 12.154028 17.627093 10.117781 19.102093 10.001930 5.653367 10.462090 7.901966 7.274949 5.324467 4.731299 9.755348 7.287750 3.909242 4.656328 3.084770
1.119890 1.512452 203.3377 203.3377 411.7589 0.000000 2.189391 9.136288 13.725160 6.252149 4.132471 6.462915 4.605986 7.233652 6.195228 2.957658 6.676734 6.270677 8.566819 3.191987 2.037028 2.056903 3.657313 6.778772 6.156176 11.536641 10.576079 7.746897 8.195378 9.188503 5.977488 9.721554 7.762296 4.765225 5.598739 6.712084 9.650658 9.858481 8.741280 14.260146 16.755120 19.499963 25.893429 35.625282 62.705057 132.747503 197.571326 124.969699 53.374423 47.982924 33.381343 22.217035 18.665045 5.029448 18.150351 17.301563 13.731054 14.353163 22.709064 18.668309 8.199036 3.299374 4.614452 9.365762 6.806100 3.520463 4.784590 13.287844 8.161686 16.394746 2.248833 17.977443 16.084044 3.532952 8.793511 4.102074 3.632720 7.642983 5.690017 4.248999 6.149273 20.760766 18.291678 9.916201 20.171612 22.360640 31.411727 61.851949 39.475324 23.330644 30.763592 19.205588 8.937231 16.375635 15.790422 15.033013 8.327915 3.893330 8.766386 8.002135 5.922942 6.725111 5.276296 5.595356 4.713490
1.171869 1.508362 200.0956 200.0956 400.1912 0.000000 15.714082 14.367027 8.645639 11.771170 7.993657 5.286423 4.285622 5.120032 9.034707 2.064705 10.111753 7.466383 5.049135 6.497086 4.644389 2.953297 5.410089 12.946794 3.995455 18.110716 8.399768 8.780294 5.976855 6.381406 3.810498 9.627936 8.379643 5.034200 9.505382 13.587308 3.891031 8.218732 14.488584 6.744575 25.186819 11.875192 15.958721 22.665486 70.862265 260.591196 91.280466 60.196242 43.633302 4.515919 19.346192 21.998223 27.759125 1.918229 10.772306 17.924793 5.606081 13.333798 19.002366 7.372756 4.168184 4.292139 4.795982 10.117428 2.969028 9.298322 6.836125 14.830670 5.151879 10.500622 12.813513 7.572379 7.495576 14.091210 5.552937 5.232037 9.638623 2.735363 8.203234 9.596334 25.003487 9.256436 8.018764 9.250531 29.170552 57.696631 50.932265 38.436921 19.169963 18.838595 14.082940 18.139302 22.851215 11.594975 18.587557 8.447640 6.452150 9.363059 8.462873 4.901936 7.206117 1.875055 8.590740 2.838928 2.515390
1.219911 1.472855 199.2249 199.2249 403.4305 0.000000 30.726215 5.286088 10.703707 16.402805 6.063443 13.347179 9.212784 5.385865 13.973594 12.533784 5.686687 8.045439 2.608293 11.658775 7.467080 9.328052 10.799696 5.870168 16.046696 20.372644 6.025294 2.118930 10.622648 7.983699 11.426572 14.681385 3.908709 11.071078 9.789526 14.922694 19.730864 11.607842 21.689564 19.947897 21.572006 12.534203 22.111041 40.356751 96.740438 208.274681 101.447172 67.758151 29.332097 30.061077 32.187702 13.090883 14.740568 16.087650 12.193099 12.810335 13.602482 10.125112 21.880166 14.647630 10.489655 8.801757 8.874744 11.168146 9.958670 12.633292 9.062915 14.332173 5.275509 6.985457 8.754303 8.850476 7.755221 5.059709 1.992736 6.432811 8.693876 5.495981 10.365516 14.858280 18.491901 7.756680 11.025369 17.246543 29.445755 53.524312 56.082516 33.768337 15.914657 14.252735 10.557367 10.089361 14.926711 14.888861 5.177637 4.438644 5.725971 9.853158 9.126882 5.183660 4.050055 2.584314 3.323815 3.651670 4.152508
1.263777 1.539598 195.8757 195.8757 382.1964 0.000000 32.453554 6.557241 9.328053 15.175582 5.848814 5.581338 4.059759 6.268386 6.684684 5.036052 8.855042 8.144094 3.520138 5.278102 8.655180 10.334498 8.686365 8.244145 16.008736 1.788654 11.550808 9.552183 5.949769 2.004673 8.576030 15.193560 10.963792 8.610125 12.110350 9.219882 11.438483 15.666664 19.189545 22.109116 22.573481 50.894331 92.135868 102.175607 210.269780 114.067254 52.777994 25.793694 32.892160 10.203350 14.948449 16.822356 14.598040 6.003931 3.255110 7.642126 17.875671 12.138364 6.772226 6.761958 4.413957 4.295495 10.895481 7.251166 10.011035 8.181826 6.565410 8.801407 7.800015 7.078910 8.033927 7.227277 6.658779 11.138196 6.904211 12.161817 15.539038 13.792173 4.783503 6.352049 22.184190 52.772442 45.555533 53.088578 38.555497 14.818632 11.505233 12.905227 2.000355 14.587865 10.322026 7.879741 6.318090 3.871902 5.396867 5.111090 2.824110 2.063179 3.866735 3.274382 1.162423 4.838353 7.880458 6.381834 3.811847
1.320054 1.484029 204.2182 204.2182 408.4364 0.000000 24.151350 9.326016 4.479191 10.979609 4.441364 6.547625 2.934915 3.764353 3.409031 7.187513 3.347522 8.958436 8.482721 11.668900 7.556236 7.498099 2.062383 4.269753 1.570128 12.153225 13.094025 8.064704 8.056929 10.567694 5.525217 4.885296 6.312748 4.789169 10.145378 5.100087 7.888407 2.877222 7.997120 14.313469 34.186650 38.415415 63.193848 64.828901 79.407175 87.815768 206.544798 48.964144 34.285651 18.251205 24.060866 17.336013 17.474800 15.124518 11.828816 12.151364 10.765922 12.669046 4.623627 6.014679 4.930128 7.649502 7.525829 10.688892 9.540592 13.240441 10.357847 10.018839 6.340703 3.852955 3.933694 3.325003 4.579154 2.727176 3.482319 7.853343 7.272019 8.939317 14.344382 12.899363 15.319948 9.915940 10.867472 14.670432 35.019393 36.048480 40.122107 56.642850 18.453688 10.742141 11.349950 11.200971 7.933273 10.573455 7.424950 8.818765 8.654084 7.213128 7.756178 7.372826 7.326545 6.445463 4.739963 4.092777 3.990656
1.372300 1.489660 191.6537 191.6537 392.8902 0.000000 11.514724 17.664611 19.869463 9.448517 12.231115 5.698843 4.957279 6.288720 3.140613 2.759361 5.169153 6.598482 3.907426 5.748950 10.023480 5.857361 3.978223 7.549355 9.300658 11.669478 3.641130 9.322266 13.130146 1.694780 7.179838 5.342701 6.450934 11.085768 11.536995 10.425985 8.678709 9.109107 17.198173 26.096654 41.972203 29.736704 79.607006 161.472164 128.419775 135.863738 65.981127 39.107741 33.478248 17.777843 13.484265 10.175513 11.671728 21.927906 11.956757 1.915896 4.859585 7.396029 8.627722 6.853057 7.620879 6.504125 2.897867 4.918663 8.344006 9.778431 9.949636 2.793531 5.396876 3.648819 4.264422 7.776001 7.847439 6.155746 9.034238 5.830187 6.801192 16.235911 22.571110 23.446576 19.315513 30.555566 22.353326 42.158591 52.110542 20.580327 12.629860 5.910055 10.335631 14.158760 10.563580 7.410009 8.899567 3.867192 10.954537 6.951861 2.441196 7.690492 4.223702 3.623447 6.196060 3.749578 5.849606 4.723930 4.187067
1.420063 1.490434 198.9238 198.9238 407.7938 0.000000 9.401207 12.871396 22.487718 11.150074 8.001743 9.727263 11.756924 2.957421 2.372698 3.879161 6.980020 5.412963 4.393060 6.466319 3.043393 9.135207 4.073574 6.237616 8.269044 8.699804 9.547877 2.395848 8.540182 10.386331 4.541001 6.559091 3.142159 6.606200 1.123023 3.772630 6.717513 18.855862 11.789412 7.164869 11.887361 29.336407 51.276096 38.486933 133.165535 177.238299 110.565515 112.221937 37.326432 18.875545 23.413714 12.855674 5.410285 6.951371 8.854964 16.242485 9.140897 5.899101 6.106107 5.355354 7.348315 4.935825 5.932984 8.343878 6.018199 5.309055 7.314013 7.452378 8.946864 6.558806 3.308596 4.529681 4.955623 5.110236 5.238098 6.848677 11.233522 12.537352 5.828205 4.389978 17.568577 34.085902 22.419861 23.790503 31.847135 21.336318 40.725639 41.582585 15.983770 15.133026 11.261037 7.688171 10.425854 7.930266 8.041690 8.135076 7.015697 6.867943 7.936035 4.714996 4.058492 4.847551 2.992337 4.415089 4.464089
1.463790 1.441355 199.3819 199.3819 224.3047 0.000000 10.164203 13.038637 20.383575 21.675072 11.668839 21.580262 6.275360 10.646725 6.922284 7.370734 6.647351 5.292083 3.822301 12.617342 6.922341 6.770184 7.735020 2.682928 11.283894 9.140554 12.305526 6.095164 13.030590 9.178716 5.216375 12.625490 9.171302 8.746217 2.864295 3.924422 13.315605 27.957459 17.648733 18.615013 14.777525 26.566744 73.280522 60.353922 133.156681 165.108331 66.518644 85.006976 70.025513 49.808658 41.677021 5.899749 8.494733 11.333108 11.615171 9.483226 22.986133 12.751494 11.295976 6.720110 8.985878 7.885433 8.539189 7.079891 10.549083 2.496976 6.967097 10.616989 11.662133 8.042734 5.172859 6.104205 8.685336 5.344268 8.975628 11.323203 9.263596 16.547781 11.561263 6.225697 11.755381 33.401918 28.104308 17.382840 32.329372 19.493717 27.861691 23.613481 9.653798 17.418413 17.595892 3.717917 6.916167 9.566790 6.032207 8.462214 13.212768 7.557864 5.510550 6.054685 3.722055 5.587156 5.561812 7.807245 6.071521
1.520521 1.454258 199.3912 199.3912 792.5800 0.000000 2.906659 18.086666 9.395583 33.117658 17.406293 20.625481 12.299673 4.968334 7.592526 8.944990 4.567051 4.866035 7.898325 4.880861 3.408939 9.265603 7.564088 3.234417 7.829770 19.270650 3.200407 8.613167 9.803185 11.706803 5.558667 12.015667 5.893883 6.066695 14.252230 12.437488 11.363665 27.543251 17.980577 25.047284 22.005913 25.609573 16.812872 68.920407 124.267777 185.558506 58.803039 94.941936 48.929159 41.630880 31.265867 21.855568 11.099633 11.967529 16.823143 17.971027 19.111014 10.875945 7.751016 9.134482 4.567160 5.111376 8.149991 8.441130 11.196178 3.939187 4.396947 3.549830 7.867600 7.697883 3.858614 7.512497 4.938412 6.275919 9.067130 6.186490 7.952628 19.550977 14.654915 16.304217 17.865152 28.953915 25.270425 23.151752 39.453641 18.844298 22.095797 37.859222 19.417484 11.176021 14.660123 3.691470 4.640754 8.406263 13.143494 11.679815 10.722967 7.624294 6.688790 6.065503 0.878512 2.672606 4.524595 4.831860 7.027994
1.568091 1.439514 199.1770 199.1770 393.3746 0.000000 10.513139 12.873989 4.379707 24.193031 27.749828 15.991344 11.754832 8.003440 8.572055 4.183322 6.422454 5.654156 2.928646 9.848395 10.746092 13.176882 8.969560 6.067326 9.912204 21.732863 10.005628 12.892718 11.511602 7.910865 3.368793 4.488701 13.335000 9.130672 14.008804 14.389926 17.183866 23.671948 21.268984 16.126882 43.370844 35.399294 48.901173 75.896059 161.082214 162.885285 62.997195 27.830765 25.448701 39.636336 52.136068 23.051504 19.875790 9.789077 3.872762 8.622177 8.085307 10.822877 13.306351 6.629430 5.299002 2.106971 6.229176 9.097619 5.232233 3.036283 3.747450 5.110862 5.654662 7.231310 7.220051 8.527897 2.944190 4.819476 7.887995 5.993436 9.778703 12.420024 9.780504 13.173058 8.811194 2.560415 19.804134 56.492817 48.846232 14.420508 22.562775 19.741466 12.057770 19.101119 13.710430 8.510824 1.893637 5.531480 7.615922 6.542902 8.809519 5.306642 3.254980 4.087607 2.891855 4.139313 5.084046 4.912312 5.209485
1.620060 1.458122 194.3128 194.3128 393.6080 0.000000 13.479811 4.602589 11.383529 10.290937 19.596517 27.000871 18.960578 6.515986 4.996823 7.254110 1.211380 6.877421 12.781861 5.092193 6.814903 5.373599 4.689028 7.288771 5.447736 15.122370 8.060497 1.090124 6.315811 3.561302 7.526856 4.904856 12.204251 9.530189 7.475020 2.264014 5.876705 8.042986 15.434750 28.238873 45.587189 33.709632 36.763219 84.165557 203.504458 111.042184 47.806951 45.369619 27.961035 24.111116 38.928313 20.453220 35.232551 19.931397 15.411567 4.958657 6.347851 6.236533 12.180633 13.118848 17.643178 13.837912 16.616603 7.019598 7.761851 6.882849 11.369089 10.819618 12.761296 9.524827 11.539754 11.405452 14.308785 13.883632 11.108800 5.924809 10.009754 15.390935 16.082435 15.715417 9.654961 7.579070 21.466872 55.329311 50.592776 9.671053 19.042841 16.851324 11.609392 13.342568 12.298650 13.043142 4.053964 7.025544 8.585289 3.287651 9.065937 12.095200 10.925657 7.378472 4.246729 5.943348 5.545001 5.971555 8.238419
1.664002 1.466969 190.8629 190.8629 386.6196 0.000000 9.280505 9.096407 4.432751 5.862650 10.533870 14.951568 19.751037 15.533046 5.728067 6.249723 4.529853 7.081953 5.820263 4.663038 8.036255 4.584281 5.076319 7.727222 6.458434 8.350990 8.383492 12.723184 9.194307 8.239594 11.723448 9.640728 7.498556 9.669098 13.995516 12.660122 16.834329 25.228764 18.121952 27.063739 24.996616 27.146086 51.776041 208.786278 132.460080 72.847338 49.270568 24.443602 19.015791 18.542620 37.257175 30.320955 10.916650 10.866710 14.918861 8.431934 13.775142 11.645379 11.437013 8.059995 8.716856 11.402020 5.212453 7.737505 8.359655 8.009983 7.221847 9.805941 6.173348 8.463203 7.664887 7.558677 6.144091 6.600465 13.139317 14.751171 8.670628 13.868650 9.741503 7.052152 10.696419 36.515198 72.261214 43.590372 27.389305 9.057607 16.061043 21.581259 10.000469 9.787124 11.501021 9.080612 6.238995 11.423502 5.551117 9.913843 7.409069 3.424648 3.641253 6.889122 1.868918 5.943436 2.599668 4.873892 5.784664
1.720048 1.476920 192.6045 192.6045 390.1475 0.000000 10.293550 3.884340 9.612837 4.198841 9.927306 16.591395 14.425035 26.042926 13.546326 8.267477 4.286066 7.107608 8.160533 3.377724 8.790639 8.445781 6.633905 8.776871 3.048121 7.948974 9.336976 5.297065 9.301037 10.938024 6.987707 7.009368 4.448700 6.136479 6.537920 7.683716 13.651475 15.742003 15.779603 24.502971 22.171224 25.464246 42.948395 144.584900 180.185420 88.346046 36.370077 31.548938 32.488382 29.993332 37.808917 38.226656 29.496968 20.479550 11.236313 15.337322 16.656130 7.035626 12.975447 11.134711 12.581661 9.726464 8.248283 6.404361 9.497411 6.386800 10.807433 13.833166 6.534512 7.388274 6.347480 3.398745 5.647343 7.810024 2.406855 19.917808 4.387824 19.282583 8.351944 2.764969 10.582524 22.202239 34.770184 74.691822 21.938225 21.176518 29.573703 17.380507 21.125408 12.487410 8.535540 11.684385 3.854835 7.272576 8.858264 8.941175 8.661073 7.579200 5.832436 4.196908 2.416249 4.314052 4.133688 5.272782 5.332800
1.763829 1.482445 185.2534 185.2534 375.2568 0.000000 8.430695 3.920619 9.647565 8.953506 10.667415 10.813342 14.285265 20.453294 9.499155 11.502269 8.415785 4.874222 7.703381 10.117831 10.322112 5.795455 1.904103 7.862485 5.025749 3.874487 5.648607 9.554215 12.541180 8.260032 8.841045 9.689373 8.915016 9.825915 13.395409 19.246041 25.751667 18.888444 25.550239 20.129763 36.302587 64.101465 219.930007 153.832491 52.376649 29.912818 19.388820 10.831639 11.189060 13.893111 26.343266 19.917945 8.748917 9.804586 10.060162 15.625088 9.469213 4.377839 8.859380 8.287578 10.141600 4.589236 6.522333 9.313957 9.365507 8.222112 1.764687 4.181613 5.663345 6.639355 8.337953 6.053934 15.235096 15.515890 13.024797 3.957798 0.281015 5.465944 7.563678 13.961986 88.518048 21.718822 23.386113 23.626745 14.069384 14.634008 9.926196 12.209445 9.553326 7.534133 8.913742 10.173315 12.031432 8.138895 5.228600 6.731190 4.015513 7.817491 5.631157 6.993516 7.511036 6.093883 2.801170 2.832384 3.372416
1.821929 1.475344 190.8019 190.8019 386.4961 0.000000 8.926318 2.914749 10.596608 9.294300 11.855498 4.156377 8.788046 22.053828 10.372370 17.159373 11.612170 8.202677 5.309394 7.743132 8.785466 11.583783 9.878143 8.103514 6.722610 7.600398 7.515735 5.005720 9.090391 12.827826 10.064279 9.741670 7.841284 8.445815 7.381725 7.895477 12.437826 13.382264 20.769341 21.932594 22.545348 32.656148 64.247030 198.097408 162.068723 50.215791 46.332815 26.698150 13.724086 18.904478 12.051353 13.649109 17.776758 42.286815 30.883412 18.943164 3.046037 14.035204 9.072108 4.076384 4.950787 4.252768 4.111005 2.111617 3.404745 3.735621 4.408250 3.650034 5.776280 7.576604 7.590524 7.087447 10.919003 13.195203 12.829024 7.181019 5.666759 8.092413 10.642558 11.364781 18.291616 23.307290 72.819800 21.055314 30.436738 17.311212 14.514048 18.880341 12.212908 7.519540 14.973390 13.215050 5.480649 6.790798 3.007575 3.202472 4.135157 3.042147 8.227898 5.097241 5.447144 2.863937 3.731565 5.175687 2.676345
1.872372 1.462262 185.1224 185.1224 607.5811 0.000000 12.582313 6.265596 7.264641 8.588203 9.585510 4.905485 10.256995 11.742624 14.178035 21.783017 14.756017 13.301707 6.965533 5.258068 11.902398 5.112889 6.806029 4.504045 7.218020 6.207698 6.538551 3.143828 7.320911 4.869472 9.921548 6.521050 3.029834 4.405493 2.273734 8.559691 17.853421 32.147055 17.865305 17.370347 37.615288 73.019863 245.525699 96.105821 37.076405 16.512332 17.480983 8.292445 7.751908 9.980413 11.340493 15.500324 33.198913 31.690497 17.630354 7.454650 9.125758 8.691000 2.778825 2.130780 7.513995 2.022662 5.200044 5.715022 3.984224 4.287089 4.943010 6.872068 8.528427 11.821264 10.194379 11.293253 10.513405 8.602664 12.815630 7.402155 13.755321 12.912367 19.225520 50.615292 57.485563 31.932525 23.405527 8.958307 5.870255 1.959762 6.820038 8.695501 4.657528 13.088399 15.053582 8.308048 2.860709 8.078611 10.033277 5.230724 3.046533 5.908976 3.148536 5.329475 3.396713 6.790763 5.388229 5.706552 7.425670
1.923824 1.468876 192.5767 192.5767 385.1534 0.000000 16.280732 7.068501 13.008767 4.641290 6.653870 2.986694 6.329831 8.835639 11.529620 17.804986 22.345813 13.824973 14.667682 6.781834 7.891435 8.998905 3.373814 2.753137 7.601733 1.454662 3.867083 6.768198 4.829296 6.731204 5.259569 7.251348 6.347720 5.225473 6.967615 7.626334 9.228326 7.780962 13.444283 17.478666 16.361010 27.382650 59.945651 174.293723 166.716720 55.482834 22.873663 11.940181 5.183531 4.427929 5.399203 8.889868 14.091186 16.701177 35.707780 25.454769 12.210572 8.162683 6.843474 9.340224 5.021982 4.902296 1.955404 1.833948 3.825889 1.698359 2.976931 7.413965 4.703321 4.303468 9.487292 1.664309 7.869037 9.810194 9.687882 11.734918 8.559287 10.609262 8.913752 10.309527 19.200993 29.005862 59.454581 51.256857 24.061414 21.922780 9.689863 6.581096 10.836062 11.957326 4.648809 10.438981 11.107479 16.715921 10.712624 3.336813 5.672378 3.126517 8.211519 5.458653 6.893075 2.550650 3.802763 5.316645 3.342286
1.973857 1.464275 190.8392 190.8392 626.3440 0.000000 9.905725 7.436142 11.776648 9.351421 3.779474 2.675478 7.485983 12.453828 14.078484 14.946173 19.961513 20.232316 14.284018 8.019714 6.124262 7.276940 11.733648 11.026731 8.673542 1.897946 5.558110 6.558377 4.592861 9.632233 14.987816 10.890257 5.471916 6.157532 11.503560 15.270351 17.632121 11.190499 22.973372 27.850680 30.495195 9.153274 109.794763 218.647226 105.954147 21.414349 27.098869 11.797343 10.769649 18.340173 20.256030 14.584775 15.892331 17.733293 32.189296 26.703328 16.646884 9.240181 10.614271 9.477652 3.452321 5.753577 3.092785 3.523336 4.418291 4.351474 6.455670 5.298932 2.805231 4.861443 6.655757 6.780036 7.234107 6.317186 5.444074 4.797551 11.807389 14.787240 14.770961 16.081421 46.602490 37.479531 34.437588 13.913894 22.481725 7.644943 10.915606 9.328824 8.412037 9.726491 16.185822 7.993101 17.675276 17.861526 9.319221 1.953385 8.030983 13.966137 2.843761 7.844561 2.600426 6.425938 7.994641 4.949211 4.894121
2.023826 1.484998 193.5095 193.5095 382.0572 0.000000 13.926936 8.082986 12.907243 10.479587 7.706979 4.063715 6.919241 15.205393 6.945765 8.521083 10.077845 10.619755 30.471181 11.914202 6.560878 9.424746 10.398514 8.320465 15.945790 3.468842 6.643467 8.859058 6.547687 2.841401 6.136052 17.018015 9.297818 6.080878 12.332640 8.774317 24.325188 25.480354 20.561704 24.500084 17.924575 27.265463 90.626022 169.583030 162.614544 61.060604 52.541907 21.036351 17.715312 17.170524 15.103421 15.273566 12.841970 18.376917 14.853144 13.310421 26.185076 25.933489 17.651827 10.266139 5.388371 5.243682 7.955055 8.660554 5.450754 3.441334 5.455481 6.010019 4.694132 6.300774 10.815320 10.132585 5.509439 5.642356 9.296136 10.571276 7.079416 12.799082 14.067362 4.828116 10.559704 60.188692 39.749515 18.700191 19.003774 18.958440 12.167336 11.054210 11.109385 5.393686 9.288707 9.197193 12.590132 15.201457 19.635245 8.864153 4.178911 6.186416 9.123535 10.597336 10.159548 9.350858 11.751940 3.330544 0.682680
2.076108 1.463795 194.6350 194.6350 384.2793 0.000000 9.795094 8.964310 5.809813 14.370012 6.431221 12.058771 2.668826 17.072865 7.220942 3.477063 5.295960 15.216258 19.500693 13.193101 13.248160 10.295082 7.805606 4.061623 10.911814 12.427384 6.035396 9.551653 9.249539 6.109319 9.665528 16.974207 6.460065 17.613497 4.959568 10.831847 14.301971 12.425520 24.817536 30.696659 38.553482 57.755954 59.096206 131.804730 213.408829 50.019665 22.416340 16.942810 11.177856 17.594081 16.625151 13.904114 8.132441 7.613053 9.829424 6.015748 18.589635 25.596671 20.739904 19.687248 11.810476 7.050750 8.877930 10.311363 5.300293 15.308883 8.879749 4.306010 8.139821 10.317359 7.219799 11.008508 6.435980 5.204250 4.694523 7.628516 8.955249 5.500107 7.841880 7.652561 15.263349 27.584068 63.788191 36.289314 27.878560 10.738093 13.493565 11.309810 10.246088 8.539481 9.370867 15.752316 8.262914 6.509007 9.540430 18.857397 8.163946 7.661552 9.223411 9.601640 5.885813 10.564523 13.362537 5.225100 3.802050
2.124748 1.463055 194.3995 194.3995 383.8143 0.000000 6.669295 15.771315 3.536636 10.596549 5.718095 9.168615 8.593889 13.814255 6.312144 3.303614 5.894135 13.779162 18.693739 13.173340 16.925048 18.730827 13.247711 8.329645 3.874754 11.173015 2.856789 12.725973 12.508961 12.409063 18.798513 5.859292 8.361180 11.921570 17.930214 15.771875 17.281859 27.077890 13.201177 27.867919 32.039799 35.014250 80.514866 164.317089 173.965005 64.431116 52.847553 22.926602 15.321196 17.355130 16.657759 11.941793 6.954189 11.193325 17.138611 12.788895 19.076403 16.568669 25.432235 17.740233 13.078790 15.986035 13.006923 9.724633 5.818181 7.716575 13.062423 8.425371 8.653329 10.118268 13.217711 5.366918 6.234884 4.322826 7.651414 5.838292 6.819311 9.886836 19.119052 14.161631 12.584665 36.143983 61.777954 23.026505 25.431221 10.275393 6.824330 11.350336 8.923419 3.243371 5.718308 8.424036 6.617875 14.900881 13.152594 9.191442 4.807078 7.530250 10.242403 12.364350 9.235222 12.613508 10.930696 7.654269 8.741583
2.173619 1.458830 183.8797 183.8797 372.5983 0.000000 6.118715 8.793144 9.277666 7.664120 4.534885 9.676414 7.054262 9.953403 9.404897 4.688282 6.129277 12.207851 9.443076 15.127363 16.707222 7.980796 12.326137 11.136881 13.732177 11.649383 17.939972 17.195607 8.332449 13.409101 9.551127 13.133147 7.558317 10.775438 7.388423 13.360834 7.127727 19.770521 24.736653 25.351381 53.473209 87.583862 186.563104 127.842151 65.106908 45.693087 25.035545 17.687880 13.338064 13.706006 14.700375 20.528287 17.942616 9.795252 13.440614 15.400741 21.481883 27.547544 20.423727 12.883639 16.430836 17.407801 9.346935 1.928581 11.933759 6.875328 9.615288 5.398839 4.176576 2.697351 5.814900 7.030782 6.737713 11.743134 8.318777 8.106867 15.051538 19.747287 19.298145 54.202813 46.621023 28.454735 19.844647 10.229107 9.588677 8.743071 8.277537 5.118951 11.053099 5.678534 11.525346 4.551729 4.698766 8.665816 5.313636 10.563716 13.966773 9.169485 13.927125 17.500074 12.688623 11.653962 4.335632 4.047930 4.209286
2.223830 1.459151 182.1976 182.1976 628.1021 0.000000 6.327673 6.333242 9.309570 7.167181 7.240721 3.901607 7.868317 10.565574 7.481140 9.692629 9.287128 6.528326 6.789430 17.676872 19.415088 18.589381 6.412235 4.208675 8.868285 7.788187 16.120275 13.842968 12.827738 2.226379 16.134120 11.256876 3.817458 12.339221 13.078756 15.383423 15.122685 18.698377 19.011585 30.372311 63.464000 178.803845 150.826591 46.438040 17.405123 19.399001 12.602311 9.686680 7.693668 8.607313 8.586731 9.296792 5.544058 10.140208 10.900959 12.353670 16.003173 20.570761 22.108798 12.253018 12.246790 7.605862 8.174711 8.718514 8.672495 5.285977 1.648944 3.929139 4.489363 10.228260 5.343784 6.181904 9.949332 15.538289 6.808230 11.460937 25.875152 39.256625 53.159784 40.755325 9.217391 10.452465 10.847830 7.399522 11.493872 13.662686 14.974733 6.713917 7.991905 14.334253 9.830773 6.971751 16.502031 8.443962 5.301797 14.037792 5.764541 12.190952 10.108255 8.021864 11.789490 10.593268 7.175224 4.826250 2.055926
2.279896 1.468752 180.2116 180.2116 360.4231 0.000000 6.976909 4.414269 5.650565 10.508195 7.422991 4.095740 9.146066 7.550651 6.335642 10.123957 6.818310 6.397956 8.340403 16.514959 13.874775 18.607385 4.191515 11.987979 7.180753 4.247244 13.968191 13.184735 12.031366 6.827376 13.982630 10.720208 7.216541 8.090331 10.116622 15.433490 10.398023 21.125213 29.183467 15.648043 34.965672 271.121805 43.773223 34.707944 37.906367 16.736794 10.533086 13.238930 9.510099 3.260304 7.426383 7.580009 6.900416 6.183652 8.517182 7.364345 7.321687 25.361420 14.095332 21.689700 17.410894 4.625522 16.198612 9.954267 5.687387 6.428599 6.715654 9.258477 10.529485 11.062022 5.736747 15.798970 15.650857 10.785668 18.763196 19.259741 18.681945 76.969693 30.134760 36.505961 20.767108 6.677083 15.130158 9.406894 6.454564 9.793199 4.276343 9.024625 9.983938 7.674631 9.258414 9.770289 11.245892 8.314218 12.959455 4.798327 14.565446 7.781186 9.815284 9.124359 11.269383 2.057400 3.902199 5.531356 5.058865
2.332103 1.476864 180.2944 180.2944 360.5888 0.000000 8.679264 6.205603 11.128149 10.143645 8.403294 4.600713 8.978803 7.336286 6.971429 6.987167 7.836342 10.110025 3.800800 2.065765 20.470480 5.256004 18.224249 8.951688 13.053743 13.087640 9.887078 9.122103 12.815429 10.377715 11.714233 10.366296 4.711598 4.801899 7.937258 4.788970 9.153181 9.766162 15.214400 23.192101 14.938772 280.321160 20.987829 17.305801 21.101557 8.733091 10.422661 4.372592 4.037065 5.636937 3.445864 6.682824 7.075655 2.406854 5.375507 4.109959 7.214694 11.913462 25.530934 11.417383 13.842669 9.580051 3.259746 3.561150 3.539696 3.215052 6.661573 6.712272 7.265777 6.474078 3.058322 9.367068 10.985788 4.889713 12.425994 17.615941 10.891043 95.056214 18.874017 4.023019 33.529818 16.969973 13.603153 6.202934 7.769562 6.840903 6.277240 10.633231 11.220934 7.588601 6.439285 3.629393 16.452076 6.129748 9.306873 0.684825 13.144903 8.258938 9.914637 7.836876 11.338181 4.759021 5.240170 4.711412 5.200912
2.383837 1.472399 185.7596 185.7596 371.5192 0.000000 5.345326 2.113903 14.937174 9.591671 10.116677 1.417921 6.716486 8.448950 7.270815 9.454822 2.241807 4.363323 4.456706 2.877735 8.498741 15.637256 13.219472 18.355092 14.488073 9.748097 8.583563 11.433133 9.549693 10.447143 6.160838 6.184787 9.100344 4.860162 6.552306 5.803364 6.577193 13.010495 4.266750 23.186826 34.486100 23.356438 250.623954 56.339568 22.737358 30.024097 6.979726 5.202787 4.233154 3.607922 5.766928 8.011234 7.461203 2.480788 2.113632 2.308452 2.075458 10.643850 16.709710 10.344529 16.650825 18.789486 7.336315 7.822322 9.303841 10.299697 10.471983 5.504428 4.948083 5.257846 3.538691 6.048002 3.817742 6.809546 7.009498 3.266579 15.661663 27.499310 22.942785 74.409007 43.217474 16.793113 30.315901 19.442466 8.781663 9.244266 11.739268 2.287293 14.123751 14.078950 6.625029 3.997978 5.494187 4.345187 8.417985 10.492350 15.353671 12.699777 3.869557 6.715387 4.723446 4.543967 9.128807 11.337236 3.303543
2.433952 1.472998 184.4027 184.4027 645.4095 0.000000 6.318288 2.271897 14.007828 10.803757 5.711432 5.234579 1.850085 4.054813 3.467216 9.423121 5.372396 3.332554 4.544484 3.016547 9.443003 16.610055 11.437662 12.427445 18.149464 15.506865 17.952813 10.583528 8.427039 15.314581 13.474067 13.372726 7.874172 6.415848 2.094218 10.698976 11.441697 2.954702 31.291766 42.301294 38.965260 113.284196 218.370723 67.919557 29.683292 35.920568 11.959045 13.937975 12.731772 11.368021 11.602839 8.175966 4.357893 5.453287 6.196738 5.959495 7.900055 14.778988 8.385832 8.849920 10.186716 18.450051 18.457991 10.233091 6.313162 16.214659 7.262412 5.905311 13.225130 6.415004 9.570518 0.698932 5.542227 10.678434 15.451513 22.268631 22.507066 44.786722 58.694938 51.080811 23.745112 17.396100 26.121161 10.908422 13.500520 12.253761 10.183293 15.791277 12.180324 6.283626 3.492628 7.720785 9.486107 12.204817 3.771249 7.677803 19.386808 7.740518 4.835912 8.946972 3.625523 6.998495 16.258076 3.614503 2.284813
2.483836 1.457303 180.9177 180.9177 366.7251 0.000000 7.925480 2.373928 13.607916 9.839712 5.317108 3.924385 2.978284 3.861043 2.606732 9.680370 8.454009 4.891674 7.520519 11.420834 12.039651 11.134190 9.418496 10.267161 13.646786 16.638197 24.816076 24.406834 16.781098 17.647647 14.878374 7.673465 6.008184 7.140339 9.292921 10.763040 12.432381 13.696849 42.051706 24.634398 54.541335 162.166112 175.339493 80.277589 44.121828 40.388005 12.599402 23.269666 11.735036 17.259244 13.406915 11.993544 16.032940 9.718070 4.777467 4.839635 4.374129 8.290976 15.284340 7.668738 9.098606 16.305454 22.562535 13.034308 6.625312 9.444936 10.878265 6.083394 7.776942 8.358773 3.623319 3.211963 3.470567 2.496978 13.741691 11.621532 14.984448 19.393581 69.044033 37.569473 17.060575 24.820464 20.508438 16.924550 17.086209 11.519736 2.759564 8.647937 17.419070 13.142137 12.253061 7.513013 6.489724 2.116990 13.857790 10.573128 9.523888 14.635081 6.624533 6.978053 9.100332 7.254126 8.473688 9.961953 4.720499
2.536536 1.452769 179.1172 179.1172 363.0755 0.000000 3.654985 4.628641 11.326857 4.397059 5.512208 4.867797 5.575601 6.761410 5.515912 10.409490 8.077017 4.398188 5.267316 9.231144 14.837888 9.532258 11.627263 14.396412 7.446952 15.842823 19.166730 10.198397 18.402728 22.101917 8.960463 15.685791 6.580877 4.975518 13.434626 12.247899 12.421832 20.925881 52.214315 44.003272 85.781252 200.705382 104.842252 49.580196 29.053728 8.556920 10.228214 16.660316 16.148449 14.148448 10.948441 4.761009 6.280735 6.570486 3.239623 7.180452 11.446947 13.571287 10.483779 9.070192 6.350738 14.435148 22.478911 11.896744 15.878219 16.183453 7.848256 8.107740 4.099379 6.377918 2.851029 5.739564 8.074251 12.667744 23.319794 12.797039 19.292702 55.064038 56.344174 21.169048 12.796372 8.554851 7.253650 20.304053 13.414657 9.146600 4.184841 14.239406 16.698610 11.646571 7.309992 10.243329 6.728318 13.027945 11.267206 14.433310 13.326895 10.936970 6.657912 9.196686 6.406658 10.545369 11.319711 2.695601 4.581459
2.584070 1.452826 176.8932 176.8932 353.7864 0.000000 4.346789 4.427438 11.023379 5.455645 8.607840 6.269227 4.261945 3.860530 4.002981 4.806281 8.118158 6.420652 6.274973 18.634023 13.372286 9.833337 17.138301 19.210921 7.405874 15.768840 10.880544 20.661273 7.934260 11.157551 10.812808 7.483050 11.096863 8.050603 10.264647 5.958770 7.839912 19.721932 24.224870 41.266361 190.542314 124.977462 30.188357 22.389268 6.159221 8.702685 9.009253 6.369730 6.872341 10.354238 2.340466 4.572521 5.526664 5.847835 5.886762 8.332378 3.455818 2.461943 2.843240 2.839291 9.124768 17.658002 20.208132 8.026915 4.855642 9.217354 5.179656 6.425600 0.668068 5.375221 3.304468 5.956683 6.847154 16.873144 17.758898 48.367233 66.400425 31.485074 20.494799 14.546666 10.944950 15.113529 14.866362 17.938481 15.565523 3.589702 14.087134 14.988181 9.094178 11.570688 13.082122 8.016271 8.209080 6.049098 17.362861 5.884897 6.588286 7.808215 7.663492 7.620582 5.202188 6.140829 8.530610 7.743124 7.384617
2.639889 1.461093 177.7639 177.7639 355.5278 0.000000 7.841633 7.598555 3.913994 6.825731 9.007728 2.603525 1.716098 2.285658 4.237623 6.506308 4.646077 9.205018 7.846860 10.904682 12.566933 5.862807 16.401620 13.958998 12.658782 12.825745 9.134999 12.857439 15.462983 10.815807 11.143049 7.939782 9.984417 4.788443 5.391096 14.047268 7.924910 7.107736 13.558436 25.487738 141.707113 146.998670 22.026241 10.808138 5.907858 11.882099 12.920680 9.623588 6.661174 6.906297 5.622818 1.572706 0.790972 11.381098 5.982363 7.794577 1.657689 2.688879 5.306028 4.381359 6.123262 9.488359 17.343465 14.737769 8.225449 7.371567 2.455795 2.917545 3.921954 6.804230 8.760695 3.919915 4.276827 4.891644 16.464663 22.527665 102.859105 14.381296 20.021239 6.190965 13.247857 19.836070 17.726025 19.474178 12.192970 6.318839 10.362136 8.211162 15.050447 14.562954 9.337599 6.673827 4.267991 11.981349 12.282744 14.222312 8.268578 5.230673 3.368805 8.470477 7.862984 12.764417 4.541021 6.508703 4.372267
2.691831 1.460020 175.8595 175.8595 351.7190 0.000000 6.493583 5.770455 3.913250 2.269130 6.072084 11.130173 5.870049 2.456478 3.822964 6.392349 6.229823 4.264351 5.724930 10.753017 12.080715 5.240105 21.772157 5.684384 6.947655 5.395572 1.828789 7.130234 6.919494 5.171609 12.504557 9.671235 5.073882 6.424130 11.907742 8.734279 5.498310 10.988461 9.758098 7.489276 241.948337 30.500778 13.703936 6.912500 4.859320 7.444119 14.461262 12.233991 4.634484 2.996238 6.194183 5.709644 6.147845 8.383151 7.437086 2.898440 1.761834 5.286128 5.935825 3.068980 2.888928 9.047554 12.723828 13.703402 10.052544 4.684409 4.141945 3.421653 5.308422 9.276952 5.874761 4.945486 10.829289 10.978853 9.966856 89.389182 32.204003 10.241112 9.196032 4.789966 7.883129 27.238627 30.439821 12.070971 3.921942 8.905283 11.737981 10.170675 13.193921 8.452815 9.568655 5.605207 15.799020 9.258498 4.638867 2.338775 2.508549 1.579212 8.090801 8.050595 7.553170 8.669168 2.576427 3.644235 4.152764
2.744040 1.463270 180.9609 180.9609 361.9217 0.000000 4.006292 1.404686 6.386579 6.057238 2.351205 16.046293 8.618999 2.180513 3.097217 6.630744 8.962718 4.142992 7.499872 5.073563 6.784761 11.817865 10.770213 14.339164 16.833767 10.299736 5.370628 3.649354 3.175945 8.881635 13.785359 11.290664 5.756991 2.032558 10.876107 10.807047 11.185361 9.649477 4.591745 5.428248 19.335973 238.120405 53.408798 4.798168 5.342945 6.551944 6.556387 18.278947 7.354626 3.638202 5.018484 6.600369 3.967358 4.565526 7.669050 7.152398 4.120014 6.143631 3.926809 2.904014 7.894241 6.644714 8.216152 5.815549 7.529143 14.399007 12.962755 8.337018 5.231074 4.888477 7.513371 5.982586 6.561838 11.780036 10.482175 8.877950 19.381894 89.451086 49.486708 7.510746 1.420464 4.011944 4.778798 34.174023 18.272026 5.658600 10.345118 12.506569 12.912748 7.538560 14.778452 8.114115 10.187626 8.570291 7.681260 15.902120 11.431305 5.118695 6.515753 3.631337 6.488905 10.128082 5.214745 8.391246 5.816743
2.793822 1.460036 175.6104 175.6104 351.2207 0.000000 3.704262 2.433339 4.932157 6.321873 6.436520 13.282752 11.844548 7.037564 7.528916 8.453561 7.612509 5.819502 7.144893 5.859352 5.975528 3.214841 3.404595 27.749465 1.146432 8.435997 8.964780 2.591249 6.153167 14.173467 10.528849 7.548806 11.120906 19.620978 19.153305 12.164311 12.796728 18.282353 28.804645 55.407821 242.090101 50.513994 32.623569 9.366328 6.764728 4.923382 6.845623 18.177302 13.109035 9.720485 11.830558 12.579540 10.285309 7.256021 5.594640 8.137429 4.479265 7.290269 10.483662 13.335218 9.037037 5.747802 10.240023 11.266717 13.213065 9.730843 4.339453 6.682527 9.697887 12.994111 14.703049 15.536867 17.766563 27.749127 54.486354 84.708459 40.180550 24.057743 11.450099 7.730407 10.177909 27.357692 18.334108 14.569625 10.356517 14.858650 13.986335 15.813412 12.116873 8.290869 6.651676 10.292860 13.980845 12.856325 2.361491 7.056795 9.718291 6.223056 15.226377 5.021770 5.238928 3.449714 4.134655 5.848367 2.931159
2.843728 1.444601 179.2588 179.2588 353.6727 0.000000 6.131964 9.469834 11.379865 5.678140 5.540240 9.643250 17.964414 8.750889 10.306566 4.554582 12.697229 12.608420 12.412167 10.103520 6.738059 5.575449 7.304505 17.677777 10.953178 5.882585 14.308183 16.231708 10.522551 17.482147 5.311454 15.394391 9.479319 17.767619 4.239478 14.740993 14.730365 26.507688 45.201670 65.057107 138.767966 181.828110 51.191495 20.317291 21.859292 21.329397 21.047966 13.933352 14.487373 12.625589 9.909476 8.459276 7.845000 7.004850 4.191293 5.365208 8.687411 8.497839 2.295144 7.692875 11.968855 6.406768 7.160404 10.007297 8.618705 8.430250 19.963454 8.462729 5.407404 4.029212 5.531710 6.005976 12.423935 12.714952 27.346373 61.303198 83.327241 41.877961 17.243805 7.498621 9.679658 12.289099 24.813092 21.891979 10.637962 13.865203 11.755618 11.675658 10.398417 10.503611 5.919663 6.156493 10.924447 4.211492 7.712641 10.900638 4.787937 13.241125 11.003909 7.169649 10.789665 5.504015 6.938325 3.494576 3.689198
2.893882 1.435961 174.2595 174.2595 353.3595 0.000000 2.633273 6.580797 14.129400 7.990661 10.721418 6.341201 10.901614 4.141138 7.567867 11.631897 12.843314 10.201041 8.906361 4.985180 4.845849 7.156998 7.147580 11.476219 11.122347 6.318181 9.968339 14.957127 13.651646 14.879860 18.705548 20.012572 8.238474 17.832074 18.113237 10.498578 16.402520 22.400238 22.077521 86.917036 187.422652 106.163459 53.763800 41.218905 27.100213 23.700538 21.757445 19.410189 9.580902 7.975025 11.604748 11.165919 6.722813 8.447362 10.087981 4.639667 3.193546 3.987016 10.115633 10.012229 10.379728 10.315628 5.505980 9.186204 7.764482 13.084397 10.412676 18.346755 5.802819 2.057761 1.694154 7.804215 11.958126 16.664628 41.184177 71.967912 77.669169 39.831645 17.709945 13.263763 9.352079 8.343720 22.809779 14.909350 11.629184 18.394284 10.756750 14.149178 10.480620 5.672236 11.246731 10.370505 11.481947 5.691187 10.406191 10.758154 8.157418 13.708467 12.455257 10.189564 12.564676 6.724233 5.796618 5.203774 7.473901
2.947301 1.439021 170.8727 170.8727 341.7453 0.000000 4.558491 13.858470 3.329212 6.293055 7.154155 10.625073 9.678586 5.126625 4.863199 6.199627 7.270049 11.474017 8.550628 10.142460 7.883848 8.124189 9.786065 12.292459 6.314885 4.825891 7.628222 13.807196 7.484412 8.120113 6.546831 8.245085 12.657465 11.792712 9.921079 13.163060 15.764745 36.017541 36.683839 216.322251 68.847268 48.510547 15.386385 5.821958 17.605042 18.885446 19.180088 15.641102 5.806576 6.415495 2.311153 2.121966 2.257673 7.132635 6.217670 5.453835 10.126820 3.307031 2.416284 6.202436 4.569190 6.542283 3.553884 3.949373 3.906989 7.291302 14.298966 6.829484 11.044365 9.676585 11.141526 20.354430 23.109609 81.170178 66.790290 42.631076 24.926545 16.023755 19.889659 25.146086 19.681368 24.468025 7.984669 13.486962 6.941335 10.058589 11.947440 12.990423 8.523818 5.315667 10.656407 5.661763 4.160034 4.381270 2.159007 13.071420 10.547186 7.173302 5.335930 5.702187 7.381913 6.169854 9.185823 11.254847 4.695353
2.999778 1.449031 169.3365 169.3365 338.6730 0.000000 4.031902 12.592362 5.861357 6.068833 6.956764 11.817181 6.524134 5.414229 6.689062 9.174774 7.542510 10.490838 6.749540 6.401340 10.266303 9.111263 7.287115 7.539155 5.591567 3.701666 7.603397 9.830069 9.065182 7.359603 5.936417 7.474455 12.358683 11.029873 7.096746 11.970767 9.987896 15.724193 54.596397 219.115877 21.956084 13.591702 15.800538 13.850543 17.462651 18.687885 17.885224 7.743161 5.840897 8.187131 2.750726 2.733423 3.706086 6.406146 3.685552 4.377473 6.459674 3.074394 4.146285 4.952296 6.299680 6.807865 5.151180 3.530645 5.957870 11.383208 12.700024 4.100534 4.949362 3.914703 4.211697 10.611261 54.509609 91.597525 22.497462 24.054050 22.308965 15.230599 23.863296 27.858063 20.587817 15.202858 13.030396 8.339986 9.122744 18.575674 3.117884 3.669661 8.927568 5.143236 7.995000 7.294092 5.270771 4.528177 9.183201 9.229290 8.818555 2.067119 6.499979 5.919088 8.579341 9.427452 4.623810 5.996615 4.285077
3.052254 1.462383 173.7857 173.7857 347.5714 0.000000 9.605138 4.963533 10.522079 2.971183 6.679738 14.456967 4.488094 3.847745 4.538844 8.204020 11.699590 6.709398 6.682888 8.687591 6.808802 5.939010 7.373007 6.480611 7.726858 2.949286 4.598262 3.198384 1.134048 2.646442 4.318230 3.086967 5.324700 7.671059 16.680889 16.121292 15.384869 6.499594 22.093663 89.748527 192.397598 27.389852 16.514311 17.301133 25.341787 24.014852 18.638144 15.133194 7.710210 4.480035 2.932521 6.098629 4.604338 6.936306 3.264115 3.513719 2.237062 9.534691 3.262795 5.195513 3.347624 6.358186 5.065263 7.758217 5.028578 3.772269 5.268177 4.500094 7.406567 11.111763 10.374775 7.314901 10.655606 25.005828 89.281591 72.145223 24.856528 24.154201 29.905408 29.005817 29.957491 24.776540 13.791252 16.336687 7.320811 9.009243 8.433209 9.331138 14.337467 12.596240 2.844217 8.962869 9.262873 8.598157 6.781861 4.109639 3.984106 7.052251 6.902884 2.897894 3.376245 5.102016 3.897878 11.360972 9.018618
3.105242 1.454212 175.8987 175.8987 351.7973 0.000000 12.243512 7.990160 12.508925 3.165582 3.687623 13.934575 4.060715 2.852797 10.809736 11.039797 8.817555 9.294737 7.861450 3.453829 4.801708 5.308813 6.054589 10.663448 6.916298 3.199152 3.919117 3.122274 4.303826 6.208519 6.100827 5.990002 5.580620 7.725911 9.473877 23.811278 18.918162 23.922780 23.217111 43.477429 217.977026 59.244109 7.024981 15.226588 39.236900 39.096729 16.397208 4.928384 3.483803 3.516364 6.352787 3.164836 6.157692 3.234686 6.871555 1.699898 2.707426 3.799988 7.284197 3.432038 4.500700 3.819115 7.286910 6.040546 5.164350 4.275251 4.729649 5.254822 5.942916 9.391337 12.474385 11.326462 14.007984 22.552837 47.578648 104.911233 52.232864 10.483626 12.048031 46.244935 42.696707 32.702047 7.753559 4.918612 12.163149 8.009552 3.661420 14.911606 11.724289 14.489542 12.167560 4.524720 10.017157 11.368235 10.026140 6.641166 5.794083 4.821692 7.597022 8.313897 2.896102 2.580800 3.264848 4.372896 11.204454
3.153819 1.453542 172.2598 172.2598 339.7346 0.000000 5.004222 6.417239 4.787063 4.205820 7.281627 12.706773 4.667250 5.896728 11.112876 10.043241 9.055415 4.879148 8.966835 7.220789 6.128770 8.557585 7.449619 9.838274 4.007783 2.789178 10.094079 10.723680 3.824675 4.789817 5.506310 1.910599 6.774847 15.829319 24.990971 19.841832 10.070111 15.844749 55.347685 162.174118 125.229516 50.550364 18.099577 31.025960 22.351945 17.330109 18.427495 10.535017 1.277776 11.884071 7.767897 6.744762 3.731538 8.010492 1.230863 2.447111 4.979462 4.746708 2.696890 3.252194 5.112311 4.833405 2.224722 1.402491 3.824736 3.453250 2.999327 2.413405 4.767605 16.290910 8.652623 9.476878 32.415991 100.487150 81.157417 48.180326 44.627552 30.326003 36.705407 18.720349 8.919258 12.084511 8.590540 12.462943 15.167151 18.420929 8.921829 19.841079 13.726874 2.811293 10.462434 0.656030 19.126457 6.964738 1.114143 10.099805 14.230845 7.768057 4.310016 6.494325 7.243951 3.750058 7.908265 13.315892 11.352092
3.203816 1.437223 171.7388 171.7388 338.7071 0.000000 11.790183 6.907258 6.993733 6.958122 9.935347 14.379741 6.645620 8.781353 10.306751 9.944283 9.763558 9.507712 9.751824 4.483250 7.830618 3.194571 3.754192 11.375060 3.607243 6.900150 11.535181 12.652872 7.058558 7.379968 10.205598 5.198479 14.842746 13.843830 14.279274 12.350577 33.095075 63.129582 116.613138 149.892053 69.046785 57.436967 42.543687 49.968061 33.861926 3.631690 17.427047 6.033349 13.679781 8.031062 12.488705 8.123843 8.485422 7.410135 5.324798 1.899651 6.337943 9.537295 5.223519 3.940187 10.525415 4.893423 3.264580 1.956304 2.585980 10.854694 10.242775 10.627814 10.105766 8.572921 25.775736 28.768121 58.474692 101.787867 74.267156 35.958524 29.358981 27.688935 18.374326 15.074382 10.655083 7.758430 2.300200 5.469446 11.174900 14.014707 12.732803 10.120184 4.469971 9.263742 8.117742 5.817237 9.712573 3.146572 5.520179 10.559132 9.111404 5.186246 3.556447 4.829658 6.945126 4.079380 10.098526 13.266140 10.906820
3.260602 1.473360 166.1656 166.1656 341.8264 0.000000 10.100919 5.446321 12.664000 5.225156 12.817749 11.357558 3.584079 9.576760 9.879297 7.658658 5.915385 3.514722 9.256485 8.620456 12.340395 12.669702 12.678770 11.427937 3.011626 4.084060 6.422161 16.993572 10.013709 11.160300 11.683523 13.429226 18.568789 25.234010 24.445380 19.107717 43.442920 42.642863 164.445637 95.666304 85.150362 34.244256 41.012993 25.626931 6.018580 21.139104 19.620295 7.269498 9.495703 11.417340 11.344765 5.085913 5.212950 9.651366 6.876194 8.358180 4.250363 4.011053 4.600445 3.608086 6.859006 7.300304 5.466987 4.554339 4.109602 7.954888 7.221738 11.672047 9.396864 15.030359 20.561989 37.299319 86.049416 106.362805 56.925784 35.010648 31.142089 14.573557 25.659910 26.057727 5.094013 2.138976 7.872998 13.033226 9.572293 14.046978 2.994066 5.617407 5.700985 7.783417 7.946072 5.510064 7.149893 4.526908 12.943738 5.164936 12.804271 2.596840 2.012962 5.172440 10.877583 5.670598 5.527932 10.407816 10.601232
3.311884 1.511094 164.5823 164.5823 333.8670 0.000000 4.438240 5.248425 7.379583 5.542923 10.719265 14.088852 2.774032 5.684406 9.617786 7.528146 5.784957 8.963655 5.790430 3.205241 7.734025 7.164835 10.723498 9.184196 4.792207 8.033407 10.894664 12.626150 10.524336 5.391001 12.919105 20.775709 27.521734 15.628618 16.547593 29.094923 6.936643 68.733897 165.309112 112.881776 78.688090 52.440451 31.932359 32.242157 32.052005 12.117559 3.658183 5.987901 9.966203 9.011621 5.910511 8.177980 7.861024 8.031515 2.424605 8.864140 5.893937 2.256039 2.908470 3.549971 9.340781 7.788853 6.516513 4.305842 6.065616 8.968038 10.685417 13.343328 12.396237 15.912079 29.014201 58.681384 124.336248 85.716575 21.865247 10.169678 8.633395 20.876957 25.795222 13.172281 6.021519 3.165766 9.465099 12.299566 22.452446 3.783875 4.039024 3.504721 8.964347 10.600449 11.306234 9.454121 3.356690 9.914535 6.422346 12.806231 4.994206 4.852546 3.667035 12.325001 3.545646 6.697216 13.824907 8.855902 10.130502
3.363808 1.523727 176.1702 176.1702 347.4467 0.000000 7.138681 8.718809 11.543856 9.161476 8.169820 16.884144 3.311749 4.178381 10.698062 10.761981 6.742635 4.610080 4.345588 2.504311 4.329781 6.464170 6.749207 5.627426 8.336811 4.257398 8.203354 13.749479 12.903672 6.284150 4.807954 10.483655 10.382202 17.895826 29.476172 27.590715 33.043831 41.021455 67.003688 124.216640 169.674790 48.765970 14.989547 12.759750 5.638351 15.402373 40.253271 22.390729 17.193463 13.378382 9.298358 5.069817 7.180676 4.873082 4.299304 3.614830 1.676966 2.067157 8.059668 12.911733 12.115429 10.685383 7.543906 5.866299 8.469989 7.234068 9.644355 12.051521 17.549518 18.627023 13.576762 10.609551 6.288249 15.651835 105.980115 110.518301 50.969813 22.780032 10.563184 10.865841 18.259512 28.287300 14.481650 8.411850 4.058529 10.561713 7.370028 18.588584 5.867119 5.273888 2.934614 6.094286 9.365739 9.278762 7.442520 7.393335 2.292859 11.503775 5.792067 5.199287 7.350027 4.746859 2.901643 7.046760 8.343892
3.415825 1.520104 161.5204 161.5204 327.6557 0.000000 2.867901 2.445800 4.078303 2.419720 7.125559 10.875690 9.666565 5.713958 4.101708 2.646773 6.035169 8.311118 6.802712 9.961736 7.735926 9.286166 8.952188 7.921537 6.645856 4.357243 13.742541 9.664662 7.215485 11.700751 12.165393 17.120196 22.631127 19.198654 29.462359 47.304434 72.088671 144.368066 149.955090 42.750510 16.566763 6.856106 10.830333 15.908726 27.263729 15.294693 8.425636 6.376224 6.728844 4.235998 5.244550 4.409655 2.356946 3.165831 3.645704 5.461822 6.992624 5.315107 6.763283 6.983628 8.487929 8.329329 7.134291 9.384720 19.810302 20.740833 30.160620 37.146728 37.838081 32.696678 94.740904 105.769815 40.447540 11.135184 10.296158 10.790470 17.247453 23.740300 10.365491 9.873110 6.703093 8.285580 15.400354 13.992739 8.951294 8.428327 5.290409 11.511528 15.818139 2.948407 9.806895 7.548414 14.802486 13.010643 7.018549 6.834990 6.819657 2.996246 5.103488 6.297235 10.321523 7.649308 11.081922 11.535150 8.000247
3.463778 1.498439 172.5380 172.5380 335.4905 0.000000 5.655543 1.939158 5.717591 3.328704 4.278825 6.902898 10.025743 15.452742 4.743592 3.809771 3.398506 2.948742 7.424434 13.048605 10.998363 3.882864 4.758857 9.141216 5.133500 6.801389 3.472634 18.545637 12.969818 9.302837 6.419354 8.547786 15.623697 13.476620 24.270314 19.744122 47.940450 99.883338 113.965369 134.147622 89.265224 27.520122 24.260804 17.753120 17.201038 27.752398 18.416222 9.997080 9.526583 2.167610 15.385456 6.158671 9.907123 3.120410 7.586980 8.293728 7.148924 8.906968 7.291481 9.995626 8.961245 12.894690 9.853634 12.402258 15.347940 6.325859 17.847419 31.876862 23.911099 42.947536 65.801723 29.149781 97.725627 86.389478 78.652463 22.727378 22.166249 12.653193 13.864120 18.261216 18.316797 13.195985 14.563204 8.628883 9.877834 18.267357 10.201850 6.804588 11.432066 11.721200 7.977677 13.357058 6.995749 9.636025 11.057242 4.728272 8.091706 5.179147 10.409365 9.067486 6.706628 4.233036 5.524574 10.385745 13.277026
3.519284 1.450777 166.1197 166.1197 332.2394 0.000000 3.839531 8.156668 7.525810 2.945849 5.158770 3.492035 4.648711 9.975679 9.786167 13.749976 10.922100 3.801524 6.526469 8.761768 11.497926 5.723556 5.035462 6.105386 8.270062 9.826031 10.958975 15.552970 16.374598 8.414266 7.571421 7.124540 18.702007 23.018540 20.493973 10.805191 45.528258 42.031336 175.404281 45.219658 59.451422 41.011755 32.639658 31.478280 17.298957 19.299699 25.107603 11.068848 6.857749 14.939767 11.698205 16.211478 6.205773 3.443336 10.275399 5.952074 7.325720 4.278640 5.600546 6.046858 13.993640 10.981384 6.450454 7.969977 5.379311 10.723320 15.440275 15.379153 23.812549 42.653643 39.417079 70.326523 49.410909 58.366918 66.865331 73.891071 41.013641 27.678452 19.170674 9.624276 15.221452 14.824738 9.532657 8.101592 18.683040 9.570154 17.124189 14.705983 3.805201 3.328491 12.070273 12.651121 9.625171 10.709896 7.577725 12.676709 7.542979 13.614637 8.769792 9.968422 9.036584 5.912742 8.475510 5.315828 4.133826
3.567695 1.408724 161.3838 161.3838 322.7676 0.000000 2.547014 2.260108 6.945349 5.625314 2.319486 4.831351 9.498182 11.468107 10.544756 11.008692 8.117484 5.319316 10.424326 13.828155 11.617108 6.438496 4.371890 4.703928 6.001971 10.682755 4.796871 9.353984 19.756191 7.197083 11.792804 15.529476 13.522000 8.364226 27.240648 40.542528 18.113051 168.511468 56.260291 35.147142 45.171882 11.529455 12.572940 4.706809 7.534808 9.746774 8.697401 13.095150 11.247017 13.955268 13.578214 11.603772 7.750496 3.921833 6.458448 5.059620 2.346514 4.326258 13.923087 2.271341 10.319658 5.057492 8.080987 7.071385 7.046930 17.600461 17.456399 45.473002 34.535752 68.071930 68.450951 44.742374 60.278679 48.602812 15.914462 6.757561 5.246886 7.866896 6.941681 8.968361 9.780816 14.174736 15.646299 19.108092 7.191590 9.412161 9.631246 13.656643 10.873006 6.862587 16.875962 8.178292 13.982408 7.932382 16.336434 8.284739 5.595316 12.972252 4.002505 11.031898 11.795537 10.262163 12.946092 13.244145 13.230910
3.619871 1.417047 162.2294 162.2294 324.4588 0.000000 1.896473 5.837773 3.984954 6.596604 4.136984 4.454587 2.580387 5.334069 9.341856 11.304197 9.343113 7.209812 4.983554 4.874233 14.001696 11.793737 6.554592 4.487312 8.238220 14.999491 8.828167 10.946089 14.974871 10.857754 14.470538 14.608482 15.091685 11.259473 14.853299 12.789061 21.437557 144.473776 105.895341 23.046838 23.180787 22.080648 14.276064 11.120001 4.169957 12.117927 5.021068 14.798245 5.399912 12.901120 11.279824 7.482574 5.035460 8.344183 9.916120 8.152582 2.894824 2.528219 8.274760 9.780576 9.602709 3.049061 2.500582 6.510992 9.495053 19.806672 17.072959 9.073275 21.786464 71.692587 119.498918 37.305268 29.383199 45.521291 37.932381 15.740548 12.311332 8.818734 4.778847 8.771780 8.300464 11.891055 14.177313 18.411711 11.169907 15.536501 20.245162 8.244465 12.869108 6.734720 5.698663 17.335360 8.044744 12.463541 12.709834 12.660808 7.927908 7.956997 6.516170 4.011429 5.039444 9.226878 17.100443 10.325520 3.388278
3.672305 1.380212 164.2834 164.2834 328.5669 0.000000 4.456512 9.351224 9.496751 11.115974 5.726884 8.059868 8.335747 8.401690 11.965325 8.292216 4.547276 7.167728 8.600409 8.544094 9.502427 11.060944 8.317457 3.374741 7.608087 14.814794 8.489294 10.700017 11.155411 25.241948 20.269062 16.793419 17.085387 23.274176 27.999182 17.697422 44.630120 84.197375 173.518041 30.943964 20.365847 8.545415 13.192905 17.663419 5.618773 8.563030 12.671595 11.135491 8.307617 8.777145 8.975361 10.829209 6.578626 7.855774 5.926122 12.768112 9.077573 7.342773 4.735260 9.830729 7.180714 3.691284 7.953156 8.431667 11.447054 8.779264 24.151260 26.582025 31.130236 60.821930 100.641955 72.793823 24.615434 29.597811 23.855779 29.386432 23.465113 6.931915 8.824000 10.004848 11.132062 7.472626 12.048315 9.070566 10.636096 20.018109 11.582844 15.154536 12.934449 16.218994 4.542592 6.235646 12.649858 14.813843 5.230876 13.898823 12.404919 5.580398 9.941961 10.585511 9.637107 8.613112 14.113154 14.936801 7.813551
3.723863 1.382615 166.1646 166.1646 327.4419 0.000000 3.595109 6.614010 5.818315 3.628502 6.252656 9.894464 8.893030 3.217600 4.577017 6.411513 6.824052 8.150068 7.026239 7.631799 7.911543 11.862123 15.188558 17.837130 15.546496 9.993159 6.283095 13.323518 15.273115 19.962172 18.183564 8.289517 12.171363 25.233944 34.438671 38.155351 57.412160 112.578915 145.281256 71.110424 27.357674 23.698879 15.923387 5.035728 23.506067 13.639320 16.046668 5.997931 5.002511 13.393692 15.381655 6.536470 9.316802 8.048001 9.370307 10.740898 11.814150 7.490598 13.117333 12.153354 3.740321 5.506562 5.769676 8.005996 9.529919 11.320723 10.966684 10.224188 13.654496 40.222404 104.815520 92.496223 34.700311 8.992279 8.148084 15.753177 37.118701 20.641189 5.490347 7.001019 8.198110 5.589985 13.048909 8.625340 4.548236 4.445736 6.395660 22.285259 15.532619 8.307405 16.708538 10.724344 9.731887 16.614286 19.688257 7.029153 4.199008 5.437584 12.357222 12.252974 8.217664 6.575625 5.901068 10.023384 13.771847
3.774022 1.363758 163.2676 163.2676 331.4828 0.000000 6.411676 4.489169 6.709768 7.034457 3.140864 3.285476 8.185832 8.888508 3.462810 4.544873 8.151977 12.079055 6.286688 6.333834 11.513070 5.971623 13.516279 16.170638 12.671649 17.712948 12.357836 7.765975 5.943350 8.063896 17.860128 9.649523 17.684125 18.583850 22.042694 24.192933 31.188363 94.932519 146.141756 69.506946 40.668097 21.454815 15.923524 17.800286 16.816361 10.825028 11.059787 15.356683 11.834216 6.876673 3.922928 7.461648 9.374627 12.748754 17.263939 9.413276 8.148314 7.252779 14.235082 10.902253 5.583641 4.838284 3.205912 3.349489 9.184949 10.854091 13.079313 11.428253 13.544316 16.340385 71.983536 109.361289 73.356031 34.750022 26.551101 24.218932 20.319202 31.864532 23.423792 13.174098 6.185908 6.817236 10.368041 14.430087 9.867089 3.658730 14.972823 9.173997 14.939036 7.237343 11.577848 24.224041 12.684659 2.010153 10.364823 13.286901 11.006432 7.459961 4.998932 9.430383 9.114606 3.532077 4.342607 7.812471 11.269649
3.823861 1.345699 164.4852 164.4852 328.9704 0.000000 10.272979 4.172505 2.083869 8.907954 4.185976 5.524545 5.227094 13.769422 3.234496 8.632418 3.918426 5.934960 4.659476 9.044290 6.968368 13.937659 17.832670 13.495072 18.505569 8.109954 3.402573 7.919419 4.458060 7.836556 17.465276 10.618668 6.663010 8.184451 12.057038 5.820081 15.289496 56.260025 189.619394 31.233890 8.915287 8.115870 4.154929 7.855984 12.323067 15.221729 6.547814 7.157679 9.565256 7.843441 3.313277 9.256829 12.002701 5.365003 9.367680 12.013141 7.194360 9.188711 7.176860 15.255865 11.185932 11.330638 7.416408 2.571026 7.805989 9.500138 5.896378 6.147419 7.760253 27.717064 73.106394 120.561015 39.099246 8.522742 14.422029 10.627656 7.203766 12.264249 23.560642 24.758389 11.211153 6.054909 9.780633 7.159752 6.429003 5.243249 10.908904 15.470227 13.032257 8.389896 6.884195 5.211832 16.901787 15.887331 7.846577 11.290096 10.322824 8.820942 7.522163 10.076081 8.702029 7.202754 4.920933 7.005370 10.863104
3.873809 1.335967 161.5990 161.5990 323.1980 0.000000 9.431387 8.254971 1.597702 10.133753 4.821259 11.319025 5.730995 6.746483 7.084650 10.522174 3.755537 6.980723 5.059114 8.828965 7.369462 14.743138 17.253963 8.297922 11.366953 6.639838 5.198576 8.660450 12.981446 13.506429 8.620097 5.678144 6.398386 8.592769 8.038512 14.459591 33.999561 160.207977 87.428845 13.767560 11.576524 6.132472 8.104242 2.995518 7.613340 16.014169 2.981769 7.460730 7.391345 7.460955 11.915389 10.301502 2.265112 10.474296 10.331785 7.231593 11.210974 11.112906 14.005972 5.001599 7.905630 10.883507 7.228466 4.608852 6.503675 7.469740 6.859176 11.410601 39.252608 93.929612 105.060423 43.132128 15.275006 16.868240 15.932502 8.976731 10.695365 18.008998 19.419314 8.245457 8.523580 11.020219 6.819385 2.649923 8.888342 15.898703 12.411454 12.082965 16.244979 4.124829 10.822809 15.449825 9.977161 18.464283 4.849952 8.495086 5.974413 9.614779 5.362428 5.539830 11.570904 6.043288 9.131210 2.098560 0.921751
3.923875 1.326176 162.2973 162.2973 324.5946 0.000000 8.719478 10.615735 5.549938 9.103641 7.646595 7.444774 4.484293 5.676891 10.432154 6.435910 5.500652 4.877816 4.221895 8.326338 3.348405 11.128139 13.343712 14.551475 12.618740 5.643783 2.901703 9.188267 11.623846 4.033900 7.301935 8.639905 9.169573 10.806663 14.316558 22.825791 38.829525 137.270515 107.175847 22.915587 15.185009 8.758933 12.657631 13.109361 7.283541 15.966087 13.926243 13.366201 7.175888 4.465535 8.155028 6.437669 10.090049 12.679425 7.964222 11.051499 17.041401 8.643790 13.734611 11.222576 7.214633 8.186392 18.310141 13.358430 10.973385 20.732879 13.084466 26.402466 41.280219 92.363754 107.030247 46.644683 13.113057 21.750163 14.589347 11.144993 10.061830 7.624724 13.886088 18.083607 8.458752 9.938177 6.562239 7.172754 8.343148 10.513729 9.886506 13.362194 17.853601 15.137538 11.131992 12.238481 19.723575 12.964222 8.433949 6.758859 5.685668 7.623311 5.355297 2.484130 3.996367 9.363565 6.443578 4.564800 2.253316
3.977607 1.308799 159.3564 159.3564 318.7127 0.000000 8.100618 4.636512 11.064357 11.265569 7.968729 6.873758 6.036085 3.118961 7.388799 7.574697 6.286536 5.228384 6.132081 5.541163 6.023138 4.976988 10.437931 14.260616 9.259662 10.610754 12.181573 9.444786 7.754040 5.006171 15.412046 18.958047 11.176823 18.610878 25.452819 43.344209 68.596021 166.676327 20.123819 21.109063 7.720568 7.830808 6.660367 5.279479 11.296438 12.466141 7.842942 11.149437 12.210992 10.005140 5.219805 7.567302 7.362267 6.372255 9.499057 12.001073 10.839003 17.256309 13.444784 7.102856 7.964136 19.959385 7.958641 10.301579 20.932162 13.804355 27.495377 65.378355 96.566542 82.482146 20.159413 24.155337 13.521774 12.201503 10.375457 9.132255 7.966161 8.603377 15.525098 13.529564 4.074995 6.383520 8.594592 10.359203 5.830750 9.243569 15.071482 16.583260 16.787347 24.162653 9.600382 10.456975 9.846530 11.786035 4.554213 4.559014 6.945206 5.043942 5.614234 8.194844 6.230907 1.684270 4.130002 3.825962 7.334429
4.026570 1.299634 158.1662 158.1662 311.5394 0.000000 6.118612 4.457270 9.605907 11.751581 7.116164 2.523447 3.592017 6.664644 5.756756 3.275594 6.667782 10.533121 6.070160 2.342233 1.225238 9.032912 11.573010 9.958097 4.897691 7.640512 1.425373 17.962694 13.724734 14.330828 7.279511 11.034100 15.388088 21.544180 28.830544 60.473127 124.371243 117.669063 46.830614 19.473719 10.801121 10.537902 7.494278 6.081167 6.901444 7.151272 4.874859 18.750034 11.738974 8.863683 6.540686 10.612762 6.824629 5.508547 14.348401 13.713574 14.228445 12.462870 12.153002 8.806823 7.060023 11.616554 11.610468 15.539477 9.395499 20.342233 49.382336 111.472350 80.201885 42.021013 37.475357 8.820586 10.601251 7.315092 11.026698 4.599647 5.993559 15.304681 22.613780 6.085042 3.125359 5.385912 5.644183 5.915762 4.468084 10.669525 14.893647 22.797870 15.839122 18.022324 7.171053 8.543618 8.253109 3.858643 2.744305 5.991496 3.021354 5.639540 4.310235 5.469408 6.953112 3.241592 4.941858 5.587095 4.478114
4.080259 1.294669 157.6070 157.6070 320.1393 0.000000 5.272431 6.427514 7.897912 10.131122 5.808681 2.660751 2.193059 3.430411 3.123753 4.958645 9.261731 5.817335 7.462975 3.956820 7.978343 13.140951 16.690920 5.278348 3.509343 5.366627 8.694664 12.152590 8.280040 7.024993 8.842564 8.886212 11.762581 16.409586 25.871016 48.011167 117.805746 126.224487 55.120456 25.392011 21.149517 18.701858 13.869249 11.362362 10.430881 11.031120 16.799721 12.678146 14.781582 9.213332 4.857079 6.331611 9.921912 5.543857 10.506543 9.915291 6.652916 14.754849 14.330087 14.233193 7.610594 8.457498 19.574730 17.399206 6.996539 19.697680 29.736862 48.526810 78.633337 110.539645 46.856666 30.931354 9.242822 15.848162 11.182379 7.172783 5.894281 10.752498 7.433741 5.458138 9.046075 21.713387 8.069754 5.584061 9.831285 14.297592 11.611873 8.048984 12.728890 12.213623 14.051132 13.401893 14.862117 13.482926 10.649784 6.144867 9.181328 7.713932 6.725939 8.165848 11.336978 6.324315 5.569973 4.676174 5.598138
4.123855 1.278005 155.1605 155.1605 310.3209 0.000000 5.366098 2.713518 5.179301 8.637781 3.514599 2.597886 3.653970 6.618982 10.628775 7.293270 6.252758 7.700737 6.482551 8.784551 10.791200 12.197448 7.638981 5.128513 7.036839 6.345841 9.485307 9.582230 5.357333 3.548489 5.730550 3.362457 14.680858 11.614036 5.195416 37.618526 201.630761 34.807505 12.221788 14.057634 15.151239 3.158227 6.673128 7.041212 11.195878 7.321169 8.421373 10.656342 10.568217 7.389156 3.748114 7.668582 7.981919 4.300234 3.693255 3.872360 8.018936 8.984497 9.122922 8.446584 8.836315 9.927097 8.448361 9.804911 23.545143 10.591169 45.113547 138.529298 52.792505 24.891077 15.292225 21.389557 3.930973 3.443664 3.341800 2.362972 7.737294 9.856419 4.707663 10.913675 13.482695 3.800815 6.439861 7.630145 8.044413 5.030969 6.720528 10.685328 16.851397 12.946040 13.238986 11.122821 13.880754 12.860610 15.159315 4.764207 12.970376 11.074590 11.861576 7.091394 2.245878 6.454350 2.686244 3.887180 4.852396
4.180022 1.262835 154.0843 154.0843 308.1686 0.000000 6.205826 2.067296 2.524498 5.581337 4.317802 4.405646 4.443838 6.240356 9.881355 8.032378 6.135808 8.218061 12.389785 8.237062 10.609147 13.022546 7.084896 3.638766 3.424046 11.938719 4.835543 10.600044 11.076245 2.785331 7.076014 11.590232 17.390165 9.555108 22.098870 87.428785 153.312622 44.310747 23.370405 10.282591 10.826877 3.873522 3.065789 6.509996 11.521984 9.395838 8.950359 6.889283 4.495101 11.950855 10.547712 10.331944 10.702828 15.021204 13.175945 11.724585 9.880161 15.994259 11.593442 11.224486 5.892532 8.468804 14.273893 7.626307 20.351410 49.961542 91.374960 76.616747 54.913278 34.851699 22.396026 19.243150 16.424874 13.090015 9.754686 8.134940 13.234009 5.632364 6.557796 18.372891 7.438702 13.731470 10.461332 15.094436 3.775094 10.634419 8.776326 7.356389 12.963409 7.039614 10.326869 4.963277 12.773620 14.620788 7.246338 7.980228 11.389638 12.700555 7.730587 2.388467 4.960148 3.258181 5.798038 2.570102 4.207653
4.232177 1.232124 151.8782 151.8782 299.0102 0.000000 5.212000 0.688079 3.736535 6.298286 11.487588 5.659912 4.704791 8.856777 8.052672 5.603576 6.257644 4.823250 9.181245 6.341973 10.616684 3.505652 10.532870 10.841312 4.242390 12.129976 7.462015 12.194490 9.636605 9.942981 5.916727 11.550755 22.098425 27.458890 56.454220 135.989443 84.457653 22.210914 16.642819 14.110920 5.651542 8.928294 9.613391 15.526256 12.764843 8.837829 11.444712 6.959421 7.055657 7.798160 10.181465 14.197736 9.676130 9.316920 13.184939 8.847129 3.429208 4.538128 12.924772 10.658810 14.551285 20.645209 13.135852 33.651872 42.121633 102.894186 61.732242 33.106126 11.825271 21.298823 16.923863 9.278205 9.324107 8.255584 3.784347 5.706675 10.595520 8.474080 18.316102 10.539015 17.178160 10.956786 17.923604 7.794869 5.029925 5.471782 5.912693 7.592568 10.128311 12.542518 7.378438 13.253769 14.750520 8.586992 8.773984 11.581242 12.030121 5.404783 4.511031 3.503295 6.368031 4.174800 2.129613 4.272026 3.703177
4.280733 1.199805 156.5453 156.5453 308.1986 0.000000 3.942543 7.354490 7.212258 8.639219 11.771460 13.805486 8.724385 6.813629 5.400198 6.807085 11.119920 10.554700 5.312452 8.687811 4.738811 6.345979 9.406207 9.244234 12.515664 14.924746 13.508203 8.655498 5.563522 6.630134 14.497837 15.549429 13.996047 23.023936 40.180840 69.581895 133.403642 57.236658 23.498014 17.277777 16.381111 13.671287 4.105001 7.468833 9.201142 15.640394 6.772595 3.575275 2.425146 5.237291 8.029648 7.895658 6.843692 12.003877 7.635759 11.358940 8.977190 5.039211 3.427924 5.031192 8.038574 16.098978 12.229020 19.920265 12.334074 21.839241 81.177961 99.590922 39.013052 17.581421 16.595122 11.424179 13.379856 11.745349 9.722609 6.802875 5.336420 6.838100 9.339090 8.659792 3.162706 9.687677 19.024802 10.009287 15.182492 10.184985 3.905964 4.722817 10.140259 14.771813 6.702363 5.479520 15.928902 15.121670 2.702624 7.003859 6.054625 8.270191 7.350953 2.953913 4.893704 4.349495 8.258879 7.622531 2.914380
4.332400 1.188789 152.4145 152.4145 309.7456 0.000000 7.131781 9.516959 8.895915 10.127851 11.113816 8.007325 7.371924 2.353317 7.354975 6.113694 9.111195 7.634140 8.973420 14.151616 6.121236 3.461984 5.309961 9.265814 8.682133 12.351422 15.780819 17.532573 6.709241 9.024161 9.403889 6.845844 6.322726 12.545045 39.392908 92.452338 111.798002 72.619865 44.013926 25.564621 19.376563 12.748451 11.263514 12.408708 7.171697 4.138926 9.325105 6.064303 6.844714 2.264326 4.179464 2.975839 9.346137 4.284881 0.421312 8.515272 8.011639 11.077360 5.310805 5.145018 7.279026 21.422141 10.819543 9.171613 19.719819 32.231511 64.850753 107.139757 74.483586 13.621410 5.000721 3.052628 7.792958 15.643993 10.276242 7.754206 6.437660 5.973607 4.507036 9.335841 9.495939 7.561499 14.622158 14.278622 5.417888 6.467905 5.752498 6.308531 8.835276 6.614646 4.991907 10.459410 11.474254 14.998779 8.274717 4.118550 3.646697 3.282814 6.209275 7.382816 7.188329 3.642467 5.379625 5.128913 3.367013
4.383811 1.178257 151.8190 151.8190 303.6380 0.000000 3.763622 10.468156 4.159562 11.448845 6.545576 8.748485 8.661476 4.313423 1.961076 6.048554 11.311877 2.047592 7.119137 9.930973 8.640766 4.331575 4.854051 8.878243 12.519448 15.136492 14.985716 15.664292 12.106518 8.227483 11.247063 14.353021 13.043592 22.601966 32.227446 124.052698 79.233823 34.676597 15.635966 10.876306 11.796586 7.216873 4.660148 3.461757 5.207532 2.487685 7.186118 3.224126 6.486361 5.293935 3.703878 4.316711 8.347291 1.387968 3.864353 11.239679 7.754637 5.373336 6.131907 1.388427 7.407104 18.206334 13.218991 19.049676 33.565718 72.024887 93.789242 52.564832 43.755624 22.556474 15.008856 6.907346 3.396855 4.454013 5.049767 6.875241 7.621564 5.097932 5.105701 11.018336 7.163896 1.999932 16.494500 13.918751 12.844092 5.215651 7.813678 6.265434 7.498808 4.429734 8.166756 8.789415 7.734651 18.562994 3.074085 10.852732 7.376373 7.531840 12.290694 8.185997 7.821293 4.751443 5.799179 5.674529 6.692944
4.433931 1.170350 153.0866 153.0866 306.1733 0.000000 4.772911 8.148429 7.526153 8.397083 9.544537 5.089921 6.704467 7.776735 5.261689 7.428683 7.618629 5.181823 6.349018 9.676720 6.231872 3.839729 6.579792 6.177797 8.980948 5.162821 3.211167 9.969676 22.314989 14.580395 11.143032 9.251062 6.478427 14.065328 19.456909 83.780039 111.832933 18.033013 17.609886 12.887281 8.864680 6.708146 2.669034 4.726147 8.016082 8.011837 5.820390 3.696000 5.843309 4.146573 6.557594 5.924686 3.528419 2.752997 4.388817 5.428515 7.038438 5.245372 6.465455 3.110138 4.703844 16.982417 13.546219 15.386794 27.980981 43.721716 117.088338 40.057104 22.213363 22.062884 16.913135 22.997084 8.501492 7.233051 1.725900 1.835108 6.155936 13.375614 5.449368 11.209685 7.908952 9.153636 8.096044 18.853975 16.990722 12.873246 8.596446 3.223702 7.830279 7.137168 3.267373 7.072779 8.152779 5.721081 10.956053 5.946436 4.438014 11.438124 10.551171 10.534986 11.680776 6.079356 5.802114 5.328651 6.588770
4.483765 1.161104 151.6322 151.6322 303.2644 0.000000 3.420105 7.731265 8.634453 12.728170 8.503461 11.555863 3.538808 2.213518 3.078550 8.008339 3.945073 6.197762 8.276440 6.426128 3.164113 6.882026 3.913547 5.886819 8.857203 8.769926 9.777201 13.408365 13.581883 8.552794 16.191484 15.455748 12.485306 13.087104 36.654335 130.858510 74.498624 24.302405 7.986372 7.859731 12.325307 11.341029 8.054767 7.074266 5.437640 5.411078 1.463226 0.736699 4.048462 11.585725 12.894974 2.183096 11.017094 12.170361 13.330114 2.287938 4.560750 6.655665 4.921529 5.131835 13.930590 23.785159 18.919356 17.085523 48.328870 92.232185 77.106774 37.384951 14.432745 14.395366 21.965855 17.983334 9.032060 5.202510 5.466959 6.326597 11.831363 12.915710 5.852872 5.318373 8.790313 5.770246 9.576876 22.183387 11.109490 6.283505 5.944894 8.887296 4.436702 3.258336 9.564563 8.851852 4.305011 7.994269 5.340469 4.541623 14.596833 9.190187 11.423033 4.657524 4.352520 10.119469 6.895763 4.456942 5.567690
4.534172 1.145945 153.5714 153.5714 302.1889 0.000000 7.503815 4.534669 8.653260 6.415366 3.520491 16.311430 10.702217 16.584246 15.772794 4.887241 6.122812 13.139723 5.001273 8.196842 6.402453 7.122836 3.189904 3.573629 4.721517 14.493953 10.369383 17.330840 12.689009 11.288341 20.972678 15.762773 18.065590 25.983505 45.157951 97.992176 105.391587 25.429293 11.957948 12.227376 15.928802 9.425664 10.210199 9.196034 4.571395 5.751769 6.879900 5.633716 2.016107 2.649450 5.785668 7.753694 6.170044 2.610460 9.015745 16.585902 14.856059 12.103992 8.759105 5.866711 7.726894 17.990622 18.232051 20.223447 29.639503 89.970472 81.120595 42.224976 22.060543 8.215139 17.237493 15.018608 10.659075 13.742733 8.469730 5.607445 14.396757 19.059585 13.252497 6.836698 2.215865 8.882265 3.503594 9.556437 19.202495 17.643084 9.882932 10.883435 2.986146 6.220496 8.026430 7.470754 6.041699 8.147913 6.021968 4.801492 3.072871 12.417021 7.527033 3.675168 5.443036 10.558992 5.679997 10.642619 2.422344
4.583837 1.139137 297.3642 146.2447 297.3642 0.000000 13.242649 7.564423 8.706348 8.207738 10.817488 10.574708 9.808992 5.303051 12.471036 3.729178 2.540159 7.270993 5.955364 4.876429 3.919075 5.713075 5.198176 10.438456 9.767664 10.602963 18.370435 19.145784 15.953757 17.722168 9.251823 9.469913 15.382818 44.215689 99.365201 104.740739 48.278648 29.445425 20.267090 24.268862 6.208589 7.669547 17.800645 4.282447 9.261084 3.282217 11.040700 4.709458 4.236280 5.845551 7.908280 3.385502 5.686987 8.153105 16.975654 12.754736 7.013977 8.310217 7.201549 5.669961 9.286053 17.244905 22.339543 30.168839 84.799327 80.863133 32.322598 10.101303 12.309594 18.588173 10.965212 3.995574 8.932283 12.608270 9.685489 17.004231 14.253873 7.279239 2.537574 6.263157 4.239491 7.697729 5.733751 11.139471 22.084652 6.096337 8.719003 5.561858 7.817077 7.770712 6.970714 6.750796 9.459816 7.180188 4.775257 5.899619 8.546103 8.163040 8.875494 10.349883 6.821851 8.927392 9.832511 7.636700 3.840702
4.633668 1.121237 148.3835 148.3835 296.7670 0.000000 10.864687 12.001603 3.642684 6.598953 8.197501 11.509895 8.871244 13.671180 6.581362 8.355270 1.649610 8.856406 5.281855 7.518621 9.868014 6.029723 6.532334 6.217328 9.683547 5.342850 8.447997 7.390825 4.661049 9.621105 7.904896 5.608513 12.890495 30.922665 79.154862 115.044731 41.051530 23.112586 14.513073 13.364327 13.427080 11.498995 14.625281 18.350361 8.882985 7.775031 14.047403 11.737516 8.951103 11.610859 7.896885 4.519909 5.290193 8.387862 13.549423 12.708203 8.038195 10.647640 9.848002 11.925723 9.630656 7.447937 21.159626 41.035869 80.752215 71.524796 51.510249 33.228598 11.581110 5.576313 9.286875 11.198507 11.822762 17.254293 13.333660 8.774600 18.281111 16.113932 8.814997 2.483778 7.418921 6.606979 4.668196 2.843474 6.903477 21.346636 8.639243 10.226858 7.798920 4.735074 6.845242 11.692783 6.096349 3.020366 10.219969 8.032907 5.346728 5.132698 5.316553 6.921565 14.553481 4.103039 5.902369 5.621643 3.295991
4.683854 1.119845 151.6805 151.6805 303.3610 0.000000 10.558753 15.001196 5.257875 5.178258 4.204808 12.032407 6.344732 14.882695 10.049385 9.075374 5.772281 7.548661 5.339474 8.108315 10.134124 5.552433 4.671138 8.687913 8.446620 5.971322 10.283890 6.468211 5.164046 5.795480 7.044945 8.208692 9.505836 16.140046 24.207583 123.527110 65.650529 11.241226 11.744437 10.880631 7.490008 14.381729 16.409665 12.716642 8.000090 6.907551 5.913054 6.726554 6.330755 3.796718 6.487160 5.880374 3.072461 5.621890 8.666699 9.967157 10.726704 10.870969 8.243505 6.829534 10.199538 10.266419 14.238821 23.583238 31.507424 73.594085 88.384877 32.275841 24.010972 20.565819 11.581919 10.033282 14.903282 14.188079 11.116498 15.074677 10.914810 6.652787 4.572014 4.786720 8.953636 7.964868 4.482131 5.200819 4.366138 3.987323 8.076643 17.012345 8.403681 6.774938 9.169190 7.123597 8.200921 7.810792 6.578805 5.652422 13.138059 6.326516 7.478164 4.521341 4.447303 4.517436 15.102359 2.380427 8.752684
4.732336 1.107283 150.5820 150.5820 296.1447 0.000000 8.204165 18.415557 8.755940 2.714691 1.800885 5.663785 14.981169 2.778673 7.131315 7.029409 3.819030 2.130829 5.907066 11.571904 10.823286 8.079553 12.284587 10.106727 8.095329 10.351695 9.189078 9.518845 5.103025 5.272110 10.514864 17.973454 14.577106 17.335735 59.655866 135.243427 54.298368 29.095851 13.382424 8.554385 5.802491 9.943446 21.563461 9.368775 4.628512 5.304593 4.148784 6.764459 6.554933 1.903686 5.938016 8.318397 7.006218 10.223244 6.951467 6.808777 9.031911 25.182720 12.997061 9.430193 10.848882 9.779066 18.130854 40.073423 89.125419 76.621243 44.857460 22.093277 18.342579 10.942953 7.322136 8.665549 11.493457 11.271017 11.768799 8.970628 8.635275 3.470897 6.490172 6.621655 13.915820 10.292993 6.029973 5.042554 5.561066 4.787599 12.627802 16.019850 11.005946 6.037261 7.082857 8.038592 6.873441 6.702149 4.439453 12.153568 7.288797 8.124099 8.266330 6.912713 4.388177 10.783160 6.817076 6.845438 4.855347
4.780009 1.100030 295.9713 150.4939 295.9713 0.000000 6.359968 12.506497 12.806809 4.919240 5.930590 6.436415 10.750924 8.066393 6.606531 7.198250 5.064835 4.082393 7.367740 10.511099 16.359182 3.864826 9.476791 4.359105 2.066741 2.860215 4.838445 9.723208 11.474549 16.920145 10.895878 22.542672 13.164783 29.488099 90.066964 108.240892 49.821845 20.351562 17.343868 14.808294 6.297715 16.957874 16.578678 9.433892 10.191377 4.993562 1.925430 10.222751 6.740878 10.961265 6.997848 4.330308 6.624516 4.868202 1.604350 2.887955 9.900590 12.744700 22.291349 15.395270 8.117296 11.107031 22.359998 29.267414 122.684602 40.946903 17.258456 15.667800 10.298634 13.867605 12.901757 11.668103 12.007277 10.910923 6.711245 12.088104 13.537132 3.335138 8.243712 12.465296 8.132236 10.763359 10.298249 2.438606 3.213124 1.190169 6.463104 21.083762 15.646353 5.859790 7.491610 10.929225 8.075868 12.023648 7.931177 7.711354 9.731875 6.032520 4.552188 3.560654 4.566051 10.963551 7.221411 4.708296 4.093483
4.831761 1.094239 300.5274 147.7169 300.5274 0.000000 4.580274 9.834530 15.107226 6.844449 9.032575 2.551875 2.398590 8.600675 7.979107 5.525757 3.933476 6.470119 10.728575 3.198356 4.323353 6.084861 7.124282 4.311467 5.590077 9.650203 6.182587 6.878522 8.186975 9.342472 11.491347 16.622351 24.691059 35.039649 78.864313 96.172505 46.425513 14.358749 10.612772 5.344306 9.968483 14.517033 8.881703 10.620357 6.724747 5.488752 8.940264 9.690539 13.110589 6.275103 7.267736 7.995106 2.714725 5.442478 4.924563 5.962795 12.520759 8.246799 21.374094 45.395779 28.561137 26.757430 24.755659 51.465732 50.766587 115.943181 21.064743 14.284566 22.155886 29.025348 26.171836 10.748026 9.138658 6.357005 13.811444 4.081806 8.721136 12.797125 5.721321 5.177431 11.253735 9.516180 8.994432 11.155642 6.050946 2.385227 3.089791 5.334411 13.606604 17.885941 11.823909 7.674834 11.090360 10.181091 7.515863 7.056827 4.653632 6.059791 8.129836 10.288439 9.178665 6.019377 6.447065 8.653628 2.403335
4.881024 1.093402 147.6530 147.6530 295.3060 0.000000 6.640881 6.809413 11.668062 8.872783 8.153076 1.818239 3.525795 9.561089 9.983156 8.073826 3.228432 6.601610 8.513984 5.445263 4.580014 3.535095 4.217926 6.567209 5.588485 6.914617 3.803392 7.552038 8.394328 15.555726 17.113555 9.730798 7.110364 21.343296 80.496957 88.716499 34.264452 18.394746 19.845493 16.316915 13.568689 9.819953 7.498716 10.822679 10.824093 8.778935 7.929068 6.115416 10.185337 6.682416 6.278533 5.140494 8.366434 14.080394 10.040620 14.614153 6.731410 10.005833 27.627451 48.560787 12.793664 4.160376 27.074922 66.756434 83.991755 81.915761 37.327816 38.416498 36.077781 21.453120 19.370588 12.510301 14.659596 10.366674 7.447225 9.626931 17.576880 15.559432 4.846191 5.796329 11.475422 10.022993 11.223693 9.817214 3.290901 1.264462 4.346699 9.105266 18.500327 18.265770 8.826428 8.943162 14.417279 10.871519 5.882841 6.939967 7.257151 6.032184 7.215800 7.832507 5.053305 4.741558 9.322622 8.486603 2.108565
4.928057 1.085579 144.2494 144.2494 293.4730 0.000000 3.534286 2.720862 7.209567 7.192076 9.865346 5.425793 5.012808 9.235261 8.570544 7.674501 10.283064 1.943319 6.156581 9.334728 9.139973 5.308357 2.170024 4.726003 9.781140 8.964039 3.549637 17.360492 8.649812 12.364802 19.345966 7.125889 16.444136 58.946785 100.275371 46.148015 18.468765 18.242894 16.566224 5.657805 7.465011 13.445940 3.761360 9.352734 8.877590 5.574778 4.456376 9.869764 9.586695 6.469451 7.126329 9.761702 10.929938 14.344868 12.185304 15.840997 19.030750 27.370909 41.654668 25.825512 17.982230 44.739782 73.217543 66.567944 72.812315 43.041715 27.120351 32.819257 33.270351 19.561211 9.411523 8.009516 5.667182 10.557384 14.731747 13.170503 8.991830 5.117261 10.715186 11.405151 7.950970 13.065110 7.417278 5.223029 11.563311 12.324667 13.690624 11.557747 7.628411 10.560046 14.965084 9.368272 4.317301 11.191179 9.128736 7.215500 5.932417 6.165467 4.465298 4.151546 7.943205 5.473345 3.134910 5.851998 3.702738
4.975814 1.092027 293.1335 149.1381 293.1335 0.000000 8.405335 8.397815 3.599748 1.910524 8.190356 6.688903 3.954658 8.976432 5.228270 7.568182 11.162128 8.229831 5.726069 7.479185 9.170710 8.224171 4.600852 5.820439 8.497039 7.486835 5.942472 6.745305 11.620282 11.769388 10.701806 19.134649 23.199704 40.526507 71.489332 83.936311 33.529793 18.026053 32.201236 16.652161 8.717570 10.053915 12.695437 4.055385 4.756459 11.944056 4.785489 3.592415 6.774412 12.643793 4.680977 5.989996 5.020826 14.060808 14.484712 12.031828 13.511591 9.216718 23.837043 34.366544 34.132949 26.527808 31.447449 79.287038 85.251557 36.657293 30.353511 36.652662 46.822513 33.367250 32.881645 19.277079 15.820649 9.424076 6.776997 5.628527 19.947714 17.388185 9.688312 11.401093 0.783322 19.142064 9.140242 10.585749 5.118658 6.855280 9.648200 11.598245 11.400433 8.713920 6.984870 13.310976 14.904662 18.389127 14.425729 6.481956 8.402818 6.124482 2.981678 4.332160 5.531408 5.697740 4.934439 8.005639 7.471923
5.024291 1.092394 147.6543 147.6543 295.3085 0.000000 6.324396 7.281324 6.984377 7.742760 3.846111 9.288670 2.731054 10.485105 5.343926 4.072421 7.259523 10.675947 9.014402 9.448334 11.013981 6.924966 4.841114 4.961710 5.713395 7.886982 8.239853 9.738499 11.912477 8.856669 16.509650 22.367860 15.945974 26.132269 78.337716 71.584915 27.838320 27.787410 17.535812 10.284606 13.075154 11.006156 8.980744 6.364697 5.601560 6.702325 7.391846 9.225024 8.885415 8.295450 5.402063 8.078813 7.915005 13.370163 11.614380 14.456117 13.533336 12.264429 14.707110 9.324113 40.963175 39.431709 11.225141 79.045924 103.281155 34.827195 55.125827 58.919324 28.752771 25.957287 23.775356 8.002279 1.346250 7.099133 5.495875 11.028580 12.301226 11.339599 9.375990 5.810781 10.387682 5.622898 11.155148 7.788736 4.295990 5.025596 11.931401 10.765627 7.641819 11.713790 12.874511 12.828975 18.400105 16.589676 10.691013 8.824538 8.345059 8.261359 7.570868 5.847154 2.613846 5.657604 7.343920 4.370978 3.804527
5.073874 1.092128 292.0244 146.0122 292.0244 0.000000 8.618198 4.116036 3.100302 10.227807 5.884362 9.921589 0.782039 11.441911 2.819179 1.539294 6.521514 11.402256 5.423047 14.575987 8.510766 4.778536 4.993938 2.351553 1.121923 5.060314 11.103776 7.093508 9.503628 5.908644 11.260492 7.226493 23.396743 14.678837 109.979045 34.277529 17.140731 14.707986 10.853331 7.791943 6.047770 8.219520 4.924853 5.694815 3.795215 6.679996 3.628493 3.030914 6.307503 9.504136 6.116106 5.704157 2.995748 5.641483 5.193504 4.996943 6.759639 9.816021 16.075800 11.668878 11.136130 42.375076 34.403935 103.740141 77.638427 37.685280 40.936085 30.065944 17.782374 15.650809 11.991399 9.389075 6.005175 6.081615 11.829376 13.990576 11.843603 7.588295 4.478120 4.392410 7.275922 7.197410 4.683383 4.288589 8.074521 10.299197 5.796125 3.203308 6.764894 16.708340 14.151865 13.034177 20.549225 17.426435 10.473324 7.716038 6.572769 3.429962 4.971266 5.038768 5.530148 4.697786 4.200484 6.470388 6.786321
5.123861 1.093687 289.7393 144.8696 289.7393 0.000000 6.572043 4.317799 5.603154 6.350448 6.143898 8.847047 1.945159 7.013514 8.843884 7.019307 5.380382 12.509169 5.201384 12.276729 2.906581 8.067183 4.097469 1.931458 1.292320 7.835715 10.692036 3.148900 9.228000 8.348649 4.905164 9.726852 15.989695 29.811791 121.839866 27.048473 15.525730 10.955998 3.879620 6.351609 8.291050 12.580687 4.000304 4.857371 3.619023 3.779201 9.616192 12.154220 3.767749 2.420533 9.844957 11.650167 9.712108 6.201637 1.003799 4.770500 13.365354 12.282620 5.907946 2.894201 15.562918 55.691829 48.100798 132.249833 54.154363 32.201635 26.585247 11.498791 13.355835 17.417360 9.934685 11.037959 6.142518 4.710419 14.807856 11.340264 14.822358 10.634319 2.931734 5.382745 11.016501 10.334445 8.537440 7.352407 5.869848 7.339853 2.135868 2.444666 8.379121 12.429577 17.044918 30.188252 14.019575 9.756072 6.461214 4.818484 4.790167 4.283254 6.532935 2.497735 6.535840 3.736629 7.253404 5.292146 8.599697
5.173820 1.092477 144.5753 144.5753 289.1507 0.000000 5.791445 3.354282 6.625696 5.544048 7.944012 10.409163 3.211229 8.337177 8.925041 6.931054 5.282650 7.073148 2.279685 7.331705 3.521822 11.077709 3.727782 0.929471 2.184433 5.037348 7.789347 5.533346 11.172665 11.195907 3.023518 2.991681 14.851449 50.373335 107.048917 33.110738 20.468630 11.860699 5.789243 5.072408 6.360463 13.687391 6.022182 3.598626 9.396223 7.373614 8.681178 7.072207 4.899558 6.893768 8.054814 4.681889 5.899293 11.500223 9.769448 8.961888 7.412681 7.436341 10.697168 19.113562 24.413025 27.958226 99.729599 100.739417 63.019105 47.941718 29.713382 10.636634 10.426265 16.588698 5.908119 7.884837 8.206699 6.383733 9.128521 12.842680 8.174907 4.171835 7.678046 4.828913 7.817576 8.583795 9.175599 4.535610 4.047804 2.490031 2.941154 2.876977 9.622855 14.503675 15.266592 22.264395 26.795252 15.468176 2.534193 3.233308 2.229795 5.795821 8.025083 2.914417 5.549699 11.419108 9.844627 4.345142 5.213124
5.223859 1.082881 284.0715 144.5276 284.0715 0.000000 4.130849 6.981825 4.593885 8.300116 8.021028 8.281582 2.699082 8.424813 7.782609 6.149754 5.412234 6.259484 6.643530 5.647549 4.700021 6.924182 1.295574 4.799711 7.226386 6.356708 8.076135 4.319651 10.543837 14.461812 13.336030 23.730657 44.608937 72.744227 74.044315 12.816313 13.949406 16.344376 11.794845 12.821031 9.502174 10.924476 5.465522 12.056898 13.193518 11.239876 9.386323 3.568965 6.542145 5.719978 4.106341 8.281993 4.931287 8.430995 8.477420 10.523244 11.935848 21.040839 31.000753 31.586161 39.623672 68.105989 118.642569 61.979632 23.538876 24.950029 10.500121 20.356529 19.355217 19.233706 11.752018 6.949536 5.422512 12.583838 9.793057 13.419107 11.906531 9.854195 10.622972 9.513344 10.852630 10.013876 6.674512 12.778928 10.282921 7.889456 7.165295 6.073137 10.387280 17.635438 23.434940 21.004914 20.768479 10.109263 4.873583 3.022121 6.205312 7.499423 5.692666 4.013602 6.503601 10.915090 8.572991 5.892888 2.762185
5.273848 1.078349 141.0294 141.0294 292.1324 0.000000 1.802232 7.485979 3.803707 7.025344 9.950797 8.508268 5.052122 2.388321 4.907975 13.258777 13.151538 4.670912 2.354079 3.073687 2.540924 4.995088 1.853901 4.406206 9.779844 7.947416 4.731975 3.787471 11.466390 18.647779 11.331157 10.432608 34.949816 87.643220 55.043494 32.376641 15.447086 7.256029 4.169942 3.498896 7.945281 9.281911 3.617522 8.920255 10.142304 10.830298 6.494898 1.367917 4.992575 5.951088 1.841872 11.558891 12.810873 11.842506 16.495868 12.121149 19.320292 33.239994 27.975606 33.930114 61.995763 75.504500 79.957934 87.091972 37.303432 13.329615 21.172646 14.057085 13.262124 12.461692 16.500730 16.755017 8.962039 10.438221 14.161648 9.256686 3.462279 4.533531 5.106162 8.233396 12.358316 14.216317 12.689737 8.887121 7.516105 8.815162 12.440248 10.918754 12.434648 16.713636 15.045557 17.124547 21.031511 19.183096 8.898947 2.264542 4.480247 7.126152 6.362926 4.433496 5.982996 7.894516 11.254907 7.751177 6.403332
5.320015 1.078963 279.7737 142.4302 279.7737 0.000000 6.503942 9.556971 11.641301 13.015100 4.448957 4.784696 8.772735 5.001483 6.152933 12.986290 10.256745 11.793877 7.714175 4.882449 1.419839 3.978966 7.670311 10.221541 11.624655 9.570621 6.423417 5.056862 4.041010 6.436437 17.666946 29.094671 46.786053 71.232723 60.022648 31.367110 15.139441 7.091663 4.323656 3.599846 6.941317 9.521004 6.869397 4.433127 8.911991 6.783922 4.550850 6.881673 7.862003 8.050338 10.740442 12.008616 16.579894 23.049885 14.089779 9.247584 13.501305 24.993821 25.880095 51.375437 69.499042 90.546197 69.629043 54.471896 60.991075 37.649261 26.637006 18.504020 9.196151 9.949969 3.641157 25.368256 7.836806 9.371930 12.136182 17.283930 4.753888 5.540981 10.469671 4.449429 9.830217 8.551375 10.253434 8.679139 10.260696 9.749749 9.380178 18.275175 13.029739 9.406680 12.002198 16.310320 20.383186 20.519949 14.893489 9.571258 7.776007 5.538307 5.203534 4.119286 5.843833 7.097604 6.997846 10.979918 10.740031
5.363858 1.078351 282.2157 138.5423 282.2157 0.000000 5.213828 9.616472 7.717662 7.435652 11.462446 3.623012 6.038090 4.134947 7.502474 5.774385 11.845829 10.263168 6.528261 5.344880 2.493293 4.959939 7.582871 9.944887 6.370943 7.315586 8.718335 6.015926 10.619088 11.880974 15.894997 21.531394 39.190201 79.928637 47.142115 34.040596 15.472110 15.355291 9.554040 6.120591 6.779906 8.665220 11.260278 8.220128 10.915993 5.650232 3.223162 0.937159 6.089709 9.316894 2.463976 2.274228 4.832409 20.454009 16.927847 4.729480 11.888256 21.044279 29.367212 25.991544 40.158019 99.976895 98.702339 45.044999 31.464255 30.077168 26.561946 21.736979 9.871458 9.676810 13.484690 16.133854 14.095943 12.870442 12.581023 5.461587 11.496637 10.209891 13.856389 7.258999 9.022572 7.523504 3.394103 5.259450 10.014782 10.420117 6.483010 15.813501 14.495999 11.861816 7.181139 10.497739 19.727031 18.311322 18.412979 9.375057 7.602413 4.666692 7.113756 3.697794 4.087649 7.268065 5.149389 6.697315 8.305233
5.417124 1.086560 277.9740 136.4600 277.9740 0.000000 4.915915 10.355782 7.639283 9.281021 16.062183 6.758452 9.931756 4.328298 11.979948 11.638768 9.028065 6.504104 6.223636 6.900363 3.901890 8.351998 4.011946 4.914201 4.887506 8.047791 7.944326 2.260715 11.049590 10.166384 9.372812 31.615781 81.413847 62.852216 23.034585 5.018951 11.382081 11.901596 11.970782 13.775756 8.516917 7.292532 4.566616 3.305570 2.710910 5.405649 6.326781 4.137694 6.152816 4.212746 3.697350 8.406840 12.617616 20.609603 18.009889 15.892346 16.388323 21.738818 40.955044 53.220798 89.256868 91.214104 37.026002 32.409900 36.544558 34.564734 31.028017 7.936817 8.216257 8.528684 14.571524 19.690045 18.326336 15.264199 5.869494 8.105791 10.162673 12.558113 7.863246 9.844320 8.007154 9.609346 7.337268 6.251747 9.771716 5.668549 11.937287 14.544610 9.769456 8.985893 14.062149 19.106726 12.699944 17.309664 16.865147 12.908160 7.819694 4.775246 6.858492 9.390989 8.516918 1.482991 5.039356 2.208364 12.480985
5.468138 1.083706 274.4269 134.7187 274.4269 0.000000 4.046700 9.651085 12.346505 4.508507 8.348848 8.572785 7.409773 6.454131 4.082064 12.952888 5.224616 5.592411 3.265155 10.665252 4.108391 12.192741 7.365295 8.814890 12.223557 8.700362 8.170147 10.606536 15.332233 18.268883 19.956732 41.282886 85.667653 51.378365 14.008345 11.967425 5.072246 6.376015 2.940198 9.589151 7.885261 10.938619 6.382215 1.304924 6.455593 8.176931 6.315965 12.524290 9.333900 10.083615 10.797540 9.579784 11.055638 19.714593 13.523075 28.024679 25.217060 26.477980 51.351916 71.889536 122.519607 36.051351 18.209609 29.828564 16.173476 24.985679 11.213535 14.159044 13.038880 8.204516 18.314779 21.782816 22.319997 15.284639 6.591888 6.968912 8.845078 9.125860 14.912274 6.356054 14.994131 6.074011 5.508381 5.399537 9.565335 7.437924 2.875456 6.618455 7.808416 8.813755 6.553526 17.489976 27.789235 13.857827 8.200627 5.888003 5.041183 7.659244 5.381595 6.817832 2.924427 4.119416 6.572962 8.819507 7.027657
5.516268 1.079215 275.9046 137.9523 275.9046 0.000000 1.541830 10.383513 7.412467 2.916337 5.102051 10.672187 4.898732 5.768105 10.605654 8.737884 5.275214 10.650387 10.025008 4.271002 6.403224 8.524433 8.032889 5.768498 2.750188 2.788071 5.995024 9.572479 9.133005 4.961438 6.863324 15.930485 54.824570 67.333333 22.833384 14.748923 13.828952 8.779169 11.516985 9.178137 9.522168 7.814838 7.209592 6.555749 4.478094 11.310837 14.832333 7.097875 9.676965 3.429234 2.269784 7.584833 8.588302 2.719444 23.664775 4.348914 21.970510 16.527254 39.567733 73.954381 119.109598 85.090627 48.232161 29.127108 16.928659 13.957011 23.679006 18.143238 5.561759 1.356673 5.974979 10.724801 24.534831 22.322465 13.634164 8.887972 5.556275 7.731551 9.648253 14.256467 14.441208 10.224679 11.815034 8.629378 6.849724 11.598021 12.912813 8.206244 2.887932 4.407796 4.850868 5.090002 6.434206 13.458584 28.656725 14.478403 13.470628 6.918889 4.098716 9.966520 3.018447 11.177173 6.354058 2.329094 2.879228
5.563663 1.087871 268.3901 136.7270 268.3901 0.000000 3.195386 9.189179 4.166105 6.240505 7.987395 9.312000 2.072994 6.461858 8.932727 8.191843 4.034711 6.786128 15.010166 10.690258 5.380340 3.405739 3.318479 2.314940 1.758730 4.264086 9.927019 8.922382 7.380785 8.458957 10.042618 21.949275 70.116793 49.368665 17.447172 8.426476 8.038039 12.250158 13.700656 10.965177 7.643366 7.901761 10.131178 7.360682 8.720978 14.406303 9.816387 7.932222 7.702086 3.493111 7.176921 11.304196 12.492801 20.758038 22.793781 16.809656 18.436029 29.722547 72.098018 105.475991 91.722909 62.011416 23.221331 6.104362 20.347943 32.369735 24.726736 16.310689 9.169215 6.820239 7.150838 15.244256 27.906786 15.159763 5.303773 10.054222 4.601349 5.573646 8.289222 23.255790 8.973186 16.483460 9.901554 6.561576 13.450187 17.045879 7.780348 5.269786 4.559307 7.929538 1.591136 5.893641 6.419785 35.537759 10.028672 13.766692 8.623284 8.681937 13.021478 4.263040 10.120119 7.805447 7.370988 6.209788 5.821268
5.611701 1.089197 278.0925 141.6698 278.0925 0.000000 2.346667 7.422183 2.719247 3.127891 5.410468 7.503882 6.884994 10.546776 6.992580 2.051410 2.546860 5.869795 11.398993 13.003891 6.603286 3.490220 6.152216 7.120421 4.707129 5.656677 14.793390 6.329688 16.006619 9.729281 9.967990 14.567314 39.018124 67.747524 42.649055 12.077749 7.729024 8.752460 11.099711 13.330031 8.696823 5.898127 6.870280 8.650618 6.916212 7.580835 18.212344 9.694138 9.394606 6.881678 6.300289 9.025438 8.169847 6.779534 5.117482 11.937095 18.409848 16.042202 25.731242 27.376852 86.781246 114.936287 51.135446 39.323608 14.170649 17.700836 16.883439 17.564277 23.185245 15.137749 21.885522 8.351167 9.177898 6.887629 22.971815 23.522296 16.774092 10.429521 6.452686 7.217289 7.893918 16.811517 16.147904 9.304476 13.218332 10.478070 14.596190 10.724064 15.818260 13.720308 7.970097 6.411425 13.219717 3.900851 10.690789 16.372175 23.554577 12.981075 20.635650 14.329009 8.232461 6.185321 9.868376 9.097730 4.623009
5.658196 1.092673 277.6062 141.4220 277.6062 0.000000 7.167304 5.031050 4.951565 5.848912 3.055199 4.039174 2.510639 10.514000 10.311558 4.719020 5.129271 5.606903 6.386591 11.681461 10.078716 2.770251 6.575909 5.536941 8.131613 10.739556 13.899938 10.520573 12.784385 5.467207 9.302452 21.030081 46.848899 67.401466 31.712595 19.562189 14.973957 9.910951 10.084058 11.358888 10.620855 5.809253 2.743822 7.665818 10.239404 8.671530 10.208149 11.091401 11.128538 3.378585 13.945158 11.309040 7.107971 13.729307 8.899150 20.661684 16.807572 6.210849 7.139054 31.506597 117.222817 105.263115 33.511057 15.040962 7.439001 19.905560 21.852595 5.944478 16.936621 12.360005 18.956298 8.180945 12.212165 10.755387 10.107638 5.494085 3.927388 3.793061 8.399966 6.077627 12.050344 17.353573 16.788630 13.911102 10.365562 10.912069 12.006957 10.131129 13.074133 11.872157 3.723191 5.587014 6.432939 9.932466 5.936002 12.288350 11.451964 19.787680 27.202584 12.267513 6.121781 9.158765 11.803558 6.224024 3.436925
5.706269 1.080422 273.3531 139.2554 273.3531 0.000000 3.585203 8.311547 3.828056 7.649631 6.489815 6.145173 8.007740 13.315512 10.281969 11.191526 6.226801 5.011757 4.072801 7.380662 5.719457 3.540708 6.802261 8.107851 10.838524 11.057705 5.264160 4.725134 3.414016 5.597151 12.636651 20.447887 55.809936 63.299437 23.962171 14.232160 11.998608 14.507570 11.787690 16.667294 9.951107 1.114110 8.645409 7.331355 8.365156 7.744179 6.149417 4.312740 7.307460 8.250596 5.242310 7.357446 11.556696 7.431573 10.346347 14.487162 10.000872 13.883467 25.555748 88.088533 119.169004 34.007567 25.906317 3.874120 13.455078 26.326692 13.713037 10.195240 14.113685 13.651106 17.589290 5.489350 3.945610 3.625687 1.198882 6.516462 6.817429 3.687354 9.647391 16.615463 16.839657 20.816397 8.402303 2.415134 7.201992 7.574888 12.409721 12.018724 10.864250 8.077329 3.760070 5.884679 6.256011 7.162020 13.086411 12.432131 20.057505 31.273432 12.983143 3.266776 7.935154 10.988769 6.777168 5.955730 3.103823
5.753997 1.072849 272.9851 133.9172 272.9851 0.000000 1.750853 6.667280 6.732665 3.606316 2.531987 3.226067 9.796146 12.085915 8.814339 15.022898 11.253867 5.679100 7.430492 4.478287 2.698348 4.884044 5.748143 8.054267 11.259644 12.454480 12.491935 8.637038 4.988431 8.641029 16.756088 41.639947 63.801140 39.045324 6.825363 5.829548 6.031872 8.652282 7.310039 9.658514 9.119907 8.517345 15.682602 6.335781 3.536950 3.219441 4.283331 10.341451 12.051893 13.050007 7.958601 7.887754 8.349781 11.748468 12.418913 22.133485 32.102983 48.396703 61.830251 97.274334 92.575210 34.008066 27.494943 28.202385 21.647851 18.187233 6.417158 19.524786 20.194222 10.228517 22.735633 10.015904 8.887221 7.820374 8.367761 6.497583 19.261662 13.066193 11.404199 13.602977 14.554767 19.018604 14.876683 11.795726 14.603970 6.478089 14.952066 12.749499 10.076885 6.864770 5.831465 9.155405 13.767446 12.551643 15.040035 21.144754 24.155090 19.034326 6.549592 5.072349 4.928807 6.751244 4.695115 7.851409 6.601921
5.804116 1.071292 274.3000 137.1500 274.3000 0.000000 3.918777 3.140993 3.600492 3.226299 3.137928 1.675832 9.601397 12.951060 9.858925 10.082370 11.068265 8.321439 8.337507 9.686654 3.877636 6.703547 2.473524 4.483381 10.800608 7.353589 7.232725 10.747758 2.854983 6.796515 6.106396 20.557899 61.053120 49.906233 16.615482 7.408676 7.952469 7.060909 6.429725 12.361748 13.339451 16.617584 4.006029 14.533143 5.386291 2.575240 1.388727 1.831818 6.619007 4.830437 12.124389 13.626703 11.359520 10.947099 10.227790 11.340858 15.917419 15.048828 28.857136 92.704590 121.705373 66.263771 47.734344 20.223532 16.485905 3.132739 8.115989 24.431551 8.294114 17.304042 17.779460 12.278985 7.158206 4.131785 4.428398 7.460135 9.516630 9.081713 9.928235 9.587782 13.152035 8.113956 14.490109 5.800551 5.433433 5.239480 8.704673 10.760839 11.867072 16.883678 8.436763 7.309932 11.648416 7.107018 4.702960 7.232387 6.011995 14.142095 28.361461 24.796148 20.229773 3.378532 0.644421 7.378095 3.850952
5.848324 1.088736 273.1189 136.5595 273.1189 0.000000 5.110036 4.087507 5.988806 2.882877 3.848688 2.479350 10.262047 13.280236 9.703203 10.540323 12.465539 11.600998 9.746006 8.960967 9.032328 1.473184 3.775579 5.079831 9.843585 5.251120 4.738243 4.455858 6.209718 8.374779 2.654559 11.995013 66.872670 39.387666 15.375194 10.053747 10.243444 8.877681 7.294250 9.354733 9.252098 11.606325 13.676497 11.268308 1.893829 7.383202 9.914636 9.738596 12.034651 7.900309 13.789635 12.575119 9.164852 8.861369 12.201944 13.711509 14.545667 24.255451 37.896480 97.480461 122.323517 50.417884 16.666957 13.457789 2.169225 6.036510 18.323409 13.343653 9.320410 15.353690 17.044913 8.334505 4.345027 1.347335 6.001255 14.358922 11.383008 10.782314 13.333169 11.768000 7.924004 8.225814 7.381277 3.426661 7.401611 10.051881 15.526360 14.963203 15.764664 15.887968 6.131931 12.841815 10.032043 2.245831 6.924889 6.361124 6.253429 25.036404 24.514948 19.759539 17.897216 13.996250 10.204034 9.017072 10.321131
5.895263 1.098068 267.7203 133.8602 267.7203 0.000000 3.264738 2.995752 6.534252 1.394872 1.031168 7.183825 7.390092 7.747564 10.080233 5.831789 4.194639 13.374112 13.576811 9.863224 7.308935 5.659554 4.636024 6.630520 6.729233 5.315438 6.681373 5.705532 6.651430 8.623312 8.768297 34.278787 69.831339 15.546083 13.662745 5.426536 12.383185 8.044717 3.500287 15.117594 6.099356 8.492420 7.533378 4.684189 12.741705 12.615523 2.719334 6.277549 11.942243 13.886226 11.160990 5.049931 6.269823 5.845609 13.173636 12.877450 16.134238 40.299846 110.687828 117.492389 46.275519 15.431288 12.808184 5.826196 11.011676 17.746938 10.914305 7.450212 15.591827 12.458259 8.963706 13.357331 15.538040 11.104771 15.785547 7.182022 6.374732 7.011427 3.753477 7.892571 11.853196 3.101610 3.984634 12.231029 9.884377 5.115888 18.043521 15.504821 9.898070 9.921568 10.368223 4.880498 3.352037 6.140639 12.448846 18.375995 17.752619 15.022002 18.894966 22.538595 12.901357 4.895718 8.815004 8.825964 6.636236
5.943808 1.119918 265.2791 132.6396 265.2791 0.000000 6.038953 2.441302 8.250433 1.902878 1.659726 5.158040 7.864430 10.632903 9.145931 3.886563 2.647594 7.504244 11.040592 4.499525 10.055976 5.164500 5.708299 6.220764 6.885518 5.196732 8.060758 8.778736 10.067338 10.438841 15.065458 59.717353 52.113314 11.581382 12.890867 9.203610 10.241243 5.212961 7.092216 10.719129 6.202620 8.509590 7.971871 6.092460 10.371994 11.153106 5.494620 10.761610 9.010100 13.071628 7.545743 4.071450 5.084337 12.553448 1.309044 8.834729 29.002957 53.343026 163.610302 72.059972 33.897495 8.101189 9.022237 9.299113 14.281366 8.964165 7.775299 4.056486 2.938552 9.288184 6.196706 20.303236 15.926300 16.732889 13.126770 7.327398 3.467630 5.926789 7.669656 10.154462 7.175206 6.559564 9.247443 10.880898 9.340386 14.103688 15.762364 9.855808 11.288881 11.110236 6.318829 2.878924 3.244222 5.288160 9.827593 11.453669 10.380487 19.750025 26.252041 15.360104 3.953551 12.693607 11.585651 10.058244 7.162497
5.994080 1.124193 262.9990 131.4995 262.9990 0.000000 3.420777 4.633609 11.907452 3.827281 2.221081 2.947550 3.335939 5.010520 3.197454 7.072600 6.446624 10.885884 11.638438 9.279867 9.307150 9.273570 5.227654 7.795635 7.397028 8.130019 7.073893 5.372526 7.717943 9.879253 11.123471 74.168182 31.599480 12.538975 8.157381 8.122795 6.670414 6.975600 7.374228 9.220862 6.773690 7.279613 9.440004 7.418358 12.310265 11.196985 5.981390 11.337710 15.543892 9.121513 2.655186 1.335080 6.738304 9.295271 10.846224 19.788783 26.575824 100.152147 118.040325 31.543032 17.585527 9.304691 5.015008 5.740508 6.905655 11.176554 10.316606 12.500387 13.458040 11.131333 16.601861 18.103869 15.313655 10.368309 8.232136 7.292837 4.916363 11.359228 10.971496 3.324716 3.237519 6.467400 10.809554 10.507922 9.500560 16.737386 12.037039 3.975169 4.660769 4.726458 4.664869 1.669797 4.407342 8.732247 13.550551 9.662752 8.157970 9.049835 36.067629 14.736427 7.680761 5.671170 3.767769 14.045362 2.864086
6.043744 1.140600 264.2478 132.1239 264.2478 0.000000 6.678688 2.924497 8.039393 7.500282 6.028673 5.370702 3.274099 7.160098 1.112502 7.665915 5.380246 11.680286 9.322320 13.157224 7.398564 6.405538 6.215580 11.821249 10.967864 10.866656 13.621122 11.855201 6.894901 5.933813 4.583449 61.254944 44.375175 10.679567 9.270688 10.728797 11.111192 9.130376 7.412954 7.793573 8.542499 3.988738 0.957909 2.367142 8.562492 14.457406 12.692205 8.789749 7.079936 6.719925 7.512618 6.150335 7.645510 17.411541 17.020876 11.742774 12.578057 62.421860 154.670204 27.409652 8.006547 13.279241 22.217786 15.814523 8.156578 15.235055 9.141641 13.906941 20.936107 14.429729 19.086165 19.664198 20.011152 4.103082 4.404625 11.344444 7.420745 9.199745 12.031014 11.513097 10.661202 6.489200 4.499379 8.162535 4.744170 14.362154 14.003497 3.644570 0.491713 2.793952 3.924948 2.269565 4.112145 6.173174 6.813871 5.762818 10.752749 11.460023 22.775663 25.352201 13.093765 5.044734 4.431526 9.047946 6.834453
6.091847 1.144076 273.3318 136.6659 273.3318 0.000000 8.254992 3.410907 6.914061 7.413048 5.965462 8.696263 10.810479 9.719618 9.570621 9.451470 8.906200 8.125597 7.021708 8.810580 11.127011 7.087762 2.451160 5.756809 13.330183 8.958390 2.871830 5.551951 12.442261 5.658340 13.873448 14.283750 70.778438 45.762416 19.467589 12.679147 10.790294 9.503110 9.228348 12.487340 11.435599 13.535480 9.789040 3.920573 2.909133 9.631341 7.086423 6.685558 18.718956 5.674275 6.725332 14.261624 15.206265 17.984871 10.139496 10.405727 20.784645 36.945630 65.618871 111.707660 104.927691 40.742342 36.018779 12.145605 25.820372 7.034014 5.153200 12.088098 11.433958 9.491206 33.071366 14.147421 15.184043 12.965200 17.323653 14.939863 11.499386 8.133618 6.652401 9.944885 10.776982 7.043723 7.436484 10.246275 8.631375 5.859975 9.265923 5.788772 12.271144 7.657528 10.488356 9.888814 2.538673 3.115236 6.048318 10.419133 10.881173 7.632334 5.231368 7.374748 11.568958 18.307441 27.175411 25.598292 13.983532
6.139991 1.142936 262.3215 133.7326 262.3215 0.000000 5.954435 8.841028 6.145178 6.379904 13.854731 4.037133 6.570094 10.912745 10.945688 10.969912 7.297820 8.617335 9.612581 5.081175 6.043572 7.391835 3.707801 7.074243 9.129908 7.564802 6.127201 5.222877 13.794940 17.217151 22.694355 49.652369 58.701213 19.675381 13.256834 12.100737 20.603497 14.114941 11.031185 5.858713 10.468992 9.551725 10.690213 11.870327 8.358674 5.477611 13.731592 9.540751 15.006038 14.017508 19.950764 8.658476 15.900751 8.116225 8.693654 33.840741 54.803125 112.846395 110.067836 53.782692 27.736675 19.017665 22.009262 27.300607 18.229428 18.012940 23.531255 21.809670 17.651613 22.427462 13.923168 13.511191 11.005866 13.539368 10.446764 8.969274 12.395528 10.632286 10.606169 7.067393 6.145350 10.285690 7.134535 12.496863 4.801489 8.269672 2.056509 3.570994 9.836094 5.281794 8.451802 6.291452 4.066578 5.833897 5.850305 7.420027 9.678297 12.131031 8.807339 7.475048 24.413860 26.715474 6.027794 10.588204 23.367478
6.183743 1.151030 255.3403 125.1668 255.3403 0.000000 5.608582 11.523471 9.265991 2.793942 11.700660 2.333578 6.610533 21.703920 14.730240 16.792970 6.917843 2.645477 5.439492 1.937543 3.763315 4.564677 0.991668 8.541940 12.889931 12.782296 5.763822 6.926479 17.734971 15.774722 59.206698 52.899318 22.623850 19.286185 8.389954 15.483336 6.423332 17.257058 4.448983 13.725419 12.583744 13.739090 2.971496 3.209048 5.627408 17.734827 15.503517 10.828476 9.241106 3.244511 17.503881 12.033717 8.460766 20.167739 11.592932 19.555387 184.168871 24.870278 18.991343 28.285188 10.799252 22.668749 7.686400 22.623758 33.450103 29.258963 6.062236 26.006547 16.531411 9.331481 16.513661 14.725760 7.824350 8.332846 10.997387 18.090667 7.242408 5.749906 11.342047 16.418986 0.607493 7.785745 1.295403 11.092613 4.466173 2.903221 10.921572 2.581184 13.124560 4.726984 5.081570 6.077584 7.763824 2.283797 5.525576 6.700180 14.762958 13.168118 39.270346 13.424480 16.069160 23.161104 6.169000 12.663872 7.379465
6.233881 1.155212 262.1464 128.5032 262.1464 0.000000 6.159205 9.396693 7.103427 4.777123 6.938769 8.732789 13.030937 24.800974 13.673834 10.912865 9.600081 5.149999 2.845336 2.849864 4.619295 3.987964 1.679481 2.809857 6.075995 6.270338 7.437983 8.761263 6.118411 12.197284 34.090137 54.718698 45.416531 22.439889 13.429995 2.648546 7.097109 12.728959 8.096460 11.448370 15.760545 6.404873 16.990292 5.716244 6.009124 9.429113 11.623098 12.439845 14.773788 2.526182 4.624350 14.972390 9.943678 10.493433 19.138132 21.316925 19.642659 126.606996 90.848385 23.419548 21.890051 15.362281 10.598088 17.169834 14.045010 23.778843 37.795436 16.132408 9.785460 13.961520 7.275066 14.249380 12.901661 14.741928 13.956791 7.618197 13.830664 10.451192 11.942811 3.178113 6.539125 10.724753 9.084370 7.066399 5.265713 9.532519 7.898355 5.229747 5.748353 8.092309 8.297430 7.926360 7.237757 5.144659 6.544264 8.509367 6.496501 9.140657 10.677909 6.479264 19.061197 26.125896 24.820941 28.407509 20.516485
6.283786 1.160589 259.0707 126.9954 259.0707 0.000000 9.281810 4.511081 2.341310 4.857346 0.754708 19.746773 16.718866 18.092377 7.193327 4.513222 12.676648 7.870973 3.960120 6.103205 9.752622 11.198808 7.634926 3.916339 2.372010 10.179780 5.695637 1.555302 10.460614 20.769330 45.060905 54.124737 24.201378 3.192513 3.466832 4.185092 6.808391 8.733908 9.225257 9.295883 13.263520 15.490204 11.788512 8.940894 7.335896 10.526389 11.701998 12.134302 9.857344 5.057265 10.917001 14.852708 17.563453 19.567317 37.670252 37.889188 62.492235 144.902658 35.350026 13.207972 12.599283 17.747524 20.706740 43.054053 27.901094 40.088466 13.400143 7.949993 12.458823 8.415654 4.859152 8.593505 16.274799 18.923114 7.536504 19.938768 19.537293 7.383929 5.267950 4.461577 14.395148 9.581584 10.601661 3.498827 5.650293 10.716309 9.220634 10.167928 9.615448 5.763135 6.745413 7.522521 2.665341 7.684515 6.352588 4.326737 11.988666 10.504290 7.548578 21.770266 16.521628 28.709049 25.049893 10.848572 5.690202
6.333944 1.154342 267.7358 131.2431 267.7358 0.000000 2.169219 5.537680 6.989664 8.383917 4.673442 16.180953 14.977181 13.123137 12.220320 7.949457 8.938487 9.174580 3.714974 3.591005 5.790980 5.929486 5.616030 5.538552 10.708825 12.711500 12.450498 7.016695 10.117911 9.244014 12.425815 55.331960 43.727015 18.286721 7.756318 5.032887 9.684337 11.378887 6.486180 7.212799 7.850504 3.551908 7.849955 7.017429 15.010704 4.842807 10.362507 12.810081 9.193514 15.569589 16.851241 16.214100 11.805510 18.391241 19.237807 18.687745 53.613321 92.310325 108.951825 91.926545 52.691275 30.646084 37.630989 42.861972 25.354364 15.104433 28.016770 26.368802 10.911188 11.783409 8.208380 12.984104 9.864754 11.245803 6.492412 3.577697 9.226531 11.939032 18.471890 15.350711 9.706345 10.948912 13.435572 10.722609 6.249408 11.897355 8.338145 3.352787 14.382007 9.152077 2.042317 3.812657 6.026930 2.760657 9.778391 6.124555 8.227624 6.691259 3.273703 11.659417 8.438813 4.117828 13.527791 21.179524 27.544376
6.379999 1.157402 262.1110 131.0555 262.1110 0.000000 5.448055 5.041923 5.111782 11.526272 8.702518 16.242711 12.791840 8.181062 4.035507 6.438398 7.350472 7.171263 8.474697 4.883166 5.755977 9.775388 6.831516 7.863067 12.000990 6.137691 10.587142 11.818683 14.022791 7.628750 4.095261 55.801832 25.107343 15.803488 12.543096 5.341980 11.633030 16.619190 15.824075 9.299211 2.821991 4.352418 7.414943 13.254307 9.804534 4.591715 8.175581 2.354934 6.683064 12.191097 12.339135 18.574406 18.689618 6.811266 12.667973 23.355079 25.762981 128.946320 85.452148 26.794268 25.511201 24.549021 40.765356 41.179526 18.315426 22.653925 19.443927 14.832157 16.084477 14.926954 11.531626 4.703419 9.256349 14.979747 5.927523 3.473740 10.828051 15.687804 18.943475 13.647359 13.627309 10.202492 6.576904 8.864782 9.860408 12.333320 14.924822 9.384873 12.207588 12.064915 3.767970 5.434389 7.259685 5.647245 9.180595 4.120825 8.047033 7.584559 3.664221 15.460009 9.832235 4.346207 9.442126 21.920674 31.028343
6.423784 1.163694 256.0093 128.0047 256.0093 0.000000 1.344355 8.326204 3.846667 10.720498 13.344732 10.467877 8.507538 2.787564 3.000227 10.014713 4.008319 3.909881 8.695933 7.733573 10.004493 6.358047 4.096478 10.595439 12.210753 8.077189 11.178401 15.148768 12.412620 11.212352 38.567911 44.848340 5.904191 4.070340 4.179242 6.499337 13.926852 6.430180 9.558917 9.359033 7.365071 5.382357 8.881086 6.650760 5.660969 9.655717 5.097484 4.459128 3.767729 6.403096 17.135272 21.919027 19.239144 8.407281 13.595519 12.022022 170.347225 47.257238 12.790252 13.139346 31.369121 49.542219 29.727977 16.019195 6.761273 6.018070 5.820852 7.613852 9.957759 8.115337 6.438901 7.471217 8.333184 6.600327 7.322916 6.844705 9.333611 13.807557 9.726372 14.352890 5.717354 7.354901 14.093651 7.374405 13.082953 10.485202 12.679136 11.015352 4.433576 5.019183 6.950073 3.094831 10.600763 4.048498 9.146786 3.503881 6.343719 10.724227 14.732750 15.202161 12.661070 20.147896 31.881715 29.993613 18.384142
6.473961 1.164095 256.6070 128.3035 256.6070 0.000000 3.511073 11.448014 2.593960 10.144851 11.064608 8.779214 5.977654 3.446158 5.865526 9.324314 6.731854 3.973362 7.497944 10.968944 8.347724 8.356007 11.841763 11.162362 9.759084 7.195825 8.909052 12.597597 10.453131 9.500080 30.456776 45.946215 12.823028 12.727127 13.612412 9.663693 11.944981 7.071398 10.367137 5.376407 7.188188 5.301144 9.445099 5.647083 3.229921 9.175723 5.270860 2.946326 4.583771 9.586855 10.599402 18.216632 28.737200 24.716776 27.367499 17.429413 143.796256 72.519187 22.963728 28.974759 42.215400 46.465071 29.213885 10.406271 4.035800 4.680197 4.988300 10.714618 11.378912 2.555362 1.449648 2.580728 9.097418 13.435033 10.559768 13.468451 12.608198 16.944216 11.222000 10.421508 9.564244 5.891385 13.716203 10.915232 7.943773 6.145054 12.906085 2.943686 13.326837 9.825512 6.881632 4.465806 3.498693 5.216573 8.761807 5.146311 3.325450 3.843592 16.341401 11.588017 11.914774 10.485862 21.533739 35.093844 33.832225
6.527051 1.191692 248.6518 124.3259 248.6518 0.000000 3.828805 1.390943 10.653726 7.030383 7.424149 2.604345 8.174887 2.001723 4.409745 7.483782 10.028051 5.249388 8.462252 11.248499 5.940718 6.653605 7.855778 4.671444 10.138663 12.581148 11.141702 17.078275 9.777160 15.553533 54.936456 7.272590 17.616196 18.619771 7.908730 11.875118 7.114189 10.962657 9.035044 7.495579 4.399327 12.150111 6.450140 3.535123 4.897183 10.510857 10.612924 11.871714 13.465183 11.658265 12.949078 23.219950 33.785894 22.483807 72.508136 136.398410 18.823155 43.434698 41.220694 25.143324 27.289977 8.935327 13.861333 10.422022 8.347442 9.098752 6.719672 3.037920 2.308188 4.033434 9.087354 10.570927 13.246218 15.841785 16.687400 16.126740 14.894830 10.685002 6.192540 12.219695 11.661233 8.366768 10.814479 12.311682 10.495815 9.530577 7.034702 5.947285 4.234682 1.150702 5.989087 7.634240 9.658205 10.845622 6.991669 14.559956 13.776873 8.728490 15.602970 16.983877 20.107784 35.995533 27.233224 15.406112 14.497369
6.574254 1.196297 251.8313 125.9156 251.8313 0.000000 2.264256 1.527916 7.855196 2.838917 10.580622 9.020127 6.199688 5.334318 4.123624 5.764100 12.785709 7.599462 5.241749 4.792727 6.870878 6.960173 13.187801 6.529965 5.568484 17.632246 5.619721 9.023402 11.494930 6.672681 55.212161 21.873602 23.230706 20.082779 10.409943 2.096010 11.149858 8.088687 4.117042 9.714200 15.808004 9.081485 11.823056 10.464933 7.316978 6.857698 11.997485 13.772028 11.390286 21.119666 20.740290 26.323668 34.067834 44.305512 56.423097 140.997320 74.494729 46.671660 49.437880 24.353946 19.441422 19.211280 13.647112 14.013124 8.797776 6.964261 6.899530 3.935332 3.950955 3.841751 6.544838 5.270467 12.506031 14.581691 15.260425 19.694533 16.586162 11.470159 5.961647 4.614863 11.748856 9.278443 4.846273 6.079580 8.616351 10.647213 12.472330 9.458792 5.221149 7.921130 7.690978 9.099452 8.872128 5.995484 7.107893 5.675486 9.308802 11.552682 8.887404 20.104450 23.691785 21.436962 41.160454 40.583279 20.300470
6.621747 1.189969 252.0670 252.0670 498.9897 0.000000 8.467544 8.026797 5.659929 7.896457 11.042989 15.968577 9.387565 7.856029 8.224521 4.158140 7.655794 5.548429 8.387015 8.819054 8.446642 10.618691 7.562394 8.676261 11.585586 13.941940 12.463368 11.450743 19.144119 21.823754 35.733060 33.571661 16.464465 12.618862 16.990653 10.474975 9.191272 2.689731 6.539415 7.185111 5.402354 8.464984 1.254185 8.766043 2.398170 6.758322 14.020984 10.446035 12.029502 12.372453 10.039539 6.965185 22.563222 24.912753 82.887202 125.990656 117.068434 63.345542 28.773142 30.660202 32.743348 17.592481 6.824376 10.328923 9.962504 7.131605 5.803314 7.204576 10.134550 5.439924 4.349945 4.033139 7.575746 5.842564 17.166300 16.291589 9.633301 12.669767 17.202082 13.952222 6.255894 8.898442 14.810108 5.472012 9.083868 5.236784 6.533353 3.985388 16.324084 6.958748 9.048271 10.116384 7.167017 9.173078 10.698836 7.911392 6.513306 6.894413 10.338496 14.755867 13.107202 19.104698 26.021920 24.241173 43.415397
6.668542 1.181165 251.9851 125.9925 251.9851 0.000000 8.326475 2.871716 10.689126 9.773893 6.440807 14.933215 18.032641 14.000547 6.512397 2.184260 4.399805 8.010531 7.253878 5.928891 8.409538 9.670648 13.224275 10.731938 5.904563 9.977950 16.190403 13.825459 9.364038 19.076577 51.352291 29.209375 10.226906 6.016366 15.918936 16.413697 12.850620 8.540462 7.062084 7.858164 7.892292 10.645656 7.468345 8.080819 6.433685 2.326593 10.866407 11.766196 16.671709 2.428280 19.874502 8.383008 16.793422 30.170731 74.174700 108.748035 101.804972 74.869655 59.572891 45.018749 31.238518 35.283989 36.494009 20.254308 12.550993 11.165135 11.584189 14.462675 7.624589 16.532577 11.010242 12.657708 12.238184 9.931495 16.071468 8.696512 6.883255 5.714166 7.308445 13.914913 15.701377 10.098931 8.451722 10.897971 8.538819 9.465563 12.737919 2.130393 3.508177 9.626159 11.789364 4.453586 7.425962 6.282786 5.628124 3.121262 15.818815 9.365611 7.160044 6.797601 12.342961 15.002350 9.544704 17.801331 37.821475
6.717538 1.193915 248.8049 248.8049 264.3552 0.000000 14.824603 5.545868 7.270354 10.016068 10.765844 15.382522 19.906745 12.296385 7.235480 5.207899 3.961095 7.638352 11.210947 9.912189 11.357075 9.837137 4.677013 4.972085 3.924811 4.247906 5.032853 8.581678 11.049418 26.355759 48.983085 11.216516 11.740296 10.776467 22.416728 12.447861 12.317788 10.033576 12.362752 7.693153 5.563316 3.580003 5.822942 3.527258 3.943673 7.088293 12.381605 12.487550 7.150211 6.962099 15.592405 17.553232 18.127420 46.313997 97.090247 110.564324 46.578611 76.835205 67.459565 54.084932 28.917630 30.422551 13.488324 16.926198 16.986927 11.658356 19.316964 19.262211 6.929625 10.191263 15.883510 9.080956 11.236784 9.878089 6.969416 7.451105 10.150232 8.057718 10.460942 14.044990 8.166704 7.937044 13.687301 11.633010 14.611945 18.771284 5.431214 3.379528 7.722470 5.648601 5.990567 8.580633 12.106766 8.073373 7.970459 12.744258 11.082573 6.214041 7.592245 10.455794 14.894523 10.495409 22.469719 39.442637 35.469957
6.764048 1.204453 255.3755 240.0530 255.3755 0.000000 15.121309 6.382921 5.169168 12.971926 4.778594 13.138831 19.621770 12.307123 8.923673 12.015583 7.144321 8.177509 4.718414 9.161582 7.579127 8.575060 6.722047 3.068851 7.651842 6.012910 8.976100 10.807361 21.768790 33.233725 30.334162 28.509727 24.000070 15.322190 9.199133 5.619322 8.060615 9.056238 10.153234 7.197559 7.343526 6.558153 6.593663 3.170305 7.896479 12.998945 9.318255 8.193520 11.279184 13.824758 4.972815 23.019722 37.669632 57.412083 116.604524 26.803216 131.085225 83.208387 56.782625 21.751109 30.268896 15.549401 4.083483 6.853429 9.349890 5.325132 9.429145 6.156222 8.701732 6.671257 7.981692 14.884241 12.342306 9.767863 8.652577 11.741646 8.460607 7.325448 8.428911 5.733768 7.483541 14.810745 15.929101 13.886436 16.002988 13.456506 10.449908 9.359022 7.523517 9.088644 4.565660 4.477614 5.125000 10.023566 13.509064 10.785768 4.423496 13.030387 12.326529 7.301218 23.707458 26.777316 31.666447 20.481816 16.725227
6.814079 1.237564 253.8799 126.9399 253.8799 0.000000 5.768941 13.780964 5.906476 17.034349 8.511510 8.877792 7.924756 2.737211 6.327203 10.660235 2.949146 9.510426 5.324961 7.896509 8.012637 9.466469 5.033643 8.075905 5.106715 6.880067 13.239877 11.018526 13.177127 8.732330 36.267129 24.178942 21.117938 19.816632 12.558272 10.311046 10.192689 7.576041 4.935501 8.885261 11.148202 8.554213 9.310900 8.326300 7.271793 9.707094 11.773481 17.024509 20.622494 24.990462 28.556527 36.739393 26.603985 35.315477 60.260583 50.069865 133.317925 52.140430 85.616240 39.327316 8.513371 10.118184 2.345307 3.631515 8.272818 4.776942 16.190266 4.560313 11.264072 4.048330 12.304019 12.049441 6.969491 13.632900 14.296313 7.190447 8.733490 2.218703 4.927542 10.183714 12.581639 22.741215 9.688315 24.029695 9.518330 3.825001 3.257134 5.579035 1.866479 5.200387 1.874096 4.001874 8.614315 6.886045 7.062063 6.106485 9.343634 9.342481 6.336060 12.955958 11.646062 23.827195 30.347765 17.152322 25.174950
6.863734 1.264521 249.5719 124.7860 249.5719 0.000000 10.679897 6.286810 13.387079 8.262777 7.335816 6.670767 5.613796 6.005063 12.640325 5.432061 7.004849 8.198830 7.096607 6.269026 10.637485 12.592436 7.013012 6.284715 3.613725 8.567339 5.230552 5.110527 6.466265 11.657816 54.935027 9.063763 20.532018 20.748840 14.495810 3.200023 7.164405 12.013697 8.430901 8.862919 12.744467 6.892104 16.148658 4.034630 3.182254 4.019835 10.906560 15.268098 10.049394 16.884614 23.019127 27.144321 46.490439 29.798322 96.582042 158.961150 82.270573 78.637627 50.175878 8.233497 9.168879 9.755807 11.821008 13.518017 9.488125 15.710262 3.365097 6.978378 7.111982 12.424577 22.727985 10.484277 15.029554 13.953334 4.384041 7.253442 5.791805 5.197246 6.339637 16.723692 16.562554 9.401477 17.758011 10.763128 9.083526 2.386300 6.649690 8.977608 8.710605 3.535648 8.911161 9.867957 5.128398 5.223594 4.876066 5.107227 9.759577 7.480784 18.692022 15.000307 21.060460 20.249091 25.303541 32.228367 25.904178
6.913879 1.255699 244.4331 244.4331 264.3868 0.000000 7.389873 6.344748 16.209097 7.111148 10.789552 7.335487 5.051822 4.460189 14.250581 2.743342 7.325186 7.093738 9.429565 3.889537 8.388057 13.851009 5.160285 12.771385 9.288966 10.056198 2.121445 6.544621 13.800213 21.665343 46.844228 3.315799 16.426861 21.002522 9.128138 6.096199 11.515796 13.902904 7.243511 7.678104 10.316481 6.057536 9.553569 13.001920 17.376573 11.117202 10.821807 6.877922 21.767693 35.648483 37.005238 32.563094 16.004187 80.214780 164.942553 59.291019 15.760605 34.537832 79.463105 15.073104 7.121786 13.199821 9.083833 18.689182 8.933683 5.942826 8.832037 9.042232 14.502866 8.158662 16.313330 8.366084 12.491381 8.080278 9.851283 14.856649 9.911652 3.688767 7.474487 15.704663 10.393428 7.537079 14.171875 14.115616 9.839234 7.503165 3.589609 6.278554 6.615601 11.255830 3.804778 4.367701 10.356460 6.969361 5.650954 3.734639 4.616320 11.552202 20.678023 16.436905 16.519171 16.623293 31.967696 36.987957 25.743642
6.963778 1.267270 243.7257 243.7257 263.6217 0.000000 6.093302 3.408079 9.334212 8.099589 9.820166 9.336158 4.703671 3.425376 12.169028 8.815348 8.106600 9.968943 5.267318 5.028032 12.560746 6.074009 8.147880 4.658477 10.808035 9.286205 4.686229 4.820601 11.710898 36.215955 35.113817 16.513923 11.729291 16.797744 15.466253 6.222425 10.317654 9.852749 7.960349 7.880042 10.669885 7.493115 5.729736 19.398065 12.830248 3.591930 4.311955 4.207024 13.598721 28.114225 37.344135 29.287852 31.010919 101.855255 156.206417 33.128888 20.383291 38.561089 55.816263 29.913502 20.141066 12.787268 9.005065 12.034932 5.484556 9.028217 8.205210 5.335878 12.732524 12.125264 12.331796 15.746125 7.223647 10.365895 13.790728 5.647244 5.478702 7.118167 8.927709 11.993314 12.137055 14.037656 20.986668 14.461369 6.763079 7.634504 7.826696 5.223725 5.286874 6.382593 3.414737 10.591191 13.789174 7.098468 4.010851 2.201336 2.796387 12.509499 19.659917 19.930373 13.980386 20.221938 42.829644 31.374239 9.601317
7.012423 1.258743 246.3644 246.3644 492.7288 0.000000 2.870822 2.064378 4.603838 12.324190 9.691765 10.983025 1.215747 1.924190 11.372896 12.598931 3.384846 2.087347 10.828136 3.623736 12.933013 6.597108 10.340097 6.062609 8.642298 10.216731 7.723609 9.658994 6.671718 29.285805 33.280704 19.571544 12.798422 5.874578 8.218237 7.044415 7.515466 15.582458 10.852374 13.263765 10.423005 14.775523 12.680427 10.228396 17.960283 10.277192 10.084047 11.962015 13.820640 34.398917 13.320674 11.496559 22.135791 39.166365 180.409268 68.839910 23.363881 17.568277 27.167780 47.885153 25.793100 17.836441 14.164493 13.306146 10.369388 4.763410 5.872038 8.580093 7.810693 18.917864 12.751220 11.322361 7.528432 6.897461 15.475997 13.108876 14.238281 12.711511 21.000187 12.481116 8.172747 10.799672 7.042937 5.704068 9.835884 5.983943 6.232978 8.877127 8.865207 9.006051 6.486243 6.716486 9.777285 9.732015 9.349807 8.123377 8.690589 7.776751 17.783338 13.122174 5.330919 9.589481 18.811744 40.954406 31.827267
7.063162 1.281438 248.7446 248.7446 771.6158 0.000000 3.151175 1.587541 3.332606 7.759709 5.937854 20.311976 11.084381 5.929074 8.095526 15.546378 4.082960 1.282101 7.773743 7.161013 6.766976 7.600303 8.006801 3.291581 4.556556 12.049803 9.375176 4.991783 8.489760 20.214483 27.035745 17.577130 16.862839 15.215436 11.412512 10.631187 11.172350 9.489922 5.954760 7.800964 11.460030 10.536057 14.073890 16.731072 17.068126 13.838383 8.559416 10.595145 13.626692 25.851337 19.167981 10.406224 34.368228 78.559438 128.287712 146.692306 53.114931 37.308095 29.842868 19.368315 26.508453 47.547241 12.999340 9.394546 10.118685 18.984980 7.516042 9.786635 11.155476 15.374565 7.920187 7.970196 6.521767 5.724181 5.890217 22.978887 4.512084 8.055149 18.614075 30.667997 10.013121 2.591382 16.433442 9.920555 12.004948 16.390565 13.003662 3.393268 7.845971 11.259132 4.703631 4.911180 8.508571 12.627576 13.200729 11.471783 10.250300 3.686264 10.433226 17.894783 10.267194 6.778526 23.186410 42.461702 35.810932
7.112163 1.301074 244.4369 244.4369 483.8853 0.000000 6.687240 3.285853 2.403519 4.510480 2.274245 16.865422 7.172490 14.056121 4.847414 4.904993 9.478730 1.603500 5.566403 1.490274 4.078878 8.425388 10.434086 5.064488 7.346320 11.041954 9.296778 4.930444 13.207669 27.168054 13.252464 10.202622 8.582673 15.194871 5.540852 5.068940 20.430403 14.232790 14.520980 13.326389 8.043750 10.943294 8.500487 10.454914 13.794296 10.681856 9.799213 13.842661 9.956364 10.425930 14.769897 21.010595 37.998036 150.490155 148.888471 94.679783 38.309842 26.582159 22.272890 34.371507 37.076519 22.946787 12.026625 5.123484 11.883976 3.324469 2.996811 2.696419 4.590217 5.988891 10.862284 6.560310 6.747486 11.234607 18.271758 14.314716 17.612314 18.212326 29.224331 10.863327 8.023513 14.726337 7.048413 10.408132 10.743146 15.314844 8.897906 14.684591 17.970190 7.173757 5.185931 4.431758 3.545376 3.630339 6.041766 12.431750 8.142851 7.128298 5.993416 4.381837 12.411991 30.177565 40.513301 12.457886 13.202265
7.160165 1.303717 239.3282 239.3282 483.6424 0.000000 6.050285 6.338828 2.421221 8.260484 4.109094 15.058891 7.730805 15.607166 7.048323 5.171170 10.137489 1.696179 3.849563 3.606317 2.672785 4.356921 8.627600 0.694854 5.484221 13.720252 13.789990 8.730077 7.423727 30.774302 5.722144 9.255892 10.678517 13.143235 2.975098 9.466863 16.659801 10.792908 7.217584 3.795954 9.278101 4.956555 3.895645 7.942290 25.995705 18.915050 8.118915 20.950886 16.180795 13.207687 20.397574 36.300294 88.092702 162.459129 129.645285 44.443889 29.205654 23.010951 12.651331 13.170661 35.448941 37.934627 15.737627 10.770614 17.516721 14.657035 11.386276 12.655991 12.373899 8.866594 6.537485 16.237027 8.148238 8.792269 8.433813 11.455460 8.968775 22.459572 24.568539 7.691861 19.557404 15.716697 16.083873 15.455208 16.429391 11.496846 13.935446 8.940897 13.216361 12.468317 4.394681 3.815145 6.843695 10.623520 8.080981 4.948111 3.364716 3.031530 2.625229 6.743225 13.844809 32.665437 42.292883 12.706580 11.000459
7.212271 1.323433 239.0950 239.0950 767.0964 0.000000 3.583468 7.192062 3.536237 8.145314 3.810018 11.085271 3.876554 11.269150 10.821733 6.278920 8.876847 4.436033 1.674653 1.623121 3.076037 3.945190 5.693223 6.813740 7.763201 11.117385 13.129514 5.784373 10.745603 31.702864 12.731286 7.079123 13.450490 7.509843 15.988962 14.732979 16.400130 15.571889 11.261924 14.403910 13.368533 4.376389 9.192768 12.697457 18.227543 21.119135 11.565103 9.017952 20.793205 16.320953 26.048111 51.573979 102.177341 162.363215 128.662675 35.849501 18.501214 22.167534 20.953976 20.913340 23.209214 30.127856 31.193523 23.308074 3.858697 5.639421 2.534123 3.830654 4.952502 5.404699 7.707918 15.399459 10.915196 7.203053 8.437408 12.701758 7.463604 11.698559 19.622311 13.221917 13.612332 21.005450 14.464173 7.446601 10.243120 11.679013 13.569370 10.846687 12.194034 12.385229 8.450479 3.572110 5.042239 8.659230 6.600627 5.554892 5.022917 2.673899 6.186843 13.014364 16.143757 34.001061 37.415977 11.603039 5.534404
7.260557 1.330967 239.4758 239.4758 768.3183 0.000000 7.321408 9.408069 1.508255 8.960925 2.650640 9.073767 6.713839 8.652359 6.692271 6.333243 13.140483 8.930224 5.162765 5.020258 5.592669 4.166197 2.176489 2.690248 7.352374 13.215880 2.723197 15.886322 16.718304 36.954066 11.211427 9.161029 15.361694 10.891857 18.471454 21.835991 5.096695 7.754873 14.494802 2.876208 6.929655 10.019395 9.294434 11.382633 9.388533 22.844652 19.858596 18.327840 15.891271 11.155899 12.602926 36.922048 105.043434 200.410610 74.750680 18.809926 20.087703 17.950210 8.427784 5.997466 10.574300 23.931667 26.259985 29.598317 7.056830 14.909102 7.822553 7.165691 2.933117 4.498390 10.584987 18.245067 9.548894 10.331876 11.742235 10.542259 7.660315 12.853508 12.060496 8.288891 7.183422 18.263577 11.297692 13.628591 7.339783 2.275762 9.753494 17.041480 16.131632 14.089939 9.202330 8.302438 4.961148 8.521455 11.288293 3.339943 3.563975 6.082929 10.807561 18.279087 27.720708 35.909085 25.156256 10.532687 12.231882
7.311772 1.326447 240.0219 240.0219 770.0704 0.000000 4.172084 6.198900 2.462752 1.436178 6.701498 13.336203 7.032608 7.340581 7.639132 8.774303 11.171537 4.192448 1.159879 4.011450 4.547089 3.099134 3.041125 5.917293 7.191067 10.862488 4.318729 9.668716 7.070494 48.781802 7.378265 7.735685 7.715130 24.232675 1.864059 31.541901 1.652919 4.611952 8.022118 7.136338 7.789181 16.239189 2.400889 13.574160 9.522484 3.684817 4.965007 17.890720 15.946720 11.513276 21.004510 8.935211 86.102218 223.567887 60.326693 16.867683 16.519361 3.266126 9.845487 10.253614 12.012713 13.390089 22.762424 28.381552 11.041671 23.323013 3.617641 9.825634 2.899790 5.195655 9.071398 18.414088 8.174900 12.125112 11.930309 9.841770 5.733210 11.875987 9.421657 1.934633 9.774287 25.709215 7.489380 19.758807 3.571364 3.625438 5.589735 12.935164 6.504333 6.373519 8.299213 12.693470 7.128116 3.496167 8.918763 5.047935 1.771243 8.261693 4.213255 11.962316 32.858998 43.494736 29.442127 2.591074 11.886038
7.359990 1.344961 238.8199 238.8199 766.2138 0.000000 4.084314 2.548441 6.007338 3.474858 7.855305 6.359672 6.884511 1.703060 2.037555 6.049135 12.016019 7.261560 5.801674 7.983982 4.691007 1.774336 4.940642 3.131833 6.148884 3.600899 5.552609 7.464753 17.341519 44.539752 13.099807 12.414292 13.116654 27.989014 14.650082 20.810612 14.004544 6.804053 9.549741 9.897085 4.933452 13.232518 9.787335 6.558972 4.948707 4.859538 12.910091 15.786717 24.466885 16.924231 27.919657 88.210388 155.588235 142.009585 53.778998 51.769953 20.959454 15.914434 19.882006 17.977971 8.639335 11.756450 25.733281 21.825515 23.467326 23.429959 14.661904 10.169404 10.907359 9.482097 8.856324 8.181515 6.405662 11.008061 12.149165 8.770223 8.960761 11.294459 9.681778 10.614290 18.968867 18.134749 18.220686 16.143256 4.312073 4.416814 6.529080 10.613522 7.570015 5.863801 5.023878 9.230596 7.997645 4.171491 8.152613 5.779338 5.243733 11.966235 17.634977 40.610024 35.421166 14.789541 12.865646 9.141773 3.783916
7.411099 1.357216 232.8385 232.8385 762.9177 0.000000 7.179872 5.181775 9.915732 2.949800 8.995322 5.249360 5.029638 1.463005 1.286067 3.226974 7.344813 14.644591 5.873059 6.488156 4.499409 3.030546 5.446474 5.909163 8.822994 6.481269 5.512921 3.411785 19.605699 37.488085 11.023183 11.181070 6.248654 17.170214 18.556533 19.179344 25.283102 6.123224 6.707960 5.668246 12.808523 15.558635 15.079660 15.853983 11.735772 14.973853 19.390464 29.201557 34.213881 39.139812 50.508752 118.225873 165.011746 103.790326 46.099081 19.327316 12.551879 11.726507 13.974599 9.963188 7.729377 6.560466 3.192852 15.718253 26.846981 26.189156 16.599139 10.515490 13.236093 8.785435 10.241909 5.711130 8.074702 9.918197 4.706136 11.809151 5.431980 5.367181 2.601443 6.700042 21.706848 10.466434 23.174787 9.540183 4.837634 1.933870 11.222157 8.088271 5.864181 8.334794 4.094070 6.929505 7.995110 5.921011 6.494893 9.142553 9.495959 8.164621 25.131923 56.230922 20.320341 2.242757 9.832648 10.096395 5.813186
7.460931 1.359163 234.2073 234.2073 772.3858 0.000000 7.111766 3.420544 4.405386 10.402760 4.703500 4.913935 7.905175 2.006911 1.872730 1.842119 3.445293 10.050350 13.803710 6.426827 7.853210 2.765092 6.678466 5.546487 8.232748 6.213993 3.890613 12.339354 21.292184 33.154532 9.055501 4.985984 9.824376 11.499309 15.922319 16.607124 27.744805 13.126278 12.419325 8.681463 9.529698 4.618980 11.289705 7.780844 12.346748 16.188927 9.803151 17.668305 26.551164 17.581506 25.536691 94.323177 204.705589 73.094452 24.102152 30.940792 26.223905 15.297435 7.577139 6.995611 14.370110 10.751817 2.375930 8.407802 19.192970 32.653052 12.878530 3.670852 3.646818 10.062804 10.642180 6.020259 8.828532 6.502705 9.667019 7.969229 10.435320 5.490762 8.649241 5.992900 9.060541 16.950510 25.648720 26.595172 11.719502 6.097586 5.869154 7.471858 9.736432 13.465843 7.145926 4.965721 3.845607 6.272797 9.362229 9.038873 9.443326 8.757271 25.513517 44.384342 30.131982 12.287365 9.632009 7.010078 4.130743
7.505011 1.365387 234.1649 234.1649 772.2459 0.000000 7.871051 2.990958 3.671770 9.234483 2.947822 7.585244 6.630422 5.553522 4.718024 6.850489 1.375868 8.520970 9.285716 11.842711 9.469152 9.634763 15.981905 6.277187 7.342882 7.002340 11.514907 7.023229 23.525187 22.425237 5.140875 6.886139 2.244981 5.680478 10.109927 31.080562 19.835388 7.800135 10.047197 6.332653 8.031262 3.216384 11.192438 7.125517 5.070884 9.585038 13.510563 7.016645 11.970792 10.070852 30.765481 92.882157 210.723229 53.382298 18.815105 9.735642 11.964759 6.506989 5.069784 10.215503 9.886096 8.532298 15.164142 14.605569 13.663652 24.777532 31.073912 14.273097 9.761526 12.226432 7.151202 7.509906 9.649473 4.457966 8.905919 13.259894 12.750036 6.998280 4.905073 8.942135 11.455403 11.096175 24.640592 21.571173 6.372572 2.460655 5.664859 6.778457 6.041891 10.758342 7.397088 5.480303 6.093992 5.821735 5.501164 3.941418 8.123257 15.842599 33.986693 44.883759 18.167911 2.296537 3.475138 4.217699 3.251429
7.560053 1.360055 234.1646 234.1646 772.2450 0.000000 8.658552 4.301099 3.590645 6.277054 3.286231 5.187322 8.663788 5.680391 4.012144 5.760905 1.873540 5.357264 7.811382 14.047761 7.946897 10.036751 6.916390 7.505268 1.632772 5.906180 9.940861 14.357686 20.462036 19.584387 9.806151 2.646647 6.105412 8.258569 11.946822 29.985576 19.250626 12.927842 8.123698 9.192966 3.889501 4.534732 9.524293 11.778846 10.699315 7.450262 10.524611 4.772035 8.219409 16.113972 25.344927 92.962486 210.097565 42.747989 9.496923 17.940071 4.939784 7.176957 6.133233 10.742566 9.027566 7.835348 16.753308 11.548418 11.373270 23.642013 32.779167 14.636400 11.030589 13.809749 6.339060 6.390973 9.738970 6.244798 12.274630 15.038521 7.847865 5.245259 6.231624 6.552860 11.027645 11.520811 23.061002 21.172486 5.268596 4.761699 7.056118 5.337869 3.602050 9.482458 10.996272 5.228858 3.044977 4.288286 4.786763 4.551355 10.817543 19.884811 37.643138 44.273726 20.149387 5.632123 4.435057 2.632056 3.035488
7.603828 1.367963 228.2996 228.2996 752.9030 0.000000 6.907228 5.438420 2.116538 3.395194 3.500139 2.675906 7.879491 7.279383 6.171217 4.144152 6.021765 5.120624 12.909036 16.750030 14.529210 13.072027 7.348025 5.020551 5.961769 5.131272 8.974540 20.556518 16.243382 5.393376 3.547997 2.286762 4.463504 15.994999 14.202999 28.309474 26.805132 13.478510 7.009149 2.957871 9.106298 11.717591 8.048827 9.948178 7.060461 4.569873 10.557912 18.513789 25.195789 58.101829 147.802068 161.437355 55.670421 32.192884 13.843427 13.198975 12.444145 6.855626 10.524960 12.868097 9.113712 15.496645 12.038346 10.062101 24.215870 36.191801 23.351656 7.718192 3.162055 7.605909 7.279782 3.557076 9.687611 16.798447 4.928500 6.520155 3.944764 4.725056 10.524608 17.495636 19.556712 24.940026 9.737563 10.446331 8.324679 4.409434 5.825643 12.166742 10.456388 5.972102 6.524890 6.525905 4.784653 8.477415 12.040897 46.558675 36.696900 15.628032 15.003093 6.724436 1.858971 1.682271 4.951209 4.398729 2.750184
7.659982 1.372338 234.3609 234.3609 777.8788 0.000000 11.168917 1.842408 1.822247 2.145893 1.536656 4.545872 4.359174 2.278620 4.325694 7.145317 6.803546 7.979602 7.815176 11.661679 5.900414 13.434081 7.400249 9.517617 9.789118 5.906420 4.969998 9.724395 30.294460 5.527286 8.167014 2.305380 5.356459 4.812745 11.091013 11.023791 36.691959 12.176498 2.594051 6.085308 10.979362 9.284150 9.426046 7.468469 11.377675 7.805381 20.713318 26.197664 31.754044 37.878577 75.916995 161.434112 160.311747 53.909387 30.856639 23.355714 15.207814 13.735638 18.257459 21.886888 19.715118 17.857457 22.861560 27.568850 21.114440 15.254402 17.979809 20.966738 19.475410 2.343815 4.319589 10.568774 10.741869 5.376738 7.615121 13.278706 2.099840 4.704259 6.976684 5.955895 3.242388 4.327661 14.797540 28.392615 10.722268 8.629408 11.190305 8.708735 4.535658 2.224068 6.753128 13.024573 7.875732 6.296685 2.508084 2.999987 5.601348 27.146647 49.814251 16.376272 10.122527 8.141057 2.753963 1.102412 4.809555
7.710251 1.386546 227.9220 227.9220 772.9530 0.000000 9.272639 3.222362 2.825610 1.953217 2.691346 4.333804 4.058855 3.692435 3.317091 3.571791 2.756881 1.577133 1.335124 5.627121 5.031507 10.959399 11.567300 10.590828 4.075640 1.141137 3.095578 9.327598 23.517280 11.890782 10.777180 2.887314 3.332939 7.332850 9.532783 12.360929 26.816830 27.488710 15.525854 12.627496 19.066655 15.778540 13.344090 14.610306 10.235290 12.380905 17.168215 30.483044 35.034469 48.424561 123.928999 174.495140 104.004283 41.091196 20.847135 13.460033 14.054904 13.203282 10.500302 9.395370 5.861503 3.579232 8.907753 9.010201 6.312461 9.151528 15.107882 17.577450 19.081741 18.667506 7.353529 5.973890 5.328654 9.618492 14.226243 15.746635 11.803798 6.878031 5.489652 11.281516 13.889683 10.512105 27.026204 16.194871 8.555669 5.518813 13.711612 11.291236 11.521143 14.807674 5.324930 6.629066 11.003311 5.032087 3.746363 5.356206 13.208942 64.757690 24.270377 11.243689 11.765406 7.400698 10.382454 5.801323 4.036297
7.759985 1.382269 228.9091 228.9091 776.3004 0.000000 7.423632 4.027632 2.568103 3.917884 5.202701 7.779597 1.622978 2.777959 6.369694 1.628864 3.649094 2.622805 4.810700 7.295179 11.139935 5.652633 6.633099 14.412915 3.238281 1.062734 2.361265 11.219643 22.369190 8.287665 9.370445 8.062063 5.890863 9.987787 11.356283 7.183134 17.197650 20.982619 5.543414 19.683107 13.121275 19.822232 9.647841 13.919142 9.557442 10.117954 14.934537 14.450909 22.225312 42.835038 116.509778 199.335620 72.033640 10.517698 21.318606 12.608957 6.256359 12.826655 10.759378 14.759554 18.694468 5.235140 7.622509 15.585723 11.616946 8.917380 9.067293 15.523898 20.322984 21.770235 6.786046 5.582436 6.471514 10.959645 12.189402 7.074645 8.595364 7.744371 5.870763 11.108881 11.815758 11.983873 18.946384 22.014082 16.876871 11.367704 13.155346 13.782102 11.514916 9.378381 7.781527 12.330827 8.409689 9.395679 16.912818 22.986031 35.676494 40.448023 21.819903 10.173392 8.572040 4.272167 3.617228 9.537625 10.576941
7.805034 1.392579 236.1778 236.1778 790.6823 0.000000 9.372672 8.699117 2.751177 6.961524 3.867373 7.948544 1.877007 2.859260 6.562169 3.027391 3.044902 6.741618 11.258329 6.322050 4.566494 5.095534 6.459083 11.562221 10.609695 5.500383 3.451018 3.209854 9.214978 14.287442 12.521590 10.857183 5.475166 11.097340 8.673957 7.316521 11.033566 7.309619 7.993785 21.291440 28.230237 20.223871 15.113388 21.470469 6.646209 7.841231 8.282911 21.598650 17.263776 30.552130 55.928686 125.477177 173.752265 129.233062 59.142033 21.376921 30.957482 22.541326 7.302120 6.682613 16.819679 21.147236 10.064004 4.015209 8.904954 9.681577 10.082362 8.686531 5.331408 10.225430 22.468183 27.443964 6.737384 7.824458 14.784464 15.280747 9.044476 7.605321 10.109830 9.271729 9.995697 6.971966 14.168362 11.013491 26.040109 10.098890 16.517290 6.330017 5.415525 24.879952 4.288240 13.246240 3.982229 11.704974 21.009302 13.851551 11.308403 28.445843 36.495356 28.102416 21.015299 19.191031 15.964591 11.013914 8.756288
7.854166 1.397208 228.0651 228.0651 243.2694 0.000000 3.733811 4.267046 2.228714 6.400084 5.243895 6.059427 6.514481 5.152599 3.165626 3.677353 8.112564 7.083425 6.886175 7.391496 6.770657 4.069693 1.137216 7.032428 9.145630 4.620325 3.730973 7.780957 8.485362 4.606512 6.312000 8.190865 17.072619 8.768223 5.355679 12.716344 13.364137 15.489438 14.515539 14.911177 17.336820 14.909972 22.527158 17.832206 12.287163 18.076585 13.664951 15.712859 17.485477 19.557942 121.803795 168.294772 70.598246 57.233486 46.601747 37.930199 28.201249 13.830408 21.367420 15.873662 25.776034 17.339978 14.158028 10.094805 14.414307 7.759314 8.900789 9.497649 15.137104 27.242196 22.432138 15.272581 10.870118 9.673039 16.079420 5.907770 7.283977 12.821372 11.777871 8.171264 8.936045 18.160098 2.374997 10.569940 17.019131 9.000694 21.088773 11.889450 22.494302 9.019621 22.649824 3.989614 14.951889 14.038500 9.967246 5.924914 39.005418 43.811222 34.314151 16.935232 9.903438 8.716685 2.948079 7.149285 4.771707
7.903884 1.400846 225.6745 225.6745 451.3490 0.000000 10.932515 4.307179 1.397816 7.873101 7.217302 4.617530 3.754240 5.141328 2.616128 4.723855 7.873623 8.382212 3.840107 14.693652 14.317618 4.317962 4.795009 5.798245 5.263494 16.797422 15.774923 17.711830 11.483325 5.107438 8.180086 11.780657 13.672972 5.222433 9.344707 19.621727 8.916413 3.041684 5.492572 12.619995 27.306612 10.258049 9.683719 15.840611 5.876831 14.536171 11.290087 21.227606 28.061687 33.701218 241.337944 70.472095 27.963784 23.154550 16.597611 26.234276 13.207875 17.292133 13.070994 11.969374 18.863829 11.936114 5.330999 8.202325 7.347464 11.367857 5.130523 8.399001 6.541004 8.134714 31.324899 13.314839 4.721753 18.560646 5.683660 1.383709 7.451458 8.942620 4.896029 9.658410 12.614447 10.591461 7.716236 13.558331 15.430586 25.349193 13.307930 14.793023 14.904902 12.031320 9.234232 15.352180 16.106856 17.544546 15.351352 52.763365 36.046161 22.917473 8.741110 6.110003 10.404043 7.437993 5.142944 8.640747 4.870963
7.953897 1.389031 224.7081 224.7081 773.9944 0.000000 7.910819 3.068796 4.002483 8.424822 6.357578 5.805454 7.322689 4.989941 7.208323 2.110525 2.901632 9.005010 5.990284 10.763856 8.632199 8.897385 7.435736 3.928712 8.446961 17.283259 12.590184 21.866079 20.669854 9.863091 6.554650 14.010040 10.151272 6.372082 3.507873 17.101444 3.389128 14.698462 13.214267 21.841387 17.275190 8.751142 11.136236 13.455805 12.661210 16.814512 15.194936 21.568390 39.709896 76.130469 229.854941 64.623797 17.450866 23.526675 21.395018 20.386226 9.426451 13.155286 3.240956 7.922259 8.792859 14.959269 10.944836 8.068420 17.092111 7.982579 6.292554 8.780564 10.424412 6.650531 26.513450 14.910917 7.589846 17.268703 5.835842 7.569451 12.644678 7.753522 2.527091 7.206658 11.320325 12.494330 12.237161 19.452631 17.887525 17.681984 18.933014 14.902270 12.477446 11.305108 5.257652 10.766820 12.402768 29.056396 30.559407 45.287831 31.551386 10.829007 14.553452 8.437375 5.046868 3.523694 3.897620 4.516102 2.989362
8.003827 1.368310 219.2391 219.2391 443.4609 0.000000 0.586265 4.954690 5.272818 9.731026 3.828716 0.773411 6.654496 3.620927 4.410662 8.950921 11.289994 8.879615 14.349677 10.131677 8.256239 9.582606 6.786684 7.820107 6.191701 16.654825 12.178954 24.183948 15.874657 10.147292 1.599654 5.608386 4.214121 13.122320 11.499033 11.495690 18.037610 25.381156 18.514679 15.498088 8.521520 10.043775 18.458905 19.958364 18.445982 20.206601 29.463413 53.583157 80.236848 161.623002 133.591664 51.328270 64.162928 35.151918 31.186595 22.766983 26.410241 13.153968 18.736619 21.149008 8.773114 3.801064 7.495952 7.495737 12.607866 13.678366 9.819818 8.952787 6.708171 17.039453 20.664788 21.680627 12.598182 13.487079 3.697680 3.823883 8.589819 5.865899 4.213819 5.629265 8.903211 9.912022 18.477951 23.492282 22.288189 15.751990 8.480036 2.861901 4.892391 8.136958 11.821465 17.953894 26.098757 37.813299 37.474589 20.681230 17.464804 21.819035 16.663554 4.987077 3.372420 3.800701 6.411727 7.681858 6.143854
8.053813 1.374754 219.4716 219.4716 438.9432 0.000000 5.271386 8.344880 7.232229 3.393927 6.817565 2.690797 8.523333 1.256984 1.451159 7.520394 8.825523 6.408666 7.839510 6.118337 9.363275 6.377452 10.997040 3.705965 4.852373 7.383083 20.917231 26.116490 8.856692 14.642910 2.924370 4.407093 4.124678 6.394178 6.498656 8.974172 7.391329 12.393644 25.195780 7.164949 5.892978 12.814212 10.655697 11.635109 7.062074 9.960939 27.607066 39.358513 104.418412 209.248961 58.394544 41.670032 11.124037 17.316005 29.421562 9.064380 14.544728 3.874587 10.927215 11.973779 7.978329 11.232932 7.117751 6.405060 13.819532 8.435087 6.222434 8.055255 9.834499 11.104913 16.418990 20.025024 8.968469 7.825442 6.013725 6.724175 3.988616 7.242591 2.311955 4.291265 5.486263 12.565317 21.356031 14.914781 15.298509 13.088027 10.776506 5.450185 4.404296 10.839198 20.067605 25.519235 51.295360 49.409472 18.810965 19.611807 13.064020 10.047675 14.917284 8.723736 6.769866 5.554743 6.890329 6.040233 3.873653
8.103964 1.374090 221.2132 221.2132 442.4264 0.000000 7.207857 6.302733 5.330309 4.391560 3.709124 6.110611 4.520211 4.540624 2.569452 4.915407 10.858410 3.022940 3.362070 6.960775 3.459729 4.196410 10.159743 2.662019 5.025700 7.687996 16.715935 20.986342 4.883935 6.966624 11.716105 7.784994 4.616553 5.824687 3.519443 9.625186 5.765519 9.072373 24.501024 14.447133 9.467093 14.960671 10.401283 15.335334 9.305961 8.833883 18.925750 26.751744 64.469131 212.440304 92.220237 46.284755 23.844745 9.951496 23.079922 15.203976 10.332194 7.867975 11.101175 7.112671 11.291358 7.700665 4.691696 5.801262 6.291715 10.289196 6.196565 3.893819 2.119305 6.309853 9.964404 9.883410 14.947673 11.577122 13.355308 6.919322 1.360106 3.672306 5.821016 4.630211 3.890645 8.637175 16.589845 16.747100 13.295879 20.751558 13.713200 10.650113 9.793121 6.531486 14.279814 17.549203 36.100392 60.747232 39.525963 19.972754 14.500961 10.502333 13.339074 9.063973 4.547313 6.150541 7.288531 8.485703 5.862827
8.153261 1.314837 225.8119 225.8119 446.4918 0.000000 10.196675 13.491720 1.942098 1.278238 4.090710 5.650502 3.387009 5.065180 6.748643 8.621008 4.987723 6.310153 3.943239 4.827206 7.564982 8.748253 6.046736 4.232404 6.703678 8.619158 12.588672 17.866049 12.976471 5.432764 7.175045 7.385178 3.777736 2.933328 3.794433 7.637449 13.130118 8.897382 10.713166 11.944161 16.140718 14.244283 13.762056 11.615113 14.596314 18.046805 33.945805 57.966784 37.745349 111.007268 196.887184 55.682591 27.179443 28.491634 20.436090 19.512204 8.126424 10.687082 10.560562 11.282910 11.443921 13.987611 9.911670 3.841461 2.900356 3.771785 6.143259 7.457212 6.659308 4.370926 2.577928 4.072966 3.454001 11.071502 19.109604 6.084043 8.647417 4.209320 4.364190 2.633250 3.939524 5.798925 6.145736 13.373607 10.504300 10.950308 7.419200 24.024532 6.947088 16.684815 23.893898 13.910808 27.941007 18.893270 56.771155 55.975055 20.282642 6.551830 8.515156 6.597796 8.583094 4.191431 4.229442 9.021189 6.214860
8.202121 1.136151 228.8587 228.8587 452.5161 0.000000 14.566501 9.222280 6.295047 4.538236 4.830212 4.037438 5.276937 3.782962 3.918619 4.604156 2.421609 4.211710 6.236912 4.000269 2.643429 5.055853 5.327499 2.546466 6.942402 7.414321 11.570062 18.042815 15.381289 4.078474 3.068303 8.428082 4.330059 3.673883 5.163544 5.162219 8.029896 2.822014 7.885785 9.076581 10.227246 8.557214 9.475915 19.650128 17.483590 14.790024 24.917836 35.444605 33.892444 62.961155 145.230680 117.383861 25.374944 26.155433 24.226541 13.980700 9.661793 16.005126 12.977042 4.570841 14.029631 8.446677 7.172241 9.219310 4.612214 5.980275 2.771469 4.583664 6.424667 4.688174 5.695102 6.479384 6.638069 9.521182 11.971523 11.819483 10.241020 7.081351 2.609466 4.172086 2.347060 5.491346 2.903310 6.387995 8.352017 4.538366 11.020467 5.881395 15.602239 6.187178 10.262337 24.841573 20.214747 25.513101 22.071369 44.241279 49.080272 22.623758 10.226883 10.420025 5.416574 3.964748 6.091837 5.325441 1.665126
8.248070 0.888615 223.4775 207.8861 223.4775 0.000000 17.739057 6.238164 3.602737 2.905185 5.058923 7.626011 6.989413 2.858210 4.968574 5.021302 3.800569 6.009599 6.836984 3.788171 3.961931 6.101839 4.360200 5.103626 7.790494 5.847759 4.530419 7.256319 7.665890 7.455284 3.102435 5.245505 3.623523 4.419180 7.228774 3.263926 5.401141 4.561822 8.288456 13.385520 6.163997 10.166618 10.885875 18.324766 19.149828 20.890977 34.357430 32.117251 30.805025 68.676464 100.900404 83.370970 47.358725 23.742902 14.569165 6.574500 6.771305 6.277772 11.626380 8.948218 5.587883 4.297970 5.382006 5.887013 3.220165 2.160430 2.524110 2.468791 2.495282 2.095721 2.173703 1.900384 2.101914 5.213708 9.640734 10.922431 8.266556 5.057275 3.026623 1.803081 2.627797 3.037275 2.457153 5.116647 4.512486 6.304245 9.366149 9.506115 10.141435 4.479697 11.833641 25.856880 27.089614 14.050380 21.217348 31.478431 29.233815 21.855178 14.457689 6.692496 2.793773 3.193321 3.835499 3.540599 2.593502
8.295635 0.570181 225.0078 209.3096 225.0078 0.000000 7.923032 6.639991 5.388097 4.080473 2.279902 1.233504 0.493749 1.170801 2.917006 4.391920 5.068390 5.185316 5.136479 4.926002 4.409158 3.645018 2.577060 2.080115 2.706933 3.428380 4.174459 4.037546 3.743694 5.024371 4.490204 2.247818 1.973488 3.977252 6.070639 6.959419 6.292621 4.312932 2.209482 4.386137 10.014791 14.537207 15.194240 11.293805 10.189739 19.586276 29.329980 34.661899 39.951627 46.879502 47.078042 36.810136 27.304422 16.210486 7.423583 10.430334 13.843915 14.362944 12.483813 8.840459 4.802684 3.066488 4.024910 5.338578 5.495556 4.690790 3.581372 2.692383 1.999694 1.837190 1.503686 0.720219 1.950008 3.866221 5.078276 5.500018 4.882847 3.554490 2.432052 1.720855 1.870978 2.821881 3.285072 2.297335 1.564453 2.784199 4.624704 5.695446 6.532407 7.953270 10.398479 13.522710 16.608914 19.017931 19.546248 17.622694 14.708188 10.481943 7.073886 6.730371 7.336864 8.431030 8.693708 7.337376 5.616086
