# LRA Full Analysis Data — Replot Source File
# Source file: ramp_90to120BPM_8s_210Hz.mp3
# Generated:   2026-07-13 15:47:50
# Accel sample rate: 1609.6-1759.0 Hz per-window range (1675.3 Hz overall)
#                    Each window measured with its own real rate, then
#                    resampled onto the common freq_bins grid below
# Rows:        152 (one per time window)
# Freq bins:   100 bins, 0.0 to 495.1 Hz
#
# MACHINE-READABLE METADATA (used by replot mode — do not edit):
#@duration=8.000000
#@rate_overall=1675.285587
#@rate_min=1609.570274
#@rate_max=1758.995624
#@freq_bins=0.0000,5.0009,10.0017,15.0026,20.0034,25.0043,30.0051,35.0060,40.0068,45.0077,50.0085,55.0094,60.0102,65.0111,70.0119,75.0128,80.0136,85.0145,90.0153,95.0162,100.0170,105.0179,110.0188,115.0196,120.0205,125.0213,130.0222,135.0230,140.0239,145.0247,150.0256,155.0264,160.0273,165.0281,170.0290,175.0298,180.0307,185.0315,190.0324,195.0332,200.0341,205.0350,210.0358,215.0367,220.0375,225.0384,230.0392,235.0401,240.0409,245.0418,250.0426,255.0435,260.0443,265.0452,270.0460,275.0469,280.0477,285.0486,290.0494,295.0503,300.0511,305.0520,310.0529,315.0537,320.0546,325.0554,330.0563,335.0571,340.0580,345.0588,350.0597,355.0605,360.0614,365.0622,370.0631,375.0639,380.0648,385.0656,390.0665,395.0673,400.0682,405.0691,410.0699,415.0708,420.0716,425.0725,430.0733,435.0742,440.0750,445.0759,450.0767,455.0776,460.0784,465.0793,470.0801,475.0810,480.0818,485.0827,490.0835,495.0844
#@n_tracks=2
#@input_spectrum=0.000000e+00,2.482857e+00,2.489936e+00,2.544170e+00,2.577129e+00,2.650208e+00,2.706905e+00,2.791837e+00,2.858433e+00,2.968175e+00,3.056584e+00,3.179260e+00,3.277980e+00,3.430515e+00,3.541266e+00,3.724974e+00,3.858233e+00,4.073913e+00,4.226064e+00,4.488842e+00,4.669072e+00,4.988900e+00,5.228872e+00,5.600495e+00,5.859663e+00,6.366416e+00,6.728071e+00,7.351842e+00,7.749359e+00,8.674187e+00,9.277306e+00,1.054511e+01,1.124931e+01,1.341842e+01,1.426430e+01,1.849821e+01,1.971610e+01,3.036968e+01,3.346970e+01,9.765551e+01,2.078678e+02,3.172473e+02,3.632460e+02,3.166288e+02,2.071142e+02,9.733651e+01,3.401876e+01,3.130910e+01,2.069814e+01,1.952939e+01,1.531020e+01,1.448370e+01,1.232410e+01,1.162254e+01,1.036127e+01,9.757528e+00,8.841139e+00,8.439770e+00,7.819154e+00,7.454405e+00,6.951559e+00,6.688210e+00,6.315979e+00,6.072763e+00,5.755832e+00,5.568269e+00,5.307420e+00,5.146550e+00,4.930371e+00,4.787837e+00,4.601808e+00,4.479565e+00,4.322433e+00,4.210926e+00,4.078184e+00,3.975513e+00,3.855589e+00,3.765706e+00,3.663684e+00,3.579028e+00,3.484694e+00,3.411764e+00,3.325382e+00,3.259955e+00,3.183179e+00,3.121808e+00,3.052585e+00,2.996742e+00,2.933262e+00,2.880996e+00,2.823904e+00,2.775276e+00,2.722115e+00,2.677263e+00,2.629202e+00,2.586405e+00,2.540921e+00,2.502175e+00,2.460126e+00,2.423433e+00
#
# Columns: time_s  rms_g  peak_freq_hz  2 track_hz cols  then 100 FFT magnitude bins (in g)
#
0.444945 0.005199 40.1989 40.1989 200.9944 0.000000 0.214280 0.206234 0.097805 0.200410 0.245007 0.250152 0.201105 0.471747 0.242344 0.084426 0.098166 0.105917 0.069646 0.226237 0.081590 0.064441 0.220369 0.168750 0.102419 0.090128 0.031129 0.100085 0.136053 0.033440 0.044531 0.128785 0.115030 0.164770 0.220741 0.066735 0.108902 0.086680 0.065909 0.081921 0.096849 0.059618 0.091318 0.167696 0.136190 0.224427 0.105690 0.057628 0.064715 0.150103 0.162897 0.075974 0.112997 0.054424 0.096721 0.104457 0.183101 0.086120 0.077080 0.068169 0.056337 0.069207 0.046000 0.082737 0.066478 0.057764 0.060352 0.081545 0.053469 0.035811 0.040244 0.059093 0.037473 0.071771 0.088288 0.082307 0.077878 0.063850 0.051202 0.055955 0.033890 0.017242 0.050071 0.047945 0.014607 0.012332 0.027027 0.051609 0.032903 0.036853 0.065411 0.069335 0.062355 0.052847 0.030159 0.016161 0.027513 0.022711 0.046296 0.058542 0.045972 0.033882 0.040767 0.039858 0.037423
0.490122 0.005167 25.5568 25.5568 51.1136 0.000000 0.239092 0.157074 0.075835 0.227226 0.418175 0.242059 0.280496 0.088295 0.167909 0.253096 0.123836 0.070624 0.071903 0.119336 0.148973 0.150520 0.190779 0.175852 0.135051 0.111826 0.076047 0.083902 0.119279 0.072263 0.021645 0.060633 0.104307 0.124294 0.186432 0.187019 0.053238 0.115634 0.190189 0.129788 0.086582 0.064342 0.060450 0.091115 0.180430 0.146400 0.210995 0.103917 0.085325 0.070710 0.156827 0.147149 0.138385 0.068135 0.094449 0.036354 0.114741 0.094230 0.123095 0.102105 0.028569 0.045319 0.054634 0.031811 0.038210 0.023720 0.061771 0.064476 0.069901 0.061240 0.046474 0.072099 0.060674 0.072600 0.062493 0.077108 0.102223 0.072936 0.080646 0.048639 0.027782 0.042468 0.031764 0.048603 0.063821 0.035608 0.014271 0.011357 0.025387 0.086181 0.029117 0.014163 0.034663 0.025781 0.026699 0.027960 0.047591 0.013446 0.029057 0.033540 0.037595 0.045421 0.071779 0.036039 0.027928
0.543347 0.005375 25.4099 25.4099 162.6232 0.000000 0.057409 0.246567 0.167608 0.154446 0.497372 0.148479 0.206663 0.206233 0.239981 0.148034 0.123672 0.061808 0.072193 0.119555 0.137052 0.137577 0.174899 0.195222 0.115563 0.143263 0.136531 0.141408 0.157190 0.084105 0.056354 0.126220 0.083148 0.077021 0.171364 0.178426 0.126557 0.183781 0.198720 0.081028 0.088672 0.166218 0.110291 0.081800 0.174600 0.152495 0.098078 0.114149 0.107482 0.116016 0.082559 0.138755 0.153990 0.089227 0.046504 0.079692 0.122291 0.135053 0.136633 0.087495 0.036610 0.093353 0.070781 0.011974 0.018232 0.019025 0.081720 0.057134 0.078338 0.036194 0.048279 0.113479 0.051692 0.093250 0.043828 0.112899 0.087937 0.114087 0.100774 0.043608 0.026126 0.053459 0.030661 0.028761 0.069552 0.057819 0.049521 0.035755 0.081772 0.038809 0.035557 0.027791 0.038876 0.044996 0.038998 0.039711 0.025122 0.010732 0.039228 0.042699 0.016031 0.039356 0.061995 0.046268 0.033267
0.589971 0.005331 24.9371 24.9371 84.7861 0.000000 0.185879 0.148205 0.141532 0.263425 0.427601 0.201199 0.198330 0.277992 0.234069 0.165725 0.094434 0.137115 0.099228 0.009491 0.067822 0.150660 0.281706 0.184679 0.112014 0.161804 0.101679 0.153947 0.122038 0.057668 0.125409 0.076173 0.106133 0.219530 0.175858 0.094910 0.122999 0.249754 0.146114 0.065948 0.119983 0.165460 0.091376 0.127306 0.138256 0.143054 0.172673 0.068978 0.088386 0.100192 0.056421 0.060528 0.166780 0.105153 0.152849 0.041866 0.085920 0.112222 0.088974 0.055101 0.091066 0.062567 0.044622 0.057105 0.043749 0.060927 0.054050 0.043943 0.049445 0.047552 0.090739 0.097688 0.074827 0.095519 0.083843 0.083713 0.063425 0.055390 0.036144 0.028191 0.049191 0.062784 0.074255 0.063505 0.036175 0.078960 0.075884 0.074980 0.038817 0.061162 0.019342 0.046120 0.044386 0.043297 0.039337 0.026581 0.034441 0.051327 0.028672 0.043789 0.073071 0.028167 0.013729 0.020998 0.040662
0.640132 0.005223 40.2084 25.1302 40.2084 0.000000 0.243815 0.165355 0.172477 0.183594 0.267166 0.277262 0.202232 0.457467 0.203173 0.084987 0.091464 0.108737 0.044086 0.085748 0.059679 0.176836 0.205253 0.171043 0.212750 0.078133 0.163614 0.144683 0.091396 0.112774 0.130051 0.086271 0.080838 0.123071 0.114941 0.028477 0.181583 0.183479 0.121392 0.038555 0.098102 0.155727 0.095012 0.094225 0.073574 0.110873 0.090142 0.142504 0.089385 0.113768 0.052993 0.064107 0.165558 0.142396 0.143284 0.119606 0.051670 0.071799 0.060232 0.082717 0.085403 0.057600 0.045359 0.066614 0.044562 0.058892 0.068432 0.038110 0.058134 0.044763 0.091159 0.093340 0.082026 0.113403 0.091052 0.070744 0.081536 0.061441 0.055278 0.063828 0.077459 0.063231 0.078228 0.079190 0.052013 0.077064 0.069544 0.051287 0.053147 0.055925 0.033763 0.039697 0.036665 0.029669 0.037597 0.023038 0.012537 0.017855 0.047427 0.048778 0.051602 0.063173 0.046059 0.038438 0.044762
0.690028 0.004799 39.8801 39.8801 94.7152 0.000000 0.166253 0.196473 0.090010 0.103659 0.124593 0.221210 0.094274 0.357900 0.056244 0.103293 0.037432 0.097342 0.113994 0.119218 0.133406 0.214451 0.142254 0.160703 0.281322 0.085120 0.143533 0.120822 0.075605 0.211352 0.025222 0.079361 0.137348 0.171976 0.123461 0.065132 0.182426 0.116657 0.028819 0.117230 0.093438 0.087874 0.141879 0.125431 0.065213 0.135933 0.075181 0.162340 0.071074 0.133590 0.012200 0.082152 0.151531 0.146771 0.128667 0.089145 0.062349 0.047139 0.043134 0.042162 0.122587 0.053389 0.053838 0.112493 0.054464 0.045217 0.079415 0.033179 0.063416 0.049551 0.092297 0.050529 0.048361 0.081229 0.077517 0.063380 0.097188 0.052378 0.065261 0.055840 0.040392 0.045159 0.111163 0.051778 0.083097 0.067849 0.039538 0.031712 0.048984 0.066777 0.044585 0.058825 0.017864 0.027498 0.032522 0.013480 0.011573 0.034598 0.084961 0.033708 0.020398 0.033178 0.041596 0.035381 0.031482
0.740201 0.004544 49.8668 49.8668 94.7470 0.000000 0.184345 0.206358 0.037207 0.138285 0.051897 0.069595 0.222158 0.237518 0.095627 0.262422 0.197089 0.090695 0.051232 0.097036 0.097498 0.094680 0.048111 0.199050 0.232202 0.076433 0.128577 0.135654 0.081343 0.153264 0.092854 0.176693 0.040054 0.088278 0.207593 0.095080 0.096335 0.145707 0.117289 0.084091 0.056302 0.070314 0.117416 0.064093 0.031806 0.090783 0.077016 0.166152 0.026270 0.099699 0.089360 0.156645 0.114673 0.055478 0.136474 0.048806 0.052112 0.042731 0.112115 0.093250 0.120817 0.073294 0.097938 0.081058 0.040826 0.042415 0.073265 0.044898 0.017760 0.054172 0.053104 0.060454 0.080247 0.073013 0.101294 0.040625 0.089055 0.052360 0.069535 0.031673 0.021109 0.046372 0.083757 0.048651 0.120619 0.026148 0.019756 0.028902 0.026478 0.046962 0.032320 0.058499 0.035209 0.032484 0.031311 0.013637 0.010769 0.032440 0.047785 0.026635 0.047172 0.034329 0.048637 0.046200 0.056077
0.789974 0.004683 39.8832 39.8832 119.6496 0.000000 0.152710 0.200156 0.123659 0.117203 0.111837 0.116806 0.096786 0.326175 0.159112 0.250237 0.166889 0.083094 0.158951 0.110729 0.177713 0.030106 0.051550 0.125797 0.169710 0.091774 0.145077 0.111546 0.034190 0.216319 0.068105 0.096334 0.136212 0.163373 0.164046 0.087309 0.108293 0.156472 0.144797 0.070676 0.060207 0.139910 0.173341 0.156723 0.087186 0.058728 0.144583 0.113189 0.039553 0.092237 0.132118 0.045177 0.046718 0.054671 0.107475 0.044190 0.057842 0.052035 0.099087 0.135581 0.165888 0.053876 0.061180 0.064586 0.037059 0.036455 0.059626 0.030712 0.034472 0.052322 0.049271 0.082955 0.086791 0.059423 0.103741 0.045461 0.080742 0.084366 0.071042 0.029326 0.024966 0.051002 0.073778 0.060778 0.088801 0.013194 0.018987 0.031015 0.036234 0.027180 0.042000 0.073577 0.019160 0.032234 0.043540 0.041951 0.044455 0.047010 0.029547 0.045449 0.033627 0.021599 0.049991 0.044040 0.070252
0.840067 0.797756 219.2721 219.2721 239.2060 0.000000 13.999801 15.275862 15.948351 15.212436 13.686924 11.733054 10.573638 9.839868 8.543497 8.225714 8.552729 9.124678 9.012336 7.479862 5.672021 4.067514 3.967542 4.060224 4.069712 4.220008 5.239916 5.979486 6.493080 6.822119 7.531104 8.447275 8.339831 6.704551 3.149549 2.426019 6.696089 9.098578 9.037045 9.400295 12.857172 17.080806 17.318778 11.712840 3.982402 18.764368 38.349774 55.826364 67.790187 72.384338 69.105925 59.155365 44.994982 29.215743 14.237145 4.250126 6.410423 9.909603 9.538586 6.042712 2.212069 3.885043 7.493878 9.359511 9.683328 9.241586 8.592807 7.907180 6.906250 5.279243 3.324969 1.595346 1.216879 1.444032 0.936519 1.102204 3.693204 6.442987 8.842012 10.201793 10.100283 8.550788 5.989422 3.897993 4.317224 6.853730 9.192273 10.549899 10.717238 9.675509 7.737542 5.443112 3.614418 2.689208 3.032421 4.675307 6.923416 9.013561 10.211181 9.985296 8.494713 6.477652 4.964543 4.465365 4.456984
0.885421 1.212431 219.4159 219.4159 822.8098 0.000000 27.816622 9.656001 6.742341 9.886032 8.522093 16.429779 22.453976 21.924047 14.874125 6.998799 3.607600 5.976332 7.220153 7.913961 6.495938 3.912388 3.970243 3.385375 2.103431 0.911728 2.489898 4.622231 7.578611 6.678853 2.902965 6.042224 11.507262 7.326937 6.247003 10.725319 3.461477 7.372220 7.287022 6.088140 11.470263 12.727251 4.674793 19.843345 11.629493 28.232241 35.415464 51.602445 135.816635 160.969726 102.037842 28.358875 36.764076 23.986701 8.806332 12.167252 6.014791 13.649775 7.493357 10.391680 7.808712 4.633536 7.145364 4.022258 8.152963 7.704703 6.050375 6.348919 5.991850 9.608875 9.932045 4.966678 4.988968 5.499834 4.969241 4.049260 6.012406 6.476470 8.359400 15.140138 10.936304 7.479461 19.589565 23.308179 22.977533 23.437002 23.269720 19.931722 11.914217 4.132827 3.368887 2.810915 4.900500 7.527594 8.082273 7.206419 5.409033 5.228301 10.803878 15.939359 14.877063 9.098432 3.534028 1.800076 4.673060
0.940266 1.266185 216.7302 216.7302 812.7381 0.000000 26.280981 6.580739 7.306369 7.328064 11.423798 18.693972 19.131887 18.058694 15.655118 10.084073 3.417857 6.308030 10.135823 7.379157 2.831418 1.664523 1.377552 2.112485 4.138231 3.566202 2.822156 3.251763 3.521696 5.098734 3.922165 5.379044 8.418200 6.413594 5.466485 8.531922 9.149316 10.892693 13.016696 9.937087 10.033322 6.245099 12.250738 14.221295 11.339697 29.133036 39.628466 114.785055 170.414401 123.370524 53.748389 33.369260 24.223706 16.398568 7.881610 5.457773 8.752985 8.220285 8.873721 10.042019 2.897984 7.703880 4.852477 6.488465 8.598694 7.496737 4.271978 7.941883 7.589539 10.597033 6.411745 5.040855 4.318649 5.360539 4.641827 5.302365 6.114877 6.937806 16.291932 12.561581 7.081253 21.048339 20.597560 21.830824 26.297342 23.159438 18.669452 11.796498 5.678321 3.173737 3.789850 3.871500 8.889484 9.198391 6.227312 5.331643 6.044334 11.173851 17.101418 14.410988 7.139481 2.193677 2.337563 3.801134 5.354972
0.989908 1.267172 219.3895 219.3895 822.7107 0.000000 25.914230 7.132167 7.789806 6.625257 11.286039 18.179956 19.785775 17.754571 16.657189 10.744775 3.285814 5.433644 10.730669 7.870645 3.643521 1.279862 0.888210 1.480118 3.620411 4.456297 2.596709 3.089763 3.377411 4.693302 4.903953 3.196239 9.234894 7.054956 3.855754 8.372388 8.741914 7.947897 15.196751 11.002980 8.589264 8.766951 5.760985 21.285347 9.686571 16.814356 43.245923 53.157187 158.431914 167.584420 88.368657 34.468872 31.323761 19.338682 13.937810 5.575350 5.678741 9.497713 7.608494 9.298987 8.958488 3.060208 7.854745 4.931595 7.401171 8.260301 7.029340 4.563920 7.984618 8.290286 9.716358 6.069381 4.951742 4.569036 5.035322 5.075465 5.403054 5.982657 7.928227 16.159872 11.565405 8.358502 21.051678 20.598819 22.065057 26.309777 22.942242 18.751059 11.781837 5.772899 3.134552 3.881721 3.595898 8.758889 9.502909 6.444971 5.365377 5.851036 9.765423 16.934954 15.735160 8.084939 2.846408 1.887349 3.823272
1.039965 1.004283 214.3610 214.3610 832.5182 0.000000 19.510187 11.709514 7.543295 7.133005 11.758129 15.087358 14.809094 13.250654 13.901483 9.944821 4.204033 2.784161 6.425922 6.267744 4.389887 3.641894 1.904319 1.588145 2.489115 4.822418 4.394390 3.571147 3.188687 4.109282 2.628881 3.797964 5.710343 3.670182 2.717109 2.448571 8.056930 13.358128 10.642532 5.442593 4.951326 4.835543 12.899353 17.660622 9.142475 23.328690 31.882713 91.672024 122.870903 105.495054 67.474625 31.325991 18.064206 16.972096 9.109917 12.486543 10.411662 8.015606 15.308533 15.643748 9.421012 4.882674 7.564605 9.115443 5.524586 4.255789 4.930864 7.824257 8.052447 6.944482 8.584863 5.151931 4.227212 7.414903 8.670984 7.617598 7.835082 12.333531 13.009172 8.767881 4.823234 14.184912 19.941295 18.596832 19.423922 19.168524 13.537274 10.839280 8.408092 7.367629 4.823307 1.949936 3.923375 6.844285 6.886379 4.870440 3.966748 5.229863 7.865839 8.870781 8.698107 6.673485 4.863254 3.261349 1.726476
1.085378 0.401381 208.4706 208.4706 223.7246 0.000000 3.371760 2.736347 2.358345 1.880189 1.767312 1.761274 1.801972 2.845211 3.356793 3.527071 3.622957 3.413975 3.334253 4.113202 4.236779 3.536512 3.265755 3.186829 3.530572 4.706128 5.105999 5.249084 5.400136 6.021799 6.641698 6.147073 4.978407 4.505855 5.436243 6.398476 7.418196 9.610893 11.393476 11.138281 9.868856 10.072784 10.728516 6.546639 6.287910 21.430651 33.063927 34.548182 31.999254 29.923643 23.818094 18.522550 16.607132 14.945967 13.254022 10.599348 7.868494 5.645995 3.184513 1.828658 0.764683 0.688704 0.750370 0.405894 0.904557 1.440702 1.453674 0.970176 0.295067 1.076998 2.371025 3.475196 3.504655 2.649835 1.374908 1.212658 2.103692 2.557675 1.946139 2.117188 2.934309 3.236443 3.485045 4.408655 5.073078 4.822152 3.590563 1.736453 0.848414 1.135338 1.347720 1.233710 0.930347 0.814714 1.305206 1.783088 1.556486 1.117787 0.882123 1.121612 1.337592 1.113271 1.453223 1.552182 1.010216
1.138262 0.059297 201.7544 186.6228 201.7544 0.000000 0.462294 0.590916 0.301835 0.200783 0.304494 0.825913 0.619103 1.009330 0.551973 0.504553 0.314473 0.271625 0.166018 0.344376 0.408107 0.495443 0.593706 0.743005 0.832482 0.632357 0.554189 0.530834 0.789466 0.986560 0.851107 0.853410 0.992483 1.204323 1.459413 1.448322 1.586425 1.784136 1.827048 2.053568 2.403648 2.694018 2.970800 3.552450 4.347034 4.871958 4.795628 4.239892 3.147500 1.577046 0.638696 0.762491 0.854682 0.562258 0.607265 0.618454 0.504404 0.625881 0.619547 0.514964 0.411860 0.369834 0.325562 0.218726 0.197236 0.225456 0.202728 0.176395 0.212334 0.285662 0.385380 0.396159 0.373430 0.347217 0.270841 0.227201 0.261944 0.410305 0.568270 0.659761 0.704446 0.744638 0.737074 0.651608 0.653704 0.682630 0.693159 0.813808 0.841812 0.763396 0.627721 0.661913 0.699297 0.693773 0.880363 0.822642 0.633458 0.585413 0.779298 0.947857 0.993381 0.804954 0.596604 0.378423 0.351469
1.185991 0.007396 34.8833 34.8833 239.1997 0.000000 0.233294 0.186941 0.135215 0.123177 0.279516 0.458210 0.493340 0.470354 0.242177 0.125084 0.151856 0.165268 0.037421 0.051229 0.136389 0.096152 0.046528 0.185673 0.296502 0.143928 0.169453 0.102699 0.260332 0.166432 0.128689 0.235405 0.045983 0.125804 0.109598 0.111494 0.093655 0.175034 0.041687 0.075207 0.089699 0.262754 0.049474 0.057064 0.077859 0.037107 0.190018 0.304431 0.170888 0.319317 0.256039 0.185623 0.244184 0.349440 0.324191 0.333867 0.318060 0.136041 0.059807 0.065994 0.056279 0.143153 0.045809 0.080480 0.056793 0.160661 0.126014 0.083787 0.076790 0.088293 0.111290 0.076880 0.084935 0.065741 0.079246 0.099840 0.074765 0.080021 0.070169 0.097507 0.080621 0.070116 0.032478 0.047281 0.072021 0.073195 0.064578 0.090621 0.047705 0.084262 0.111781 0.151191 0.107390 0.075636 0.062355 0.075855 0.094190 0.080178 0.065607 0.072530 0.091825 0.040556 0.027090 0.049626 0.067159
1.237086 0.005633 25.1474 25.1474 40.2359 0.000000 0.215750 0.065170 0.090103 0.087058 0.436502 0.243424 0.431838 0.356324 0.258575 0.138622 0.125580 0.145720 0.078204 0.050365 0.220291 0.088829 0.142148 0.128993 0.219142 0.171625 0.186978 0.111990 0.249134 0.205588 0.171521 0.200867 0.057159 0.049596 0.016650 0.097225 0.186854 0.077334 0.045776 0.081578 0.134824 0.180309 0.084564 0.088724 0.097510 0.072535 0.045899 0.132921 0.151632 0.041228 0.016248 0.117770 0.088317 0.100160 0.035878 0.016059 0.085154 0.080240 0.058823 0.065814 0.080732 0.142293 0.084424 0.101867 0.089650 0.093942 0.112789 0.085434 0.040902 0.024001 0.108263 0.083906 0.072007 0.038735 0.035341 0.077830 0.064046 0.066250 0.071554 0.068073 0.040010 0.038864 0.058686 0.048331 0.037373 0.051088 0.072610 0.077482 0.066919 0.053705 0.042116 0.060735 0.064607 0.050559 0.054245 0.039829 0.039150 0.048972 0.064524 0.057903 0.043362 0.071278 0.054885 0.022546 0.033282
1.285449 0.004975 34.9393 34.9393 114.8005 0.000000 0.082503 0.027921 0.077629 0.073862 0.356246 0.218624 0.361865 0.205040 0.037861 0.228056 0.083821 0.129012 0.029909 0.071107 0.198545 0.119178 0.164028 0.112188 0.144571 0.133504 0.240331 0.229806 0.288459 0.085950 0.139743 0.191325 0.043985 0.070601 0.049293 0.069140 0.165375 0.030532 0.056745 0.082300 0.145089 0.107777 0.054083 0.070337 0.099592 0.069626 0.075995 0.138046 0.121944 0.026990 0.041703 0.094114 0.111742 0.157306 0.023818 0.026870 0.034887 0.018096 0.075342 0.063571 0.152169 0.064666 0.080842 0.087612 0.094129 0.069353 0.170505 0.055159 0.042646 0.065935 0.085742 0.063177 0.054296 0.054625 0.059885 0.086028 0.109882 0.053916 0.081365 0.043804 0.056907 0.037383 0.059469 0.029845 0.032009 0.095585 0.059838 0.066434 0.050473 0.026989 0.017138 0.064860 0.052934 0.071230 0.043164 0.029242 0.038316 0.020708 0.054567 0.030587 0.059929 0.064330 0.049464 0.034017 0.030012
1.336226 0.005106 30.1921 30.1921 70.4483 0.000000 0.057650 0.002018 0.059579 0.154523 0.275441 0.391666 0.101330 0.254620 0.219067 0.152288 0.047505 0.032417 0.188927 0.254358 0.054321 0.181660 0.195391 0.200097 0.052327 0.148860 0.132792 0.112728 0.192209 0.223503 0.171337 0.126161 0.034151 0.039303 0.025939 0.105641 0.129170 0.080001 0.105311 0.146729 0.112117 0.099180 0.106648 0.139364 0.089179 0.043680 0.073667 0.068376 0.102768 0.114519 0.087945 0.110603 0.124128 0.186855 0.101006 0.064595 0.055845 0.038415 0.034079 0.081363 0.103743 0.060473 0.083638 0.093509 0.088030 0.072156 0.112984 0.086734 0.085226 0.067608 0.032522 0.082936 0.109737 0.086617 0.093755 0.066512 0.068100 0.073953 0.065758 0.075987 0.061665 0.031265 0.051076 0.052093 0.019328 0.034888 0.046751 0.060167 0.053560 0.037480 0.036089 0.039598 0.052893 0.060574 0.074036 0.048995 0.047582 0.056925 0.042559 0.031380 0.059997 0.061831 0.055443 0.092732 0.060131
1.385187 0.004837 30.7682 30.7682 87.1766 0.000000 0.036598 0.018973 0.032539 0.123571 0.214632 0.385130 0.282102 0.233798 0.084154 0.098073 0.099416 0.105162 0.178076 0.192213 0.083358 0.090146 0.241167 0.217518 0.101384 0.132738 0.180125 0.123227 0.074060 0.084795 0.066832 0.053688 0.117778 0.118180 0.100723 0.084658 0.141057 0.107421 0.063432 0.127520 0.097071 0.033856 0.119576 0.063860 0.165702 0.082435 0.047709 0.057361 0.049497 0.080151 0.081359 0.059391 0.075648 0.117326 0.198172 0.107622 0.064470 0.044617 0.036969 0.049503 0.086811 0.070927 0.057240 0.035554 0.031320 0.053474 0.097463 0.079704 0.052927 0.094989 0.088486 0.062930 0.048310 0.119596 0.082924 0.071764 0.078069 0.058980 0.071961 0.019413 0.017774 0.031544 0.072255 0.089811 0.086019 0.061365 0.056889 0.052342 0.033581 0.066196 0.022640 0.060901 0.029027 0.076810 0.049723 0.053207 0.056749 0.034415 0.046191 0.051152 0.033970 0.038125 0.049475 0.064385 0.083755
1.432321 0.008324 30.6988 30.6988 148.3775 0.000000 0.246688 0.135987 0.091061 0.098478 0.242757 0.340588 0.323531 0.267985 0.122454 0.111230 0.115950 0.107961 0.212492 0.108610 0.161358 0.210341 0.124041 0.198434 0.209450 0.149500 0.144047 0.195316 0.179351 0.131517 0.166953 0.168572 0.177480 0.162973 0.175290 0.258949 0.129783 0.161882 0.185478 0.151267 0.095711 0.118723 0.240921 0.267243 0.259657 0.250432 0.262941 0.181774 0.205727 0.306255 0.172689 0.224960 0.190621 0.262776 0.302732 0.171336 0.226634 0.195843 0.212976 0.221937 0.190626 0.188123 0.157294 0.211734 0.242138 0.168771 0.131959 0.151346 0.138320 0.123779 0.192575 0.193912 0.152147 0.214074 0.210512 0.179533 0.226668 0.209617 0.195132 0.162466 0.183754 0.171007 0.143002 0.242780 0.214130 0.110279 0.160033 0.183735 0.147839 0.099291 0.138294 0.125055 0.059862 0.185749 0.109178 0.087284 0.076351 0.123330 0.151754 0.076018 0.083886 0.155738 0.157548 0.051637 0.113267
1.479873 0.828501 217.6379 217.6379 826.0348 0.000000 17.692144 13.148707 7.163528 1.420292 5.054529 9.251133 12.196367 13.603575 13.554391 12.461014 10.390064 8.118003 6.522271 6.189594 5.775386 4.296199 2.415430 1.071670 1.687759 2.609518 3.263674 4.032300 5.283271 5.992698 5.989851 5.699941 5.742891 5.945977 5.743319 6.254361 8.317028 9.954254 9.468683 8.453578 10.489889 14.175214 13.954110 8.322592 11.964730 32.898273 55.006076 71.905137 79.153386 75.195426 61.649787 42.648405 23.421386 10.571065 8.723965 10.803716 9.469486 5.308916 2.285556 3.602189 5.633271 5.536234 4.173874 2.745099 2.247885 1.977406 1.232868 1.126798 2.013906 2.958256 3.396164 3.643538 4.049925 4.664780 5.211006 5.449194 5.298407 4.842448 3.615859 2.653675 5.344482 10.379821 15.418533 19.405415 21.089448 20.057011 16.308962 10.568637 5.041961 5.834211 9.456149 11.175317 10.406109 7.595993 3.892134 1.296195 2.976717 4.633207 6.012424 7.289253 8.194538 8.279002 7.452578 5.844548 4.381268
1.530089 1.195047 214.4205 194.9277 214.4205 0.000000 25.950603 5.460632 8.184516 7.040193 2.212204 8.000856 13.691712 16.355769 16.873556 15.351506 10.609440 6.135461 5.883592 6.816230 5.312724 5.069527 4.881106 3.173753 4.913059 5.853787 2.764342 3.571171 7.254112 6.730275 3.807602 1.715162 1.397946 2.681986 4.120143 6.389209 6.952497 7.798762 10.051468 15.016539 14.513143 19.595739 32.277208 11.550643 53.112464 47.657020 50.146242 139.492334 148.623568 89.213564 33.672095 10.547194 16.520009 16.122110 9.466185 8.793969 4.636765 7.637836 5.787932 9.089490 10.545453 10.426954 10.124064 6.842011 2.924037 1.580542 3.001867 6.485702 8.827617 7.443584 5.691269 4.708786 1.511546 5.700602 7.051238 3.458057 8.301792 6.790851 3.699800 8.998508 21.713804 28.872130 23.202228 22.611104 25.096164 16.522113 6.638680 7.607385 7.739947 3.820311 9.806966 12.792325 8.267899 7.446182 9.973803 7.867365 4.084945 2.026704 3.606582 7.112327 9.983960 10.260334 7.349738 3.414254 2.582541
1.582332 1.240176 208.9937 208.9937 811.6731 0.000000 24.040977 5.775433 6.788072 9.217143 2.331522 9.565241 12.605708 16.166352 17.853327 15.223462 9.265585 6.940838 6.301755 6.403549 5.280901 4.793975 3.409001 2.638495 4.539557 3.357699 3.648459 3.061220 5.669320 6.590981 5.156069 4.117249 2.569214 3.975854 6.700070 5.913317 5.088958 12.604145 14.614100 14.417393 8.992774 19.126598 19.953824 13.847626 39.057449 72.063492 76.369949 155.779957 133.853003 79.248844 36.915709 13.469836 18.350412 14.082611 9.605614 7.638427 6.839570 5.966067 6.204947 9.850890 9.038603 8.336117 5.337649 4.538260 4.387828 2.929558 2.935108 4.739548 6.457648 9.621657 10.452475 3.585662 6.651016 1.919102 7.937602 3.075513 10.339073 7.157798 3.426771 10.066393 24.057623 28.765403 21.836742 24.584778 22.439623 13.801660 8.218836 8.571001 6.295937 6.065004 11.232102 9.738542 7.020825 10.293681 10.978320 6.679900 3.375711 2.415696 3.725854 8.392742 10.905809 9.942621 5.361831 3.700017 2.705301
1.630017 1.241167 214.5625 214.5625 833.3010 0.000000 24.554083 5.757823 6.532287 10.201496 1.523853 8.856191 12.163768 15.392129 18.365343 16.775153 10.442820 6.951320 6.608765 6.285765 6.483024 4.186080 4.820793 1.924101 4.283783 4.818026 2.352574 4.221029 3.095370 6.743020 6.809611 4.361436 3.203295 2.748628 3.859026 6.832025 6.867965 5.938317 13.146745 13.883768 15.273931 8.669070 17.386990 22.606695 14.924494 36.761424 74.831291 65.081489 157.570028 141.252834 87.382726 44.075024 11.658499 19.354905 15.999060 8.849377 10.390678 4.831100 9.166288 2.549271 9.978723 9.766978 8.273183 7.510269 4.118499 4.459404 4.328227 2.340822 3.302317 5.530505 7.224505 10.149962 9.112909 3.591803 6.397344 2.481123 7.280690 3.952930 9.835557 6.936838 3.626508 10.647270 23.849033 29.212951 21.495257 24.711682 23.174970 14.903050 8.128255 8.659245 7.426830 4.509892 11.117385 10.856920 7.388353 7.910575 12.429704 8.537651 4.256573 2.839887 2.854723 5.907009 9.933099 11.095535 8.308782
1.681096 0.944611 214.9054 214.9054 234.8966 0.000000 15.385388 11.050547 10.715535 10.650928 7.723624 3.608615 3.859784 4.284859 5.211287 4.899949 3.353285 0.756830 2.218493 2.148004 6.364378 6.622263 4.559905 2.200847 1.730091 3.560667 1.910502 2.612102 2.288305 1.192591 5.343483 7.392359 7.968152 6.045055 6.405601 5.339329 3.419674 7.415287 5.950842 8.571246 15.431517 18.274503 21.986020 14.761234 7.481888 17.175177 67.799004 102.258102 103.181817 72.000612 49.370174 38.227309 38.312251 32.830829 23.270269 9.945766 6.646362 14.610381 9.359667 3.645841 10.599364 14.238782 13.778750 6.650074 2.815510 1.200896 3.390291 4.985718 5.512459 6.728754 7.527602 11.378264 12.618800 5.225841 5.662739 6.382048 3.708978 11.650652 12.480622 6.965487 8.093107 14.448152 18.034891 14.220474 3.636488 7.350772 10.353982 10.858141 11.907797 11.018978 8.106322 7.263040 5.494055 5.415673 6.615989 11.825150 12.665888 7.842955 4.372781 4.649984 1.485467 3.729111 4.871320 5.928731 5.634114
1.729898 0.358503 199.5309 199.5309 219.4840 0.000000 4.475832 3.250085 2.100885 1.174300 0.187318 0.866348 1.651740 1.169657 0.999513 1.159965 1.084244 1.400065 2.469173 3.009586 2.554163 1.184744 1.162089 1.244890 0.626862 0.352374 1.557736 2.566789 2.733220 3.098334 2.902264 2.493711 2.862092 2.788632 2.152125 1.174596 2.975146 4.303299 4.086856 4.696839 6.585290 7.610672 5.961469 10.990322 24.575233 35.044454 33.830303 26.943745 23.556304 18.008993 11.915812 10.592599 8.510257 6.623654 4.703959 5.130336 6.502255 7.331548 7.699228 6.841964 5.270087 4.531261 5.346916 6.096391 5.780232 4.889354 3.835795 3.063557 3.188072 3.709645 4.106627 4.573335 4.830508 4.701218 4.131612 3.573652 3.239591 3.124597 3.093210 2.861335 2.429706 2.406808 3.160341 4.284684 4.849317 4.715982 4.168250 3.641322 2.945235 2.135906 2.362554 3.672991 4.440911 3.901075 2.743129 1.515366 1.043378 2.109561 3.105658 2.944949 1.726103 1.396508 1.502960 1.406651 2.344379
1.781823 0.052290 200.3924 200.3924 215.4218 0.000000 0.349041 0.123041 0.284651 0.329208 0.415011 0.226323 0.214972 0.426247 0.130342 0.567464 0.421746 0.468882 0.714099 0.517556 0.712860 0.621570 0.778550 0.733345 0.466833 0.346405 0.307887 0.562621 0.798282 0.912859 0.817608 0.838246 0.825163 1.020624 1.117227 1.206323 1.366146 1.316638 1.421527 1.374057 1.794787 2.240880 2.568770 3.043365 3.870234 4.494921 4.251341 4.178406 3.379424 2.026300 0.763928 0.555755 0.772753 0.662076 0.426289 0.588421 0.316297 0.509357 0.491465 0.480593 0.500656 0.529450 0.550410 0.507491 0.568241 0.540669 0.488834 0.564344 0.452411 0.427145 0.383962 0.332829 0.298185 0.180969 0.194116 0.180697 0.169583 0.232168 0.208905 0.208365 0.269424 0.251787 0.236360 0.147316 0.158928 0.140003 0.104750 0.046429 0.062230 0.072961 0.148110 0.096391 0.165444 0.316299 0.433520 0.379367 0.233309 0.336687 0.572269 0.740194 0.937657 0.968807 0.867375 0.773755 0.668018
1.829889 0.006142 29.9114 29.9114 204.3943 0.000000 0.166127 0.195826 0.162082 0.199203 0.249380 0.447215 0.328041 0.383118 0.167584 0.250451 0.019516 0.032375 0.153342 0.181480 0.127074 0.116957 0.169680 0.190622 0.080360 0.072047 0.189116 0.166493 0.141328 0.050948 0.157621 0.117653 0.045469 0.054800 0.050617 0.068429 0.038028 0.076000 0.112410 0.112404 0.039451 0.129814 0.155265 0.182634 0.245694 0.218702 0.270400 0.199884 0.229540 0.145834 0.176367 0.186342 0.077515 0.214963 0.199329 0.264516 0.251656 0.169973 0.074155 0.048521 0.042300 0.040177 0.058915 0.043784 0.055130 0.059646 0.104409 0.041761 0.046968 0.032351 0.042094 0.044839 0.037768 0.062495 0.036029 0.040417 0.080305 0.107264 0.052381 0.059321 0.063777 0.021450 0.031717 0.065306 0.022837 0.039173 0.061573 0.096302 0.066994 0.075762 0.099102 0.085783 0.071882 0.084296 0.059611 0.058215 0.031265 0.031575 0.034272 0.074182 0.045565 0.024020 0.031525 0.051281 0.067138
1.880108 0.005177 24.9290 24.9290 89.7443 0.000000 0.226900 0.161592 0.207951 0.120885 0.369170 0.312936 0.340466 0.257690 0.154095 0.159686 0.133948 0.106907 0.192389 0.058784 0.040048 0.176954 0.157226 0.222880 0.032632 0.120735 0.193400 0.113107 0.220896 0.093392 0.115632 0.116477 0.074822 0.037046 0.100185 0.052100 0.074754 0.081360 0.064236 0.108975 0.078782 0.030940 0.143597 0.054658 0.103940 0.066742 0.198724 0.181760 0.107248 0.074622 0.061469 0.084263 0.114517 0.052043 0.043438 0.123213 0.103950 0.090601 0.119686 0.059723 0.013053 0.023727 0.069041 0.020030 0.022744 0.082020 0.099891 0.077405 0.104347 0.060711 0.025934 0.042823 0.028621 0.074696 0.065694 0.051452 0.055797 0.139512 0.039420 0.046617 0.068028 0.048459 0.045981 0.062241 0.022708 0.058504 0.083709 0.097734 0.076250 0.031012 0.060378 0.035118 0.048363 0.059118 0.057145 0.035153 0.055113 0.015977 0.044519 0.066639 0.030439 0.033021 0.046186 0.031858 0.054817
1.929892 0.005236 34.9018 34.9018 104.7054 0.000000 0.215414 0.061457 0.207516 0.172469 0.321004 0.326295 0.473012 0.334519 0.184809 0.071487 0.148953 0.069542 0.091891 0.113384 0.173254 0.070091 0.100912 0.179727 0.053384 0.113610 0.247988 0.121155 0.236847 0.152991 0.050548 0.085719 0.065314 0.022323 0.101301 0.020419 0.047562 0.075500 0.048231 0.132677 0.112662 0.057335 0.089795 0.070668 0.051274 0.155805 0.136522 0.091852 0.057458 0.102934 0.079384 0.086183 0.121511 0.059037 0.033125 0.130178 0.105474 0.073825 0.076150 0.025183 0.008942 0.032109 0.051345 0.034934 0.055290 0.077543 0.083564 0.115214 0.099939 0.041654 0.067476 0.085909 0.053056 0.064175 0.071140 0.074497 0.057146 0.116357 0.066848 0.038163 0.060850 0.069327 0.047477 0.056613 0.025396 0.055963 0.095726 0.094116 0.055297 0.039997 0.072037 0.035632 0.035896 0.053868 0.059667 0.037545 0.055559 0.018536 0.030542 0.060160 0.044837 0.018576 0.036924 0.042707 0.054133
1.977470 0.004685 45.4565 30.3044 45.4565 0.000000 0.231173 0.057460 0.216013 0.043160 0.178361 0.296718 0.123019 0.057893 0.311182 0.236218 0.105652 0.178292 0.170990 0.089192 0.190080 0.148159 0.069062 0.058263 0.168688 0.114821 0.125525 0.048422 0.166125 0.174972 0.061859 0.081367 0.111166 0.074070 0.084989 0.056611 0.035965 0.079473 0.104345 0.115566 0.098773 0.078575 0.053217 0.047547 0.034034 0.081123 0.196133 0.142446 0.086158 0.049302 0.012268 0.063508 0.126623 0.087595 0.055764 0.077469 0.105123 0.081083 0.048710 0.058779 0.057451 0.081561 0.092188 0.079051 0.064968 0.068949 0.044719 0.053970 0.132299 0.097908 0.056298 0.066611 0.042682 0.026296 0.041492 0.070426 0.058259 0.038872 0.082880 0.036263 0.029608 0.058255 0.073925 0.069477 0.066626 0.067881 0.092211 0.087648 0.055439 0.026584 0.063453 0.038176 0.023382 0.051467 0.025547 0.046217 0.038059 0.051591 0.045647 0.031729 0.096569 0.028784 0.040862 0.045654 0.023576
2.025002 0.004603 29.8554 9.9518 29.8554 0.000000 0.115561 0.207824 0.062028 0.187008 0.211813 0.395433 0.109997 0.165988 0.263208 0.173668 0.111019 0.045588 0.133408 0.095466 0.190490 0.113627 0.059697 0.097236 0.100079 0.035399 0.039913 0.151218 0.176677 0.088151 0.096359 0.093696 0.160938 0.074749 0.087013 0.018586 0.084616 0.106412 0.107551 0.111340 0.078415 0.114590 0.075185 0.074685 0.070356 0.108450 0.125889 0.084093 0.105601 0.088885 0.096311 0.058647 0.154855 0.033956 0.075170 0.116810 0.141394 0.047993 0.078353 0.092916 0.124545 0.106839 0.073491 0.069624 0.077859 0.085115 0.065218 0.083969 0.051311 0.065258 0.091618 0.025089 0.035760 0.037401 0.070686 0.104238 0.067870 0.063412 0.026243 0.025074 0.037758 0.043253 0.045244 0.053564 0.081947 0.062157 0.029764 0.020800 0.035982 0.030191 0.036581 0.037273 0.028825 0.038820 0.048092 0.061178 0.053057 0.043523 0.052892 0.057715 0.054368 0.065027 0.048680 0.044979 0.043803
2.077508 0.368835 208.9171 189.0202 208.9171 0.000000 1.335692 1.239164 1.478614 1.715454 1.596764 2.137185 2.088369 2.485243 2.337798 2.586029 2.636406 2.828250 2.976780 2.776279 2.617875 2.656880 2.341006 2.082591 1.660323 1.283086 0.934889 0.677967 1.004269 1.564147 2.179528 3.008289 3.835035 4.725568 5.631640 6.810822 8.104900 9.466642 10.978217 12.551696 14.271501 15.869830 17.416652 18.568087 19.658284 20.339681 20.627480 20.509205 19.880571 19.078190 17.797115 16.513147 14.991927 13.236345 11.701784 10.400167 9.270678 8.345413 7.741853 7.205846 6.767597 6.503891 6.082918 5.704588 5.283598 4.814183 4.279226 3.757514 3.195163 2.590938 1.917646 1.325033 0.677723 0.333105 0.624740 1.240705 1.927719 2.499424 3.033193 3.623163 4.106406 4.484529 4.838632 5.186601 5.361340 5.405661 5.421634 5.343799 5.244042 5.083681 4.944987 4.866818 4.862038 4.973341 5.080105 5.196731 5.308178 5.309393 5.271225 5.111524 4.805331 4.430413 4.051774 3.659381 3.253072
2.125384 1.020815 213.8344 213.8344 811.5986 0.000000 15.782363 9.827076 3.669047 0.577711 3.283559 10.054984 17.720356 22.954103 22.552200 17.294044 10.178469 5.023499 5.610330 8.066397 6.454296 3.729387 6.194547 9.619855 7.423940 3.232756 4.477420 5.765033 2.725835 2.660431 5.087959 8.310584 11.682489 12.037269 8.364818 8.159587 11.097764 7.121522 6.361609 18.492098 19.296543 5.645103 19.889049 30.279022 19.152010 30.330534 79.624553 110.544012 108.466073 77.602467 36.797658 11.794425 12.871666 13.005544 7.294543 4.026919 5.447494 6.429396 5.801872 4.613882 3.154481 1.699633 0.777550 2.088814 5.108184 7.388470 7.111144 4.635338 3.026292 3.678192 3.976993 4.498559 5.018804 4.346422 3.889017 4.406901 4.180791 3.910759 3.945309 4.309222 13.336673 25.671670 34.483636 34.915865 26.754499 13.766005 4.672013 5.569619 6.886674 4.754154 3.362039 3.495220 1.980832 2.582029 5.576887 6.037149 5.284783 7.766242 11.126650 11.434302 8.798612 5.393578 3.508630 2.672977 1.750050
2.176908 1.248287 216.6250 216.6250 822.1904 0.000000 23.544750 6.352661 6.308914 5.530493 5.015624 10.264537 17.794993 22.825383 23.092763 17.138283 6.953659 2.007121 3.180806 4.486660 5.305945 3.407283 8.190964 5.018944 5.190064 5.991142 4.556206 3.021386 6.231816 6.652598 4.736213 4.460888 7.268457 6.016998 5.000110 7.410995 10.018469 9.893745 8.283881 14.709153 11.767883 13.394560 17.470497 15.402448 20.551973 37.106466 38.304681 118.222060 172.350445 106.930227 38.499067 15.268142 11.874966 7.233213 5.803848 2.105518 8.965353 10.736915 9.952991 11.283843 8.920224 5.029256 4.216681 3.089952 2.442554 5.175193 6.129724 8.831606 4.516517 2.272790 4.604237 8.959503 2.605331 8.605525 8.391232 3.601873 4.095855 5.508456 2.804147 4.906742 9.061538 15.798347 32.147062 38.011788 36.486634 25.580804 11.734992 5.985987 7.366662 9.592652 5.689688 4.462774 5.350307 5.154688 7.474418 9.302057 6.144716 2.565311 4.348518 10.065722 11.930686 10.882449 8.004292 3.730463 2.935506
2.227652 1.259822 219.5885 219.5885 833.4382 0.000000 22.347615 5.359839 5.581552 6.824067 4.553436 9.312182 17.808498 22.574714 23.211719 20.147525 6.731993 3.202497 0.896996 5.083793 4.528141 1.627842 8.390356 6.572340 4.652010 6.928429 4.571659 2.550444 6.155484 8.231294 3.850443 5.127191 6.162758 6.453789 5.779662 4.438226 7.295229 15.542907 9.753115 13.072828 15.676470 7.838438 12.425743 27.778156 15.936760 16.215002 54.096769 49.531025 167.637588 163.470842 71.502966 18.517928 14.064194 9.673673 7.158375 3.628111 2.189174 10.808250 11.003313 9.993044 11.251996 8.004552 4.716861 3.846657 2.573641 3.146933 5.082871 6.692798 8.390166 3.871262 2.769262 5.422410 8.345192 3.143993 8.443193 7.888130 4.596103 5.036007 5.309397 2.387062 4.801254 9.609763 15.767062 31.274381 37.824070 37.834214 26.156032 13.443481 5.413165 6.346624 9.423670 7.163648 4.854247 4.747085 4.649854 6.694622 9.870479 7.365311 2.747759 3.495896 9.033124 12.364803 11.117565 9.897892 3.464910
2.280018 1.219432 211.4062 211.4062 802.3828 0.000000 21.929507 7.574246 3.821401 8.365548 7.394824 11.581019 17.331274 20.688286 22.327192 16.783892 7.090520 4.069786 4.991020 6.137807 3.595895 6.916881 7.542506 5.340652 6.965245 6.186444 4.086234 5.182648 10.458452 7.231182 8.239962 4.603305 1.504361 4.243541 6.297611 14.020137 12.440290 12.654428 12.489514 6.566497 9.383944 12.894998 18.233342 15.667749 28.345879 48.894994 121.422655 158.408915 104.032508 39.860890 26.283028 13.149927 17.249804 10.777393 9.657435 15.527210 14.844880 10.103843 15.688407 5.064653 3.463977 7.685478 7.903899 7.219058 6.762814 5.495849 3.317899 2.261577 4.693843 5.388357 5.450273 6.615718 5.285314 5.163105 3.443359 5.587487 4.562521 5.786080 9.139102 13.866019 31.714931 37.267708 36.914705 25.637899 13.366676 5.872190 6.562915 9.701943 6.744021 4.343629 4.754882 5.241008 7.469705 9.091906 6.065942 2.468510 6.321211 9.753424 9.393625 11.141103 6.472743 4.330473 4.358149 6.121471 1.784946
2.325161 0.762816 217.2410 217.2410 232.3974 0.000000 10.284585 7.941450 7.856818 8.410045 7.218249 5.394716 4.159771 3.243520 5.628543 5.439336 3.057604 2.916746 3.668220 2.716123 2.065720 1.433159 1.750497 3.975675 5.595708 4.962610 3.563024 4.497767 6.346948 7.519143 7.209106 4.896543 4.819614 5.708376 5.680507 7.670267 11.455520 12.823848 9.006171 4.390202 4.383746 7.331290 8.062650 16.214184 25.462518 16.886987 35.323119 67.532773 80.214558 75.036107 59.475051 41.402233 23.534141 12.364503 11.948864 12.631999 8.695477 9.494848 15.376640 16.386772 11.742501 5.219881 1.859670 2.066173 1.433313 1.412502 1.929533 1.758278 1.863743 3.241647 3.251044 2.415732 4.143915 7.284724 8.643498 7.795020 7.190896 7.777382 5.569959 2.687140 4.888112 10.088320 13.551889 12.302532 7.431270 4.825314 5.326683 4.392891 2.184765 1.247166 3.183824 4.525585 5.102108 5.599307 4.474676 5.942187 6.708570 7.114468 6.715108 6.659360 6.276370 4.444906 1.502892 2.249846 2.647644
2.376905 0.186421 210.0293 194.2771 210.0293 0.000000 1.587064 1.451446 1.404856 1.161997 1.015044 0.525975 0.458230 0.666461 1.146012 1.494336 1.500994 1.544440 1.786842 2.079136 2.375584 2.526355 2.230358 2.037922 2.030504 2.046990 1.797497 1.888330 1.825771 1.551877 1.640816 2.104051 2.680261 2.823441 3.119412 3.460755 3.789929 4.205218 4.673306 5.046887 4.994033 4.498854 4.311053 5.681078 9.107400 13.162625 16.958242 17.875759 14.766798 9.985550 7.545261 7.444598 5.917449 3.805071 2.908910 2.062660 1.283280 0.848315 0.791267 1.072852 1.350475 1.466065 1.438867 1.291502 1.348310 1.592214 1.834257 1.576711 1.297821 1.121239 1.341995 1.430076 1.592798 1.638593 1.642992 1.621772 1.661910 1.922004 2.202322 2.260065 1.991383 1.527936 1.221525 1.230982 1.571830 2.099592 2.460604 2.618305 2.506890 2.234390 1.955500 1.902728 1.810381 1.614005 1.565782 1.595780 1.315898 0.708827 0.662362 0.935093 0.951275 1.012460 1.237468 1.464249 1.981452
2.424998 0.022234 214.3487 194.4093 214.3487 0.000000 0.255290 0.170557 0.137733 0.399536 0.437415 0.098001 0.317761 0.189935 0.262964 0.138303 0.424295 0.162591 0.110429 0.095733 0.434155 0.338777 0.345131 0.246909 0.295188 0.255507 0.311791 0.401034 0.387123 0.124209 0.218468 0.261984 0.169478 0.380756 0.303702 0.334438 0.304690 0.303351 0.363271 0.479902 0.542812 0.575759 0.883158 1.026850 1.311004 1.325173 1.396830 1.513784 1.766738 1.545612 1.456123 1.147312 0.604248 0.439374 0.399528 0.501450 0.274656 0.244376 0.302129 0.265030 0.239997 0.258497 0.295042 0.187089 0.136729 0.111656 0.184978 0.095839 0.140295 0.238595 0.148011 0.080955 0.125620 0.061182 0.130747 0.133680 0.136405 0.054837 0.046814 0.055556 0.094959 0.124987 0.095820 0.103008 0.091844 0.058637 0.039554 0.055138 0.084862 0.075820 0.057994 0.056378 0.095101 0.188044 0.276022 0.276642 0.322900 0.338080 0.302841 0.244248 0.228093 0.208715 0.119624 0.082910 0.079170
2.469899 0.005288 136.4279 43.8518 136.4279 0.000000 0.077271 0.127631 0.159664 0.185090 0.266786 0.168989 0.201582 0.196567 0.268733 0.139608 0.142110 0.062159 0.122682 0.212328 0.205781 0.152465 0.133422 0.101858 0.117573 0.141764 0.142493 0.145116 0.097188 0.055990 0.132545 0.145104 0.270806 0.249784 0.198481 0.075373 0.117087 0.142097 0.068707 0.056045 0.052347 0.148505 0.090009 0.025159 0.195782 0.138020 0.127343 0.126008 0.166510 0.045841 0.132126 0.055452 0.093249 0.112755 0.166003 0.202064 0.084289 0.075615 0.060067 0.050980 0.088166 0.086532 0.071065 0.100087 0.053779 0.059586 0.046922 0.103989 0.064297 0.107711 0.055905 0.039046 0.044146 0.046496 0.104451 0.085030 0.058582 0.050059 0.064421 0.082495 0.119685 0.035193 0.025001 0.005358 0.058573 0.028069 0.057463 0.044904 0.020201 0.043612 0.058261 0.029646 0.049170 0.014951 0.019759 0.034488 0.035546 0.068006 0.065198 0.053016 0.060853 0.059368 0.058018 0.030741 0.037183
2.525169 0.005171 25.2621 25.2621 151.5727 0.000000 0.130850 0.175668 0.036088 0.109668 0.450546 0.226470 0.145669 0.203825 0.244779 0.202165 0.134277 0.177875 0.049040 0.137894 0.232378 0.069801 0.121090 0.184117 0.157475 0.189228 0.090360 0.073643 0.061353 0.052137 0.108909 0.130702 0.074659 0.175046 0.223395 0.281112 0.154601 0.053383 0.121364 0.118307 0.090343 0.059654 0.154201 0.133132 0.067146 0.158795 0.123119 0.092184 0.072481 0.045703 0.102607 0.101209 0.049856 0.057932 0.080443 0.072233 0.102418 0.093007 0.038113 0.027632 0.020470 0.033640 0.052869 0.068289 0.057910 0.091554 0.080382 0.028949 0.057247 0.078722 0.086990 0.078684 0.097646 0.043758 0.012315 0.027082 0.082918 0.094381 0.058156 0.034077 0.029318 0.052038 0.068641 0.080160 0.020051 0.029510 0.016813 0.047542 0.014475 0.024222 0.028354 0.035911 0.030191 0.067838 0.020576 0.060974 0.030491 0.036678 0.027188 0.043116 0.049072 0.064958 0.045736 0.034953 0.083320
2.569945 0.005286 144.4920 34.8774 144.4920 0.000000 0.132205 0.152192 0.085371 0.064692 0.256441 0.311883 0.326002 0.274949 0.123381 0.178201 0.098783 0.103002 0.029793 0.144345 0.173311 0.138460 0.215428 0.201182 0.167366 0.214843 0.037358 0.043863 0.102104 0.046352 0.122903 0.135868 0.048786 0.147524 0.342105 0.183371 0.113517 0.027610 0.144583 0.136409 0.135348 0.105650 0.210554 0.086303 0.086873 0.217523 0.069921 0.159168 0.051787 0.114766 0.133107 0.092702 0.098664 0.069786 0.025670 0.094042 0.130751 0.025309 0.055801 0.042987 0.069032 0.078710 0.089639 0.053766 0.057079 0.132644 0.076588 0.052984 0.057128 0.018438 0.046028 0.077814 0.080992 0.038391 0.066670 0.116267 0.069374 0.042886 0.027073 0.046258 0.058030 0.037914 0.064823 0.053553 0.056919 0.038413 0.034600 0.032104 0.024367 0.032962 0.036231 0.042650 0.056763 0.030135 0.064198 0.032844 0.016685 0.043147 0.073759 0.064951 0.051690 0.041306 0.065762 0.085368 0.063398
2.622332 0.005400 29.9038 29.9038 94.6954 0.000000 0.204453 0.081076 0.143925 0.223421 0.244059 0.355675 0.318992 0.250884 0.216792 0.246315 0.163802 0.048004 0.078913 0.093867 0.123155 0.131894 0.157823 0.040035 0.332409 0.091447 0.074227 0.064495 0.169478 0.123413 0.046607 0.108436 0.155473 0.073632 0.245828 0.130681 0.175926 0.075703 0.180665 0.090819 0.137112 0.163287 0.137694 0.109423 0.095253 0.208017 0.053213 0.156825 0.060570 0.102162 0.140062 0.043709 0.099927 0.090280 0.070991 0.103449 0.087193 0.061828 0.054499 0.082343 0.092180 0.041522 0.070953 0.052355 0.050424 0.150283 0.082401 0.050577 0.075087 0.070087 0.079574 0.054229 0.046120 0.051250 0.047878 0.055293 0.038165 0.085327 0.053425 0.077027 0.061047 0.030838 0.056254 0.059726 0.052377 0.039191 0.036272 0.048056 0.039211 0.021154 0.038079 0.041304 0.047903 0.079870 0.063310 0.070697 0.040638 0.073054 0.069378 0.045255 0.032909 0.060589 0.070260 0.050289 0.032269
2.670003 0.032844 207.1249 187.3988 207.1249 0.000000 0.716148 0.775287 0.715387 0.921156 1.003214 0.642801 0.636181 0.912330 1.001782 0.914009 0.852252 0.751659 0.834528 0.869414 0.945864 0.860392 0.709923 0.972645 1.160258 0.931281 0.854641 0.864506 0.974956 0.909255 1.012588 1.053360 1.025606 0.998223 1.024347 1.062601 0.981214 1.073160 1.161972 1.176270 1.127506 1.112098 1.207859 1.178618 1.085848 1.146435 1.234739 1.119413 1.080725 1.042661 1.016436 0.936665 0.937731 0.873996 0.964196 0.914026 0.757236 0.737207 0.781937 0.668240 0.677840 0.542913 0.520165 0.581710 0.414964 0.471937 0.310128 0.408786 0.322763 0.382532 0.284157 0.292766 0.299462 0.326636 0.242952 0.160362 0.289703 0.215242 0.069410 0.129775 0.131221 0.188274 0.198429 0.185554 0.125001 0.192921 0.190664 0.108893 0.165361 0.191922 0.217989 0.225693 0.150231 0.198633 0.174028 0.213866 0.209156 0.325026 0.305592 0.286364 0.316660 0.312075 0.299841 0.288330 0.293651
2.720013 0.874880 221.9170 221.9170 237.0477 0.000000 12.788362 12.033358 10.836188 10.044666 9.157308 9.704610 9.638930 9.462118 9.509026 9.197229 8.643082 7.163357 4.931290 2.801106 2.832371 3.330821 2.939689 2.213723 3.214539 4.514888 5.152537 4.778859 3.631048 1.996487 0.971680 2.398753 4.396080 5.733816 5.628348 4.533364 5.823459 10.206619 13.858903 13.699404 8.501174 4.791309 10.824657 16.558208 14.296331 12.319301 27.118024 51.578141 72.608296 83.477829 81.513426 67.922830 47.874198 27.888902 15.702838 14.105646 16.388689 16.655777 14.534434 11.291429 8.510031 6.956820 5.684105 3.902415 3.172895 4.733005 6.878503 7.703641 6.691339 5.225840 5.615697 7.403749 8.502444 8.789263 9.611759 11.084045 11.696505 9.972484 6.279584 4.653654 7.736188 11.049522 12.387539 12.901925 14.407357 17.215154 19.742708 20.345824 18.325070 14.204294 9.164821 5.575948 5.249631 6.286297 6.070996 4.284077 2.891291 4.216157 6.562522 7.619157 6.925419 5.086006 3.063847 1.562482 0.584385
2.772116 1.221885 212.4642 212.4642 796.7409 0.000000 29.031539 9.329461 3.290172 3.238710 7.428787 14.524015 18.146491 18.336141 10.349485 4.986900 10.566549 5.652928 3.966343 5.066757 3.880858 5.194499 7.312044 7.948547 5.189864 4.820451 6.528736 5.528783 5.506401 6.527655 7.045720 3.716343 12.134588 11.324043 7.039425 2.727032 15.938720 13.795166 3.762414 8.039872 10.894307 10.712735 10.522412 21.452016 40.820325 37.434900 66.214201 148.351445 143.588464 66.699118 29.024181 22.606808 16.274774 9.586241 9.575411 16.012799 12.006764 2.873650 2.225567 2.030774 0.728798 3.094507 2.782184 4.448628 3.631224 4.152716 6.007640 7.407050 8.197004 4.275203 2.819177 6.796752 8.971714 10.942005 12.838428 10.678331 8.298364 7.322208 11.886779 20.672557 16.869471 10.573440 21.864597 28.730232 27.383680 21.476036 10.751225 4.733553 3.213299 3.882875 1.184093 5.156501 6.753306 8.690847 10.635830 6.698744 8.659963 11.175348 7.425990 3.168724 2.753372 5.339316 5.007306 3.757622 5.936152
2.820012 1.256446 216.1789 196.5262 216.1789 0.000000 27.337742 10.692302 1.348089 3.852432 6.005267 13.304057 19.320255 18.525917 12.007758 2.840336 10.631015 6.785537 3.060100 3.563926 4.650223 5.807610 5.495747 5.813494 7.403325 5.436108 5.368547 6.555656 5.812529 5.376701 5.055847 5.282973 7.908683 9.214775 7.860803 4.570598 9.264981 16.045267 9.439417 8.747883 7.385912 10.974801 13.006735 11.919046 29.270365 40.750176 26.242274 108.463407 175.019296 120.648762 48.117688 27.446101 11.520584 7.598349 8.667441 7.655707 11.884399 13.663527 7.351359 5.170204 5.429904 2.517967 2.348320 4.838550 3.935567 3.207787 6.042293 4.035197 4.438810 7.622068 6.299527 2.001155 6.681594 10.265661 10.546443 11.427370 12.726818 11.383259 8.871080 7.997489 20.148632 19.037870 9.522126 14.860661 27.662494 29.220456 23.379997 14.906593 7.579110 4.570980 3.309373 2.429237 4.275240 5.779997 7.956845 10.132730 7.513147 6.268582 10.642535 10.954056 4.997158 1.401295 4.426194 6.324572 3.417025
2.875940 1.256979 218.3961 198.5419 218.3961 0.000000 27.379509 11.175288 1.590101 3.639702 5.523405 12.902937 19.128664 19.381329 12.808605 1.443274 11.332355 6.940009 2.571798 3.720078 4.186616 6.071097 5.344698 5.401921 7.771666 5.544543 4.739491 6.775239 5.942548 5.265416 5.094344 4.774628 7.383752 9.103259 8.840315 5.802651 5.054113 14.707071 14.702523 4.653122 9.301845 7.875595 14.770395 12.640964 18.468052 39.497734 36.980071 55.272907 152.431950 159.434585 79.888975 31.581144 19.629403 7.928379 8.127256 8.285285 8.791028 12.652422 11.429133 6.240302 5.015596 4.132657 2.786826 3.389973 4.735167 4.122861 4.661818 5.009132 4.039979 5.943267 7.386758 4.238746 3.541276 8.144357 10.483537 10.500953 11.830105 12.276078 11.453694 6.571014 11.281278 21.453684 16.236216 9.111414 18.608265 28.904700 28.217862 21.950401 13.500720 6.731434 4.319258 3.288897 2.443345 4.430577 5.907057 8.742193 10.231070 7.046950 6.161891 11.010123 10.675327 5.063317 1.204099 4.426751 6.415038
2.922941 0.925260 214.0423 4.9777 214.0423 0.000000 20.862186 14.053351 9.255219 5.512943 8.281548 9.931868 10.611912 10.325394 11.200188 10.128302 6.730542 2.120912 3.450500 3.998805 4.648989 5.311881 4.593486 5.039300 6.622850 4.717022 1.039149 1.465849 1.637816 3.866522 5.266316 3.650474 1.607900 1.841854 6.541295 9.134385 8.657680 5.520090 7.012570 10.232127 11.085180 8.163700 14.441808 15.839573 18.809812 29.058625 35.889076 85.101714 111.426940 96.385278 58.509380 25.289705 12.100246 11.916385 11.652455 10.380878 6.787759 3.534410 7.626732 12.402000 9.802801 4.435596 3.638006 5.462687 4.964481 3.650100 1.445311 2.648519 3.683365 4.578791 6.413707 7.058703 5.549546 3.836838 2.829888 1.574954 2.039345 6.021736 9.634232 9.134053 6.123476 7.439134 11.379736 12.824837 14.407157 15.887219 14.034981 13.084730 13.362060 12.800803 10.510589 7.847011 7.205496 8.188026 6.091435 5.637506 7.943796 8.203229 7.904399 7.149832 7.345711 6.894626 5.765352 5.867389 5.608853
2.971473 0.325854 213.6331 213.6331 233.5060 0.000000 4.789985 2.288842 1.429827 2.504482 2.661449 2.374027 2.556617 2.946266 2.588788 2.998768 3.413618 3.126201 2.550043 1.862727 1.184249 1.503738 1.975947 2.819018 3.784157 4.203482 3.393582 2.923174 2.583223 2.221503 1.981474 1.869884 3.365615 4.171371 4.040028 4.376100 5.037406 5.495184 5.323763 4.553842 6.271784 8.402702 6.516726 5.216531 14.902148 23.648607 25.389741 24.833757 25.680090 22.577370 17.974723 15.929427 13.365382 10.984935 9.069886 8.288133 7.538712 6.918271 5.932482 4.512022 3.452735 2.512653 1.876921 2.133103 2.946668 3.132127 2.746206 2.408214 2.232564 1.833430 1.342771 1.034903 0.929323 0.981101 1.064549 1.272581 1.555232 1.695975 1.570682 1.285281 0.958966 0.849799 1.463003 2.521581 3.176314 3.038453 2.489286 2.219826 2.222352 2.043276 2.218159 2.700192 2.913703 2.845771 2.438204 1.272899 0.979986 1.372284 1.523205 2.280094 2.888965 2.842342 2.533261 1.772548 0.630451
3.020307 0.044608 207.4882 192.3062 207.4882 0.000000 0.497878 0.633552 0.415226 0.474464 0.331908 0.170460 0.333318 0.162520 0.557758 0.254222 0.262721 0.089290 0.144753 0.069525 0.147547 0.270465 0.207358 0.216346 0.306149 0.320426 0.225119 0.122613 0.287435 0.371527 0.437593 0.390758 0.294727 0.338024 0.262157 0.302557 0.495645 0.810280 1.021312 1.118105 1.380542 1.601338 1.794380 2.110724 2.769956 3.467422 3.739357 3.706589 3.391562 2.713842 1.659363 0.695312 0.499003 0.650001 0.573072 0.658030 0.833676 0.687817 0.706877 0.756288 0.606051 0.499874 0.512711 0.477653 0.408310 0.374292 0.442579 0.405432 0.332212 0.307028 0.377433 0.267457 0.388558 0.351426 0.388845 0.440665 0.420926 0.412415 0.491473 0.490146 0.386260 0.434212 0.337729 0.327432 0.373287 0.331464 0.301278 0.273948 0.293304 0.246697 0.247832 0.268285 0.068214 0.109572 0.227016 0.231649 0.373545 0.546566 0.633686 0.574620 0.447298 0.294403 0.127822 0.181299 0.216106
3.070803 0.005876 256.2084 45.2133 256.2084 0.000000 0.127715 0.259054 0.160051 0.189574 0.239215 0.118668 0.157787 0.206077 0.373369 0.153753 0.227960 0.068034 0.130916 0.039407 0.087109 0.073295 0.086199 0.134573 0.114668 0.075710 0.056722 0.052242 0.136343 0.184839 0.104461 0.082687 0.097716 0.112137 0.064791 0.041865 0.087452 0.148375 0.088520 0.131585 0.115724 0.098336 0.099293 0.126922 0.201102 0.309051 0.184561 0.174409 0.105196 0.217916 0.195730 0.176483 0.128367 0.179086 0.198937 0.306727 0.383635 0.194209 0.139636 0.073071 0.104491 0.109941 0.053464 0.041202 0.076393 0.104490 0.111808 0.053520 0.089546 0.110787 0.109357 0.058662 0.069592 0.058458 0.078455 0.072622 0.041773 0.040210 0.043939 0.084293 0.058631 0.037676 0.047933 0.028790 0.065965 0.080975 0.052897 0.060036 0.056842 0.067549 0.101775 0.082836 0.060247 0.071981 0.072020 0.078606 0.070181 0.052229 0.031493 0.024680 0.022433 0.019815 0.065204 0.065271 0.059717
3.119953 0.004707 45.5066 25.2814 45.5066 0.000000 0.112977 0.235195 0.116446 0.236337 0.276147 0.067227 0.210437 0.268367 0.344231 0.158337 0.208156 0.155454 0.074427 0.109633 0.081627 0.054449 0.134843 0.124090 0.073694 0.080738 0.053458 0.102567 0.119039 0.168937 0.071335 0.130972 0.085865 0.076456 0.050896 0.072553 0.059381 0.085370 0.050397 0.041173 0.058416 0.041407 0.067104 0.062885 0.021764 0.099901 0.079579 0.058018 0.101802 0.094700 0.070293 0.078415 0.119322 0.116176 0.090772 0.081641 0.100223 0.106209 0.056638 0.025550 0.054427 0.070420 0.039177 0.078879 0.130984 0.152510 0.111909 0.044165 0.087467 0.054648 0.079381 0.125998 0.095377 0.111946 0.061008 0.086258 0.060467 0.019263 0.031556 0.046181 0.062223 0.034962 0.082386 0.045676 0.089579 0.038477 0.042450 0.053822 0.067740 0.032857 0.054002 0.076354 0.013255 0.054283 0.064651 0.031171 0.034177 0.046855 0.078813 0.041623 0.005153 0.055651 0.040900 0.035809 0.041485
3.169936 0.004766 30.8214 30.8214 61.6428 0.000000 0.037064 0.156445 0.098908 0.045300 0.259506 0.341547 0.186519 0.245257 0.175507 0.121699 0.070459 0.224469 0.181480 0.133908 0.180031 0.127983 0.076280 0.100872 0.098283 0.082228 0.129925 0.125157 0.061818 0.127931 0.165806 0.103432 0.110804 0.070202 0.079964 0.083422 0.158508 0.118515 0.154836 0.064340 0.061957 0.056222 0.097823 0.175155 0.027273 0.030490 0.181528 0.068396 0.123698 0.133959 0.086630 0.062204 0.115410 0.151112 0.090559 0.054844 0.063435 0.040377 0.074837 0.095204 0.052259 0.064634 0.078420 0.071343 0.080067 0.073339 0.091027 0.083194 0.067693 0.094819 0.045014 0.047418 0.081769 0.036347 0.110450 0.104349 0.076010 0.065029 0.020832 0.016062 0.015270 0.037001 0.049879 0.069548 0.038119 0.100415 0.040355 0.034509 0.054183 0.056479 0.026550 0.064405 0.080202 0.054458 0.059941 0.061253 0.042897 0.030330 0.015519 0.020836 0.027469 0.015261 0.037886 0.060458 0.055235
3.217490 0.004927 30.2049 30.2049 65.4439 0.000000 0.206603 0.130203 0.024870 0.058764 0.297824 0.429384 0.037943 0.101472 0.099523 0.048180 0.094266 0.224987 0.250430 0.139642 0.125174 0.082412 0.114592 0.168331 0.037429 0.165945 0.094982 0.187267 0.227955 0.124616 0.059862 0.144507 0.110122 0.078729 0.067242 0.174307 0.183743 0.155729 0.049167 0.010908 0.053398 0.069244 0.142706 0.079969 0.043259 0.115744 0.061384 0.096373 0.132149 0.064934 0.092075 0.091278 0.094233 0.115850 0.098802 0.102691 0.080372 0.061595 0.058627 0.059635 0.049194 0.039433 0.081175 0.081928 0.087026 0.084358 0.087290 0.065487 0.059686 0.069924 0.099115 0.076342 0.083800 0.120473 0.094280 0.056769 0.037790 0.032789 0.051653 0.047009 0.048664 0.078377 0.069156 0.068670 0.054107 0.017297 0.026567 0.027943 0.031961 0.062820 0.068038 0.040721 0.048130 0.052105 0.033325 0.054181 0.037939 0.036358 0.036363 0.059108 0.055468 0.053904 0.027422 0.053977 0.049009
3.264892 0.019292 207.7730 207.7730 247.3489 0.000000 0.113527 0.133000 0.137338 0.072823 0.303238 0.432544 0.394735 0.322405 0.310362 0.182189 0.221244 0.240535 0.428590 0.200668 0.260716 0.382972 0.399023 0.331006 0.410230 0.582716 0.408035 0.385362 0.542012 0.349094 0.387266 0.406239 0.538661 0.541878 0.479471 0.497463 0.605553 0.501631 0.599835 0.591496 0.595153 0.558572 0.606333 0.694987 0.692388 0.681000 0.672975 0.701352 0.672288 0.682430 0.646419 0.655390 0.688335 0.624448 0.657177 0.698103 0.620450 0.612577 0.557698 0.507559 0.530821 0.538131 0.507832 0.417373 0.409284 0.399647 0.426372 0.466200 0.397634 0.376527 0.347371 0.233728 0.194118 0.265013 0.247901 0.210679 0.238508 0.186540 0.213656 0.209527 0.137882 0.177471 0.209517 0.223537 0.233287 0.219202 0.202022 0.225800 0.303910 0.286759 0.196728 0.287156 0.254523 0.350669 0.257408 0.305524 0.246691 0.340733 0.239398 0.345088 0.280211 0.267527 0.330483 0.259379 0.247922
3.318003 0.875225 219.4107 219.4107 239.3571 0.000000 19.882080 16.134990 11.396206 8.654451 7.728219 7.353061 6.991923 7.324581 8.691700 9.340246 8.869841 6.658610 3.406468 0.477600 4.141979 6.344966 6.280403 4.815806 2.474455 1.425352 2.252098 2.390462 3.390175 5.532079 7.500555 8.377803 8.339578 7.127720 6.505471 8.203631 12.958004 17.473479 18.108282 13.309021 4.942486 9.655364 18.573403 19.214393 13.507398 21.826773 46.618379 69.892157 83.094695 83.118421 70.867119 51.499137 32.277203 19.589526 15.249454 13.343019 11.473180 11.502849 13.743458 14.702612 12.651238 8.264136 3.712762 2.653361 3.754281 2.893254 1.721300 3.784006 5.423925 4.927039 3.152766 3.507080 7.543375 11.121621 12.550894 11.320845 7.698166 3.530379 3.257537 7.441972 10.233616 11.400116 11.993623 12.736943 13.597729 13.766429 13.009055 11.696837 10.396718 9.152296 7.338351 5.150264 3.787630 4.763690 6.514392 7.688042 8.553824 9.210833 9.297125 8.514429 6.565020 3.873411 1.868006 1.889085 2.398381
3.366477 1.214856 213.8888 194.4444 213.8888 0.000000 28.346903 14.615873 3.786153 1.748129 3.222503 10.236096 16.726840 15.311693 8.204930 3.873667 5.149736 8.703664 7.256817 3.394564 3.491931 5.878569 7.966620 4.597526 4.081657 5.018449 3.576122 3.643970 5.611480 2.935689 6.349000 11.583940 9.093902 2.874959 6.036476 16.108137 20.169404 10.950004 15.059780 8.991204 7.398029 12.936220 21.040687 7.093183 51.814264 51.604649 52.224309 143.342888 146.497223 79.167393 32.186539 26.723415 21.163394 16.701341 10.830771 10.390351 11.511059 7.404251 9.187044 10.988541 9.709407 12.288566 8.962105 5.126112 6.845319 10.749702 9.154796 4.223962 3.198851 4.558114 5.539649 6.929775 5.954712 10.535073 10.824136 6.033907 7.729921 6.043020 16.319041 17.078104 15.134153 13.627758 6.277217 25.013977 32.484135 24.772061 12.147167 5.077817 6.737093 7.804650 5.684289 2.982014 6.340316 14.580744 14.627837 9.651406 7.416827 4.080824 5.630413 5.631853 3.623475 2.189334 1.145990 1.147456 2.958010
3.417429 1.258114 219.7204 219.7204 823.9515 0.000000 26.672110 13.123473 6.097814 2.525076 4.071918 10.469735 15.429190 15.122372 11.784334 3.130759 6.238767 7.077772 8.652102 4.759517 3.730095 4.157179 8.631734 5.627259 3.680866 4.431239 3.266311 1.795461 2.855971 4.097299 1.819158 7.792839 9.771467 6.695885 5.956031 8.427715 10.460603 22.184427 14.343693 10.703644 15.659586 7.556108 15.733509 21.128604 18.119844 32.122376 63.676805 41.770616 163.594006 158.472868 77.938890 44.696875 28.556663 15.644916 11.980086 4.584110 2.967946 7.601451 9.549044 3.659311 11.346821 9.108208 11.320714 8.339702 7.859976 8.681407 8.614549 7.857147 10.689410 7.058814 5.463822 1.385869 9.568307 6.782614 7.636560 12.977191 6.148100 10.318420 5.508825 4.528027 13.743243 18.366851 15.304801 13.455842 3.806192 22.638030 31.987991 28.265602 17.182731 6.217227 6.464481 6.257003 5.769238 4.410319 3.560246 10.411525 17.738509 13.214116 6.801918 7.826857 2.818799 6.859857 4.738294 3.978217 3.753858
3.469992 1.258691 220.4956 205.4618 220.4956 0.000000 26.281959 13.706088 6.148593 2.602454 4.434251 9.664333 15.530367 15.576308 11.718519 3.424734 6.510423 6.574319 8.504716 4.972816 3.659412 3.640736 8.536181 6.147170 3.971569 4.620857 3.029330 1.962296 2.616269 4.608540 2.157269 7.104689 9.707506 6.808959 6.542993 7.607362 10.107133 21.198375 16.172089 11.772090 14.688674 6.746305 16.291146 20.420619 17.033961 27.824886 65.294896 38.170873 149.569915 164.992968 88.379810 48.991157 30.503075 18.066932 12.296661 5.515059 3.399078 6.984616 9.783272 3.739810 10.936334 8.792933 10.792292 8.921803 7.832585 8.403701 8.550754 7.962128 10.610564 7.626525 6.402900 1.596038 8.676119 7.337724 7.107208 12.660668 6.842656 9.713276 6.722022 3.577410 11.709608 17.642757 16.265248 15.048141 3.822463 18.187224 30.334790 30.104331 20.496725 8.349166 6.620039 6.210454 6.059148 4.795856 3.057689 8.041871 16.768202 14.697479 7.686483 8.565779 3.699817 6.085549 5.374928 4.179457 3.931152
3.517548 0.930622 214.3875 214.3875 239.3163 0.000000 18.982982 12.703068 10.457034 11.375346 9.746234 7.046763 4.849352 2.450520 2.529975 4.865450 7.086043 5.371330 7.629234 9.771249 6.442569 6.403708 8.455831 6.967424 4.944089 5.236554 8.110732 8.730133 6.087175 5.870431 9.281793 11.154895 8.546033 6.491672 8.089726 6.070256 8.296466 8.285065 4.027402 9.723276 13.383125 10.975779 3.618257 6.721599 14.798456 18.621270 50.283271 101.139757 111.042719 83.070093 41.869998 19.663819 25.471757 28.781447 23.867973 14.972917 7.572640 6.885928 13.095026 11.661534 5.788549 6.768257 7.444837 7.160835 8.751334 7.479298 3.865084 4.617592 7.691494 7.706586 4.858196 2.517972 4.920528 6.427351 5.733749 3.722010 3.302125 4.810757 4.889760 5.763045 7.177250 7.033392 6.370130 8.928221 16.578005 20.486687 21.468959 20.868869 17.842254 12.067313 6.346508 4.115304 3.096739 1.613431 3.805911 6.576672 8.717190 7.009274 3.496454 3.611563 5.658195 4.816346 3.746367 3.318756 3.816814
3.565431 0.348446 209.7407 209.7407 225.0875 0.000000 4.197209 2.521112 1.472315 2.123386 2.463390 1.813744 1.209747 1.626022 1.654474 2.036499 2.802846 3.047948 2.874255 2.611981 2.149079 1.119274 0.529697 0.682040 0.939208 1.204886 1.198473 0.801805 0.856698 1.129415 1.223037 1.331847 1.203255 1.551799 2.642458 4.105243 5.620104 6.568054 7.049613 6.920896 6.401882 6.877502 7.665874 5.999832 4.293809 14.782904 27.723000 32.641578 29.054086 25.702867 23.802991 17.525314 14.575718 11.937724 10.049393 8.663613 7.958057 6.473153 5.068651 3.607541 2.926534 3.547844 4.545155 5.467913 5.754020 5.612089 5.444324 5.200859 4.813358 4.592078 4.436052 4.241310 4.105351 4.060007 3.927251 3.754255 3.896389 3.948240 3.433937 2.663491 1.886235 1.235924 0.891756 0.852881 0.905745 1.184859 1.472944 1.535975 1.385452 1.245308 1.132785 0.933449 0.989704 1.071625 1.117274 0.813286 0.770056 0.198102 1.402812 2.035232 2.319792 2.959390 2.957953 2.180931 1.479818
3.616870 0.045921 205.1594 205.1594 220.5463 0.000000 0.867752 0.898385 1.009338 0.970261 1.047068 0.713119 0.878617 0.762893 0.586729 0.562336 0.387344 0.302866 0.262353 0.398500 0.499272 0.529894 0.632400 0.663195 0.733889 0.752843 0.675017 0.562290 0.400276 0.437548 0.585246 0.679816 0.791050 0.763395 0.656407 0.667070 0.739915 0.934437 1.179518 1.507915 1.383671 1.688407 1.925707 2.262280 2.463181 3.242148 3.760634 3.689965 3.542878 2.996064 2.043765 0.893323 0.373970 0.631815 0.644322 0.401350 0.522704 0.501982 0.292901 0.345131 0.344780 0.247596 0.272596 0.370588 0.280999 0.210819 0.199329 0.137920 0.130227 0.077493 0.082147 0.129352 0.061044 0.109102 0.151434 0.144219 0.226630 0.224385 0.110584 0.164690 0.200367 0.180155 0.094416 0.161180 0.011754 0.202765 0.162885 0.073417 0.106964 0.081932 0.098353 0.039401 0.055555 0.037039 0.071927 0.177352 0.246304 0.291114 0.309618 0.314494 0.323733 0.320173 0.295295 0.203739 0.098515
3.664888 0.005377 29.9091 29.9091 164.5000 0.000000 0.123903 0.141812 0.121771 0.040938 0.097787 0.319590 0.153320 0.018192 0.119747 0.146454 0.011666 0.074063 0.170716 0.182442 0.105701 0.158117 0.038370 0.116111 0.161337 0.053221 0.053986 0.112200 0.154918 0.170185 0.115142 0.057229 0.047028 0.091029 0.070520 0.145993 0.160332 0.132500 0.271597 0.078212 0.045700 0.133842 0.108011 0.140225 0.121493 0.198018 0.249202 0.229564 0.145590 0.110588 0.174809 0.151661 0.142732 0.122249 0.229907 0.278478 0.274397 0.201313 0.098938 0.056498 0.072064 0.032257 0.102690 0.131284 0.044595 0.084767 0.044096 0.059890 0.082304 0.109744 0.040983 0.021358 0.052832 0.062486 0.073990 0.090715 0.081518 0.043987 0.029264 0.047211 0.068740 0.069257 0.126408 0.048688 0.033271 0.061145 0.038301 0.033943 0.043276 0.081422 0.075572 0.071234 0.039558 0.055654 0.084977 0.050937 0.031486 0.019000 0.016008 0.044649 0.066283 0.045868 0.061657 0.054581 0.047564
3.711937 0.004618 163.1617 29.6658 163.1617 0.000000 0.201973 0.077478 0.211867 0.078189 0.162484 0.240435 0.104154 0.173843 0.142363 0.172093 0.084673 0.064703 0.170640 0.129936 0.070151 0.193630 0.045026 0.109057 0.132868 0.019319 0.065164 0.104448 0.092288 0.202698 0.130334 0.125756 0.084545 0.082337 0.093718 0.147137 0.154996 0.198449 0.176967 0.026808 0.068888 0.117336 0.065444 0.043061 0.068507 0.052995 0.073033 0.131710 0.081486 0.030208 0.040586 0.079888 0.062800 0.027750 0.056939 0.070833 0.096258 0.095708 0.068983 0.086765 0.164254 0.125416 0.145594 0.074150 0.071144 0.074682 0.036552 0.053829 0.130016 0.053922 0.055009 0.027192 0.026034 0.083319 0.077319 0.119416 0.057494 0.090819 0.043979 0.015353 0.022349 0.145917 0.075609 0.075114 0.093101 0.062266 0.048375 0.036459 0.020004 0.022053 0.046470 0.030929 0.085729 0.036724 0.019452 0.018801 0.025602 0.057579 0.049674 0.061023 0.021875 0.059804 0.056540 0.042730 0.008106
3.764920 0.004808 5.1069 5.1069 25.5345 0.000000 0.286878 0.147478 0.241206 0.137165 0.246635 0.255395 0.148994 0.129477 0.159326 0.197699 0.067673 0.031976 0.130562 0.137448 0.118188 0.199552 0.151331 0.093626 0.160048 0.142530 0.089853 0.057996 0.061313 0.160627 0.194862 0.122670 0.090953 0.089901 0.105623 0.155159 0.154244 0.073252 0.078727 0.129585 0.069665 0.065583 0.074143 0.032420 0.077073 0.092396 0.087483 0.036996 0.162253 0.141706 0.043897 0.037730 0.051178 0.050629 0.066766 0.078196 0.088386 0.080065 0.127552 0.095882 0.030576 0.075643 0.190630 0.113478 0.122892 0.093354 0.042423 0.040842 0.077144 0.040454 0.072672 0.076221 0.069222 0.071491 0.056867 0.085518 0.077010 0.058608 0.054393 0.056688 0.061570 0.050789 0.085522 0.099018 0.079418 0.056722 0.087642 0.074151 0.064859 0.044453 0.029902 0.036708 0.054582 0.078134 0.050990 0.030857 0.009810 0.041779 0.017914 0.047138 0.066954 0.009870 0.042684 0.073368 0.063462
3.813548 0.004839 24.9041 4.9808 24.9041 0.000000 0.240199 0.221704 0.092631 0.187909 0.405565 0.158829 0.118597 0.222246 0.129494 0.215920 0.049195 0.020205 0.161204 0.157691 0.053014 0.183033 0.200137 0.082280 0.145358 0.027960 0.086957 0.032720 0.062333 0.205585 0.172528 0.069129 0.106570 0.068442 0.129041 0.153923 0.049529 0.040029 0.110778 0.063514 0.031877 0.077437 0.102002 0.035834 0.138081 0.139864 0.076418 0.129639 0.134283 0.035483 0.087069 0.083810 0.080128 0.047602 0.070545 0.083905 0.090250 0.144324 0.033151 0.125680 0.144091 0.149146 0.119692 0.110203 0.094530 0.047283 0.049297 0.063139 0.064472 0.052320 0.029121 0.068146 0.095094 0.083763 0.065404 0.076339 0.049594 0.065004 0.058165 0.065248 0.066540 0.091247 0.085305 0.055537 0.083216 0.067781 0.037513 0.049547 0.054647 0.057122 0.067482 0.039243 0.013727 0.019280 0.027623 0.028416 0.035597 0.055960 0.047440 0.036866 0.047209 0.035608 0.018716 0.032308 0.026317
3.860117 0.237430 214.3832 194.4406 214.3832 0.000000 0.140911 0.262090 0.380870 0.562865 0.347872 0.772918 0.888779 0.723718 1.095070 1.329853 1.241702 1.374354 1.516774 1.555589 1.695230 1.893628 1.679093 1.928705 1.851865 1.904479 1.817600 1.751682 1.913552 1.997287 2.289763 2.373375 2.745512 3.083934 3.555384 4.376769 4.886487 5.540788 6.362766 7.196943 8.048891 8.834038 9.580606 10.183276 10.747031 11.293751 11.463520 11.654081 11.796478 11.534299 11.183353 10.800206 10.405146 9.859747 9.212834 8.705842 8.085403 7.505358 7.252863 6.862115 6.501456 6.182135 6.028456 5.889910 5.719173 5.620767 5.491957 5.354665 5.229824 5.106116 5.008962 4.838177 4.747289 4.607899 4.397065 4.163734 3.979468 3.728206 3.604108 3.436846 3.295210 3.059883 2.945703 2.884900 2.785247 2.739877 2.686085 2.667785 2.609728 2.571410 2.567705 2.450203 2.432361 2.311642 2.142764 1.962178 1.758773 1.560779 1.240966 0.934163 0.658687 0.291870 0.137942 0.339628 0.642394
3.912108 0.981269 221.0614 205.9890 221.0614 0.000000 22.991811 18.604973 12.619329 6.833856 5.208401 7.940182 9.366683 9.532538 8.281336 6.503921 4.643321 2.390778 1.527351 2.567021 3.626235 4.404782 5.687648 7.647213 7.827519 5.654709 2.195736 3.985223 8.354307 11.669331 12.860463 11.512819 7.488556 2.311670 2.237904 3.186684 2.694489 2.503904 6.578841 12.335143 15.430985 11.537089 5.245633 15.735896 23.434920 21.467305 32.593027 63.217541 92.288608 102.559247 89.325445 60.658240 34.075512 26.755365 25.763641 19.592754 13.652073 13.905699 13.879848 9.109915 6.007732 8.751998 9.929978 6.105827 3.548791 7.824978 11.472402 11.093928 7.792562 5.064303 5.740332 7.010895 5.498605 2.830554 7.705051 14.873992 17.893373 14.832452 8.061826 8.155691 12.794669 13.805407 9.711308 7.406756 11.107359 15.092875 15.493680 14.073490 13.890233 14.477384 13.295676 9.488394 4.780196 1.949270 2.222875 5.061825 8.601337 10.564443 9.740024 6.797586 3.608757 1.448468 0.458913 0.582873 1.638945
3.959934 1.228502 208.5777 208.5777 227.9803 0.000000 31.366109 10.929276 3.808399 10.517848 11.311723 13.404008 15.425089 14.226498 7.094002 4.623442 4.668864 6.313531 5.165414 1.360934 4.444841 9.022121 7.745187 7.605730 5.994605 3.207925 3.006337 7.568903 7.436057 9.679532 13.190028 6.878992 5.932170 3.252359 1.840558 5.350273 12.666541 6.284330 14.540224 20.819268 8.585617 19.418521 17.181764 38.992683 72.826882 56.713755 95.204771 140.901360 107.998279 78.251232 51.465455 25.871476 15.286825 16.623152 15.538681 9.608258 9.359242 9.852971 11.223192 9.788489 5.039783 4.072114 5.635401 5.645636 6.902081 11.398385 9.924526 5.318927 7.105544 9.241319 4.324530 11.201474 11.274686 8.640388 16.749591 16.838890 11.066319 12.775844 10.984733 13.223872 16.485274 10.834722 17.122689 23.462280 20.369549 18.683820 19.213355 14.411734 5.564886 3.163474 5.401941 8.011052 9.776579 8.478253 7.974234 6.727484 8.620499 6.516274 2.152623 0.356167 2.159962 3.394269 4.636877 6.696270 3.287832
4.011993 1.244795 214.6079 194.6443 214.6079 0.000000 29.250779 14.095017 4.512150 11.366514 9.016688 12.084362 17.364301 14.616641 7.922820 4.325885 3.315535 4.300465 7.396962 1.730401 2.053706 7.742304 9.095306 6.850685 7.744133 3.336965 1.947913 4.629668 7.523667 8.260729 9.062027 13.537725 6.896175 5.418767 3.401568 2.492984 6.126010 11.973329 5.097802 13.233217 18.035939 6.864081 25.757177 26.626788 36.684047 65.799923 67.293711 90.107534 149.583505 110.644250 89.669847 60.486576 27.385388 11.821081 11.531773 14.716856 13.061654 12.778669 6.068767 13.486659 9.117865 8.870547 2.858903 6.729581 3.544535 7.732418 6.974045 12.496105 8.603446 5.662124 8.526948 8.458981 3.381794 10.194205 11.793146 8.113564 17.735914 17.560302 8.666908 11.326016 13.597081 10.564639 19.979854 9.398491 14.202847 23.576896 21.543868 18.970603 18.599785 17.788700 10.042581 2.589240 3.572682 7.321997 9.607414 9.210068 8.200928 7.700659 6.754975 8.815045 4.372441 1.643250 0.828469 2.431815 3.873612
4.060088 1.228156 212.7701 192.9775 212.7701 0.000000 29.176864 14.203998 4.566693 11.859054 9.009039 11.601314 17.559110 15.263992 8.688246 5.281554 3.433866 6.091683 6.540155 1.221837 4.369576 8.616255 7.909208 5.455147 5.360088 3.346485 2.575261 4.053912 5.737805 7.046560 9.785761 13.443266 9.528151 7.439872 4.676436 6.013741 11.364809 13.592344 10.220614 15.726063 11.483122 16.612350 24.870454 28.605897 51.485863 61.571604 70.223419 112.624556 127.393382 100.126129 83.841032 48.471167 18.511619 9.258316 11.266273 18.167946 12.968586 4.331676 5.950900 9.361488 10.370069 8.316733 6.901794 5.605127 7.966695 7.519553 12.853871 14.381308 9.849202 10.786762 9.407222 5.580781 10.498096 12.422252 7.699227 12.807849 16.045798 12.146371 11.655006 11.326110 7.487564 17.121989 12.235655 9.770999 21.006172 23.951379 21.598402 17.172326 16.759948 12.905761 3.287798 3.916373 8.768098 11.059251 7.656035 4.974964 5.631246 4.612879 10.222950 7.824359 3.188139 2.816862 2.476377 6.310135 6.259247
4.111875 0.790177 206.4526 191.3463 206.4526 0.000000 14.072211 11.411806 13.836148 11.669112 8.965324 8.186226 8.771311 7.288073 6.367356 4.172113 1.530496 4.078460 6.506318 5.676629 3.593274 4.767699 5.575434 4.050356 2.301491 2.769098 3.976854 3.854405 3.524197 4.271106 6.112496 7.055220 3.879516 3.621853 5.957241 4.531085 5.598243 10.050421 10.696585 7.289320 4.149821 7.080084 19.241332 36.690059 36.961094 44.333933 74.109403 81.727771 65.702677 34.146119 14.400500 24.209251 35.161037 32.462839 22.204397 12.708280 5.991958 5.002868 8.517509 8.655539 5.323706 5.095882 6.669361 5.729447 2.881297 3.897972 5.436792 3.465297 1.306438 1.690189 4.257055 6.231752 5.887354 5.404867 6.113403 6.769244 7.410566 8.096450 7.172931 5.648957 6.412976 8.368916 10.062652 11.305079 11.819460 12.297970 11.273554 9.471191 8.685247 8.626005 10.437858 11.290051 8.826183 7.895849 9.803301 8.970771 6.802079 5.507259 6.115742 6.054813 4.081585 1.937117 2.284287 3.593546 3.973172
4.159921 0.228900 199.2687 199.2687 219.1956 0.000000 5.133462 3.667223 2.183078 1.160867 0.968048 1.184985 1.182373 1.685327 1.967677 2.078087 2.145713 2.479826 2.687093 2.525165 2.170825 1.990354 1.771222 1.591698 1.731771 1.918780 1.679421 1.614525 2.380296 2.516837 2.967633 3.788244 4.251180 3.873918 3.426326 2.824818 2.313932 1.525987 1.381066 1.597020 1.695428 4.544251 9.487120 15.183607 20.226148 21.593766 16.926250 11.426073 10.334569 9.476876 6.982550 7.095913 7.224177 7.433515 7.205048 7.183938 6.638866 5.600950 4.218474 3.286239 2.620025 2.191493 1.923004 1.466591 0.877010 0.796688 1.570958 2.306289 2.654304 2.732720 2.471493 2.100612 1.414524 0.837663 0.619977 0.813942 0.881578 0.998796 1.403159 1.999133 2.606604 3.020346 3.165695 2.737923 2.042899 1.452125 1.631769 2.328773 2.655160 2.561870 2.428349 2.202586 1.441092 0.563847 0.273560 0.526659 0.430137 0.386594 0.396602 0.404768 0.898977 1.215782 1.151779 1.047426 1.055555
4.209993 0.028384 219.7746 204.4415 219.7746 0.000000 0.575369 0.219763 0.144807 0.222550 0.366280 0.319176 0.342331 0.150218 0.355708 0.397051 0.437211 0.311272 0.201931 0.198879 0.177261 0.237315 0.342780 0.402705 0.428216 0.441097 0.454654 0.622679 0.605935 0.387982 0.377914 0.400856 0.366490 0.348431 0.313972 0.396282 0.431973 0.362694 0.352452 0.403780 0.433847 0.609261 0.791782 0.866924 1.263612 1.706187 2.105473 2.086242 2.153816 2.250974 1.966872 1.497308 0.934405 0.583886 0.605903 0.805723 0.711865 0.361683 0.403343 0.393331 0.298241 0.219230 0.253780 0.344455 0.388361 0.354752 0.338944 0.300445 0.211457 0.151036 0.157321 0.182370 0.112554 0.098261 0.139159 0.181446 0.143302 0.075116 0.118519 0.125088 0.120413 0.127869 0.097783 0.063845 0.077382 0.085806 0.112686 0.124711 0.139720 0.109900 0.104234 0.125472 0.188551 0.185033 0.163798 0.136218 0.129893 0.155152 0.267894 0.325359 0.339968 0.399439 0.459847 0.404448 0.336080
4.258221 0.005520 30.2921 30.2921 50.4868 0.000000 0.209715 0.108324 0.172592 0.163580 0.188156 0.332405 0.169336 0.272198 0.106516 0.274666 0.258986 0.141164 0.250724 0.102413 0.038580 0.159562 0.155373 0.118205 0.104212 0.117756 0.159424 0.224483 0.087651 0.206820 0.133386 0.079450 0.045033 0.021837 0.013112 0.028706 0.072438 0.097234 0.045669 0.082976 0.081005 0.103822 0.150074 0.166047 0.149435 0.178670 0.184154 0.176676 0.168983 0.093730 0.049256 0.071088 0.110689 0.138416 0.097956 0.129033 0.162492 0.126615 0.147326 0.119185 0.067246 0.092811 0.138581 0.150369 0.114399 0.095145 0.064321 0.044283 0.092904 0.092662 0.039887 0.065698 0.118022 0.082950 0.101666 0.130868 0.070137 0.032926 0.062615 0.068454 0.049635 0.108421 0.067660 0.062608 0.063586 0.042796 0.097593 0.065865 0.033304 0.012114 0.016217 0.057088 0.027056 0.089898 0.038660 0.037181 0.042532 0.021870 0.037496 0.056247 0.013144 0.055862 0.026548 0.109260 0.045640
4.305437 0.004927 40.9059 25.5662 40.9059 0.000000 0.184168 0.191557 0.024331 0.196289 0.273010 0.252656 0.225476 0.300696 0.184340 0.201069 0.199643 0.085789 0.164174 0.136696 0.060476 0.108129 0.162238 0.157120 0.136750 0.102013 0.090832 0.115145 0.124047 0.184594 0.193218 0.113865 0.093644 0.066052 0.065835 0.056726 0.065521 0.095091 0.108323 0.083948 0.066409 0.086052 0.087791 0.099931 0.133202 0.042424 0.071019 0.051351 0.098928 0.044182 0.088800 0.014627 0.056787 0.141455 0.133350 0.023229 0.097456 0.067980 0.061051 0.069941 0.081178 0.108304 0.106003 0.144112 0.126360 0.122528 0.088941 0.087206 0.085934 0.079083 0.064591 0.045372 0.064216 0.075186 0.073602 0.083364 0.052425 0.040837 0.073423 0.061145 0.060796 0.093381 0.099290 0.038684 0.046787 0.077180 0.030580 0.091684 0.084492 0.015232 0.030708 0.024828 0.096569 0.072171 0.096175 0.032442 0.072776 0.061552 0.032716 0.015643 0.046528 0.024690 0.047105 0.026785 0.082554
4.357401 0.004824 40.0528 25.0330 40.0528 0.000000 0.074983 0.080433 0.056865 0.123526 0.358735 0.126547 0.089156 0.375106 0.175322 0.108629 0.294216 0.153845 0.135897 0.054956 0.067823 0.159121 0.180401 0.149685 0.056830 0.130231 0.079433 0.090425 0.109938 0.244212 0.053130 0.136648 0.110338 0.124135 0.105849 0.058311 0.073888 0.091792 0.126623 0.030011 0.088101 0.158972 0.060352 0.124882 0.016734 0.060413 0.040590 0.102673 0.070339 0.083461 0.053169 0.065091 0.157392 0.070915 0.069910 0.129558 0.091325 0.103586 0.026649 0.115880 0.098660 0.100762 0.130430 0.110080 0.144805 0.057053 0.089846 0.091245 0.085432 0.065613 0.035955 0.056241 0.082801 0.096989 0.069901 0.028401 0.067620 0.029050 0.040210 0.054138 0.098530 0.052474 0.047373 0.086523 0.036509 0.053060 0.090292 0.050245 0.024298 0.026102 0.104749 0.017090 0.033132 0.091484 0.041898 0.040539 0.032231 0.014228 0.053643 0.048642 0.029214 0.023810 0.076919 0.078527 0.058322
4.404980 0.004552 24.9287 24.9287 44.8716 0.000000 0.120426 0.142669 0.038297 0.104560 0.314813 0.220070 0.222062 0.285702 0.222018 0.190552 0.208456 0.102941 0.119576 0.046298 0.016660 0.078548 0.147133 0.170004 0.053759 0.136126 0.032023 0.065608 0.061982 0.194608 0.089658 0.138041 0.152250 0.071531 0.176251 0.138688 0.057132 0.064211 0.149432 0.087850 0.090687 0.102537 0.133773 0.058248 0.062646 0.029857 0.087446 0.033599 0.067320 0.083071 0.074102 0.055871 0.094444 0.046416 0.056622 0.092379 0.154745 0.030456 0.053986 0.068097 0.032277 0.046579 0.022655 0.026670 0.073154 0.065597 0.131670 0.031326 0.097160 0.023008 0.040961 0.044726 0.100352 0.102704 0.029699 0.020785 0.071605 0.050740 0.057746 0.112383 0.084577 0.056556 0.041872 0.041656 0.034876 0.044059 0.058900 0.048756 0.056496 0.064862 0.058400 0.030098 0.047650 0.071402 0.056858 0.024592 0.017310 0.014137 0.032716 0.027142 0.029300 0.055230 0.044715 0.018120 0.027546
4.457361 0.658128 214.2716 214.2716 234.2038 0.000000 3.783020 5.688566 7.171895 7.976734 8.216320 7.763130 7.358417 6.700710 6.423667 6.460574 5.949637 4.893586 3.945320 3.047097 2.131425 1.371017 0.947581 0.880624 1.195184 1.839849 2.627523 3.703062 4.917966 5.916326 6.795783 7.172275 6.979666 5.915112 4.121314 2.629981 2.943421 5.549034 7.724067 8.464583 6.634941 3.265814 5.546595 15.298833 26.307092 37.092579 46.225270 52.419041 54.674166 52.870446 47.250575 39.123063 29.605506 20.201288 12.549910 8.683036 8.830915 9.883769 10.056438 9.130545 7.271128 5.290764 3.958919 3.561848 3.412879 2.823954 1.849211 2.109206 3.994523 5.959699 7.513473 8.287019 8.189744 7.476645 6.421136 5.452701 5.160518 5.575719 6.355098 7.200172 8.000322 8.786870 9.849528 11.155035 12.411235 13.269552 13.409117 12.630202 11.078553 8.850099 6.146863 3.547593 1.993854 2.397229 3.672079 4.613247 4.956918 4.767714 4.143906 3.316915 2.698397 2.611552 3.135883 3.914435 4.604763
4.505410 1.121757 217.1207 217.1207 824.0717 0.000000 19.650086 6.729148 5.959424 5.653631 4.208163 10.354646 15.406702 18.610499 19.908152 16.912611 10.260624 6.467000 6.538175 4.226625 4.811870 7.307129 6.631734 3.928271 1.495620 2.364053 2.673687 5.075233 10.264197 9.973102 5.493770 4.902578 6.042374 4.464834 5.652192 5.448653 7.976493 11.221854 10.328813 11.244268 9.429637 13.359579 15.263430 18.068340 36.255946 29.169677 42.544756 103.217547 137.294303 110.859102 52.507149 16.614466 7.783581 5.520606 5.652576 4.016532 4.784789 2.288356 4.493118 5.273410 4.203784 6.969463 7.179242 4.669701 2.821584 4.096539 3.617295 4.897091 8.789120 7.103180 3.048177 6.728609 6.359952 4.058680 4.175820 4.093978 5.497814 6.655957 7.988441 7.717039 3.316380 10.351671 23.434539 34.156507 37.697994 31.487912 16.735979 1.917801 10.621675 8.811803 5.060783 10.599965 8.005577 4.884093 8.448938 5.256596 2.462182 4.351421 2.438239 6.416093 10.346884 11.152292 8.465572 5.568732 5.669935
4.556940 1.231166 213.6879 213.6879 829.9044 0.000000 19.813276 3.610768 4.619376 4.249335 2.799045 7.548264 15.708587 20.793541 21.270790 14.767785 10.269198 8.420314 6.697844 4.490797 5.904981 4.315979 3.213116 5.804878 4.953115 1.272775 1.858759 4.383628 8.711486 7.033447 7.706838 7.125268 2.587382 6.672537 3.422379 4.063774 4.391395 5.151738 13.666982 13.373311 12.460201 8.282714 20.009960 18.746271 24.980160 42.434969 55.664766 109.984052 163.556560 106.810932 65.349694 39.921655 11.949418 15.098824 9.052299 8.650614 6.248268 6.906025 5.608434 8.011595 7.494974 7.036820 6.551627 4.458037 2.874188 2.817948 2.803829 5.309670 7.424890 6.789919 5.016919 5.522099 7.021683 4.827932 7.119182 9.253228 8.846741 7.636028 6.743517 4.765636 5.499041 10.457073 14.293640 25.301546 37.910110 37.631955 24.642593 8.227316 6.320347 10.526273 7.560705 8.642484 8.169111 3.033087 4.455758 7.645179 4.384256 4.992813 4.995925 6.648556 9.923360 9.273351 7.851754 8.128987 7.126830
4.607028 1.233842 214.4262 214.4262 832.7713 0.000000 18.485673 4.517299 5.998193 3.487683 1.942332 7.925065 15.203144 20.920731 21.607362 14.738039 10.164138 8.655924 6.912917 4.007743 5.428684 5.015891 2.406091 6.563725 4.873268 0.996434 1.530048 3.999559 8.503060 7.373915 7.459690 8.379139 2.082770 5.963928 2.350099 4.375732 3.734293 3.994742 12.249885 12.621750 16.356430 5.804947 16.537598 23.374182 26.926724 35.995327 56.563893 100.540542 169.496906 115.227897 67.395035 48.007039 11.617557 15.877201 8.009982 9.031873 6.579671 8.429294 4.713156 7.933730 6.610930 6.922287 7.445377 4.422778 2.460191 2.942809 2.696907 4.434308 7.741187 6.837054 5.991445 3.911163 7.700748 5.273982 6.489206 9.465932 8.558841 8.027234 6.942410 5.915491 3.226811 9.243313 13.250478 20.199503 36.235835 39.534949 29.808285 12.410129 3.265139 10.774064 9.090837 7.106552 9.744849 4.431767 2.599600 7.218212 6.839668 3.569933 6.163448 4.887077 9.398555 9.897414 8.281014 7.667391 8.030450
4.657449 1.054590 214.4116 214.4116 234.3568 0.000000 18.060140 9.811094 3.655206 4.004346 6.198826 9.714299 14.302499 17.919273 17.717853 11.999492 8.175737 8.062755 8.109459 9.272402 4.451963 1.982099 2.630096 4.248885 7.656499 5.910490 4.857562 6.999082 4.163692 0.254102 2.273565 3.530253 7.396624 4.397770 2.305915 5.656179 5.417409 4.652281 9.996985 19.754865 15.595292 3.490294 12.550673 29.032133 19.705457 7.603759 54.487283 120.244321 125.844914 76.080651 41.598411 51.695583 36.815163 12.391362 10.775461 16.886440 9.544852 5.476099 10.816954 4.580721 8.310376 11.910502 7.812840 3.249279 3.310828 5.105067 2.514823 5.129203 6.732223 6.098914 7.844190 6.118548 3.086098 4.088366 4.972484 6.741969 10.884064 11.304553 8.337271 4.752191 5.592289 10.282649 10.257466 16.361255 25.959565 27.742615 24.928559 18.101099 12.094379 5.781685 6.116955 11.897031 10.759310 5.717527 2.494118 2.694919 7.039201 6.195112 2.715295 8.717862 10.743610 7.243929 3.507862 2.169745 3.196917
4.705347 0.540197 211.5431 211.5431 226.6533 0.000000 5.800740 2.520036 2.166177 2.989629 2.342849 2.270638 1.573612 2.481590 2.728396 1.924406 1.736641 1.197116 0.413556 1.534933 2.547913 3.429962 4.571672 4.656485 3.938333 3.206050 2.314887 0.834165 1.088590 2.248520 3.870157 5.770981 7.741901 7.715591 7.150353 6.368503 6.947165 9.968147 12.571027 12.999878 11.654626 8.320232 10.453753 15.406536 11.304538 14.831682 34.517083 47.454096 49.419520 47.236476 39.638324 31.064623 22.402154 15.437658 11.732759 8.661840 5.901371 3.676656 3.347005 4.657060 5.863057 6.469064 6.455983 5.543047 5.363178 6.025692 6.229052 5.712136 4.570931 2.903435 2.344331 3.377335 4.527289 5.894898 7.667454 8.594501 8.388314 7.586319 6.513265 6.248499 6.879268 7.071665 6.481532 4.960639 2.494811 0.863384 0.758674 1.470038 2.977621 3.859645 4.220626 4.350715 3.958972 2.934525 1.611959 1.272316 2.515440 4.640636 6.024347 6.029902 6.176075 5.363028 4.065817 3.306677 2.627658
4.749928 0.091423 206.7335 191.2284 206.7335 0.000000 1.669245 1.412700 1.421633 1.064532 1.110299 0.506471 0.487824 0.855314 0.894637 0.886118 0.697735 0.561596 0.355079 0.376092 0.541363 0.745946 0.883958 0.825756 0.805236 0.690013 0.508391 0.431470 0.474137 0.599230 0.636752 0.650641 0.689533 1.092612 1.418659 1.404456 1.462032 1.295106 1.405933 1.352139 2.189133 2.930549 3.937449 5.118156 5.941810 7.215330 8.152330 7.893706 6.699163 4.540893 2.534937 2.221716 2.582882 2.178256 1.683825 1.403330 1.015038 1.089064 1.209486 1.278167 1.373687 1.259982 1.084793 0.918541 0.729018 0.446067 0.533403 0.572938 0.561935 0.782991 0.801985 0.820396 0.822317 0.824292 0.805162 0.667851 0.559815 0.409131 0.325122 0.314811 0.419589 0.509385 0.477728 0.431421 0.317806 0.142866 0.153001 0.303171 0.476501 0.691930 0.713439 0.721512 0.685252 0.591858 0.512601 0.588243 0.524578 0.524124 0.392934 0.209996 0.541650 0.819601 0.796481 0.704219 0.449572
4.804976 0.008605 240.7941 199.8079 240.7941 0.000000 0.215443 0.147146 0.168751 0.195442 0.362596 0.102934 0.074623 0.377130 0.155595 0.150511 0.105551 0.177991 0.167830 0.120410 0.085421 0.124905 0.140248 0.135440 0.174618 0.115530 0.066945 0.108778 0.160099 0.143433 0.120544 0.206611 0.167993 0.146832 0.167851 0.129954 0.121761 0.193235 0.276225 0.240613 0.099928 0.186445 0.295527 0.450856 0.461125 0.451130 0.112298 0.134486 0.313721 0.326518 0.378737 0.365184 0.445114 0.481163 0.415964 0.371750 0.200577 0.084738 0.131297 0.180910 0.224235 0.216969 0.148219 0.144941 0.168376 0.149829 0.093028 0.085717 0.101041 0.118190 0.113844 0.081086 0.070915 0.042428 0.068212 0.088684 0.069530 0.051841 0.032416 0.046956 0.070698 0.056491 0.101576 0.086439 0.030972 0.062587 0.088333 0.036297 0.128072 0.077540 0.082623 0.066592 0.065637 0.036159 0.033261 0.091735 0.115560 0.115320 0.142332 0.125588 0.126812 0.065200 0.045324 0.084639 0.083721
4.850358 0.004765 39.1849 19.5925 39.1849 0.000000 0.144610 0.164174 0.136309 0.269843 0.293011 0.156535 0.145148 0.287294 0.143551 0.153452 0.084251 0.104487 0.081617 0.162418 0.126728 0.096734 0.083762 0.143054 0.160083 0.109466 0.067609 0.093260 0.114895 0.086717 0.120825 0.148403 0.085967 0.039224 0.085333 0.093750 0.107908 0.118235 0.170463 0.157789 0.192241 0.203619 0.140798 0.123421 0.170764 0.165183 0.121579 0.055989 0.078127 0.110096 0.054507 0.034456 0.153608 0.044452 0.022058 0.064159 0.071431 0.087889 0.041411 0.082305 0.110913 0.076651 0.058635 0.059104 0.073118 0.101066 0.050350 0.091038 0.036408 0.055136 0.057116 0.055519 0.082028 0.090910 0.065189 0.025143 0.019078 0.035631 0.036191 0.034595 0.041260 0.047675 0.084880 0.050255 0.049367 0.035399 0.025639 0.016332 0.022638 0.013957 0.045964 0.046762 0.027215 0.038957 0.017939 0.027605 0.017286 0.064572 0.065637 0.055094 0.030729 0.064139 0.059437 0.053720 0.065973
4.899952 0.004729 49.3146 9.8629 49.3146 0.000000 0.108272 0.303128 0.129880 0.083935 0.274903 0.179287 0.237435 0.120627 0.136447 0.330672 0.150360 0.187836 0.155746 0.176935 0.155475 0.130085 0.125980 0.101638 0.152412 0.114631 0.099883 0.085552 0.118620 0.060806 0.109327 0.166082 0.115561 0.038184 0.064183 0.097752 0.081332 0.062700 0.090540 0.080907 0.100225 0.159703 0.105102 0.094489 0.119488 0.118235 0.142878 0.075236 0.079100 0.088109 0.068687 0.062914 0.106108 0.100631 0.075441 0.084449 0.045970 0.103736 0.061249 0.098184 0.107828 0.087262 0.059269 0.082305 0.026666 0.078800 0.068557 0.049460 0.064045 0.037709 0.060701 0.042286 0.060050 0.081269 0.068358 0.017828 0.031049 0.050207 0.021874 0.024927 0.053664 0.027647 0.047614 0.071031 0.051434 0.025924 0.046543 0.034014 0.034359 0.036423 0.039038 0.020579 0.027959 0.035981 0.040884 0.024441 0.006159 0.038067 0.068327 0.033719 0.037203 0.028819 0.040926 0.066465 0.031775
4.951963 0.004989 9.9916 9.9916 49.9579 0.000000 0.168430 0.402570 0.124519 0.145378 0.200614 0.245167 0.295127 0.094380 0.189505 0.378815 0.151342 0.123624 0.076737 0.106324 0.217719 0.115263 0.213587 0.088437 0.032998 0.160831 0.097909 0.087866 0.095117 0.017839 0.055515 0.187468 0.120952 0.049510 0.074685 0.087759 0.089263 0.066087 0.060937 0.103680 0.079034 0.140173 0.144601 0.122182 0.060222 0.091336 0.186785 0.076897 0.075591 0.171596 0.044886 0.023656 0.126952 0.156685 0.075047 0.083436 0.068759 0.055598 0.071886 0.060940 0.115264 0.088199 0.071564 0.114009 0.083803 0.054947 0.052763 0.118264 0.013691 0.077173 0.016805 0.093445 0.054948 0.078660 0.069458 0.068990 0.026155 0.054349 0.064465 0.041547 0.018209 0.056390 0.031654 0.043522 0.052159 0.031142 0.029518 0.041230 0.030647 0.026401 0.037503 0.044130 0.029986 0.039545 0.027371 0.045032 0.039536 0.022385 0.025709 0.072604 0.026626 0.041893 0.038196 0.018863 0.075403
5.002212 0.420863 209.3247 209.3247 229.2604 0.000000 2.278097 1.858571 2.427851 2.446986 2.430265 2.297216 2.396571 2.199813 2.407085 1.882409 2.014934 1.607270 1.472168 1.309340 1.516350 1.740902 1.721467 2.075327 2.251701 2.379725 2.291169 2.151186 1.861015 1.702369 1.406230 0.790463 0.321581 0.391604 1.454489 2.565535 4.120952 6.032398 8.290134 10.588835 13.175050 15.905091 18.289009 20.465906 22.419416 23.820901 24.726197 25.038906 24.693707 23.876552 22.379651 20.647693 18.795788 16.918557 14.969298 13.322670 12.145364 11.079538 10.209976 9.399414 8.699992 8.123077 7.494456 6.901021 6.253636 5.702518 5.145139 4.484802 3.923190 3.600368 3.539529 3.847057 4.507652 5.208385 6.062950 6.843050 7.541968 8.087220 8.401397 8.619649 8.692873 8.612222 8.377775 8.055074 7.724200 7.327396 6.910129 6.512917 6.062656 5.648026 5.218885 4.834850 4.454768 4.095192 3.726570 3.383662 3.029894 2.600812 2.123181 1.614194 1.090108 0.629242 0.464483 0.776972 1.152148
5.049929 1.045905 221.0593 221.0593 236.1315 0.000000 26.840882 17.931615 6.577754 2.981891 8.237473 11.556966 13.234587 12.338590 8.955349 3.342161 3.945148 6.805590 6.803746 4.166635 4.205262 6.789698 6.984524 4.444850 1.042541 2.538345 3.671733 3.805339 2.862150 1.114322 5.230323 9.317185 9.840078 6.651686 4.798038 7.516851 10.108437 13.881879 17.058497 13.686743 5.526910 10.717701 11.097985 6.307438 21.469054 28.926018 13.229568 37.548690 84.378444 115.678993 113.545456 82.031660 39.637125 13.459603 14.283212 11.481640 5.052513 9.954317 12.969869 8.477991 4.045438 8.882534 12.859227 12.314555 9.771977 6.948665 4.011971 3.502362 5.901048 8.135442 9.420433 8.951781 4.967219 3.974359 7.793585 8.731917 4.568497 5.060625 7.297200 7.538639 12.532154 19.712718 20.917758 13.659616 9.952434 17.053650 23.672307 22.355138 15.015048 6.688538 3.356282 3.047596 3.003141 4.374239 6.623815 9.020460 11.143040 11.753005 10.012042 7.333508 6.009566 5.255922 3.694971 3.335879 4.261293
5.099998 1.244841 216.3591 216.3591 811.3466 0.000000 27.521654 10.699839 6.990683 5.047348 5.268546 6.328912 14.248773 17.920951 14.091782 8.009980 9.135360 9.545034 5.745274 1.881663 2.345996 4.640422 5.861119 4.791682 1.967180 1.404882 1.760269 4.906225 4.897631 2.631554 5.424334 11.186868 9.962288 5.310740 6.599720 9.201719 13.975271 18.347792 11.826208 5.020937 6.142885 11.166347 16.744014 14.156834 18.639728 36.224198 20.321617 90.906969 172.224740 132.035847 53.683654 32.366188 7.797399 4.989295 8.154420 6.998638 7.677504 5.565883 6.454796 8.228029 9.487140 5.869217 5.344352 8.250649 8.483846 9.997251 8.938483 3.987437 3.081355 5.725104 8.271827 5.627006 4.326009 6.084350 6.044795 7.909677 5.420516 0.853151 3.228709 13.125685 21.611061 20.843509 16.243785 19.253035 23.938632 20.701305 20.760638 15.002432 7.892733 4.018599 2.107738 6.435626 9.209830 7.487918 9.567768 13.006558 12.202037 7.088721 5.161762 7.261692 7.078795 7.350919 7.088793 3.011872 1.297680
5.150410 1.253143 218.8647 218.8647 820.7427 0.000000 26.108207 12.550622 5.436541 6.028576 4.559115 6.148245 12.929486 19.130498 15.089891 6.505857 8.703875 11.096400 5.617660 1.003967 3.042811 3.390462 6.523838 5.629399 2.173438 1.821043 1.534699 3.725469 4.865802 4.522951 4.102012 10.860164 10.595458 6.955929 6.059733 8.594738 11.478535 17.288060 16.602798 8.262272 6.989883 6.363886 13.607927 17.903104 11.459109 34.536157 34.848013 41.950481 142.193594 171.639890 91.619836 35.696363 22.640581 2.549616 4.783188 6.734701 7.312688 6.579972 5.597036 6.234810 9.420428 8.081968 5.216302 6.012406 7.945172 9.647557 9.539360 7.011550 3.987268 3.532852 7.107807 7.544931 4.642271 4.640732 5.819294 6.640312 7.827224 4.444891 0.667034 4.880582 14.475208 21.652294 20.784197 15.620612 19.346777 23.639139 20.891039 20.134024 15.296783 8.652060 4.032195 2.152078 7.009003 9.279695 7.775806 9.540516 12.669510 12.651801 7.424368 4.149573 6.873086 7.710714 7.497279 6.870497 3.700964
5.204971 1.192607 219.4055 219.4055 822.7706 0.000000 25.171004 13.220462 6.439929 7.761108 6.422581 7.873243 14.196067 18.966084 14.281844 7.326916 8.201299 10.052730 7.105638 3.155141 1.811613 1.224043 3.669563 5.177366 2.175507 3.936719 1.308803 4.069758 6.164315 5.982906 3.093554 11.258274 11.893571 9.363276 5.244788 4.037746 4.987850 12.076736 17.884601 17.274283 8.170348 17.347844 11.622974 14.194001 25.795888 22.885840 32.318115 35.588677 131.864071 161.561123 97.151688 39.997088 35.974067 14.273972 11.436437 4.916653 6.339823 5.020058 5.692849 3.783367 6.297260 9.965338 9.100308 9.821374 12.372312 12.189900 7.753418 4.361041 4.034937 3.468050 6.813550 8.908973 5.021483 3.598858 4.791895 4.777602 7.005061 8.384813 5.346593 7.391590 12.935675 15.379039 18.742837 19.209287 18.163895 18.569086 17.031325 20.303606 21.505154 10.510662 6.230076 7.138265 10.212413 11.258549 5.444570 7.240564 7.837197 8.159139 7.163691 3.102231 2.495850 8.074236 10.432400 7.360455 2.498021
5.250366 0.709906 212.5046 192.7367 212.5046 0.000000 8.913090 5.043831 4.926668 5.516553 4.523627 6.101838 7.057499 8.099325 7.282114 4.916480 4.881745 5.639138 5.694300 4.058580 4.067922 4.653840 4.001018 2.875959 2.171024 4.223678 4.500202 4.966221 5.005682 6.399476 5.896872 4.116199 3.084981 2.933397 2.720977 1.977823 1.496306 2.220633 3.125801 6.785215 12.121055 13.600077 14.061110 23.152213 21.215819 21.977258 47.090667 68.823047 74.778782 64.551297 45.793027 25.645043 12.904817 11.541062 12.426196 10.467019 7.907384 7.008606 7.217762 7.670324 7.874387 7.697917 7.044692 6.585807 6.232692 5.377292 4.525195 4.121426 3.942645 3.199272 1.455581 0.907898 1.064026 1.736608 2.364053 3.431170 4.266762 4.135776 4.561122 4.254775 3.116797 5.201651 6.697222 7.507232 8.375316 7.548312 5.275048 4.571092 6.850935 7.998471 6.488220 3.648855 1.715634 4.089408 4.681127 3.337711 3.653344 4.200079 5.369576 4.917547 6.443144 7.272629 7.570432 6.717623 5.411841
5.299942 0.157611 204.1443 188.8335 204.1443 0.000000 3.041232 2.434132 1.893338 1.351159 0.660960 0.838746 0.897165 0.449731 0.480630 0.254015 0.098559 0.177288 0.195787 0.416825 0.544396 0.723457 0.751295 0.465973 0.584172 1.076512 1.346831 1.168965 0.787014 0.966346 1.509748 1.714099 1.832309 1.836531 1.499292 1.366444 1.892024 2.813096 3.276176 3.105696 3.066405 4.400542 7.100819 10.487383 13.241052 14.955333 14.395117 10.469611 6.490543 6.374822 6.604321 4.360578 3.146794 2.860250 3.015676 2.776102 2.535878 2.217892 2.219305 2.031685 1.986249 1.827794 1.743708 1.693988 1.641675 1.591450 1.597733 1.525860 1.369129 1.289790 1.444447 1.504923 1.453895 1.265199 0.929867 0.868510 0.916288 0.903132 0.808539 0.544668 0.545265 0.936166 1.272467 1.364965 1.180704 0.826108 0.511635 0.365632 0.381581 0.412095 0.368764 0.344467 0.352611 0.293161 0.222523 0.168662 0.135600 0.508467 0.860191 0.789920 0.415884 0.444863 0.653130 0.639847 0.571651
5.350410 0.018491 209.4198 209.4198 229.3645 0.000000 0.024112 0.274719 0.212032 0.175633 0.412749 0.120660 0.197826 0.398007 0.197177 0.197433 0.134400 0.108220 0.037539 0.121086 0.337783 0.106889 0.061922 0.131564 0.112361 0.135899 0.080237 0.077486 0.391173 0.232136 0.284961 0.408937 0.418159 0.271803 0.258229 0.246234 0.266104 0.354467 0.466951 0.455199 0.450203 0.391172 0.563509 0.746351 1.061489 1.209229 1.147656 1.404155 1.364364 1.347711 1.055313 0.742762 0.500572 0.498450 0.566207 0.348832 0.135467 0.267062 0.356421 0.254625 0.149030 0.171517 0.117494 0.170614 0.088612 0.234627 0.133763 0.138378 0.081354 0.200019 0.136073 0.069973 0.045736 0.065259 0.106598 0.118967 0.082342 0.157264 0.085894 0.157738 0.114253 0.069780 0.066158 0.030345 0.037996 0.112774 0.093568 0.035491 0.055857 0.038539 0.032269 0.061512 0.101899 0.151431 0.224824 0.328364 0.371687 0.328980 0.285848 0.295462 0.246876 0.191735 0.163091 0.173828 0.219697
5.400326 0.005015 9.9672 9.9672 209.3115 0.000000 0.024248 0.284363 0.177431 0.134852 0.268164 0.173411 0.185953 0.075941 0.188401 0.024225 0.168791 0.098958 0.161372 0.203573 0.245939 0.038489 0.103842 0.139596 0.037677 0.084979 0.148892 0.162787 0.260119 0.047809 0.043299 0.133953 0.119908 0.053826 0.083367 0.160134 0.118703 0.092040 0.085081 0.059089 0.065585 0.099825 0.092265 0.055915 0.128943 0.127415 0.161000 0.248376 0.060069 0.108262 0.048477 0.081675 0.045653 0.087266 0.153322 0.083550 0.143822 0.070934 0.135757 0.086965 0.126046 0.067974 0.056606 0.064018 0.097012 0.129431 0.081518 0.040369 0.076677 0.092428 0.051897 0.097079 0.077974 0.085759 0.064751 0.063162 0.107803 0.127393 0.081064 0.111807 0.080400 0.068721 0.064864 0.039124 0.064990 0.051856 0.058279 0.086953 0.080075 0.055247 0.058956 0.030667 0.047760 0.092217 0.041572 0.035570 0.043021 0.052077 0.056448 0.035646 0.032283 0.059383 0.055988 0.053313 0.052601
5.450321 0.005064 76.7111 25.5704 76.7111 0.000000 0.058364 0.197079 0.236006 0.224414 0.248789 0.167447 0.194558 0.195099 0.230019 0.184209 0.149671 0.118408 0.064627 0.134666 0.255881 0.210955 0.093065 0.118166 0.087239 0.048621 0.112338 0.175027 0.188675 0.136135 0.070683 0.094509 0.138791 0.135802 0.144489 0.131455 0.125835 0.182958 0.202180 0.097500 0.073624 0.077136 0.107943 0.122099 0.062209 0.055764 0.079096 0.097387 0.159365 0.041430 0.170823 0.013881 0.053998 0.074663 0.097696 0.110852 0.143527 0.084525 0.052527 0.059189 0.099920 0.112762 0.073300 0.093139 0.117202 0.110262 0.101888 0.112330 0.089225 0.039070 0.054192 0.075170 0.091106 0.083240 0.048709 0.044548 0.046253 0.047649 0.073433 0.081077 0.066835 0.127489 0.078382 0.066706 0.070865 0.026397 0.046444 0.092982 0.036089 0.063827 0.023361 0.020827 0.087434 0.012683 0.028449 0.072502 0.011225 0.059070 0.045799 0.058407 0.025745 0.047052 0.045563 0.041138 0.065723
5.497490 0.005247 10.1151 10.1151 70.8056 0.000000 0.035789 0.307270 0.133269 0.285570 0.221383 0.190558 0.224475 0.242270 0.185382 0.119534 0.112722 0.130900 0.095287 0.224649 0.227046 0.116046 0.085268 0.131870 0.132175 0.206759 0.179951 0.086496 0.034525 0.168422 0.110931 0.116395 0.158001 0.169715 0.203906 0.212919 0.181513 0.128931 0.165896 0.148106 0.066963 0.076239 0.077214 0.121951 0.131617 0.111985 0.094247 0.042733 0.080584 0.089772 0.076666 0.071396 0.041657 0.078616 0.116982 0.139628 0.115178 0.082068 0.087503 0.075248 0.087686 0.088101 0.032333 0.049964 0.087194 0.086510 0.055733 0.072669 0.079506 0.032923 0.026274 0.048906 0.139769 0.040964 0.022265 0.061923 0.105744 0.051489 0.073181 0.079086 0.077828 0.076103 0.089027 0.071889 0.036083 0.061502 0.073092 0.051966 0.058083 0.024108 0.031376 0.090078 0.027317 0.044023 0.045834 0.021811 0.053305 0.051162 0.071322 0.030751 0.050050 0.075002 0.028483 0.076365 0.031637
5.545365 0.365919 202.3972 187.2174 202.3972 0.000000 1.051462 1.394241 1.892140 2.252442 2.763815 3.277482 3.711909 3.985543 4.501265 4.459302 4.696826 4.753309 4.529008 4.481150 4.067725 3.817150 3.566111 3.510371 3.514868 3.752298 4.092247 4.378833 4.964561 5.415747 5.954446 6.450720 7.155634 7.808464 8.598432 9.890837 11.085624 12.599091 14.334039 15.772589 17.255031 18.691072 19.956097 21.060110 21.599775 21.703499 21.527387 20.900242 19.815050 18.518731 17.091236 15.348346 13.458769 11.656768 9.979507 8.493053 7.252146 6.251079 5.504542 4.999037 4.657662 4.474319 4.349977 4.283268 4.233104 4.049428 3.900498 3.792865 3.590270 3.241830 2.864757 2.468676 2.062575 1.451250 1.101037 0.925788 1.030423 1.376288 1.734270 2.064433 2.340066 2.505776 2.755901 2.800604 2.772444 2.684954 2.580687 2.512814 2.336153 2.136772 2.016869 1.834079 1.848755 1.784285 1.702321 1.686120 1.674911 1.739630 1.878239 1.909148 1.974434 2.190876 2.264036 2.425786 2.473713
5.597460 1.015298 216.5967 216.5967 241.2100 0.000000 19.190893 11.233816 3.694228 6.178470 9.135197 12.610299 18.098615 21.146705 18.724409 12.150912 7.011039 6.545441 6.240976 4.962520 5.099180 6.365060 7.012694 5.676518 3.565527 3.957560 5.188031 4.716128 5.522465 7.370906 6.025648 3.673195 6.469551 10.121115 7.739638 5.633849 10.140321 11.685989 7.400500 13.185206 22.981358 19.159192 9.308076 13.495687 14.918206 25.714817 62.001973 97.975069 108.446269 87.193814 46.373161 21.867929 30.931980 37.304204 30.286534 17.669395 7.387118 3.761102 2.223599 5.849505 9.951346 9.923794 5.846430 5.689061 8.768786 8.310003 6.312383 8.637904 10.307451 7.785642 2.993161 1.505133 5.334007 9.145101 11.577570 11.549684 9.788331 10.112172 14.290239 19.735585 23.366317 23.987415 22.715366 20.942107 18.254511 13.272697 6.738454 4.134546 9.380290 12.673500 12.408295 9.745049 6.610952 4.791247 4.710299 5.692943 6.972935 8.129879 9.469461 10.466027 9.699714 6.433904 2.551868 2.413952 4.725423
5.645361 1.230375 214.3503 214.3503 794.0703 0.000000 19.750895 7.485711 1.947979 5.144878 6.053835 11.287607 22.215587 24.805519 16.158809 9.118514 8.734946 10.047803 7.005748 3.897154 2.915705 2.906301 4.957589 5.270806 3.270663 2.840192 3.970747 5.492671 9.072422 7.572223 4.509228 6.132517 8.259611 6.103709 3.305041 5.159676 9.188073 4.969665 4.292354 17.005732 14.761716 18.420029 17.153153 15.805064 26.574082 44.604953 36.786799 147.772639 164.425303 71.711509 6.975303 13.497764 30.688461 25.727136 19.501809 12.270428 3.581669 6.643825 8.822673 9.349201 8.961217 6.781820 9.147481 9.876712 8.597653 6.470761 6.696543 7.790005 3.990857 4.665613 3.917929 3.655707 6.392553 9.174802 12.471364 7.945660 4.744532 15.509746 28.043831 30.594908 19.460431 14.323192 30.585411 27.971694 15.721854 9.161517 11.325351 15.841796 9.587293 5.029089 6.875352 3.546285 4.459757 6.038783 6.351667 6.374086 6.558637 9.904150 13.675842 12.244778 6.806688 2.438673 2.121604 5.890999 7.970685
5.697516 1.242303 219.3793 219.3793 812.7007 0.000000 17.703188 9.757241 2.366943 4.494365 5.149644 10.733148 20.618169 26.037816 18.920962 9.096546 7.983459 10.350624 8.349454 5.516444 2.651942 2.385306 4.261773 5.957196 2.941016 2.602206 3.902072 4.395421 6.622751 9.974791 5.565505 3.826537 8.316448 7.561511 5.419444 2.498612 7.617263 7.024443 5.745352 7.092854 19.216267 9.495899 19.105675 18.571375 23.108429 29.890938 43.856385 34.352819 154.694121 165.677612 68.753124 4.139689 13.420107 29.180583 26.571442 20.939240 12.225885 4.735559 4.200904 7.470452 10.253330 8.923640 6.399784 6.629741 11.403228 8.673794 6.913598 7.517822 7.488886 6.241140 3.377780 4.650149 3.837683 3.739132 8.278075 10.011566 11.856005 6.080589 6.899639 19.287007 29.519848 27.851369 18.625091 18.397414 29.572899 26.276129 14.614998 8.518979 11.588087 16.259529 9.889750 5.708052 7.192362 3.373444 5.662344 6.817370 5.762752 5.376472 6.416942 9.936739 12.773242 12.788525 8.928466 2.872798 2.750786
5.750024 1.200173 219.5000 219.5000 813.1476 0.000000 16.646203 12.699017 7.035102 2.070176 6.203226 15.267899 24.992857 25.237038 14.310681 4.669127 4.032902 7.209556 8.486532 8.490554 3.078390 2.210832 2.283808 4.281909 5.752208 5.203136 1.844792 2.262783 2.512000 5.452453 7.361912 5.782354 1.933791 3.894978 7.605105 8.819300 4.531500 4.602010 9.099761 11.731085 12.718740 6.791102 2.801314 4.395905 38.272839 22.761859 39.256340 33.175883 144.759883 158.233434 80.118733 10.086065 3.866750 24.008658 28.313128 27.288846 18.296611 8.684093 4.396312 3.111796 8.649892 9.603536 7.993630 4.517097 12.476899 11.796305 10.452168 7.160500 4.469649 6.204707 5.743454 6.830869 7.824681 6.971936 11.271813 10.673225 9.788746 4.800073 6.228725 20.086458 30.543819 27.709333 18.032325 17.241254 29.110329 27.151759 15.453107 8.325779 11.132482 17.009545 10.375445 5.778509 7.197748 2.590952 5.067527 7.163425 5.961524 4.403402 6.778187 10.873763 12.916474 11.427629 7.926481 3.453633 1.756233
5.797427 0.733377 214.9544 194.9587 214.9544 0.000000 6.275094 5.101701 3.771464 5.837468 7.680503 8.364532 7.505023 7.448420 5.691780 2.296793 2.387529 1.461946 1.283732 1.713550 3.454633 3.423108 5.028219 4.608663 3.662070 3.568692 2.292490 2.062150 1.866947 0.697234 2.131207 3.952852 5.994811 4.940296 5.136985 4.667888 4.539232 6.672626 4.451312 6.348968 2.420961 14.542410 13.059538 17.318263 33.805227 16.889637 28.600820 61.299608 83.948945 75.662417 57.804967 35.117047 14.794918 11.800350 10.543439 7.207050 6.086667 6.149364 6.588226 6.331477 6.677339 5.567925 6.115696 8.004040 6.497249 4.015595 3.006796 5.783703 6.044258 4.579749 5.854120 5.061300 3.577918 0.967705 3.455999 2.378883 2.874917 6.340531 9.414264 12.145147 11.546494 10.423727 13.038186 12.718930 10.041486 8.612575 5.370004 4.062479 7.515510 11.004954 11.579909 7.710778 2.224467 3.428262 7.338360 7.706783 4.995077 1.947925 2.089539 3.848502 3.135824 2.646910 2.934598 3.383403 3.211387
5.845218 0.184978 199.1170 199.1170 219.5393 0.000000 2.603788 2.414016 1.857209 1.119385 0.952883 0.769269 1.375734 1.325197 1.347172 0.979740 0.561503 0.341741 0.801462 1.171721 1.260634 1.048139 0.495516 0.556356 1.081447 1.244068 1.169275 1.147078 0.866594 0.590256 0.885629 1.471495 1.741986 1.673688 1.260326 0.807714 1.492604 2.735922 3.074976 2.515860 1.470998 2.519973 6.903069 11.465510 15.020632 16.172359 13.926937 10.869657 11.273318 11.981598 8.704574 5.722045 5.018344 5.200774 5.611838 5.310240 4.853884 4.107135 3.552013 3.499558 3.492195 3.404310 3.267270 2.770519 2.200627 1.942007 1.998377 2.086448 1.903594 1.496171 0.891351 0.528481 0.735784 0.874883 0.531425 0.437400 1.003075 1.578497 1.673144 1.362564 0.862939 0.511310 0.810883 1.646209 2.257653 2.553386 2.558450 2.199499 1.932083 2.006687 2.179985 2.226859 2.136932 1.832138 1.644385 1.798145 1.967618 1.871627 1.898617 1.385787 1.078497 1.655525 1.629069 1.098849 1.029303
5.892971 0.022717 221.6118 206.1505 221.6118 0.000000 0.261279 0.220916 0.075167 0.218983 0.445305 0.412447 0.179937 0.256066 0.105689 0.181705 0.269045 0.343058 0.237641 0.214095 0.239428 0.286440 0.391509 0.413216 0.403410 0.419991 0.421401 0.460725 0.391775 0.245657 0.333394 0.287009 0.324839 0.216903 0.353456 0.397641 0.435055 0.686289 0.466827 0.608877 0.639812 0.768348 0.789504 0.920202 1.087567 1.297643 1.496614 1.598876 1.603129 1.800767 1.582780 1.197179 0.793088 0.494228 0.438774 0.507545 0.429039 0.332883 0.320156 0.246297 0.236203 0.229660 0.224516 0.289457 0.167864 0.171177 0.195393 0.207010 0.127452 0.197967 0.165634 0.132492 0.197784 0.112546 0.089438 0.082712 0.159603 0.193908 0.114846 0.133415 0.167498 0.132469 0.151613 0.125336 0.060305 0.045436 0.127252 0.108747 0.075907 0.101776 0.127335 0.134182 0.100541 0.091696 0.107509 0.064132 0.038364 0.139957 0.266955 0.298805 0.349507 0.373541 0.323641 0.313640 0.283908
5.945304 0.005031 35.8329 35.8329 158.6886 0.000000 0.140640 0.117070 0.222984 0.196646 0.256387 0.250602 0.305653 0.157965 0.257216 0.259667 0.141704 0.111057 0.078390 0.074225 0.087966 0.046465 0.142602 0.153777 0.133219 0.095118 0.124591 0.200096 0.148465 0.099594 0.097650 0.083396 0.105042 0.106375 0.058173 0.046654 0.098214 0.226722 0.066980 0.043828 0.066409 0.090062 0.078802 0.058767 0.097096 0.020918 0.033028 0.110380 0.193698 0.173536 0.056714 0.090921 0.049511 0.078263 0.139602 0.126446 0.106313 0.161844 0.091285 0.111981 0.061236 0.062840 0.110221 0.111046 0.162719 0.104712 0.086156 0.080460 0.074699 0.063465 0.039705 0.046673 0.052473 0.033667 0.018311 0.032092 0.044985 0.057809 0.056695 0.080495 0.107527 0.096992 0.064000 0.046716 0.070581 0.088077 0.076799 0.040455 0.024734 0.077606 0.036639 0.048929 0.038922 0.047827 0.054941 0.018194 0.108585 0.047454 0.025759 0.007085 0.040965 0.029139 0.022180 0.044434 0.033824
5.990357 0.004657 45.4502 30.3001 45.4502 0.000000 0.135689 0.280933 0.108687 0.124531 0.179015 0.307649 0.162616 0.194304 0.371067 0.241146 0.131198 0.052318 0.068833 0.048318 0.072223 0.094227 0.157200 0.161039 0.135512 0.089205 0.106213 0.202633 0.070018 0.084026 0.078595 0.063392 0.070271 0.061034 0.107903 0.142159 0.199093 0.082264 0.032062 0.041141 0.058217 0.085803 0.059443 0.090239 0.086813 0.103012 0.072595 0.085042 0.109899 0.095047 0.066208 0.033325 0.078491 0.162232 0.113342 0.043377 0.030815 0.055007 0.065795 0.060853 0.068229 0.047717 0.046945 0.063450 0.088025 0.104619 0.111387 0.067093 0.054801 0.034720 0.033266 0.040556 0.044266 0.043257 0.055459 0.046604 0.065337 0.070176 0.080240 0.089710 0.085313 0.082270 0.038430 0.054269 0.047108 0.048229 0.046000 0.029254 0.064675 0.038032 0.017205 0.021517 0.043719 0.056217 0.030152 0.113589 0.031124 0.023720 0.009474 0.051883 0.024382 0.010134 0.041094 0.026302 0.018168
6.039986 0.005129 40.1530 10.0382 40.1530 0.000000 0.210572 0.347270 0.141793 0.111199 0.290844 0.143671 0.330840 0.374958 0.279478 0.297401 0.166885 0.125077 0.136712 0.011402 0.125370 0.184717 0.128742 0.023070 0.154471 0.212993 0.188553 0.124077 0.081865 0.072081 0.059163 0.064414 0.097014 0.014806 0.086485 0.157921 0.204779 0.056368 0.037506 0.033978 0.091211 0.138957 0.080054 0.063772 0.047170 0.133929 0.042523 0.059055 0.033012 0.044807 0.079667 0.082398 0.066442 0.199098 0.066059 0.036908 0.026077 0.090057 0.033645 0.044795 0.050836 0.081706 0.082623 0.053800 0.063410 0.066040 0.121389 0.080915 0.041412 0.020144 0.016659 0.024022 0.031566 0.061145 0.046616 0.063113 0.072824 0.082041 0.088020 0.091491 0.072896 0.027875 0.035982 0.063228 0.059648 0.059386 0.036832 0.044383 0.071521 0.044015 0.031956 0.041514 0.044299 0.037914 0.063253 0.039453 0.026647 0.030745 0.045101 0.034668 0.028641 0.025592 0.018834 0.021831 0.034304
6.090398 0.477548 217.7010 217.7010 237.4920 0.000000 8.573848 8.214918 7.581818 6.805076 5.799400 5.418777 4.935889 3.876752 3.930041 3.948363 3.562920 3.353631 3.056181 2.506967 2.062975 1.372013 0.881186 0.450485 0.282444 0.623190 0.697231 0.845262 1.127271 1.481255 2.077661 2.767074 3.554808 4.390475 4.878556 4.953904 4.850761 4.273405 4.043505 4.936134 7.246212 10.520680 14.491658 18.508408 22.433901 25.946166 28.676729 30.581597 31.468722 31.342416 30.352010 28.668294 26.346675 23.813961 21.213924 18.489929 15.898680 13.440103 11.162330 9.118049 7.212245 5.630255 4.454053 3.819693 3.689001 3.695584 3.766502 3.732830 3.663949 3.654762 3.724499 3.939344 4.502907 5.195131 5.948643 6.739724 7.280011 7.731929 7.994170 8.019490 7.774510 7.307737 6.663591 5.995902 5.097929 4.222358 3.316831 2.484304 1.796539 1.108387 0.530644 0.065473 0.419523 0.838017 1.094718 1.316891 1.423705 1.448290 1.324251 1.101532 0.818605 0.674812 0.747899 0.998116 1.147323
6.140010 1.063367 213.6107 194.1915 213.6107 0.000000 26.528227 17.107676 6.738840 4.775120 12.178434 16.362279 16.488235 13.439986 8.372221 4.366166 3.643440 3.335388 2.336650 2.593245 3.736725 4.847712 5.943103 6.392843 6.123661 5.257175 3.808313 2.476427 3.696936 5.812421 6.129813 4.376610 2.496779 1.522086 6.676890 11.690056 11.094444 5.358668 1.864976 3.446721 7.598859 6.789346 10.974313 30.695053 34.073345 20.153052 50.404322 103.006393 123.538648 101.894318 54.310571 17.460321 13.345493 14.223855 14.182033 18.846620 15.402079 6.599944 6.618961 8.670817 4.320042 3.397884 4.840908 4.367051 4.178109 4.023948 3.422678 4.868036 7.715042 8.362790 4.578341 3.669696 11.055070 13.977544 11.607009 7.815393 5.520186 6.281499 11.796993 15.761315 13.301220 7.975113 12.196817 22.526178 26.603938 23.247854 15.072639 7.139984 4.207111 3.708975 1.995734 4.009305 8.606967 11.281108 10.292948 5.845198 5.496032 8.942345 9.358551 6.361586 3.839605 2.649849 1.658407 2.775983 3.565741
6.191865 1.232471 211.8144 211.8144 799.1178 0.000000 26.089933 12.615271 8.386981 3.838028 12.354337 16.006858 15.603123 14.385353 10.850566 5.257337 3.072340 3.669080 2.391603 1.949157 3.555378 6.232921 8.352662 5.938155 5.858578 4.567917 2.950451 4.272182 3.240751 5.105459 6.218984 2.276185 1.518250 4.760729 8.893033 7.456911 9.242234 11.821509 5.296495 3.543505 8.729945 16.086795 16.033582 20.190267 44.382696 55.861178 112.270112 155.164375 106.857125 72.267471 32.926253 16.735867 7.919251 2.482520 10.205672 13.955912 12.658530 7.013331 6.767294 6.372502 9.449493 1.836172 2.995035 1.486926 1.371153 3.166733 5.499948 4.295290 3.910339 7.162865 5.158849 7.103378 11.314018 9.834023 7.835695 10.629426 9.511455 7.940252 14.480265 12.759177 7.942113 5.195861 21.813149 34.716626 31.749575 17.050097 3.213290 14.613450 12.390550 7.928851 9.455136 9.886947 9.082525 7.374705 3.592995 2.007431 4.096824 7.236861 8.857041 6.804520 3.913991 3.232693 2.080277 2.182501 1.848598
6.245353 1.240044 214.3500 214.3500 827.4906 0.000000 23.410416 15.569590 7.113958 1.246822 12.359976 15.968806 15.275363 15.822492 12.362346 6.099491 2.850539 3.454506 3.399230 1.204823 3.065981 5.140812 6.439599 8.970612 5.109241 5.810057 5.425078 2.958941 5.031533 2.759153 5.974830 5.003481 2.522690 1.699549 4.190793 9.998437 6.458383 10.069274 10.538304 4.342763 3.357716 1.588414 10.156948 28.035716 11.129542 27.714838 62.182367 71.604070 155.386423 143.728131 82.639887 58.856470 20.558443 11.967033 8.840441 5.150378 9.089265 16.205785 9.889978 9.357759 4.066781 6.294406 8.038990 3.949077 3.429323 2.702284 1.857303 1.783597 4.644032 5.932777 2.211017 7.493860 5.978094 5.068071 10.376038 11.284795 8.394151 8.304820 11.076022 8.900458 9.635159 15.039299 11.090697 6.563264 9.078080 25.685113 33.909829 29.190901 14.934594 5.514289 13.999584 11.612658 9.068831 10.078433 9.257915 9.726785 7.754676 4.446309 3.055713 4.395884 5.818712 9.535875 7.220558 4.650414 3.790041
6.289968 1.158916 216.3388 216.3388 231.4322 0.000000 21.900281 15.607119 8.742275 2.840466 9.615505 16.087756 17.577149 19.251745 14.969756 4.358228 3.706206 4.807726 6.424901 5.601068 6.146157 9.408957 9.526692 7.623668 1.153437 1.467687 4.471528 3.134961 4.864643 4.355619 5.885789 9.304943 9.582998 8.855561 10.531128 14.226037 7.857008 13.059885 10.981765 4.697563 6.645577 10.835860 18.774920 15.033363 21.420741 16.540078 31.837593 73.128631 132.197968 130.837922 83.575104 64.325835 43.542123 23.972444 20.724431 20.078174 16.923176 13.837437 5.071152 2.888954 4.025304 5.729663 5.762779 4.000333 2.978904 3.203815 3.567866 2.812748 2.651158 5.980851 3.958611 5.336249 7.209652 4.245005 6.155756 10.952729 12.130587 11.765695 13.299303 9.689283 7.337208 9.738096 8.287497 5.637391 7.893430 17.254282 26.753763 29.090563 24.167505 11.649860 7.679705 13.404645 12.330190 9.297503 8.555261 9.412530 9.976024 7.539018 4.739401 3.604352 2.792710 5.313106 9.899845 8.964865 4.995259
6.340017 0.653389 215.1115 215.1115 230.4766 0.000000 9.287618 4.307297 4.601771 3.313069 1.407624 2.027501 3.248986 4.881253 5.169838 4.389693 2.633798 1.539118 1.770422 2.876295 3.537111 3.502269 3.334916 4.086150 5.089794 4.129210 1.927186 2.649740 5.061345 5.055799 3.670233 2.742782 2.360996 2.423854 3.047418 3.210453 5.839661 9.881159 11.490171 9.357110 7.122304 8.542741 8.702250 14.984555 28.649154 25.818893 23.341277 57.956050 67.760529 67.735404 54.154235 33.186851 14.438972 7.931811 9.023337 8.893213 9.813743 9.456345 5.369561 4.414168 7.206913 8.158736 7.081943 6.715244 5.829460 2.513995 2.237642 3.973630 3.652419 4.039906 6.544905 7.803775 5.960293 2.733685 1.174829 2.163554 2.957815 3.698140 5.279097 6.671568 6.533556 4.328526 1.651740 3.029556 4.999495 6.365688 8.585502 8.799342 7.422146 7.722760 9.356137 10.718432 9.774311 8.678022 8.684417 7.521455 4.529060 2.083705 2.696782 3.247919 1.079983 2.493342 3.732088 4.065555 3.137616
6.390034 0.154312 198.9757 179.0782 198.9757 0.000000 2.017351 2.209992 2.132527 1.919568 1.681991 0.829148 0.609079 0.980410 0.963449 0.864157 0.697760 0.698622 0.906518 1.218941 0.978937 1.280937 1.390219 1.835819 2.049773 1.808497 1.945839 2.307162 2.373186 1.870262 1.820081 1.957759 1.575771 1.154375 1.248788 1.345077 1.637245 2.337714 2.961335 3.812845 5.499041 7.477532 10.135909 12.524858 14.099820 13.639687 9.401481 4.690618 4.465622 5.385257 4.195036 3.941742 3.862445 3.962817 3.856777 3.768771 3.509463 3.333382 2.912206 2.722428 2.379872 2.152961 1.843899 1.472277 1.047269 0.803588 0.718182 0.777158 0.835690 0.920088 0.888212 0.763171 0.580009 0.436345 0.367454 0.349547 0.290605 0.215282 0.201147 0.335310 0.522029 0.803438 1.098312 1.365475 1.526655 1.442035 1.267064 1.192840 1.333955 1.512503 1.599406 1.466529 1.376724 1.443082 1.344882 1.131539 1.307656 1.601958 1.337913 0.739668 0.544208 0.794846 1.013216 1.070980 0.902449
6.440018 0.020944 213.9475 194.0454 213.9475 0.000000 0.251280 0.194385 0.067561 0.075507 0.465063 0.309723 0.209182 0.360871 0.112969 0.266848 0.175315 0.152549 0.205420 0.176719 0.133142 0.286419 0.187635 0.034454 0.198813 0.134185 0.163918 0.278747 0.326837 0.216704 0.266082 0.183945 0.160265 0.034036 0.042579 0.191483 0.107712 0.224196 0.217612 0.319485 0.515877 0.362040 0.503526 0.729912 1.040740 1.282399 1.304492 1.689396 1.704683 1.568090 1.246959 0.760076 0.617747 0.627254 0.707610 0.455305 0.332074 0.505881 0.372996 0.253016 0.376571 0.442335 0.319867 0.285681 0.279708 0.240407 0.243511 0.308676 0.264208 0.223403 0.215776 0.239027 0.132237 0.149931 0.180046 0.185615 0.165355 0.168314 0.184831 0.175652 0.180924 0.163295 0.202397 0.210777 0.193880 0.193711 0.177792 0.203323 0.195912 0.212952 0.239799 0.265520 0.301718 0.299823 0.355223 0.391673 0.363804 0.288686 0.233394 0.147588 0.072569 0.049577 0.048098 0.060883 0.056751
6.490397 0.005760 29.8504 29.8504 203.9776 0.000000 0.319027 0.120922 0.124968 0.054158 0.395229 0.395390 0.170336 0.303335 0.105221 0.239929 0.053630 0.069274 0.107417 0.153183 0.136123 0.241477 0.085801 0.188621 0.053683 0.124374 0.079657 0.061739 0.110728 0.061298 0.099423 0.080959 0.083716 0.051429 0.119611 0.102551 0.099150 0.129862 0.034633 0.175315 0.205771 0.078008 0.080172 0.045393 0.059813 0.115647 0.309215 0.108832 0.159571 0.082076 0.156612 0.046291 0.092584 0.090850 0.168093 0.137190 0.180807 0.215010 0.139167 0.076278 0.090895 0.121294 0.109858 0.166403 0.105459 0.060965 0.055141 0.102291 0.064084 0.054752 0.085232 0.060831 0.132889 0.094608 0.038289 0.030003 0.031004 0.060155 0.108527 0.065988 0.057052 0.040396 0.039664 0.058403 0.071697 0.063105 0.063195 0.037137 0.054670 0.042995 0.044707 0.062383 0.065392 0.036822 0.033719 0.029842 0.024220 0.037603 0.056534 0.046715 0.023691 0.040467 0.069328 0.059613 0.037992
6.540401 0.005426 34.8220 4.9746 34.8220 0.000000 0.295645 0.121827 0.089735 0.200261 0.241465 0.278128 0.527942 0.091434 0.302282 0.084906 0.096729 0.039048 0.079197 0.203913 0.096299 0.206723 0.047452 0.089710 0.085750 0.074793 0.104312 0.046209 0.137997 0.147497 0.151161 0.136310 0.116604 0.065647 0.108386 0.129554 0.089079 0.123769 0.132103 0.144441 0.195342 0.067528 0.045324 0.072676 0.077585 0.144641 0.215998 0.130850 0.118080 0.070151 0.154581 0.099555 0.097324 0.088597 0.078495 0.074516 0.096836 0.134742 0.078635 0.101721 0.161635 0.052827 0.089885 0.083205 0.064199 0.039238 0.061786 0.126481 0.069111 0.067625 0.065896 0.088812 0.135370 0.073577 0.026462 0.042358 0.038301 0.052913 0.074715 0.033045 0.040770 0.037603 0.033454 0.053035 0.073721 0.059339 0.057393 0.032853 0.071987 0.047224 0.011710 0.032516 0.050249 0.030983 0.026317 0.027451 0.023794 0.043686 0.055229 0.040587 0.032979 0.056900 0.052455 0.040137 0.026617
6.590437 0.005131 45.8951 25.4973 45.8951 0.000000 0.168914 0.184303 0.173755 0.154829 0.226353 0.180063 0.275112 0.258625 0.362823 0.132747 0.116142 0.057884 0.073436 0.149731 0.118022 0.162423 0.130048 0.088279 0.114849 0.103251 0.120904 0.147474 0.140993 0.106982 0.099365 0.101476 0.066867 0.060032 0.122821 0.110419 0.043534 0.119043 0.151085 0.101294 0.108080 0.155830 0.140967 0.087438 0.080530 0.117033 0.207311 0.167530 0.119213 0.118737 0.078985 0.164525 0.088767 0.110065 0.075483 0.068802 0.064282 0.122157 0.075470 0.103460 0.117350 0.191962 0.038466 0.054773 0.121068 0.131467 0.064819 0.058630 0.126769 0.092132 0.064247 0.062152 0.028124 0.109236 0.123620 0.072229 0.069498 0.064385 0.055010 0.068500 0.051137 0.035386 0.026512 0.046415 0.061898 0.061568 0.067897 0.059903 0.059528 0.037169 0.065093 0.054263 0.025018 0.020800 0.046939 0.041536 0.021826 0.037625 0.032166 0.030273 0.021831 0.055521 0.066593 0.015082 0.036349
6.638190 0.701172 217.6570 217.6570 232.8424 0.000000 12.962353 12.700384 12.505516 12.218362 11.932494 11.826299 11.336628 10.717711 9.132238 7.349950 5.406662 3.645720 2.347926 1.422736 1.006456 1.790965 2.984512 3.798827 4.007791 3.717520 2.734465 1.663720 0.788496 1.061514 1.740076 2.550019 3.700925 4.644230 4.636887 3.448693 3.025408 5.614982 9.970864 13.501497 14.670564 12.274751 6.047727 6.123621 16.329507 29.568258 41.635731 50.623507 55.458266 56.054336 52.718423 46.421995 38.492088 30.069652 21.979343 14.739556 8.631874 4.550557 3.818265 5.311718 6.453720 6.591397 6.133556 4.771893 3.092348 2.579338 4.055376 6.165395 7.557616 7.953130 7.169924 5.482117 3.723306 3.585986 5.050161 6.521085 6.758212 5.632539 3.204456 0.662462 5.025635 9.567269 13.611275 16.795341 18.712979 19.151982 18.311628 16.283553 13.367798 9.876907 6.459949 3.549846 1.853196 2.356163 3.161384 3.789237 4.100895 4.287598 4.307707 4.314601 4.257118 4.162517 4.226373 4.326350 4.441851
6.685911 1.163709 214.4609 194.9645 214.4609 0.000000 26.734601 11.882692 2.208599 6.008166 6.555659 15.968536 22.308849 18.711545 12.572099 13.594512 12.240805 7.522430 6.233867 6.821028 5.709838 6.484701 5.557690 3.624998 5.282889 5.481454 5.596772 5.508920 2.439214 2.727005 3.303909 3.141287 7.443042 9.767684 11.579467 10.100852 3.818030 8.549500 9.354581 14.597901 7.329372 18.736848 24.853178 5.116697 38.348464 25.328779 53.917477 130.274383 147.173019 97.710871 32.699153 14.688064 17.575644 6.216170 6.847898 5.536275 7.132116 9.396513 7.127344 6.526085 5.332909 2.779707 2.825619 6.708949 9.907563 6.326706 5.622222 8.661100 6.623738 5.293373 5.408415 2.976517 0.979911 3.800504 8.664518 9.697055 3.658572 6.130360 9.040868 1.479983 14.182427 27.301540 31.925158 31.192995 27.123411 17.346018 6.111998 5.855828 6.556643 4.916142 5.962189 6.952966 6.754820 5.720262 4.636719 5.643735 8.951529 10.649920 8.583464 5.968023 7.754680 9.846360 6.722159 3.566354 3.234031
6.737370 1.255076 217.3613 217.3613 820.0448 0.000000 26.594578 8.528942 1.895298 4.109186 7.426485 16.746808 20.166864 17.776448 15.153528 13.782292 9.300674 5.778687 4.008674 4.561017 1.707909 2.836986 6.827485 4.894764 3.299561 1.927451 2.436026 4.778608 6.012686 3.937522 1.061803 3.226583 6.433448 5.232746 5.803925 8.578976 6.847826 6.893575 12.075895 14.947974 10.982442 7.189478 15.174301 15.063484 13.945872 31.221558 23.107313 81.513561 171.250186 135.812128 51.275913 16.068050 11.629673 14.277689 7.726119 4.356628 7.843811 8.151385 4.629253 2.305112 4.330053 6.243544 3.617291 4.800183 9.564935 7.750278 3.665894 5.393166 7.915134 4.915874 4.233611 5.422263 4.593073 2.671816 3.806802 9.298810 8.396386 5.072851 6.690147 9.610849 2.307731 13.881098 30.196488 30.434324 28.136597 35.322018 17.663426 0.446569 2.542479 4.792844 8.084390 9.509171 8.829438 7.024854 3.144722 5.239753 7.366861 10.786127 11.178955 9.147260 6.076956 7.424731 10.854643 6.980953 4.047199
6.790449 1.257039 220.4697 205.4377 220.4697 0.000000 25.961034 9.377977 0.676850 3.944325 7.683180 15.520560 21.091738 17.225750 16.213362 13.630216 10.395258 5.990540 3.840358 4.815135 2.265091 2.042037 6.408940 5.717537 3.257961 2.813374 0.875209 4.104260 6.606330 4.837039 1.633059 2.061995 6.256493 5.425311 4.897422 6.894600 9.835536 3.201811 6.323791 18.477521 10.836669 4.279446 11.264314 25.882697 4.449824 22.659135 41.221189 13.405496 137.392470 186.227352 99.588597 25.782337 13.693473 11.775876 15.326854 3.947715 6.000712 8.356819 8.057718 3.577649 1.550953 5.738218 6.032996 3.434728 5.807815 9.656974 7.846845 2.561038 5.061535 8.517514 4.468218 3.569325 6.000523 4.165834 2.419574 3.595273 9.417047 8.289457 5.255322 6.731585 9.334971 2.987184 12.812449 28.534361 30.533495 28.491202 34.236550 20.397744 3.476211 2.475148 4.871811 7.166285 9.055382 9.282311 7.478508 3.914214 4.373814 6.581398 10.424146 10.947850 10.418641 6.192682 6.705763 10.464264 8.517470
6.840014 1.052684 219.3464 219.3464 827.5340 0.000000 22.198284 13.118931 9.232671 6.291802 10.492214 11.106595 12.005596 7.473456 7.499278 7.816949 9.005822 8.721631 7.171124 1.180374 2.142289 4.988774 6.419135 3.893593 1.964345 2.516594 2.378462 4.665815 4.499360 3.953590 2.791856 2.996704 2.872913 2.907879 4.781259 7.460580 10.294689 9.033607 9.001740 6.098378 4.812885 11.147831 11.134146 20.096560 23.906704 12.671643 13.815720 63.728106 127.091090 131.611763 81.462677 34.168979 26.505281 20.193045 6.885727 10.666696 13.094550 12.933651 12.346335 8.956625 6.904693 5.300609 1.459127 3.056022 7.936717 10.762821 9.539239 6.932958 4.128583 3.900711 7.983624 8.882266 9.599737 7.619291 5.809856 8.000001 6.466838 3.779726 3.336410 5.858424 10.664359 14.118579 16.276720 15.030200 9.536003 11.377671 19.621942 17.380494 10.309222 6.276304 9.173171 7.951350 5.657839 5.542341 5.712025 5.248533 6.944706 12.757902 12.841923 8.863670 5.341324 2.418386 6.276287 7.743837 6.142093
6.884889 0.509676 217.2563 217.2563 232.4137 0.000000 9.095522 5.775019 4.755998 5.362709 4.839893 3.261950 4.095592 3.752048 2.374667 2.020641 2.003489 2.209796 3.479442 3.223088 1.442751 1.442001 2.136286 2.998648 2.692269 2.237837 1.465230 2.632113 3.168827 3.461595 3.131878 2.495064 2.910166 3.881904 4.210124 4.434176 4.933853 4.387349 4.594606 7.235034 7.938439 7.387495 13.289362 19.697224 15.013471 12.624763 24.876081 36.982391 45.407024 48.233750 42.947340 34.754779 27.240930 20.773142 14.958353 10.624825 7.994882 6.630882 6.231281 6.357027 6.475048 5.839618 3.804704 3.043451 4.542400 5.048178 4.658105 3.987369 3.028893 2.583771 3.355903 4.041633 3.922830 3.328028 2.869839 2.051122 2.241295 3.897754 4.596460 3.887646 2.760175 2.839508 3.576513 4.458958 6.064562 7.668406 8.231488 7.554893 6.058545 5.070080 5.127583 4.364194 3.347466 2.558190 1.396685 0.595789 1.698359 2.262464 3.280014 3.278629 2.674334 1.444756 0.736350 1.344913 1.121553
6.937367 0.082123 196.6259 181.5008 196.6259 0.000000 0.597739 0.828783 0.675988 0.648415 0.568270 1.181439 1.308374 1.280838 1.098721 1.143045 0.920884 0.777011 0.565067 0.351596 0.182609 0.276446 0.583551 0.504094 0.396127 0.445147 0.755779 1.084254 0.788215 0.665665 0.722382 0.796258 0.925515 1.145971 1.254551 1.551841 2.085010 2.474978 3.041945 3.593451 4.141022 4.768753 5.377647 6.015346 6.576525 6.615694 5.541873 3.425304 1.441453 1.601214 1.852657 1.471500 1.515076 1.370030 1.312665 1.318069 1.203023 1.094011 0.986744 0.908193 1.026592 1.184553 1.299920 1.229089 1.048127 0.912918 0.763202 0.610384 0.422247 0.364660 0.429625 0.266208 0.056727 0.168596 0.346283 0.446701 0.522706 0.501691 0.550329 0.645998 0.678721 0.713596 0.743915 0.761258 0.748133 0.697235 0.694978 0.741973 0.890390 0.968260 0.823968 0.623037 0.446045 0.391061 0.371769 0.357567 0.577992 0.487537 0.272035 0.174284 0.352089 0.388660 0.504797 0.685531 0.848372
6.985506 0.010042 214.3584 194.4181 214.3584 0.000000 0.127255 0.265609 0.114192 0.203072 0.384381 0.198784 0.175852 0.250869 0.218919 0.180089 0.133647 0.187299 0.207334 0.185876 0.103430 0.109728 0.045905 0.060953 0.155359 0.101424 0.088768 0.175884 0.056666 0.164860 0.096766 0.092350 0.128124 0.156724 0.262411 0.224286 0.156276 0.104510 0.191215 0.197570 0.156795 0.215126 0.259653 0.406949 0.503117 0.306554 0.434316 0.573232 0.725974 0.649539 0.674720 0.638641 0.463761 0.305103 0.130547 0.112818 0.183686 0.171373 0.169829 0.254948 0.155568 0.089345 0.069217 0.138962 0.051745 0.062148 0.033419 0.063293 0.099476 0.139267 0.136784 0.187061 0.074953 0.073594 0.105685 0.113392 0.108645 0.047262 0.079505 0.120838 0.086154 0.095742 0.095918 0.090539 0.092359 0.068819 0.081300 0.100993 0.147388 0.090548 0.063256 0.119735 0.202684 0.180740 0.165975 0.104829 0.052015 0.075154 0.083192 0.057224 0.048010 0.045952 0.038919 0.042211 0.030960
7.036740 0.004665 30.5853 30.5853 203.9017 0.000000 0.130866 0.148759 0.024009 0.112033 0.210117 0.377724 0.209979 0.207384 0.099482 0.123108 0.177264 0.211245 0.078478 0.053738 0.127214 0.192950 0.122467 0.098669 0.145486 0.076406 0.055554 0.104694 0.078449 0.054703 0.087002 0.106066 0.108499 0.083543 0.101970 0.170411 0.147499 0.093715 0.061332 0.049585 0.112320 0.151300 0.077541 0.055725 0.057210 0.139951 0.187088 0.071662 0.062880 0.081651 0.186263 0.161296 0.041933 0.114219 0.140022 0.060606 0.098021 0.052973 0.100334 0.068102 0.064754 0.054326 0.008753 0.076516 0.033682 0.081547 0.047161 0.046362 0.026684 0.033953 0.068434 0.124710 0.115026 0.043899 0.045230 0.020264 0.036636 0.058937 0.043689 0.043896 0.047781 0.029730 0.030713 0.030684 0.043515 0.107718 0.110084 0.065918 0.057237 0.051701 0.054688 0.026399 0.017676 0.033191 0.075254 0.050209 0.019878 0.036998 0.074051 0.035277 0.030161 0.029477 0.039837 0.028382 0.018704
7.084889 0.004632 29.8924 29.8924 174.3726 0.000000 0.093213 0.039225 0.166180 0.271752 0.185288 0.278114 0.144831 0.245935 0.093159 0.136397 0.135941 0.222862 0.064745 0.093407 0.086071 0.112826 0.162102 0.163193 0.096691 0.067885 0.052344 0.062484 0.123369 0.177915 0.069091 0.211805 0.213281 0.058439 0.146128 0.148616 0.107003 0.109179 0.099715 0.170315 0.212864 0.043630 0.044262 0.034288 0.086705 0.150369 0.055183 0.041632 0.032590 0.172407 0.108810 0.039528 0.107140 0.093390 0.039295 0.091142 0.040593 0.060760 0.058842 0.040907 0.066220 0.050136 0.070914 0.053497 0.047122 0.078623 0.070550 0.047470 0.049740 0.041685 0.062213 0.051047 0.091366 0.061831 0.069359 0.050129 0.032281 0.030163 0.052956 0.034275 0.029484 0.026259 0.046490 0.090133 0.096358 0.064760 0.077025 0.067014 0.058280 0.037652 0.020947 0.034574 0.071821 0.057485 0.024780 0.039631 0.060772 0.042316 0.046374 0.029549 0.021496 0.029195 0.041717 0.046168 0.046700
7.132955 0.278204 210.7215 195.3029 210.7215 0.000000 2.108348 2.145521 2.028892 1.768284 1.690978 1.694620 1.947436 1.606914 1.463653 1.271131 1.135447 0.966974 0.963611 0.973247 1.037095 1.226356 1.305818 1.521063 1.708538 1.744393 1.957763 2.235180 2.466611 2.743117 3.137079 3.404068 3.771317 4.498872 4.993175 5.753624 6.592372 7.453158 8.475566 9.330231 10.091773 11.343205 11.845882 12.539951 13.133485 13.680887 13.840206 13.945675 13.841600 13.465774 13.018911 12.385465 11.512355 10.701491 9.836934 8.995274 8.145253 7.419429 6.823128 6.417567 6.161549 5.990163 5.830739 5.691037 5.635536 5.601627 5.635155 5.594062 5.462217 5.450625 5.419072 5.335437 5.251570 5.220597 5.047767 4.974608 4.797835 4.748313 4.687479 4.688674 4.671003 4.664142 4.621076 4.605987 4.594907 4.651954 4.532925 4.385088 4.311120 4.128759 4.050191 3.893169 3.692196 3.458165 3.230832 3.042211 2.825162 2.626190 2.465362 2.396146 2.448209 2.551107 2.709638 2.868443 3.031080
7.184614 0.986795 218.8666 218.8666 402.9134 0.000000 17.684308 11.863012 6.999601 5.185321 5.052584 9.367172 14.755091 16.560317 14.904518 10.513829 5.885320 3.902141 4.998057 5.971534 5.153815 2.681130 1.841636 5.144943 6.575889 6.602517 5.663188 5.142512 5.413435 5.375044 4.226105 4.522072 7.554550 10.635071 10.575177 6.654294 1.900251 3.514071 4.840914 7.904317 13.100913 12.143972 7.257107 14.139546 22.432184 21.293609 29.733176 62.567701 92.694894 103.274340 90.133447 61.095578 32.487656 20.609273 22.849147 21.220400 15.557112 11.306996 10.160917 7.305740 3.615047 6.252955 10.056958 9.325075 6.346433 4.807149 4.402129 2.739416 2.610502 4.496317 3.525104 3.129309 7.315909 10.976797 12.408404 12.933556 13.300678 12.748450 11.287334 11.335766 13.298171 13.261360 10.989996 13.558011 22.552303 29.166875 28.481263 20.759745 9.801155 4.209581 5.761640 5.626096 3.616583 4.399358 7.088483 7.925420 6.550693 3.955585 1.995065 2.048320 3.752269 5.724959 6.459706 5.641977 5.063665
7.230186 1.237371 214.5955 214.5955 809.6103 0.000000 27.112857 13.777723 4.391253 0.985623 6.438349 17.583799 20.679886 14.859793 11.265220 6.227879 8.369907 6.197084 5.021094 8.219880 4.442883 2.432471 5.603290 6.878945 5.263268 5.298671 3.360437 3.793529 6.808850 4.980826 1.247058 3.970997 9.470432 9.507682 8.977974 6.493104 4.765183 10.725856 6.473523 12.200800 5.335823 19.775454 14.988148 13.332674 37.699022 57.732331 25.293390 142.091881 167.574752 85.052077 40.290105 32.393796 17.743746 11.960554 8.588393 11.982079 6.800174 7.282146 7.793583 4.995208 6.327200 5.374390 5.554954 4.571077 4.458143 7.378295 7.810175 3.193876 1.183245 4.079400 6.546134 5.199026 7.630261 10.898555 10.650020 8.191517 8.042310 8.668627 10.247526 11.525066 14.360288 17.505464 13.712082 18.422627 39.453615 37.569896 15.614366 2.484453 6.013205 6.964116 2.312292 4.642948 4.554905 11.207912 9.604651 3.477478 2.589770 2.296476 3.323479 6.810401 6.218536 4.977917 7.533827 5.752224 4.246491
7.285325 1.254062 218.3440 198.4945 218.3440 0.000000 25.585565 12.189566 6.504604 2.599941 6.632190 15.518366 21.685677 15.726186 11.828814 6.137910 7.723454 6.327436 4.104299 7.724038 7.401654 1.955874 3.406738 6.767247 6.571247 4.053043 4.584072 4.086298 3.854650 7.070382 3.897960 2.167910 5.984430 10.969914 9.743152 7.031138 7.772111 7.692456 10.018116 7.778947 8.320248 8.920431 17.766835 17.969270 26.196276 46.889816 41.401397 64.042090 159.284961 144.916997 70.763312 41.354527 25.417271 13.450889 9.122088 8.482948 9.692906 9.290672 8.591935 6.246010 4.824557 5.118446 5.086316 4.436874 3.620549 3.707131 6.939579 8.077713 3.888636 0.975344 3.522522 7.320330 5.887821 6.889322 10.599370 10.484409 8.911015 7.913466 8.536064 9.834812 11.125763 13.306636 16.805926 14.708393 16.919150 31.107759 39.140130 24.599147 6.160115 4.373154 7.915269 3.924541 4.395984 4.051039 9.284066 10.590692 6.000737 2.410371 2.332434 2.593505 4.114147 8.167589 4.989119 8.060769 7.479647
7.337379 1.234719 215.8067 215.8067 814.1797 0.000000 25.456125 12.871596 5.434576 3.651177 6.941323 14.977416 20.369651 16.312906 12.942261 8.561954 9.713972 6.704448 4.760875 6.557740 5.294841 4.601770 4.394602 4.619684 4.572541 5.676130 7.144881 6.882102 5.575937 5.400515 5.855154 7.458129 9.694133 6.906560 2.440279 5.079496 12.057278 10.553552 7.512805 6.930160 6.765945 11.305267 9.593150 22.677042 38.053728 42.808525 34.255982 122.959351 166.259229 99.274399 56.553150 39.808007 10.741419 14.322590 10.603853 14.726422 12.132833 5.828015 7.603807 5.647848 6.441209 7.555093 6.697226 6.573483 2.069623 7.604260 6.587714 7.016568 3.167400 3.584354 5.143833 6.545998 5.499076 12.244436 11.796044 8.183130 5.957589 8.421518 11.191963 11.351573 11.559616 14.191127 13.121939 13.879091 27.782689 39.458480 27.756278 8.291101 4.122823 9.203625 6.012671 6.702948 5.647932 11.646781 11.391950 4.881468 2.398791 1.241800 1.990943 3.949218 8.863978 5.597931 9.582942 8.415456 6.480874
7.385530 0.801905 219.7829 199.3380 219.7829 0.000000 15.292535 11.630659 11.358279 9.776853 8.287824 9.174253 9.999510 7.618643 5.710198 6.188850 5.399138 3.243339 1.535624 3.273548 5.786364 5.878298 4.593921 4.853648 5.630211 5.799463 4.549556 4.035898 5.205190 4.831886 2.924408 3.816372 6.312895 5.941277 3.998340 3.231176 5.803823 8.925373 10.230115 8.368709 5.743789 6.699564 10.117329 15.023630 20.005880 36.067357 31.772392 41.125788 81.286061 91.452644 78.303771 47.831036 20.054668 4.976983 16.185211 18.545555 14.298488 10.221006 8.370337 4.432266 2.366026 3.777595 3.670714 3.428857 3.938117 2.507871 4.149325 7.594942 8.083919 5.604927 2.510577 1.677180 3.285293 4.865629 4.959637 4.079761 3.016478 2.510989 2.443598 1.897156 1.502213 1.845401 1.992633 1.558113 2.303354 5.480083 8.363600 10.505459 13.952189 16.261958 13.605535 7.909434 5.262054 8.196466 7.407201 3.590198 2.684731 6.745631 7.500477 6.776896 6.103994 4.985365 3.771209 4.592102 6.657920
7.433463 0.231296 206.6236 206.6236 222.1204 0.000000 1.292742 1.729502 1.874330 1.948712 2.268424 1.838902 2.269746 2.246412 2.109790 1.739593 1.372254 1.099439 1.211964 1.688428 2.075698 2.139088 2.149826 2.198947 1.993130 1.840989 2.293034 2.902201 3.103139 3.134339 3.291227 3.114669 2.674164 2.453106 2.142862 2.405787 2.650250 2.586894 2.582155 3.319190 4.234546 4.603297 4.092870 4.713178 8.741096 15.100900 21.195752 22.733015 18.760986 14.562974 12.980575 10.951837 8.220187 6.439779 5.673120 5.509574 5.307107 5.192910 5.045861 4.996268 4.726899 4.209605 3.707991 3.253260 2.750274 1.987164 1.247099 0.560971 0.797326 1.515407 1.795590 1.844835 1.908185 1.620591 1.031161 0.342302 0.701010 1.383393 1.750492 1.826791 1.771759 1.799385 1.979920 1.935512 1.394619 0.794348 1.064496 2.026069 2.692327 3.145370 3.186206 2.960587 2.764819 2.786052 2.669096 2.306623 2.169110 2.239725 1.976140 1.880013 1.388062 1.037734 1.656286 1.664015 1.261188
7.480388 0.029279 214.3711 199.0589 214.3711 0.000000 0.255296 0.307810 0.207839 0.349336 0.307125 0.680759 0.459117 0.092562 0.224047 0.271490 0.198224 0.221861 0.182527 0.158352 0.199555 0.161544 0.166421 0.175398 0.233292 0.259381 0.305159 0.368884 0.390207 0.419318 0.418648 0.476794 0.488730 0.406434 0.407317 0.398115 0.495224 0.601187 0.666531 0.791346 0.763392 0.889313 1.056029 1.171417 1.503841 1.888678 2.272325 2.405979 2.479550 2.246991 1.752010 1.103517 0.708219 0.461224 0.688135 0.385018 0.420811 0.482703 0.335094 0.369739 0.298823 0.277759 0.200241 0.240140 0.256052 0.180652 0.089888 0.063363 0.041827 0.080743 0.178083 0.171441 0.110148 0.132669 0.157252 0.137701 0.125320 0.177789 0.150199 0.072885 0.056434 0.064772 0.069206 0.058167 0.052900 0.046226 0.081338 0.122256 0.130423 0.175673 0.184048 0.192779 0.200088 0.215438 0.190596 0.165601 0.083279 0.105064 0.220610 0.371796 0.440575 0.403812 0.482490 0.412989 0.370277
7.530390 0.005033 40.5139 20.2570 40.5139 0.000000 0.125779 0.080478 0.044295 0.328527 0.080099 0.315202 0.184262 0.441908 0.224736 0.123996 0.105326 0.062128 0.054820 0.037261 0.060136 0.094881 0.109660 0.105803 0.087436 0.056935 0.028211 0.014723 0.095093 0.138663 0.193292 0.165853 0.077019 0.096334 0.125519 0.095704 0.098473 0.114607 0.121393 0.093777 0.082792 0.129746 0.140597 0.091028 0.095013 0.134229 0.115038 0.084105 0.049752 0.018570 0.091278 0.141422 0.184442 0.264026 0.137730 0.081787 0.121128 0.115295 0.073922 0.021692 0.045428 0.069978 0.077940 0.061775 0.064681 0.036429 0.066379 0.079283 0.066717 0.150591 0.032116 0.078146 0.059730 0.027579 0.052726 0.041171 0.041923 0.108802 0.096432 0.068524 0.028176 0.089429 0.067401 0.018524 0.024961 0.028159 0.053431 0.069318 0.071350 0.011735 0.066509 0.024553 0.038546 0.031286 0.084532 0.030652 0.085346 0.037561 0.051399 0.029976 0.048576 0.040757 0.032778 0.035973 0.030259
7.580279 0.004724 39.8768 19.9384 39.8768 0.000000 0.248969 0.090608 0.124911 0.325565 0.073633 0.243630 0.130248 0.441152 0.112252 0.073958 0.126747 0.105535 0.070271 0.032015 0.043745 0.131330 0.160775 0.152118 0.116967 0.040675 0.024624 0.047966 0.161428 0.121779 0.172822 0.085876 0.041328 0.072071 0.169846 0.058452 0.094126 0.091204 0.094410 0.124350 0.072860 0.188372 0.145640 0.097229 0.067965 0.070959 0.053361 0.031635 0.039331 0.030300 0.158207 0.113181 0.216469 0.071689 0.114910 0.040332 0.030814 0.060762 0.039461 0.055380 0.055581 0.038649 0.061863 0.092734 0.056557 0.071399 0.092643 0.086649 0.105504 0.088694 0.101486 0.046139 0.033490 0.037385 0.071685 0.063716 0.080776 0.111404 0.044515 0.021917 0.070685 0.058237 0.007468 0.019585 0.038951 0.033029 0.013633 0.033275 0.031583 0.048784 0.043080 0.061661 0.032348 0.055378 0.044061 0.074224 0.022856 0.033193 0.025328 0.031064 0.047319 0.037323 0.038488 0.037471 0.058770
7.630337 0.006658 39.8831 39.8831 289.1525 0.000000 0.204735 0.054577 0.131115 0.148883 0.241210 0.183013 0.295665 0.404294 0.205289 0.115384 0.098961 0.058979 0.177875 0.198442 0.135444 0.245920 0.153972 0.174885 0.159904 0.093221 0.043004 0.039045 0.126450 0.177445 0.172252 0.172422 0.147761 0.102286 0.068363 0.061070 0.116834 0.137255 0.123559 0.176022 0.067690 0.144438 0.154707 0.248791 0.079205 0.081756 0.103224 0.144501 0.095161 0.094323 0.192601 0.203420 0.132815 0.214593 0.080588 0.117523 0.147850 0.221471 0.200286 0.210258 0.183285 0.215730 0.175152 0.256804 0.147412 0.167283 0.110022 0.169680 0.100082 0.128474 0.132063 0.094343 0.097756 0.133924 0.143001 0.172101 0.100830 0.084027 0.058685 0.062390 0.084848 0.146059 0.116314 0.103031 0.126379 0.128787 0.109736 0.123403 0.094145 0.073254 0.064149 0.077946 0.054209 0.068612 0.077519 0.076395 0.101294 0.042212 0.039753 0.056054 0.077177 0.070086 0.070774 0.080983 0.113361
7.680407 0.840531 217.2760 217.2760 824.6614 0.000000 14.630597 14.967734 14.624921 12.894637 10.116607 7.706463 5.882585 5.874866 6.218426 7.075226 8.283513 8.868398 8.401732 7.068809 4.742211 3.221097 4.758607 6.754098 7.771181 7.642684 6.427609 4.246486 2.531189 3.051011 4.681927 5.224062 4.028487 2.066996 2.736626 7.013697 10.847318 12.440684 10.241500 4.530265 4.391103 12.098904 15.483504 11.324787 10.565515 26.176399 49.778547 69.934832 80.942176 79.813804 67.259302 47.067520 24.500827 7.352123 8.469388 14.198280 13.863306 9.675161 4.288534 2.408971 4.232094 6.081751 6.738502 6.341935 4.839341 2.774442 2.391962 3.675285 4.466168 4.089897 2.714263 1.785124 2.960567 4.852520 6.581089 7.345175 6.821027 4.471076 1.322849 5.889299 11.913256 17.148512 20.257044 20.626536 18.605104 15.392732 12.630879 10.857800 8.833358 5.948704 3.278531 4.775345 8.047324 10.060756 10.171007 8.838103 6.801089 4.545960 2.655901 1.719880 2.149053 3.189775 4.084187 4.815637 5.224168
7.730378 1.213052 219.2818 219.2818 832.2741 0.000000 22.101407 6.445808 15.593884 6.347615 7.424329 13.741437 17.038956 21.367244 22.631569 16.962200 9.586570 5.762446 1.810594 4.961023 2.852538 4.889902 4.723015 1.298688 4.591751 2.910687 4.899652 4.546995 2.336708 7.524720 6.968568 5.246775 4.384246 8.011701 9.930893 4.054291 7.227294 7.647790 7.120786 9.001498 6.343866 13.857630 7.329256 21.049776 18.587576 42.912830 44.342083 66.375969 148.073635 151.302337 81.783372 30.751185 23.076106 10.318113 17.169645 4.899265 14.422292 9.526901 7.560200 10.702302 4.414833 4.963325 4.353401 2.961492 7.218108 4.994028 1.444337 1.479217 3.535455 3.703348 1.546287 5.948881 4.891734 2.732924 4.979537 3.989356 5.361787 5.959132 2.889280 6.412344 5.577336 7.017208 17.604643 29.183764 39.876734 38.894883 25.761449 10.142990 2.748411 5.137571 4.564148 9.060361 6.949523 6.260380 11.237621 9.399350 6.212144 5.015583 5.875039 6.922307 6.798894 7.192200 7.451492 5.951339 4.124647
7.782182 1.263766 214.3505 214.3505 832.4775 0.000000 20.593977 8.221214 12.120155 9.679341 5.843474 16.998272 18.947222 17.092587 23.094230 18.581199 10.400874 3.699614 3.738184 3.851083 1.729675 3.178695 4.134543 0.853701 2.430154 6.179276 2.165237 5.341135 3.558058 6.790248 3.703119 3.436332 7.931549 8.138324 6.523976 3.904869 3.500673 10.025764 5.861653 8.352269 8.987181 7.786306 3.778219 19.558938 14.370885 28.829004 40.200888 62.564790 173.127505 154.801863 67.409044 44.018183 15.953217 19.981703 12.860545 9.839035 10.276967 6.601740 4.875394 8.469644 6.850537 2.342176 3.891618 3.072125 5.663000 4.584091 0.688255 2.121715 4.072942 1.636110 2.928939 4.575001 5.043618 2.857305 4.986753 3.105742 7.302608 5.820895 3.674895 4.985701 3.704056 4.058568 18.441004 30.905761 37.279345 37.753153 29.177130 13.159315 4.974747 6.119496 3.663043 10.253088 7.776507 6.686865 11.303146 9.370369 6.100702 5.476546 5.275272 8.708453 6.493554 6.050795 8.550189 5.939493 4.143973
7.830393 1.264503 214.3617 214.3617 832.5212 0.000000 19.946045 8.149071 12.685027 9.205321 5.372652 17.506049 18.379574 17.715826 22.616611 18.908082 10.058431 4.025153 3.733515 3.543280 1.993773 3.573420 3.690308 1.188238 2.925130 5.690200 2.445859 5.212759 3.299209 6.969374 3.679698 3.498978 8.097773 7.898860 6.271419 4.477675 3.141955 9.299894 6.906059 7.536577 7.725387 9.696442 4.427458 18.051868 16.245375 30.619019 42.571728 65.184331 170.753062 156.608046 66.792916 44.389042 15.616135 19.650600 13.325792 10.244557 9.711701 6.566313 5.116636 8.224423 7.150431 2.495762 3.788893 3.271563 5.564460 4.713380 0.605786 2.233325 3.850873 1.907176 2.917734 4.417684 5.354226 2.738874 4.883877 3.138513 7.213614 6.045421 3.789376 4.940738 3.689567 4.066540 18.481573 30.799761 37.216492 37.868622 29.197406 13.235583 5.156433 6.151135 3.764687 10.234696 7.878296 6.698911 11.347178 9.653511 6.005171 4.944037 5.095690 8.927473 6.395110 6.046085 8.552898 5.912717 4.346117
7.880414 0.963951 216.2384 216.2384 839.8095 0.000000 12.035603 6.784478 4.677595 5.038645 9.182923 12.548810 10.620318 8.921978 13.331962 14.582601 12.361557 9.048239 6.870414 7.002172 4.385878 4.393122 6.744080 6.831242 7.340517 6.147327 4.349192 6.327983 2.350473 6.991622 8.215418 7.596836 10.672273 10.394123 9.321505 9.801745 10.057843 7.862450 5.582411 7.773626 6.913342 12.951529 14.713604 17.539674 10.970617 22.554307 34.081543 86.475544 117.975515 104.010353 57.663114 24.574023 24.134478 24.355473 14.981909 5.679374 7.040789 6.720799 6.106158 7.121440 5.987845 2.247697 1.499151 1.581859 1.606849 3.388167 3.241473 2.403666 3.305521 2.569359 1.315090 1.134061 2.141024 2.949034 1.391814 2.415495 4.809812 3.837161 3.556868 4.840063 4.823642 8.193709 12.778600 15.759373 17.843281 20.999976 25.550582 25.482884 17.939978 7.316692 4.634245 8.253710 8.481182 4.874734 2.285358 3.062197 4.122902 3.632046 3.925164 6.643625 7.169213 4.625581 5.004146 5.611232 3.314961
7.930374 0.372431 209.4387 209.4387 229.3853 0.000000 2.758041 1.928148 1.271498 1.165027 1.257530 2.292880 2.696134 3.051194 3.025604 2.386136 1.634151 2.077207 2.382348 2.231650 1.962818 1.518537 1.111780 0.692885 1.409195 2.511439 3.222414 3.306841 1.627356 0.628842 1.088331 2.644059 3.196432 3.214126 3.406323 3.626900 3.999990 4.709733 4.909609 4.026369 2.607654 4.946297 6.964030 4.775909 5.912957 20.763362 31.737815 32.570635 29.756527 28.854978 23.690889 19.362362 16.045011 13.737835 12.467624 11.493893 9.933335 7.845429 6.717812 5.698893 4.351531 3.441879 3.015028 2.597914 1.762003 1.886583 3.299340 4.062013 3.990094 3.305890 2.526940 1.520757 1.000558 2.098675 2.837000 3.527070 4.442955 5.203504 5.398753 5.084012 4.394017 3.246436 2.625202 3.088701 3.482363 3.003628 2.197729 1.612141 1.333502 0.920457 0.491197 0.668818 1.268439 1.536534 1.618279 1.230840 0.522708 0.651111 0.937039 1.750322 2.434735 3.021988 3.154284 2.444414 1.505275
