# LRA Full Analysis Data — Replot Source File
# Source file: ramp_90to110BPM_8s_210Hz.mp3
# Generated:   2026-07-13 15:05:28
# Accel sample rate: 1585.5-1751.6 Hz per-window range (1672.9 Hz overall)
#                    Each window measured with its own real rate, then
#                    resampled onto the common freq_bins grid below
# Rows:        159 (one per time window)
# Freq bins:   100 bins, 0.0 to 495.9 Hz
#
# MACHINE-READABLE METADATA (used by replot mode — do not edit):
#@duration=8.000000
#@rate_overall=1672.885876
#@rate_min=1585.478193
#@rate_max=1751.615581
#@freq_bins=0.0000,5.0086,10.0173,15.0259,20.0346,25.0432,30.0518,35.0605,40.0691,45.0778,50.0864,55.0950,60.1037,65.1123,70.1210,75.1296,80.1382,85.1469,90.1555,95.1642,100.1728,105.1814,110.1901,115.1987,120.2074,125.2160,130.2246,135.2333,140.2419,145.2506,150.2592,155.2679,160.2765,165.2851,170.2938,175.3024,180.3111,185.3197,190.3283,195.3370,200.3456,205.3543,210.3629,215.3715,220.3802,225.3888,230.3975,235.4061,240.4147,245.4234,250.4320,255.4407,260.4493,265.4579,270.4666,275.4752,280.4839,285.4925,290.5011,295.5098,300.5184,305.5271,310.5357,315.5443,320.5530,325.5616,330.5703,335.5789,340.5875,345.5962,350.6048,355.6135,360.6221,365.6307,370.6394,375.6480,380.6567,385.6653,390.6739,395.6826,400.6912,405.6999,410.7085,415.7171,420.7258,425.7344,430.7431,435.7517,440.7604,445.7690,450.7776,455.7863,460.7949,465.8036,470.8122,475.8208,480.8295,485.8381,490.8468,495.8554
#@input_spectrum=0.000000e+00,3.609719e+00,3.615651e+00,3.661483e+00,3.688209e+00,3.745941e+00,3.782876e+00,3.859849e+00,3.914633e+00,4.004162e+00,4.066313e+00,4.181522e+00,4.264503e+00,4.395343e+00,4.498900e+00,4.651700e+00,4.772593e+00,4.960499e+00,5.095656e+00,5.335545e+00,5.505622e+00,5.791504e+00,5.983371e+00,6.354506e+00,6.604131e+00,7.068275e+00,7.391454e+00,8.001937e+00,8.388609e+00,9.260895e+00,9.788669e+00,1.103460e+01,1.171919e+01,1.381051e+01,1.501703e+01,1.873863e+01,2.040090e+01,3.042019e+01,3.648781e+01,1.022818e+02,2.108055e+02,3.145131e+02,3.535723e+02,3.030306e+02,1.947189e+02,8.965093e+01,3.174124e+01,2.895282e+01,1.917525e+01,1.786074e+01,1.420832e+01,1.307409e+01,1.105451e+01,1.039125e+01,9.178174e+00,8.644663e+00,7.801710e+00,7.406893e+00,6.810250e+00,6.476908e+00,6.024588e+00,5.759052e+00,5.397530e+00,5.190737e+00,4.907305e+00,4.719542e+00,4.480842e+00,4.327200e+00,4.135829e+00,3.997247e+00,3.835945e+00,3.713234e+00,3.572926e+00,3.466164e+00,3.341115e+00,3.250565e+00,3.144972e+00,3.060302e+00,2.964512e+00,2.891560e+00,2.808865e+00,2.739746e+00,2.664594e+00,2.603179e+00,2.537008e+00,2.480203e+00,2.419033e+00,2.368250e+00,2.313389e+00,2.265109e+00,2.215356e+00,2.172119e+00,2.126011e+00,2.085909e+00,2.043351e+00,2.005565e+00,1.967073e+00,1.932242e+00,1.896347e+00,1.863606e+00
#
# Columns: time_s  rms_g  peak_freq_hz  then 100 FFT magnitude bins (in g)
#
0.445126 0.004799 90.5735 0.000000 0.084389 0.155707 0.066867 0.081537 0.096813 0.216068 0.229677 0.188236 0.139878 0.283638 0.042297 0.118947 0.169428 0.078227 0.082299 0.117643 0.089083 0.283637 0.059699 0.055367 0.253772 0.095881 0.069662 0.087614 0.150939 0.059906 0.066500 0.143847 0.110289 0.089642 0.117136 0.131595 0.105548 0.055468 0.172217 0.140885 0.137419 0.191562 0.062498 0.086789 0.173201 0.152982 0.049000 0.073313 0.199923 0.097447 0.165112 0.179960 0.092137 0.046288 0.046045 0.039050 0.030484 0.063623 0.035448 0.056272 0.088293 0.072930 0.036928 0.020275 0.068952 0.065862 0.075693 0.060685 0.047265 0.065256 0.068251 0.107073 0.084359 0.040284 0.047597 0.028419 0.057307 0.039325 0.040384 0.022469 0.042223 0.060820 0.037681 0.027686 0.085873 0.078607 0.050620 0.039416 0.041781 0.056007 0.087026 0.072571 0.067604 0.053562 0.036019 0.052995 0.034630 0.015175 0.019919 0.046915 0.073429 0.069151 0.061187
0.490327 0.005389 34.3016 0.000000 0.048001 0.162920 0.074611 0.146377 0.211343 0.334666 0.313398 0.088889 0.087724 0.272863 0.120804 0.185346 0.205247 0.116510 0.081112 0.130278 0.185963 0.176662 0.165459 0.217823 0.244227 0.157175 0.062105 0.112873 0.135420 0.075382 0.071970 0.133038 0.092152 0.151843 0.211692 0.166276 0.111762 0.151287 0.141547 0.169015 0.145235 0.065050 0.139532 0.214226 0.110925 0.123336 0.166813 0.114526 0.120503 0.154267 0.128569 0.123244 0.061786 0.016399 0.024725 0.063310 0.047481 0.045036 0.067106 0.083501 0.037333 0.043051 0.058187 0.045103 0.063013 0.058201 0.048367 0.009876 0.046242 0.109468 0.119294 0.067556 0.059963 0.062470 0.059828 0.033408 0.036844 0.060396 0.034365 0.018149 0.015861 0.026981 0.083307 0.058864 0.026227 0.026652 0.042578 0.058273 0.084113 0.052651 0.054367 0.042400 0.041776 0.057870 0.025808 0.043991 0.047611 0.043542 0.098009 0.071562 0.075323 0.031740 0.041709
0.543811 0.005567 34.8904 0.000000 0.154126 0.041369 0.170353 0.175220 0.249601 0.266978 0.454444 0.278473 0.170710 0.263076 0.132052 0.160052 0.253701 0.078813 0.163302 0.196372 0.072095 0.132134 0.188284 0.129017 0.235817 0.259727 0.096182 0.058584 0.084589 0.096187 0.043947 0.053427 0.206477 0.072591 0.099718 0.106854 0.063918 0.143192 0.152260 0.181276 0.169344 0.119973 0.144691 0.198012 0.114635 0.114271 0.134496 0.117723 0.116951 0.126431 0.148447 0.135000 0.127030 0.093136 0.059937 0.051595 0.066201 0.031641 0.076997 0.073462 0.059106 0.052275 0.055036 0.061103 0.071366 0.035634 0.047776 0.071121 0.043907 0.051581 0.087828 0.119891 0.078401 0.051699 0.054107 0.037227 0.042188 0.036096 0.059174 0.066449 0.031357 0.024788 0.025382 0.046523 0.050463 0.027800 0.035983 0.030113 0.052784 0.051327 0.047243 0.035908 0.050310 0.042837 0.038764 0.067740 0.033277 0.025332 0.038791 0.061302 0.082139 0.075083 0.058001
0.593606 0.005448 34.9228 0.000000 0.167934 0.080626 0.148403 0.107437 0.241277 0.199034 0.500530 0.231374 0.284196 0.411744 0.114413 0.146318 0.218402 0.108614 0.195394 0.098698 0.039258 0.044794 0.123280 0.123017 0.219533 0.264164 0.132526 0.138149 0.072584 0.089506 0.094446 0.105463 0.136926 0.040413 0.159252 0.070868 0.045322 0.188231 0.041136 0.107745 0.066467 0.047823 0.104493 0.199955 0.109174 0.085557 0.203238 0.080179 0.034269 0.111928 0.063385 0.082577 0.111948 0.117434 0.073080 0.053318 0.070223 0.021493 0.063521 0.057682 0.051132 0.061946 0.078221 0.026292 0.026398 0.020813 0.053896 0.079019 0.052305 0.041670 0.086674 0.122129 0.074997 0.046534 0.072544 0.020522 0.017340 0.042840 0.069426 0.058473 0.043518 0.043953 0.047192 0.047738 0.051132 0.036396 0.031072 0.021979 0.031106 0.027420 0.034416 0.050459 0.030341 0.049145 0.031566 0.047662 0.040291 0.027356 0.029220 0.031639 0.057308 0.046754 0.040090
0.640209 0.005285 35.4517 0.000000 0.174747 0.089938 0.135191 0.155563 0.233981 0.061835 0.409519 0.418000 0.171139 0.377859 0.162901 0.139856 0.190517 0.137219 0.189255 0.149897 0.058076 0.067570 0.089942 0.082977 0.162200 0.268799 0.187779 0.108560 0.117151 0.092259 0.041956 0.109756 0.082276 0.085742 0.123654 0.115760 0.073364 0.132776 0.080575 0.085164 0.081704 0.053556 0.092757 0.135423 0.103188 0.060981 0.145447 0.130242 0.086365 0.093279 0.077462 0.081277 0.070688 0.105299 0.111494 0.068926 0.067153 0.083421 0.068636 0.074463 0.055677 0.088939 0.074247 0.073469 0.041646 0.026592 0.048538 0.038162 0.085331 0.057046 0.048301 0.086488 0.035498 0.033830 0.054343 0.058412 0.063729 0.033139 0.016552 0.052365 0.058913 0.045186 0.056138 0.017174 0.065098 0.020301 0.019035 0.041862 0.022967 0.023505 0.022140 0.037684 0.049275 0.042137 0.024595 0.026412 0.013465 0.082271 0.009561 0.033866 0.025963 0.065021 0.032650
0.690169 0.004838 29.9017 0.000000 0.160761 0.115636 0.183744 0.135036 0.114878 0.335084 0.126283 0.230413 0.298986 0.302303 0.182366 0.048256 0.118161 0.126165 0.271830 0.172044 0.072998 0.110099 0.115158 0.053574 0.095422 0.143084 0.098210 0.092130 0.148543 0.086566 0.045082 0.106663 0.020757 0.072253 0.103277 0.125862 0.070927 0.165943 0.101743 0.081065 0.108598 0.108774 0.043028 0.055805 0.149973 0.079400 0.173910 0.026277 0.093946 0.130923 0.124581 0.130120 0.117503 0.117766 0.066379 0.028712 0.081173 0.089657 0.131387 0.070556 0.031382 0.057715 0.082608 0.042999 0.026405 0.048193 0.048157 0.069580 0.084956 0.063075 0.037963 0.039153 0.067068 0.064791 0.037769 0.038210 0.024686 0.041814 0.045300 0.044166 0.040606 0.050707 0.030337 0.044209 0.021295 0.029356 0.029694 0.034382 0.043400 0.038918 0.056294 0.070980 0.048470 0.037890 0.039377 0.036753 0.040398 0.031990 0.039595 0.058486 0.063740 0.035861 0.030391
0.740130 0.004758 34.8774 0.000000 0.183636 0.155261 0.175618 0.172291 0.253184 0.083150 0.316056 0.162238 0.113389 0.243405 0.208584 0.120768 0.155562 0.060774 0.229950 0.158057 0.059100 0.133687 0.077503 0.061103 0.096394 0.138810 0.146470 0.034860 0.093013 0.061220 0.075266 0.135689 0.029891 0.037593 0.084299 0.180830 0.087075 0.151285 0.121527 0.174328 0.175390 0.078989 0.038124 0.091564 0.146185 0.112018 0.138878 0.054323 0.076976 0.119342 0.087889 0.064540 0.039329 0.088532 0.105691 0.125337 0.096333 0.117122 0.141106 0.106080 0.060871 0.062608 0.056013 0.033297 0.032624 0.039248 0.038427 0.054343 0.109102 0.083523 0.076141 0.077841 0.078934 0.026538 0.017055 0.024149 0.031122 0.050386 0.067244 0.065939 0.044577 0.042932 0.038525 0.052937 0.047281 0.052956 0.041204 0.038154 0.058962 0.057316 0.042514 0.038635 0.031889 0.022384 0.035856 0.040825 0.029219 0.029759 0.039393 0.064805 0.083515 0.051550 0.018932
0.790267 0.004928 35.7018 0.000000 0.177528 0.133390 0.205259 0.062846 0.308512 0.077669 0.356664 0.218487 0.121596 0.227318 0.121222 0.073041 0.059143 0.102981 0.192853 0.179116 0.078693 0.104234 0.107545 0.077927 0.084380 0.085810 0.078521 0.075713 0.098427 0.076691 0.021357 0.086395 0.100880 0.045805 0.084114 0.141973 0.131065 0.046817 0.114410 0.161065 0.123181 0.162892 0.081212 0.049096 0.125358 0.157467 0.103599 0.123944 0.073795 0.080375 0.127972 0.105967 0.087559 0.045778 0.134558 0.051481 0.173291 0.028270 0.128963 0.116675 0.124982 0.136329 0.071244 0.079356 0.106999 0.097485 0.069792 0.062218 0.052916 0.155351 0.067505 0.041038 0.043528 0.127814 0.072513 0.038731 0.042361 0.022881 0.011052 0.033835 0.037687 0.053412 0.068251 0.052843 0.030209 0.024138 0.056765 0.064818 0.037528 0.042527 0.061498 0.060893 0.045062 0.038558 0.039320 0.050256 0.056923 0.024139 0.022019 0.026196 0.027165 0.058875 0.089210
0.840312 0.754764 219.3543 0.000000 19.131729 17.107877 14.650712 11.586110 8.828120 7.444489 6.035989 6.003365 5.310567 4.244127 3.469898 2.642263 2.773233 3.658132 4.534797 4.504526 3.840655 2.939264 2.008605 1.805430 2.020558 2.491581 3.089884 4.030017 4.914075 4.945704 3.843420 1.942580 1.851839 4.624347 6.330440 5.895971 3.890053 1.333015 2.362235 3.033233 2.964610 8.885335 20.420348 34.173384 47.777116 58.692289 64.456352 64.078132 57.929558 47.048420 33.183275 18.626992 7.986603 8.949790 15.758984 19.014066 18.554469 14.828990 9.747694 6.521303 7.091042 8.664693 9.337799 9.123307 8.669208 8.269390 7.603264 6.216286 4.622061 4.418320 6.287359 8.296524 9.144212 8.486287 6.573898 4.196296 2.786230 3.621719 5.385024 6.984654 8.417798 9.877336 11.400109 12.809020 13.818085 14.101405 13.480836 12.150024 10.467237 9.121749 8.465800 8.075308 7.193602 5.369552 2.876741 1.887150 3.429307 4.966334 5.349267 4.757350 3.824217 3.351296 3.582083
0.885651 1.201088 219.3010 0.000000 30.240529 12.951919 4.961445 9.862749 10.189657 16.010876 20.493520 18.769692 11.691069 10.273722 9.023044 4.159908 2.360979 4.371190 6.442638 6.368565 8.605326 10.045071 7.709564 4.314353 2.824999 4.819990 5.665761 4.428777 2.893731 6.559831 6.159091 3.554831 4.054532 5.726880 7.506839 7.360700 13.294005 12.389035 11.810052 12.218475 17.279568 17.912433 17.832774 45.354060 38.303630 60.499752 137.290370 149.030772 91.322058 27.192204 19.237398 14.783113 13.958255 15.528943 13.048774 17.709196 10.493174 7.400745 10.158141 5.177605 5.762746 4.690014 6.521111 8.119243 5.722117 5.756870 9.151326 7.920167 3.555075 2.658652 2.692668 3.539761 6.705129 12.545128 16.294720 12.878373 5.975984 3.993488 11.133654 18.403399 16.877640 10.406630 13.605056 24.853338 28.951899 24.581795 15.430206 7.836196 4.421780 2.310584 2.093204 5.474080 8.449394 8.585845 5.145075 3.630067 7.622472 9.615988 7.764012 6.928782 6.983934 5.102726 2.862532
0.940118 1.307648 209.5860 0.000000 26.702244 10.050251 7.058327 7.489851 14.277081 19.734142 17.417178 11.787895 9.504667 10.039120 7.935530 4.415564 3.921570 5.372219 7.695242 7.681148 10.497569 6.407950 1.649957 2.318829 2.712124 4.004463 4.647411 5.389134 4.614438 6.404160 6.995402 4.665301 4.034054 9.902937 16.234069 9.771291 6.384073 6.238839 5.006277 19.820633 15.809249 23.722950 51.748834 42.839858 173.587913 165.147374 68.111306 33.034062 12.358624 9.350672 11.107954 15.371113 15.799891 14.184705 8.954376 8.874539 3.567332 4.264505 3.639469 7.077142 5.603948 0.791196 2.055199 3.605455 8.491795 5.151897 2.538038 5.836260 8.108085 10.341057 10.861190 14.324191 13.570161 9.591866 6.402969 17.155345 23.579192 12.104833 6.589170 19.099717 31.673630 25.243198 19.706872 11.419282 2.028993 6.594062 5.370534 7.349068 10.062717 7.513131 4.713075 5.086299 9.937139 12.422317 8.639507 6.064261 5.435099 3.954239 1.788117 1.326922 3.445540 4.319813 4.482635
0.990303 1.309605 219.3868 0.000000 26.569173 10.457725 7.993830 5.883397 12.031084 20.221792 19.189206 13.412393 9.536330 9.225082 10.292320 6.343220 2.907394 3.760077 6.391742 7.916661 8.196338 10.160884 5.374823 1.375231 1.915356 2.299141 4.410769 4.487267 5.572055 4.095708 6.293109 7.746221 4.711559 5.213430 3.163507 15.370091 15.934132 5.734557 3.142965 2.591318 6.294119 23.442964 12.269277 31.204632 53.528554 63.168311 172.792484 161.407610 69.258276 35.173234 11.360301 10.223527 8.631292 16.226388 14.105855 17.115327 9.840013 7.937688 7.468681 2.596697 4.608448 3.862444 6.822654 4.385445 0.733318 2.467688 4.977191 7.914506 4.713193 2.978569 5.481097 7.612222 10.674332 10.040237 14.379607 13.916485 10.967447 7.133890 11.435349 22.597902 18.912280 8.546617 11.196898 24.719463 29.544720 23.444838 17.354252 8.315069 3.403989 6.424630 5.231449 7.462278 10.087535 7.817812 4.513063 4.939681 8.357736 12.969859 9.739212 6.450201 5.597115 4.458618 2.836287
1.040108 1.087242 214.4848 0.000000 21.820582 11.802725 7.031996 8.369227 10.116617 10.048512 9.801221 10.190594 13.581440 16.138116 13.108237 5.398037 5.031125 9.523085 9.876383 9.280520 9.577813 11.020644 5.381359 3.821667 3.912756 6.784375 7.678762 6.290165 6.169910 3.652279 8.054292 10.359432 8.772079 6.058228 7.084552 16.665976 15.927266 6.693330 3.856702 7.034601 5.352497 19.439471 13.990116 20.450628 29.476103 104.749931 139.970681 110.687225 53.598605 26.323083 23.548309 10.175517 13.411915 14.102389 8.850251 11.614831 16.184085 10.923215 3.964336 4.059985 7.569079 6.029331 2.557262 5.456629 5.470229 4.593516 6.019755 4.764827 1.837356 2.698506 7.195104 9.605773 6.088685 3.279972 7.513806 8.961020 10.165448 8.458680 9.253834 15.966641 19.743417 18.202776 16.683015 19.894831 16.905598 11.564681 10.343821 9.721365 5.484634 3.229381 7.738703 7.886966 5.988989 4.244088 2.157884 4.087192 8.421517 10.633743 10.644632 8.255262 6.174494 4.864631 2.824447
1.085609 0.530144 214.3614 0.000000 7.847146 4.338057 3.233997 3.547129 3.730868 4.366970 4.780519 4.618722 4.384782 3.864453 3.220366 2.686511 1.834280 1.098774 0.855443 1.072715 0.861132 1.080686 2.033237 2.968714 3.445708 3.027935 1.784007 1.480614 2.271392 3.458766 3.972820 3.759415 3.646225 3.697720 4.898392 7.165994 9.103188 10.517105 11.288015 11.813978 14.653305 18.426181 14.354287 10.062602 29.585458 44.332463 47.176118 46.307087 41.749729 34.244106 26.827030 18.988049 11.973159 7.984060 5.137388 2.966583 1.456996 2.719239 4.038811 4.421882 3.730389 3.165958 3.911596 5.032501 6.020617 6.595115 6.648891 6.266024 5.314737 4.331609 4.812196 6.305816 7.602383 7.770081 6.209616 4.099603 4.163124 5.399738 6.226786 6.683652 6.267990 5.342110 4.934582 4.599258 3.542948 2.623992 2.739227 3.349646 3.927750 4.561934 5.248690 5.420577 4.723782 3.486369 2.695043 3.306992 4.171626 4.965346 4.824923 3.822638 3.460188 2.552257 1.668712
1.130350 0.082615 209.4442 0.000000 1.367599 1.082219 1.019755 0.919891 0.578760 0.306698 0.414502 0.193429 0.255553 0.222488 0.227551 0.263378 0.132706 0.165600 0.222247 0.103863 0.083827 0.126696 0.224403 0.247252 0.428484 0.579046 0.460152 0.418351 0.275697 0.506511 0.781501 0.797551 0.849409 0.774651 0.811045 0.911078 1.076259 1.399503 1.846410 2.409640 3.189259 4.162898 5.133098 6.090329 7.141917 7.436892 6.138985 4.407275 2.718437 1.908939 2.564926 2.163755 1.927105 1.839658 1.278599 1.400222 1.161638 1.204127 1.241994 1.104055 0.992428 0.948901 0.877961 0.828022 0.860528 0.840572 0.813783 0.742271 0.650216 0.625508 0.681225 0.710349 0.665295 0.671913 0.610185 0.498508 0.368623 0.342814 0.390551 0.509592 0.703455 0.883321 0.941757 0.877484 0.787419 0.723377 0.578677 0.353942 0.243018 0.241587 0.310719 0.292449 0.356918 0.197199 0.215075 0.265088 0.366238 0.477106 0.212823 0.163568 0.404536 0.541118 0.485762
1.185647 0.008000 194.3943 0.000000 0.100812 0.225784 0.102187 0.057893 0.213456 0.122955 0.332223 0.155693 0.276339 0.352518 0.122223 0.085133 0.114845 0.154081 0.208134 0.153623 0.078843 0.097856 0.208551 0.084177 0.141934 0.131808 0.140629 0.127380 0.131669 0.111811 0.239717 0.114872 0.100496 0.062866 0.063882 0.095379 0.087554 0.180875 0.157352 0.203416 0.312741 0.364299 0.515735 0.378541 0.281595 0.165836 0.332587 0.457859 0.491606 0.430347 0.376952 0.326791 0.194382 0.191911 0.256174 0.187499 0.118386 0.114174 0.126861 0.110902 0.068542 0.034147 0.040562 0.077524 0.061836 0.077119 0.050995 0.035943 0.045963 0.055751 0.026156 0.059760 0.063935 0.049891 0.040423 0.051764 0.107979 0.096216 0.054484 0.060520 0.085988 0.071018 0.045881 0.042417 0.052505 0.061021 0.048364 0.067028 0.059170 0.062086 0.082573 0.102696 0.112138 0.127191 0.086273 0.045782 0.054868 0.045992 0.042836 0.047583 0.058106 0.071347 0.096220
1.230518 0.005151 24.2312 0.000000 0.174353 0.290430 0.153306 0.195744 0.327471 0.124364 0.178172 0.075473 0.252826 0.253947 0.148405 0.068677 0.108762 0.234217 0.228080 0.132947 0.112096 0.138998 0.111193 0.108605 0.129470 0.132090 0.169646 0.152386 0.123076 0.203000 0.090195 0.135027 0.051899 0.037440 0.060528 0.059981 0.084043 0.072660 0.024751 0.089974 0.079935 0.128673 0.117275 0.133272 0.123115 0.137956 0.200500 0.126210 0.072328 0.070198 0.067582 0.092012 0.126434 0.126413 0.101041 0.052703 0.067541 0.095118 0.097100 0.071686 0.041684 0.088430 0.044648 0.059391 0.016086 0.095142 0.072098 0.043390 0.051554 0.047422 0.065944 0.092050 0.033100 0.064709 0.099237 0.072724 0.033054 0.046181 0.069177 0.031401 0.043123 0.057835 0.037152 0.038897 0.045750 0.036079 0.029141 0.031381 0.062335 0.013336 0.033176 0.072842 0.065968 0.021134 0.019931 0.021819 0.049841 0.019830 0.053790 0.021469 0.029531 0.035780 0.042008
1.285632 0.004869 29.9112 0.000000 0.087612 0.254307 0.129234 0.052231 0.245157 0.315421 0.017560 0.259704 0.272791 0.121220 0.100640 0.055256 0.048939 0.210970 0.264976 0.189300 0.093866 0.187637 0.070390 0.066333 0.077637 0.165996 0.119331 0.193137 0.170307 0.197618 0.098328 0.104178 0.151432 0.069926 0.072514 0.007389 0.028081 0.105518 0.068987 0.035293 0.061636 0.070884 0.123156 0.145523 0.120829 0.137013 0.063479 0.146365 0.136985 0.077480 0.101214 0.044117 0.061335 0.070789 0.098915 0.062868 0.073518 0.086546 0.074412 0.088267 0.087613 0.057866 0.033061 0.091385 0.081090 0.061635 0.061395 0.050148 0.032243 0.035095 0.047562 0.057124 0.055847 0.071783 0.047583 0.061178 0.127895 0.092276 0.026734 0.057677 0.083309 0.059447 0.030211 0.040354 0.064272 0.050518 0.046936 0.037517 0.036711 0.028653 0.037057 0.057572 0.049996 0.035290 0.038399 0.036569 0.015304 0.022282 0.038412 0.028321 0.050269 0.054807 0.028879
1.336078 0.004925 39.9352 0.000000 0.113283 0.309952 0.101608 0.051906 0.333789 0.167572 0.184188 0.334873 0.248816 0.092603 0.111130 0.110296 0.125565 0.050397 0.265266 0.140538 0.110298 0.167162 0.084436 0.128926 0.021892 0.163648 0.094912 0.091028 0.149997 0.163241 0.037898 0.177375 0.209937 0.090299 0.082866 0.043104 0.060531 0.109464 0.044233 0.026585 0.062368 0.048575 0.105518 0.137441 0.073580 0.087042 0.123398 0.155701 0.103825 0.016067 0.065728 0.084402 0.083967 0.067831 0.107278 0.102055 0.102161 0.112325 0.082098 0.080894 0.103073 0.070870 0.046470 0.066834 0.079814 0.070005 0.050966 0.064968 0.029308 0.043388 0.028663 0.047118 0.065747 0.046864 0.069614 0.103089 0.151017 0.102675 0.029021 0.047657 0.086129 0.068827 0.047169 0.046543 0.038200 0.036237 0.043150 0.046984 0.045372 0.034367 0.043632 0.040337 0.038596 0.036922 0.030687 0.038174 0.028820 0.022213 0.026375 0.026494 0.053456 0.041933 0.030272
1.385641 0.004754 24.9950 0.000000 0.147367 0.247859 0.146388 0.150908 0.267118 0.079830 0.267820 0.259512 0.265407 0.120770 0.159374 0.133111 0.080247 0.090144 0.258725 0.135126 0.076693 0.204660 0.166935 0.073887 0.149215 0.065323 0.040874 0.037858 0.127490 0.105834 0.079543 0.127840 0.231551 0.080359 0.095716 0.068050 0.051875 0.072572 0.028920 0.042177 0.047889 0.054904 0.090074 0.169244 0.109715 0.131387 0.088643 0.141248 0.102106 0.012780 0.056723 0.079623 0.065848 0.098436 0.077902 0.136201 0.090652 0.109799 0.087003 0.059059 0.076119 0.064765 0.063110 0.067831 0.088366 0.089018 0.031203 0.046357 0.023401 0.040599 0.016835 0.044869 0.091980 0.051839 0.052929 0.049049 0.098187 0.098714 0.049433 0.042525 0.066860 0.090129 0.044778 0.036885 0.024626 0.054128 0.059324 0.036512 0.082770 0.042291 0.056762 0.038945 0.032573 0.037983 0.044247 0.042872 0.034847 0.023857 0.029943 0.051550 0.017325 0.030065 0.047927
1.430242 0.004964 41.1042 0.000000 0.180007 0.158923 0.136118 0.101303 0.134169 0.184511 0.156650 0.326404 0.288381 0.174499 0.183799 0.223983 0.151734 0.119704 0.159078 0.165994 0.119480 0.162929 0.134270 0.110913 0.192060 0.155729 0.079027 0.105723 0.138918 0.153791 0.165313 0.095851 0.128503 0.170741 0.130902 0.140384 0.060372 0.133412 0.042817 0.048027 0.024999 0.065464 0.106965 0.046871 0.161091 0.128933 0.113948 0.093428 0.101601 0.073036 0.064716 0.072740 0.059210 0.126625 0.064466 0.085971 0.142262 0.116619 0.093416 0.050121 0.070308 0.087436 0.047735 0.042372 0.046845 0.056672 0.116533 0.118476 0.040834 0.044623 0.075798 0.046193 0.050930 0.071130 0.092731 0.031514 0.043630 0.075917 0.037025 0.073414 0.065786 0.022652 0.008956 0.033258 0.039682 0.037587 0.026637 0.021665 0.044098 0.037855 0.059767 0.072153 0.079746 0.053182 0.044289 0.056917 0.038357 0.043687 0.025944 0.023681 0.046298 0.061401 0.043382
1.485073 0.702681 215.1840 0.000000 14.172078 13.351131 12.505549 11.850252 11.714674 11.261154 10.729026 9.304068 7.957911 6.483131 5.184310 4.192151 2.902296 1.664989 1.673964 2.380983 3.072697 3.723819 3.425537 2.616838 1.697004 0.289802 0.769004 1.248302 1.514949 1.270522 2.152692 3.320733 4.049355 4.198942 4.138916 5.703071 8.519195 11.002073 11.584456 9.058024 4.214604 8.584891 20.587961 33.650028 45.757246 54.426693 58.949964 58.247518 52.953860 44.094748 33.232395 22.178748 12.097631 5.231909 4.972187 7.740456 8.799488 8.167376 6.343834 4.176023 2.992381 4.387572 5.962643 6.927472 6.914249 6.323349 5.681850 5.277126 5.417009 5.772291 5.970511 5.902578 5.587651 5.144757 4.179947 2.752232 2.436020 5.252901 9.064511 12.924372 16.094464 18.164286 18.824412 18.070845 16.150793 13.318730 10.078182 6.744780 3.764538 1.711612 1.715387 2.823386 3.671898 4.062025 4.156594 3.915955 3.557822 3.340308 3.287753 3.625049 3.818131 3.955071 3.813291
1.530122 1.161976 212.0277 0.000000 17.539438 8.891741 1.191915 9.663737 15.927454 19.608746 21.196780 19.991131 15.977522 9.586982 4.866376 5.431922 6.690794 5.047706 1.685747 1.946864 3.349570 1.871869 5.020334 8.174563 6.957147 5.269813 4.184243 1.647405 2.882899 7.724214 11.682682 9.669572 5.041729 6.021358 10.204608 8.119995 7.851084 11.314467 10.935365 17.856414 14.315834 20.279105 20.653592 41.533834 108.371538 144.501502 110.303000 38.538098 26.647508 26.022161 5.804612 9.981269 6.529601 3.062710 4.448273 3.699011 5.249442 5.758293 8.497473 6.495296 3.739366 5.483558 4.850059 4.532678 3.658173 1.708487 2.801778 6.400324 8.123931 6.171393 4.532345 6.918559 7.657240 4.193969 6.953795 10.628222 6.671008 10.581720 26.675770 37.015437 37.296417 31.418640 20.214674 8.338431 8.276242 8.620889 7.730185 9.454330 6.883207 4.182913 3.427545 3.708497 8.756583 11.440180 8.635931 5.508278 7.149189 7.680334 5.292409 6.615747 7.527677 5.186814 2.187242
1.584871 1.300289 213.4965 0.000000 18.168687 3.544382 4.498276 6.876954 13.391020 23.420707 22.595276 17.634368 16.382704 9.801903 4.708232 6.572582 8.796214 5.550744 2.534427 2.906727 2.959937 2.411177 5.400528 10.475434 10.757371 7.789792 4.217829 3.775192 2.987949 7.963281 4.785830 11.512567 14.455901 4.046365 8.992079 7.683358 5.436178 9.675032 3.953410 7.917756 17.744058 9.575442 17.559258 43.203152 72.559947 178.793302 136.687653 42.769709 13.499172 17.842361 16.938264 12.152629 5.253693 8.838652 12.936229 16.510542 11.841391 5.986719 4.534021 7.643492 5.803187 6.317456 1.294913 4.385008 7.105174 4.311851 8.030812 10.354754 8.711721 3.461740 1.593088 2.858946 3.174948 10.954729 12.007537 14.539332 12.544958 10.009518 19.993218 30.838085 34.689489 36.813547 29.350054 12.043757 5.438325 7.632053 7.762157 8.204276 5.722851 3.769452 4.975615 2.907307 7.629092 6.669818 11.387934 8.134688 5.463797 6.892225 7.262061 5.125469 6.456883 6.738158 3.994483
1.637141 1.306448 215.0330 0.000000 16.177196 5.325382 5.225170 5.770299 13.562374 22.938396 23.214278 17.355086 17.018239 10.292865 4.805142 6.549275 8.800864 6.033725 3.163824 2.651175 2.609594 2.034516 4.286738 9.811940 11.683568 7.900084 3.669678 2.517295 3.729955 6.417625 5.595755 8.866659 13.463979 8.000350 9.120732 9.122649 6.440550 6.865117 2.880315 9.690451 17.418663 9.787251 14.159869 61.189338 31.737959 177.527065 170.364504 65.363344 11.340596 17.250221 16.277251 14.221653 5.289521 6.776993 10.996799 14.342538 16.288717 8.104529 4.520172 5.894925 6.865298 5.870992 3.527049 2.544819 5.411090 5.395522 6.363036 9.757670 9.672205 5.610520 1.942979 2.895413 1.990874 8.645519 10.733257 13.213864 15.217924 8.951061 12.918641 27.013152 32.877752 36.444067 36.900655 23.074334 4.836938 5.342125 8.970497 8.300350 7.636466 4.799293 4.266594 4.877592 3.377160 7.603722 8.171790 10.279722 7.436590 5.785096 7.135826 6.154432 5.465100 6.931027 5.536961
1.685605 1.115904 218.3311 0.000000 14.150796 8.050863 4.654847 5.177821 9.395023 14.526731 15.733221 11.049163 14.118000 15.206371 11.291553 11.242551 7.010860 2.785317 2.925394 5.395270 3.229108 2.916953 3.110271 4.077743 10.288936 13.827083 7.746153 4.618921 5.561102 6.112690 4.949366 2.472394 4.015488 9.059042 10.668629 6.658595 9.654611 12.315791 7.698782 4.759417 9.044929 15.678916 20.665663 26.944638 28.233518 46.872055 102.486092 136.862865 112.154863 62.672199 26.330219 17.481830 13.832173 5.271141 11.404018 10.673644 14.154713 12.745886 14.496796 13.738507 5.987814 7.551502 8.293236 7.172577 7.905650 6.025670 7.876842 4.916211 6.514675 9.941310 7.648357 5.979007 5.470303 3.622419 1.615976 5.432318 9.775358 10.139202 12.154349 14.211492 16.126313 17.768460 18.875688 15.594413 17.481181 23.040603 24.784245 18.860016 12.167388 7.132926 7.067454 10.283385 9.406038 9.905080 3.751906 7.257282 8.661296 6.903298 6.925430 4.412653 2.039684 1.998398 3.915363
1.734129 0.614529 213.6191 0.000000 9.449801 5.198441 6.109067 5.650176 5.282116 5.635696 5.735146 4.338516 1.958282 0.865675 3.001790 4.181786 3.819068 2.761721 1.816113 3.035231 3.788009 3.511570 3.417977 3.055912 3.299713 4.336730 5.360202 5.677044 5.169383 4.397465 4.637114 6.656995 9.159232 10.501771 9.960721 6.949755 2.733413 2.562484 5.751393 6.721363 7.752821 12.299089 11.550464 13.727800 37.311206 56.151230 57.975607 51.271901 41.651743 31.993871 27.283403 24.600093 20.659453 14.212922 8.514561 8.556731 13.147193 15.828640 15.203536 11.812159 7.328190 3.722678 1.586199 3.400880 3.712047 2.778353 0.596528 4.188147 7.302174 8.669363 8.402789 7.383216 6.881421 6.318204 7.189514 8.958421 9.194993 7.960408 6.074061 3.373327 2.124907 1.940022 2.633384 4.383450 4.478931 3.607528 3.320691 2.781655 1.817733 2.278555 3.456851 3.529442 2.378941 1.557327 2.654568 3.847239 3.961506 2.878299 1.457837 1.299162 1.842510 1.666117 1.685451
1.780225 0.138002 199.9239 0.000000 1.540353 1.743176 1.792314 1.509429 1.309716 1.469954 1.552607 1.333819 1.124398 0.836437 0.968577 1.193587 1.204681 1.177967 0.980485 0.955429 1.082775 1.269859 1.514265 1.410601 1.219047 1.386264 1.660930 1.860769 1.904728 1.970198 2.201531 2.226712 2.299047 2.460515 2.740552 3.102422 3.367044 3.391190 3.774624 4.693980 6.572617 8.719406 11.007702 12.692673 12.490131 10.280081 7.922546 3.983498 3.353466 3.887452 2.656940 2.251382 1.698883 1.675788 1.499368 1.243751 1.190402 0.991749 0.943931 0.797855 0.506103 0.450132 0.573806 0.608938 0.533607 0.350926 0.205377 0.252115 0.374447 0.393061 0.346402 0.410759 0.606036 0.771948 0.838236 0.833175 0.746881 0.607099 0.486230 0.471180 0.667416 0.908587 1.070537 1.169400 1.162278 0.952840 0.641871 0.455968 0.396542 0.495935 0.605877 0.332549 0.098855 0.125831 0.278310 0.238203 0.166498 0.121573 0.208553 0.286868 0.405449 0.462978 0.321755
1.833164 0.010005 228.8965 0.000000 0.238253 0.162944 0.241750 0.057533 0.278784 0.097766 0.216611 0.353433 0.206088 0.164220 0.167158 0.116644 0.107738 0.049187 0.082525 0.089401 0.229545 0.256221 0.263218 0.149208 0.126847 0.132185 0.089161 0.220735 0.216285 0.078498 0.029457 0.104311 0.107187 0.136643 0.151973 0.150136 0.132309 0.088270 0.132219 0.210372 0.274231 0.265940 0.279156 0.296812 0.219684 0.326147 0.605271 0.798062 0.842915 0.800554 0.543614 0.317963 0.078252 0.151332 0.388644 0.378076 0.201366 0.111649 0.127851 0.081078 0.073023 0.102444 0.072181 0.101301 0.055958 0.095225 0.019568 0.057186 0.088580 0.047500 0.068581 0.074688 0.077656 0.026707 0.046055 0.020364 0.076512 0.092869 0.064767 0.050850 0.074288 0.049673 0.058751 0.027700 0.020311 0.014558 0.055002 0.098969 0.074723 0.108760 0.070591 0.036664 0.057728 0.120320 0.145761 0.161667 0.154840 0.112168 0.047650 0.019471 0.066194 0.070184 0.067224
1.880095 0.004646 39.9041 0.000000 0.091986 0.146434 0.166571 0.140869 0.103190 0.313728 0.173231 0.389090 0.217571 0.089179 0.041629 0.109820 0.101524 0.129052 0.059576 0.184020 0.214180 0.149947 0.148061 0.122692 0.112992 0.067604 0.204623 0.112755 0.036263 0.105557 0.087990 0.141317 0.047833 0.085078 0.129977 0.049562 0.046505 0.050783 0.033776 0.072527 0.101955 0.121208 0.076842 0.078359 0.124104 0.135478 0.151786 0.100982 0.074652 0.194383 0.115562 0.092077 0.111479 0.026750 0.055072 0.072791 0.084846 0.120563 0.042909 0.060180 0.060001 0.026263 0.051569 0.040304 0.050988 0.034172 0.047854 0.062127 0.025277 0.057401 0.082619 0.085082 0.031893 0.045508 0.082150 0.088429 0.086563 0.054772 0.033645 0.072466 0.025192 0.027832 0.028554 0.024766 0.034417 0.045846 0.046069 0.035275 0.060855 0.040477 0.057629 0.046045 0.038671 0.014668 0.028427 0.030116 0.032001 0.048864 0.065518 0.050532 0.038543 0.037676 0.017598
1.930136 0.004891 40.2848 0.000000 0.067767 0.189835 0.203508 0.210989 0.172023 0.255904 0.135028 0.388007 0.258226 0.080988 0.048251 0.086041 0.108089 0.117375 0.049688 0.207245 0.144700 0.172274 0.110772 0.123882 0.097377 0.059439 0.250226 0.158381 0.061727 0.138763 0.144609 0.136652 0.137808 0.167034 0.060151 0.079628 0.055723 0.065817 0.074629 0.101777 0.072257 0.046826 0.128534 0.066680 0.098560 0.184354 0.181982 0.130142 0.103621 0.117583 0.084430 0.106430 0.139739 0.093871 0.025137 0.060519 0.041095 0.052284 0.092303 0.071644 0.058117 0.025197 0.050117 0.055843 0.100041 0.132787 0.084003 0.058152 0.026793 0.043347 0.059916 0.077886 0.041357 0.016489 0.065973 0.097729 0.071868 0.050793 0.038664 0.046599 0.045155 0.043834 0.041701 0.016251 0.004417 0.026079 0.061299 0.055097 0.057738 0.055410 0.047288 0.043979 0.046719 0.053273 0.039612 0.041457 0.037126 0.016409 0.045939 0.068074 0.037594 0.036672 0.045122
1.980106 0.004289 34.8942 0.000000 0.196469 0.106025 0.121235 0.117459 0.194305 0.051187 0.334009 0.081247 0.029951 0.113049 0.026017 0.054780 0.023660 0.166158 0.082841 0.099607 0.050251 0.169923 0.140791 0.101512 0.034236 0.088447 0.136055 0.076004 0.151130 0.139225 0.193238 0.037814 0.108088 0.176391 0.075586 0.115055 0.053138 0.031508 0.092928 0.062521 0.071235 0.098683 0.144082 0.078658 0.060219 0.168876 0.226109 0.072839 0.021128 0.040775 0.151751 0.099463 0.159759 0.034701 0.035509 0.059931 0.035722 0.065199 0.071759 0.021601 0.046217 0.061974 0.086755 0.085831 0.079347 0.096286 0.087381 0.032451 0.027750 0.057087 0.067098 0.040153 0.023974 0.044905 0.093402 0.070008 0.029256 0.042594 0.038376 0.021961 0.018825 0.032159 0.036036 0.038352 0.024236 0.026734 0.058767 0.065478 0.048705 0.030907 0.047055 0.034487 0.047119 0.046496 0.058141 0.062904 0.045412 0.044569 0.065995 0.061511 0.026481 0.021006 0.023992
2.030155 0.004482 25.0648 0.000000 0.184391 0.135618 0.054518 0.114206 0.262582 0.062010 0.235804 0.075599 0.083844 0.112058 0.103590 0.086697 0.112723 0.103133 0.069365 0.121281 0.113827 0.192881 0.104888 0.115537 0.110651 0.098471 0.046423 0.176987 0.235260 0.076717 0.176522 0.095740 0.038279 0.214535 0.106800 0.110662 0.095552 0.078496 0.122092 0.093150 0.044592 0.123247 0.153397 0.136897 0.055651 0.230006 0.179907 0.117522 0.050585 0.035361 0.172450 0.119081 0.130547 0.095613 0.098554 0.092285 0.029823 0.019320 0.068357 0.052272 0.027063 0.016119 0.085104 0.099772 0.091768 0.077941 0.109879 0.040921 0.015375 0.056316 0.072683 0.050830 0.014434 0.043925 0.107627 0.074168 0.016638 0.058025 0.026102 0.025246 0.022426 0.024533 0.052600 0.086524 0.056789 0.011181 0.029755 0.069752 0.069205 0.013402 0.038314 0.031693 0.039429 0.061718 0.058019 0.060649 0.041070 0.068641 0.071401 0.048892 0.026506 0.004953 0.028632
2.080101 0.004625 136.7443 0.000000 0.192144 0.171267 0.151588 0.123919 0.107636 0.158822 0.172203 0.059781 0.118836 0.067568 0.068272 0.061503 0.156019 0.102042 0.158495 0.185824 0.133518 0.196763 0.148836 0.087725 0.139739 0.068648 0.048734 0.148970 0.191930 0.099098 0.198461 0.201686 0.125115 0.175571 0.160507 0.112636 0.126017 0.096452 0.118767 0.117087 0.072623 0.107385 0.130280 0.164927 0.128020 0.131725 0.158569 0.124411 0.097713 0.108074 0.108776 0.105448 0.101605 0.078774 0.092322 0.083913 0.061687 0.032535 0.053294 0.051272 0.040820 0.046159 0.059757 0.075129 0.067135 0.057683 0.062497 0.072788 0.045932 0.056833 0.053929 0.038419 0.027729 0.038070 0.050984 0.062817 0.046984 0.049120 0.025264 0.032359 0.044731 0.061312 0.025285 0.032808 0.100389 0.047932 0.004472 0.026123 0.056662 0.066321 0.027461 0.019139 0.060182 0.022163 0.052994 0.039395 0.059389 0.047342 0.067609 0.087048 0.047919 0.020261 0.029494
2.129022 0.801656 219.3423 0.000000 13.923246 15.352840 16.037115 15.481211 13.449485 10.820343 9.111655 8.706627 8.716585 8.394245 7.074754 5.287766 3.464419 2.246773 2.299873 2.377988 2.229898 1.215309 1.567120 2.943756 4.508591 5.356393 5.556189 5.106081 3.848376 2.958695 3.952294 6.636691 9.103890 10.854138 10.951266 8.703899 4.484238 3.137932 9.995608 14.414398 14.063900 8.862090 9.185961 26.496539 46.141771 62.640347 72.674673 73.873105 66.198247 51.549430 33.532244 15.645246 4.456010 9.297472 13.984850 14.462282 12.028979 8.467506 4.958470 2.089813 1.095107 3.038514 4.569956 5.228179 4.762323 3.232469 2.026039 3.002051 5.136851 6.813723 7.693952 7.934673 7.583321 6.526949 4.639986 2.581781 3.027689 7.088588 11.344460 14.754152 16.676452 16.880642 15.577794 13.411862 11.306505 10.119588 9.536808 8.783664 7.384842 5.922009 5.737408 7.078237 8.656102 9.401566 8.938644 7.415156 5.322950 3.754806 3.496211 4.100359 4.756259 5.081117 5.050525
2.176963 1.210672 212.8797 0.000000 28.150283 11.566287 3.957173 8.665262 11.583126 13.836775 13.276322 12.746756 14.685995 15.733493 11.826191 6.002243 2.607698 1.830652 1.911277 2.604736 4.901761 5.134609 4.936658 5.887836 3.860847 1.572290 1.100717 2.553991 4.253361 5.080114 10.909265 12.656318 7.994227 2.464615 9.027547 17.563561 12.538161 5.100069 10.407368 12.486134 21.140002 21.562571 36.824563 39.024904 86.224865 150.768432 133.172368 60.830769 21.219238 14.565094 16.328361 8.895460 12.426971 16.120029 4.760832 9.570053 10.043174 6.412623 8.528959 7.255935 8.096459 9.777289 7.586382 8.051500 5.612532 3.445847 5.139646 6.555817 9.042970 6.555488 3.772110 5.327681 5.003352 7.350549 8.434866 4.009059 5.913352 16.280578 26.241391 25.464384 17.392534 19.210154 23.019853 18.424707 11.000254 14.786280 10.500744 7.327409 15.109998 9.123444 2.773684 10.035796 12.250781 9.452871 4.005331 3.353432 7.409403 9.287350 8.117125 7.388051 7.123352 4.328531 2.957183
2.230155 1.313527 213.0498 0.000000 25.269531 14.029458 2.339924 8.973586 11.077538 13.407542 14.791940 11.595411 14.123454 17.000602 12.883885 7.804240 3.633545 3.120019 1.830992 3.963544 5.364949 4.325695 6.708312 6.619696 3.448340 5.779631 3.771938 4.513317 3.089545 6.593628 8.087804 10.416078 11.300434 7.861819 7.697305 14.489226 14.030111 9.098189 5.422386 5.366863 11.472944 13.781216 12.422000 29.792183 37.861897 100.833366 180.715967 126.648356 58.825207 25.263237 15.844680 21.979330 12.546436 9.366802 11.162274 9.391390 8.546011 9.596167 6.810900 3.904953 6.538533 12.226257 11.182239 4.344896 2.425152 5.541630 6.165612 9.110562 6.663868 8.993114 9.257923 4.817477 5.392186 4.613546 4.976879 6.412396 7.311475 3.126852 9.892602 18.741247 26.720874 26.032686 14.988844 20.689716 23.360256 18.921395 12.444176 14.862304 6.383164 10.329060 10.175787 13.587900 3.873534 10.133932 14.953359 7.318210 5.566709 4.459574 3.779852 9.840617 10.222573 6.025917 8.572061
2.280050 1.317152 210.9649 0.000000 23.925340 13.935223 3.039754 9.472761 10.742534 13.613881 14.574349 11.766725 14.292308 16.812191 12.152638 7.338748 3.212506 2.366531 1.848227 4.435635 5.280551 4.651900 7.031516 5.483621 4.222004 5.266176 4.986670 3.480218 3.273322 5.877041 8.970073 10.861797 10.725200 6.268940 10.030455 15.207084 11.650162 8.112618 6.484615 8.656155 11.277560 11.533609 24.917758 41.326346 38.523904 165.669574 176.548395 80.824763 49.390783 3.329871 24.456566 18.811760 9.852067 8.716096 13.101286 6.502490 8.995523 8.781240 4.987795 4.417425 9.926472 13.183184 7.540846 1.959730 3.880509 6.554426 7.991911 8.682785 6.312158 9.522949 6.275948 4.371541 5.387725 3.946850 5.925435 7.051573 4.496542 8.032486 16.323246 24.770633 26.633141 17.169143 19.287007 22.797371 19.990124 14.089946 14.107637 8.028097 9.733216 10.416399 12.881865 4.944763 9.409288 14.323735 8.259865 5.245039 4.976933 3.009532 10.596033 9.295879 6.964633 8.465900 5.659846
2.330248 1.054395 219.2653 0.000000 15.657762 15.540985 12.279352 9.247790 7.984991 9.667319 9.148130 5.922107 6.727756 9.593291 8.530640 5.561151 5.655124 2.872421 2.555849 2.778782 4.530572 3.852978 2.894662 4.866762 3.965241 2.579926 5.651309 7.266143 3.989403 4.829248 7.432221 6.053083 4.118506 6.108641 9.423969 13.151445 15.819020 11.716020 9.074364 8.608799 11.789063 16.387678 14.022113 16.990990 14.740771 29.172574 107.175020 135.687724 98.502638 46.202843 33.962507 37.959150 26.101807 14.298749 4.783399 8.783939 4.444575 9.214081 7.357112 3.253304 9.816764 5.932588 8.600689 14.333961 14.030861 6.876830 7.019821 7.327791 5.991148 7.832826 5.918343 3.877944 7.412918 6.673055 3.085765 5.039440 8.441717 9.301087 9.671467 11.070314 10.497516 8.958359 9.677455 9.331720 6.001423 6.939519 11.878805 17.555318 21.164938 16.817619 7.487936 4.510311 5.673486 7.767457 13.543427 12.107258 9.340587 6.166390 2.475908 4.034497 3.791464 5.857102 8.268223
2.380178 0.537905 210.7163 0.000000 4.749834 5.249490 3.985024 4.298026 4.322881 4.927925 4.449817 3.546341 3.491959 3.647002 2.125197 1.272035 3.098224 4.158279 4.580971 3.655662 1.586019 1.642525 3.407615 4.946617 5.929888 6.215823 7.640072 8.341239 6.936993 5.231697 3.310207 1.233409 3.736875 4.974103 2.527082 5.048658 7.820254 7.470892 8.850844 7.912493 7.762941 14.428338 9.118516 17.585648 42.601158 55.360607 52.495827 45.558960 32.984557 25.746588 18.297308 11.991426 12.571254 12.016504 8.676992 4.481765 1.704629 0.842375 3.014582 5.119167 6.084820 5.872378 5.568459 5.766378 5.321192 3.956606 3.837093 4.752693 5.193796 4.975390 4.505096 3.897875 3.334777 2.455311 1.395701 1.481472 1.317510 0.721233 1.009703 2.346827 3.444810 2.904156 3.285526 4.659164 3.881767 1.673518 3.314228 5.074354 5.941928 6.339417 6.402023 5.097319 2.776962 0.745495 1.483806 2.130524 2.056943 2.002679 2.112834 2.428833 2.915839 2.578279 1.861393
2.425677 0.110205 204.1774 0.000000 2.175814 2.006177 1.477706 0.923873 0.619484 0.996992 1.074398 0.836734 1.156310 1.093132 0.818872 0.811340 0.774221 0.522198 0.485549 0.407681 0.467214 0.692674 0.934406 1.048686 0.720809 0.511990 0.630803 0.782551 1.115599 1.330225 1.489968 1.817375 2.016125 2.073722 1.918906 1.552266 1.140584 0.955820 1.615364 3.004902 4.558883 6.309040 8.109088 9.154141 9.166833 8.191561 6.943898 4.708235 3.959299 4.844050 4.410593 3.789689 3.422181 2.405454 1.933569 1.535453 1.048515 0.798438 0.449284 0.560964 0.483431 0.454436 0.357827 0.354124 0.563471 0.832191 0.995063 1.159654 1.324293 1.343117 1.299122 1.140030 1.044957 1.029907 0.905231 0.716599 0.559777 0.539430 0.700010 0.893670 1.082726 1.196025 1.112833 0.955131 0.851062 0.733948 0.584799 0.545520 0.581443 0.626834 0.794585 0.868181 0.799544 0.746776 0.662739 0.498734 0.699155 0.790760 0.709323 0.654715 0.697431 0.766225 0.928488
2.478774 0.008567 223.3450 0.000000 0.260820 0.222428 0.122244 0.077547 0.064491 0.149056 0.135197 0.302870 0.338795 0.279608 0.214455 0.112089 0.121640 0.205654 0.193127 0.100796 0.034693 0.033311 0.064788 0.138895 0.184538 0.158959 0.175055 0.085621 0.154916 0.098799 0.194150 0.044057 0.146583 0.122743 0.191960 0.117056 0.034032 0.146448 0.091874 0.167857 0.182376 0.135980 0.105278 0.100004 0.134980 0.297414 0.484213 0.617907 0.677107 0.590156 0.521600 0.455550 0.353564 0.270939 0.169674 0.232787 0.239622 0.162966 0.099007 0.175093 0.038094 0.057733 0.049120 0.066183 0.027347 0.092846 0.092938 0.096466 0.096624 0.054682 0.036594 0.073752 0.089533 0.092049 0.090359 0.047214 0.022743 0.065437 0.073870 0.020770 0.063473 0.092320 0.091195 0.116304 0.046495 0.063303 0.094600 0.020220 0.079136 0.044766 0.056768 0.086390 0.101369 0.079977 0.121207 0.139059 0.157615 0.179772 0.117915 0.044150 0.029492 0.055798 0.054812
2.525570 0.004757 34.5950 0.000000 0.260305 0.183067 0.142791 0.218557 0.149943 0.168914 0.287930 0.212615 0.152558 0.126581 0.083800 0.056295 0.181869 0.119750 0.050586 0.057312 0.053355 0.068594 0.089967 0.185678 0.162644 0.149598 0.072253 0.078468 0.063050 0.102553 0.076989 0.130548 0.108451 0.154996 0.099405 0.130584 0.174938 0.128268 0.167931 0.164258 0.119109 0.105842 0.103124 0.059141 0.024551 0.042756 0.056067 0.063164 0.051816 0.044078 0.062993 0.064835 0.101708 0.101395 0.083459 0.119755 0.063490 0.101509 0.095255 0.097715 0.104724 0.084323 0.133657 0.058539 0.049728 0.060200 0.025310 0.037780 0.044629 0.018877 0.022769 0.035489 0.080877 0.011040 0.066978 0.054070 0.055642 0.123654 0.072902 0.084315 0.017861 0.068850 0.064775 0.033067 0.065114 0.029832 0.046254 0.077198 0.046510 0.045291 0.036259 0.047144 0.055531 0.053581 0.025132 0.020400 0.032992 0.065146 0.034709 0.047963 0.021627 0.019205 0.054573
2.570121 0.004586 5.1519 0.000000 0.276884 0.130037 0.135277 0.216630 0.225834 0.099890 0.234155 0.197095 0.138964 0.176257 0.169513 0.125880 0.098635 0.108592 0.103612 0.103772 0.082718 0.059841 0.062591 0.082870 0.153672 0.189651 0.121433 0.057486 0.044998 0.084396 0.087841 0.077424 0.149255 0.115759 0.140285 0.105176 0.069121 0.272185 0.132228 0.135631 0.165199 0.181051 0.105057 0.053435 0.085265 0.047413 0.045034 0.049029 0.064307 0.063860 0.050716 0.019734 0.028420 0.081559 0.065592 0.047142 0.080886 0.086610 0.062657 0.086209 0.096462 0.044997 0.058597 0.096889 0.093679 0.109918 0.047766 0.066986 0.046096 0.044620 0.070587 0.031058 0.039392 0.064933 0.020459 0.099736 0.028370 0.043807 0.087515 0.055322 0.112451 0.066154 0.066950 0.047466 0.012386 0.047667 0.068028 0.054028 0.049533 0.045351 0.036568 0.052023 0.054988 0.040215 0.035000 0.038564 0.052102 0.046522 0.030075 0.032637 0.029869 0.066926 0.040140
2.627413 0.004798 14.9552 0.000000 0.068408 0.235868 0.384235 0.189730 0.279457 0.187523 0.185914 0.116355 0.194620 0.186380 0.065800 0.178578 0.105838 0.052442 0.090341 0.081202 0.091901 0.123788 0.071371 0.147272 0.182935 0.115683 0.123200 0.025408 0.087618 0.044166 0.067281 0.214359 0.124862 0.159717 0.096247 0.127213 0.200675 0.135720 0.128345 0.208440 0.166481 0.136448 0.065010 0.078389 0.042282 0.030139 0.037075 0.080787 0.074302 0.024371 0.083376 0.098113 0.047235 0.079793 0.076942 0.084590 0.037506 0.068425 0.110028 0.022409 0.077640 0.096090 0.086139 0.082295 0.055945 0.068047 0.056799 0.077455 0.089200 0.063147 0.052392 0.040208 0.040314 0.075433 0.038116 0.044528 0.061228 0.062477 0.047617 0.036212 0.063740 0.044359 0.026619 0.053927 0.051948 0.048940 0.040250 0.038164 0.037642 0.042261 0.030632 0.041088 0.037424 0.057851 0.046736 0.028512 0.035141 0.046375 0.050011 0.025349 0.022989 0.030168 0.021054
2.670295 0.004721 39.3932 0.000000 0.108121 0.165940 0.243101 0.129424 0.267491 0.210455 0.161618 0.298352 0.167362 0.191125 0.137369 0.174945 0.130830 0.041050 0.106120 0.105324 0.116033 0.091979 0.048537 0.111190 0.106304 0.085667 0.093156 0.084208 0.137080 0.113936 0.114956 0.092609 0.106550 0.132032 0.088635 0.146620 0.181854 0.101937 0.133330 0.162494 0.137883 0.099857 0.048674 0.062719 0.113126 0.064063 0.085466 0.096527 0.053452 0.083760 0.076264 0.054769 0.123696 0.057649 0.085972 0.100521 0.118360 0.073902 0.042649 0.042897 0.023020 0.196617 0.052038 0.064548 0.063276 0.035283 0.087144 0.085222 0.069177 0.039581 0.072388 0.044087 0.090935 0.042625 0.026155 0.067305 0.054153 0.057215 0.055682 0.027418 0.022132 0.041246 0.073852 0.034836 0.063572 0.079704 0.037873 0.046950 0.046801 0.049732 0.043976 0.044318 0.059898 0.050810 0.025070 0.017119 0.032001 0.029783 0.023066 0.028189 0.036716 0.024497 0.046768
2.725568 0.229492 184.2587 0.000000 0.764568 1.122199 1.317242 1.439814 1.713929 1.573233 2.106744 2.159369 2.288922 2.387885 2.353527 2.424109 2.273272 2.095432 2.027816 1.929124 1.794707 1.578392 1.555341 1.704375 2.042824 2.372800 2.808128 3.412066 3.994251 4.692128 5.416477 6.094330 6.887042 7.731658 8.476245 9.078965 9.714701 10.071632 10.402719 10.697381 10.784702 10.694166 10.553016 10.301486 9.792709 9.411569 8.839776 8.424289 8.006759 7.603137 7.476840 7.230636 7.331896 7.339051 7.232851 7.210648 7.235519 7.130628 6.817857 6.611638 6.254295 5.831790 5.475376 4.988067 4.662792 4.276889 3.983521 3.699672 3.395417 3.151460 3.076628 3.007427 2.859332 2.762457 2.672996 2.614894 2.601091 2.562098 2.547727 2.487030 2.415460 2.429215 2.498466 2.526681 2.539397 2.592227 2.729004 2.836263 2.962948 3.192075 3.391048 3.605571 3.797434 3.960295 4.049100 4.194216 4.193692 4.156216 4.027475 3.920583 3.740318 3.487348 3.185624
2.772593 0.974336 219.3449 0.000000 20.260253 11.006417 1.897019 3.408926 6.547264 11.813643 18.214629 20.129462 17.603747 10.874886 3.635015 6.131666 11.023284 11.756927 8.318475 3.165959 1.489398 2.608179 2.633536 6.991325 9.881370 9.677137 6.788639 4.657994 3.680978 4.894081 7.984704 7.882620 4.327796 7.421074 12.346513 9.663284 2.755489 11.566558 15.048579 9.633685 9.474100 18.976994 15.096419 10.369740 46.375218 81.231324 100.856804 98.057528 74.410219 38.982358 11.721014 18.455280 24.721872 16.991585 6.426889 7.116569 10.058589 6.129807 2.073890 5.171039 6.521004 5.792167 4.778942 3.401960 1.644091 0.950157 1.150882 1.115569 3.037032 5.715796 7.587828 7.793592 6.354053 4.631896 5.339107 8.208854 10.020578 9.112147 6.115357 7.125526 15.587989 24.165717 29.005272 28.306179 22.287273 13.557335 6.313584 3.795487 4.775458 7.022039 9.059603 8.139999 3.993181 2.103422 3.731819 3.132648 4.660926 9.144901 10.668662 8.586559 6.093703 6.011456 6.796266
2.820339 1.287847 217.1705 0.000000 21.183935 5.019695 9.786722 2.947338 4.884049 12.581116 22.120967 21.481059 15.683655 14.103930 10.314017 13.884853 9.534121 6.029790 6.204409 7.928488 10.106130 9.932016 7.028694 9.110567 8.918825 6.689965 7.654466 4.343517 1.865377 3.834158 8.984034 7.660631 5.308047 6.819227 8.976713 8.052234 5.951375 10.698462 10.566086 14.950609 11.525160 10.896599 20.197530 35.195806 42.972798 119.907857 175.887249 109.617308 39.798238 20.349070 20.186491 17.703297 14.262759 11.966285 6.671446 4.407007 6.999619 2.726796 7.337594 6.392230 1.394760 1.345093 1.576923 4.896935 3.888397 0.498517 3.063088 7.617328 7.163148 3.835658 5.915312 7.525017 6.644680 6.729975 6.731602 2.138503 13.424115 19.331445 12.836991 15.712132 31.228385 35.098815 34.397411 27.556268 12.918414 5.716587 6.560949 4.896870 7.383076 7.070388 7.355933 12.557227 8.593755 5.958868 4.219233 6.500177 8.376442 9.204058 7.464309 6.771922 8.590955 8.500996 4.012005
2.870291 1.333633 215.7470 0.000000 19.704324 5.539740 7.476954 5.455990 6.454409 15.476891 21.933402 19.245809 17.962884 12.823843 7.320847 11.406187 10.751123 4.501690 6.609833 8.016623 7.947536 7.630322 6.080057 7.905925 8.943303 6.152476 5.166296 4.018517 2.551101 4.183237 7.299028 7.034920 6.178153 8.290961 8.796443 7.315491 6.849451 11.472377 11.679062 17.037856 5.544496 9.776845 24.071069 31.449378 12.002168 168.884792 192.675045 59.981569 31.471324 9.537532 20.701314 13.185796 14.795289 7.754958 7.881667 7.908980 10.392346 8.636584 7.431272 5.616140 4.091467 2.587789 4.392997 3.382350 1.870820 3.271150 5.187694 5.862595 6.540009 4.941007 7.041379 9.982180 5.604460 5.231357 6.063561 10.585195 19.524210 14.730659 10.302343 23.395484 34.358220 34.949316 31.161422 20.639587 10.137438 7.171806 4.686124 6.911805 7.694581 5.377441 12.356728 10.498305 9.460825 3.341392 6.175305 7.416791 10.420433 7.304532 6.961524 8.532553 10.296798 3.945116 2.656850
2.927567 1.322714 213.8817 0.000000 19.030021 4.834816 9.831101 7.725029 6.654200 18.931343 19.162482 16.702498 16.998147 13.436700 7.804419 10.903755 10.396300 6.646895 9.488193 9.790102 7.142325 7.302250 6.483573 9.170365 11.700912 10.697086 5.624831 6.174395 7.438496 7.218037 2.349370 10.587297 2.608269 10.854443 4.741171 1.898424 11.814053 8.983960 12.339931 12.337910 4.716124 11.119543 30.418536 29.894375 56.449253 184.190986 149.530875 45.214041 22.270322 14.005951 17.318687 14.056782 12.104585 9.830148 7.383293 9.613835 8.522033 9.181764 9.297221 7.044827 3.897339 5.529607 2.730118 1.822775 2.286555 6.287207 4.747128 5.466374 5.081028 2.271081 11.561488 8.491154 2.409710 6.446897 6.777702 16.364081 20.022763 9.869626 16.188545 32.604382 35.730154 32.619554 24.823982 12.938247 7.493127 6.365698 6.028130 6.868437 6.158170 9.424629 11.704603 8.936894 5.578251 4.355079 5.007147 8.172733 8.340142 9.676985 7.691654 9.945046 6.532282 4.820286 7.621974
2.975925 0.927003 214.3700 0.000000 12.807389 8.504993 7.690329 7.502480 8.306079 6.530700 3.721201 2.363948 2.557881 4.604042 5.404660 6.486274 7.941202 7.771594 3.699850 7.900764 8.323052 7.269330 6.218229 2.680864 1.304851 2.291818 2.454289 1.093833 1.729746 2.657384 1.901898 2.245309 7.847446 9.770328 4.969833 4.675554 5.811709 3.894884 4.085982 9.864334 11.306893 15.610395 6.690983 26.025320 27.989498 83.837793 114.276835 100.442928 56.986222 23.879099 15.519471 18.433782 12.654216 8.890952 10.513928 10.984829 6.308868 4.322838 11.016059 8.209247 3.760370 7.897254 8.444749 7.048164 4.642904 4.129501 5.789406 6.314815 5.011994 5.723946 6.285471 5.432844 4.073677 5.967976 5.476471 5.452531 13.410163 17.962028 16.260595 13.507786 13.217059 10.906451 7.793273 7.666238 11.134979 14.528433 12.571030 7.107697 5.477642 7.810046 9.829835 9.979128 8.512752 8.070556 7.387313 4.426634 2.063406 2.438103 1.701010 1.713810 3.695968 7.054621 8.400532
3.025444 0.371354 217.4178 0.000000 4.295565 2.765929 1.805245 1.619855 1.462437 0.591779 0.624557 0.716646 0.471530 0.851156 1.328679 1.724652 2.200903 3.035554 3.358445 2.505841 1.150692 0.829665 1.779109 2.146612 1.459046 0.904291 1.777245 2.183104 2.346951 2.317082 2.617617 3.091294 3.921616 4.649335 4.572672 3.294557 1.305957 0.931874 1.240925 1.847997 4.696417 7.038618 5.362970 5.475820 15.261612 25.954666 31.253937 30.720939 28.894388 25.927832 20.860767 16.655593 14.598681 13.013296 10.920391 9.980801 9.593738 9.039439 8.997196 9.911777 10.776358 10.091098 7.879490 5.804823 5.237084 5.152520 4.525110 4.377176 4.777418 5.280493 5.244125 4.806932 4.910085 5.502442 6.065930 6.364243 6.415404 6.199108 5.674792 4.781656 3.870928 2.996187 1.833875 1.071674 1.439223 2.016199 2.011899 1.815180 1.388161 0.769600 0.547431 1.788300 2.709851 2.543851 1.995047 2.181185 3.451676 3.903465 4.036698 3.492967 2.115532 1.098486 1.385968
3.070278 0.048555 205.3689 0.000000 0.444589 0.536813 0.499325 0.484486 0.829776 0.580885 0.571660 0.841824 0.710920 0.567837 0.526996 0.522611 0.793602 0.766993 0.636236 0.601393 0.527113 0.428080 0.501066 0.558320 0.644022 0.848787 0.878826 0.745907 0.747367 0.842694 0.755460 0.788412 0.975623 1.089695 1.109865 1.245764 1.365391 1.587875 1.842399 1.971584 2.315802 2.474767 2.900895 3.389725 3.510998 3.062748 3.284801 3.258367 2.271243 1.384855 0.791162 0.796801 0.527681 0.268336 0.374375 0.340316 0.373688 0.324699 0.354591 0.389427 0.368151 0.403913 0.443286 0.429538 0.392015 0.446559 0.446117 0.314828 0.325264 0.374778 0.298221 0.288029 0.389474 0.410374 0.352009 0.326244 0.344376 0.369053 0.312608 0.424157 0.422367 0.445187 0.429989 0.521771 0.489863 0.495959 0.427678 0.415012 0.405546 0.499472 0.461426 0.523224 0.478582 0.328924 0.351874 0.360045 0.244511 0.075444 0.180093 0.305153 0.432780 0.597096 0.688358
3.120165 0.007298 214.0479 0.000000 0.062968 0.234268 0.105872 0.165762 0.404594 0.116577 0.068055 0.256994 0.230415 0.153195 0.047239 0.112276 0.276775 0.108513 0.118479 0.095145 0.092171 0.086473 0.099591 0.129808 0.120727 0.129999 0.115763 0.103154 0.096646 0.111876 0.128229 0.119878 0.127693 0.112670 0.073265 0.057904 0.113104 0.163534 0.100480 0.095750 0.128147 0.104119 0.099637 0.203554 0.373859 0.439489 0.490272 0.400270 0.231700 0.268053 0.292501 0.399708 0.379465 0.304549 0.383282 0.228068 0.026462 0.083320 0.099730 0.054813 0.051131 0.093021 0.026819 0.084359 0.137909 0.149689 0.052484 0.074221 0.036739 0.063189 0.060573 0.048934 0.049302 0.024813 0.051118 0.035022 0.048446 0.094025 0.074141 0.077416 0.069611 0.084579 0.055709 0.016444 0.042658 0.080982 0.082253 0.044075 0.069190 0.088857 0.083978 0.104254 0.095510 0.069515 0.051959 0.060435 0.075839 0.069326 0.047682 0.040305 0.065133 0.046361 0.054265
3.170114 0.004999 24.8011 0.000000 0.119067 0.173413 0.058744 0.189538 0.302290 0.072801 0.125536 0.270454 0.118594 0.240831 0.110329 0.183771 0.228588 0.097929 0.150645 0.126582 0.143327 0.141343 0.122567 0.095326 0.062866 0.099799 0.151567 0.090322 0.109157 0.199433 0.108256 0.202235 0.043994 0.088207 0.052540 0.091125 0.105489 0.065438 0.142159 0.141122 0.131376 0.146493 0.164359 0.075331 0.094671 0.167112 0.188706 0.184623 0.061117 0.066090 0.068499 0.057903 0.120211 0.135245 0.077359 0.073580 0.116984 0.107514 0.067836 0.055132 0.054213 0.071849 0.095892 0.102347 0.080244 0.072252 0.058224 0.043226 0.044325 0.045648 0.064454 0.041853 0.045199 0.047914 0.039907 0.021016 0.042796 0.045981 0.031491 0.077378 0.040159 0.008979 0.051714 0.107813 0.077936 0.048389 0.042182 0.046172 0.026630 0.022274 0.008617 0.024905 0.036927 0.068351 0.013879 0.016198 0.050117 0.050022 0.011857 0.027048 0.043895 0.068520 0.067551
3.220515 0.004890 19.9062 0.000000 0.177555 0.059736 0.281656 0.300308 0.111964 0.139949 0.136118 0.195072 0.041333 0.241080 0.124874 0.162615 0.211476 0.232864 0.103888 0.080594 0.128910 0.096630 0.064546 0.070337 0.047733 0.120744 0.089863 0.052003 0.049542 0.182368 0.111248 0.233772 0.084649 0.064055 0.096917 0.072178 0.066337 0.080476 0.121839 0.093881 0.043301 0.136601 0.226256 0.047538 0.103718 0.193158 0.187070 0.178047 0.042046 0.035140 0.102068 0.056152 0.035079 0.082263 0.076862 0.063082 0.097418 0.143181 0.148082 0.074520 0.039588 0.071714 0.072489 0.084301 0.048962 0.062930 0.055784 0.048552 0.096495 0.059671 0.049136 0.056549 0.039337 0.057109 0.038560 0.020987 0.025870 0.045077 0.056150 0.067640 0.081588 0.071228 0.070516 0.099749 0.086402 0.034169 0.009716 0.040976 0.049553 0.031860 0.024376 0.022185 0.036024 0.064142 0.040408 0.028935 0.043005 0.071292 0.047846 0.026995 0.033131 0.056025 0.042275
3.271279 0.004575 44.8305 0.000000 0.206954 0.226176 0.201275 0.173438 0.110459 0.096243 0.112850 0.101624 0.303382 0.098371 0.202866 0.154814 0.194823 0.150604 0.036665 0.048981 0.129323 0.069290 0.101755 0.080629 0.080192 0.053955 0.110219 0.032604 0.064876 0.139231 0.149475 0.181891 0.060946 0.051075 0.109528 0.089987 0.049724 0.061995 0.105046 0.097014 0.103046 0.186609 0.180235 0.163587 0.199881 0.052155 0.051976 0.094142 0.141073 0.074286 0.087904 0.047963 0.046965 0.077847 0.051646 0.037584 0.101441 0.161793 0.131649 0.095540 0.050920 0.016244 0.047859 0.098670 0.057549 0.057823 0.090869 0.045441 0.068007 0.049585 0.042588 0.045566 0.029100 0.048094 0.042558 0.024802 0.021668 0.024787 0.045120 0.064089 0.062721 0.051686 0.065591 0.104280 0.093340 0.041467 0.018582 0.037036 0.054846 0.033628 0.029693 0.043969 0.036266 0.064032 0.056649 0.042121 0.038096 0.017933 0.057864 0.055617 0.033056 0.036205 0.034444
3.320506 0.004657 44.8889 0.000000 0.196671 0.189062 0.214245 0.093547 0.173500 0.074072 0.214413 0.141210 0.264568 0.108630 0.240492 0.240692 0.162075 0.152657 0.056025 0.119163 0.078365 0.112371 0.096526 0.090438 0.111441 0.049156 0.106358 0.110386 0.147339 0.075289 0.090520 0.198040 0.088498 0.097314 0.147931 0.044763 0.044949 0.054443 0.031431 0.011285 0.055379 0.163826 0.163385 0.136417 0.189721 0.137656 0.129244 0.101850 0.108430 0.081183 0.098486 0.062343 0.059979 0.063854 0.058451 0.036409 0.090694 0.159189 0.132127 0.115464 0.038883 0.029330 0.032483 0.097437 0.053547 0.046162 0.075762 0.069275 0.073423 0.072608 0.051335 0.057842 0.023914 0.063690 0.050218 0.028392 0.016005 0.032996 0.047959 0.063242 0.054281 0.046285 0.082424 0.090037 0.076015 0.069085 0.071725 0.051200 0.029275 0.032382 0.025609 0.044803 0.067132 0.061286 0.051850 0.042687 0.059191 0.037937 0.048414 0.048262 0.034833 0.043579 0.024072
3.370269 0.754438 220.5811 0.000000 15.472334 13.599286 10.504138 7.469487 5.607793 5.995643 6.985256 8.252382 8.552991 9.022531 8.481399 8.083947 7.127852 6.427063 5.210067 3.924495 2.676042 1.440757 0.307087 0.815935 0.972350 0.825601 0.888249 1.946923 2.714410 3.077447 2.936392 2.381008 2.159813 1.708960 2.032924 4.451736 8.752413 13.315420 16.682235 16.973456 12.845418 4.647071 11.209845 27.092788 43.363608 56.701974 64.815953 66.186815 61.202984 51.017255 38.163800 24.774600 13.237613 5.393273 4.274783 6.161169 6.877410 6.918923 6.588777 6.714838 6.856059 6.544686 5.349134 3.671337 2.796954 3.618646 4.671178 5.301123 5.513497 5.644521 5.754134 5.242449 4.242302 2.489992 0.454021 2.076795 4.344082 6.571429 8.997173 11.944321 15.153890 17.840063 19.295014 19.034451 17.030997 13.918582 10.529334 8.014289 7.420577 7.800270 7.756774 6.767532 4.656082 2.000423 1.209796 3.382507 4.920178 5.397611 4.898651 3.632002 2.344887 1.645295 2.102059
3.420409 1.185494 219.8211 0.000000 27.511933 15.754394 7.437034 12.519414 11.013647 6.439443 6.122632 15.200321 20.904940 17.138522 7.582674 8.416799 7.834249 5.708652 5.895781 3.202314 8.001079 7.276596 2.350091 3.338510 5.840289 5.362126 1.963670 7.825222 7.406009 6.716930 8.242250 7.365161 7.255892 5.473323 1.205249 7.346891 6.585259 12.438105 24.223681 15.302024 22.294777 27.859819 5.835296 38.687317 29.088488 68.627643 143.141697 147.712131 85.023956 20.276464 21.977482 14.002883 4.802631 7.308564 6.140601 9.270757 7.905958 4.296065 2.296421 2.833816 2.135245 1.765143 1.382866 2.753429 4.369965 3.455461 4.725190 5.251857 2.961663 2.395412 5.844315 6.833782 5.660931 3.956688 3.167062 5.626490 9.690723 11.234015 7.920526 4.698359 17.985085 28.987432 30.374903 24.814690 18.940887 12.587255 7.374763 8.801977 11.798533 14.397013 12.311146 5.903448 1.723456 4.389809 8.113565 7.281254 2.814461 1.189179 1.726969 7.941298 11.320530 9.063000 4.139673
3.470155 1.316096 212.0298 0.000000 25.710329 10.559462 5.053291 9.216004 8.522648 8.603384 9.368260 12.786105 18.177359 18.855258 7.995670 7.648417 7.799310 6.577617 5.579432 4.231711 5.014807 5.181716 7.306322 6.274403 3.577802 3.639764 3.286095 3.658989 3.670946 5.499583 6.386894 5.120531 5.647156 4.955059 4.508889 5.796106 8.158068 17.698465 15.941803 12.469426 20.776869 13.812115 18.235652 28.852940 28.403293 132.917351 186.435607 90.165883 46.899615 18.454173 13.991749 13.848458 7.712971 11.828230 11.845126 3.807248 4.984850 5.487346 4.613052 5.876344 2.974661 1.706927 2.569019 2.860443 4.178637 6.416823 5.374649 3.083389 1.142291 8.326702 5.662342 5.397329 5.859986 6.027655 8.342470 6.843494 9.582843 11.893941 5.588510 19.350154 30.399245 30.966787 22.244427 20.095129 17.755283 12.137439 9.902797 7.927839 14.906440 15.647092 6.030979 4.973818 7.336340 9.421039 5.107239 2.042223 4.050433 4.779416 7.834508 10.667749 8.245465 3.021159 2.952561
3.520070 1.319993 212.2621 0.000000 24.303575 11.864082 4.578657 8.695808 9.047481 8.037842 9.816783 12.426284 18.361603 18.662483 8.530194 7.687362 7.639352 6.867887 5.138013 3.831948 5.413071 4.740547 7.637996 5.772347 2.828064 3.313030 3.935911 3.569271 3.460048 4.526319 6.596911 5.778149 5.181490 5.002426 4.567984 4.859039 8.616100 16.583669 16.491799 16.903199 19.309477 11.929524 22.983700 33.581535 31.760492 127.992124 185.287003 97.863629 47.332929 19.376785 14.574883 13.480407 7.100808 12.299346 11.399148 4.256249 4.581395 5.964442 4.972717 5.863742 2.848918 1.083981 3.219222 2.523034 5.219836 6.372207 4.669479 3.907087 2.312737 7.136516 6.488878 4.280758 6.835094 5.030859 8.601248 6.726030 9.491871 12.423608 5.217308 19.004946 29.223563 32.766507 21.726102 19.986533 18.674691 13.158851 10.217192 6.766991 14.265333 16.458798 6.674649 5.121894 7.135513 9.413851 6.143205 1.528091 3.931240 4.801803 7.321791 10.695948 8.859596 3.505087 3.050166
3.572463 1.098994 214.3657 0.000000 20.691404 15.039465 12.264914 8.264378 5.489328 4.146790 4.368054 4.734980 9.134658 13.503987 11.076550 4.518858 4.009888 3.032433 2.722819 6.998104 7.483229 4.923350 9.380615 11.022077 5.676700 4.874974 6.994327 5.055359 7.615495 9.903369 7.926430 1.464179 6.509954 8.850271 8.943091 8.903436 7.845355 5.868767 4.309459 17.658320 24.755497 17.898476 21.257317 24.223697 29.610428 100.687203 148.567340 112.262578 42.868709 25.218295 26.713916 10.929123 5.126408 11.772399 15.030409 10.651580 5.629985 6.615735 7.825834 3.938722 3.518417 3.952512 2.754727 2.403600 3.106775 6.138399 5.013662 2.506360 2.546820 3.840848 5.187410 3.863854 3.803075 7.303753 8.229833 6.159012 2.565088 5.191488 7.500328 13.181446 16.471283 17.191635 15.425340 9.727918 12.416666 19.344065 18.484357 8.510290 4.815785 10.503281 13.300935 7.967340 5.163837 10.074942 9.352307 6.289086 3.672147 6.263823 6.487969 5.961847 7.683921 5.512483 3.077292
3.621879 0.598957 214.2781 0.000000 7.047065 3.368255 1.083110 1.383578 1.178609 1.405803 1.981930 2.409837 3.647191 3.754152 3.703581 3.075253 2.303492 1.623073 1.103865 0.896724 1.246560 2.385655 3.308364 4.354039 4.472971 4.537338 4.585423 3.667609 3.671410 4.350012 4.007513 2.571204 1.780072 2.332718 2.451114 2.836073 3.581763 3.287279 2.967178 2.369631 7.190653 12.328253 10.058380 19.540047 44.665238 57.548166 58.804334 54.142849 42.760230 31.295628 21.001188 13.857112 12.726095 12.590169 10.623607 9.740089 10.194413 9.635326 7.519539 5.302166 3.837664 2.643035 2.754646 2.352695 1.414232 3.316536 4.252623 3.058262 2.152951 2.952976 3.825795 4.619171 5.307859 4.845820 5.141334 7.266700 8.304912 7.535332 6.810294 5.481814 3.401999 4.105543 6.014070 5.718431 6.316814 8.082720 8.264305 6.836388 5.313012 5.277288 6.543217 7.480488 6.800586 4.616836 3.500519 4.105277 4.195301 4.151664 3.331237 1.520161 0.896633 1.737953 1.949546
3.670146 0.111949 201.6986 0.000000 1.233528 1.447716 1.463136 1.055048 1.119545 0.953235 0.716815 1.005080 0.630566 0.865190 0.737994 0.760067 0.712663 0.614290 0.765180 0.745681 0.919571 0.988531 0.909752 0.972853 1.215167 1.471307 1.383004 1.370318 1.381541 1.393387 1.373316 1.406659 1.345847 1.392071 1.475486 1.552930 1.863650 2.350104 3.310801 4.615785 6.211027 7.645072 9.053459 9.698325 8.655654 7.100541 5.000940 3.440228 3.386773 3.317173 3.140084 2.927758 2.270365 1.968432 1.454921 1.223927 0.974206 0.757681 0.521032 0.332183 0.395410 0.699966 1.038216 1.288360 1.441644 1.566714 1.597969 1.501901 1.377010 1.252709 1.198104 1.119392 0.950687 0.765189 0.520562 0.233148 0.181203 0.461433 0.849172 1.177847 1.439548 1.669083 1.784726 1.798974 1.685235 1.428566 1.184228 0.994323 0.847726 0.674660 0.511738 0.301936 0.118599 0.141251 0.389884 0.731576 0.993577 1.127999 1.028102 0.719970 0.619149 0.765082 0.923201
3.720143 0.007214 36.5007 0.000000 0.120203 0.320777 0.272709 0.232225 0.234215 0.186423 0.338480 0.393996 0.258256 0.220128 0.178540 0.068389 0.055670 0.134072 0.145500 0.082081 0.074512 0.103500 0.052508 0.062470 0.082213 0.198757 0.177703 0.192364 0.109342 0.240994 0.129950 0.039132 0.070900 0.111696 0.096272 0.145917 0.138876 0.196237 0.191101 0.083362 0.052301 0.191794 0.273450 0.299590 0.363918 0.294571 0.235201 0.271593 0.340912 0.206815 0.303076 0.321916 0.249677 0.214250 0.209672 0.159712 0.330682 0.251039 0.158981 0.077568 0.114805 0.083101 0.089300 0.091801 0.061147 0.053719 0.052351 0.041356 0.052293 0.072852 0.079237 0.071356 0.039217 0.025487 0.053157 0.105061 0.067455 0.023813 0.013002 0.089808 0.048886 0.041718 0.038989 0.057198 0.074252 0.063368 0.052269 0.058505 0.041735 0.025208 0.054203 0.052490 0.023347 0.012823 0.036992 0.079139 0.079960 0.075729 0.045361 0.035115 0.077223 0.080290 0.079831
3.770185 0.005109 10.0840 0.000000 0.237106 0.409090 0.208594 0.126142 0.276032 0.133120 0.312142 0.190753 0.240785 0.193705 0.103982 0.045881 0.045204 0.216093 0.088681 0.084559 0.118695 0.042668 0.131693 0.131606 0.053566 0.077690 0.224663 0.128780 0.195410 0.191014 0.059446 0.036358 0.056242 0.047744 0.165958 0.188497 0.132920 0.077128 0.086478 0.106251 0.098752 0.088673 0.116759 0.132721 0.080344 0.023345 0.070561 0.143060 0.119360 0.087724 0.077288 0.077900 0.071403 0.090135 0.163574 0.138643 0.075783 0.033567 0.097160 0.093371 0.051536 0.057436 0.053888 0.036347 0.033945 0.026237 0.049079 0.070987 0.054306 0.046703 0.035862 0.034704 0.075816 0.077464 0.041595 0.034719 0.057791 0.053923 0.049996 0.067041 0.048146 0.039531 0.046181 0.060122 0.091001 0.061208 0.012472 0.032054 0.052622 0.039235 0.041325 0.055202 0.062349 0.064215 0.074270 0.048498 0.030289 0.054406 0.044752 0.029876 0.008485 0.029510 0.051243
3.812214 0.005163 10.0776 0.000000 0.166173 0.394817 0.119705 0.040243 0.301182 0.223887 0.346595 0.186252 0.197525 0.194947 0.136895 0.071105 0.102255 0.139316 0.088362 0.065128 0.184351 0.082687 0.129256 0.143638 0.060886 0.094562 0.263032 0.059782 0.275680 0.080843 0.147296 0.086204 0.043732 0.083105 0.170720 0.086711 0.112960 0.041595 0.083216 0.064109 0.150156 0.134849 0.108763 0.186433 0.119207 0.058551 0.031938 0.133180 0.059125 0.062690 0.054434 0.037443 0.037547 0.107168 0.162431 0.118597 0.045391 0.058300 0.110171 0.072132 0.092346 0.106242 0.040829 0.017141 0.024760 0.015330 0.053890 0.065499 0.038273 0.053719 0.041525 0.066152 0.058493 0.029747 0.056134 0.050890 0.041478 0.046818 0.047127 0.061316 0.071617 0.055630 0.040798 0.064285 0.079924 0.067582 0.065596 0.053597 0.030850 0.031104 0.039423 0.060986 0.072793 0.057973 0.069656 0.055904 0.023147 0.041690 0.061891 0.046331 0.017897 0.035780 0.051791
3.867885 0.004862 24.6648 0.000000 0.127837 0.267655 0.031630 0.117968 0.294399 0.270612 0.115987 0.155795 0.228131 0.125253 0.142007 0.071395 0.086459 0.110679 0.110080 0.088966 0.150255 0.084948 0.153097 0.064084 0.046642 0.136942 0.207558 0.141129 0.150893 0.138151 0.185739 0.075817 0.054507 0.154646 0.131887 0.056041 0.107892 0.109995 0.095649 0.090034 0.076181 0.109667 0.201935 0.152930 0.077717 0.059210 0.127733 0.098118 0.065469 0.063775 0.087083 0.112107 0.092792 0.054162 0.120975 0.060499 0.036651 0.157652 0.073778 0.071030 0.107444 0.059117 0.028680 0.034525 0.024495 0.031138 0.075722 0.045605 0.022692 0.038182 0.082966 0.060360 0.076804 0.018818 0.062506 0.058837 0.035045 0.074350 0.082520 0.081660 0.024180 0.068718 0.075578 0.084611 0.066067 0.048877 0.048869 0.053556 0.037771 0.042474 0.073254 0.060466 0.061746 0.053116 0.025394 0.060850 0.081242 0.045181 0.016712 0.050691 0.069936 0.049318 0.033336
3.918009 0.004698 29.8572 0.000000 0.091503 0.196464 0.081674 0.137686 0.227611 0.364092 0.046040 0.075458 0.208283 0.092147 0.150421 0.119246 0.026627 0.167042 0.057352 0.083589 0.124183 0.111226 0.115936 0.066637 0.077123 0.143580 0.196968 0.098922 0.108729 0.094192 0.171970 0.200771 0.099118 0.112735 0.127864 0.116008 0.057626 0.063371 0.095440 0.077563 0.111115 0.126208 0.125332 0.228743 0.109645 0.066691 0.078693 0.153905 0.077928 0.038785 0.049120 0.089334 0.157294 0.123347 0.117639 0.076477 0.047587 0.065318 0.116888 0.076970 0.039961 0.093120 0.095756 0.047522 0.022441 0.039216 0.035210 0.016858 0.017976 0.040761 0.069436 0.070084 0.074435 0.086459 0.040326 0.035336 0.038175 0.032561 0.046784 0.090313 0.092139 0.073192 0.083954 0.063294 0.037985 0.057299 0.049772 0.033758 0.060344 0.046087 0.049007 0.081020 0.049078 0.014881 0.060040 0.052675 0.051139 0.061233 0.050889 0.035489 0.034200 0.065967 0.047416
3.967620 0.576081 216.9481 0.000000 11.801722 11.199881 10.439641 9.097246 7.654929 6.515974 5.552097 4.595608 3.674887 2.973956 2.257657 1.682264 0.940343 0.940797 1.594302 2.428410 3.050470 3.215165 3.220130 3.122089 3.106224 3.366799 3.935029 4.356974 4.828316 5.091773 5.035878 5.112317 5.228301 5.848580 6.692530 7.329828 7.221405 6.084160 4.697008 5.813310 10.479612 17.205449 24.439793 31.246134 37.109938 41.407324 43.460717 43.142879 40.784788 36.554011 31.112193 25.054759 19.114997 13.500559 8.812837 5.263960 3.347078 3.357648 4.187862 4.963326 5.259942 5.042939 4.490817 3.733971 3.309944 3.435260 3.910982 4.402293 4.656157 4.640272 4.383830 4.141477 4.224490 4.795804 5.727950 6.763585 7.703999 8.384830 8.741635 8.721437 8.489798 8.122237 7.686552 7.416208 7.242460 7.214563 7.343536 7.545876 7.668549 7.561179 7.199075 6.575296 5.626984 4.579195 3.576214 3.121297 3.357578 3.963868 4.466336 4.657786 4.501862 4.080115 3.708467
4.012568 1.091189 218.7358 0.000000 24.088160 8.410989 7.472382 8.301199 3.796022 11.825142 16.601378 15.656235 11.927516 9.536852 9.611655 10.584124 10.461268 6.855397 1.684958 3.865455 4.225589 2.079609 1.994418 4.557364 6.581318 7.180813 7.462334 6.901609 4.997107 4.857810 4.584938 3.838906 7.166709 9.892621 9.713402 6.224762 7.676663 12.568318 10.926655 11.481927 12.039700 18.908388 37.265148 28.073579 25.319731 90.923414 129.371886 117.434224 68.450106 22.223776 8.125778 7.685472 5.660270 10.078928 7.389811 7.588318 10.542126 8.005717 3.687920 2.271396 3.203992 4.217845 3.820254 1.908472 1.264335 1.839462 1.641064 1.819680 3.879391 6.591795 7.921651 7.631617 5.388255 3.445654 6.625146 11.052819 10.842951 7.636818 4.450345 5.943005 15.794371 28.206648 34.066936 29.094762 16.111588 7.764034 8.210168 6.902447 5.934821 8.706435 8.644265 4.169513 2.382395 3.877100 5.634456 6.035110 3.674630 2.860040 5.444956 7.332641 7.711927 7.650071 7.099026
4.065496 1.267943 215.4382 0.000000 22.214988 7.927796 9.085287 3.180372 1.247593 6.993021 12.496329 20.378450 16.765376 9.134433 9.684111 7.343085 7.561619 8.926144 3.288456 2.287391 2.757405 2.999200 6.665032 6.284870 3.055610 4.967614 4.353803 1.420925 6.234337 5.120108 4.265466 1.463479 2.895540 5.117913 7.104880 6.928899 11.000740 12.116205 7.203854 12.182813 18.396654 9.624753 20.996691 51.838439 47.664569 104.481633 186.597539 104.945507 77.110414 49.405928 12.780385 5.812046 7.223123 9.771152 2.951853 16.686938 4.193149 11.457425 6.430422 0.921705 2.640372 6.137542 7.882945 1.909142 2.434646 1.340958 4.452720 5.800492 6.342166 7.444821 7.568460 2.905169 8.141645 8.650817 3.761648 10.211634 14.299868 7.184604 10.285105 11.448181 14.363131 15.303656 29.815605 38.029281 28.789539 10.260360 6.114351 12.538785 7.368583 10.092665 16.253782 8.122229 3.703185 6.929992 5.833696 2.092512 4.854291 5.786811 3.901437 7.064724 8.235116 8.744417 6.102324
4.118001 1.279401 214.2783 0.000000 18.862463 10.071552 7.992527 4.204130 3.243223 5.422763 14.236396 19.047674 16.990200 9.168592 9.090767 7.755386 7.240196 8.514773 4.045305 3.250235 1.990275 4.157289 6.254934 5.634987 3.882909 4.708006 3.039746 2.571618 4.352587 4.288799 4.852486 1.745671 3.514193 5.558057 6.276849 9.770005 13.027861 12.250171 7.613813 11.189940 12.293534 19.502523 33.095372 46.657169 58.836095 126.604891 172.829888 92.595270 72.411090 36.731102 9.370899 6.007325 6.154607 11.126873 8.720749 12.778081 4.785189 8.215413 4.802921 1.848111 2.998070 5.195390 5.188009 2.822420 3.239612 4.325176 5.506780 4.260161 6.615007 8.628285 5.335233 5.054376 7.749582 4.996240 5.612810 12.610564 10.985024 7.932522 9.789984 12.841834 15.128473 20.945562 34.116177 33.609858 21.316919 8.367498 8.597065 10.312535 9.127074 13.433785 12.406886 5.026111 5.016768 7.029139 3.854817 2.832000 5.211611 4.812106 5.388580 7.784506 8.452954 7.518604 6.916548
4.165617 1.150693 214.2485 0.000000 14.666149 7.459732 5.090497 7.323990 9.213035 10.421621 15.010717 16.627703 13.487884 6.494692 7.593873 7.441490 7.019751 9.535269 7.530809 2.307541 4.935265 3.505520 8.670711 10.486164 8.704606 7.549281 3.077194 4.788117 3.992306 9.936392 8.409721 7.391742 9.928458 11.445821 10.789580 8.957254 14.707799 8.472697 11.964648 15.304366 4.633120 17.973087 35.231201 18.006618 55.144592 134.645810 135.292084 67.670161 60.516030 54.354933 22.857556 15.238277 14.667200 11.284873 14.299852 13.444100 6.331237 10.142987 6.651430 2.917395 4.352473 7.440632 4.544569 2.048382 3.960007 3.871120 5.849884 6.469461 7.268121 6.621180 3.345316 3.060023 6.368747 6.080826 5.805827 7.473625 8.483511 6.895178 9.252961 18.734528 17.189515 17.869094 26.917496 27.121233 22.694380 14.139632 8.170386 6.321159 8.991460 11.924746 9.311364 5.685518 5.291377 5.681168 3.414477 1.961136 3.899574 5.655269 5.605338 5.638271 6.531647 6.882337 6.695546
4.212641 0.677253 220.2232 0.000000 7.606711 3.890867 2.985112 2.811346 4.035719 3.798316 2.906045 3.828077 4.323720 2.733699 0.661858 0.750436 1.825624 2.438535 2.504978 2.202422 1.946102 1.767389 2.254284 3.063074 2.530584 1.338136 2.167958 4.158440 4.784945 4.760148 4.283340 2.182911 1.257794 2.493046 3.099215 4.678317 3.935045 7.451032 12.776264 16.475129 19.280683 17.164523 25.949068 30.865209 21.311875 50.403166 73.272437 73.595323 56.831171 32.235574 15.374236 2.347297 5.783621 4.021120 7.867060 12.733378 13.525659 9.798921 5.755334 4.051521 3.712379 3.724308 2.556496 1.008121 1.474028 3.461596 5.707173 6.685806 5.549506 4.650738 5.898769 6.925506 6.653370 5.837370 4.354973 3.141126 2.103401 0.814679 0.983669 2.885342 5.563117 8.513154 11.073348 10.711060 6.996792 4.778739 5.335846 3.565140 1.849831 4.360964 7.478917 9.484699 8.980336 6.547038 6.038259 6.718683 6.320749 5.086503 3.058072 2.704332 1.423287 0.769878 0.741193
4.265597 0.178072 195.0768 0.000000 3.771035 2.586327 2.091325 1.978095 2.329128 2.131381 1.804086 1.164082 0.758869 0.150148 0.784765 1.023593 1.008271 1.062137 1.126756 1.310082 1.479888 0.808278 0.532296 0.634768 1.103737 1.096038 1.461462 1.717153 2.227240 1.940125 1.746249 1.256583 0.579511 1.771564 3.468636 4.773908 5.119623 4.263949 3.138938 4.624638 8.316895 12.448701 15.681430 15.482327 13.268725 10.870065 8.892386 8.504902 6.443449 3.712575 2.231931 2.651303 3.474817 3.465873 3.501280 3.375682 3.255996 2.974289 2.749491 2.135062 1.889020 1.813609 2.051854 1.969107 2.114957 2.210152 2.301627 2.410330 2.407820 2.081370 1.626672 1.371760 1.627149 1.988186 2.069596 1.903764 1.317128 0.910263 1.298572 1.720224 2.205014 2.345853 2.201918 1.730271 1.135884 0.713287 0.394740 0.501322 0.903966 0.946146 1.049318 1.106702 1.016056 0.819614 0.751211 1.111234 1.104688 0.780649 0.414516 0.795305 1.259113 1.416284 1.453243
4.312672 0.011404 194.4300 0.000000 0.118734 0.316391 0.282435 0.319819 0.312763 0.100446 0.500153 0.115034 0.229950 0.103866 0.114081 0.037345 0.220892 0.086110 0.128411 0.120700 0.135453 0.221844 0.059758 0.115851 0.313401 0.171701 0.182651 0.103723 0.247508 0.181138 0.140668 0.274976 0.223103 0.139885 0.266484 0.296523 0.300972 0.300736 0.389457 0.350136 0.491616 0.747166 0.771012 0.532360 0.170495 0.295648 0.647816 0.637151 0.624295 0.500840 0.132501 0.302395 0.432945 0.391440 0.248160 0.275425 0.317134 0.211123 0.139213 0.081494 0.089838 0.183552 0.167596 0.033186 0.042929 0.052157 0.058809 0.098417 0.085914 0.122024 0.089283 0.083529 0.107720 0.101173 0.132416 0.098657 0.081981 0.106667 0.050672 0.047058 0.078898 0.089761 0.047809 0.075756 0.122736 0.115977 0.075929 0.135155 0.161882 0.128171 0.080486 0.061240 0.161462 0.189188 0.128138 0.109894 0.086719 0.109186 0.144175 0.156138 0.169147 0.151163 0.113598
4.364940 0.005674 10.1421 0.000000 0.170009 0.464192 0.320223 0.083864 0.325411 0.233428 0.383956 0.188352 0.200054 0.109441 0.093430 0.085557 0.153339 0.062083 0.082255 0.206124 0.203357 0.195961 0.077489 0.123996 0.195930 0.121181 0.135363 0.074458 0.092697 0.063272 0.063134 0.149476 0.168201 0.116770 0.102430 0.092773 0.080802 0.091292 0.093089 0.075492 0.166558 0.177155 0.090053 0.056328 0.075917 0.088607 0.106292 0.163808 0.154844 0.136135 0.094886 0.019249 0.071934 0.111551 0.128917 0.231373 0.165188 0.120698 0.098762 0.086874 0.106370 0.059298 0.052568 0.054743 0.039527 0.023269 0.036309 0.027826 0.049244 0.066406 0.052085 0.048337 0.054512 0.092714 0.054595 0.024112 0.030497 0.071214 0.049028 0.034526 0.028807 0.057158 0.016799 0.043410 0.065808 0.052204 0.068606 0.101940 0.069863 0.087311 0.048019 0.037321 0.083817 0.046998 0.072270 0.076307 0.030370 0.033475 0.017830 0.031410 0.064950 0.056568 0.028669
4.412627 0.005509 24.9269 0.000000 0.159062 0.328041 0.194648 0.115073 0.389997 0.302534 0.138632 0.356241 0.204974 0.284064 0.218060 0.139575 0.144345 0.178989 0.080507 0.317008 0.148011 0.149621 0.052519 0.101917 0.181912 0.145880 0.159751 0.093760 0.045647 0.043525 0.040275 0.157246 0.112580 0.058506 0.080727 0.088469 0.108453 0.110674 0.144241 0.132659 0.171539 0.155633 0.031243 0.043040 0.113893 0.121795 0.104460 0.105740 0.115780 0.098210 0.029823 0.052809 0.114019 0.131104 0.174314 0.133775 0.134189 0.119670 0.071903 0.069433 0.046412 0.060348 0.049623 0.016468 0.021712 0.017259 0.025055 0.043329 0.065814 0.076682 0.085800 0.066712 0.037225 0.022042 0.043984 0.038248 0.040492 0.014413 0.012756 0.021447 0.035934 0.028320 0.058368 0.074030 0.040257 0.021423 0.021812 0.021025 0.021644 0.015836 0.032002 0.058753 0.080823 0.063666 0.032205 0.041455 0.030634 0.013416 0.026955 0.067874 0.071515 0.049321 0.045927
4.462204 0.005345 39.8935 0.000000 0.208782 0.291905 0.162253 0.109658 0.167377 0.086539 0.249560 0.515872 0.080395 0.319519 0.126045 0.210125 0.127049 0.155634 0.083178 0.244959 0.220982 0.079820 0.151226 0.117340 0.160345 0.064799 0.159377 0.043143 0.094955 0.102778 0.098333 0.174537 0.110635 0.110153 0.181829 0.106679 0.100789 0.032461 0.057615 0.071816 0.106030 0.198815 0.105091 0.074250 0.125087 0.130716 0.088430 0.113564 0.074597 0.072378 0.021469 0.041271 0.114318 0.084471 0.118663 0.110485 0.153315 0.128967 0.091237 0.061109 0.044794 0.036640 0.038188 0.036946 0.048078 0.050528 0.026794 0.030922 0.059848 0.099506 0.088569 0.049600 0.045698 0.026030 0.022368 0.052705 0.018108 0.017279 0.027213 0.051399 0.044274 0.017287 0.048960 0.080051 0.056205 0.038833 0.030138 0.017883 0.030791 0.045878 0.060882 0.043811 0.027148 0.030073 0.019778 0.032368 0.019955 0.016219 0.034256 0.066102 0.078901 0.067002 0.044628
4.512658 0.005270 40.3903 0.000000 0.199973 0.268648 0.201668 0.079967 0.078876 0.190347 0.253947 0.439622 0.180374 0.268037 0.159323 0.182009 0.197906 0.073645 0.167601 0.212633 0.191578 0.110505 0.113894 0.022752 0.119662 0.184843 0.121594 0.136869 0.070181 0.147205 0.102765 0.167396 0.109119 0.093983 0.115885 0.144936 0.108892 0.073747 0.113420 0.074577 0.075060 0.148531 0.088178 0.078579 0.123243 0.197729 0.100164 0.048249 0.104484 0.056630 0.065502 0.090337 0.088599 0.065687 0.090117 0.098547 0.112981 0.129051 0.104253 0.080780 0.046959 0.045070 0.054537 0.078164 0.084775 0.053281 0.049361 0.063507 0.054937 0.053773 0.108782 0.094221 0.041434 0.050029 0.026871 0.029658 0.035988 0.021696 0.047094 0.042753 0.031457 0.036199 0.031116 0.059924 0.083054 0.049889 0.036174 0.025448 0.010374 0.018272 0.035738 0.048003 0.043123 0.042024 0.020927 0.037115 0.010495 0.037165 0.030997 0.029505 0.059101 0.072594 0.082981
4.560013 0.533213 215.5911 0.000000 7.146613 6.844062 6.829716 6.513755 6.189476 6.031889 5.665097 4.953267 4.932958 4.731417 4.936429 4.837364 4.902118 4.478479 3.946341 3.556722 3.091386 2.741009 2.590639 2.651307 3.169139 3.444843 4.084426 4.491960 5.059232 5.782344 6.643821 7.819098 9.185114 9.895224 10.246817 9.984458 8.787212 7.552227 7.360346 9.902469 14.351522 19.944161 25.216160 30.108000 33.908972 36.849556 37.804574 37.413174 35.696457 32.748081 29.037405 24.977672 20.721437 16.459707 12.562827 9.032390 5.986383 3.250571 0.965937 1.092941 2.274385 3.123033 3.520668 3.721567 3.502936 3.324104 3.116305 3.201217 3.229744 3.324867 3.398530 3.117251 2.637999 1.838569 0.736104 0.571581 1.821573 3.112736 4.354762 5.260272 5.967571 6.226040 6.208225 5.914635 5.288235 4.422413 3.545279 2.505380 1.487218 0.852844 1.271158 2.036606 2.856413 3.639312 4.297549 4.747326 5.040136 5.034912 4.857279 4.515109 3.990804 3.373124 2.710367
4.610101 1.095573 217.3991 0.000000 27.250101 18.136949 7.333395 6.592241 12.164189 13.434333 12.384537 10.927070 9.740954 8.853426 7.972917 7.132394 7.700939 9.693672 8.801966 4.761451 2.891994 6.929749 8.635481 9.459275 9.604730 6.629382 3.299249 6.424315 9.654751 7.698649 3.822766 4.727048 7.371144 10.399227 14.067101 10.411222 5.891672 8.736215 10.702299 10.697658 6.090304 13.965519 33.311953 28.726934 30.366176 75.577367 121.252620 122.938118 82.777357 31.066979 14.398130 10.449532 10.815219 20.013239 20.146171 8.453588 6.629232 9.165365 6.923274 5.940458 5.200667 1.291607 4.418410 6.859436 5.783928 2.606838 1.899339 3.818783 4.285438 3.450879 3.674891 6.345342 9.751964 10.257103 7.731759 7.097732 9.674942 14.554167 19.585797 18.229225 10.964948 15.702432 26.173046 28.420417 22.415546 13.428544 6.488384 3.868646 4.491327 5.989477 7.293965 7.483121 6.692892 6.765973 6.949163 4.711619 2.278306 2.985012 2.891803 4.756252 8.454857 8.650001 5.890891
4.661058 1.309156 213.5255 0.000000 26.827087 10.037198 11.206272 8.626887 7.947929 15.725841 11.335165 11.662824 16.496864 13.758041 9.090774 6.375526 5.488810 5.355079 5.470623 6.703060 5.485613 4.107340 5.411014 7.044792 7.236710 3.999006 3.278878 4.121430 8.069108 6.064639 6.663132 2.481904 3.446853 10.176317 8.790151 15.376940 6.995272 12.110143 6.191544 8.758656 14.839325 17.448627 29.763560 42.760218 60.691634 163.957168 161.508854 71.138659 32.629760 16.872854 6.265193 8.310231 13.756440 15.384268 11.090259 5.077632 5.869412 1.984917 1.995005 6.105871 2.521430 5.338007 1.011051 7.842510 7.509991 2.568730 3.016334 9.506680 8.365214 3.497113 7.154722 6.754178 13.313424 10.717816 4.428219 13.238045 18.433595 22.721285 18.333984 13.153612 15.997871 22.759489 29.845281 22.209683 9.133083 6.713282 3.731870 7.419252 8.620562 5.392292 7.979471 8.506225 5.588216 8.582050 1.494824 4.579995 2.897075 4.332380 10.338563 9.755778 4.327729 0.695801 0.650488
4.712933 1.322558 216.2178 0.000000 26.377943 10.391325 11.302533 8.842618 7.807445 15.772345 11.316721 11.324268 15.735513 15.133859 9.984420 5.759744 5.841758 5.415897 5.271393 6.961242 5.903061 4.441422 4.195968 7.531376 8.046174 5.208119 3.487889 3.279055 6.478615 7.161808 6.358238 2.371713 1.259594 5.935206 9.751529 12.884337 7.526616 7.232748 8.420126 8.424429 13.323048 7.887112 31.175254 40.767586 37.010255 131.073383 191.269947 108.534425 45.133217 25.205515 8.089537 6.052071 11.229031 14.444838 16.276257 8.856745 6.222951 4.244239 2.185093 1.914606 5.793146 2.520125 5.128277 1.762385 8.095013 6.223724 3.188537 5.646826 9.523508 6.177324 5.070085 6.240410 8.007815 12.476605 8.811231 4.991861 14.226023 19.001287 22.676389 17.598146 13.134798 16.103559 22.993095 30.275410 21.754697 9.042090 5.868421 2.715571 7.056053 9.545048 6.713508 6.600139 9.309422 5.899589 8.462919 2.416634 3.417082 3.752678 3.784193 9.002364 11.614088 3.907880 2.862975
4.765460 1.221429 219.9795 0.000000 22.783629 6.963516 6.039040 8.489330 1.146109 13.063337 14.451884 13.776130 19.945730 17.379696 7.385298 4.939439 8.427315 8.032294 6.421942 9.118072 8.019054 7.111610 5.337403 7.465134 6.687106 4.392655 3.371943 5.127841 2.679514 4.609004 8.422646 10.232765 8.856557 10.579465 14.619651 12.651823 11.364870 5.631742 15.441993 13.014097 6.426195 12.806239 18.068710 20.881610 30.147225 55.372854 149.115517 160.320830 86.757768 37.038531 41.236689 20.720320 16.009415 15.926851 9.726984 8.506971 3.373838 6.124029 1.809007 1.277628 0.959585 5.518080 3.932162 5.337558 3.294280 7.859075 8.887325 5.125447 3.246514 10.899646 9.477898 7.129155 6.237784 5.597686 9.920098 10.662475 3.347826 13.910940 17.947249 20.430078 20.325901 15.057020 14.232217 14.117960 24.792764 28.539114 16.011539 8.403143 8.100516 3.939530 11.263907 8.809623 5.350079 6.647501 8.488076 2.917793 10.124510 4.420426 3.415163 7.255364 8.721235 9.332650 6.577532
4.812991 0.760395 217.2703 0.000000 10.486579 7.270621 5.510850 6.398131 7.271936 6.691089 4.674063 3.005296 2.670740 4.167629 6.021289 4.745637 4.199976 4.161330 3.572510 5.703731 6.073818 4.596651 5.487968 6.956789 5.368101 1.554464 4.583002 6.323370 4.016724 4.208279 5.575875 6.329082 6.954185 7.312959 6.173483 6.998817 10.578870 11.643365 9.629796 8.155995 6.161597 10.394501 21.034882 16.818158 27.974373 62.028956 81.485575 79.199616 65.645262 46.780432 27.781869 14.160032 9.155439 8.651276 9.393831 9.053530 5.573308 3.812140 5.511652 6.298563 6.072970 5.444390 3.351301 3.910008 6.929587 7.066762 4.655203 3.021289 4.120458 4.893558 3.619878 2.032365 0.866246 0.705781 2.317338 5.221362 8.045818 8.942865 6.903559 4.733830 6.799508 9.056866 8.863365 9.023079 9.100911 7.364554 5.287392 4.479612 4.724682 5.276761 6.211077 5.806143 3.426250 1.135072 1.466184 2.831916 5.696716 6.047908 3.994143 3.278257 2.923625 2.835115 4.773049
4.860478 0.189753 203.3355 0.000000 0.583683 0.538567 0.707071 0.670928 0.769764 0.536918 0.607175 0.643172 1.431384 1.822365 1.765669 1.334441 0.747060 0.412237 1.007662 1.475315 1.932472 2.158253 2.424662 2.669989 2.819709 3.078458 3.322430 3.537730 3.459761 2.935104 2.633106 2.511055 2.401708 2.169673 1.955440 1.854860 2.033329 2.631057 3.601110 4.858778 6.502855 8.915983 12.255992 15.946632 17.647124 16.276875 13.075114 8.683136 5.926463 4.824423 3.842723 3.317268 2.916402 3.069633 3.039316 3.418596 3.127692 3.124409 2.737483 2.480923 2.028680 1.474474 0.893660 0.303558 0.069306 0.379399 0.370949 0.513382 0.919963 1.548909 1.755589 2.013001 2.056273 1.868326 1.800593 1.569397 1.508637 1.371598 1.310904 1.160874 1.051977 0.906103 0.928939 1.055021 1.211536 1.207383 1.251715 1.370897 1.620935 1.899599 1.999844 2.125394 2.228976 2.256992 2.188105 2.071493 1.959077 1.643907 1.295922 0.968231 0.779978 0.972396 1.518050
4.910250 0.012362 200.9259 0.000000 0.120079 0.247211 0.247513 0.144429 0.095012 0.304883 0.330978 0.200760 0.041779 0.323583 0.136167 0.133239 0.263576 0.215922 0.252619 0.138161 0.165435 0.174476 0.157165 0.183119 0.198797 0.261487 0.224282 0.353802 0.317847 0.360038 0.175767 0.282748 0.337048 0.321148 0.385251 0.154577 0.258220 0.360481 0.186348 0.514628 0.624796 0.668927 0.811679 0.847977 0.410686 0.329899 0.727796 0.733024 0.770738 0.426769 0.226777 0.236720 0.383369 0.376869 0.134189 0.116883 0.272674 0.158245 0.084197 0.080581 0.095277 0.149602 0.154189 0.035965 0.064331 0.072837 0.118158 0.071410 0.142745 0.134624 0.092227 0.059245 0.028154 0.072771 0.068698 0.052344 0.064076 0.079096 0.041395 0.056338 0.057412 0.075570 0.077189 0.066278 0.023580 0.029607 0.013643 0.075751 0.152590 0.131787 0.090167 0.067097 0.061981 0.101637 0.146085 0.116904 0.046452 0.095422 0.127282 0.138034 0.116910 0.122358 0.078802
4.961591 0.004795 44.8645 0.000000 0.080856 0.064575 0.018236 0.059970 0.153339 0.052653 0.157787 0.173697 0.273639 0.250646 0.141180 0.108871 0.162251 0.085434 0.141671 0.060494 0.138751 0.057780 0.096415 0.093052 0.054157 0.151418 0.101851 0.111936 0.018461 0.099027 0.071599 0.090597 0.113119 0.176604 0.197416 0.115111 0.069804 0.072279 0.208163 0.135206 0.119787 0.217826 0.150898 0.106262 0.148408 0.187769 0.183810 0.101742 0.078193 0.090235 0.062449 0.065130 0.071351 0.111409 0.131508 0.091765 0.202572 0.110878 0.076263 0.058622 0.073126 0.087708 0.124599 0.110516 0.090541 0.062212 0.029242 0.041512 0.083476 0.059632 0.084152 0.061974 0.048033 0.064105 0.089049 0.105085 0.066303 0.055763 0.054475 0.034825 0.069503 0.090140 0.073941 0.053574 0.021146 0.056123 0.087099 0.053610 0.031565 0.021897 0.034857 0.027238 0.017388 0.016511 0.027327 0.033524 0.058883 0.072593 0.050955 0.020132 0.036451 0.041928 0.029843
5.011473 0.004251 54.8643 0.000000 0.031212 0.054750 0.043186 0.066672 0.139871 0.067871 0.209108 0.204502 0.134458 0.106904 0.290813 0.080452 0.138355 0.156628 0.124662 0.109961 0.084080 0.049384 0.073602 0.085981 0.074123 0.142686 0.155774 0.109569 0.058665 0.094229 0.062551 0.109757 0.086265 0.074578 0.114729 0.206949 0.109429 0.101524 0.078774 0.075196 0.128947 0.133288 0.122732 0.081166 0.051674 0.096753 0.132536 0.083509 0.082400 0.083386 0.093629 0.115302 0.141023 0.068956 0.021519 0.085582 0.110810 0.031816 0.056184 0.086028 0.086817 0.063034 0.120489 0.090014 0.085443 0.057391 0.025454 0.041100 0.080934 0.075058 0.066606 0.047303 0.042089 0.038317 0.050226 0.082322 0.108012 0.080077 0.060928 0.044216 0.089016 0.083911 0.068594 0.059235 0.048782 0.069761 0.036852 0.034043 0.048946 0.041096 0.054760 0.024104 0.019349 0.040309 0.041438 0.050858 0.047376 0.051458 0.059527 0.058765 0.057879 0.046271 0.016789
5.060481 0.004573 40.5058 0.000000 0.030351 0.059093 0.125407 0.048473 0.106779 0.126415 0.145821 0.331145 0.109261 0.224015 0.150994 0.100982 0.111306 0.199292 0.194936 0.092278 0.097550 0.065451 0.075980 0.055128 0.046721 0.060288 0.150595 0.146905 0.114294 0.101094 0.110160 0.092342 0.160417 0.107508 0.099581 0.134722 0.150928 0.153278 0.103341 0.066847 0.094810 0.109593 0.096400 0.112621 0.079548 0.080654 0.084724 0.131903 0.136462 0.073107 0.081030 0.123194 0.152823 0.121094 0.053140 0.036574 0.071279 0.067077 0.060322 0.064026 0.062784 0.099495 0.105156 0.107392 0.135624 0.091838 0.032901 0.054088 0.077561 0.086364 0.096378 0.056696 0.051775 0.055575 0.064431 0.057712 0.068794 0.117231 0.068415 0.084623 0.055769 0.109180 0.060755 0.060892 0.088164 0.031822 0.047485 0.083011 0.048670 0.041671 0.045519 0.052807 0.038442 0.027425 0.069888 0.045879 0.031819 0.041567 0.042339 0.042487 0.038552 0.087987 0.050107
5.110145 0.004776 40.2760 0.000000 0.026535 0.092942 0.113376 0.075318 0.050625 0.190452 0.157445 0.302142 0.120225 0.247925 0.150012 0.081430 0.124732 0.149274 0.185413 0.070545 0.105532 0.059698 0.076051 0.091156 0.172142 0.128255 0.130533 0.153718 0.169290 0.177551 0.174293 0.173527 0.148930 0.098475 0.160102 0.050260 0.159699 0.142481 0.056842 0.085772 0.068766 0.119042 0.088527 0.120138 0.062561 0.088905 0.065301 0.140349 0.111785 0.115457 0.065192 0.139107 0.169813 0.105982 0.063216 0.071867 0.062143 0.072936 0.093282 0.042865 0.075342 0.102400 0.113894 0.136201 0.114800 0.083163 0.096526 0.082185 0.067016 0.103214 0.073370 0.055037 0.052354 0.043018 0.047824 0.070746 0.116933 0.108759 0.076161 0.051921 0.059115 0.087806 0.102905 0.067279 0.061626 0.055975 0.051359 0.055795 0.037662 0.042509 0.052552 0.050806 0.042062 0.058579 0.051746 0.037354 0.027169 0.036716 0.043222 0.029028 0.066924 0.071870 0.024050
5.158502 0.639533 219.7033 0.000000 6.412284 6.394719 6.478195 6.337023 6.151052 6.219734 6.193452 6.309075 6.442492 6.569168 6.667861 6.635970 6.433123 5.855350 4.775915 3.699763 2.664746 2.233926 2.682624 3.373334 4.005821 4.261968 4.196415 4.125956 4.299151 4.776575 5.488959 6.116528 6.362991 6.412642 6.550283 7.239961 8.263442 8.740921 8.132387 5.651579 3.797381 7.745491 16.145276 25.588148 34.843473 42.653822 48.051683 50.430584 49.558076 45.762329 39.595662 32.077722 24.223044 16.576177 10.303846 5.648257 3.854560 4.375087 5.457718 5.869255 5.779146 5.055834 4.226433 3.463565 3.178980 3.428554 3.514219 3.599890 3.228531 2.731383 2.408227 2.526477 2.860764 2.908083 2.532571 1.714564 1.528216 3.091480 5.667841 8.354378 10.885266 13.057034 14.740576 15.790227 16.155185 15.793315 14.815721 13.306890 11.289406 8.921785 6.480783 4.441304 3.681845 4.477584 5.739305 6.474975 6.612110 6.005851 4.896684 3.689362 2.976178 2.856637 2.977150
5.208477 1.129791 218.2522 0.000000 24.848213 10.345438 7.981909 4.381235 8.944888 18.887528 20.845191 17.616245 13.982552 8.605275 3.778130 6.314224 6.652421 6.319330 8.049055 6.104450 2.038985 2.067546 3.420898 5.809399 6.237329 5.512539 4.870293 2.898893 3.789642 9.213005 13.241348 12.423806 6.702742 4.182430 9.501891 10.790145 9.911992 13.672835 12.645716 13.067799 21.523324 20.964933 31.929289 39.193747 33.348130 73.150298 128.182379 128.009099 79.948037 27.013666 8.787376 12.590856 13.809105 12.481117 7.383845 6.558839 6.124223 3.426376 3.704444 5.440734 6.148775 4.691146 2.902516 4.293746 6.493049 7.063646 5.962168 4.060639 3.329235 4.048224 5.102214 5.129738 5.128970 6.786657 9.075666 9.625889 8.050589 10.969642 17.375532 19.576511 16.395206 18.201811 26.946187 32.934512 29.912600 19.010372 9.812417 9.409654 7.314071 6.216423 7.312835 5.293676 7.413712 8.548204 4.421296 5.189943 7.559354 6.849669 4.658062 2.260343 1.983070 1.453858 1.731561
5.255614 1.290394 212.2473 0.000000 24.833216 7.523441 5.825826 2.822199 10.305854 14.287598 21.379517 23.554432 11.168380 7.107569 6.150127 5.536449 3.619231 3.670573 5.761096 7.160447 4.500164 1.418734 2.728356 3.155867 3.496251 4.408959 4.612075 3.942124 5.205428 10.473321 11.040987 7.875885 8.287821 8.774483 7.752070 4.537622 2.749907 4.484368 8.388615 11.417554 21.709042 23.341779 33.611847 56.601307 59.854647 133.452953 155.133378 96.638946 70.987158 34.708851 15.434881 15.012307 13.980581 10.871760 8.188968 4.045618 5.404579 8.200611 7.931757 3.892240 4.156140 4.430149 6.314070 4.278779 4.440250 8.223376 6.447301 6.025380 1.125784 4.857244 6.573151 4.409817 7.956930 8.054440 6.886900 16.340745 13.888122 16.259726 16.364332 15.928466 21.415897 17.133434 29.851783 36.215728 24.555185 16.835145 16.323270 16.789991 9.300939 5.970746 6.761472 7.881684 7.046442 3.804221 7.369406 5.540503 4.440876 5.151229 5.724462 3.720804 1.864608 1.275463 1.112504
5.310231 1.296367 217.5642 0.000000 22.002507 9.061806 8.285236 1.736415 9.203412 13.243740 20.658738 24.043279 13.938179 7.732193 6.161670 6.068845 4.290605 2.697350 5.158838 7.390502 5.321343 2.790707 1.574754 3.326459 2.974385 3.486405 4.720560 4.960708 3.514379 7.761139 11.113780 9.923970 7.208595 8.884319 9.035693 5.889957 2.318280 3.331803 7.688742 9.873762 10.466564 21.024424 28.499720 36.563904 56.496773 63.203614 130.438913 157.205576 103.734865 71.205511 41.165524 17.375386 15.032682 14.323145 11.809825 7.548586 4.798691 4.093618 7.464366 8.795252 4.789803 2.586265 3.912706 5.481589 5.327716 3.555956 5.597508 7.526745 6.579757 3.814164 2.224234 5.131012 5.835301 5.849892 7.777739 7.071102 9.017187 15.411752 15.266885 16.147282 16.077092 16.202585 21.398057 17.519565 29.803104 36.624072 24.408989 17.325867 15.734430 17.144490 10.169294 6.310910 6.377038 7.420174 8.606350 2.277282 8.565445 5.345416 5.042684 3.947392 6.846845 4.431847 2.343348
5.360489 1.139932 220.2931 0.000000 21.903933 15.094595 5.764155 6.392417 10.037344 9.831623 14.468403 17.620628 13.683751 6.074428 5.343115 5.230838 6.749515 7.805495 8.686158 8.728636 6.338390 3.307084 1.900619 1.463513 2.577352 5.425851 8.082851 8.371050 7.417936 9.144225 10.255819 6.292641 2.758090 2.638772 4.210461 6.272128 8.590164 6.926750 7.705454 13.210405 9.466164 10.333989 28.820573 44.570474 16.458362 36.039314 106.056194 149.148473 96.975962 46.041171 69.882114 51.461158 20.808442 14.828252 11.349876 3.713175 8.240399 7.426159 4.319265 10.263735 12.086969 6.821516 6.538045 7.298497 8.166066 5.497471 5.537429 7.346200 6.344659 4.227823 2.196234 2.270714 4.610615 5.856538 7.179658 7.854371 5.403426 8.240013 16.820579 18.670944 12.751268 7.596714 6.655842 8.370502 4.054325 16.694301 26.255335 23.456639 22.779895 24.423182 12.920200 10.391551 10.501166 10.024819 9.364397 3.740481 5.289722 2.511238 2.050806 2.187143 1.475488 4.586727 6.610660
5.405528 0.660707 219.6226 0.000000 7.930518 3.058000 5.582205 6.284414 5.842493 5.531678 4.274895 2.564314 2.356277 2.742928 3.006724 2.265053 1.643016 1.625582 2.188459 2.813122 2.943713 2.772062 3.159748 3.087535 2.841514 3.386949 3.979143 4.431890 4.166772 2.651442 1.267360 1.082948 2.079236 3.896379 4.996698 5.713850 7.490875 8.682567 11.912797 16.680844 15.758420 16.871193 26.356093 22.370425 16.976121 47.682772 65.727481 69.622267 60.875167 41.748997 23.898966 9.807938 0.947732 4.184081 4.346191 7.547872 9.653228 9.703259 9.796666 10.193442 8.833689 7.019761 5.021628 4.251886 5.507006 5.088188 2.692432 1.438725 1.558115 1.545347 1.078963 2.547730 3.935997 3.251393 3.198465 5.711234 8.372935 9.899756 10.472067 9.310565 7.603573 7.696031 7.792117 5.706470 3.502602 2.468646 3.088215 5.991106 8.765271 10.116385 9.214602 6.350425 2.962470 2.593637 5.197932 5.543113 4.727110 3.067742 0.954605 1.150429 1.564454 1.795902 1.386127
5.450224 0.138773 197.4698 0.000000 3.217674 3.121461 2.315099 1.765626 1.164164 0.742143 0.799769 1.281246 1.360292 1.140542 1.057205 0.805317 0.726522 0.699189 0.820876 0.957464 1.054263 1.303954 1.332284 1.342090 1.164096 0.678117 0.807267 1.074667 1.405972 1.586757 1.836538 1.999492 2.127544 2.100032 1.746655 1.329796 1.800065 3.128483 4.968568 6.768631 8.734462 10.579209 11.889200 11.839307 9.626090 6.773188 4.749020 4.623239 4.902942 4.129168 3.397592 2.478429 1.693395 1.405811 1.441096 1.614594 1.448534 1.564944 1.624645 1.652730 1.356498 0.916557 0.669101 0.726787 0.928483 1.070931 1.157033 1.029322 0.816780 0.596290 0.434612 0.521865 0.636012 0.801215 1.031543 1.120274 1.148764 1.169012 1.010302 0.779903 0.528274 0.559769 0.729199 0.942436 1.063093 1.063128 0.858650 0.614902 0.678431 0.582754 0.444527 0.158247 0.473789 0.669889 0.890529 0.982536 0.712783 0.386769 0.154099 0.335452 0.236728 0.276498 0.601957
5.505435 0.009680 199.4937 0.000000 0.204348 0.239587 0.126332 0.185314 0.251125 0.174838 0.112276 0.096386 0.265383 0.150216 0.164450 0.079464 0.051213 0.129165 0.144704 0.142836 0.093942 0.307720 0.249903 0.139771 0.339513 0.296207 0.151845 0.200857 0.203799 0.319627 0.232558 0.158548 0.194974 0.226254 0.153070 0.185737 0.168287 0.123252 0.326354 0.118254 0.369351 0.505650 0.548156 0.589723 0.275149 0.161822 0.408649 0.602155 0.492434 0.526949 0.379261 0.119970 0.209995 0.399244 0.343529 0.114714 0.132085 0.177121 0.145816 0.153552 0.116843 0.143207 0.112237 0.154103 0.075882 0.080038 0.128886 0.085916 0.143655 0.156753 0.085017 0.064467 0.127912 0.099631 0.055604 0.066373 0.094833 0.083217 0.036364 0.041600 0.058733 0.037519 0.024827 0.036619 0.025306 0.049326 0.105540 0.104494 0.081524 0.130179 0.167283 0.145016 0.130807 0.150986 0.099025 0.084040 0.096156 0.097227 0.091535 0.113896 0.086741 0.076583 0.085110
5.557396 0.005087 29.0744 0.000000 0.203665 0.070425 0.107102 0.200100 0.226587 0.256383 0.169265 0.174641 0.142158 0.091023 0.101096 0.109131 0.090693 0.066477 0.096197 0.071357 0.154028 0.249038 0.137827 0.135137 0.119896 0.094927 0.117546 0.048066 0.043596 0.141311 0.140493 0.104998 0.101701 0.075115 0.019819 0.117730 0.150556 0.163109 0.137930 0.108505 0.110331 0.078332 0.150950 0.138709 0.068235 0.077893 0.183728 0.185022 0.118500 0.067253 0.106370 0.151517 0.193084 0.210801 0.104661 0.094602 0.107588 0.030396 0.055527 0.149989 0.117253 0.094024 0.010934 0.072169 0.091239 0.081042 0.058600 0.115251 0.065636 0.102727 0.036141 0.052170 0.070526 0.070603 0.051417 0.078671 0.054919 0.071236 0.063291 0.046995 0.031943 0.011818 0.069414 0.057891 0.044809 0.022393 0.032601 0.025846 0.036119 0.075065 0.057054 0.053341 0.009687 0.059869 0.035324 0.067621 0.023724 0.069978 0.033465 0.053685 0.016501 0.030908 0.034685
5.605435 0.004589 39.8636 0.000000 0.191211 0.044775 0.114547 0.249228 0.170879 0.155862 0.281574 0.290325 0.105322 0.047903 0.153695 0.166204 0.067543 0.143973 0.050691 0.204557 0.105747 0.235547 0.202938 0.110101 0.157962 0.050719 0.079030 0.084714 0.046873 0.076233 0.121493 0.090672 0.046475 0.083825 0.098754 0.108016 0.195714 0.074771 0.075942 0.031379 0.062856 0.082594 0.042716 0.029759 0.060766 0.055412 0.049717 0.046794 0.095779 0.073526 0.078011 0.080999 0.051217 0.044921 0.092415 0.087211 0.055118 0.077113 0.078560 0.061311 0.103111 0.146551 0.095152 0.103204 0.055881 0.096966 0.053175 0.053724 0.089588 0.083754 0.073031 0.070856 0.035305 0.023233 0.057342 0.090041 0.096210 0.082475 0.033136 0.058218 0.067893 0.060416 0.068030 0.035635 0.046395 0.066746 0.059291 0.047731 0.030115 0.025925 0.013725 0.028865 0.053105 0.047554 0.027707 0.033983 0.050049 0.043769 0.050123 0.050922 0.044470 0.048149 0.036609
5.655973 0.004369 36.0201 0.000000 0.110143 0.080879 0.044163 0.098141 0.049339 0.075240 0.317957 0.231447 0.157303 0.090920 0.144574 0.211048 0.109257 0.091358 0.079475 0.054677 0.150634 0.146551 0.077283 0.171339 0.188016 0.116217 0.112853 0.034799 0.048481 0.071345 0.081111 0.116130 0.084143 0.043939 0.042170 0.194277 0.168820 0.112686 0.100795 0.067225 0.123672 0.071836 0.106204 0.057461 0.039346 0.055941 0.080753 0.074726 0.104874 0.099407 0.089426 0.073592 0.089158 0.077108 0.065415 0.079891 0.083932 0.076424 0.039172 0.015482 0.037270 0.052440 0.077943 0.114575 0.094635 0.061692 0.060824 0.068451 0.070471 0.050840 0.107131 0.050615 0.027926 0.077244 0.035775 0.015834 0.035553 0.087909 0.069880 0.109510 0.017820 0.041508 0.059714 0.076403 0.045818 0.057727 0.050859 0.058699 0.071101 0.055314 0.046271 0.033737 0.022943 0.023179 0.049999 0.070599 0.064173 0.052219 0.045211 0.038396 0.041115 0.063252 0.058182
5.705518 0.006849 35.1092 0.000000 0.044702 0.092627 0.135850 0.146850 0.220362 0.163649 0.370269 0.265697 0.313960 0.249465 0.306179 0.299967 0.203404 0.241525 0.126558 0.143380 0.343056 0.176250 0.075142 0.347913 0.137179 0.200242 0.217601 0.155101 0.085010 0.101076 0.183437 0.301258 0.231268 0.166381 0.313422 0.292452 0.241031 0.215491 0.132687 0.161606 0.233150 0.084060 0.075981 0.145981 0.191605 0.234832 0.076290 0.180784 0.179953 0.140954 0.078000 0.188353 0.086658 0.144238 0.138033 0.039931 0.080950 0.116668 0.116876 0.112084 0.084635 0.143103 0.167060 0.124099 0.059355 0.093504 0.059725 0.081806 0.065634 0.028905 0.104013 0.079727 0.099984 0.061693 0.024714 0.048052 0.084747 0.117979 0.022460 0.015300 0.015880 0.048836 0.085108 0.054248 0.059769 0.043734 0.044274 0.044067 0.056984 0.053474 0.040291 0.025387 0.030015 0.058208 0.040520 0.073272 0.067778 0.047699 0.014008 0.039288 0.046117 0.061750 0.030146
5.750149 0.816197 217.1399 0.000000 13.613991 9.602004 4.784898 5.287716 9.665580 13.133552 14.811675 15.574798 14.774396 13.022668 10.207178 7.076892 4.650203 4.676678 5.361010 5.936049 6.041720 6.528385 6.391201 5.456592 4.384805 4.014415 5.502066 6.801013 7.324602 7.030962 6.815829 6.579221 5.684372 3.960634 2.971709 3.382564 3.411757 3.032727 6.281549 11.369680 13.650024 9.983237 6.758810 19.542237 40.746472 60.363681 73.244941 76.436559 69.347322 54.278001 35.260131 16.961299 7.279188 8.832353 12.017639 11.286110 8.440331 6.194082 6.279607 7.403018 7.494222 6.226888 4.393108 3.434969 3.738258 4.097112 3.791784 3.223151 2.891933 2.751747 2.377972 1.577573 0.949220 1.285819 2.296768 3.004694 2.808726 1.597004 2.017602 6.174596 11.537363 16.956152 21.370201 23.956231 24.226422 22.056744 17.812525 12.351788 6.837550 3.624813 4.493873 6.000149 5.818233 4.105183 2.017363 1.234488 2.310559 3.057849 3.822045 4.981146 5.679888 5.483541 4.462211
5.804216 1.211442 213.8347 0.000000 24.566217 4.437058 9.455731 3.641498 11.886486 19.262324 20.958830 19.570499 13.427427 6.096491 4.155259 4.687829 4.000150 5.902962 7.998056 7.347611 4.568292 2.297065 1.908223 3.569575 4.489188 2.154605 2.471313 4.083965 8.247769 10.717585 9.757141 10.207132 12.670795 10.541278 6.183777 5.158720 6.322904 4.915902 4.802153 7.219934 22.279362 30.213643 40.971903 57.210562 48.646073 97.259899 147.942518 116.088388 58.768260 32.877724 23.039902 30.020721 25.212901 9.065683 3.335658 6.986627 10.624387 9.708883 8.178370 4.973278 4.925066 6.392437 4.372975 5.166867 8.096303 8.269273 4.494179 2.298961 4.112877 4.710787 3.324986 4.021333 7.421751 10.253903 12.939688 15.193937 12.543636 8.500435 11.560263 17.621824 16.061889 20.474497 34.519908 37.352422 24.157490 11.477202 5.782133 5.840800 8.268734 6.201549 4.504830 5.134594 2.939835 3.407257 5.832860 6.679576 7.171019 7.638007 5.908172 1.870805 1.198016 0.917483 0.706126
5.852408 1.308418 214.3670 0.000000 23.494730 1.598522 7.342271 4.885996 10.150505 19.548370 23.025628 17.585691 13.595303 7.716187 2.451949 5.865935 3.495936 8.618494 11.324110 3.726898 5.823496 6.693844 4.695533 4.868491 1.784237 2.178498 4.026599 4.653455 6.224109 6.627016 11.429956 16.683673 9.276607 6.554101 3.342682 4.448789 6.587371 8.985087 2.796119 3.922878 18.697414 26.554223 31.222355 44.713578 57.856436 102.238681 183.392412 108.668238 66.965823 47.958708 19.446326 23.427370 17.209267 17.260217 14.727572 13.269954 4.522350 5.611818 7.808321 7.853266 4.959094 8.488775 6.670284 5.003459 6.117483 7.603113 4.847954 2.698773 2.316985 5.972174 4.905462 3.247040 7.431195 13.153127 13.644597 12.356554 11.404611 12.388052 15.042922 17.086527 15.030451 19.883880 29.182328 38.519661 29.824610 12.527571 5.983769 6.014413 10.676969 10.410461 4.385938 4.820664 4.533925 4.464443 5.395594 5.190194 10.824853 8.713154 4.628531 3.664872 2.615984 1.737494 1.002919
5.905416 1.309872 213.0942 0.000000 21.959514 2.515120 8.423990 4.778511 9.377649 20.383271 22.293054 17.803354 12.962520 7.719789 3.066919 5.209373 4.398239 8.756341 10.272705 4.187242 5.722461 6.963932 4.602256 3.974904 2.736865 2.756789 3.434247 4.848756 6.652944 7.001228 12.879056 14.885534 9.140562 5.319337 4.160119 3.909056 5.977741 7.006311 2.097904 9.475265 21.267258 25.041208 35.450591 48.331814 67.748608 134.020964 161.766541 96.103773 63.229710 37.562512 20.923611 20.913081 17.741159 16.635385 15.302836 9.348110 4.419440 6.198357 8.829012 5.595636 6.293254 8.124665 5.689648 5.152526 7.334543 6.408519 4.074422 1.547705 4.125179 6.051364 3.760654 4.615621 10.680010 13.453303 13.488582 11.335175 11.918005 12.605790 17.917594 14.506273 16.821434 22.798567 36.395445 38.236626 19.087790 7.868406 4.831449 7.833079 13.559990 5.811261 3.668932 6.576432 1.890100 8.263769 1.211374 10.179438 11.224233 5.388220 4.586849 2.641153 1.597168 1.601428 0.605784
5.950140 1.039563 211.2591 0.000000 18.811802 10.868146 5.152747 1.275508 4.138432 8.178848 8.566105 7.296876 6.592055 7.586278 7.046061 3.935633 3.598829 5.733639 8.445186 5.480860 3.803434 8.961165 9.164253 6.333747 4.718203 5.937247 8.577368 9.639795 8.045823 9.931926 13.052180 9.417620 4.819449 3.875993 2.419006 3.840206 9.347282 8.409880 10.564734 15.754498 15.818178 22.649260 27.216285 47.514963 108.398599 127.466787 81.546878 19.716774 36.204745 42.165053 34.993321 22.587061 24.422364 27.687550 13.724823 4.282705 9.260004 5.124384 5.290832 10.959631 10.464761 5.623264 2.998865 2.983350 2.469961 2.906702 3.380347 4.202255 3.117119 4.758233 4.992964 7.023242 15.552554 17.603363 13.701843 12.539252 14.264698 11.318507 5.851942 4.345840 7.285782 13.806830 19.824800 17.465305 10.831488 5.984263 9.014844 14.582690 11.180269 4.837013 1.583265 4.956190 7.284813 2.679889 7.912609 9.799961 5.986141 3.625586 4.344851 3.324059 0.654474 1.337379 1.788562
6.005401 0.517054 214.6640 0.000000 5.973532 3.389488 3.295849 3.777236 3.192721 1.800582 1.641583 1.536774 1.254211 0.765826 1.433716 2.677893 3.491470 3.560892 3.320326 2.872066 2.778554 2.916071 3.166466 2.964550 2.537580 2.630808 2.810825 2.302364 2.332146 3.449614 5.034504 6.596075 7.417501 7.495391 7.225436 7.482399 8.228697 9.097836 9.213664 6.512662 3.691416 7.389374 7.868398 6.434923 25.072320 42.732821 49.338361 47.111948 42.798903 33.960358 24.752514 18.135269 15.536857 15.650626 15.570389 14.717007 12.030715 9.245444 7.328482 5.620980 3.937469 2.619616 1.647201 0.649379 0.538317 0.760550 1.346829 1.983562 2.089633 1.313464 0.870598 1.884868 3.525684 4.859098 5.437717 5.791524 6.193589 6.092865 5.450418 5.134803 5.299997 4.913461 3.813457 2.954000 2.628993 2.334289 1.929069 1.785070 1.915339 2.231001 2.685741 3.022666 3.266443 3.271030 3.097764 2.892780 3.110907 3.823072 3.906346 3.391071 3.818713 3.759211 3.099836
6.055341 0.076227 196.2073 0.000000 0.624844 0.768600 0.792149 0.674808 0.766155 0.672582 0.775876 0.465860 0.494349 0.539879 0.607762 0.499760 0.474317 0.549320 0.373354 0.371125 0.436517 0.422227 0.578257 0.700743 0.786222 0.978272 1.114668 1.083616 1.043172 0.879477 1.031500 1.155489 1.217535 1.512580 1.602558 1.920280 2.541605 3.072140 3.703033 4.361827 4.940993 5.845927 6.623136 5.773233 4.906197 3.753069 2.149393 1.548739 1.510536 1.163136 1.670354 1.327855 1.230153 1.397085 1.001846 0.933729 0.773487 0.720328 0.624240 0.528299 0.411938 0.418420 0.347520 0.388563 0.419379 0.480700 0.473760 0.462664 0.493622 0.418167 0.247383 0.125942 0.209782 0.352587 0.425140 0.517775 0.650486 0.766844 0.724317 0.689296 0.690111 0.617578 0.556759 0.498986 0.420163 0.368421 0.405543 0.410850 0.342629 0.369381 0.357304 0.398361 0.565454 0.592517 0.574909 0.516966 0.276415 0.197655 0.244783 0.389050 0.382477 0.399489 0.365030
6.100485 0.006838 203.8847 0.000000 0.149637 0.088830 0.109271 0.182572 0.183603 0.228006 0.257551 0.177792 0.158860 0.075522 0.112700 0.157865 0.126339 0.078597 0.124283 0.174535 0.245313 0.218611 0.171805 0.089832 0.060102 0.154344 0.117392 0.101361 0.107040 0.093304 0.067580 0.187654 0.232000 0.112868 0.130398 0.153165 0.127155 0.144457 0.127007 0.101137 0.158477 0.206464 0.247708 0.373612 0.468637 0.385372 0.336863 0.241767 0.176138 0.123401 0.243281 0.303704 0.274659 0.245224 0.244570 0.220534 0.206033 0.047367 0.054534 0.082057 0.062577 0.048354 0.057815 0.075362 0.020032 0.034704 0.055023 0.043135 0.100991 0.060814 0.107880 0.078925 0.120590 0.047074 0.019696 0.043296 0.029033 0.052465 0.035543 0.048078 0.072033 0.108170 0.086424 0.040484 0.040185 0.046000 0.041908 0.047441 0.055441 0.065263 0.042438 0.052710 0.059377 0.022275 0.047011 0.066484 0.073574 0.074403 0.085305 0.090355 0.060774 0.068231 0.053713
6.153395 0.004972 81.4526 0.000000 0.190666 0.145875 0.093001 0.181520 0.200581 0.186622 0.167271 0.173858 0.267608 0.183782 0.187948 0.176878 0.120245 0.086718 0.062706 0.262911 0.280080 0.083185 0.090206 0.104950 0.099168 0.183080 0.140332 0.086821 0.049991 0.113769 0.143950 0.158825 0.120744 0.085349 0.132482 0.118004 0.104584 0.143482 0.101143 0.040222 0.053021 0.048567 0.040665 0.092116 0.183064 0.145525 0.131717 0.082768 0.117715 0.128019 0.085849 0.120447 0.056842 0.032097 0.074478 0.128127 0.168795 0.103776 0.063117 0.054416 0.010795 0.084722 0.056817 0.059615 0.073315 0.040366 0.074448 0.084818 0.076499 0.045558 0.094898 0.107517 0.099832 0.054774 0.042673 0.053256 0.023029 0.086425 0.052343 0.043330 0.070551 0.103476 0.081040 0.058400 0.045557 0.044843 0.036831 0.048606 0.041404 0.037500 0.039219 0.051441 0.045943 0.046157 0.046548 0.053976 0.049366 0.024423 0.040245 0.062445 0.043654 0.020327 0.035208
6.200477 0.004807 79.9587 0.000000 0.153890 0.152900 0.113899 0.078423 0.263319 0.037038 0.180406 0.151583 0.100962 0.131276 0.252952 0.143125 0.068519 0.174767 0.045791 0.298253 0.274047 0.116770 0.077173 0.122574 0.144559 0.220841 0.095567 0.073016 0.091316 0.201813 0.110880 0.133037 0.166307 0.031042 0.079735 0.075269 0.065044 0.160653 0.102824 0.014044 0.065321 0.051278 0.063549 0.193078 0.097103 0.153162 0.116980 0.081027 0.148622 0.063623 0.102529 0.054395 0.095891 0.058729 0.092438 0.096903 0.033413 0.117432 0.067502 0.044065 0.130642 0.102482 0.073406 0.088398 0.014509 0.062394 0.053956 0.060675 0.034188 0.134227 0.140740 0.086889 0.046551 0.024428 0.040421 0.037743 0.058768 0.058695 0.064847 0.073706 0.083266 0.061180 0.074282 0.073777 0.052187 0.075599 0.072878 0.033736 0.016853 0.023398 0.030409 0.049520 0.050441 0.051185 0.034558 0.028072 0.048643 0.077197 0.038229 0.014007 0.020250 0.048823 0.045170
6.250186 0.005038 55.7649 0.000000 0.112277 0.216200 0.095740 0.211324 0.122611 0.178696 0.223332 0.044819 0.225051 0.225706 0.289979 0.089068 0.127944 0.092002 0.129250 0.260291 0.225591 0.127697 0.065179 0.072190 0.228913 0.180431 0.125481 0.126393 0.107978 0.181321 0.129667 0.098838 0.141499 0.079977 0.077763 0.074136 0.069359 0.096078 0.082147 0.070193 0.111088 0.105976 0.082086 0.130520 0.153063 0.124904 0.144235 0.131996 0.104128 0.106989 0.085820 0.075610 0.084929 0.119411 0.080971 0.069030 0.072528 0.061795 0.088123 0.070298 0.108320 0.074747 0.144975 0.086872 0.083409 0.049708 0.086760 0.051258 0.083650 0.061206 0.081701 0.093960 0.083658 0.042124 0.014803 0.024969 0.073855 0.044491 0.061927 0.088545 0.105021 0.048582 0.060041 0.096625 0.038311 0.031188 0.078708 0.081514 0.011850 0.017973 0.029722 0.022246 0.048039 0.042928 0.038894 0.066899 0.055650 0.030973 0.071150 0.012485 0.028547 0.022475 0.025776
6.299989 0.462238 214.5102 0.000000 7.309478 7.071491 7.030447 6.540277 6.145430 5.850561 5.150196 5.138789 5.154698 4.752776 5.084938 4.698658 4.582320 4.529654 4.276194 4.099654 3.495017 2.926211 2.424665 2.043671 1.532378 1.843561 2.461500 3.188164 4.175674 4.886644 5.642285 6.235255 6.729474 7.005777 7.317214 7.840183 8.883814 10.660688 13.069061 15.706018 18.702211 21.464115 23.942149 25.964971 27.543048 28.488350 28.775682 28.187876 27.070647 25.300495 23.292789 21.077134 18.726110 16.119083 13.816402 11.616993 9.402347 7.228142 5.352638 3.644264 1.862398 0.645926 1.068692 2.283847 3.173579 3.878960 4.276345 4.582975 4.563263 4.441407 4.040261 3.518358 2.875550 2.076470 1.289843 0.764155 1.001779 1.577625 2.228071 2.886896 3.372577 3.820011 4.211107 4.526545 4.859077 5.205965 5.441207 5.636593 5.729033 5.776236 5.725164 5.615146 5.460647 5.200324 4.956798 4.735713 4.515345 4.395757 4.268455 4.103340 3.885586 3.675219 3.426582
6.350061 1.066108 219.5310 0.000000 27.253531 18.014269 5.686445 7.214143 15.539239 18.444481 16.242623 11.049795 6.105837 4.660698 5.335139 4.479892 3.093822 2.391295 2.988205 5.135459 7.893583 9.201410 7.448778 4.134885 2.391658 2.374144 1.252074 5.574881 7.839274 5.899370 1.948384 3.970312 5.939825 7.772930 9.119441 7.767615 4.506357 3.409684 9.779450 11.658294 6.927153 20.260692 36.753924 30.774383 10.849183 61.461101 108.605635 122.704147 98.170623 51.517052 13.268630 11.699281 11.215484 12.552849 20.734758 17.992933 7.911292 5.437007 9.318874 5.554638 1.827052 4.403851 2.832993 4.124635 6.384125 3.959286 2.614477 6.600479 6.382433 4.465233 3.745290 2.878676 6.398558 13.020435 15.392825 12.855604 8.038305 5.580968 9.810096 14.907186 14.967101 11.751560 14.287888 23.607204 28.242248 24.551875 15.576639 9.534617 9.166226 6.382046 3.530542 8.184976 11.609198 10.221448 6.958236 5.874332 7.054386 7.125383 5.909023 4.815095 4.220689 3.451577 2.597668
6.400334 1.304519 209.2304 0.000000 24.836599 12.901086 8.609343 4.812018 16.286741 23.048077 13.803821 8.631527 9.716990 8.317471 7.022431 4.534975 1.901454 2.219521 5.324481 9.019282 8.485362 6.128009 4.663688 2.556254 2.450699 2.565623 4.919980 4.852174 5.616665 4.153665 6.906187 3.304378 4.769174 6.948870 4.256256 13.926877 9.387101 9.281085 7.725242 19.060474 18.230772 22.158908 31.754794 55.215712 80.900892 176.502803 139.046670 57.178820 50.108221 18.695719 9.486318 4.109020 10.034994 15.689586 11.900146 6.410771 4.670339 5.706039 6.283408 3.910597 1.994409 6.791189 3.652982 5.374815 3.698500 5.521272 2.809958 4.806497 5.410189 3.460416 7.604331 7.666312 16.882865 10.406911 8.431533 11.195869 7.447911 12.124721 10.003599 8.911032 13.715382 29.466050 38.148238 24.859493 10.841961 12.686427 9.691559 6.357064 6.748684 12.053687 12.096761 7.386378 3.179420 1.915440 5.124154 6.611656 5.671444 6.821974 7.480883 4.616118 1.081199 0.700315 1.292239
6.450013 1.322118 214.3711 0.000000 22.539331 14.018683 9.360490 2.045552 16.227497 22.900513 15.862679 7.232024 9.794293 9.748070 7.802226 4.641571 2.447482 1.156348 4.127602 8.218900 9.224821 7.469623 4.615234 4.463295 3.550679 2.840662 3.262301 4.075629 6.581396 3.538025 4.918531 5.836683 3.095536 4.820940 6.954887 6.481594 13.090130 7.487845 8.706850 3.014007 14.811606 26.991274 13.426197 39.667086 52.131233 83.930817 183.037773 143.562923 56.720303 52.659071 15.645909 7.707917 6.387109 11.331682 13.510512 15.798146 8.305463 7.158994 3.005494 6.782754 2.556863 2.762420 4.711214 5.334706 4.114990 5.750346 3.508224 5.954407 4.498119 5.137108 3.144212 3.154315 7.162550 11.182353 13.856489 9.793454 8.376432 10.837867 9.282853 12.804228 9.709867 9.522630 15.767025 30.885571 37.394095 23.935400 11.587604 13.143623 9.208554 6.906082 5.109923 11.600057 12.690759 7.971280 3.369422 1.602586 3.461120 6.992802 6.219471 5.828217 7.808737 5.865245 2.372815
6.504889 1.249623 213.3681 0.000000 18.115781 10.482860 8.176640 8.192839 9.146982 16.960446 17.408083 12.015185 16.254072 10.490346 2.399040 5.984728 7.576318 4.646344 7.857726 12.428953 12.345297 9.278333 6.692529 5.515009 2.024857 5.689902 2.017845 3.477837 5.631631 6.204962 7.675285 10.406927 12.008525 12.757692 13.483902 14.424706 11.797727 6.811524 10.619358 15.210014 15.383023 21.775921 22.764475 20.801132 49.563172 119.873247 162.307292 104.821565 53.843332 50.814075 27.244036 15.669123 17.887124 13.801201 8.138447 8.688396 5.948475 4.725657 5.329707 3.527519 1.754026 3.384870 5.308923 3.929470 4.801828 3.133408 4.093374 4.074113 5.631719 4.199131 3.071369 4.699384 6.666951 11.449118 13.081126 9.457116 13.021628 9.262763 12.305475 9.605805 6.818817 10.019897 23.520691 35.426524 32.184935 12.957719 11.737250 8.440410 9.314763 6.132015 6.388194 11.550256 12.139119 7.887930 1.840118 1.354207 4.050661 8.663941 6.702354 8.152136 6.223762 3.162019 2.652638
6.550047 0.800148 213.9143 0.000000 9.612557 5.744193 6.611839 7.655279 7.982324 8.337271 7.196181 4.698933 2.301583 3.594576 4.827222 4.201048 4.074476 5.115906 5.015728 5.624102 5.878913 6.001034 6.366304 6.686275 4.424037 2.650925 4.806322 5.245550 3.980731 5.287533 5.718084 6.683846 9.201046 6.892922 5.431582 12.428442 13.829416 9.134658 6.695257 13.820816 14.302712 25.932394 32.308650 26.476035 62.059022 86.610525 85.456017 67.068671 40.401489 16.152655 3.917520 5.465625 4.326852 6.450879 6.913406 4.245213 5.054967 7.499143 6.360336 3.055000 1.511362 2.927249 2.782349 3.820835 4.853228 3.482914 2.436333 3.681425 4.371047 3.471977 2.076519 1.538673 1.896734 2.053914 1.743596 2.349683 4.683100 6.810794 5.251079 3.797524 6.567974 9.403296 11.561791 13.112762 13.385002 13.508546 11.298569 5.085351 3.319199 4.938964 5.366313 5.699680 5.690227 5.798997 6.104029 5.262385 3.940269 1.591404 1.784627 2.837980 2.408559 1.231548 0.898128
6.601260 0.241586 199.9181 0.000000 4.652379 3.207176 1.702907 0.956688 0.860785 1.111643 1.133279 0.958523 1.703041 1.677495 1.589550 1.774680 2.135790 2.136428 1.829410 1.524215 1.506809 1.519256 1.243432 1.083138 1.375521 1.335159 1.642713 2.593784 2.960211 3.607164 3.699497 3.931220 3.603086 2.868467 2.281365 1.167499 0.880538 0.767862 1.567286 4.703197 9.649266 15.210039 20.693495 22.036280 18.225239 13.594898 10.638653 9.689160 8.085112 7.281762 6.983304 7.964339 7.626499 7.796664 7.113687 6.660174 5.313354 4.326973 3.580316 3.310361 2.984183 2.520216 1.588927 0.697450 0.973997 2.072637 2.926969 3.436812 3.445873 3.092149 2.441244 1.851728 1.512936 1.450190 1.515531 1.537444 1.449979 1.646013 2.154623 2.616218 2.822066 2.658971 2.030630 1.327586 1.396773 2.163926 2.740944 3.169444 3.212694 2.727512 1.937221 1.480317 1.079187 0.976894 1.154949 1.277875 0.804739 0.437826 1.107563 1.549896 1.809272 2.074186 2.252971
6.650426 0.020115 204.1754 0.000000 0.205252 0.324288 0.374121 0.244394 0.513707 0.204248 0.102013 0.144171 0.239583 0.218225 0.161616 0.122675 0.112907 0.128433 0.219094 0.189466 0.245860 0.203426 0.140465 0.248252 0.327918 0.328600 0.354136 0.434676 0.423539 0.287819 0.320528 0.440939 0.463833 0.536091 0.506401 0.366539 0.436435 0.542896 0.585872 0.746503 0.747396 0.848798 1.283591 1.507660 1.487101 1.151596 1.044017 1.238602 1.029945 0.742313 0.474998 0.530945 0.840301 0.621122 0.278218 0.549073 0.491673 0.151642 0.124765 0.214498 0.205869 0.135136 0.121830 0.145485 0.212965 0.210992 0.186070 0.174247 0.211157 0.107074 0.092199 0.153559 0.113972 0.140204 0.081824 0.077398 0.108363 0.104385 0.121341 0.153302 0.194142 0.161162 0.087192 0.068462 0.080345 0.083494 0.087388 0.123151 0.120692 0.117346 0.231191 0.281297 0.245277 0.203833 0.176509 0.197075 0.225385 0.278486 0.203965 0.272789 0.265346 0.204292 0.157701
6.699918 0.005844 36.7105 0.000000 0.091122 0.099606 0.193500 0.064899 0.180300 0.249284 0.387413 0.275301 0.211883 0.154999 0.067178 0.043996 0.069439 0.123649 0.140392 0.095575 0.081035 0.164143 0.109278 0.074869 0.199403 0.168537 0.083794 0.082430 0.071818 0.096378 0.201458 0.073940 0.060829 0.077388 0.115649 0.117772 0.063559 0.061923 0.130851 0.188741 0.187396 0.158919 0.165303 0.064174 0.118356 0.160886 0.210128 0.297743 0.162346 0.087395 0.025286 0.120672 0.140462 0.152659 0.159490 0.252390 0.338567 0.305346 0.215989 0.167532 0.110624 0.058731 0.070702 0.069624 0.075665 0.024842 0.019003 0.055855 0.044450 0.043508 0.112364 0.065612 0.036855 0.091669 0.056517 0.025870 0.079793 0.076705 0.062250 0.052694 0.062786 0.070169 0.080420 0.071865 0.037046 0.042088 0.035423 0.063567 0.038506 0.108020 0.093634 0.083813 0.028289 0.079414 0.070919 0.021042 0.039284 0.067988 0.039335 0.081838 0.075026 0.043208 0.024845
6.745371 0.004844 35.5180 0.000000 0.159698 0.050812 0.101681 0.152668 0.244895 0.119065 0.438593 0.384661 0.260363 0.090547 0.082559 0.052606 0.116961 0.211995 0.141661 0.120000 0.234662 0.145023 0.046434 0.125492 0.136519 0.081244 0.060622 0.056794 0.057200 0.172793 0.170754 0.091281 0.077388 0.093121 0.090300 0.065302 0.047277 0.049471 0.062667 0.151424 0.159850 0.109877 0.121602 0.084748 0.039215 0.068546 0.096209 0.079466 0.054269 0.044103 0.064292 0.053439 0.059986 0.105440 0.085649 0.088103 0.061840 0.084239 0.114296 0.008407 0.016353 0.049715 0.082786 0.034451 0.017664 0.040577 0.067173 0.052479 0.114443 0.054608 0.047588 0.050865 0.012379 0.051421 0.097889 0.032157 0.061346 0.039419 0.049314 0.074014 0.054512 0.037313 0.028672 0.040746 0.047273 0.032744 0.059692 0.031536 0.026204 0.053890 0.055377 0.041658 0.031676 0.031405 0.077197 0.058022 0.056612 0.021874 0.027173 0.038205 0.036961 0.031296 0.040049
6.790367 0.004626 35.3878 0.000000 0.093692 0.141473 0.075660 0.041441 0.194973 0.067513 0.452285 0.363412 0.275794 0.111344 0.075808 0.066869 0.138701 0.207073 0.172219 0.078562 0.147910 0.103269 0.142455 0.096467 0.146959 0.104291 0.033184 0.082242 0.048010 0.161929 0.194399 0.083313 0.050404 0.039165 0.062846 0.055227 0.059750 0.054884 0.072018 0.164113 0.112693 0.126957 0.107485 0.053687 0.060234 0.060059 0.034048 0.023368 0.069002 0.098540 0.081082 0.060571 0.071523 0.056926 0.044990 0.092696 0.105071 0.116627 0.081091 0.013762 0.014314 0.036738 0.067574 0.057202 0.030452 0.040224 0.054406 0.063152 0.084109 0.051376 0.048149 0.043045 0.045073 0.046672 0.080225 0.042496 0.057799 0.054176 0.030903 0.055402 0.063269 0.061109 0.051097 0.061751 0.067759 0.036682 0.025372 0.052982 0.033002 0.032578 0.021723 0.021500 0.026461 0.038461 0.042967 0.028976 0.051974 0.062621 0.047654 0.026060 0.044773 0.019206 0.013241
6.845417 0.019880 223.2071 0.000000 0.162887 0.238161 0.280245 0.232127 0.166604 0.300231 0.474064 0.242491 0.216331 0.165270 0.113523 0.202579 0.286936 0.319407 0.175258 0.267582 0.247621 0.295428 0.281317 0.200889 0.165116 0.254156 0.215585 0.308248 0.306382 0.410015 0.428137 0.342914 0.366157 0.424997 0.462626 0.418706 0.433407 0.530244 0.449060 0.434361 0.598948 0.625347 0.615882 0.630371 0.619676 0.648810 0.652090 0.687842 0.685908 0.590211 0.612632 0.659490 0.691610 0.724522 0.671070 0.619731 0.654786 0.651077 0.631603 0.583426 0.533351 0.574031 0.568879 0.545188 0.517338 0.550449 0.540580 0.558052 0.494204 0.461910 0.432665 0.450768 0.544073 0.526633 0.475375 0.444203 0.415715 0.423927 0.434958 0.373664 0.379796 0.389033 0.337166 0.404726 0.376040 0.342867 0.334959 0.345061 0.332668 0.313703 0.286652 0.328336 0.325247 0.308448 0.350575 0.293817 0.322301 0.290960 0.251626 0.256632 0.248752 0.276644 0.267292
6.890396 0.874612 215.1122 0.000000 18.012162 13.055582 7.432444 2.817344 2.495958 3.186213 4.587858 8.720336 12.740586 15.164202 15.070192 13.038935 9.983555 6.840974 5.318517 6.450487 8.194187 8.811733 7.736668 5.995032 4.450315 3.375872 3.674161 5.085233 6.328701 6.763146 6.961288 7.422263 7.775284 8.570757 10.689411 12.297695 10.016942 2.986246 9.107276 18.618618 21.547625 12.900096 9.502007 36.658845 64.709196 83.428672 87.421324 76.247705 54.647041 29.474171 9.736159 8.115293 13.831543 13.637471 10.322615 7.421018 6.257818 5.591520 4.011771 2.637791 3.496948 5.018274 5.036674 3.246011 1.716530 3.073173 5.312773 6.257814 5.853640 4.468826 3.183638 2.691638 2.622282 2.178132 1.989213 4.457339 8.757711 13.687141 18.015663 20.948075 21.819973 20.488056 17.118374 12.796260 8.549500 6.166900 5.669638 5.343231 4.140529 2.648995 2.560864 3.742845 4.291628 3.626616 2.261280 1.918127 3.361917 4.472450 4.989058 5.456215 6.086180 6.212938 5.047726
6.946374 1.248210 214.1754 0.000000 27.086757 5.527636 3.481518 4.657443 10.581291 13.145862 17.016696 15.890142 11.609750 10.066567 12.724875 10.356876 5.156044 3.851903 4.504040 5.595542 3.584165 4.376075 5.892942 3.268288 4.415120 4.343112 3.816250 6.880246 8.412593 8.871497 7.310488 3.792611 3.255837 6.080081 8.829691 9.808922 13.859099 8.763498 8.672805 11.538465 18.936314 16.417563 32.723966 47.236445 44.391519 145.806892 162.027544 84.442051 21.910384 19.978510 18.007151 24.642106 13.231634 9.382912 6.608727 6.062679 8.609028 6.363456 5.034605 8.117655 10.103808 12.478102 10.714437 4.397785 2.030436 5.097196 7.629406 7.673247 5.009898 0.755724 1.436907 1.695649 1.810539 2.524351 1.139548 2.926740 8.339508 23.789333 28.157613 16.703309 17.561088 28.288571 23.481546 14.525843 8.877871 6.209089 6.841600 8.925062 7.238562 4.630922 2.255187 2.638275 7.567146 11.795437 11.785250 13.045946 11.807666 5.884226 6.027690 6.465035 2.420052 5.477314 4.435053
6.994299 1.312040 208.8654 0.000000 23.889970 6.717120 1.590669 4.739911 10.399668 12.868206 17.038709 15.765095 10.629284 11.905658 12.239608 7.318746 6.233548 3.009292 2.973610 4.112634 2.546880 4.836676 3.442243 5.383817 2.938736 3.456663 2.875497 4.848611 6.076720 7.294084 7.695051 7.314343 5.131837 10.055070 15.213433 11.419438 11.376005 5.747723 19.642291 16.929974 6.188234 29.842185 37.483334 50.289303 168.964425 162.722132 67.911974 28.387671 15.207268 18.050624 15.865947 5.820183 6.445306 3.756255 7.151152 8.000223 2.531131 5.283598 8.883505 8.663832 10.862305 9.183119 3.849390 4.127288 5.782274 8.030239 9.462647 5.252431 2.906987 1.918623 2.216162 6.495809 7.038324 6.430666 8.148587 25.368477 29.245561 14.472510 16.822864 26.978721 24.804370 14.858622 9.845357 5.588381 6.836588 7.779113 7.712089 5.273989 2.785237 3.221973 9.642767 14.125658 12.370999 11.964550 8.304877 7.050256 5.284365 4.108649 4.255573 4.062486 3.122463 1.948787 2.385477
7.050241 1.313113 216.6004 0.000000 24.290226 7.774401 2.071819 4.051855 10.049125 11.752796 16.495977 17.573342 12.306879 9.463777 13.927013 9.289829 6.151061 5.220368 2.323595 3.594753 3.570008 3.209123 4.567694 3.890721 4.566788 2.718174 3.114755 3.547079 4.815036 6.458846 7.219707 7.602979 7.692264 5.047197 7.895548 14.962468 12.404847 10.088419 7.329119 15.777947 16.756821 10.487535 25.170929 39.799561 28.890822 120.592899 188.465889 112.051160 48.062109 20.956859 13.396184 21.454673 12.495718 4.406975 7.324363 2.691660 6.965363 8.417940 2.145845 5.528324 8.334770 8.759935 10.879636 9.930273 4.467352 2.870381 6.441271 5.740109 11.688356 5.620178 3.825957 1.879358 1.912397 3.372030 7.575561 6.692798 7.244009 13.635128 26.950564 24.639637 14.349103 19.533486 27.238522 23.084229 14.421371 9.238212 5.711003 6.834715 7.911511 7.461050 5.910155 3.275908 3.560236 7.903823 13.152887 13.199183 11.917657 9.761667 7.479437 6.036393 4.711256 3.989320 4.148000
7.100428 0.997387 215.3430 0.000000 20.078438 11.050860 7.190615 8.915677 12.425288 11.823284 9.357525 7.476053 6.474862 5.218780 4.217698 2.641267 1.292520 2.140488 2.048932 1.923418 3.399205 3.607365 1.381856 2.392813 3.949228 1.578109 1.885752 2.732149 2.984444 7.693486 10.475596 9.520467 9.451520 3.224080 8.048131 13.813186 9.926873 1.828508 6.007922 13.700478 7.342252 8.003927 8.147579 24.751197 13.287419 82.038632 123.649518 116.888730 67.936801 24.510191 22.334750 26.328340 28.009756 22.671706 15.784127 7.190396 11.850636 14.687048 6.557743 6.117194 10.815785 11.635029 8.141368 3.803430 2.877030 4.513528 3.613462 5.254360 3.769918 4.595374 10.950387 8.145974 4.222015 4.455099 7.499568 10.523607 3.018590 9.009641 14.946243 15.270728 13.195807 8.285770 6.260886 11.281780 12.929893 9.964083 12.955721 13.975256 12.397256 9.269158 3.828007 7.441949 4.572892 3.548945 7.301312 9.104815 11.396551 10.668199 7.437460 4.261287 3.535649 4.178976 3.722458
7.148905 0.442966 214.5866 0.000000 7.016398 4.009083 2.689771 3.478168 3.731925 3.714135 3.606954 3.571987 3.572679 2.973567 2.513812 1.948154 1.310149 0.983839 1.533746 2.298894 2.512247 2.362312 1.708518 0.673480 1.135977 2.292099 3.158351 4.072838 4.441005 4.165879 3.809442 3.268713 3.464820 5.304622 7.390690 8.672850 9.204289 9.112161 9.056531 10.650578 13.808933 13.772463 8.813670 10.321598 28.709901 38.330178 38.781804 35.456422 32.568590 26.187502 20.278198 14.736773 10.683284 8.530139 7.241738 6.133695 3.616966 1.849981 2.973239 4.497922 5.183764 4.911286 4.811304 4.947459 5.112946 4.873871 4.135574 4.021582 5.230105 6.684158 7.327039 6.839176 5.270242 3.349026 3.554340 5.426321 6.647442 6.451695 5.266324 3.769535 2.696403 2.612697 2.810991 2.086346 1.383516 2.178935 3.364265 3.504221 2.962248 2.361701 2.651631 3.768615 4.266246 3.892608 2.914541 1.665872 1.208301 2.520485 2.908694 2.900718 2.703288 1.501669 1.080466
7.193382 0.055551 199.3427 0.000000 0.313543 0.285595 0.428481 0.638076 0.653925 0.486391 0.380290 0.788363 0.232264 0.420357 0.652267 0.509978 0.455978 0.466475 0.531455 0.514213 0.599727 0.751775 0.817573 0.703558 0.884903 0.757879 0.746038 0.548269 0.420421 0.699265 0.950823 0.926989 1.152405 1.271014 1.351643 1.495452 1.786095 2.109442 2.377989 2.729472 3.008040 3.544084 4.364762 4.598387 3.947880 3.593108 2.827760 1.612806 1.044906 1.023191 0.793856 0.754528 0.952783 0.643051 0.639047 0.628502 0.508771 0.514896 0.430270 0.414123 0.327341 0.268163 0.333421 0.407950 0.347857 0.318300 0.301342 0.241433 0.256561 0.190375 0.127398 0.075428 0.106417 0.108648 0.109227 0.177172 0.194705 0.214682 0.313014 0.315716 0.337168 0.384447 0.388664 0.320284 0.350212 0.326287 0.246864 0.214904 0.124146 0.086181 0.138157 0.158255 0.220103 0.346021 0.334183 0.212507 0.153642 0.206041 0.257345 0.287094 0.301060 0.335429 0.319594
7.245381 0.007183 212.0400 0.000000 0.041450 0.278370 0.080748 0.192177 0.230095 0.161217 0.132469 0.305154 0.349955 0.133455 0.289906 0.082834 0.204149 0.091080 0.121550 0.241441 0.101291 0.019314 0.167517 0.142530 0.065167 0.122077 0.062788 0.090242 0.090864 0.081144 0.172205 0.121124 0.107576 0.056017 0.090379 0.128077 0.151436 0.087287 0.087653 0.170315 0.147435 0.165337 0.207898 0.329500 0.442905 0.488365 0.372510 0.255721 0.216158 0.208627 0.208176 0.297238 0.304268 0.293460 0.328427 0.235235 0.097594 0.061730 0.052054 0.060588 0.107780 0.107526 0.092363 0.117301 0.078839 0.022700 0.035859 0.059316 0.057963 0.075986 0.100083 0.076348 0.080724 0.095477 0.071146 0.045668 0.026410 0.043791 0.063864 0.060018 0.054322 0.066406 0.061704 0.072456 0.041577 0.057694 0.086896 0.092423 0.076163 0.077059 0.088655 0.024233 0.040251 0.080024 0.059034 0.088440 0.097542 0.110174 0.080860 0.031593 0.023677 0.020501 0.028455
7.290420 0.004896 45.5755 0.000000 0.129308 0.224116 0.074511 0.156395 0.261449 0.225530 0.251974 0.252354 0.325588 0.192667 0.112812 0.130380 0.215186 0.139383 0.057675 0.178676 0.143200 0.136452 0.122722 0.092585 0.122449 0.095820 0.101126 0.153455 0.102241 0.115319 0.123020 0.068877 0.130613 0.103864 0.090381 0.147801 0.135558 0.069932 0.063457 0.141612 0.095240 0.023805 0.045674 0.067555 0.104740 0.135231 0.088643 0.039481 0.034727 0.056181 0.054581 0.062099 0.099189 0.081189 0.070511 0.064098 0.082988 0.103295 0.028550 0.054404 0.107521 0.125623 0.090012 0.110297 0.095819 0.057897 0.057492 0.060865 0.076220 0.087767 0.109880 0.060584 0.095925 0.107076 0.097488 0.025306 0.037306 0.043888 0.034944 0.087718 0.049296 0.042877 0.045707 0.062900 0.056656 0.034932 0.050080 0.046505 0.033109 0.070550 0.054165 0.056864 0.060909 0.070904 0.042798 0.019736 0.047415 0.039800 0.029800 0.022230 0.036660 0.005948 0.026057
7.345388 0.004747 24.9273 0.000000 0.203543 0.173875 0.068506 0.078496 0.314303 0.101409 0.118813 0.261199 0.255690 0.154354 0.095046 0.095997 0.179377 0.169076 0.147449 0.139291 0.189232 0.053706 0.058970 0.193968 0.129158 0.052243 0.042254 0.169211 0.110034 0.152884 0.088158 0.061127 0.106996 0.118770 0.106653 0.147694 0.049370 0.116066 0.176983 0.130512 0.105078 0.079693 0.139344 0.135275 0.088387 0.074423 0.080751 0.020047 0.055003 0.036759 0.039579 0.103764 0.082370 0.094281 0.062454 0.092082 0.065710 0.075938 0.083941 0.042173 0.063291 0.135556 0.055389 0.118680 0.072268 0.035619 0.027269 0.051109 0.087477 0.142014 0.056029 0.111224 0.053252 0.055459 0.075496 0.078779 0.045541 0.056088 0.037169 0.048112 0.079904 0.068451 0.058622 0.061234 0.058309 0.078472 0.047346 0.057083 0.055623 0.033059 0.051040 0.023417 0.032234 0.042538 0.048076 0.032789 0.036198 0.034793 0.021346 0.021935 0.034000 0.039858 0.051696
7.390266 0.004804 44.2542 0.000000 0.110745 0.124299 0.172979 0.149809 0.203071 0.056315 0.226562 0.182704 0.278613 0.085494 0.123175 0.134214 0.189565 0.119150 0.093561 0.140651 0.160117 0.091807 0.183930 0.232232 0.099088 0.100414 0.142055 0.148094 0.127618 0.127426 0.055380 0.056215 0.126060 0.136077 0.096791 0.117234 0.124088 0.079906 0.041238 0.146852 0.137003 0.102411 0.170457 0.083999 0.087051 0.098124 0.027874 0.051006 0.048323 0.026970 0.122824 0.101208 0.076405 0.013605 0.152555 0.056763 0.049427 0.061550 0.034132 0.058399 0.210201 0.054674 0.032763 0.028584 0.084288 0.042625 0.077568 0.095699 0.110554 0.075174 0.114743 0.065473 0.041380 0.037425 0.081629 0.041832 0.053449 0.080880 0.083550 0.080964 0.045853 0.046810 0.041064 0.064781 0.074907 0.042239 0.059403 0.052305 0.039228 0.048074 0.028332 0.023366 0.037397 0.020673 0.038716 0.034628 0.032097 0.014294 0.031014 0.024586 0.024876 0.048883 0.068602
7.445363 0.740375 219.9838 0.000000 13.002107 12.024070 10.647432 9.328475 8.248817 8.181382 9.109120 9.835836 9.881409 9.132314 7.188986 4.614842 4.235687 6.189584 7.996636 9.030258 9.019606 7.884207 6.608790 4.809296 3.594341 2.419562 1.176325 1.491140 3.511945 6.313677 9.602801 12.591097 14.054806 13.158534 9.651905 5.596057 8.913430 15.784579 20.868130 21.483845 16.460328 7.046670 8.859073 24.939764 40.477781 52.484327 59.440892 60.864672 57.566564 50.623229 41.586222 31.921612 22.421395 14.018247 7.279516 2.447994 0.542775 1.419647 1.379231 1.552019 2.167033 2.791000 3.238298 3.758681 4.332168 4.673618 4.784134 4.459446 4.081722 4.153346 4.643832 5.626780 6.813860 8.232920 9.600969 10.539590 10.867349 9.923711 7.827408 4.610421 1.621936 3.477201 7.235739 10.196772 12.171878 12.959821 12.636976 11.732395 10.426706 8.759002 6.944224 5.010045 3.683839 4.081379 5.601784 7.030860 7.646103 7.469803 6.506804 4.995501 3.345673 1.767490 0.698255
7.493181 1.190248 219.1299 0.000000 25.122764 9.999901 5.767584 9.824749 7.591101 8.960112 18.180352 24.381713 21.444583 12.765659 8.505323 5.575887 2.688306 3.133254 1.474905 2.896088 3.321507 6.048731 6.633727 3.900935 4.955190 7.812753 6.605906 2.892073 3.564412 8.113218 11.058370 9.914120 5.139882 7.387183 6.088464 5.452587 8.241263 8.794997 20.165123 14.987064 19.859313 26.026057 13.528427 30.722292 31.408638 70.165283 137.790293 142.794845 84.720104 27.963930 27.994189 20.489357 10.043577 17.665540 10.361352 6.441682 10.484633 6.545346 3.499161 7.492157 9.240376 5.809432 4.888542 9.453786 9.472407 5.274323 3.293577 3.504262 2.172462 4.166675 6.696386 7.003928 9.660862 13.111214 9.772194 8.157488 10.542336 6.982063 9.537140 18.469427 20.325090 22.179739 27.621115 29.824120 24.179263 12.798012 5.579016 7.686212 10.456504 8.508986 4.122243 3.349428 5.885853 8.102089 8.929767 7.052226 8.765596 12.995091 12.062694 7.391428 5.383723 5.456293 3.785577
7.544804 1.314103 211.8935 0.000000 22.283998 8.248999 6.881255 8.128689 7.268287 12.196296 19.463531 22.975894 17.255531 11.167351 8.366474 4.863490 2.690390 3.191002 1.863901 4.370310 4.778519 5.155542 5.842077 4.467778 5.614423 7.012566 6.199933 4.406485 10.041471 11.963698 8.085881 7.439388 5.689046 5.063490 6.077330 3.563490 9.252758 16.883057 12.119713 20.920760 14.098287 10.788806 25.627902 27.423562 119.824749 185.253009 99.799803 50.828510 26.970141 19.665783 17.227244 12.040313 10.853034 8.899987 6.156920 4.461847 3.375742 5.953062 4.902612 4.500859 3.538383 5.871170 6.464958 5.562683 2.233732 2.903062 3.018136 2.739514 6.621659 8.651100 10.718257 10.798549 10.389501 7.364123 10.345127 3.490852 13.844770 20.540795 24.832200 31.637623 28.203827 21.187722 24.484854 14.689893 14.911535 12.339960 6.570437 6.926945 3.442884 5.785623 6.335185 8.859502 7.507679 8.781552 12.294831 13.290023 8.700354 5.326514 5.446409 1.340202 4.315839 3.329831 4.482939
7.590459 1.316550 217.0798 0.000000 21.544334 8.742919 7.370176 7.501602 7.438727 10.891503 18.269154 23.830821 19.048413 11.767213 8.893015 6.631409 2.320324 2.988630 2.899650 2.508881 5.381256 4.698932 5.616896 5.459867 4.587409 5.995849 7.148285 5.099955 6.127705 10.804204 10.459935 7.749230 6.850534 5.507538 4.484300 5.339728 5.400165 12.530593 14.253101 16.508479 20.846026 13.915921 19.051592 32.042830 32.404473 120.490638 183.663011 107.306156 53.095302 29.031130 20.793932 17.028779 12.438426 11.684253 8.765983 7.347075 4.329122 3.595029 5.001833 5.689879 4.341619 2.222039 5.452964 5.680890 7.379239 3.017854 2.914951 2.742753 3.471562 3.227237 9.120159 8.467581 11.423370 10.881964 9.634038 7.378959 9.705417 3.704665 16.051392 20.839030 26.561887 31.106850 27.059470 21.681076 23.909185 14.917855 14.859663 12.298127 6.523714 6.932862 2.703325 6.189103 5.988802 8.587764 8.255298 7.929615 11.819427 13.256930 10.221125 5.983452 5.331006 3.021290 2.634125
7.647490 1.101622 211.2484 0.000000 17.346616 7.475622 5.550146 3.780656 5.061658 7.393237 11.194664 15.249445 15.329373 14.553702 12.525402 8.586655 4.518772 3.771000 5.424119 6.235637 4.789328 3.930310 4.783423 4.272469 3.822136 5.756331 8.190359 7.414333 4.320073 3.524792 5.606574 6.209175 5.189518 4.539599 6.535994 9.831668 11.230949 8.220899 8.015259 13.736850 15.535306 18.229508 21.172181 10.546594 64.513153 133.272165 137.816777 74.989998 26.209958 31.186005 18.466449 11.578431 12.375577 11.093211 8.440876 9.176856 6.250983 6.629804 7.600676 7.511947 5.692611 2.462965 6.066756 6.489557 9.397268 6.759928 2.913522 3.131400 4.358766 5.423846 2.412744 1.680618 1.310909 0.696988 2.028180 3.335250 4.882650 9.613630 15.420757 23.349179 29.309313 25.362991 16.073690 16.547941 22.042785 17.420042 9.177394 5.657330 3.663002 5.852742 5.472729 1.815439 2.029371 3.725166 3.586932 2.731343 4.098609 8.712002 9.944248 8.012109 6.742399 3.026634 5.003104
7.695265 0.577886 214.3764 0.000000 7.472389 4.895787 2.613457 2.822056 2.900775 2.712905 2.622630 1.735784 1.506235 1.543086 2.142939 2.436895 2.095576 1.769639 2.258407 2.531703 3.039984 3.392039 3.195026 3.179904 3.300641 3.625496 3.999051 4.408965 4.493425 4.145194 3.919250 3.882906 4.728780 4.546069 4.255013 4.391709 4.950847 4.686508 3.870150 5.105726 11.872964 13.143178 7.782541 25.807801 46.689997 54.656925 55.072015 51.042172 41.742750 31.668479 21.567025 13.724172 9.381782 7.397268 5.946240 4.938415 4.502656 4.924081 5.457071 4.707929 3.541660 3.385274 4.272691 5.224596 4.892776 3.435501 2.291451 2.666542 3.926190 4.290593 3.227764 1.859712 1.668050 2.560490 3.278958 3.503561 2.964554 1.683108 1.163624 2.999498 5.145400 6.340685 6.392232 6.855073 8.269381 9.363618 9.633339 9.306215 8.353665 6.572444 4.579957 2.785930 1.491112 1.545676 1.996277 1.757011 1.374937 1.381721 1.587427 1.676949 1.711320 1.703664 1.078182
7.743924 0.096713 205.6671 0.000000 2.057772 2.026548 1.854114 1.269013 0.916653 0.872890 0.407339 0.515037 1.017043 0.892535 0.786637 0.691604 0.583327 0.531048 0.601907 0.743231 0.812613 0.880993 0.912980 0.884172 0.775035 0.785272 1.039183 1.065337 0.900200 0.981003 1.265550 1.393303 1.402202 1.335307 1.397926 1.668757 2.000263 2.141875 2.738505 3.616955 4.460411 5.625223 6.905371 8.223895 8.684166 7.368858 5.794073 3.633543 2.629492 2.523421 2.291417 2.022129 2.114819 1.725072 1.681633 1.229667 1.196489 1.181817 1.028908 1.070273 1.167439 1.153865 1.002309 0.818645 0.725917 0.711501 0.726387 0.757323 0.803693 0.832440 0.772860 0.629046 0.504374 0.410335 0.403817 0.387744 0.415968 0.460514 0.406552 0.387671 0.406929 0.428814 0.352788 0.214834 0.091574 0.182078 0.363217 0.481096 0.476332 0.595218 0.473921 0.420662 0.274242 0.350136 0.349239 0.333974 0.457843 0.635477 0.722319 0.606309 0.268626 0.226027 0.558558
7.790440 0.007932 234.7392 0.000000 0.067591 0.079563 0.141076 0.205458 0.224324 0.158114 0.154545 0.048666 0.401465 0.390226 0.229483 0.139611 0.115561 0.115521 0.075559 0.104454 0.123571 0.111933 0.171134 0.242177 0.156117 0.111747 0.114445 0.112827 0.188100 0.184228 0.143573 0.141229 0.138925 0.191317 0.228035 0.226027 0.198785 0.225055 0.314036 0.227204 0.132773 0.126448 0.249978 0.383155 0.338931 0.269713 0.203106 0.330857 0.365780 0.231829 0.468249 0.377939 0.339733 0.177911 0.289538 0.348770 0.245508 0.079528 0.184890 0.035491 0.143206 0.128911 0.078806 0.087356 0.046607 0.092835 0.113400 0.074034 0.027542 0.039689 0.075767 0.097420 0.064557 0.051839 0.080148 0.068532 0.070574 0.048591 0.069615 0.078483 0.046797 0.039607 0.028980 0.049035 0.058496 0.022599 0.020271 0.082455 0.113048 0.066005 0.068657 0.100658 0.119355 0.110845 0.087439 0.073407 0.048212 0.025543 0.053913 0.033449 0.080360 0.084751 0.038134
7.840397 0.005019 40.6025 0.000000 0.086890 0.114807 0.106700 0.178204 0.219194 0.148858 0.147072 0.279755 0.213130 0.185434 0.061754 0.032221 0.022118 0.011420 0.077530 0.131081 0.104070 0.096149 0.118530 0.092596 0.135607 0.104791 0.032882 0.081269 0.199206 0.118102 0.087565 0.103141 0.111751 0.104489 0.095039 0.089371 0.174442 0.153441 0.135686 0.140663 0.108421 0.134231 0.088142 0.031827 0.063892 0.110656 0.157615 0.202117 0.226262 0.160893 0.089729 0.066001 0.032034 0.094438 0.225911 0.210563 0.194590 0.118035 0.039679 0.102980 0.131305 0.103924 0.042334 0.067310 0.063176 0.091947 0.138129 0.038195 0.063003 0.073180 0.151498 0.029809 0.078329 0.063975 0.041403 0.066798 0.106276 0.011532 0.083364 0.061741 0.038603 0.031070 0.093089 0.046492 0.077971 0.031024 0.058728 0.095158 0.047756 0.056432 0.052144 0.071753 0.047989 0.098222 0.068124 0.062665 0.018831 0.038394 0.044943 0.031954 0.056807 0.050306 0.029036
7.890190 0.004594 29.9472 0.000000 0.157725 0.009439 0.052328 0.146182 0.043145 0.313720 0.172420 0.182963 0.188212 0.208859 0.083365 0.092427 0.039446 0.030766 0.090672 0.182075 0.024402 0.057268 0.122220 0.044744 0.162162 0.021526 0.055802 0.096843 0.194947 0.090832 0.065744 0.029525 0.170841 0.065181 0.109465 0.145038 0.113812 0.196289 0.176739 0.122658 0.086592 0.141662 0.060203 0.067138 0.051017 0.084516 0.037177 0.121679 0.108445 0.120153 0.131438 0.075507 0.041884 0.166026 0.101955 0.096036 0.054038 0.057859 0.107842 0.123380 0.096313 0.038610 0.068316 0.068299 0.087000 0.140405 0.055025 0.080791 0.050280 0.139753 0.037184 0.066771 0.046447 0.050886 0.060394 0.073593 0.054320 0.073238 0.066000 0.025195 0.073752 0.131740 0.066649 0.040397 0.028237 0.064421 0.062648 0.042189 0.050870 0.056332 0.059427 0.044774 0.059097 0.041801 0.048620 0.035274 0.038848 0.058522 0.048520 0.071296 0.042745 0.026789 0.039223
7.940366 0.004841 34.9004 0.000000 0.242663 0.118639 0.094539 0.256217 0.114891 0.170977 0.339207 0.071256 0.062579 0.194115 0.121321 0.180273 0.081756 0.072360 0.065489 0.287023 0.184709 0.173559 0.015415 0.053866 0.121204 0.086838 0.120917 0.039822 0.160666 0.077319 0.079516 0.040309 0.161589 0.064016 0.117713 0.166614 0.115423 0.116835 0.109345 0.205453 0.136629 0.108501 0.057270 0.048650 0.081999 0.062545 0.069579 0.050102 0.140893 0.016578 0.052142 0.112246 0.137092 0.190579 0.055243 0.065853 0.049151 0.106634 0.090830 0.108995 0.046521 0.059485 0.050063 0.074115 0.123305 0.068236 0.038518 0.054934 0.080548 0.102755 0.033873 0.035468 0.045266 0.039781 0.058736 0.063368 0.074314 0.059812 0.072921 0.025702 0.063386 0.107461 0.073488 0.048631 0.033395 0.041913 0.027487 0.030847 0.041531 0.031110 0.038666 0.047762 0.040144 0.048242 0.054662 0.030363 0.039406 0.056360 0.056039 0.069496 0.053890 0.027531 0.022682
7.990193 0.677206 214.3652 0.000000 14.402193 13.905678 13.517428 13.025215 11.820026 10.966758 10.281950 9.583667 8.929974 7.908216 7.005615 5.905149 5.613824 5.743613 6.194362 6.742379 6.650198 5.954441 5.502389 4.870617 4.245556 3.724838 3.368211 3.244815 4.034201 5.065226 6.090841 6.334163 5.826420 4.352960 3.419359 4.641948 7.025668 8.355882 7.980873 7.506740 11.113688 19.447525 29.866370 40.251408 48.637811 53.992847 55.279308 52.457931 46.215989 37.803818 28.100675 18.417360 9.879641 3.431221 2.686809 6.107065 7.990129 8.515915 7.836119 6.483181 4.796065 2.980745 1.536717 0.723718 0.898628 1.187468 1.558881 2.063887 2.681634 3.390298 4.139207 4.739556 5.022598 4.873358 4.173762 2.823363 1.655374 2.447952 5.109031 7.952323 10.511806 12.511811 13.805748 14.157820 13.719689 12.712983 11.362131 9.853577 8.351484 7.012405 5.999324 5.310731 4.850394 4.456492 4.008550 3.533519 3.038076 2.676802 2.455230 2.214617 1.876342 1.331159 0.733917
8.040367 1.175689 215.6242 0.000000 28.535939 12.239734 5.817728 8.572794 7.664595 15.418528 21.297968 19.620679 12.657341 8.363639 9.073285 7.313335 4.917744 4.734024 5.439734 3.664910 4.098810 9.766544 11.206966 8.502457 4.709173 2.797419 4.071139 6.349896 5.287672 4.499017 7.545509 9.636254 10.313405 6.519445 7.147332 13.528709 14.933909 15.215379 14.303469 20.328375 17.951876 17.510263 46.351941 38.503778 37.764674 114.998381 151.055293 114.580923 43.877263 6.403619 9.892907 7.074237 14.236319 10.678446 13.579506 11.934571 4.715861 7.000125 5.292378 3.078532 6.123983 5.470493 6.162955 6.315171 3.685400 2.056808 2.936758 2.620271 2.774541 4.877686 9.638097 13.468662 11.594907 7.257466 6.341674 7.433120 9.818086 14.574718 18.126227 13.538334 10.327322 22.709060 32.178696 27.702001 16.258624 10.454956 8.022417 2.819160 3.397381 5.162600 3.725311 4.941656 8.379716 7.552104 4.030181 7.897091 9.645670 7.058197 3.600509 3.015369 4.992759 6.345540 7.608350
8.090182 1.324369 215.5837 0.000000 26.005883 9.833523 8.039228 6.660157 9.450317 16.432752 21.253483 18.622817 9.524905 5.648752 7.043281 7.484237 7.169734 5.892785 4.562872 2.841008 5.814231 8.985588 9.366669 5.649327 2.485214 1.647101 2.579778 3.404430 4.510608 6.431443 7.924553 6.134513 6.425613 4.329145 8.720176 9.823160 10.496682 11.938000 7.480168 8.377583 15.632913 17.945939 26.758901 47.535129 30.854557 155.320276 195.665719 79.672994 43.676277 20.874230 7.771612 7.161047 10.426078 12.954082 16.911236 7.806009 1.589920 5.513326 2.034954 6.681787 4.755783 6.380310 5.636400 3.158255 4.946341 3.592418 3.146141 3.417864 6.068548 7.153108 10.835272 12.951488 9.646529 8.395681 9.058717 5.257853 8.139030 14.160306 20.885641 18.259878 16.914319 26.975757 26.445594 24.355993 26.391838 9.976268 11.466643 10.070050 6.979034 7.144771 3.486363 6.446344 4.680064 9.739850 6.395777 7.849858 9.587499 9.139174 2.783203 1.878425 4.976734 6.117073 6.582555
8.143814 1.328901 219.3240 0.000000 25.865259 9.519366 8.793564 5.963967 8.495519 16.211497 21.152873 19.678634 11.299213 4.282290 7.004898 7.887945 6.887503 6.538002 5.226770 2.041132 4.347633 8.617768 9.961795 7.107537 4.188423 1.317414 2.444511 2.493652 4.198449 5.040263 7.547821 6.948198 6.660892 5.755475 5.652085 9.384061 11.667609 9.758929 8.010318 8.513336 13.308354 13.997100 14.496962 39.825135 47.782168 61.463297 171.968121 170.150779 71.045449 37.237750 20.169405 8.394366 6.278195 10.754458 14.349604 15.231125 7.740548 2.465209 4.855231 2.555110 6.530706 4.997893 6.548692 5.450146 2.498644 4.658157 3.553648 2.797646 2.344278 5.910197 7.198549 10.079727 12.794521 11.145124 7.378729 9.152147 6.472738 6.099411 12.677283 18.835055 20.262293 17.480235 22.578729 28.107370 24.940310 25.091564 19.013576 9.304743 11.451273 7.892340 6.596803 5.449800 4.587458 5.987935 6.775844 8.035506 7.148896 8.664425 9.604533 6.909220 2.156609 3.289813 5.472820
8.193679 1.156751 214.2599 0.000000 21.521020 8.366028 6.152442 6.928012 10.286908 12.171949 14.155283 14.370676 12.346438 8.727363 8.876297 7.476727 5.956200 4.388625 2.526051 1.815082 4.228787 6.805166 7.967160 6.487283 4.474580 1.018982 2.129134 1.517876 1.932164 2.172097 5.161882 7.102104 8.777663 6.734222 5.103922 8.334969 13.589042 15.516588 9.287796 5.045235 10.267458 11.305220 19.442407 12.746597 27.165496 95.313320 149.962746 127.259734 61.151595 31.391307 35.802901 22.396704 12.494800 15.050670 15.755083 17.733428 14.570696 8.776010 5.749014 8.190729 5.031323 3.761582 5.204450 8.645298 5.834744 7.528439 7.156082 6.750990 5.586061 7.525577 13.060832 14.231530 12.167319 7.855600 5.684767 8.586392 6.570072 6.652052 9.661834 11.257915 16.169656 22.059351 22.800197 18.412148 13.843284 17.215649 19.664944 10.942218 8.797119 11.615425 5.709070 2.268255 2.296999 1.558892 3.764951 8.274776 10.558982 9.156324 8.416946 5.646030 1.781718 3.051726 6.020032
8.240383 0.642332 218.0351 0.000000 8.219555 6.139837 4.576335 3.211495 3.192202 3.288113 2.590563 2.174559 1.257288 1.403077 2.588196 2.465997 1.898484 2.203707 2.236827 2.182129 2.565829 2.633587 2.039520 2.412919 2.309112 1.422190 2.825513 3.472824 3.051502 2.773871 3.131530 3.690660 3.330674 3.113934 4.170954 4.987288 4.730621 4.084525 5.222375 5.834432 6.818469 11.988296 12.731987 13.995839 33.135053 56.227903 64.684077 62.796412 53.927642 41.315542 30.376487 21.337248 13.840707 8.582143 6.885650 7.369806 6.819145 6.233433 6.242552 6.922687 7.149343 5.107360 3.397043 6.054885 7.817719 6.359715 4.078627 3.309885 4.545281 5.619410 5.246469 4.422658 3.923196 3.214959 4.384273 5.810555 6.266815 5.740588 4.570334 3.209734 3.696452 6.643023 9.354525 9.065842 7.977986 9.309433 11.148360 11.593544 10.769759 8.871529 6.305118 4.514804 3.849695 3.238846 2.517896 2.138029 2.419131 3.046499 3.528908 2.789123 1.471961 1.617504 2.820466
8.290272 0.112399 203.0107 0.000000 0.733061 0.763884 0.617718 0.300919 0.388920 0.312436 0.576774 0.640642 0.914928 0.991156 0.872119 0.661708 0.678786 0.349020 0.397188 0.331545 0.349705 0.437343 0.585637 0.813844 1.175234 1.499844 1.578537 1.471719 1.122245 1.103786 1.280137 1.333668 1.471503 1.602179 1.888707 2.135733 2.303022 2.928064 3.795379 4.775883 6.163145 7.588186 8.966070 10.023659 9.405249 7.486343 5.282222 3.386909 3.019273 2.981636 2.563201 2.420260 2.113785 2.090056 2.072619 1.791002 1.775303 1.387811 1.140377 0.787976 0.524173 0.524992 0.655469 0.840185 1.119387 1.285558 1.231989 1.190779 1.052716 0.935022 0.892953 0.945215 1.105891 1.228677 1.297185 1.283025 1.161232 1.265412 1.221508 1.299597 1.516657 1.509998 1.455997 1.196813 1.049531 0.777470 0.523943 0.674213 0.765135 0.926312 0.775295 0.813621 0.697261 0.491442 0.358607 0.246832 0.476552 0.654428 0.821695 0.682532 0.735664 0.986852 1.136737
