# LRA Full Analysis Data — Replot Source File
# Source file: ramp_90to60BPM_8s_210Hz.mp3
# Generated:   2026-07-13 15:05:50
# Accel sample rate: 1602.0-1746.8 Hz per-window range (1675.4 Hz overall)
#                    Each window measured with its own real rate, then
#                    resampled onto the common freq_bins grid below
# Rows:        167 (one per time window)
# Freq bins:   100 bins, 0.0 to 495.1 Hz
#
# MACHINE-READABLE METADATA (used by replot mode — do not edit):
#@duration=8.000000
#@rate_overall=1675.373336
#@rate_min=1602.008931
#@rate_max=1746.794237
#@freq_bins=0.0000,5.0011,10.0022,15.0033,20.0045,25.0056,30.0067,35.0078,40.0089,45.0100,50.0111,55.0123,60.0134,65.0145,70.0156,75.0167,80.0178,85.0189,90.0201,95.0212,100.0223,105.0234,110.0245,115.0256,120.0267,125.0279,130.0290,135.0301,140.0312,145.0323,150.0334,155.0345,160.0357,165.0368,170.0379,175.0390,180.0401,185.0412,190.0423,195.0435,200.0446,205.0457,210.0468,215.0479,220.0490,225.0501,230.0513,235.0524,240.0535,245.0546,250.0557,255.0568,260.0580,265.0591,270.0602,275.0613,280.0624,285.0635,290.0646,295.0658,300.0669,305.0680,310.0691,315.0702,320.0713,325.0724,330.0736,335.0747,340.0758,345.0769,350.0780,355.0791,360.0802,365.0814,370.0825,375.0836,380.0847,385.0858,390.0869,395.0880,400.0892,405.0903,410.0914,415.0925,420.0936,425.0947,430.0958,435.0970,440.0981,445.0992,450.1003,455.1014,460.1025,465.1036,470.1048,475.1059,480.1070,485.1081,490.1092,495.1103
#@input_spectrum=0.000000e+00,2.345928e+00,2.344359e+00,2.370873e+00,2.383632e+00,2.422116e+00,2.445093e+00,2.496598e+00,2.531812e+00,2.595476e+00,2.641672e+00,2.719915e+00,2.777162e+00,2.870565e+00,2.948013e+00,3.055060e+00,3.138941e+00,3.277129e+00,3.376746e+00,3.545591e+00,3.666509e+00,3.874090e+00,4.016886e+00,4.280942e+00,4.456941e+00,4.795016e+00,5.031252e+00,5.462190e+00,5.736918e+00,6.361215e+00,6.780492e+00,7.638475e+00,8.139368e+00,9.610300e+00,1.017832e+01,1.310249e+01,1.401033e+01,2.126617e+01,2.325768e+01,6.773196e+01,1.441605e+02,2.198080e+02,2.514017e+02,2.188634e+02,1.428740e+02,6.680638e+01,2.305821e+01,2.134773e+01,1.411600e+01,1.323110e+01,1.031771e+01,9.755473e+00,8.285445e+00,7.786669e+00,6.926410e+00,6.504162e+00,5.880085e+00,5.600793e+00,5.167552e+00,4.925564e+00,4.584869e+00,4.401536e+00,4.133793e+00,3.981614e+00,3.769271e+00,3.638506e+00,3.462665e+00,3.350550e+00,3.205988e+00,3.107862e+00,2.990083e+00,2.899438e+00,2.793511e+00,2.718362e+00,2.627051e+00,2.558783e+00,2.478400e+00,2.419134e+00,2.347387e+00,2.292778e+00,2.229848e+00,2.180750e+00,2.124394e+00,2.079767e+00,2.028991e+00,1.988263e+00,1.942438e+00,1.904618e+00,1.862808e+00,1.827738e+00,1.789148e+00,1.758292e+00,1.723101e+00,1.692808e+00,1.660321e+00,1.633651e+00,1.603691e+00,1.577751e+00,1.551326e+00,1.526054e+00
#
# Columns: time_s  rms_g  peak_freq_hz  then 100 FFT magnitude bins (in g)
#
0.440311 0.005291 39.8899 0.000000 0.131594 0.160001 0.107535 0.042193 0.159115 0.182222 0.429896 0.446258 0.343041 0.025504 0.184535 0.107239 0.110583 0.069339 0.166540 0.163883 0.106516 0.110990 0.162980 0.087969 0.198809 0.176256 0.142587 0.081227 0.235765 0.099776 0.127726 0.203955 0.062035 0.037951 0.029018 0.081725 0.066729 0.118154 0.118364 0.108075 0.058551 0.042736 0.073084 0.139907 0.121285 0.073140 0.205647 0.057570 0.054161 0.061542 0.040848 0.081876 0.140596 0.116752 0.067595 0.086665 0.118380 0.030051 0.098433 0.051582 0.048211 0.079169 0.103594 0.081340 0.051601 0.111909 0.069059 0.078278 0.105745 0.086559 0.056674 0.072768 0.020674 0.033166 0.025568 0.063674 0.077210 0.031822 0.042317 0.067252 0.032549 0.036419 0.051870 0.008423 0.027908 0.046929 0.029227 0.068719 0.063144 0.057166 0.052519 0.046341 0.044368 0.071966 0.075106 0.057715 0.031325 0.043245 0.038874 0.061332 0.052268 0.056784 0.047530
0.494284 0.005081 45.5787 0.000000 0.052023 0.108921 0.118699 0.092845 0.176940 0.102126 0.310968 0.377657 0.416485 0.163579 0.102912 0.170344 0.115771 0.043218 0.082336 0.116289 0.104921 0.118901 0.110448 0.131396 0.215867 0.157194 0.110958 0.129467 0.154321 0.174475 0.101462 0.180785 0.112310 0.041756 0.051384 0.056232 0.060268 0.107326 0.129757 0.099267 0.067481 0.064575 0.059724 0.093604 0.157581 0.134997 0.114301 0.139293 0.118465 0.074630 0.038511 0.048403 0.110494 0.141009 0.111208 0.141484 0.096102 0.053705 0.098959 0.061966 0.045195 0.114179 0.113157 0.061944 0.083660 0.069188 0.116210 0.044781 0.086176 0.072437 0.064602 0.032456 0.032240 0.074735 0.049331 0.078829 0.025777 0.054688 0.028232 0.023739 0.043077 0.065531 0.055285 0.056530 0.034958 0.022657 0.058947 0.023615 0.041673 0.055221 0.062799 0.038320 0.070819 0.056731 0.045053 0.058833 0.066252 0.014955 0.042358 0.025705 0.072625 0.066848 0.032772
0.540244 0.004455 44.8723 0.000000 0.098605 0.064891 0.174656 0.063041 0.080202 0.084796 0.101229 0.167984 0.362255 0.076805 0.223882 0.252714 0.092961 0.079552 0.067568 0.120693 0.135744 0.107257 0.120060 0.090772 0.213743 0.074974 0.171007 0.136626 0.095886 0.170831 0.140170 0.186268 0.026550 0.065374 0.046621 0.036925 0.078482 0.135037 0.081753 0.028399 0.010780 0.051562 0.067501 0.032996 0.036768 0.127568 0.098414 0.172941 0.047333 0.039957 0.076772 0.104691 0.180964 0.066319 0.080818 0.069043 0.047804 0.136689 0.074441 0.086482 0.073179 0.047575 0.054722 0.072642 0.043682 0.133290 0.050454 0.088166 0.086888 0.043201 0.028974 0.035542 0.103931 0.057991 0.025153 0.043402 0.030632 0.053829 0.037741 0.049825 0.061113 0.080931 0.048418 0.048353 0.028855 0.037153 0.025154 0.028516 0.078345 0.064000 0.042197 0.069653 0.042800 0.044150 0.051352 0.035724 0.039064 0.020245 0.030183 0.045429 0.024839 0.046883 0.030905
0.591848 0.004667 45.1797 0.000000 0.167098 0.206976 0.100194 0.211485 0.238251 0.081357 0.191013 0.057421 0.398179 0.202720 0.105709 0.178009 0.099836 0.018598 0.030617 0.146113 0.165142 0.100914 0.115419 0.157648 0.139622 0.084578 0.070129 0.034589 0.128688 0.069095 0.044985 0.104348 0.083067 0.027565 0.127197 0.165700 0.178899 0.093922 0.084756 0.042523 0.019824 0.054055 0.077128 0.085158 0.071289 0.151426 0.134299 0.165458 0.138872 0.083444 0.068706 0.125922 0.126260 0.079119 0.085648 0.111795 0.041919 0.103536 0.099426 0.104124 0.100573 0.066629 0.046527 0.067962 0.037174 0.083176 0.051826 0.047407 0.048640 0.043898 0.019850 0.035043 0.076428 0.057333 0.022721 0.039676 0.043657 0.073364 0.067749 0.070910 0.070579 0.071406 0.060718 0.056932 0.026244 0.009880 0.024768 0.040286 0.093961 0.083354 0.028192 0.045881 0.032128 0.009886 0.056252 0.053295 0.052574 0.053623 0.050652 0.066336 0.038058 0.024218 0.025127
0.640281 0.005041 44.8601 0.000000 0.164910 0.200301 0.125048 0.195010 0.177164 0.251120 0.043147 0.303545 0.409128 0.066113 0.242755 0.071637 0.082701 0.118970 0.165656 0.145482 0.078779 0.040291 0.104029 0.139071 0.106982 0.235991 0.133597 0.079146 0.096029 0.091841 0.065731 0.099464 0.141220 0.096317 0.189466 0.145685 0.199096 0.119574 0.208679 0.137560 0.097627 0.092139 0.092058 0.072440 0.048267 0.161837 0.155905 0.105191 0.049207 0.053363 0.077435 0.115705 0.031336 0.137071 0.056377 0.086272 0.081848 0.072555 0.053760 0.126042 0.079361 0.059801 0.054994 0.035714 0.038614 0.083975 0.058242 0.055885 0.053781 0.040168 0.021821 0.061357 0.069970 0.047369 0.019718 0.044381 0.051681 0.073912 0.069141 0.051957 0.049929 0.081350 0.080609 0.027492 0.022385 0.036221 0.062860 0.059816 0.036843 0.036157 0.053186 0.045803 0.008638 0.026864 0.064786 0.027696 0.034331 0.030692 0.041907 0.050867 0.041500 0.052349 0.033966
0.691847 0.005209 40.1935 0.000000 0.135491 0.250927 0.065907 0.243313 0.215937 0.202188 0.058964 0.361802 0.357088 0.090863 0.248019 0.054423 0.106942 0.088097 0.119603 0.209559 0.149576 0.069034 0.166775 0.138520 0.215300 0.167996 0.077252 0.100180 0.042445 0.030635 0.120698 0.134113 0.097530 0.120254 0.209671 0.138803 0.220905 0.157313 0.152295 0.175239 0.153269 0.068968 0.119535 0.056876 0.058410 0.116840 0.104950 0.187833 0.123469 0.118491 0.055648 0.070488 0.039786 0.088833 0.122318 0.037641 0.012738 0.048264 0.027232 0.090424 0.089790 0.047931 0.031197 0.055652 0.069596 0.062698 0.051004 0.034694 0.046416 0.077582 0.044290 0.059536 0.050003 0.031999 0.021897 0.043689 0.052698 0.086456 0.064392 0.063358 0.041483 0.066101 0.097478 0.062052 0.026362 0.033040 0.041134 0.051772 0.031358 0.020923 0.033919 0.058302 0.063348 0.058308 0.065979 0.044660 0.039053 0.033511 0.018553 0.050563 0.040078 0.043408 0.050755
0.740269 0.005383 9.9720 0.000000 0.180222 0.325145 0.133590 0.212848 0.233173 0.033906 0.203604 0.238145 0.309551 0.249054 0.241804 0.127785 0.165992 0.193281 0.091791 0.192628 0.134713 0.092667 0.175643 0.107614 0.261519 0.114965 0.087104 0.076599 0.126263 0.146818 0.126189 0.187492 0.111159 0.178475 0.196559 0.092410 0.205787 0.158170 0.139435 0.187330 0.123193 0.030182 0.151220 0.100334 0.113842 0.106460 0.054754 0.162070 0.096783 0.109922 0.063452 0.052837 0.096409 0.096579 0.117019 0.026974 0.032965 0.046618 0.028051 0.095573 0.044958 0.103599 0.073960 0.063030 0.037715 0.037852 0.031230 0.043896 0.100154 0.055247 0.049721 0.043312 0.032008 0.053099 0.046163 0.036819 0.020686 0.049758 0.019312 0.048529 0.086521 0.106388 0.052908 0.021549 0.018999 0.028447 0.057871 0.038597 0.023907 0.042133 0.071294 0.049503 0.058650 0.065095 0.069403 0.037744 0.039751 0.023869 0.059208 0.094403 0.044478 0.041971 0.053967
0.790291 0.005093 51.0877 0.000000 0.086342 0.204283 0.143603 0.051451 0.200877 0.130378 0.269891 0.209243 0.282680 0.356435 0.143954 0.080072 0.086535 0.113508 0.169946 0.273819 0.193395 0.108929 0.071098 0.135573 0.202827 0.131520 0.068370 0.108164 0.163049 0.174442 0.113344 0.095761 0.148070 0.142765 0.152697 0.067062 0.074143 0.168983 0.164920 0.121892 0.152070 0.142348 0.034094 0.123243 0.068071 0.065214 0.085818 0.073607 0.091588 0.149013 0.127066 0.054585 0.039212 0.026384 0.065567 0.119596 0.070948 0.083680 0.092103 0.091665 0.059722 0.068067 0.075910 0.078185 0.055121 0.033774 0.058854 0.061901 0.047251 0.105777 0.063217 0.017738 0.030646 0.036997 0.064913 0.068380 0.046999 0.037709 0.032616 0.049104 0.050828 0.056848 0.088199 0.063404 0.020439 0.041675 0.018651 0.022452 0.042322 0.030872 0.039002 0.042732 0.076012 0.028853 0.076697 0.055864 0.066291 0.029160 0.029820 0.053956 0.058033 0.054175 0.035430
0.833090 0.522191 222.2981 0.000000 5.220056 5.089400 5.034334 4.711043 4.461106 3.838168 3.749041 3.435302 3.601859 3.795858 4.258902 4.778362 5.178916 5.373472 5.510717 5.674056 5.782198 5.880072 6.047586 6.362280 6.649472 6.740874 6.814254 6.651158 6.306936 6.180726 5.777908 6.018256 6.256924 6.795072 7.562127 7.717796 7.413278 6.571973 5.994821 6.689877 9.587944 13.903584 18.969151 24.104600 28.669957 32.522535 35.196312 36.542106 36.570641 35.320744 32.923356 29.609694 25.744270 21.666175 17.636054 13.797585 10.305169 7.332024 4.857083 2.911130 1.897879 2.155677 2.797912 3.389564 3.619196 3.390942 3.015491 2.380288 1.797467 1.274100 1.033785 0.985101 0.881115 0.608466 0.488193 0.900491 1.852781 3.042512 4.342010 5.658080 6.911651 8.087188 9.011855 9.622112 10.031597 10.145890 9.951249 9.482326 8.799802 7.966144 7.020548 6.112414 5.107904 4.109643 3.207473 2.284577 1.448017 0.979488 1.096863 1.511323 1.792205 2.001924 1.905226
0.886436 1.095928 214.0353 0.000000 26.949310 18.845486 7.813296 7.107578 14.104524 15.710503 13.105764 9.076517 7.318499 7.903416 6.359861 4.283268 3.117864 2.011778 1.148199 2.341154 3.970163 5.231967 6.199659 5.069822 2.407435 3.839080 6.032846 6.425416 7.762945 8.413890 6.963263 5.168021 5.502091 8.526061 9.185175 6.050220 7.935215 10.008196 15.763923 19.818299 8.532619 16.627160 26.765024 13.919350 57.732200 113.756372 131.849148 101.482373 47.281994 16.723110 23.547127 15.247533 7.640137 9.902380 6.070618 6.376672 11.171343 10.411397 8.550615 6.815787 3.333941 1.458015 1.352464 2.711273 4.650561 6.155440 8.357457 10.393535 10.340184 7.426411 3.347649 6.435029 8.410208 6.467436 7.420770 7.889767 5.091456 13.609634 19.561701 16.222694 13.811106 22.810744 26.420922 19.176880 7.758721 4.750255 8.996745 7.688011 5.515437 6.018852 8.462854 10.479142 10.261510 9.011012 9.257466 9.857034 8.385115 5.197817 1.757968 1.577253 3.394553 4.249153 3.821449
0.933125 1.279226 211.5574 0.000000 26.320653 12.413274 5.097743 2.523124 13.214057 20.390963 13.949058 7.540070 8.610051 6.808640 6.409340 6.462725 2.821448 1.405115 3.546038 5.239065 4.186178 4.364502 1.850975 5.187006 5.365747 3.703447 3.636460 1.708005 4.416717 6.050902 5.384292 4.779972 4.359219 6.760675 12.303383 10.631524 5.740524 11.349065 11.081809 14.562409 12.683882 10.487547 34.590286 31.160880 106.773889 180.367551 115.707700 48.749087 22.277019 16.666769 19.515747 6.941244 5.252153 8.272626 10.548375 4.783699 10.965975 5.613783 5.304105 8.486937 4.055478 1.660936 4.276055 5.676048 6.327905 8.698324 8.436441 6.123306 6.391796 6.693525 6.793360 6.639282 3.915502 2.758446 3.498536 3.892592 9.103573 17.277610 22.076545 17.284031 16.495399 36.023805 24.894112 6.553959 7.135640 8.323787 8.536330 5.610726 4.020960 11.257250 14.133391 12.593642 9.993014 7.187124 8.028238 8.475793 4.279307 3.414280 2.948198 6.222681 5.089610 3.096354 3.294482
0.991856 1.284500 215.2137 0.000000 26.115271 13.157308 5.117368 1.782402 12.396252 20.025568 15.930713 6.792450 9.573930 6.961102 6.290897 6.697241 3.152550 0.633493 2.170507 4.732535 5.511827 4.018401 2.731601 3.264768 5.413433 4.069536 3.278694 3.864503 2.939953 5.031636 6.876062 4.576271 2.853022 4.912172 10.702129 11.476097 7.930016 6.449662 10.251844 6.659674 23.024021 11.088614 13.908512 48.629188 25.670269 150.163878 188.719009 88.594760 34.073674 19.706949 17.359558 19.740670 4.039227 4.442713 9.583036 8.652884 6.009761 9.518073 5.755361 5.385805 7.929293 4.873036 1.939521 3.974068 6.034165 6.005330 8.295779 9.012912 6.473481 6.223751 6.714197 6.783529 6.663963 4.531741 2.967455 3.282989 3.627047 7.217760 15.410580 20.426829 19.175051 16.095333 31.873786 30.180528 10.946658 7.287117 7.703640 8.863048 8.336739 1.121483 8.178378 13.527556 15.131400 10.430141 8.647856 6.913886 8.261283 8.330051 2.343334 4.001961 3.826080 6.749120 4.451847
1.040451 1.188760 219.4285 0.000000 21.146398 12.965416 8.573586 9.267058 9.722897 13.412498 14.629277 7.254639 6.706775 8.887964 4.702282 8.529807 9.531602 6.925730 5.597658 4.643093 11.194425 10.317722 7.752997 6.184740 8.369447 4.775011 3.879028 2.938385 5.901249 7.271013 12.135228 10.427106 4.098363 7.261266 13.150309 17.915455 13.410612 11.692622 8.791321 4.258355 11.221644 9.883567 30.850171 18.836072 34.619757 65.400830 150.113360 149.368455 78.445429 35.969360 34.899467 15.462310 10.886052 15.684202 11.564459 10.950053 4.596510 6.575346 7.032340 4.671064 4.546782 8.801774 7.265302 1.373385 2.517125 4.721570 7.088841 9.536314 9.727915 5.210178 3.532416 5.242527 4.956007 7.227228 8.327392 6.406252 3.429717 5.089050 6.211400 14.734598 15.635674 14.334222 11.422369 16.786718 28.380609 23.268150 10.050857 2.199365 4.771439 7.400731 8.457511 5.069949 11.190789 15.336304 13.829446 9.732912 7.741289 6.338666 7.898362 7.606016 3.481142 4.327818 3.900366
1.086376 0.696511 219.6586 0.000000 5.758030 4.697271 4.624322 6.349042 7.328677 8.901426 9.844386 9.148387 7.135048 4.138051 2.316562 2.770539 3.453369 3.977905 4.334141 3.446322 2.350261 3.316288 4.245874 4.334494 5.434986 6.562295 7.153382 6.835135 5.474209 5.878011 7.994622 8.342619 6.916323 6.403881 7.023783 7.908252 9.969041 9.170790 6.997441 7.799137 8.853437 17.115630 26.082273 21.145976 20.193805 50.559971 67.584817 72.734086 65.556634 48.770518 34.042209 21.240844 10.633669 3.818187 3.109625 5.518092 6.156846 5.052596 2.572440 1.654540 2.682355 3.568909 3.169769 2.290044 2.503334 2.805286 2.049510 1.166565 1.653778 2.987393 3.825108 3.493984 2.224614 0.849120 0.657415 1.101984 1.913284 3.774843 5.341643 5.594152 4.983860 3.451740 3.170705 7.437480 11.605825 12.523224 11.148411 9.478664 7.771239 5.840592 3.571875 1.395527 2.266456 4.556204 5.232148 5.086600 5.394139 4.755325 4.178016 5.117313 4.013657 2.006927 1.956246
1.133048 0.129266 200.7019 0.000000 1.999660 1.760395 1.425928 0.866448 0.520965 0.472576 0.554447 0.467328 0.393356 0.307155 0.438655 0.564785 0.732702 0.815001 0.934128 1.109097 1.318579 1.458710 1.438668 1.365354 1.213308 0.987055 1.058677 1.427308 1.607602 1.892352 1.984066 2.220452 2.269547 2.436177 2.479065 1.833337 1.259763 2.030168 3.309207 4.896416 6.610617 8.622275 10.063943 11.483735 11.203687 8.457639 5.924206 4.550806 5.306036 5.293009 4.226712 3.763929 3.142546 2.551167 2.370747 2.229801 2.010803 1.856307 1.804924 1.718879 1.585630 1.413563 1.122168 0.921716 0.678682 0.559976 0.675638 0.684900 0.705552 0.621456 0.494194 0.347803 0.248441 0.295439 0.216592 0.416201 0.519540 0.794207 0.997194 0.924248 0.857044 0.724420 0.455811 0.378370 0.554461 0.749368 0.906316 0.984803 0.925843 0.844739 0.792727 0.817629 0.713938 0.608710 0.738779 0.864929 1.084595 1.439751 1.548761 1.420894 1.154408 1.134549 1.403291
1.186461 0.010928 224.3280 0.000000 0.289931 0.043647 0.119841 0.121687 0.253535 0.103270 0.354802 0.297795 0.191598 0.207445 0.060787 0.057277 0.182183 0.245351 0.133944 0.019609 0.066928 0.118289 0.104383 0.126410 0.222500 0.272510 0.341498 0.082817 0.342191 0.235432 0.144317 0.195330 0.139124 0.106469 0.125031 0.071651 0.124145 0.153765 0.206775 0.264281 0.496340 0.559511 0.687495 0.676585 0.440879 0.242885 0.425947 0.680416 0.728432 0.703277 0.579907 0.354546 0.146501 0.093615 0.409038 0.249785 0.133511 0.088196 0.196420 0.144102 0.168255 0.083041 0.033372 0.068799 0.181998 0.181367 0.065286 0.104928 0.074645 0.059252 0.070316 0.069372 0.117416 0.081453 0.053499 0.065338 0.045217 0.065752 0.044467 0.089492 0.078847 0.052210 0.089451 0.071118 0.064575 0.032381 0.051788 0.089472 0.104315 0.102783 0.151048 0.156204 0.159386 0.146316 0.084042 0.083766 0.127869 0.165682 0.175576 0.129847 0.079165 0.059660 0.066504
1.234189 0.005367 34.3762 0.000000 0.261306 0.060213 0.057928 0.180505 0.223771 0.170682 0.391902 0.226846 0.169044 0.128130 0.032366 0.084551 0.083538 0.121759 0.216830 0.082428 0.096090 0.134675 0.183388 0.130637 0.056707 0.112297 0.126768 0.183163 0.235549 0.124506 0.079269 0.104343 0.156533 0.094283 0.130870 0.216847 0.111333 0.074690 0.112796 0.152164 0.098462 0.094296 0.129637 0.115610 0.121956 0.133660 0.233416 0.150855 0.050181 0.083659 0.066541 0.121550 0.171484 0.208591 0.104229 0.098017 0.030661 0.075258 0.132458 0.019448 0.077833 0.028823 0.048675 0.127333 0.077449 0.114629 0.054595 0.075270 0.074820 0.071158 0.068175 0.064602 0.050718 0.044344 0.098543 0.040669 0.032380 0.045013 0.051165 0.068217 0.053625 0.036812 0.023308 0.044883 0.042438 0.046395 0.078267 0.059464 0.033881 0.041075 0.048868 0.051397 0.029619 0.051685 0.061204 0.031327 0.051977 0.038945 0.023799 0.052585 0.016374 0.027532 0.041919
1.286376 0.005433 34.9411 0.000000 0.199030 0.158159 0.113069 0.139332 0.136921 0.103861 0.618080 0.114704 0.084119 0.130625 0.062828 0.079205 0.047384 0.053974 0.259618 0.169112 0.044645 0.202300 0.207601 0.189289 0.130529 0.219357 0.025256 0.156650 0.259512 0.129813 0.167415 0.061969 0.118012 0.161144 0.040133 0.160277 0.099182 0.137087 0.020291 0.155964 0.126083 0.082904 0.123700 0.113016 0.099155 0.154037 0.119243 0.143187 0.139941 0.130549 0.096324 0.097441 0.146316 0.089025 0.065168 0.039160 0.112444 0.042185 0.055451 0.158302 0.021332 0.076619 0.019452 0.038473 0.107005 0.088946 0.043067 0.071020 0.036239 0.064893 0.058103 0.074718 0.046393 0.035588 0.056115 0.056075 0.058668 0.085223 0.068024 0.030766 0.065039 0.092067 0.032746 0.033272 0.028579 0.048006 0.041316 0.066148 0.102060 0.029481 0.022643 0.030280 0.069056 0.050221 0.034902 0.074689 0.036749 0.055542 0.022231 0.007330 0.015757 0.057246 0.035207
1.336069 0.005328 35.3132 0.000000 0.207481 0.130814 0.057869 0.068216 0.174917 0.161253 0.470868 0.105368 0.196723 0.186295 0.085055 0.134758 0.104174 0.135957 0.165007 0.220157 0.103299 0.166176 0.183487 0.107230 0.098140 0.237649 0.064023 0.149531 0.239310 0.101957 0.111821 0.109515 0.071522 0.061126 0.116214 0.195978 0.137039 0.154743 0.084823 0.103393 0.147677 0.108695 0.116493 0.133736 0.103945 0.133960 0.121706 0.138628 0.158772 0.135927 0.089982 0.048705 0.099255 0.082784 0.091518 0.135832 0.073609 0.069939 0.075116 0.080447 0.103995 0.068513 0.056308 0.060009 0.039780 0.087248 0.127057 0.079160 0.077586 0.077899 0.058137 0.054281 0.029504 0.034446 0.076594 0.065812 0.076298 0.077058 0.072734 0.069310 0.043838 0.079434 0.060437 0.024698 0.037534 0.022268 0.037982 0.054378 0.096191 0.113419 0.036948 0.028563 0.042041 0.065398 0.051551 0.043406 0.048047 0.038990 0.064281 0.022282 0.037342 0.037880 0.050005
1.383128 0.005057 30.8485 0.000000 0.179946 0.141662 0.070037 0.091718 0.200222 0.283882 0.289209 0.197867 0.123407 0.235617 0.140480 0.192282 0.117833 0.101061 0.073355 0.112480 0.152174 0.144340 0.148915 0.097570 0.086976 0.179129 0.169493 0.080382 0.149866 0.174522 0.081026 0.113979 0.103533 0.044274 0.097583 0.105476 0.125301 0.147320 0.096849 0.126780 0.067441 0.122097 0.068257 0.144401 0.139899 0.116222 0.187422 0.140913 0.076631 0.047540 0.153589 0.091547 0.097407 0.137690 0.078039 0.084865 0.108760 0.069481 0.090564 0.103228 0.082389 0.098335 0.075581 0.062867 0.061352 0.035304 0.072024 0.146432 0.132943 0.098891 0.075729 0.037837 0.041301 0.032252 0.032057 0.050219 0.048697 0.094616 0.096773 0.098709 0.072430 0.041314 0.030553 0.079509 0.033402 0.039626 0.047507 0.033247 0.045787 0.081262 0.093607 0.075539 0.040118 0.035803 0.064149 0.047383 0.012130 0.028545 0.041635 0.034228 0.039807 0.026614 0.033445
1.431823 0.004977 50.1607 0.000000 0.109106 0.037343 0.202278 0.091694 0.281257 0.182843 0.254782 0.278009 0.143558 0.318666 0.093111 0.145323 0.135138 0.155495 0.085291 0.188363 0.121401 0.101438 0.107348 0.107377 0.145643 0.204559 0.063337 0.093276 0.133433 0.077961 0.129054 0.127358 0.037295 0.050335 0.167782 0.084374 0.126282 0.126539 0.068092 0.110727 0.060618 0.128079 0.178824 0.077871 0.053808 0.142470 0.167249 0.114177 0.155381 0.081264 0.044887 0.089736 0.095416 0.096002 0.129119 0.076932 0.076316 0.086768 0.058569 0.098565 0.064627 0.123049 0.045387 0.033080 0.048602 0.094784 0.157560 0.094746 0.052602 0.047030 0.064909 0.065443 0.064618 0.060842 0.033994 0.132698 0.074011 0.072761 0.084975 0.077117 0.057875 0.040407 0.051890 0.051056 0.064539 0.063291 0.039596 0.074142 0.083989 0.073149 0.043671 0.021597 0.025912 0.031479 0.031572 0.041367 0.039998 0.025178 0.028865 0.031070 0.042209 0.058017 0.037508
1.480295 0.005004 25.0672 0.000000 0.111325 0.123229 0.060896 0.210419 0.384252 0.250389 0.176796 0.065467 0.307153 0.162219 0.257368 0.035930 0.110430 0.093923 0.099244 0.187276 0.099009 0.079375 0.132171 0.057543 0.072077 0.115248 0.127176 0.076141 0.142893 0.115401 0.132892 0.066934 0.132839 0.078781 0.188132 0.166225 0.148674 0.082892 0.070116 0.061449 0.093118 0.146066 0.182828 0.102352 0.036953 0.147809 0.180519 0.094970 0.111528 0.074017 0.054774 0.067021 0.066735 0.021507 0.057148 0.091079 0.073074 0.084668 0.079778 0.170459 0.139354 0.095563 0.053393 0.058342 0.080249 0.053527 0.110781 0.163690 0.075237 0.035535 0.120980 0.097338 0.050258 0.089673 0.050912 0.137207 0.073213 0.049301 0.051701 0.075455 0.079278 0.023303 0.076012 0.030633 0.029034 0.073121 0.052094 0.059235 0.050857 0.053548 0.022862 0.021818 0.030371 0.041740 0.026364 0.048567 0.033620 0.023772 0.026937 0.029504 0.059446 0.039831 0.018228
1.533831 0.483004 207.4508 0.000000 8.108153 7.733739 7.410453 6.875233 6.242525 6.171909 5.307865 5.082432 4.843564 4.364048 3.864935 3.725607 3.214686 2.575019 1.761016 1.153798 0.466002 0.406316 0.974705 1.600949 2.107455 2.496850 2.940579 3.518230 4.265687 5.091486 5.753355 5.844023 5.489159 4.759406 3.874768 3.986069 5.949492 9.376957 13.458708 17.970912 22.292129 26.041046 29.072710 31.151933 32.019380 31.812854 30.645375 28.442588 25.620166 22.690403 19.808496 17.202062 14.971951 13.096650 11.476488 9.847687 8.056301 6.219169 4.615293 3.252663 2.995270 3.800065 4.739099 5.610883 6.072935 6.312086 6.258212 5.711345 4.929664 4.028644 2.906151 1.848807 1.568601 2.139703 3.104372 4.270508 5.304434 6.119479 6.832315 7.450162 7.672062 7.852235 7.692924 7.374175 6.774310 6.031410 5.089347 4.142434 3.127045 2.091557 1.244222 0.709072 0.588762 0.844210 1.037336 1.128242 1.338240 1.602932 1.900075 2.213584 2.506779 2.706528 2.776566
1.581996 1.068462 213.0036 0.000000 25.014609 12.153233 4.506934 7.850857 7.750091 11.121032 16.687282 17.215363 13.436276 10.364977 10.795287 10.430040 6.799492 2.947743 2.089084 3.587321 4.910493 5.676095 6.791800 7.620882 6.438964 3.084377 2.294114 4.471033 4.344693 3.166466 3.663062 3.454535 8.477373 12.045008 10.415700 10.243579 8.938370 3.601859 18.042950 19.362137 10.332803 25.521144 32.023322 28.534443 62.560786 107.962559 119.161623 92.406474 49.196431 23.520223 21.629650 18.812573 9.125724 4.117056 3.362027 5.533074 7.669545 4.541263 5.477421 9.197471 6.653610 4.849992 9.172749 8.206220 3.581153 4.768323 4.724557 4.423235 5.807312 5.961719 7.363096 8.354543 6.802409 8.785723 14.186499 16.122860 16.333165 15.996156 13.194439 14.503853 23.438025 29.423170 25.828534 16.200705 9.754146 7.344718 3.085150 3.434975 5.745853 5.091720 2.465938 1.226426 2.694531 4.318328 4.422565 2.778175 4.762602 8.402817 9.371229 7.364165 4.480791 2.622732 2.230298
1.632706 1.275045 221.6967 0.000000 30.128133 9.462027 6.321413 5.300639 5.176789 9.055771 15.305431 17.604579 13.438715 11.419626 11.564508 11.854649 7.281867 4.648668 7.306446 9.511726 8.244589 4.534119 6.098096 5.343237 4.134301 5.934177 4.506893 2.156375 3.041957 5.322229 7.612435 6.324452 5.439834 4.677208 11.016899 9.275986 5.786377 4.725077 9.876555 6.192896 21.966935 26.094566 15.570144 25.892390 57.422839 40.645310 113.980284 168.850793 111.161727 60.071423 37.123739 20.303245 18.636954 16.853802 7.824204 8.878998 12.957913 10.579147 5.641689 4.903963 4.162643 4.584078 4.722383 3.707022 3.519893 5.115398 4.825354 2.809994 1.634502 1.432323 3.850671 6.026688 7.450357 11.446097 12.506602 10.563699 9.081033 8.226555 12.031701 15.923455 15.710424 14.546299 17.117776 19.133131 23.826543 30.762793 24.793813 16.837504 14.188452 9.752485 5.617704 6.800176 6.495071 4.802753 2.806807 4.254956 7.107341 9.207260 5.858831 6.103125 6.718917 6.408845 8.779367
1.682828 1.281211 217.2232 0.000000 28.464161 8.154528 6.227583 6.488986 4.395725 9.090956 16.819590 16.738703 12.857084 11.594119 11.226588 11.714165 5.647481 5.454202 7.055236 8.814391 7.158162 4.947384 5.154085 5.054710 4.494369 5.536887 4.234172 1.040379 3.786738 6.976975 7.736767 4.240942 3.558725 6.898151 10.334693 8.853806 5.125136 7.707297 9.023541 12.662477 25.351395 18.712717 22.226580 51.235051 49.274345 101.858619 167.673519 119.043740 61.582050 37.057243 19.796936 19.703505 17.351313 8.474607 9.302568 11.535401 9.502730 5.249511 6.014702 3.174059 5.373062 3.662646 2.784359 4.026391 5.378906 3.759334 2.546431 1.401174 1.475894 5.059307 6.423856 7.983328 14.213761 10.862483 10.716922 7.038723 9.767430 14.518808 17.110020 13.992287 15.515730 19.309862 19.094348 31.572283 28.941211 16.964380 15.135126 12.663350 5.283674 6.265312 7.045740 5.768833 2.887400 4.130392 6.722517 9.196787 4.880561 5.555147 7.557755 6.013897 8.969771 8.237097 5.716176
1.731646 1.205033 219.2026 0.000000 28.840561 10.181136 4.099967 8.059371 6.766716 8.663702 13.671090 14.996588 12.827240 11.800246 12.180749 15.416628 10.304141 8.693030 11.180353 3.859815 9.396275 10.110429 11.410550 9.006101 5.871242 4.794326 2.166946 7.332162 6.283994 5.821225 2.859165 10.069821 8.191414 10.770770 15.619855 11.342384 3.150360 9.074434 5.147355 19.387598 10.767922 10.884856 33.829480 29.215579 47.137343 72.627243 148.971487 139.009769 71.322843 51.278008 38.866823 15.677118 14.100085 17.811199 7.067434 17.419046 12.872078 3.555800 8.669786 6.420997 3.282045 5.783771 2.495630 2.406351 3.881022 5.686780 4.635615 1.481388 2.912354 4.708389 6.933238 5.812431 8.649901 13.050793 11.442077 8.067668 6.422540 11.470692 18.326455 17.523214 12.534046 13.420628 13.891185 17.217101 27.706389 28.073270 20.562520 13.794550 9.172880 8.048326 5.171094 5.081100 4.601920 3.519989 4.143892 7.995127 7.013839 4.684346 5.554584 4.086169 3.634530 6.650341 7.554006
1.783948 0.740569 217.1232 0.000000 16.348075 11.689917 10.090673 7.744480 4.801742 4.951658 7.040777 7.113502 7.448182 7.114696 6.263620 8.098657 9.291751 7.931484 4.696981 0.909156 3.434858 4.901822 4.694716 4.131639 3.871581 4.952468 6.812698 7.103289 5.716123 5.394496 7.498363 10.581351 11.403445 10.231019 8.963361 6.915119 4.651769 7.042957 14.221256 20.410611 20.250712 22.012196 25.706492 20.513262 38.137757 66.930004 78.157322 72.649677 54.314331 32.972366 16.420422 6.672549 2.523487 4.649790 10.423693 13.314111 12.827741 10.912194 8.298933 5.603702 3.288354 1.568413 1.477795 2.211662 1.841774 0.983821 0.543968 0.856383 1.697026 1.489330 0.926101 1.649773 3.465254 5.374338 6.778397 7.363053 7.205206 6.388454 4.922401 3.582607 2.504582 2.346640 4.059314 5.979816 7.337395 7.596008 5.971697 4.335090 6.431754 8.750548 7.740095 4.316246 2.140767 4.445114 6.509337 6.055248 5.395313 4.588449 3.977566 4.727030 5.051116 3.818639 2.480655
1.831832 0.148633 199.2319 0.000000 0.937053 1.457359 1.394812 1.458485 1.532804 1.257882 1.516643 1.981263 1.745775 1.430482 1.064779 0.922377 0.860986 1.143297 1.309455 1.550961 1.195332 0.836136 0.790987 0.772824 1.041907 0.977372 1.236704 1.462414 1.606851 1.295479 1.088087 1.435922 1.832275 2.196985 2.492998 2.828757 2.636608 2.919433 3.922948 5.676594 8.082975 10.379827 12.889716 13.875250 11.451373 8.077141 5.816306 6.263245 5.555465 3.926187 3.596136 3.171765 3.545126 3.416654 3.342067 2.896130 2.628244 2.209603 2.038009 1.883812 1.806512 1.887807 1.843108 1.826128 1.510794 1.243954 1.022443 0.794290 0.869290 1.014357 1.082244 1.105356 1.030147 0.880290 0.798738 0.906356 0.990173 0.881696 0.757479 0.687251 0.666715 0.690969 0.860139 1.035115 1.305544 1.391497 1.500386 1.479548 1.360518 1.108837 0.794572 0.676706 0.798627 0.843754 0.677399 0.907689 1.301760 1.414045 1.117651 0.690721 0.489832 0.436387 0.569901
1.880281 0.014526 203.1338 0.000000 0.255083 0.174872 0.099650 0.054494 0.090163 0.216794 0.194325 0.528094 0.206366 0.206566 0.158320 0.195222 0.131241 0.218055 0.193186 0.226794 0.131395 0.193886 0.196520 0.120405 0.111610 0.163675 0.320382 0.251840 0.227548 0.203856 0.253348 0.308402 0.410248 0.350727 0.208707 0.363979 0.447258 0.351908 0.367359 0.387121 0.394578 0.605211 0.896525 1.002022 0.975074 0.703911 0.594879 0.844241 0.950339 0.877867 0.684883 0.452206 0.204922 0.256923 0.353109 0.271971 0.106095 0.187990 0.222114 0.237029 0.158471 0.086387 0.166537 0.196294 0.200144 0.053507 0.136860 0.062755 0.062492 0.075909 0.090794 0.080734 0.048086 0.089508 0.037283 0.144169 0.043320 0.106690 0.115446 0.148125 0.134259 0.130258 0.062666 0.016316 0.121449 0.152417 0.116484 0.076015 0.062052 0.092266 0.136414 0.066538 0.091904 0.188429 0.204682 0.245710 0.242595 0.168945 0.170025 0.231537 0.232435 0.182646 0.125870
1.931818 0.004647 39.8279 0.000000 0.215199 0.227724 0.082331 0.167426 0.157542 0.110955 0.144994 0.369113 0.140549 0.111110 0.036077 0.042169 0.040034 0.166165 0.035047 0.053380 0.205170 0.067056 0.183682 0.137080 0.050471 0.065199 0.220314 0.123722 0.073493 0.115354 0.015297 0.068716 0.243608 0.024193 0.135858 0.150394 0.068356 0.108609 0.104451 0.088203 0.126435 0.049354 0.063146 0.165563 0.063078 0.149761 0.123860 0.076345 0.111495 0.100339 0.054412 0.081720 0.024482 0.050002 0.046297 0.058564 0.098621 0.093854 0.135439 0.071869 0.084022 0.087851 0.057801 0.069462 0.064683 0.059045 0.051001 0.026692 0.039066 0.026811 0.028961 0.037254 0.095297 0.086151 0.065620 0.073327 0.046188 0.060435 0.086193 0.080176 0.060407 0.033629 0.055014 0.055892 0.033084 0.024425 0.043968 0.023596 0.051368 0.077989 0.065708 0.054793 0.068338 0.052247 0.025067 0.020870 0.026130 0.056900 0.041997 0.023817 0.045545 0.053728 0.036345
1.980275 0.004567 39.6723 0.000000 0.197171 0.142285 0.145559 0.137067 0.126683 0.149172 0.183010 0.287947 0.162477 0.093315 0.080824 0.084624 0.127114 0.115272 0.073886 0.078683 0.143297 0.068796 0.232737 0.122486 0.128414 0.163521 0.079220 0.143652 0.143819 0.088891 0.071192 0.131631 0.237327 0.158259 0.134444 0.096601 0.071812 0.121292 0.114582 0.033050 0.073953 0.132388 0.124638 0.127606 0.064238 0.114155 0.094573 0.055701 0.090193 0.119535 0.079378 0.072062 0.075290 0.079002 0.054978 0.054575 0.065093 0.070410 0.105584 0.109333 0.128095 0.111818 0.068361 0.063791 0.058052 0.055117 0.040561 0.053054 0.048193 0.037118 0.036812 0.055822 0.084831 0.054432 0.043210 0.039077 0.042116 0.074384 0.101234 0.095014 0.058392 0.035303 0.020598 0.017867 0.028605 0.043860 0.038813 0.049155 0.091994 0.069208 0.040962 0.072223 0.066413 0.032431 0.044293 0.033750 0.031606 0.057657 0.022433 0.043331 0.039906 0.032539 0.034967
2.031282 0.004523 20.0961 0.000000 0.154734 0.208815 0.090799 0.227981 0.143459 0.184062 0.092643 0.198666 0.162151 0.146238 0.032744 0.110686 0.178628 0.052799 0.053481 0.182541 0.072235 0.127138 0.175191 0.137701 0.064926 0.173677 0.081145 0.167380 0.109806 0.109581 0.091682 0.143504 0.180054 0.081709 0.070563 0.173806 0.121976 0.162953 0.182493 0.050955 0.034062 0.136697 0.056557 0.083275 0.079615 0.063799 0.144480 0.064944 0.052009 0.084279 0.129263 0.153692 0.075800 0.025402 0.076426 0.073592 0.090092 0.068651 0.055556 0.125912 0.080209 0.092894 0.093291 0.085852 0.087534 0.053859 0.037508 0.045265 0.073639 0.044460 0.064001 0.069401 0.082688 0.086983 0.033288 0.025617 0.041611 0.027657 0.076620 0.123251 0.091711 0.055081 0.024288 0.019827 0.047661 0.033883 0.016614 0.037069 0.026975 0.051245 0.053202 0.048111 0.039779 0.025424 0.028235 0.026490 0.032992 0.025486 0.048025 0.040199 0.026791 0.045399 0.034437
2.080325 0.004452 35.1622 0.000000 0.137941 0.231490 0.030045 0.127032 0.201646 0.111828 0.291595 0.083564 0.143207 0.071073 0.064890 0.105304 0.176522 0.142676 0.115289 0.105873 0.038195 0.110960 0.171134 0.095356 0.107837 0.186657 0.085446 0.160073 0.097495 0.074764 0.053626 0.118768 0.138630 0.090147 0.039890 0.179273 0.067518 0.138056 0.207185 0.056650 0.053539 0.102338 0.058579 0.118501 0.152961 0.071793 0.116707 0.052550 0.081898 0.107926 0.122570 0.167964 0.083710 0.060861 0.069932 0.068016 0.137625 0.079303 0.041924 0.074444 0.100718 0.062141 0.076591 0.068573 0.101621 0.076421 0.063326 0.073069 0.062432 0.046754 0.058951 0.073815 0.095618 0.084897 0.026481 0.020224 0.053489 0.076727 0.051057 0.080589 0.057474 0.058272 0.046282 0.030489 0.020413 0.048590 0.037684 0.029210 0.037523 0.039268 0.064551 0.058757 0.034723 0.026104 0.032731 0.040133 0.022122 0.007278 0.045115 0.038528 0.022089 0.053965 0.041410
2.130267 0.004717 35.5466 0.000000 0.082857 0.171176 0.142756 0.069773 0.258681 0.063703 0.252597 0.242768 0.194656 0.205173 0.184307 0.079434 0.162068 0.135032 0.098974 0.094717 0.096877 0.036559 0.074865 0.129030 0.063834 0.064733 0.146051 0.181034 0.091715 0.072239 0.047150 0.084854 0.142521 0.147286 0.104379 0.131173 0.139252 0.115339 0.168497 0.137950 0.085964 0.074952 0.070843 0.096660 0.064153 0.072064 0.099073 0.132560 0.083724 0.088023 0.074462 0.121590 0.183262 0.058680 0.087055 0.065705 0.061426 0.167661 0.063195 0.035348 0.112168 0.111338 0.034167 0.095442 0.008718 0.096852 0.050875 0.036875 0.047370 0.139710 0.124666 0.047019 0.117492 0.099688 0.077976 0.020698 0.021728 0.057599 0.047054 0.024857 0.102804 0.030325 0.041414 0.050371 0.035694 0.028025 0.059525 0.033834 0.049064 0.035459 0.019144 0.087350 0.065198 0.039710 0.025886 0.023121 0.026943 0.037215 0.052881 0.059116 0.052428 0.030227 0.039942
2.178758 0.004558 39.8577 0.000000 0.116613 0.140976 0.134742 0.034464 0.198875 0.122522 0.226726 0.346289 0.063185 0.132142 0.190426 0.021489 0.172807 0.102310 0.075581 0.150321 0.152370 0.073964 0.127873 0.112422 0.057186 0.093113 0.035857 0.036132 0.148820 0.117532 0.081117 0.049525 0.159272 0.134053 0.157422 0.160701 0.114183 0.093845 0.124749 0.037710 0.060301 0.060867 0.106469 0.066672 0.078320 0.094649 0.153514 0.067926 0.092187 0.038654 0.056678 0.140766 0.035147 0.089470 0.075700 0.070397 0.179542 0.108593 0.064357 0.016925 0.035905 0.108206 0.074064 0.050323 0.104874 0.150812 0.101827 0.062999 0.112553 0.111411 0.051046 0.112079 0.092832 0.050423 0.009058 0.034865 0.071185 0.021709 0.041795 0.068263 0.045223 0.061667 0.060158 0.062975 0.060361 0.078226 0.031601 0.026793 0.059610 0.062109 0.051228 0.043594 0.059820 0.022610 0.017400 0.037766 0.052930 0.035993 0.048376 0.066087 0.045417 0.028531 0.033967
2.226613 0.011072 248.1912 0.000000 0.144568 0.061061 0.227091 0.129764 0.320503 0.218772 0.265076 0.393249 0.128064 0.146816 0.345767 0.202364 0.106873 0.119054 0.152360 0.121853 0.294762 0.152314 0.141563 0.295595 0.259718 0.303628 0.174636 0.183725 0.286683 0.294543 0.290766 0.305674 0.357985 0.319490 0.262623 0.226207 0.387169 0.352240 0.368373 0.316972 0.355225 0.321084 0.333312 0.362703 0.392625 0.386428 0.406738 0.328586 0.374474 0.364136 0.333681 0.384387 0.395794 0.399208 0.283058 0.343636 0.370348 0.293093 0.317685 0.224950 0.286141 0.318621 0.216139 0.217655 0.272825 0.230196 0.209183 0.244318 0.176466 0.160020 0.167089 0.181268 0.205001 0.159705 0.130324 0.102778 0.100755 0.129084 0.136223 0.105768 0.107629 0.106669 0.099177 0.087175 0.098766 0.118779 0.093502 0.043605 0.096440 0.116391 0.063564 0.077283 0.049270 0.071916 0.123981 0.146715 0.114903 0.119433 0.089989 0.134454 0.119169 0.097737 0.127428
2.271803 0.847518 225.2110 0.000000 14.170901 16.376986 16.996665 16.118746 14.199979 12.204363 10.598688 9.584503 8.198979 6.926889 6.266803 5.739413 4.714441 3.259129 2.611339 2.937602 3.044202 2.845928 3.043313 3.443837 3.357207 2.891189 2.735377 3.149176 3.902915 5.399195 8.239195 11.459306 13.219513 12.194609 8.451580 4.069459 3.764984 5.872111 6.196296 8.393895 14.711713 19.626057 18.590233 10.399448 9.478979 32.460144 55.670113 73.535904 81.611074 78.897819 66.891370 48.935056 28.940430 10.854210 5.280857 9.922873 11.306375 8.194892 2.686164 4.286409 8.000334 9.547715 8.664873 6.497957 4.665189 4.372417 5.533290 7.137894 8.459279 8.732643 7.426832 4.993826 3.150446 3.330462 4.053563 3.116727 1.954236 4.166053 8.567907 11.999854 13.639006 13.180714 11.249087 9.307348 8.978121 10.774642 13.105776 14.338923 13.916350 11.649893 8.283470 4.517192 1.782876 0.355171 1.613665 4.346941 7.654843 10.257656 11.419155 10.947633 8.998404 6.340726 4.156382
2.327196 1.244721 213.7713 0.000000 26.668927 5.817813 11.296174 10.984286 10.063048 18.006817 18.721060 12.071119 8.392127 14.336388 15.550620 9.329557 2.966377 2.285517 3.471426 4.999374 3.238422 3.011826 5.114875 5.532110 5.111320 4.353444 4.166615 4.998359 3.811373 8.280096 16.847849 13.467670 3.740307 2.422026 8.116693 12.719421 13.394449 7.857045 13.775856 10.932748 17.941634 24.058264 23.379199 41.311541 37.287137 132.045559 165.523636 101.695044 32.372340 25.991924 18.034532 17.951837 11.994569 7.934435 6.235977 4.062003 4.687666 7.438529 6.139520 5.564263 7.881363 10.289272 13.793092 12.238765 3.886989 5.885911 8.510851 6.007334 1.340580 3.244913 2.463296 4.252216 1.687736 6.754019 8.959598 4.020246 11.136530 21.798972 23.308641 17.370701 13.830012 19.904413 26.692329 22.325124 10.538289 4.292735 3.746348 5.620779 7.409281 4.230052 4.082534 6.292007 6.153218 12.340818 16.153900 10.753146 4.647937 3.198877 3.878773 5.717600 5.994127 3.046886 2.636257
2.373547 1.293227 210.4345 0.000000 25.054146 5.057999 11.328843 9.656574 12.779475 19.283606 15.275167 10.678128 11.902336 11.846365 13.014458 9.494281 3.576242 3.745066 3.876926 1.627703 1.535721 1.967106 2.684780 1.109296 1.915449 3.857864 3.389310 4.295373 5.085988 11.182881 14.597880 10.163004 5.887051 7.248326 9.027533 8.428628 5.701734 5.392310 10.879692 17.485851 16.439464 15.249322 28.463407 24.768588 113.025349 195.352486 123.406643 28.925219 30.249885 13.931751 22.688517 6.719954 6.146939 6.216370 5.992527 3.540914 6.757999 5.662914 4.434487 7.034944 11.419122 12.650035 11.399741 5.691177 6.926689 8.027721 6.993307 2.743462 3.020088 1.687153 5.262539 2.291906 8.297758 8.140248 2.989067 11.668908 21.680388 23.790354 17.405067 13.678220 24.549020 28.283936 16.912375 8.826501 3.297324 4.406043 6.351892 5.921753 2.653954 5.318982 6.144341 5.967747 16.289068 14.673613 7.892770 3.545256 2.841923 5.839068 6.254079 4.476499 3.820703 3.592771 2.252196
2.431826 1.293689 220.1863 0.000000 25.817483 4.498576 11.768908 9.246272 10.671896 19.655704 18.215137 9.423915 12.445979 11.027619 13.005816 12.955037 6.641777 1.723050 4.638878 3.718248 1.120319 1.676342 1.839985 2.982741 0.873424 2.493569 3.413771 2.711695 4.381379 4.138793 10.270450 15.048125 12.314995 5.447205 5.364915 10.123353 7.630000 8.781650 2.813962 5.959597 14.261641 18.982070 16.760223 17.044227 34.796118 21.444696 120.578897 201.197787 121.768803 32.057343 31.494901 12.651093 25.260284 7.064737 5.744142 4.941115 8.256598 2.397918 5.555937 7.619574 3.755662 4.958872 8.296468 13.491351 12.051805 11.094928 4.177936 7.452063 8.234044 6.886476 2.459690 3.115669 1.619574 5.334768 1.836641 7.932721 9.673254 1.574071 7.888134 19.358509 24.692159 22.289014 11.546923 16.124859 31.252401 25.828731 12.240169 7.423696 1.880587 5.240449 6.404848 6.021866 2.337261 5.458073 5.976200 5.265877 16.020276 15.371174 8.848496 4.742191 2.013221 5.353176 6.548273
2.471787 0.989284 213.9602 0.000000 20.176647 13.167042 7.093157 4.336222 11.051281 13.033988 8.825292 3.436643 6.259784 6.425290 8.548871 9.994129 8.592020 5.698942 2.843050 1.839120 2.398838 2.489898 2.190909 1.570142 0.943046 2.952203 5.366594 3.796474 3.058823 4.145236 4.501813 4.199671 3.557335 6.544834 8.981821 9.572258 12.454382 9.065884 8.537432 4.971118 19.043278 10.093841 14.842984 16.587543 72.016255 114.630498 115.934389 76.834876 36.260969 20.698195 26.143531 19.429420 10.074231 9.589937 7.820919 5.157755 6.352190 6.721173 7.904543 8.412339 9.100383 10.870530 10.420676 10.798732 10.658196 5.825928 2.080595 1.711818 6.091273 7.228971 7.114823 6.332052 1.866990 7.952460 11.722256 12.325207 13.324583 14.827371 13.678473 9.859996 4.322262 12.372903 17.154170 13.560198 7.832129 5.541686 6.672125 7.266891 6.735022 5.229524 3.025735 3.663720 6.532157 7.893449 5.917110 3.277094 1.568992 2.372474 3.894349 4.032705 3.731977 4.247274 3.856920
2.526370 0.390341 219.9445 0.000000 2.121931 3.513455 3.410609 2.915787 2.479710 2.244168 1.613995 0.633601 1.563759 2.741226 3.439061 3.347289 3.321012 3.167272 3.041747 2.943280 3.152257 3.579001 3.748233 3.377268 3.456621 4.582002 5.484794 5.664904 5.364450 4.365512 3.525857 3.672066 3.866978 3.433320 3.770259 5.213471 6.381660 6.248162 5.570823 7.224456 9.574705 7.954678 3.559389 11.642488 24.843985 30.214647 30.676957 31.290809 30.720317 24.600292 20.476347 17.378946 16.298289 14.566869 12.896060 11.055265 9.277300 7.620739 5.512221 4.000246 3.299445 3.487625 4.013609 4.192304 3.877154 2.974275 1.903336 1.175176 1.651894 2.857274 3.590528 3.350402 2.233502 1.769455 2.761012 3.735235 4.014577 3.992704 4.024490 4.067479 3.701359 3.588887 4.338467 5.411155 6.100014 6.141878 5.137110 3.879756 2.447748 1.691880 1.500469 1.075416 0.553145 0.557726 0.654242 0.531779 0.361571 1.312113 1.714148 1.332375 1.195652 1.711973 1.662774
2.577579 0.039947 199.3445 0.000000 0.190803 0.366570 0.335332 0.320003 0.108861 0.337939 0.297846 0.219175 0.379024 0.325989 0.126176 0.318823 0.468600 0.134162 0.360249 0.219798 0.308624 0.217373 0.344525 0.447916 0.587891 0.856534 0.723714 0.670547 0.731176 0.566548 0.693318 0.604102 0.546014 0.661241 0.879489 1.044463 1.119036 1.205318 1.317863 1.464826 1.717862 2.268362 2.785168 3.505573 3.380244 2.870403 2.651159 2.016482 1.047629 0.655539 0.881064 0.627767 0.457346 0.697362 0.381428 0.373591 0.465301 0.340407 0.220869 0.329622 0.294200 0.281198 0.130215 0.149033 0.063572 0.146404 0.188362 0.073438 0.110755 0.135125 0.124687 0.188139 0.228011 0.263447 0.234823 0.160499 0.247426 0.269870 0.335731 0.322003 0.273737 0.293168 0.233258 0.153795 0.282236 0.287748 0.194766 0.279462 0.232214 0.157902 0.259164 0.263219 0.239200 0.342117 0.439332 0.436922 0.433916 0.506536 0.435816 0.332745 0.305917 0.230502 0.181686
2.626172 0.006146 209.3965 0.000000 0.076991 0.122371 0.171410 0.176202 0.024616 0.301235 0.168315 0.043120 0.155286 0.132416 0.190993 0.058532 0.125247 0.195328 0.121690 0.105543 0.033446 0.101733 0.107769 0.075988 0.102944 0.149929 0.093521 0.101417 0.077972 0.155559 0.038864 0.055353 0.053869 0.148088 0.036101 0.035738 0.070414 0.051606 0.110273 0.149132 0.133315 0.084286 0.182805 0.237665 0.338318 0.420500 0.314767 0.282799 0.238349 0.275511 0.243405 0.226038 0.253422 0.300691 0.235972 0.081528 0.111025 0.123255 0.152441 0.115535 0.112207 0.129166 0.106273 0.011608 0.046463 0.087386 0.102799 0.070014 0.048835 0.081765 0.093920 0.059954 0.053633 0.069210 0.108710 0.061760 0.020512 0.048746 0.013725 0.022395 0.067218 0.052145 0.051232 0.081514 0.063782 0.098162 0.092437 0.058448 0.093195 0.077287 0.055391 0.057112 0.045883 0.032715 0.048059 0.055795 0.073843 0.069169 0.062402 0.027727 0.032780 0.049013 0.048617
2.671846 0.004288 30.7942 0.000000 0.044908 0.071885 0.103957 0.212493 0.094549 0.224902 0.211455 0.119699 0.138909 0.111056 0.103443 0.094080 0.059305 0.130054 0.155985 0.117079 0.116603 0.064464 0.083938 0.099925 0.066824 0.138418 0.162290 0.098640 0.064140 0.086423 0.119023 0.056112 0.055452 0.044168 0.081985 0.095041 0.112371 0.086634 0.016943 0.088882 0.146726 0.084030 0.197796 0.110646 0.138989 0.087126 0.092198 0.109146 0.043142 0.024600 0.038681 0.057357 0.088562 0.068748 0.096542 0.094939 0.105230 0.115808 0.061563 0.068140 0.110551 0.100706 0.137662 0.155028 0.082230 0.049256 0.081462 0.108991 0.091869 0.080428 0.031160 0.059946 0.098615 0.094504 0.064227 0.052722 0.114831 0.063084 0.030620 0.050714 0.023088 0.042070 0.052810 0.033525 0.036889 0.087479 0.086040 0.050052 0.040195 0.051725 0.028349 0.012347 0.023503 0.045550 0.019302 0.018694 0.028888 0.016014 0.021441 0.057184 0.074973 0.046005 0.020108
2.726348 0.004211 35.0883 0.000000 0.100955 0.161746 0.019310 0.165956 0.177686 0.087225 0.218406 0.170202 0.101247 0.122305 0.126325 0.079633 0.132719 0.048883 0.168791 0.113832 0.153096 0.107417 0.087566 0.074679 0.091475 0.161292 0.154277 0.104163 0.033705 0.128685 0.077978 0.020845 0.043026 0.011466 0.144629 0.084560 0.059608 0.055674 0.102428 0.139551 0.092369 0.182977 0.100379 0.150860 0.093832 0.089070 0.129739 0.071188 0.060369 0.033038 0.046884 0.016166 0.080001 0.124862 0.091480 0.145163 0.077612 0.060771 0.034897 0.121113 0.072383 0.116742 0.045082 0.107718 0.023250 0.136614 0.087682 0.089733 0.027762 0.043300 0.101014 0.096244 0.055710 0.052974 0.066524 0.056627 0.093673 0.030852 0.026966 0.051130 0.036802 0.044058 0.059118 0.080115 0.065047 0.044702 0.020795 0.020901 0.075588 0.069755 0.034485 0.022977 0.008196 0.020593 0.025040 0.014958 0.034364 0.049339 0.055968 0.035277 0.027781 0.075457 0.053366
2.771840 0.004176 19.8691 0.000000 0.009371 0.199002 0.097607 0.250759 0.231930 0.091531 0.060732 0.052478 0.019173 0.165552 0.113309 0.116531 0.178821 0.069312 0.142776 0.107378 0.159744 0.101327 0.069665 0.042222 0.039119 0.165493 0.177249 0.117071 0.071170 0.157268 0.032731 0.041909 0.040000 0.097153 0.178700 0.080213 0.062429 0.118448 0.128259 0.073321 0.059771 0.119664 0.144307 0.107363 0.087193 0.041277 0.074427 0.082672 0.067473 0.045163 0.071286 0.063850 0.097833 0.058278 0.032256 0.066583 0.054324 0.068348 0.081252 0.114807 0.108788 0.052900 0.085265 0.090880 0.068072 0.102215 0.094164 0.055123 0.046278 0.073994 0.100472 0.080989 0.048369 0.031108 0.054881 0.085826 0.052950 0.012489 0.034744 0.035265 0.036168 0.048835 0.076791 0.068328 0.041540 0.044804 0.053216 0.065025 0.057697 0.026239 0.026148 0.034441 0.037196 0.040592 0.040742 0.023693 0.020435 0.037389 0.047162 0.036545 0.055616 0.056834 0.021715
2.825073 0.004535 24.9291 0.000000 0.086839 0.120387 0.106624 0.247150 0.247918 0.064603 0.131527 0.123957 0.169164 0.084093 0.136830 0.074186 0.243467 0.113223 0.196267 0.125859 0.237446 0.037032 0.083055 0.094684 0.035537 0.115175 0.175082 0.144720 0.127997 0.099443 0.084011 0.039137 0.052609 0.068855 0.189672 0.107552 0.095789 0.177863 0.050748 0.034921 0.131300 0.170047 0.111024 0.073675 0.147505 0.090158 0.052457 0.173137 0.085575 0.094727 0.155869 0.086705 0.118774 0.046076 0.051205 0.017627 0.011501 0.032662 0.034027 0.073656 0.147255 0.086012 0.091088 0.089874 0.080778 0.100197 0.110922 0.070597 0.025630 0.045009 0.039147 0.017591 0.047081 0.045289 0.027132 0.061153 0.115440 0.039567 0.034095 0.025344 0.042359 0.065217 0.040140 0.067770 0.075822 0.068848 0.019853 0.064119 0.059183 0.042341 0.053135 0.063277 0.057146 0.034571 0.051897 0.036736 0.050556 0.045493 0.011134 0.030300 0.059311 0.051714 0.028615
2.872563 0.004703 24.9343 0.000000 0.119584 0.175229 0.098683 0.133393 0.296472 0.131264 0.281092 0.267387 0.265054 0.182513 0.140821 0.090771 0.219241 0.022761 0.112228 0.061432 0.249249 0.139203 0.065612 0.073158 0.020290 0.086320 0.106536 0.084527 0.191089 0.076517 0.034729 0.047612 0.133286 0.130390 0.103916 0.149594 0.043796 0.136286 0.093291 0.149636 0.149659 0.075817 0.094667 0.028827 0.138280 0.132414 0.098325 0.113219 0.049356 0.085010 0.145907 0.088651 0.088783 0.093213 0.078138 0.016521 0.010966 0.037619 0.100472 0.132065 0.115932 0.071814 0.032553 0.046461 0.088910 0.051104 0.058405 0.058914 0.081045 0.041223 0.031884 0.038200 0.029649 0.058027 0.057515 0.049005 0.094450 0.037848 0.058924 0.024571 0.040765 0.077987 0.038535 0.017175 0.057572 0.052193 0.035893 0.077662 0.061963 0.030421 0.038494 0.039826 0.059134 0.020918 0.061703 0.040069 0.054199 0.045374 0.020454 0.028216 0.027056 0.026592 0.033568
2.920258 0.004747 40.7511 0.000000 0.108288 0.184156 0.072337 0.198489 0.259263 0.229779 0.169735 0.321482 0.286930 0.178227 0.131836 0.034004 0.148328 0.074638 0.084401 0.068554 0.143578 0.205902 0.114529 0.094484 0.076933 0.123018 0.093298 0.082671 0.120265 0.101577 0.088845 0.069636 0.078065 0.145074 0.136315 0.100035 0.107975 0.078999 0.101228 0.147036 0.152528 0.128690 0.068230 0.088128 0.065674 0.127510 0.114362 0.122630 0.083762 0.046250 0.066935 0.162301 0.041098 0.097569 0.008828 0.083929 0.095874 0.056157 0.061243 0.046827 0.147130 0.157415 0.099252 0.018329 0.049323 0.093895 0.037540 0.017749 0.066700 0.077709 0.076792 0.048667 0.024527 0.017096 0.023293 0.064499 0.077791 0.066225 0.068745 0.056864 0.041346 0.019270 0.033325 0.072328 0.056963 0.046266 0.051768 0.041417 0.044467 0.028616 0.038178 0.062232 0.032988 0.055185 0.055017 0.032378 0.061190 0.041153 0.056669 0.050333 0.022184 0.028178 0.033576
2.971768 0.019371 260.2037 0.000000 0.160672 0.141704 0.038383 0.069749 0.240321 0.196640 0.330830 0.382940 0.216209 0.148135 0.372688 0.261853 0.141364 0.147340 0.168109 0.345420 0.255325 0.046183 0.168942 0.250117 0.287536 0.245993 0.198595 0.283647 0.343404 0.410994 0.431496 0.388334 0.537345 0.373189 0.553769 0.329463 0.348540 0.413437 0.474881 0.682892 0.435160 0.406970 0.605272 0.570531 0.541572 0.642904 0.713316 0.554211 0.587874 0.579083 0.581721 0.673413 0.734700 0.639998 0.558087 0.759633 0.679378 0.619875 0.547951 0.686184 0.649474 0.648709 0.588396 0.565096 0.548623 0.474633 0.505139 0.563025 0.515904 0.493513 0.466439 0.483893 0.446523 0.425214 0.505671 0.524306 0.462590 0.358340 0.362219 0.438924 0.385017 0.306951 0.407047 0.362309 0.383912 0.346773 0.311023 0.331313 0.327859 0.263422 0.325101 0.315815 0.350569 0.295707 0.237713 0.268406 0.316143 0.321031 0.254267 0.287081 0.268790 0.220028 0.296686
3.020243 0.873599 218.9603 0.000000 20.817602 17.100693 12.361629 8.023166 5.720280 4.830557 6.075588 7.996636 9.372152 8.713617 6.385749 3.337245 3.700959 5.401277 5.594412 4.200819 2.094173 1.237636 2.059932 2.357911 2.267343 2.054089 1.938440 2.387838 4.577206 7.823215 10.470453 11.320533 8.777139 5.184864 8.320073 15.793702 19.170738 16.089975 8.191015 5.987789 14.508968 14.839633 9.557104 20.630334 47.037146 70.681342 84.288968 84.211826 71.345369 50.512890 28.266924 12.377820 10.749717 16.341105 18.170355 16.262455 11.367649 5.639943 2.254992 3.706886 4.331424 2.801970 1.175003 1.462800 2.642199 3.630328 5.044151 6.313005 6.432794 4.827782 3.120659 4.409527 8.107139 10.593063 10.900753 8.774658 5.180909 3.260868 5.349559 8.522402 10.978435 13.097395 14.977929 16.131094 15.849825 13.904664 10.864822 8.279812 7.328804 7.591408 7.623087 6.989256 6.048899 5.604794 6.119358 7.004252 7.273769 6.339783 4.373440 2.568911 2.154473 2.383775 1.709343
3.071810 1.242244 219.2996 0.000000 33.898640 12.554411 4.176124 5.213685 3.186999 13.411537 20.177046 17.255993 6.291520 3.838839 4.783485 1.081083 2.394406 2.521996 3.100231 9.685677 10.304605 5.693765 2.209230 2.407852 3.788155 5.332581 6.842037 8.161362 6.861424 4.394612 12.011579 10.455166 3.324252 8.355773 3.963298 13.140480 14.063872 14.664800 9.634907 5.836126 6.265246 19.889408 15.854836 29.820045 28.013370 82.620320 163.644677 150.697420 64.134132 24.411052 33.722260 11.900266 15.328053 6.569734 16.867280 14.351255 4.132130 14.338474 9.362223 2.814249 2.313846 5.243964 4.504835 2.164521 5.808901 6.048534 7.398215 9.894668 8.183339 7.247484 7.640268 5.101705 7.690160 8.301401 13.905887 11.834546 4.475916 6.002079 7.660680 12.215353 9.167837 16.281683 27.991368 27.948738 21.702727 11.763144 5.784222 9.664253 10.334633 10.991117 12.407370 11.785827 9.749084 9.070238 5.861109 3.615159 10.673354 10.653966 5.461878 5.108209 7.103957 5.642938 6.722920
3.120607 1.287214 212.9702 0.000000 31.752840 10.647636 4.936437 4.095636 6.190471 13.916504 17.474494 15.719902 9.181738 2.852561 7.047135 4.036605 4.853253 2.068455 4.335779 8.757729 8.044168 5.970791 5.167625 5.991251 5.301381 3.299645 3.724022 7.023942 6.904288 6.643706 9.137729 7.842211 3.772659 7.507723 10.109593 16.924810 14.439389 12.605664 12.404761 3.670993 8.937098 19.255865 19.492101 24.480771 36.338101 105.712467 181.489611 121.242423 44.124863 30.499695 14.637107 5.367282 7.071660 8.229837 11.877132 9.707683 7.735330 11.395734 8.649382 3.523408 2.549145 3.934056 3.506344 2.853362 5.250809 8.477025 8.548401 7.795551 6.704128 7.103995 4.929138 5.801871 7.863359 10.944423 13.413508 8.159893 6.938160 6.691127 11.372267 8.544569 10.439984 22.204918 30.400640 25.961805 14.550204 5.065370 7.662638 12.021318 12.940573 10.225580 11.892455 12.021115 8.511959 7.843725 2.118260 8.087874 14.573951 7.955377 6.324443 7.332010 3.476903 4.627939 6.308229
3.171808 1.287705 213.7982 0.000000 31.809613 10.865633 5.175489 4.236709 6.325090 13.565286 17.589448 15.797863 9.802704 2.900193 7.124806 3.938363 5.303505 1.639999 4.150971 8.825290 7.961241 6.063434 5.085484 6.082207 5.495063 3.328632 3.177922 7.259734 6.693903 5.912761 9.166956 8.698140 3.573095 7.948854 8.538810 16.880415 15.958915 11.793770 13.383360 4.361675 7.514254 20.268936 17.546554 24.607829 35.428720 84.621089 182.058381 143.789438 46.009803 32.509480 18.758257 4.000664 6.671726 7.989045 10.945776 11.064000 7.337146 11.057927 10.123356 3.888631 2.838808 3.700151 4.195749 2.687704 4.115314 7.792407 9.022303 7.965658 6.803004 6.860747 6.121086 4.668452 7.309378 9.821166 12.854900 10.362015 6.592418 7.242902 9.391484 10.431341 9.343279 18.085296 28.495654 28.236674 18.381392 7.921557 5.721451 10.724179 12.905784 11.282049 10.935346 12.123610 10.066366 7.927934 4.271557 5.410221 12.126443 10.801208 7.158807 6.825863 5.057685 4.329381 5.617844
3.221546 0.972402 214.7170 0.000000 26.259057 15.280403 9.532448 9.470114 13.874838 12.987319 10.697018 7.081304 5.174332 4.250458 6.352264 7.345905 4.755301 0.295303 1.576802 4.827014 6.452478 7.661831 10.310837 11.868322 8.351965 4.165419 5.141341 1.044526 4.918276 6.148200 4.501972 2.800738 5.898270 12.237206 17.138469 11.334282 2.069329 8.560628 14.234185 11.774321 12.114571 18.936322 13.739246 30.290544 29.955882 87.923262 119.676261 108.315832 61.192923 20.393570 8.184561 12.739425 11.171392 10.650596 5.655406 4.508656 8.843441 11.726884 8.149130 2.198603 4.401809 4.123062 2.151051 1.973643 3.824377 6.641939 6.747561 5.940869 7.739227 7.814817 6.337278 4.791172 2.766075 1.909228 4.269654 7.794229 10.468892 7.555018 4.930608 9.251591 13.386078 14.373954 13.598020 14.766613 13.106095 11.077028 12.255562 13.242424 12.697514 8.187655 4.251260 5.162719 5.273139 3.342131 4.585496 6.954969 8.725823 8.939864 7.818315 5.978095 4.459153 5.184825 5.130032
3.271811 0.362925 204.3768 0.000000 4.749916 3.288073 1.507705 1.508597 2.138886 2.313095 2.033671 2.990134 3.265489 2.969170 2.462889 2.812554 3.164063 2.947030 2.009994 1.300282 1.934767 2.555900 3.108273 3.915977 4.098802 4.564633 4.641184 3.242939 2.320887 2.471222 3.592004 4.262735 4.838756 6.279854 7.331630 7.086732 5.964407 5.687177 8.106528 10.376154 8.576264 3.497221 10.734147 23.383219 28.481635 27.956733 27.411658 27.125341 22.442863 18.385676 14.651747 12.645314 10.436725 8.230513 6.382757 5.869424 5.674548 4.304668 2.782599 1.691518 1.609967 2.005496 2.213543 2.411975 2.443023 1.930530 1.171535 0.365763 0.847203 1.537915 1.868022 1.963252 1.946247 1.590420 0.914086 0.728422 2.333181 3.480916 3.723934 3.292971 3.170066 3.750558 4.272868 4.154018 3.349155 2.620189 2.623771 2.670135 2.305041 1.581772 1.024759 0.759505 0.413707 0.543185 0.992020 1.297692 1.035107 0.851163 0.967905 1.104536 1.360716 1.147944 1.143933
3.320273 0.039052 200.2650 0.000000 0.467454 0.482424 0.234238 0.355558 0.138887 0.224958 0.265690 0.590806 0.446352 0.344243 0.458687 0.344379 0.398183 0.615596 0.389177 0.500695 0.535629 0.653335 0.670946 0.517866 0.398332 0.355736 0.202281 0.346022 0.486851 0.705351 0.520822 0.603322 0.511929 0.468235 0.586862 0.637514 1.063012 1.060552 1.265630 1.488988 1.695177 1.856303 2.629061 3.271805 3.220807 2.732149 2.812190 2.255816 1.277594 0.821219 1.007572 1.029094 0.736568 0.722395 0.702848 0.538006 0.644452 0.433784 0.475505 0.355107 0.360691 0.271298 0.236305 0.370051 0.331370 0.236997 0.261681 0.229709 0.269677 0.144705 0.220377 0.186493 0.123813 0.181381 0.111118 0.110569 0.112564 0.096154 0.093062 0.017464 0.052510 0.094117 0.119386 0.061679 0.099498 0.155929 0.057810 0.007542 0.031882 0.069636 0.084077 0.114992 0.136296 0.107806 0.119857 0.235773 0.267953 0.397667 0.573773 0.596474 0.577890 0.636232 0.593367
3.371264 0.006857 5.0222 0.000000 0.397745 0.176783 0.103999 0.343663 0.160421 0.201364 0.257254 0.345438 0.140413 0.134418 0.087389 0.116971 0.117982 0.171871 0.146314 0.118407 0.201230 0.098253 0.112913 0.094414 0.067119 0.143447 0.102678 0.155091 0.197587 0.054389 0.137168 0.145973 0.132898 0.170852 0.197717 0.103196 0.136756 0.119341 0.181533 0.182096 0.143015 0.202692 0.296734 0.292800 0.262841 0.357973 0.315413 0.282943 0.336438 0.276276 0.131831 0.242810 0.168098 0.159345 0.156975 0.224207 0.124209 0.105441 0.176049 0.078733 0.053541 0.124320 0.096494 0.066194 0.075054 0.036799 0.094937 0.042959 0.030874 0.059154 0.111804 0.090708 0.080666 0.079295 0.058167 0.042806 0.047357 0.044587 0.039738 0.044424 0.032053 0.021698 0.024531 0.082490 0.082425 0.057854 0.075349 0.049910 0.035180 0.021675 0.059813 0.039916 0.010261 0.032656 0.062411 0.106634 0.065623 0.052486 0.066643 0.046765 0.046850 0.043948 0.038845
3.420686 0.005331 20.5139 0.000000 0.278232 0.171226 0.236303 0.402009 0.137561 0.192456 0.376494 0.254370 0.076154 0.181048 0.169865 0.119626 0.114834 0.084931 0.046630 0.022533 0.125120 0.151495 0.118113 0.092247 0.080649 0.145725 0.157213 0.109635 0.152254 0.160365 0.066127 0.088691 0.115757 0.201289 0.143824 0.117608 0.039562 0.152991 0.140394 0.122324 0.079382 0.150345 0.039637 0.074972 0.123076 0.115330 0.151798 0.083584 0.082217 0.097324 0.055789 0.092002 0.071639 0.104788 0.129519 0.116223 0.092409 0.080518 0.074454 0.117468 0.121947 0.089186 0.115999 0.130029 0.098503 0.079044 0.058202 0.057884 0.074290 0.065949 0.076327 0.088733 0.104199 0.089956 0.087978 0.063374 0.051892 0.052004 0.039057 0.022705 0.010271 0.042352 0.008234 0.053586 0.062689 0.064478 0.051716 0.053373 0.069351 0.049310 0.030107 0.033004 0.079226 0.036996 0.023624 0.029616 0.039560 0.065704 0.052377 0.019492 0.007668 0.012034 0.035746
3.467829 0.005201 35.5960 0.000000 0.235172 0.166268 0.235737 0.330586 0.161239 0.108494 0.390684 0.292956 0.307584 0.242748 0.173445 0.098069 0.110984 0.111924 0.089032 0.060642 0.138349 0.138578 0.115259 0.063159 0.080828 0.168794 0.135397 0.133329 0.134971 0.134498 0.093855 0.067168 0.132233 0.178239 0.122433 0.087368 0.106335 0.117613 0.140799 0.113206 0.079842 0.068821 0.066344 0.118182 0.117206 0.108197 0.104617 0.059494 0.103223 0.084681 0.105299 0.094060 0.032725 0.088937 0.080599 0.056525 0.048241 0.116820 0.032745 0.121434 0.149570 0.051470 0.054436 0.048969 0.071138 0.056158 0.073708 0.058801 0.073107 0.021201 0.029043 0.065354 0.118624 0.065028 0.027244 0.078450 0.082844 0.043462 0.037852 0.038868 0.039401 0.040382 0.063361 0.078228 0.062350 0.054269 0.055630 0.080020 0.057210 0.022408 0.034445 0.065420 0.057708 0.027608 0.020678 0.020589 0.032423 0.046400 0.033500 0.019783 0.012011 0.021292 0.029096
3.514681 0.005500 44.8979 0.000000 0.145788 0.159966 0.205129 0.277817 0.290898 0.140451 0.336349 0.385661 0.395501 0.093153 0.027083 0.132007 0.138112 0.068504 0.026255 0.056555 0.148740 0.102521 0.104145 0.150266 0.157323 0.099841 0.212054 0.211308 0.048000 0.159976 0.055508 0.078695 0.190179 0.298577 0.137972 0.123809 0.085481 0.174052 0.089979 0.019508 0.049237 0.073501 0.100172 0.084449 0.171586 0.044072 0.089629 0.133316 0.077964 0.158661 0.160756 0.057765 0.097185 0.124567 0.095425 0.078415 0.073378 0.035419 0.102004 0.099159 0.082319 0.059299 0.040942 0.068000 0.048396 0.057059 0.031661 0.073649 0.092217 0.083269 0.123792 0.073963 0.058470 0.034384 0.055270 0.047402 0.053955 0.042260 0.052808 0.043795 0.042221 0.073483 0.046054 0.045619 0.064870 0.060675 0.070896 0.049657 0.070552 0.107042 0.054761 0.048803 0.040978 0.028976 0.042684 0.073916 0.039482 0.019812 0.013584 0.029960 0.044325 0.038005 0.047791
3.566320 0.004816 44.9333 0.000000 0.117139 0.057359 0.149704 0.184689 0.142421 0.153180 0.104185 0.311915 0.414201 0.066137 0.090771 0.061150 0.207708 0.020446 0.065575 0.120511 0.108932 0.070457 0.130787 0.138403 0.145723 0.060600 0.198996 0.100299 0.168278 0.086514 0.028304 0.089381 0.189797 0.216023 0.145072 0.122617 0.042482 0.176979 0.074972 0.129361 0.079574 0.043379 0.145463 0.093636 0.139166 0.042586 0.124927 0.056081 0.146225 0.079977 0.175999 0.056694 0.120866 0.073000 0.049643 0.113002 0.028922 0.103981 0.047991 0.062288 0.125491 0.056861 0.001886 0.012269 0.072938 0.029073 0.047836 0.052445 0.076665 0.049678 0.092824 0.076968 0.073738 0.024934 0.022726 0.053045 0.040572 0.019341 0.079154 0.023800 0.045518 0.077060 0.019104 0.017637 0.049401 0.031710 0.063503 0.039702 0.037673 0.104075 0.097368 0.039733 0.041907 0.078462 0.049667 0.034916 0.030585 0.058564 0.048585 0.023608 0.024296 0.036758 0.011707
3.612163 0.005202 44.8779 0.000000 0.035345 0.169191 0.088240 0.170520 0.135193 0.134272 0.218980 0.086488 0.488835 0.162635 0.285388 0.199065 0.081352 0.090808 0.090305 0.124950 0.088876 0.101983 0.099136 0.153554 0.119433 0.019266 0.214179 0.164924 0.323572 0.076885 0.079712 0.035571 0.242147 0.100722 0.129270 0.095031 0.084177 0.105102 0.046741 0.084482 0.081854 0.041768 0.103204 0.168719 0.170281 0.056844 0.105672 0.127513 0.096684 0.065497 0.167020 0.093461 0.053098 0.132257 0.084073 0.095186 0.029730 0.108669 0.057146 0.057377 0.088230 0.030860 0.054060 0.077941 0.116768 0.062479 0.052021 0.060967 0.115972 0.110937 0.046174 0.054544 0.069344 0.067657 0.065155 0.082782 0.100191 0.054093 0.065328 0.045437 0.034135 0.062870 0.011860 0.032456 0.058603 0.042500 0.032789 0.026154 0.073293 0.093987 0.087224 0.044079 0.057754 0.074642 0.046630 0.038144 0.037862 0.067947 0.059600 0.018746 0.030409 0.031671 0.012782
3.667528 0.005149 44.8810 0.000000 0.127625 0.164405 0.150001 0.165037 0.141234 0.064457 0.349885 0.125877 0.369740 0.075090 0.186614 0.119198 0.057549 0.222596 0.122505 0.150823 0.100907 0.152446 0.104649 0.059340 0.103468 0.139014 0.260084 0.182692 0.312462 0.035108 0.112556 0.084510 0.207076 0.090139 0.103046 0.111736 0.096659 0.143290 0.070508 0.108398 0.051556 0.033254 0.097374 0.170186 0.157063 0.051159 0.085067 0.074306 0.048743 0.073797 0.171895 0.124384 0.025147 0.089948 0.039970 0.155448 0.049969 0.103613 0.085045 0.094588 0.052877 0.031962 0.089046 0.089260 0.069851 0.073951 0.075391 0.069881 0.125527 0.079209 0.017696 0.072263 0.082922 0.057574 0.116705 0.081911 0.048109 0.086250 0.039504 0.008632 0.030855 0.042996 0.024980 0.037386 0.061079 0.057135 0.038431 0.053909 0.063685 0.072910 0.080825 0.080152 0.072009 0.063206 0.046940 0.037037 0.045279 0.071396 0.061681 0.019852 0.027597 0.023710 0.017363
3.714626 0.004880 122.7506 0.000000 0.099786 0.090790 0.227383 0.088272 0.054762 0.147278 0.250576 0.230156 0.248319 0.078215 0.215262 0.103097 0.152794 0.215171 0.070283 0.103588 0.134156 0.099574 0.097291 0.117403 0.059762 0.113814 0.219587 0.249450 0.216384 0.076900 0.069760 0.118049 0.103423 0.034437 0.034311 0.061482 0.123979 0.061572 0.022669 0.068378 0.092370 0.132579 0.189363 0.120249 0.090922 0.086388 0.053766 0.097014 0.073218 0.109444 0.084762 0.097316 0.015112 0.089944 0.132088 0.101986 0.060114 0.100080 0.096330 0.072009 0.047439 0.064223 0.091211 0.067108 0.063246 0.107202 0.113003 0.148491 0.098965 0.121321 0.067496 0.067104 0.078234 0.137912 0.083396 0.061703 0.070579 0.061417 0.043077 0.043238 0.037636 0.056778 0.057149 0.067759 0.056960 0.041976 0.043915 0.038888 0.046130 0.066271 0.071664 0.054470 0.054418 0.028037 0.019322 0.037914 0.056573 0.039580 0.031942 0.012486 0.021900 0.018984 0.057407
3.766252 0.494329 215.8948 0.000000 7.307849 7.177932 6.524487 5.684480 4.950047 4.026926 2.865018 1.587562 0.733858 0.276977 0.666868 1.120536 1.409369 1.297277 1.143236 0.993231 0.734515 0.778092 1.135722 1.667625 2.264015 2.750603 3.331355 3.902606 4.215841 4.480635 4.971282 5.088920 4.912392 4.379904 3.469226 1.975018 0.374511 3.173978 6.824447 10.703389 15.024035 19.269488 23.421828 27.163261 30.169828 32.138078 32.989318 32.817849 31.547733 29.491136 26.821084 23.811735 20.801406 17.804610 15.208108 12.979949 11.006068 9.286840 7.660287 6.099517 4.620523 3.424488 2.934012 3.167061 3.793071 4.451910 5.000729 5.339383 5.493682 5.390989 5.098374 4.480803 4.136221 3.704599 3.450043 3.602659 3.944519 4.558076 5.270547 6.080714 6.886979 7.798543 8.552450 9.270427 9.726029 10.071437 10.166631 9.944257 9.508471 8.899737 8.081571 7.143884 6.209030 5.241293 4.367422 3.645985 3.001656 2.438147 1.884782 1.274075 0.704910 0.570421 1.131897
3.815220 1.069845 221.5338 0.000000 26.643191 13.231874 2.018442 2.797118 7.437744 15.511098 18.906099 15.427682 9.354084 5.719194 3.645392 1.947185 0.835063 0.492199 2.548885 5.567148 8.269856 8.597888 5.213574 2.297845 5.475111 5.945502 3.120683 4.668557 7.554468 7.326392 5.320498 2.732808 3.318723 8.702573 10.746044 5.278512 8.364900 12.664896 6.737838 13.179141 21.641050 15.960911 17.810163 26.318823 12.715984 37.654366 89.577950 122.610439 115.681499 75.202748 25.227081 17.319248 24.697107 20.045848 8.597321 3.912903 5.812979 8.883218 9.921807 6.725956 3.767530 5.252865 5.328051 2.884892 2.983727 2.251921 3.232120 7.137297 8.693263 5.863050 2.666819 3.797447 5.749747 4.965999 5.259547 9.796916 14.878630 14.880896 7.885425 6.399273 14.261629 18.432754 18.035841 20.530428 25.836159 25.735594 18.118837 10.966429 10.963136 12.158525 8.937646 5.139348 4.599044 5.912633 6.994498 8.019611 8.034135 6.188814 3.893606 3.763621 5.046270 4.725765 3.297263
3.860248 1.252590 207.8448 0.000000 26.577628 6.927546 3.480129 3.701876 9.091492 13.111843 14.218249 16.101295 11.861819 7.596771 5.321431 3.302542 2.278346 2.578757 3.960311 6.389101 8.115279 4.383132 4.789534 3.216852 3.962443 5.975659 5.607012 4.349414 6.301380 3.054913 3.281628 4.227212 8.833947 6.213394 10.770968 12.041671 3.213211 11.940536 12.971757 32.210301 28.817411 13.539143 36.231095 56.358137 109.560975 156.349845 106.880082 73.026561 39.445954 22.478836 21.087862 13.668115 8.164214 7.038733 4.887813 4.372736 8.628410 4.854209 1.586804 5.427561 2.974276 4.946488 3.653633 5.207048 7.106815 5.954200 3.365707 5.798504 3.702572 2.327593 7.467990 8.324302 7.734955 13.251457 14.548946 7.208365 6.026613 12.462765 14.116457 14.029026 23.377242 35.450133 26.678017 13.534412 7.923369 15.729097 18.082451 7.353746 2.547013 2.910901 4.937811 13.083976 11.409745 4.126118 1.653097 3.110803 6.547154 6.574280 3.934843 3.649240 2.779617 1.732830 2.068036
3.912648 1.258526 213.8018 0.000000 25.613356 8.352018 1.895529 4.020470 8.633864 12.408121 14.235202 16.602758 12.250553 9.414928 6.158447 2.403440 1.488125 3.504793 2.288442 5.823181 7.994968 6.583192 3.374074 5.525835 3.290681 5.379296 6.164166 5.269566 4.186254 5.426711 3.509100 2.389899 5.790782 7.556300 7.019243 10.207956 11.822884 5.110162 12.784316 9.314712 28.888671 34.399646 14.129733 32.389746 53.552231 96.055374 164.497860 121.053275 74.256904 54.703914 15.479946 25.360001 16.255134 9.718189 7.738887 4.840809 3.812689 5.002045 8.146633 4.198766 3.189247 4.258881 3.080005 4.106948 4.202979 6.051400 6.932189 4.862364 4.041924 5.680103 3.613655 2.950952 7.480258 8.125850 7.920348 13.209091 14.780820 8.017383 5.349109 11.772515 14.354438 13.831191 20.544037 33.012118 30.929120 17.036404 9.177272 11.891676 17.415121 11.882694 4.985569 2.816134 3.469816 8.955191 12.783581 8.056353 3.329208 1.935187 3.805477 7.158330 5.675207 3.487389 3.950992
3.968706 1.173062 208.1701 0.000000 24.691755 10.902660 5.662179 8.558296 10.522670 9.587042 11.135347 14.895555 13.974093 9.605940 3.635943 1.759594 3.938474 3.895327 4.205997 5.705737 4.800209 3.102517 2.275965 3.092060 2.566069 3.201067 3.657511 3.262575 6.277951 7.408667 5.395769 7.725776 8.829927 7.331992 7.155794 15.599381 11.372624 6.433267 20.166250 19.286100 23.237976 30.260819 18.826113 45.303294 121.086681 140.423798 88.355565 62.231644 50.243263 21.963199 19.467032 18.677746 16.432057 15.548344 12.888110 10.725961 11.890117 4.202955 5.048555 6.617918 2.893063 4.771382 5.302275 3.347302 5.531658 5.578964 3.287966 5.505820 6.341105 2.503587 6.416930 9.314004 7.429485 12.049849 14.400314 8.448124 3.814100 8.820105 14.463841 18.481830 25.382649 30.515759 23.209231 10.322997 5.333428 8.656635 17.362867 15.016009 6.225175 5.889963 6.341851 8.905307 8.515629 6.584422 2.995771 5.083224 8.853394 6.411663 1.999678 2.625109 4.007881 1.945060 2.771369
4.015741 0.687371 209.0765 0.000000 10.880545 6.017394 4.667519 4.548257 4.160137 3.782920 1.936604 1.373459 1.720539 2.576433 3.636091 3.541685 3.084843 3.512857 5.039097 4.743950 3.076390 3.051672 2.536093 0.717149 2.267319 4.191309 4.344748 3.570549 4.823656 4.498264 3.387013 2.532857 3.018175 2.953245 1.866578 5.581743 9.450279 13.034891 18.509625 21.538311 24.238791 30.590117 30.874564 28.513503 55.074280 73.095941 67.839440 51.813165 29.135221 11.726125 8.355054 12.678732 13.720997 10.918665 7.661460 6.972251 6.907463 4.261745 1.568642 2.940948 3.846315 4.213107 5.878097 7.011174 6.630175 5.446463 4.552362 4.387613 4.419917 4.072327 3.348696 2.655190 2.669417 3.046074 3.234908 3.269769 3.315353 3.030494 2.197823 1.831745 2.570343 3.817682 5.773536 8.233907 9.814093 8.883762 5.411524 3.113335 4.888961 7.001210 7.230854 6.404152 5.091319 5.750510 7.899553 8.326438 7.306714 5.892768 5.805419 5.175822 3.025555 2.588569 3.625925
4.063560 0.139954 200.2943 0.000000 1.143057 1.244274 0.974148 1.203607 0.754570 0.477716 0.178275 0.384971 0.594862 0.636692 0.881346 0.743841 0.757809 1.144175 1.416124 1.628811 1.807213 1.773526 1.714235 1.673196 1.600620 1.954583 2.108243 2.127668 1.725206 1.530944 1.595262 1.821912 2.062886 2.154290 1.734985 1.818303 1.686073 1.622793 2.632678 3.950032 5.706208 7.606908 10.015199 12.823801 12.872075 10.197643 7.039063 5.327153 5.929013 5.147072 4.476458 4.094365 3.009731 2.792430 2.116311 1.971608 1.413435 1.351683 0.971109 0.746193 0.591814 0.665538 0.789452 0.766311 0.975732 0.974239 1.003926 0.996623 0.814943 0.817990 0.725247 0.652011 0.677870 0.815541 1.015757 1.077785 1.158935 1.047052 0.922663 0.763796 0.718877 0.876101 1.071495 1.350866 1.446318 1.523587 1.456240 1.242591 1.038900 0.962315 1.011424 0.646469 0.451049 0.242219 0.379637 0.452861 0.181926 0.450116 1.124920 1.326959 1.152409 1.071920 1.143063
4.112932 0.012705 201.0304 0.000000 0.115263 0.040359 0.205583 0.227083 0.141779 0.208192 0.279630 0.051431 0.161612 0.154364 0.213526 0.085243 0.089649 0.143217 0.086878 0.029283 0.095615 0.100144 0.131243 0.151065 0.233681 0.141037 0.036069 0.131705 0.131620 0.082636 0.146767 0.239810 0.166397 0.278914 0.243453 0.221630 0.273975 0.376810 0.354925 0.347465 0.407911 0.543521 0.689914 0.899822 0.828451 0.358116 0.493325 0.799737 0.787291 0.765605 0.712666 0.436575 0.159498 0.238210 0.495865 0.302804 0.071946 0.161003 0.271514 0.290260 0.170449 0.152696 0.143581 0.049852 0.186959 0.181332 0.151574 0.198977 0.147000 0.140705 0.141414 0.104396 0.153223 0.139937 0.111641 0.105171 0.145236 0.143214 0.113337 0.098929 0.092154 0.094238 0.134473 0.155669 0.143657 0.096721 0.095095 0.160169 0.135160 0.067071 0.097894 0.199085 0.241646 0.244038 0.218686 0.154689 0.130461 0.178653 0.238116 0.218119 0.176792 0.139493 0.131502
4.164009 0.005094 35.4867 0.000000 0.083045 0.045969 0.226175 0.242953 0.167342 0.131806 0.332919 0.203356 0.133299 0.055908 0.050455 0.156082 0.079812 0.098248 0.152738 0.080192 0.051584 0.018747 0.009796 0.131272 0.150711 0.133471 0.081056 0.078598 0.141231 0.101319 0.055841 0.060929 0.066803 0.169435 0.107169 0.046092 0.082400 0.106197 0.094958 0.086154 0.067286 0.057624 0.083993 0.119387 0.156223 0.213600 0.217892 0.125062 0.153695 0.175896 0.174152 0.174995 0.124143 0.123652 0.167904 0.241716 0.059806 0.080224 0.107030 0.058958 0.096458 0.124759 0.028337 0.057676 0.158690 0.080941 0.048168 0.059412 0.053781 0.024101 0.092114 0.088176 0.095761 0.084880 0.021672 0.065751 0.048093 0.013954 0.035145 0.023637 0.040506 0.049221 0.085693 0.039415 0.033669 0.071419 0.049895 0.052072 0.096525 0.082871 0.074747 0.048959 0.045184 0.048982 0.018768 0.084579 0.051012 0.066574 0.037772 0.043820 0.043190 0.033663 0.024712
4.214122 0.004985 39.8118 0.000000 0.100887 0.026156 0.236310 0.219428 0.189090 0.155946 0.273214 0.281593 0.127580 0.084611 0.145767 0.171314 0.045074 0.058067 0.189151 0.063650 0.067215 0.049093 0.055296 0.137371 0.111357 0.107669 0.026467 0.052295 0.176544 0.085833 0.151184 0.152233 0.109859 0.082734 0.111487 0.021603 0.112337 0.109101 0.071404 0.073053 0.077829 0.071670 0.091765 0.182838 0.121185 0.090219 0.132316 0.080397 0.076758 0.242304 0.209034 0.112077 0.145280 0.200670 0.186615 0.054375 0.100087 0.094776 0.029085 0.073597 0.127995 0.032879 0.122560 0.140441 0.012352 0.038320 0.070897 0.053472 0.070700 0.107542 0.081459 0.080980 0.065067 0.038872 0.059688 0.043567 0.050146 0.065431 0.056721 0.060305 0.066869 0.069931 0.049435 0.055203 0.031128 0.018582 0.028321 0.077400 0.105902 0.086536 0.061643 0.048686 0.051112 0.075000 0.083632 0.058593 0.040475 0.029650 0.032715 0.019656 0.023366 0.039441 0.052286
4.260228 0.004851 20.3258 0.000000 0.129936 0.080942 0.136087 0.345046 0.059527 0.019698 0.129469 0.316280 0.182062 0.146811 0.036173 0.055769 0.147127 0.091821 0.124520 0.128880 0.108148 0.096539 0.149830 0.074127 0.058018 0.036660 0.032304 0.070411 0.093997 0.155591 0.112661 0.110452 0.188593 0.125999 0.112428 0.128166 0.069664 0.076206 0.072688 0.078379 0.159630 0.148306 0.088494 0.160775 0.158594 0.084076 0.103862 0.166166 0.094952 0.111543 0.146272 0.131518 0.154103 0.125309 0.195086 0.151163 0.098712 0.024444 0.056672 0.038057 0.048703 0.129213 0.085667 0.020227 0.097353 0.092201 0.055479 0.039948 0.026499 0.041710 0.078166 0.036126 0.040435 0.063571 0.037449 0.049309 0.084731 0.043607 0.088160 0.096949 0.044688 0.065053 0.097718 0.046422 0.014317 0.047594 0.036997 0.026069 0.039999 0.082209 0.103693 0.085512 0.076262 0.047092 0.018252 0.037047 0.071944 0.077007 0.062340 0.058242 0.046437 0.024714 0.031046
4.311770 0.004756 20.0785 0.000000 0.050730 0.109344 0.192325 0.288997 0.112853 0.108997 0.111635 0.187821 0.245819 0.061212 0.023897 0.140670 0.105690 0.137716 0.123021 0.153472 0.053412 0.043397 0.139410 0.109133 0.129912 0.111994 0.082599 0.106992 0.106591 0.145666 0.065817 0.237871 0.115544 0.078724 0.103154 0.069203 0.091100 0.066752 0.034586 0.045556 0.175147 0.152552 0.143989 0.182171 0.054426 0.079402 0.114033 0.152097 0.071211 0.151292 0.121179 0.169314 0.107710 0.102900 0.066156 0.134763 0.126382 0.119166 0.114996 0.090329 0.092315 0.074493 0.048920 0.075025 0.147118 0.097731 0.070043 0.039215 0.044829 0.048290 0.041912 0.048582 0.055206 0.064334 0.093919 0.092455 0.070972 0.116873 0.084895 0.057478 0.083751 0.118483 0.068536 0.029020 0.024138 0.032856 0.051072 0.057134 0.065276 0.064466 0.087814 0.102967 0.072929 0.041465 0.047175 0.065228 0.059875 0.026002 0.042138 0.043469 0.025318 0.038177 0.045818
4.360216 0.004734 24.9211 0.000000 0.117760 0.024048 0.109498 0.087445 0.316518 0.181704 0.204201 0.090370 0.141472 0.181476 0.034049 0.187490 0.197188 0.013780 0.064949 0.079394 0.158329 0.114754 0.204621 0.041213 0.204284 0.173803 0.089096 0.118313 0.096696 0.131428 0.100646 0.270845 0.079829 0.066835 0.118783 0.084055 0.083743 0.038106 0.065136 0.056648 0.174253 0.181916 0.107263 0.179325 0.043970 0.110525 0.105602 0.172795 0.045883 0.090669 0.082671 0.160698 0.092420 0.084950 0.147583 0.113944 0.104979 0.049184 0.041585 0.062011 0.025106 0.054812 0.070386 0.060909 0.104573 0.086517 0.070727 0.078271 0.026077 0.045701 0.051738 0.069389 0.024560 0.051451 0.065871 0.055357 0.108636 0.093268 0.050092 0.069821 0.055301 0.079743 0.050755 0.011476 0.021119 0.042153 0.046159 0.063425 0.053596 0.053021 0.086882 0.084609 0.050595 0.047534 0.058982 0.045413 0.034589 0.035204 0.038795 0.028561 0.034549 0.031446 0.028259
4.411742 0.005015 35.1689 0.000000 0.130025 0.041207 0.100126 0.061916 0.204069 0.191455 0.395050 0.207750 0.192692 0.218360 0.031317 0.123803 0.177290 0.095612 0.123512 0.061491 0.194054 0.079869 0.240371 0.081841 0.126235 0.209317 0.175828 0.212975 0.082820 0.075835 0.042849 0.257982 0.099848 0.055633 0.014339 0.030747 0.020008 0.067423 0.038651 0.068776 0.212313 0.210659 0.093010 0.168086 0.045771 0.051323 0.052108 0.129841 0.110915 0.062934 0.071040 0.109265 0.102288 0.085941 0.115305 0.150757 0.084409 0.097932 0.093043 0.083489 0.041872 0.064139 0.072715 0.076372 0.094436 0.089946 0.078707 0.082832 0.039606 0.036491 0.051457 0.079615 0.038592 0.057152 0.056777 0.061771 0.083412 0.097285 0.064693 0.049738 0.083740 0.074014 0.094068 0.064120 0.025614 0.026244 0.036268 0.052658 0.061132 0.054030 0.074400 0.097993 0.068212 0.053331 0.048423 0.033862 0.050242 0.048254 0.034565 0.020832 0.031442 0.057224 0.044965
4.460262 0.004852 34.8882 0.000000 0.081625 0.117525 0.121622 0.118799 0.152563 0.204350 0.405129 0.114405 0.098359 0.238789 0.094922 0.112242 0.196559 0.084605 0.164905 0.069567 0.176730 0.145471 0.206900 0.173747 0.050227 0.257487 0.133885 0.172975 0.140174 0.099440 0.101544 0.201454 0.096478 0.021587 0.099650 0.129646 0.089758 0.076031 0.096621 0.127881 0.055104 0.054324 0.141636 0.082661 0.068982 0.084521 0.073418 0.073024 0.050208 0.109128 0.132266 0.076524 0.128329 0.097071 0.091723 0.137893 0.095132 0.065320 0.091518 0.105648 0.048842 0.061511 0.084671 0.088848 0.092543 0.084191 0.078272 0.091697 0.033740 0.048760 0.085574 0.061091 0.039488 0.070500 0.063664 0.060742 0.049507 0.059233 0.076179 0.080095 0.085655 0.052542 0.071336 0.030635 0.043436 0.032109 0.030344 0.058005 0.058514 0.072630 0.086119 0.081052 0.039781 0.044852 0.049638 0.048050 0.052970 0.030645 0.030477 0.041131 0.036694 0.038332 0.038957
4.510216 0.004984 35.7936 0.000000 0.091848 0.145643 0.063860 0.029143 0.056931 0.154121 0.423330 0.122544 0.099899 0.291675 0.092594 0.146857 0.184724 0.081701 0.156335 0.171505 0.108194 0.152913 0.229354 0.214034 0.137627 0.131797 0.152958 0.164855 0.141225 0.102732 0.169291 0.183533 0.139464 0.155557 0.112163 0.097664 0.061463 0.086925 0.098539 0.055426 0.152602 0.069221 0.045862 0.122935 0.092515 0.025713 0.077799 0.028299 0.116590 0.056378 0.108855 0.133965 0.083283 0.091265 0.147869 0.066621 0.103341 0.068417 0.042953 0.105398 0.089585 0.087656 0.038571 0.046810 0.040150 0.048864 0.088741 0.055453 0.047151 0.062156 0.063741 0.073400 0.069956 0.048093 0.031868 0.025443 0.019178 0.031346 0.034815 0.018315 0.059092 0.094895 0.060169 0.076779 0.078407 0.069357 0.019607 0.024307 0.029504 0.055222 0.076150 0.084064 0.030852 0.104889 0.040696 0.011842 0.046234 0.052329 0.060001 0.030317 0.031130 0.044469 0.043895
4.551760 0.338891 201.5937 0.000000 0.809778 1.579958 2.503520 3.145040 3.668912 4.119199 4.594334 4.888046 5.046632 4.718923 4.891164 4.831328 4.694440 4.634639 4.350238 4.554602 4.440122 4.404651 4.122308 4.053603 3.917697 3.531975 3.181802 3.117709 3.052430 3.275825 3.761225 4.653820 5.904792 7.294802 8.849903 10.578388 12.375980 14.127637 15.868110 17.430187 18.483282 19.334135 19.801633 19.922405 19.548902 18.787678 17.834383 16.489961 15.050911 13.473741 12.024387 10.581836 9.278566 8.268558 7.361682 6.558402 6.003253 5.510302 5.062901 4.633758 4.169747 3.776635 3.439229 3.167879 2.992547 2.885684 2.869422 2.828561 2.755843 2.787172 2.815139 2.801210 2.852322 2.923483 2.997549 3.095624 3.202733 3.295550 3.357037 3.413531 3.392048 3.272234 3.134126 3.021440 2.834401 2.654886 2.448482 2.258409 2.157359 2.102529 2.144338 2.218071 2.252980 2.336701 2.376186 2.354771 2.279965 2.284330 2.183002 2.107973 2.098258 2.055899 1.957096
4.606167 1.022897 214.0734 0.000000 22.063121 14.427595 5.291555 4.188134 11.228664 17.475001 21.956541 21.605974 16.155966 8.632996 4.063836 3.706722 2.845243 4.632093 7.673743 7.717534 5.247099 4.698267 6.138885 5.783010 3.583219 1.824390 2.881277 5.711731 7.274522 5.066701 2.328193 4.984939 5.107955 5.209255 10.624942 11.831554 6.056146 9.392250 11.380418 3.292733 19.048608 26.569254 14.232394 33.159132 81.218365 111.746405 109.782490 79.012681 36.889401 11.702294 18.458598 17.504604 7.934169 6.089109 12.425453 10.815775 6.092567 6.548064 9.835323 9.784181 7.667128 6.410870 6.352310 5.629055 3.890757 2.484078 3.780952 6.569651 7.543111 4.849446 3.873076 8.880395 11.520726 8.973572 3.078652 3.506777 4.641749 1.502161 10.416121 20.815264 27.891475 28.966965 24.287758 16.073247 7.370824 2.146575 3.692660 5.846625 7.670793 8.903101 7.590450 3.828329 4.000798 8.847253 11.512896 11.055433 8.400025 5.139027 3.116061 3.092091 3.569484 3.205188 2.312700
4.658089 1.274428 210.4131 0.000000 25.795636 5.943453 6.044377 4.372972 15.421628 20.919346 20.592151 15.807951 9.148909 7.039684 6.798767 6.598482 4.737677 3.449278 4.878056 2.688368 4.164787 3.772414 5.405516 8.013354 8.767146 7.059201 3.245785 4.898408 8.151479 4.932079 4.148907 5.727097 11.810408 9.101543 7.609482 9.113026 12.943682 12.032755 12.924413 13.057346 15.100847 13.474423 41.754294 19.226245 124.511676 188.413339 107.816773 2.903641 15.376839 13.028704 14.252070 6.509579 8.372240 20.803133 15.089021 7.629019 6.549106 6.479547 5.446074 2.546870 1.646101 1.837303 4.486242 5.562755 2.995499 2.492213 4.294326 10.299406 8.354565 7.302880 7.876581 9.646717 13.846336 10.215039 13.325667 14.520315 13.166897 16.318497 19.330335 24.356983 28.772272 26.415397 16.141662 7.999984 9.522055 13.301637 11.874214 6.622207 5.632167 4.650071 1.243660 4.214284 9.465010 15.645562 14.955998 6.165118 2.085870 2.894649 3.862601 4.827349 3.546297 2.705900 4.511395
4.710116 1.286367 215.0470 0.000000 24.623201 7.284915 4.711087 4.044677 13.984024 21.313682 21.136304 16.827957 10.277902 6.507026 7.492979 7.187275 5.496596 2.509449 3.638387 3.992745 3.203985 4.435969 5.172119 7.166410 8.098206 7.796111 5.310381 4.530788 7.211578 6.013260 4.738480 3.285993 7.798010 11.138755 6.372160 9.594655 7.654256 17.011800 12.736341 13.192101 19.007518 4.952674 19.319899 46.573035 11.099713 141.654199 196.765505 96.266027 8.878369 11.705304 12.384091 12.859587 10.033795 9.822862 19.980533 13.779445 6.502641 7.734403 5.780906 5.889562 4.866717 1.844358 2.277353 5.067799 4.625474 2.462079 2.134808 4.367833 7.446015 8.323592 8.306714 8.684596 8.878904 12.830807 11.715286 11.644918 13.694204 12.532582 15.809112 16.245751 21.742136 25.255315 30.709848 23.611071 13.422593 7.078894 10.990189 13.220897 11.293723 6.079306 5.412653 4.548600 1.348701 4.749150 9.476542 15.881841 15.373784 5.337369 1.371723 1.952386 3.915838 5.563684 3.215383
4.760248 1.251416 225.4430 0.000000 23.818505 9.840299 6.215469 4.298763 12.466284 22.890431 23.443079 18.300811 11.027016 5.538848 5.518205 7.866669 7.917515 3.776925 3.282815 4.948176 3.379081 3.575614 3.881856 5.429033 8.211720 8.581471 6.898772 5.345267 5.375199 5.257056 5.194493 4.482198 5.226304 7.881287 5.844038 5.379735 4.937837 3.593648 6.869283 10.818942 22.627414 11.201153 18.450754 12.660403 17.478744 46.399242 10.348642 129.460633 182.220256 113.135649 29.010325 16.496589 12.191449 14.962256 16.637890 5.375028 15.794888 22.110090 10.791529 7.551423 9.913716 10.897795 10.846089 6.277812 4.532266 5.107665 7.463177 8.824663 5.513623 5.462518 8.334424 8.700413 6.190706 7.490358 11.794928 8.253488 9.667047 10.571448 11.316442 13.450597 10.766140 15.586430 18.389299 16.212054 21.412022 23.359217 29.360576 22.358697 14.110696 7.910226 9.555736 14.313562 12.782659 6.312973 4.299294 3.129496 1.351367 3.895473 7.016633 12.110195 15.808325 10.631556 3.452063
4.810163 0.803836 215.9200 0.000000 9.439235 7.100316 6.188295 6.490921 5.208151 2.811932 1.423205 0.987324 1.396798 2.738716 4.996502 6.772675 6.397453 5.460412 4.293356 3.271353 1.047573 3.703150 6.074399 6.819667 6.276919 7.257827 8.327762 8.400759 8.209671 7.362712 4.334806 2.300713 5.361409 7.750524 9.023452 9.340023 6.180459 1.492246 7.658697 16.295098 17.645007 7.940387 21.771860 19.527436 29.387791 63.398699 84.749338 87.497424 69.034040 43.851817 21.937386 11.709029 7.932388 4.414820 8.316240 13.016193 14.963017 13.999211 11.189294 8.017201 4.798951 4.416798 6.137517 6.625579 4.684341 1.566927 1.340211 1.238039 0.716858 1.039622 1.168920 3.349772 6.322123 7.473137 6.042104 4.780940 6.173871 8.819470 10.714316 12.478939 12.722001 9.271749 6.972014 8.584652 8.788936 6.287517 5.055479 6.587176 8.260256 7.986284 6.619394 4.952096 3.262128 2.187304 1.904482 1.542440 2.364768 4.417901 7.010768 7.726570 6.160155 4.300746 3.640233
4.851677 0.193741 205.1370 0.000000 1.189175 1.603253 1.476360 1.614635 1.394527 1.141853 1.231106 0.925228 0.865601 0.754661 1.003267 1.307181 1.305760 1.276941 1.347179 1.563369 1.874477 1.948229 1.793185 1.598890 1.685922 1.819992 1.550375 1.256601 1.181141 1.082853 0.984097 1.209414 1.311600 1.386189 1.894205 2.385773 2.642780 2.725102 2.960036 3.728486 5.814054 9.465882 13.100510 16.889585 18.441484 15.288203 11.388115 8.750897 9.152991 7.882956 6.456821 5.960073 5.101922 4.808807 4.273697 4.136839 3.642001 3.254208 3.059066 2.963488 2.871145 2.683227 2.591894 2.580372 2.497372 2.433440 2.300270 2.069557 1.911196 1.661676 1.324223 1.065760 0.849064 0.601517 0.549974 0.740227 1.143008 1.125142 0.896188 0.435358 0.782365 1.594417 2.203149 2.466835 2.660854 2.608935 2.368510 2.031530 1.828997 1.843521 1.866113 1.586728 1.322745 1.359882 1.489583 1.486409 1.654450 1.710171 1.641041 1.762200 2.183434 2.279995 1.911654
4.907669 0.016978 199.3089 0.000000 0.140150 0.192795 0.066666 0.122948 0.192298 0.127917 0.367027 0.175913 0.211914 0.181741 0.157504 0.121778 0.161662 0.130003 0.202052 0.075413 0.163801 0.148334 0.083053 0.122653 0.129748 0.243261 0.283481 0.274285 0.265782 0.399999 0.289083 0.435946 0.414982 0.322349 0.358960 0.351703 0.392489 0.366693 0.379636 0.507403 0.535706 0.905978 1.104584 1.271508 0.924182 0.677318 1.030296 1.212086 1.113652 0.868399 0.441114 0.307560 0.417441 0.581635 0.346912 0.146419 0.241239 0.266612 0.292915 0.218006 0.218198 0.095184 0.137125 0.180263 0.242662 0.144837 0.107472 0.115830 0.076688 0.143705 0.127138 0.129575 0.121237 0.145745 0.185319 0.114872 0.137246 0.149169 0.123877 0.110901 0.073150 0.126638 0.158310 0.174839 0.157950 0.122739 0.125974 0.139457 0.178625 0.184944 0.182129 0.260250 0.277327 0.305108 0.304597 0.227238 0.240898 0.253527 0.239689 0.157616 0.089132 0.131694 0.177679
4.954658 0.005443 34.8797 0.000000 0.115064 0.148298 0.046746 0.231049 0.296672 0.056310 0.342189 0.176535 0.164970 0.190944 0.214354 0.150856 0.022408 0.123196 0.239586 0.111121 0.140105 0.232981 0.143380 0.071615 0.123938 0.148749 0.053520 0.044647 0.067363 0.169358 0.110682 0.181116 0.106421 0.106293 0.126067 0.133861 0.093841 0.053563 0.187301 0.214430 0.041630 0.064860 0.108276 0.240015 0.043024 0.215799 0.139895 0.115704 0.060190 0.048755 0.109385 0.181425 0.100467 0.151855 0.072591 0.212094 0.055607 0.130777 0.086999 0.119077 0.117348 0.046412 0.043346 0.077723 0.118362 0.059174 0.105641 0.034839 0.049712 0.043194 0.071389 0.099133 0.073617 0.072289 0.060721 0.018726 0.067124 0.099778 0.060524 0.054581 0.026079 0.028902 0.057130 0.067436 0.057590 0.026693 0.047160 0.055215 0.088603 0.076619 0.021795 0.041366 0.036502 0.034677 0.049264 0.063909 0.037004 0.033504 0.036767 0.054763 0.046804 0.035591 0.056771
5.006253 0.005135 50.2079 0.000000 0.048093 0.118191 0.133994 0.093733 0.252434 0.266006 0.200351 0.208281 0.099619 0.348546 0.059217 0.040833 0.148221 0.150193 0.162232 0.138297 0.133843 0.176176 0.227852 0.266625 0.164984 0.272811 0.066197 0.048285 0.104506 0.224428 0.112874 0.217512 0.073213 0.089110 0.083695 0.204658 0.087020 0.090133 0.045766 0.104488 0.087042 0.062773 0.068513 0.132497 0.151350 0.112913 0.061908 0.040409 0.052928 0.115386 0.143933 0.142554 0.154050 0.108369 0.097803 0.119692 0.124542 0.080450 0.076423 0.085744 0.063865 0.084554 0.063916 0.093333 0.062003 0.085773 0.031380 0.048019 0.024181 0.011483 0.079837 0.061132 0.060332 0.063868 0.048557 0.045191 0.025001 0.055481 0.076416 0.042560 0.050616 0.029124 0.033374 0.058075 0.056760 0.027279 0.030472 0.023900 0.044556 0.092777 0.068653 0.028148 0.020596 0.023509 0.035142 0.065062 0.052287 0.038412 0.022683 0.028179 0.029715 0.053340 0.041507
5.051768 0.005158 98.8133 0.000000 0.024727 0.109654 0.168541 0.160989 0.243034 0.256100 0.155578 0.182908 0.125378 0.292659 0.098511 0.100135 0.148463 0.141150 0.161507 0.115439 0.126811 0.188735 0.243205 0.302227 0.180453 0.209136 0.048925 0.085222 0.192250 0.164499 0.170103 0.149916 0.125925 0.126313 0.137416 0.145885 0.100550 0.074020 0.066915 0.096084 0.053718 0.079660 0.130974 0.113231 0.100497 0.083986 0.032337 0.037884 0.058068 0.098218 0.092007 0.149556 0.134213 0.037526 0.065569 0.161003 0.112649 0.058373 0.114443 0.084877 0.049159 0.036858 0.082973 0.048399 0.070122 0.029559 0.039231 0.059350 0.063815 0.123958 0.039067 0.078683 0.058636 0.038376 0.022732 0.036626 0.049548 0.059164 0.054493 0.044443 0.020026 0.056545 0.059340 0.049188 0.045066 0.060111 0.015589 0.058157 0.132294 0.029548 0.020729 0.035637 0.063498 0.065345 0.027428 0.039880 0.023009 0.027133 0.036522 0.041048 0.054006 0.047790 0.036037
5.106246 0.004705 102.8721 0.000000 0.030291 0.080844 0.192732 0.148769 0.249398 0.189041 0.114206 0.125309 0.053735 0.184544 0.139928 0.084979 0.105055 0.082297 0.082234 0.144229 0.154926 0.117677 0.143129 0.273177 0.269692 0.186961 0.219945 0.079558 0.119357 0.205699 0.123321 0.085599 0.091172 0.230354 0.115090 0.081870 0.138765 0.098954 0.120181 0.089675 0.094460 0.031846 0.033880 0.065026 0.069600 0.066081 0.081397 0.077486 0.064309 0.022766 0.075358 0.071653 0.042690 0.080652 0.063756 0.067468 0.084741 0.101563 0.094079 0.095136 0.112889 0.067498 0.040885 0.026519 0.067170 0.075763 0.039549 0.048551 0.051220 0.051186 0.073088 0.026011 0.078817 0.052302 0.099568 0.065060 0.028669 0.022742 0.054264 0.036750 0.020279 0.087579 0.025003 0.010398 0.031371 0.022363 0.045416 0.032934 0.034677 0.031397 0.045115 0.100337 0.065270 0.023677 0.051130 0.071335 0.070455 0.041245 0.033686 0.048907 0.026806 0.025836 0.031413
5.155456 0.004652 109.7835 0.000000 0.077106 0.063298 0.182328 0.145048 0.134867 0.049179 0.084232 0.101184 0.081182 0.281989 0.156927 0.063085 0.083112 0.189967 0.099847 0.076116 0.087951 0.075545 0.122490 0.225267 0.263922 0.384781 0.141257 0.090371 0.117611 0.149805 0.082021 0.053222 0.252135 0.106046 0.047147 0.091336 0.097916 0.054078 0.119653 0.085280 0.050398 0.088422 0.080256 0.104350 0.050798 0.110298 0.046308 0.127762 0.088625 0.040779 0.044880 0.046588 0.166588 0.103530 0.080748 0.111890 0.104158 0.057956 0.123389 0.065745 0.057953 0.033028 0.058592 0.088420 0.062572 0.048200 0.059890 0.070692 0.092363 0.036824 0.064055 0.067944 0.104444 0.077637 0.075746 0.068590 0.042451 0.044541 0.053166 0.074863 0.030565 0.030345 0.029220 0.041982 0.049601 0.070009 0.040071 0.053445 0.037303 0.090408 0.035509 0.042785 0.052523 0.093856 0.043055 0.031844 0.048531 0.031335 0.029535 0.042142 0.013618 0.030020 0.042563
5.200089 0.004388 109.6838 0.000000 0.031971 0.026410 0.117154 0.110984 0.112821 0.078256 0.071583 0.196989 0.193332 0.157598 0.049687 0.166182 0.108218 0.066272 0.150649 0.063464 0.113703 0.043069 0.132499 0.148303 0.079664 0.263793 0.231243 0.124430 0.078093 0.045660 0.169075 0.160190 0.132894 0.108921 0.131793 0.059654 0.049861 0.110411 0.213691 0.158985 0.053509 0.072732 0.087063 0.114610 0.109625 0.112725 0.107338 0.182461 0.080229 0.024256 0.035171 0.068625 0.129055 0.094334 0.076067 0.083539 0.103557 0.055408 0.123623 0.051148 0.069748 0.032500 0.060457 0.044299 0.042176 0.066060 0.079191 0.070709 0.117760 0.041209 0.071617 0.023098 0.063425 0.060488 0.105144 0.052367 0.018856 0.063526 0.049328 0.059107 0.025966 0.024425 0.041995 0.056976 0.054244 0.064274 0.040424 0.068834 0.041201 0.058601 0.039146 0.029249 0.068987 0.073735 0.038246 0.038352 0.050123 0.039477 0.050518 0.028113 0.031347 0.026879 0.044441
5.251564 0.004747 111.7650 0.000000 0.035862 0.059722 0.108095 0.131678 0.060382 0.133634 0.142245 0.147712 0.109007 0.240265 0.108853 0.187590 0.121308 0.052791 0.215478 0.173810 0.120811 0.108144 0.086556 0.072526 0.086913 0.224001 0.231858 0.167133 0.139177 0.107085 0.154185 0.124400 0.120586 0.138985 0.104124 0.079213 0.077559 0.126189 0.209566 0.225602 0.135853 0.075771 0.072160 0.086843 0.114395 0.121570 0.115543 0.131575 0.160730 0.040193 0.117287 0.124112 0.089241 0.170542 0.072751 0.019053 0.079398 0.099396 0.100299 0.085325 0.042953 0.068985 0.078673 0.110029 0.035729 0.075790 0.059487 0.054740 0.047647 0.091378 0.054630 0.044610 0.048506 0.042401 0.037622 0.105438 0.059396 0.037290 0.060184 0.076784 0.069145 0.025175 0.025668 0.034691 0.034041 0.055743 0.066882 0.030425 0.044595 0.045673 0.045755 0.053282 0.047816 0.031549 0.038296 0.060250 0.041860 0.037054 0.038229 0.046457 0.042395 0.023777 0.028842
5.300133 0.005277 74.7225 0.000000 0.049675 0.142586 0.087395 0.107658 0.070451 0.031649 0.240726 0.185285 0.331224 0.139529 0.143673 0.256201 0.091053 0.105839 0.337520 0.186137 0.157412 0.037215 0.154863 0.101528 0.092814 0.211191 0.126502 0.125606 0.161724 0.118271 0.190301 0.049886 0.173071 0.101812 0.071385 0.069681 0.082568 0.156116 0.269894 0.146744 0.068250 0.078786 0.089494 0.203985 0.153359 0.092127 0.102322 0.190971 0.048093 0.113854 0.177851 0.119767 0.120592 0.101462 0.107562 0.135253 0.073422 0.103762 0.037163 0.087795 0.016377 0.036562 0.131358 0.067694 0.060311 0.077797 0.079046 0.071553 0.078434 0.061810 0.060868 0.076028 0.091855 0.059122 0.113701 0.069691 0.031966 0.079537 0.114478 0.092862 0.051493 0.026530 0.032915 0.051243 0.025994 0.039899 0.066061 0.059002 0.025080 0.039688 0.028072 0.033012 0.026250 0.060654 0.049262 0.023707 0.043208 0.052182 0.042949 0.017597 0.016652 0.028204 0.041813
5.351710 0.005138 74.6925 0.000000 0.063139 0.191057 0.211914 0.215152 0.172042 0.090064 0.213625 0.217767 0.228567 0.049283 0.277829 0.156434 0.082696 0.090538 0.343455 0.185129 0.151740 0.024054 0.116514 0.063828 0.048711 0.138561 0.084948 0.032750 0.172861 0.131956 0.124564 0.111624 0.134881 0.076140 0.035508 0.094673 0.067039 0.202692 0.212040 0.199445 0.134458 0.068604 0.073440 0.193041 0.153818 0.074589 0.105322 0.158530 0.054643 0.102398 0.209339 0.144746 0.050260 0.033223 0.033653 0.078304 0.053927 0.103487 0.044636 0.111712 0.038267 0.058963 0.149150 0.081509 0.079311 0.045868 0.046149 0.048619 0.063628 0.069401 0.066182 0.043718 0.082085 0.099378 0.096125 0.054669 0.056405 0.047457 0.105084 0.103220 0.044696 0.033970 0.026298 0.049713 0.034936 0.046455 0.056540 0.041714 0.024381 0.026485 0.035933 0.020833 0.025735 0.055844 0.044006 0.036296 0.048039 0.040246 0.042139 0.028487 0.038753 0.040796 0.040804
5.400232 0.538530 212.4762 0.000000 2.824404 3.209424 4.061884 4.482498 5.040254 5.578697 5.677811 5.459203 5.864188 5.812661 5.987318 5.906070 5.571359 5.063261 4.572727 3.592269 2.286036 1.184105 0.837612 1.930375 2.912353 3.507855 3.799157 3.746795 3.312877 2.746122 2.270181 2.267246 2.554331 2.486374 1.887346 1.155253 2.298592 5.983835 10.633580 15.738157 20.938304 26.064119 30.552843 34.031620 36.254377 37.127750 36.571939 34.887814 32.366375 29.264450 26.026807 22.676961 19.382569 16.269177 13.359794 10.721820 8.593819 7.172400 6.538785 6.771349 7.201342 7.598375 7.435202 6.994152 6.219572 5.286768 4.467852 4.071868 4.030078 4.356941 4.822900 5.034518 4.996159 4.731134 4.149549 3.582376 3.355126 3.508249 4.078089 4.830215 5.360541 5.642312 5.652316 5.289748 4.622629 3.866685 2.967970 2.361697 2.190976 2.521962 3.042240 3.505774 3.714455 3.756055 3.492887 3.166493 2.764065 2.460209 2.396370 2.519095 2.606312 2.731128 2.679594
5.451788 1.089307 219.3040 0.000000 19.033569 11.882225 1.364430 8.281412 14.385230 16.749252 19.305712 20.871996 18.674483 13.403651 8.515060 5.837265 4.384750 5.460595 6.765037 4.760954 1.608540 2.367908 1.213352 1.908340 2.104359 1.947853 4.741223 4.988028 3.337024 4.176339 5.669395 8.113226 9.949405 9.495477 6.591478 2.336388 9.843626 11.455566 5.727967 16.397950 18.618876 8.370031 24.545900 27.133404 10.845407 69.435446 119.371249 127.896676 92.038830 37.699879 8.884777 24.914459 16.118939 2.822462 10.921722 9.841332 6.281809 8.411868 8.817353 8.172120 5.873121 2.014748 5.193130 6.005781 6.492823 9.800423 9.226738 4.831206 2.677739 4.568936 4.931673 3.654830 3.362956 7.301592 7.024812 3.837895 6.591129 10.116893 7.745342 4.546984 13.647892 28.652558 38.502367 37.426079 26.268699 12.506022 4.139411 2.292194 3.596624 6.585115 5.929691 3.364122 3.527859 6.188495 7.091672 5.985476 4.389273 4.554637 6.602178 8.540677 9.188923 7.482681 3.519732
5.500161 1.278189 212.9634 0.000000 21.974517 2.428110 7.635804 7.020226 8.981413 18.459010 21.088289 18.184487 19.025613 16.231858 6.941281 5.042668 8.483273 4.635847 4.337666 7.830315 5.753582 4.549588 3.201589 2.368892 1.552815 1.779972 4.071484 6.472322 5.605952 6.471457 7.680491 3.158281 5.738527 7.038840 9.376220 6.868554 12.568573 12.695659 12.155607 13.661404 16.903581 16.162026 20.062434 23.356690 59.855195 165.237490 154.414517 61.042154 25.319609 19.785640 11.813736 10.344594 7.908225 5.564105 2.804303 3.876710 5.391580 5.000751 1.902672 5.665334 4.402799 5.218387 6.285312 5.172656 5.855442 5.062293 2.249313 2.006909 5.040703 4.526259 2.272422 4.889419 8.324307 8.388384 10.375687 12.048202 7.628582 8.989489 22.391899 32.127201 33.022848 33.731067 26.882802 12.449505 3.078162 1.578118 6.377604 12.482332 7.367366 7.819725 9.486103 1.930091 9.772236 7.707555 3.739139 5.277797 8.121121 9.789769 10.272520 5.897862 4.453813 5.658965 2.775944
5.551745 1.282346 216.6161 0.000000 21.161037 3.367902 8.066913 7.035010 8.869668 17.659214 21.304799 18.344808 18.638376 18.073046 8.778621 4.107789 8.384898 6.369480 2.345862 8.053820 6.179396 4.013913 4.602927 2.861004 2.191122 0.962329 2.675325 5.843067 6.093921 6.430081 7.212036 5.201574 4.135981 5.839558 8.649973 7.279140 7.290810 12.284676 10.152027 14.003397 16.970256 13.418249 20.456795 26.970579 14.030761 99.549395 182.338647 124.906180 40.214478 27.264111 14.925326 12.608528 8.860225 8.345272 4.602252 1.384294 4.531830 6.014886 4.457797 2.341047 5.254386 4.954982 5.181728 5.565630 5.314006 5.566222 5.054262 2.874853 1.944634 4.542868 4.628958 1.782314 4.147184 8.378709 8.031482 9.039687 12.847778 9.413326 6.125165 17.250783 31.172809 33.688224 32.793185 31.646306 17.528752 5.239647 1.255039 3.244271 9.551069 11.170482 7.262929 8.747175 6.121608 4.990802 8.921700 6.225215 4.432829 6.465454 8.890344 10.233218 8.769706 5.371225 5.402497
5.600120 1.173917 219.2606 0.000000 20.525087 7.437179 2.258739 6.242123 4.116085 18.464924 25.579425 20.316060 18.571363 17.026087 7.675784 3.059554 6.762243 6.524446 1.947413 7.004164 8.419475 5.044330 2.823514 5.881292 3.409682 3.177817 3.522786 6.903185 6.646590 6.185808 6.565679 4.676644 3.164549 5.435339 7.360303 10.900893 7.074158 4.682948 10.587688 9.509951 9.606696 11.704613 16.055906 9.879930 31.773723 51.996340 141.636156 156.400716 82.091326 13.770697 25.890201 14.033645 11.283192 9.658829 8.069367 10.409413 9.818173 7.351918 2.078959 5.663801 3.874858 5.163828 6.749901 10.440006 8.960656 4.838020 3.887088 1.532572 2.470916 5.233732 4.024512 3.087148 5.494462 4.532101 5.852420 7.305714 12.056658 10.960000 6.569215 8.206656 20.207945 28.012808 27.164376 27.752904 31.619664 22.431804 8.474229 4.070750 5.343463 10.854008 11.411261 7.012608 7.124332 6.279526 3.982247 8.780784 10.018621 7.047656 6.740439 6.175256 6.203586 7.967695 7.807678
5.652756 0.698803 219.0302 0.000000 9.153364 6.116913 6.634330 8.700020 8.791784 8.195849 6.928721 3.996790 1.120294 1.818446 4.134562 4.398536 3.836803 4.251068 5.490109 7.036234 6.998174 7.407565 7.820957 7.694501 6.607122 4.937439 5.498989 6.130635 5.690787 4.080586 4.857441 7.453225 8.250148 7.795986 8.573288 11.098624 12.521332 12.373567 12.533391 11.647336 7.584567 14.228613 20.358833 15.482669 36.355592 60.551753 70.781393 70.201249 57.160089 40.619188 24.275750 12.435427 6.893499 6.302547 6.156034 5.468916 3.851754 3.426381 4.874129 5.793771 4.975301 3.050841 2.584118 3.993949 4.273349 3.576917 2.403989 1.932113 2.126754 2.260751 2.486975 2.369977 1.475751 1.774396 4.475728 6.156561 6.152559 5.031919 4.622640 5.708521 6.969495 8.471872 9.339575 8.302468 5.998574 3.863702 3.006911 3.927548 5.263702 5.974727 5.904275 5.339333 4.785945 4.724263 4.736825 4.327745 4.095293 3.134433 1.853722 1.679063 2.521032 3.794092 4.287874
5.700236 0.114571 199.5464 0.000000 1.748348 1.821220 1.437170 1.091268 0.558404 0.536975 0.309966 0.245879 0.476405 0.465000 0.452050 0.321783 0.290005 0.113959 0.392059 0.648260 0.566621 0.451356 0.381990 0.484122 0.448190 0.698603 0.813981 0.689321 0.720327 0.944320 0.914905 1.143149 1.287802 1.434896 1.602053 1.937441 2.255242 2.958507 3.819415 5.020043 6.851467 8.264967 9.762224 10.370111 8.412553 5.728571 3.550198 3.618388 4.077111 2.958443 2.415642 2.178929 1.638515 1.837054 1.485022 1.701823 1.511963 1.459343 1.138555 1.140329 1.157251 1.158764 1.177661 1.202131 0.970804 0.934991 0.930570 0.903309 0.905607 0.741482 0.625645 0.462410 0.547808 0.707932 0.816393 0.974199 0.911639 0.966249 1.118972 1.301532 1.330534 1.286712 1.089253 0.865128 0.538258 0.447958 0.459215 0.494982 0.372295 0.419191 0.491272 0.480816 0.348887 0.526492 0.692411 0.588690 0.359261 0.268450 0.616637 0.587902 0.427876 0.274249 0.247458
5.752031 0.010718 226.0695 0.000000 0.083614 0.085715 0.200306 0.024099 0.144859 0.357103 0.037637 0.303910 0.134331 0.308168 0.261566 0.073724 0.085994 0.103447 0.039511 0.223389 0.166481 0.117616 0.117035 0.295437 0.215749 0.173665 0.152130 0.170832 0.110048 0.319995 0.219412 0.089745 0.117912 0.199352 0.153834 0.080180 0.161011 0.230964 0.269346 0.116992 0.342293 0.537173 0.690436 0.560466 0.534642 0.253642 0.331800 0.413430 0.673573 0.657403 0.629355 0.456681 0.352959 0.208201 0.338525 0.305692 0.224255 0.127668 0.260100 0.191922 0.117979 0.152725 0.171932 0.234702 0.212874 0.163734 0.169161 0.096518 0.077643 0.135757 0.105902 0.079213 0.103778 0.076425 0.062367 0.139797 0.091158 0.086557 0.088149 0.144491 0.149263 0.090084 0.069688 0.112531 0.077156 0.099235 0.132028 0.147815 0.063097 0.129457 0.165376 0.185871 0.175651 0.174017 0.148971 0.080161 0.094078 0.135576 0.135781 0.074365 0.034699 0.039567 0.079996
5.799976 0.005311 39.8980 0.000000 0.130727 0.190665 0.247229 0.114692 0.026344 0.230949 0.094392 0.393667 0.132385 0.290286 0.277693 0.067747 0.070353 0.048853 0.117222 0.091430 0.128362 0.067015 0.040167 0.228941 0.121150 0.054043 0.071579 0.103654 0.156292 0.236905 0.240178 0.099877 0.134393 0.096446 0.154826 0.134425 0.044872 0.096058 0.169437 0.022898 0.147136 0.141452 0.175057 0.095769 0.119946 0.110835 0.139877 0.192310 0.156761 0.122980 0.037032 0.076411 0.177597 0.157445 0.170503 0.116204 0.042127 0.071626 0.157645 0.088931 0.088988 0.036053 0.021640 0.096711 0.080832 0.115130 0.101631 0.045104 0.037502 0.066265 0.027122 0.027983 0.052862 0.052536 0.064190 0.079344 0.055963 0.020770 0.064856 0.026894 0.035698 0.074331 0.039341 0.073667 0.064605 0.062773 0.058818 0.076972 0.118538 0.074422 0.062510 0.038884 0.043751 0.051471 0.072258 0.053756 0.038341 0.029198 0.030622 0.043399 0.061740 0.043268 0.042139
5.850211 0.004843 40.0825 0.000000 0.102607 0.097691 0.174116 0.159442 0.031942 0.189813 0.088833 0.287116 0.276571 0.125881 0.151772 0.183573 0.103643 0.082807 0.086121 0.149677 0.206079 0.029752 0.047308 0.208733 0.135053 0.078936 0.076561 0.114540 0.195027 0.232837 0.200575 0.097548 0.157693 0.063253 0.086193 0.192257 0.111726 0.109557 0.097970 0.050083 0.132985 0.175642 0.111187 0.169485 0.108611 0.088456 0.093617 0.265996 0.092782 0.094524 0.061870 0.085658 0.051264 0.060021 0.110403 0.095273 0.031437 0.068430 0.115770 0.119651 0.077804 0.032495 0.013401 0.094720 0.085339 0.099210 0.038162 0.057463 0.097932 0.025061 0.072998 0.043876 0.023328 0.031728 0.088860 0.046702 0.048263 0.021847 0.055511 0.033095 0.055931 0.068026 0.043211 0.054754 0.077886 0.057067 0.032399 0.015937 0.067896 0.037825 0.043739 0.064867 0.063618 0.042486 0.059508 0.063186 0.060864 0.026087 0.049103 0.018286 0.080477 0.042420 0.025940
5.900149 0.004707 31.1805 0.000000 0.041803 0.147232 0.143667 0.088528 0.157216 0.297124 0.217692 0.228623 0.226281 0.159684 0.100658 0.111745 0.127113 0.092676 0.046269 0.074895 0.159148 0.121730 0.039322 0.097671 0.148833 0.176702 0.110227 0.124387 0.110336 0.081666 0.237389 0.149733 0.111084 0.078619 0.141813 0.115676 0.128221 0.176362 0.193916 0.130417 0.055599 0.121073 0.173579 0.094746 0.071217 0.103296 0.102991 0.131898 0.120586 0.147885 0.129294 0.063774 0.046393 0.087892 0.030033 0.037621 0.103558 0.025097 0.080717 0.134914 0.112081 0.088135 0.082412 0.057205 0.073568 0.082642 0.094956 0.113267 0.078044 0.033677 0.034584 0.040125 0.065478 0.084801 0.027589 0.013110 0.022750 0.062006 0.062803 0.014756 0.069962 0.053150 0.035381 0.040699 0.052196 0.039767 0.055389 0.068644 0.043654 0.044033 0.046208 0.043956 0.019358 0.006855 0.027405 0.031351 0.038305 0.055669 0.048322 0.032044 0.026041 0.038692 0.052149
5.946195 0.004525 188.2204 0.000000 0.057599 0.165475 0.159969 0.043624 0.125904 0.198027 0.166628 0.185364 0.219688 0.210986 0.107911 0.040378 0.187843 0.084647 0.037745 0.144311 0.160996 0.083341 0.122268 0.086009 0.107296 0.191628 0.125846 0.106380 0.104207 0.082180 0.129171 0.130941 0.083125 0.101240 0.147140 0.125733 0.113303 0.162671 0.127885 0.057897 0.133994 0.220455 0.118274 0.052251 0.094230 0.092535 0.156335 0.138415 0.100242 0.081964 0.045577 0.064057 0.078848 0.080232 0.061120 0.093878 0.042032 0.084314 0.041084 0.033867 0.095307 0.043964 0.043818 0.153717 0.070803 0.038705 0.080688 0.019414 0.042431 0.047386 0.054624 0.082609 0.076114 0.038617 0.029040 0.044570 0.069078 0.033872 0.068300 0.070585 0.048592 0.047491 0.036462 0.026113 0.064334 0.062910 0.034748 0.029040 0.046089 0.030850 0.026008 0.027969 0.031819 0.033947 0.036022 0.058585 0.047395 0.024675 0.026393 0.038204 0.047796 0.061875 0.051405
5.991830 0.004566 29.7442 0.000000 0.092724 0.113785 0.096973 0.105430 0.162053 0.263312 0.177097 0.143703 0.111985 0.128861 0.211168 0.111593 0.241243 0.092413 0.098792 0.136703 0.147848 0.083421 0.065838 0.107535 0.117931 0.174839 0.098077 0.172952 0.112249 0.120758 0.122020 0.093345 0.064451 0.138659 0.133052 0.079820 0.162622 0.123122 0.082501 0.092767 0.175144 0.110366 0.072047 0.111619 0.111895 0.152743 0.104984 0.078074 0.065001 0.125532 0.106280 0.027368 0.036729 0.060128 0.078325 0.121998 0.120122 0.079778 0.073877 0.058957 0.053522 0.123938 0.108503 0.037746 0.068283 0.068534 0.052690 0.038811 0.047468 0.096140 0.075969 0.050867 0.056988 0.039273 0.044019 0.034429 0.053461 0.061959 0.035430 0.020283 0.027780 0.037351 0.053332 0.027290 0.035732 0.044204 0.028310 0.031390 0.039225 0.034768 0.044099 0.035357 0.063420 0.077781 0.050514 0.029832 0.041990 0.042610 0.048851 0.036680 0.035433 0.052553 0.019844
6.046202 0.004726 34.6669 0.000000 0.036754 0.127087 0.081061 0.220963 0.054300 0.109997 0.334669 0.129372 0.096370 0.144778 0.175627 0.158179 0.236771 0.079922 0.193953 0.110424 0.159579 0.114628 0.141561 0.140132 0.159104 0.084007 0.108774 0.203401 0.104067 0.102995 0.097128 0.072194 0.053121 0.115931 0.082330 0.097385 0.187521 0.124574 0.078997 0.088181 0.168768 0.118222 0.067582 0.071040 0.068596 0.107180 0.119312 0.071069 0.074654 0.155496 0.139297 0.058403 0.048469 0.047130 0.081403 0.125451 0.100213 0.087031 0.093887 0.055815 0.052546 0.122428 0.107016 0.084969 0.085143 0.076864 0.063511 0.047745 0.046017 0.059888 0.082543 0.092690 0.053647 0.052061 0.040479 0.023281 0.072826 0.062141 0.042135 0.021080 0.034562 0.048757 0.040503 0.029363 0.024357 0.040090 0.017394 0.053713 0.028953 0.068674 0.041493 0.041648 0.055138 0.076231 0.054425 0.018628 0.022687 0.026270 0.044290 0.061900 0.042663 0.046091 0.009622
6.097602 0.004694 34.8940 0.000000 0.078533 0.138506 0.100961 0.264092 0.093690 0.137373 0.392229 0.158480 0.146076 0.086288 0.181264 0.231123 0.199858 0.120636 0.150938 0.095796 0.123029 0.180721 0.070061 0.062258 0.259569 0.134147 0.112017 0.144942 0.076067 0.058601 0.057633 0.063961 0.078473 0.067356 0.090147 0.176015 0.089475 0.073258 0.055662 0.042326 0.126712 0.107246 0.137979 0.083695 0.082174 0.060293 0.084902 0.065024 0.054002 0.123337 0.152756 0.024174 0.086345 0.071750 0.089848 0.115482 0.090558 0.117698 0.056664 0.086338 0.054403 0.074606 0.073037 0.054400 0.067574 0.053052 0.074502 0.084159 0.083228 0.086842 0.089907 0.092125 0.065870 0.053242 0.034177 0.048193 0.077785 0.033313 0.048256 0.035566 0.049025 0.044109 0.056352 0.068842 0.061530 0.049433 0.025813 0.030994 0.041874 0.057313 0.072660 0.024564 0.043909 0.058952 0.051009 0.035361 0.006849 0.023909 0.056968 0.053690 0.048102 0.042481 0.039238
6.147514 0.004767 34.8221 0.000000 0.142030 0.035481 0.036916 0.242802 0.026452 0.199627 0.395255 0.309276 0.129961 0.146829 0.050306 0.078497 0.227264 0.100861 0.174831 0.057773 0.104422 0.283368 0.115755 0.146269 0.195429 0.123684 0.061232 0.097712 0.119360 0.066786 0.024743 0.080476 0.086130 0.061445 0.112439 0.147939 0.141999 0.109932 0.078971 0.027563 0.070225 0.054386 0.071007 0.068865 0.047182 0.027038 0.053239 0.073310 0.083725 0.123591 0.122494 0.034446 0.104821 0.065348 0.070943 0.074984 0.066137 0.123986 0.073525 0.065998 0.031838 0.029871 0.044952 0.066819 0.098437 0.073231 0.108629 0.095641 0.052677 0.098614 0.117989 0.106599 0.067027 0.058058 0.076191 0.078954 0.074088 0.051970 0.052190 0.045969 0.039425 0.029184 0.049356 0.032439 0.031216 0.049065 0.029386 0.032265 0.046869 0.065187 0.046338 0.033586 0.056304 0.061054 0.052101 0.033451 0.024981 0.024843 0.051125 0.057544 0.050487 0.047584 0.027432
6.191838 0.004852 39.0538 0.000000 0.081561 0.076643 0.075849 0.220212 0.250203 0.117598 0.352510 0.357241 0.162296 0.128861 0.062649 0.123792 0.192990 0.086895 0.122555 0.046514 0.140737 0.192169 0.106820 0.154647 0.187718 0.140865 0.065718 0.072938 0.120534 0.113152 0.115649 0.135035 0.069797 0.078757 0.121944 0.142176 0.096845 0.095438 0.048003 0.022237 0.073012 0.026502 0.074369 0.102087 0.044970 0.038724 0.083397 0.094619 0.070514 0.078402 0.093271 0.137068 0.053619 0.038633 0.075358 0.080097 0.068323 0.064314 0.070596 0.038516 0.046987 0.051263 0.042802 0.031253 0.042357 0.103459 0.075368 0.066980 0.088341 0.049596 0.029427 0.050571 0.126979 0.140919 0.081364 0.060507 0.055387 0.062841 0.024326 0.033956 0.065961 0.040142 0.038150 0.084877 0.022078 0.036643 0.031475 0.084072 0.071641 0.051317 0.031600 0.050209 0.079735 0.045674 0.054003 0.052931 0.053930 0.052781 0.043893 0.045408 0.036932 0.053492 0.052356
6.240132 0.005668 41.0968 0.000000 0.150850 0.066839 0.068340 0.141728 0.162975 0.166510 0.291231 0.362937 0.265750 0.227273 0.116915 0.104984 0.174058 0.174555 0.130408 0.160924 0.168316 0.176198 0.146510 0.107567 0.180721 0.229287 0.177133 0.151741 0.224656 0.222699 0.074158 0.089750 0.145890 0.105513 0.070681 0.102585 0.067975 0.099614 0.092511 0.105775 0.031433 0.061417 0.064131 0.026620 0.050358 0.022392 0.103472 0.058158 0.102291 0.054973 0.072067 0.120896 0.063968 0.173490 0.191260 0.100523 0.048223 0.077604 0.106663 0.107231 0.074810 0.051636 0.051158 0.073684 0.097241 0.047437 0.075285 0.128176 0.145255 0.135555 0.047843 0.031453 0.041036 0.090274 0.043577 0.119752 0.108519 0.215008 0.048827 0.053977 0.078487 0.125028 0.082205 0.081044 0.115183 0.114683 0.062589 0.082476 0.066263 0.047302 0.056853 0.090902 0.090752 0.090233 0.049152 0.038731 0.069728 0.076469 0.100745 0.086509 0.034208 0.051221 0.063290
6.294998 0.812857 215.0470 0.000000 17.419444 13.617872 8.666234 5.095099 5.102323 6.785966 7.470345 7.968904 8.006792 8.191123 8.915839 9.134030 8.832098 7.254460 4.884240 3.072388 3.265638 4.699429 5.848653 6.627071 7.400225 7.767226 7.309414 6.234125 5.502956 5.588891 5.766840 5.644312 5.742632 6.682470 6.974453 4.544113 2.862465 9.222677 16.980199 20.446116 16.624126 4.185569 16.495620 39.248276 60.479128 74.363281 77.892570 70.491604 54.941588 35.617804 17.064453 4.105304 6.708073 10.384112 9.891510 7.362835 5.265333 5.061723 5.238623 4.212022 1.975159 1.199354 3.395439 4.295098 3.739248 2.451743 2.122699 3.210695 4.112216 4.309954 3.959328 3.450536 3.072692 2.647463 2.081571 3.360526 7.023960 11.867846 16.748076 20.472618 22.196880 21.332839 18.127884 13.692377 9.507983 7.026565 6.371405 5.836949 4.436098 2.557198 2.170594 3.155515 3.718595 3.196214 2.179977 1.763421 2.817030 3.800060 4.189010 4.198771 4.170821 4.163738 3.901647
6.340084 1.216356 213.0004 0.000000 28.232468 6.941252 5.576544 3.384378 5.561577 10.652920 16.685738 16.906727 12.535189 7.869711 7.060271 11.887773 11.227251 5.599129 3.713501 4.083569 6.486664 10.435264 10.989115 7.895045 2.295954 3.133112 4.047723 6.196052 7.736095 5.575478 1.335937 4.446025 7.891076 7.886088 7.774585 9.977411 9.888729 5.753314 16.566427 11.005026 16.798532 16.867858 42.232783 43.286260 51.754168 136.300392 148.639325 84.305015 31.509369 14.793596 16.452657 20.848561 9.926163 12.258700 15.485402 15.555372 12.369612 8.961548 4.750506 7.752134 9.591062 5.005262 6.123993 4.331668 3.467718 1.502309 5.600221 4.483606 10.203971 16.188738 14.717374 7.859195 2.986509 7.851462 11.212776 12.819688 13.490211 18.602755 20.418522 13.127370 18.544868 28.678455 26.306205 19.470985 14.287717 9.181063 4.839516 6.225698 3.911731 5.032764 5.598715 2.628593 6.110536 7.137518 5.147701 4.560314 8.944493 8.964607 4.395985 2.301448 6.983179 8.641248 6.644887
6.395834 1.279614 221.9775 0.000000 27.753164 6.180431 5.252733 3.299600 4.641442 9.084376 17.116107 17.098953 13.969673 10.654861 4.430867 11.273685 12.537070 8.724640 5.072819 6.227211 4.683120 5.979210 11.524014 12.706615 7.147222 3.582047 3.855425 1.685952 3.884017 6.539839 5.234314 2.278733 3.987714 3.112257 6.363226 12.427171 10.868390 6.528703 7.412787 12.572866 14.302247 18.581842 9.430282 15.930245 43.599555 41.548172 98.526568 167.299405 137.199753 66.420277 36.485531 22.884778 19.268544 12.508355 10.583813 10.513288 7.711061 10.803539 9.871830 4.755647 2.798050 2.948694 4.436527 6.420687 7.708475 8.886731 5.790082 3.226290 5.832485 6.334711 7.317019 11.318264 11.982586 10.668605 7.081664 3.593451 5.243594 8.726999 11.704684 15.605042 17.774855 17.976561 16.252780 12.660753 28.621224 32.037919 20.943640 13.021394 11.757816 8.284308 5.552521 7.230831 4.473217 4.904376 7.256168 5.847608 7.676231 5.420789 6.598746 5.459717 7.452025 9.317964 4.947692
6.446088 1.280321 212.9203 0.000000 27.305324 5.881862 5.224474 3.368447 5.358376 10.991699 17.608539 15.950021 12.803627 8.113664 6.609075 12.361630 10.671832 6.483123 5.229048 5.258331 5.558952 10.013383 12.834877 8.049087 3.670154 3.606466 2.046949 3.699352 6.735620 5.344264 1.827753 4.631475 2.864444 7.490829 13.505427 9.963855 6.221837 7.961538 13.892461 15.937670 15.742715 9.753247 34.640568 49.831567 71.180312 156.165588 151.242160 74.542988 37.101586 23.610998 19.465822 11.877837 11.340390 9.497705 8.043909 11.359990 8.647564 3.584090 3.296781 2.491333 6.118811 6.355157 8.685032 9.120780 1.826127 4.600387 7.348858 5.653202 10.822980 12.224765 10.932883 7.716823 3.697417 5.242878 8.727961 11.907395 16.061822 17.520992 18.696562 13.009807 17.898637 31.526129 28.113054 16.525850 12.876280 10.078177 5.841058 7.537300 5.048934 4.028715 7.559097 5.336291 8.301293 4.933956 6.983927 4.922593 7.704077 9.012152 5.089348 2.593870 6.804079 8.753263 8.228598
6.491625 1.013274 218.8059 0.000000 24.743788 15.607384 8.052613 5.385480 7.081071 8.117055 8.059146 6.451151 5.426776 6.632185 9.685215 9.507453 6.227989 3.682488 4.597793 8.036628 8.065418 5.791221 6.165956 7.394273 7.964577 6.605277 3.058037 2.306051 4.091913 7.433135 9.531016 7.399701 7.075291 7.916465 9.632785 14.468917 14.709834 10.340017 9.246955 11.404245 8.839401 8.652797 13.608499 9.423474 18.307466 39.166030 96.251111 120.870204 105.195839 60.722366 24.198116 28.919713 34.605120 20.979652 6.757558 13.831317 11.689317 15.050286 16.086626 6.940489 2.577664 2.971555 3.341672 4.980971 4.981169 7.491201 8.749074 6.350595 4.269261 3.023260 7.755194 11.774006 12.043481 10.877324 8.620975 3.589750 4.427537 7.716434 7.403423 6.285474 5.815761 3.392803 4.559592 10.434340 16.299493 18.710541 16.954683 11.946347 10.633452 12.443031 11.787709 7.858642 2.842091 2.005171 5.106613 6.967859 6.515378 4.032826 3.697960 6.841977 6.445773 6.175093 6.192583
6.546118 0.432173 205.5288 0.000000 5.885909 4.116506 3.554181 3.968053 3.565528 4.045727 4.660555 5.283801 4.996422 4.818683 5.011194 3.870063 2.684320 2.751199 4.253557 5.503721 5.813212 4.950286 2.909962 1.154977 1.795055 2.778317 4.401685 5.127556 5.286659 5.004781 3.975386 2.471132 3.930973 6.086342 7.553656 8.672310 9.173993 9.255939 10.339782 11.621280 9.860727 3.562822 10.731868 26.795086 36.145453 35.323371 31.029880 28.971243 24.447974 21.882264 19.426514 18.112393 15.840070 14.096518 12.345391 8.807688 4.551895 2.235877 3.869576 5.751242 6.300866 5.884598 5.165476 4.415139 3.252608 2.029555 1.068946 1.845470 2.691491 2.874976 2.873091 2.451199 1.840364 1.056025 0.454938 0.486589 1.255186 1.838503 2.337289 2.775235 3.085535 3.313251 3.417003 3.289069 3.110725 3.475959 4.044500 3.923345 3.322405 3.163371 3.004908 2.519760 2.257926 2.909894 3.901709 4.972126 5.197435 4.096476 2.031767 1.413216 1.855020 2.679209 2.964642
6.591769 0.047447 197.5358 0.000000 0.710814 0.682770 0.672727 0.824586 0.637484 0.601037 0.708243 0.524513 0.294396 0.229299 0.224821 0.111595 0.172137 0.155077 0.084767 0.048398 0.294589 0.507926 0.471235 0.504341 0.523486 0.333233 0.263596 0.208654 0.215284 0.255933 0.444096 0.586016 0.754996 0.906571 1.001721 1.161679 1.213788 1.327283 1.556431 1.762786 2.179214 2.919942 3.765300 4.104634 3.672159 3.215767 2.545131 1.450097 0.997011 1.139854 0.855104 0.715233 0.670694 0.534527 0.671056 0.691859 0.770889 0.729712 0.637987 0.606495 0.525707 0.453012 0.431597 0.491955 0.471457 0.364476 0.378392 0.272563 0.280975 0.349170 0.300716 0.382169 0.478823 0.416561 0.431852 0.439236 0.299902 0.318374 0.310868 0.368022 0.357584 0.372858 0.300849 0.317919 0.186413 0.043614 0.109431 0.184529 0.269701 0.460559 0.411772 0.345586 0.417652 0.504805 0.394103 0.338875 0.256045 0.151620 0.270447 0.331757 0.415448 0.440037 0.421125
6.643978 0.006951 209.8155 0.000000 0.176288 0.099884 0.105677 0.205939 0.082143 0.147200 0.471041 0.257473 0.373464 0.132960 0.127314 0.089160 0.072245 0.083053 0.107524 0.279072 0.161377 0.199581 0.070777 0.127952 0.142638 0.077679 0.159359 0.059839 0.051754 0.061277 0.021276 0.162544 0.111349 0.047110 0.140752 0.031329 0.064494 0.113519 0.142971 0.063818 0.036299 0.055119 0.212377 0.291784 0.380860 0.492517 0.404752 0.307730 0.284627 0.153609 0.312856 0.312287 0.275279 0.178602 0.258582 0.109224 0.030182 0.119627 0.040218 0.110728 0.046847 0.105852 0.102843 0.080420 0.113782 0.074959 0.131793 0.019156 0.084896 0.044509 0.080991 0.120288 0.038266 0.075217 0.062990 0.065091 0.054574 0.065901 0.022458 0.011366 0.069990 0.072168 0.039382 0.058640 0.039746 0.075224 0.067594 0.055938 0.037735 0.065655 0.098154 0.128925 0.029468 0.060141 0.080430 0.081726 0.112762 0.067473 0.086703 0.085322 0.017321 0.024346 0.041546
6.693516 0.004959 44.9056 0.000000 0.110127 0.139309 0.147947 0.195903 0.032155 0.262202 0.292523 0.276963 0.390001 0.114772 0.039583 0.020861 0.077979 0.042241 0.236094 0.097324 0.189645 0.141586 0.152317 0.118755 0.105803 0.202234 0.081925 0.130959 0.048047 0.113004 0.095495 0.181527 0.085291 0.075785 0.142644 0.169861 0.174922 0.108692 0.095868 0.112353 0.071394 0.045159 0.134873 0.108996 0.091043 0.134150 0.106696 0.097182 0.082385 0.115442 0.068181 0.133032 0.096909 0.073902 0.087304 0.038717 0.049764 0.091970 0.072885 0.079821 0.050954 0.103485 0.104919 0.043035 0.053744 0.055528 0.121024 0.077743 0.042864 0.074336 0.074053 0.078277 0.079423 0.051429 0.034947 0.037975 0.027453 0.076931 0.039910 0.041841 0.084926 0.079994 0.005815 0.014608 0.042197 0.026678 0.045858 0.079136 0.030309 0.062795 0.053932 0.057261 0.059773 0.050001 0.060252 0.024581 0.041623 0.030802 0.031707 0.069878 0.029615 0.016350 0.048724
6.740168 0.005043 40.0594 0.000000 0.182279 0.202364 0.074853 0.233812 0.157794 0.203775 0.272957 0.331495 0.247922 0.041963 0.111079 0.083768 0.127859 0.027989 0.240010 0.137616 0.164667 0.140079 0.174770 0.119558 0.127197 0.193957 0.057855 0.255540 0.160621 0.212097 0.053566 0.131024 0.027010 0.148461 0.097477 0.074530 0.149411 0.187851 0.039294 0.148881 0.125662 0.043650 0.101536 0.119872 0.052188 0.139317 0.078111 0.116904 0.135160 0.125856 0.075968 0.147176 0.062143 0.018291 0.097838 0.061378 0.042848 0.073138 0.031508 0.033567 0.082708 0.085486 0.141915 0.063915 0.041900 0.011691 0.117545 0.100096 0.040902 0.063154 0.039343 0.043264 0.052803 0.027698 0.051030 0.049094 0.014300 0.061108 0.047275 0.059800 0.090421 0.078868 0.034864 0.022397 0.032128 0.039424 0.029050 0.080783 0.019532 0.058815 0.067172 0.041437 0.055696 0.011732 0.074832 0.021101 0.010924 0.021494 0.054564 0.060499 0.033833 0.022746 0.045600
6.791590 0.004843 40.2539 0.000000 0.213284 0.277953 0.089901 0.081523 0.116364 0.120910 0.172518 0.316769 0.146014 0.126324 0.029419 0.134522 0.106880 0.116564 0.181647 0.097378 0.097379 0.147248 0.121736 0.087969 0.157891 0.145291 0.133478 0.211881 0.183820 0.156979 0.111728 0.064120 0.066322 0.163615 0.087756 0.096769 0.108642 0.171504 0.112017 0.076388 0.202582 0.156100 0.064296 0.077621 0.067665 0.087408 0.107281 0.134448 0.101813 0.064615 0.124811 0.089927 0.072876 0.080565 0.118202 0.143046 0.114178 0.095278 0.098799 0.094926 0.116469 0.135579 0.101906 0.039235 0.043097 0.027339 0.062056 0.076684 0.049412 0.059812 0.060420 0.047147 0.038881 0.036618 0.039819 0.051846 0.031353 0.047474 0.049712 0.063119 0.081847 0.083825 0.072313 0.057241 0.059125 0.042587 0.040870 0.077508 0.058526 0.028718 0.046653 0.028767 0.048029 0.067205 0.059638 0.052313 0.023125 0.037210 0.051746 0.045120 0.032320 0.052762 0.045884
6.842085 0.005236 39.8823 0.000000 0.144875 0.268414 0.178330 0.052604 0.116786 0.198496 0.168378 0.411709 0.052399 0.191204 0.114371 0.094172 0.100583 0.102349 0.184904 0.107142 0.153379 0.023025 0.059626 0.219614 0.081107 0.162710 0.106717 0.253903 0.147588 0.141429 0.148673 0.114479 0.080979 0.165973 0.123834 0.194412 0.149167 0.114776 0.116309 0.175174 0.135635 0.153973 0.055180 0.155315 0.157555 0.092842 0.212545 0.093350 0.096941 0.102465 0.121944 0.069025 0.032658 0.023515 0.087281 0.060234 0.128619 0.159726 0.123377 0.059256 0.068582 0.113684 0.034730 0.048754 0.039576 0.057349 0.079454 0.071626 0.078717 0.082395 0.098176 0.066537 0.104127 0.031946 0.022518 0.043015 0.053684 0.066435 0.064327 0.087700 0.050539 0.064690 0.050640 0.042968 0.051114 0.032849 0.065717 0.088310 0.025253 0.050538 0.025390 0.044966 0.046385 0.044097 0.071877 0.069533 0.053072 0.017928 0.032362 0.026188 0.026825 0.035714 0.039812
6.891661 0.004909 39.9873 0.000000 0.180507 0.252233 0.207241 0.067654 0.051898 0.246753 0.128621 0.386873 0.108610 0.245529 0.111507 0.079913 0.119043 0.124359 0.107320 0.171244 0.095455 0.068660 0.071575 0.210159 0.071076 0.085921 0.076523 0.177119 0.110058 0.126864 0.188050 0.066238 0.065553 0.106872 0.105062 0.053298 0.120382 0.041774 0.054112 0.096812 0.122438 0.203274 0.059066 0.132641 0.170527 0.139558 0.204314 0.084318 0.082777 0.113971 0.035616 0.051163 0.084453 0.098326 0.153674 0.062363 0.135478 0.154389 0.088365 0.135412 0.035986 0.122326 0.075341 0.102244 0.082841 0.053586 0.087983 0.034759 0.035473 0.065322 0.080470 0.027831 0.091281 0.044553 0.015671 0.043041 0.085970 0.040920 0.029714 0.053553 0.078241 0.022450 0.021205 0.032421 0.062794 0.026504 0.050986 0.107762 0.036441 0.035083 0.017338 0.029584 0.070626 0.019097 0.036389 0.107013 0.022444 0.046265 0.013058 0.050570 0.016940 0.043186 0.045960
6.940160 0.005043 39.9843 0.000000 0.118298 0.157276 0.265227 0.087478 0.132036 0.214349 0.170346 0.411508 0.137279 0.189032 0.157104 0.104292 0.162556 0.190695 0.095262 0.064250 0.208486 0.035798 0.098459 0.143693 0.105173 0.100762 0.104931 0.098669 0.071803 0.124543 0.055558 0.169504 0.057817 0.111436 0.086703 0.098169 0.139393 0.082043 0.183852 0.084374 0.057702 0.085550 0.178942 0.211114 0.121219 0.194714 0.165258 0.078673 0.051693 0.077642 0.048989 0.055667 0.027127 0.114357 0.175161 0.050607 0.130918 0.208532 0.106546 0.118988 0.078826 0.139264 0.075864 0.079171 0.084608 0.046579 0.105227 0.018924 0.022463 0.068631 0.081787 0.061549 0.097405 0.111688 0.036009 0.053772 0.058205 0.096029 0.047984 0.062239 0.063714 0.040008 0.048235 0.009793 0.062214 0.069798 0.078689 0.074446 0.025775 0.030486 0.038374 0.037208 0.024345 0.015771 0.009641 0.081529 0.074596 0.071853 0.032180 0.046048 0.020187 0.034410 0.051780
6.990052 0.005081 40.5886 0.000000 0.116021 0.286139 0.160676 0.142242 0.131294 0.218866 0.242182 0.340226 0.154424 0.225674 0.177755 0.171836 0.208750 0.183450 0.130307 0.054243 0.120312 0.067184 0.073298 0.076761 0.133849 0.105958 0.093455 0.097658 0.076618 0.082474 0.074676 0.129927 0.088190 0.084704 0.137325 0.154053 0.190689 0.171039 0.108712 0.109656 0.144030 0.097912 0.066004 0.175400 0.207813 0.144452 0.145318 0.120880 0.070069 0.046646 0.075409 0.100126 0.065032 0.066235 0.119950 0.128572 0.079097 0.071037 0.106118 0.077242 0.102991 0.078817 0.106917 0.071613 0.069751 0.123053 0.062927 0.086861 0.037717 0.059408 0.103137 0.054739 0.048713 0.106181 0.112097 0.010644 0.035540 0.048829 0.044678 0.032712 0.055426 0.042177 0.040935 0.039182 0.060128 0.034348 0.018555 0.062048 0.052351 0.043070 0.056408 0.017503 0.018316 0.034764 0.040183 0.034199 0.050062 0.060881 0.049945 0.058554 0.037550 0.033573 0.034400
7.031744 0.004960 10.0408 0.000000 0.091603 0.287911 0.143690 0.092769 0.127403 0.209783 0.121247 0.226251 0.229035 0.244997 0.175019 0.137131 0.237412 0.133391 0.078726 0.132956 0.043516 0.078169 0.032900 0.038770 0.221801 0.072280 0.119675 0.071294 0.068552 0.167610 0.115322 0.079650 0.109279 0.107556 0.161115 0.186715 0.235938 0.109477 0.068050 0.234921 0.150534 0.035109 0.126030 0.120320 0.147982 0.087287 0.059170 0.094289 0.104787 0.038465 0.100298 0.043178 0.062323 0.135229 0.197191 0.081658 0.021148 0.056122 0.118129 0.059979 0.067523 0.070198 0.113683 0.116653 0.107586 0.067994 0.065497 0.031357 0.061398 0.075220 0.023419 0.058532 0.090884 0.077288 0.042711 0.014046 0.065485 0.079076 0.047475 0.061322 0.032202 0.035626 0.046868 0.061652 0.037319 0.028414 0.033940 0.071515 0.089817 0.100651 0.053003 0.036406 0.024658 0.021037 0.055922 0.036156 0.012965 0.068925 0.061070 0.033718 0.038597 0.025551 0.053683
7.087608 0.005267 10.1739 0.000000 0.174817 0.362524 0.096785 0.146119 0.215583 0.262394 0.192986 0.082687 0.162441 0.078435 0.178038 0.155964 0.173452 0.088697 0.150036 0.191211 0.103296 0.045920 0.064222 0.093592 0.159104 0.080586 0.102319 0.135342 0.069817 0.058661 0.118198 0.150585 0.094455 0.040475 0.131129 0.195394 0.185184 0.150187 0.092422 0.226840 0.252552 0.096612 0.072996 0.058557 0.090354 0.174011 0.025639 0.032594 0.083614 0.163208 0.063017 0.107553 0.090289 0.175070 0.112461 0.104759 0.029215 0.038749 0.093614 0.125404 0.029627 0.137137 0.062263 0.107312 0.125336 0.096466 0.057044 0.051824 0.068591 0.092273 0.063784 0.037921 0.040342 0.103175 0.065258 0.073079 0.061450 0.053316 0.085518 0.050887 0.065283 0.087399 0.091142 0.074412 0.072564 0.054352 0.031265 0.039331 0.072818 0.084981 0.105079 0.075992 0.028072 0.027240 0.045484 0.056515 0.046315 0.054136 0.059864 0.058225 0.065328 0.066286 0.027913
7.138753 0.005106 9.9641 0.000000 0.176434 0.337555 0.142412 0.057587 0.176630 0.143031 0.273706 0.220260 0.091279 0.174944 0.151304 0.094027 0.104229 0.082313 0.105446 0.114527 0.121436 0.126248 0.139212 0.082504 0.191040 0.069490 0.068578 0.152135 0.118432 0.050993 0.122584 0.148836 0.078888 0.075249 0.172652 0.177770 0.181398 0.135698 0.230166 0.167978 0.127806 0.121984 0.039875 0.073059 0.157960 0.045367 0.051450 0.065337 0.225895 0.042030 0.081816 0.107438 0.152667 0.121006 0.097897 0.033322 0.066334 0.093168 0.088400 0.077772 0.142528 0.090243 0.125490 0.109640 0.084128 0.066065 0.093715 0.102061 0.089043 0.095705 0.045211 0.028139 0.063249 0.041213 0.053646 0.063925 0.067956 0.068801 0.058069 0.080325 0.104617 0.090666 0.071831 0.037727 0.013403 0.024118 0.050843 0.082890 0.093952 0.100585 0.042968 0.015826 0.030376 0.055207 0.018774 0.025812 0.027420 0.046876 0.083149 0.053414 0.027023 0.043007 0.075803
7.186048 0.417691 210.9802 0.000000 1.947759 2.089103 2.241705 2.493752 2.621503 2.693463 2.566016 2.564842 2.362256 2.044914 1.469136 0.932043 0.374339 0.288496 0.997715 1.536270 2.052590 2.647526 2.806719 3.279617 3.502167 3.769163 3.745810 3.480885 3.533565 3.313628 3.039344 2.271444 1.408845 0.717515 1.961318 3.935671 6.308447 9.021350 11.802379 15.043657 18.030056 20.704334 22.888550 24.676504 25.640772 26.030090 25.675871 24.770045 23.249684 21.457975 19.342762 17.172792 15.272081 13.586677 12.188381 11.196815 10.333197 9.707070 8.906392 8.144192 7.502199 6.565259 5.645306 4.922869 4.351066 4.018947 3.765428 3.910611 4.070831 4.305430 4.685598 5.049894 5.317213 5.547203 5.714931 5.906202 5.981076 6.074564 6.058972 5.998353 5.792788 5.640770 5.394907 5.042429 4.709527 4.327898 3.900059 3.472669 3.104199 2.743718 2.352559 2.005955 1.774091 1.657619 1.651298 1.745352 1.906158 2.101561 2.298560 2.442677 2.438781 2.322770 2.160631
7.231864 1.043937 216.7685 0.000000 20.052296 12.587993 6.139010 2.947242 8.977179 17.723810 22.808141 22.339089 16.532358 9.269879 4.272161 2.254387 1.884959 1.327131 2.339628 4.653342 5.109002 3.477976 1.811600 1.412682 1.276405 1.913066 2.045415 1.955123 4.196824 6.645939 6.875173 6.471642 6.716673 4.728585 3.382904 5.682528 5.366127 7.573515 14.048706 11.598214 10.897310 22.751356 25.008641 19.108128 50.424415 97.170916 117.658340 101.975539 61.832960 21.907347 15.524491 18.069368 12.227412 6.705044 7.786149 7.400962 6.830359 9.118538 8.548936 4.921418 7.928219 10.878783 9.470776 6.274542 4.589400 3.027774 4.720306 6.611287 5.322376 3.791957 7.234922 9.018530 8.972042 9.185862 7.701687 3.878588 5.550988 7.563681 4.471356 11.979975 27.126230 36.624185 35.994706 26.152262 13.152120 5.271927 5.141446 3.483858 1.477155 4.163137 6.280553 6.537113 4.731129 2.512861 3.971319 7.737062 9.557288 10.040692 9.966264 8.349149 4.946710 2.261357 1.317340
7.286085 1.258664 214.0005 0.000000 24.150345 9.295325 3.982245 5.759656 12.282345 16.913026 18.638386 18.879138 18.842240 12.124627 5.697143 4.224930 4.519789 4.743061 2.798645 4.397317 5.677314 3.756759 3.239154 4.916073 5.430640 2.472531 1.872060 4.787009 4.449798 3.445372 10.243747 13.406199 3.458892 2.537282 7.438598 6.238451 14.813036 17.870913 5.422369 14.074317 14.643457 16.514307 23.070025 46.547518 52.920446 166.868031 156.198705 62.470775 21.144033 9.465354 15.232760 6.482538 3.825609 5.622582 8.847443 6.951415 4.981041 3.941884 2.541453 5.026790 10.025787 8.081776 2.603474 1.502627 1.492990 4.882773 6.859653 4.313675 4.706422 5.299327 4.172573 6.902980 9.113998 5.437169 1.938930 1.223009 7.507547 8.319589 14.939223 32.046027 32.980253 29.889569 28.791746 19.227515 9.651441 10.727769 11.082384 5.873321 5.906950 8.582289 9.358956 5.117382 3.788354 6.699241 8.788804 9.264584 6.969712 6.646050 9.296536 6.482957 2.574221 2.491672 3.490103
7.331573 1.267882 219.6470 0.000000 23.271033 10.266535 4.609323 4.759231 10.754664 17.617625 17.780787 19.245992 19.653082 14.428450 6.463466 4.159983 3.570218 5.780103 3.269666 3.701702 5.602094 5.356152 2.215823 4.116559 5.366291 4.836685 0.512626 1.870706 5.583116 4.546181 4.028661 12.716805 11.944982 1.406026 2.871944 6.438797 5.877223 15.382512 19.490150 1.849838 11.746533 21.864900 5.034025 21.646808 50.084052 41.156038 172.078481 167.434241 68.145762 25.197704 3.164033 14.622749 7.854132 1.488114 4.471858 6.364769 6.933953 7.945715 3.253897 4.591473 3.961782 9.905939 8.858690 5.575046 1.566028 0.792005 1.032185 5.346545 7.627812 5.174069 5.431916 3.925832 5.812670 6.709001 7.745410 5.293181 1.079613 3.042508 7.526890 9.684959 16.074045 32.114873 32.343247 30.820475 28.315540 21.976375 9.077759 8.981952 11.895016 6.969086 6.253127 6.824320 10.683153 7.107250 2.445910 4.989611 8.959655 8.699053 9.016273 5.713560 7.986781 9.203076 4.289694
7.390034 1.204400 219.2909 0.000000 23.292670 14.771683 7.417810 4.434033 13.977184 20.672413 19.283368 19.777729 19.258204 13.250216 4.426379 2.947400 6.552895 3.320209 3.905289 4.524526 1.838317 2.529448 2.949109 5.654634 7.664691 1.204909 3.446972 3.962060 8.651266 5.751700 6.243945 14.373951 13.360066 4.088792 5.480995 5.167968 13.565392 10.561863 12.127966 16.943727 10.034304 12.450203 19.685814 18.702988 38.698415 68.898634 157.346754 146.227401 70.621325 33.630940 16.499422 12.594294 15.568922 10.519599 6.478712 9.600065 13.767651 6.947428 3.925745 3.646462 8.951399 9.996623 5.016393 4.246889 4.354638 2.280523 3.151360 5.658582 9.339015 5.693562 3.950841 5.866627 8.948569 10.336446 6.882034 2.127704 5.179993 5.227883 8.491587 7.423873 22.951636 31.016582 27.079978 24.916108 23.699963 20.359608 11.167053 6.579514 10.992948 8.865700 4.147012 5.285754 9.215570 7.598730 3.661214 4.053013 7.800797 9.780770 10.095066 6.889647 8.356965 7.345172 3.538893
7.431588 0.739698 214.3607 0.000000 9.842817 5.093003 4.655060 4.279189 3.663117 4.829774 5.360845 5.043470 4.385564 3.723133 2.155096 2.283312 4.620579 4.630296 4.142947 2.721359 1.513478 2.073697 2.148608 2.922847 3.936764 3.917618 2.257515 0.508641 2.184463 3.798369 4.602327 6.758663 7.711810 6.791420 3.953227 2.348349 7.750451 12.570496 15.758264 16.348392 11.135827 16.855588 25.046273 20.275315 52.553984 78.719710 80.149831 66.099509 41.108536 20.693926 11.361661 12.368433 11.657736 9.709465 8.101291 7.142195 9.634818 10.231895 7.047152 3.010669 3.193038 6.156729 6.166057 6.011664 6.388735 4.580719 2.867262 4.792674 7.154257 7.748695 6.221146 3.344486 2.138353 2.539393 3.619215 5.144200 5.262693 3.972476 3.611031 7.021696 10.084946 11.451833 10.532943 8.753959 8.769568 8.729925 7.090436 5.535072 4.380059 3.128961 3.517811 4.075745 3.178527 1.348782 1.078977 2.085406 1.809119 1.978413 3.331951 2.645000 2.067242 2.280421 2.049012
7.486132 0.173288 203.1982 0.000000 3.271194 2.874555 2.306989 1.721602 1.378508 1.014599 1.143710 1.131508 1.309616 1.669200 2.107363 2.293268 2.084579 1.679664 1.857409 2.031155 2.320614 2.343946 2.268745 2.028027 1.905618 1.818392 1.698154 1.559068 1.726672 1.892619 1.878771 1.694432 1.608685 1.549858 1.680469 2.151378 2.423181 2.403429 2.595138 3.524108 5.653533 8.663569 11.877988 14.866310 15.734999 13.601742 10.503636 8.058748 7.537106 6.731173 5.402387 4.985870 4.566103 4.454640 4.310863 3.868136 3.249029 2.717175 2.217653 1.988095 1.958811 1.980869 1.801539 1.510733 1.040461 0.650899 0.470878 0.582651 0.638738 0.746359 0.778270 0.827973 0.719753 0.387788 0.127587 0.151373 0.273292 0.155289 0.097070 0.295336 0.468727 0.520425 0.516903 0.291274 0.177944 0.416532 0.752430 1.112139 1.294905 1.579131 1.642018 1.631504 1.504817 1.419960 1.466605 1.367780 1.419699 1.714904 1.987522 1.917496 1.484191 1.115387 1.023539
7.531570 0.012468 195.0381 0.000000 0.083778 0.122639 0.079458 0.252049 0.196006 0.136110 0.258977 0.173458 0.244443 0.168769 0.201668 0.222748 0.248757 0.278884 0.138610 0.139728 0.163311 0.145208 0.068429 0.104281 0.188301 0.124144 0.096531 0.148063 0.204081 0.150230 0.249108 0.292358 0.445674 0.275893 0.378155 0.358267 0.463908 0.399934 0.284782 0.420180 0.586921 0.815105 0.953890 0.647585 0.221050 0.588377 0.828267 0.770113 0.707250 0.348978 0.157911 0.103464 0.340890 0.383739 0.057242 0.121239 0.101293 0.088874 0.115351 0.167352 0.179475 0.154848 0.128920 0.066782 0.055489 0.055761 0.113366 0.119566 0.075796 0.076984 0.050212 0.051017 0.062544 0.082277 0.042522 0.051206 0.092670 0.026989 0.060328 0.119434 0.073458 0.069234 0.011683 0.032822 0.079028 0.122782 0.084139 0.050349 0.093047 0.075352 0.146534 0.154476 0.113411 0.083296 0.099577 0.148050 0.184184 0.132717 0.122172 0.094446 0.087365 0.102586 0.067315
7.586298 0.005245 258.0870 0.000000 0.052856 0.044076 0.120754 0.131159 0.233897 0.156329 0.212338 0.037023 0.117198 0.182352 0.102188 0.101042 0.057826 0.256897 0.171018 0.146490 0.056423 0.076495 0.124138 0.105454 0.033747 0.070003 0.154822 0.099174 0.127516 0.155395 0.078910 0.121133 0.090718 0.114408 0.243731 0.232006 0.121710 0.130932 0.120318 0.099582 0.119826 0.143759 0.129679 0.142505 0.147619 0.137050 0.115770 0.150684 0.173494 0.112341 0.131349 0.143756 0.132272 0.108106 0.176539 0.271957 0.129509 0.122094 0.130650 0.102529 0.073472 0.045593 0.075246 0.053083 0.113807 0.060023 0.048118 0.079247 0.068241 0.150683 0.071683 0.036339 0.057124 0.034661 0.041973 0.028395 0.057144 0.050441 0.068957 0.081357 0.025991 0.068032 0.122052 0.066717 0.058319 0.017930 0.016191 0.093938 0.121749 0.058586 0.012726 0.043023 0.093692 0.052871 0.028889 0.049451 0.056979 0.022622 0.046099 0.046369 0.050104 0.043618 0.041459
7.636064 0.005087 24.9107 0.000000 0.061592 0.059526 0.106241 0.067648 0.339391 0.116218 0.282109 0.162116 0.127199 0.247874 0.108739 0.115283 0.046890 0.311091 0.201350 0.130270 0.104322 0.163506 0.013384 0.086165 0.091892 0.122568 0.169956 0.115137 0.084475 0.100798 0.072735 0.100182 0.026410 0.100898 0.242070 0.154116 0.150799 0.100654 0.129075 0.089433 0.111297 0.161595 0.090039 0.112883 0.149709 0.128679 0.166396 0.098296 0.057094 0.152082 0.045904 0.084634 0.106007 0.141428 0.221665 0.074076 0.100198 0.129794 0.076318 0.091898 0.023617 0.069347 0.052470 0.074868 0.122668 0.079221 0.051449 0.082472 0.135939 0.108914 0.062600 0.031420 0.037705 0.033020 0.018221 0.036828 0.081021 0.076260 0.064365 0.050498 0.052802 0.082369 0.098486 0.031118 0.019108 0.049798 0.062480 0.039074 0.038572 0.050441 0.042729 0.076188 0.047883 0.030526 0.018349 0.038721 0.060546 0.051354 0.014296 0.037782 0.054443 0.023430 0.019984
7.683150 0.005022 35.9988 0.000000 0.039597 0.169086 0.049633 0.151298 0.273037 0.095214 0.312535 0.316138 0.156023 0.153209 0.122072 0.160607 0.212591 0.185558 0.137606 0.099619 0.074687 0.112387 0.136492 0.103887 0.066436 0.054490 0.068584 0.099265 0.164086 0.049666 0.071782 0.080864 0.081968 0.086090 0.057000 0.094211 0.054459 0.187967 0.155492 0.096248 0.156550 0.077232 0.142401 0.042781 0.021729 0.197210 0.092827 0.207205 0.109844 0.047482 0.124662 0.069789 0.059064 0.090934 0.129298 0.152829 0.137513 0.070558 0.104304 0.141240 0.093091 0.075108 0.028179 0.046337 0.069278 0.082604 0.122797 0.079558 0.036570 0.047903 0.068651 0.163961 0.116040 0.071889 0.057919 0.033419 0.049256 0.025570 0.111248 0.052891 0.052949 0.028639 0.081419 0.047733 0.037163 0.059151 0.078922 0.083056 0.071724 0.046834 0.050898 0.046033 0.038466 0.043077 0.062797 0.072074 0.043413 0.038572 0.047379 0.043214 0.060117 0.009134 0.025566
7.731688 0.004732 35.5140 0.000000 0.089305 0.254995 0.143679 0.041593 0.133655 0.144299 0.265047 0.275727 0.215257 0.198518 0.164440 0.108414 0.141744 0.138224 0.111836 0.095851 0.063093 0.117596 0.126858 0.145325 0.124664 0.159771 0.122099 0.157640 0.137983 0.108120 0.063917 0.023655 0.015190 0.055165 0.098827 0.110358 0.117678 0.077148 0.034527 0.048308 0.060236 0.070727 0.091377 0.088603 0.128399 0.141055 0.122671 0.176803 0.074432 0.125295 0.141804 0.041941 0.055283 0.108283 0.073969 0.082007 0.139077 0.046022 0.154476 0.072182 0.087531 0.071123 0.057039 0.060325 0.042936 0.068364 0.090023 0.072381 0.105101 0.112489 0.121741 0.085493 0.042106 0.011891 0.087499 0.113975 0.084618 0.059119 0.023552 0.025206 0.048708 0.056834 0.029785 0.007845 0.033541 0.056262 0.071687 0.079317 0.054409 0.040207 0.047631 0.048182 0.037543 0.091308 0.065363 0.041204 0.070549 0.041407 0.067699 0.048636 0.019463 0.017603 0.040523
7.780169 0.004748 34.9796 0.000000 0.062351 0.163527 0.180274 0.107058 0.052108 0.192563 0.322837 0.251641 0.264782 0.211231 0.041022 0.162801 0.088624 0.090100 0.117537 0.064001 0.052477 0.149746 0.203545 0.065181 0.141128 0.195019 0.174216 0.042488 0.076124 0.103943 0.119203 0.024754 0.066592 0.169853 0.134190 0.132684 0.159295 0.077110 0.085416 0.121643 0.061311 0.040836 0.039954 0.127789 0.093768 0.176295 0.136644 0.105067 0.101698 0.182936 0.025935 0.092957 0.080210 0.075957 0.075530 0.141444 0.141817 0.061665 0.079719 0.121364 0.022372 0.069005 0.104893 0.072903 0.029372 0.065222 0.136093 0.060739 0.083642 0.034970 0.057265 0.074827 0.016773 0.088756 0.106368 0.115148 0.058165 0.046795 0.023709 0.033423 0.079720 0.029013 0.034747 0.059402 0.047457 0.075189 0.056086 0.025159 0.011519 0.054654 0.028539 0.037459 0.113156 0.012528 0.036493 0.078054 0.058800 0.067715 0.017391 0.030860 0.027855 0.054855 0.036328
7.831581 0.004728 49.5595 0.000000 0.128989 0.100331 0.312290 0.070863 0.110367 0.215704 0.217772 0.115056 0.163095 0.386168 0.124220 0.059266 0.130216 0.104463 0.109562 0.060058 0.043912 0.050653 0.098124 0.104303 0.223015 0.150458 0.164147 0.094859 0.119636 0.119689 0.075278 0.033844 0.079260 0.101388 0.091903 0.155035 0.094029 0.095515 0.111264 0.108377 0.040158 0.038166 0.067539 0.087952 0.151910 0.200875 0.058539 0.100468 0.113070 0.102398 0.060682 0.032316 0.062545 0.102804 0.102811 0.072411 0.072339 0.056539 0.082317 0.077616 0.074902 0.091751 0.093476 0.088985 0.054545 0.085030 0.082948 0.038067 0.031933 0.065720 0.083914 0.037652 0.044908 0.109575 0.095434 0.040923 0.079139 0.062135 0.028658 0.044198 0.075834 0.065468 0.060930 0.053539 0.043774 0.023850 0.042408 0.035504 0.041852 0.044852 0.062522 0.089489 0.026925 0.015291 0.048734 0.079064 0.072568 0.015153 0.027123 0.037083 0.036529 0.050891 0.051876
7.882670 0.004512 209.0046 0.000000 0.051171 0.160847 0.227153 0.189415 0.243371 0.249371 0.151198 0.111431 0.090420 0.184619 0.223281 0.082505 0.095016 0.122159 0.130478 0.109352 0.052253 0.075781 0.123813 0.042648 0.208258 0.135345 0.140770 0.044581 0.083625 0.158902 0.043582 0.112211 0.133944 0.053916 0.101751 0.144056 0.092862 0.112196 0.113027 0.108484 0.042758 0.052771 0.039935 0.040392 0.091733 0.204805 0.015613 0.074368 0.158651 0.113151 0.056029 0.022318 0.069406 0.074299 0.084918 0.079675 0.092946 0.084530 0.080829 0.072591 0.116244 0.081753 0.092518 0.094591 0.071471 0.054023 0.080899 0.047033 0.035912 0.051618 0.031817 0.042280 0.055494 0.070443 0.100191 0.057238 0.059911 0.099892 0.028483 0.032760 0.071316 0.062311 0.021446 0.026112 0.020500 0.028071 0.024163 0.052266 0.043161 0.029841 0.030653 0.055756 0.084299 0.072366 0.058678 0.054000 0.030240 0.031453 0.041221 0.048272 0.039728 0.039048 0.058465
7.931738 0.005134 29.8919 0.000000 0.094527 0.229928 0.201419 0.222202 0.249194 0.339330 0.151138 0.153411 0.207004 0.100419 0.178754 0.174360 0.197803 0.102736 0.206980 0.066692 0.097908 0.102432 0.120717 0.127828 0.116028 0.042516 0.100008 0.136264 0.199753 0.097144 0.049063 0.098006 0.242874 0.128670 0.177214 0.194538 0.038195 0.077885 0.156406 0.199885 0.071965 0.102680 0.067804 0.031341 0.092509 0.206382 0.116795 0.099176 0.102108 0.066554 0.057779 0.068161 0.040881 0.052095 0.048069 0.092059 0.121007 0.067006 0.058108 0.069853 0.161572 0.125523 0.079973 0.067634 0.050681 0.070120 0.096280 0.118513 0.085371 0.039746 0.073240 0.060958 0.057154 0.054173 0.068548 0.062036 0.074565 0.092118 0.059221 0.033387 0.048583 0.101233 0.055747 0.060346 0.050291 0.057498 0.052267 0.046841 0.042725 0.022565 0.034203 0.046711 0.053464 0.056228 0.071341 0.064501 0.026534 0.027822 0.042897 0.038265 0.039041 0.031703 0.054637
7.980521 0.005307 45.0259 0.000000 0.184603 0.171842 0.084195 0.129941 0.279889 0.247555 0.197149 0.315898 0.348979 0.200969 0.094614 0.287878 0.290344 0.013155 0.156222 0.043304 0.055261 0.096931 0.073929 0.046484 0.094746 0.077968 0.078036 0.146753 0.091859 0.096397 0.092639 0.047374 0.209870 0.216197 0.205725 0.126658 0.110601 0.009277 0.124466 0.142355 0.103219 0.117024 0.034774 0.039577 0.042168 0.199314 0.068587 0.138153 0.127572 0.148038 0.117916 0.108874 0.043294 0.046640 0.079923 0.072546 0.054558 0.082583 0.056024 0.036600 0.154755 0.096168 0.121378 0.078431 0.064929 0.062746 0.144828 0.160854 0.086236 0.013493 0.117195 0.073174 0.026959 0.108739 0.131181 0.081953 0.069980 0.080008 0.070737 0.040148 0.044914 0.074879 0.034391 0.020686 0.027314 0.061637 0.034013 0.064045 0.018495 0.061550 0.023072 0.040770 0.056102 0.045165 0.075801 0.065186 0.038347 0.022055 0.035937 0.045996 0.042667 0.023088 0.045834
8.031154 0.005284 40.2095 0.000000 0.091920 0.103453 0.120580 0.206283 0.228742 0.265232 0.184520 0.389561 0.274678 0.149885 0.075281 0.278921 0.228589 0.061343 0.101523 0.059635 0.124967 0.044237 0.094133 0.060940 0.054572 0.052462 0.052473 0.163907 0.036825 0.063124 0.041012 0.034379 0.225101 0.235833 0.215910 0.159702 0.102616 0.030806 0.137929 0.142327 0.155807 0.134492 0.034361 0.036041 0.050230 0.135754 0.081749 0.131946 0.122765 0.122419 0.103865 0.141042 0.056580 0.069686 0.051871 0.090476 0.084627 0.095458 0.042552 0.027242 0.116672 0.104896 0.071624 0.066695 0.028819 0.056906 0.109070 0.164181 0.139788 0.103139 0.092603 0.089011 0.073598 0.120154 0.143276 0.099605 0.053026 0.045219 0.055016 0.055365 0.038780 0.067813 0.066694 0.053174 0.032444 0.050842 0.054344 0.070089 0.064630 0.061076 0.054005 0.050422 0.048600 0.041340 0.068522 0.069389 0.029172 0.015593 0.036179 0.042002 0.039868 0.032904 0.037200
8.080045 0.005253 41.7145 0.000000 0.065731 0.046254 0.027331 0.103743 0.178952 0.221832 0.150324 0.354656 0.315422 0.190885 0.115411 0.215587 0.288868 0.135754 0.031052 0.045480 0.107014 0.174620 0.073302 0.055376 0.061681 0.051570 0.139092 0.074895 0.107952 0.066220 0.094932 0.093432 0.086123 0.210851 0.226841 0.183805 0.116804 0.066926 0.102720 0.094958 0.113603 0.162484 0.178134 0.189803 0.112108 0.085921 0.109318 0.141590 0.098870 0.093772 0.099707 0.082483 0.102080 0.161175 0.036334 0.103893 0.029051 0.084973 0.059127 0.100331 0.045316 0.005801 0.061413 0.080617 0.060907 0.072143 0.052671 0.036898 0.092947 0.124213 0.171887 0.141593 0.120102 0.075400 0.050937 0.114902 0.138007 0.150446 0.033165 0.038201 0.035346 0.027332 0.064587 0.065701 0.085572 0.065925 0.029951 0.029473 0.048765 0.053472 0.065619 0.068605 0.054884 0.068714 0.048328 0.040384 0.016498 0.028820 0.055064 0.043419 0.028087 0.012368 0.049036
8.126917 0.004843 50.9008 0.000000 0.193286 0.128342 0.160529 0.096409 0.257624 0.137032 0.242317 0.231101 0.243537 0.288093 0.089375 0.218367 0.175103 0.112168 0.053502 0.059318 0.128705 0.147602 0.121689 0.043039 0.018273 0.101106 0.142488 0.063708 0.076356 0.098216 0.073899 0.059947 0.082149 0.125164 0.099513 0.103522 0.101773 0.096439 0.166361 0.118081 0.101289 0.095467 0.149921 0.101281 0.059909 0.085686 0.109020 0.022414 0.074255 0.137203 0.114942 0.088799 0.128819 0.044233 0.097832 0.023025 0.089627 0.083971 0.043486 0.105271 0.116960 0.130259 0.116704 0.036883 0.052634 0.024947 0.100087 0.029159 0.070801 0.152433 0.095093 0.029214 0.042988 0.116257 0.129811 0.121285 0.055783 0.053078 0.050370 0.027827 0.051167 0.062917 0.082230 0.072930 0.033322 0.009482 0.012510 0.048693 0.074804 0.057567 0.065852 0.060529 0.027608 0.036430 0.044817 0.062739 0.052611 0.016025 0.030414 0.042911 0.032674 0.043564 0.056141
8.171729 0.004567 34.3746 0.000000 0.210590 0.094943 0.081765 0.048005 0.233853 0.154304 0.320901 0.231587 0.188442 0.163032 0.115570 0.094745 0.076374 0.072863 0.066721 0.112293 0.157477 0.080298 0.079745 0.063207 0.113125 0.146336 0.080896 0.104838 0.116309 0.070604 0.083338 0.127787 0.161441 0.096007 0.090447 0.114008 0.137410 0.092785 0.128837 0.099748 0.126131 0.123487 0.069441 0.048625 0.119909 0.103338 0.031745 0.071144 0.044156 0.016554 0.105153 0.040738 0.068254 0.087211 0.098948 0.063286 0.053535 0.124102 0.081254 0.152469 0.061501 0.082250 0.034814 0.076860 0.116338 0.070847 0.032335 0.063355 0.098393 0.100492 0.128210 0.084202 0.097497 0.096608 0.050991 0.056071 0.067659 0.066526 0.076747 0.060077 0.077400 0.039761 0.023660 0.016366 0.035885 0.090171 0.083273 0.055854 0.036521 0.023678 0.031235 0.043305 0.051435 0.044187 0.037403 0.024789 0.007500 0.038058 0.070379 0.031635 0.059807 0.027940 0.041374
8.226023 0.004483 35.0745 0.000000 0.107057 0.116988 0.019992 0.027492 0.198693 0.098358 0.392365 0.181966 0.223733 0.116014 0.057654 0.087879 0.146470 0.054007 0.015086 0.047455 0.148372 0.070319 0.139390 0.035078 0.107175 0.154131 0.063064 0.116245 0.108147 0.149282 0.134534 0.138104 0.093418 0.120068 0.095744 0.074651 0.049018 0.194331 0.119148 0.094800 0.011998 0.089072 0.187446 0.147494 0.137907 0.193338 0.081155 0.018815 0.060500 0.065138 0.049793 0.074785 0.026654 0.052304 0.048423 0.020566 0.082236 0.080648 0.125301 0.137853 0.095023 0.109877 0.122611 0.082335 0.101781 0.062040 0.037175 0.025438 0.040788 0.085343 0.072657 0.081791 0.079650 0.092177 0.068050 0.050545 0.084023 0.106101 0.065712 0.059415 0.081203 0.040702 0.069492 0.052780 0.055114 0.024924 0.019930 0.046898 0.049255 0.026065 0.022520 0.032839 0.009953 0.074494 0.050191 0.041944 0.058284 0.036578 0.025646 0.045028 0.073000 0.052361 0.057672
8.277453 0.004318 34.9040 0.000000 0.037598 0.033449 0.115658 0.117033 0.191733 0.089129 0.342538 0.173384 0.286635 0.172586 0.048828 0.091544 0.094501 0.087807 0.032375 0.015677 0.076342 0.052760 0.099933 0.057159 0.132816 0.116840 0.041882 0.114545 0.095448 0.215394 0.148871 0.124252 0.028861 0.112630 0.084291 0.033300 0.133385 0.100024 0.047018 0.070457 0.011419 0.054187 0.131783 0.123038 0.197316 0.129843 0.025819 0.063548 0.095003 0.087131 0.034800 0.050923 0.093633 0.102821 0.012241 0.036477 0.078437 0.102113 0.121853 0.142594 0.098636 0.067585 0.083231 0.087650 0.103180 0.036183 0.019349 0.046604 0.040557 0.072169 0.097894 0.044615 0.062639 0.088916 0.071326 0.073206 0.083137 0.089956 0.070850 0.049442 0.043140 0.063186 0.098839 0.056091 0.044136 0.005040 0.027755 0.060903 0.042061 0.014746 0.020470 0.026187 0.029058 0.082891 0.048318 0.024409 0.037879 0.034093 0.042519 0.057010 0.033842 0.013066 0.025079
8.325897 0.004253 204.3483 0.000000 0.033305 0.030374 0.162672 0.101135 0.137496 0.166786 0.236304 0.132804 0.207352 0.112535 0.095059 0.127475 0.036918 0.111317 0.099683 0.090472 0.111986 0.074637 0.057664 0.094331 0.064211 0.169445 0.093202 0.114056 0.096405 0.203443 0.175856 0.156701 0.072826 0.079832 0.051108 0.088689 0.148343 0.163134 0.038612 0.033730 0.034406 0.067843 0.133986 0.117034 0.265665 0.025619 0.091624 0.049940 0.070215 0.065582 0.078130 0.066607 0.080872 0.062859 0.077149 0.095955 0.105856 0.060555 0.106243 0.065570 0.055507 0.039319 0.068388 0.109726 0.072566 0.034561 0.025076 0.042146 0.044555 0.082413 0.074820 0.068309 0.057535 0.099285 0.059263 0.063917 0.102289 0.065031 0.033251 0.011561 0.044237 0.065803 0.058137 0.068814 0.021785 0.049691 0.067545 0.081219 0.046009 0.032062 0.032084 0.042804 0.057468 0.051948 0.043835 0.042517 0.052328 0.049545 0.042973 0.038756 0.043491 0.037237 0.032131
8.371680 0.004729 210.4696 0.000000 0.097517 0.139350 0.278247 0.078629 0.222402 0.132123 0.266172 0.288655 0.093870 0.136236 0.120374 0.059438 0.106234 0.188383 0.203240 0.132916 0.118858 0.149098 0.127020 0.126221 0.103458 0.101999 0.142039 0.082442 0.121601 0.166952 0.110279 0.162579 0.105563 0.109552 0.043051 0.052712 0.115821 0.174393 0.149899 0.049857 0.052584 0.039952 0.053838 0.118476 0.090188 0.312074 0.067919 0.078202 0.089038 0.058426 0.052053 0.025503 0.033907 0.069052 0.089942 0.098029 0.078797 0.087339 0.078254 0.074644 0.079197 0.066415 0.056472 0.043237 0.051131 0.077419 0.060035 0.030585 0.027737 0.045665 0.060052 0.063063 0.036683 0.085953 0.025046 0.077734 0.056224 0.016980 0.061377 0.085245 0.048366 0.014705 0.015513 0.071286 0.053584 0.064159 0.030315 0.065971 0.050940 0.058089 0.052313 0.031657 0.025511 0.027361 0.040864 0.052995 0.045446 0.035063 0.043712 0.063198 0.060052 0.036687 0.023331
8.426062 0.004818 71.9189 0.000000 0.102301 0.134653 0.273545 0.083354 0.136270 0.224525 0.260366 0.151462 0.117715 0.228782 0.113513 0.061097 0.131629 0.251194 0.216483 0.153792 0.108461 0.106804 0.154482 0.152526 0.110329 0.114398 0.128213 0.078738 0.104340 0.139447 0.051261 0.155411 0.142631 0.068160 0.064146 0.125833 0.180461 0.146466 0.126052 0.062011 0.085456 0.070508 0.178124 0.089809 0.190070 0.152469 0.165821 0.079243 0.115858 0.074022 0.082364 0.127684 0.130932 0.061279 0.089512 0.097220 0.099472 0.080227 0.076071 0.098936 0.078286 0.060433 0.048597 0.028862 0.043080 0.047888 0.066420 0.063919 0.027872 0.038402 0.055588 0.063307 0.067157 0.111761 0.070652 0.022898 0.013208 0.034738 0.024967 0.051799 0.025743 0.048653 0.066919 0.038826 0.026979 0.031736 0.060989 0.038527 0.068965 0.046072 0.030015 0.022722 0.033057 0.040060 0.057754 0.037783 0.038850 0.056025 0.054085 0.054141 0.051779 0.046596 0.032100
8.471616 0.005044 34.8957 0.000000 0.108072 0.154426 0.253695 0.033719 0.151866 0.187134 0.376705 0.144171 0.133256 0.160019 0.057777 0.028424 0.210775 0.273486 0.177066 0.137560 0.123477 0.172123 0.167500 0.216715 0.178546 0.202819 0.138837 0.061867 0.128916 0.150760 0.095202 0.037931 0.074561 0.047966 0.067051 0.176002 0.142630 0.136404 0.079441 0.046719 0.124686 0.211245 0.095848 0.144589 0.106121 0.196748 0.061038 0.124201 0.079591 0.083354 0.135060 0.194140 0.065933 0.071798 0.097586 0.090286 0.067420 0.107893 0.095991 0.033609 0.107285 0.052192 0.030595 0.040338 0.078721 0.040848 0.067322 0.071123 0.074807 0.062334 0.075947 0.054644 0.038500 0.058829 0.020677 0.035499 0.058789 0.067497 0.059605 0.028280 0.031928 0.029460 0.033592 0.036315 0.049190 0.040685 0.075596 0.046207 0.025975 0.049179 0.054216 0.013323 0.041361 0.056339 0.046944 0.045196 0.048634 0.056387 0.055974 0.027300 0.024238 0.018540 0.017985
8.519979 0.005012 35.2051 0.000000 0.102923 0.076996 0.235577 0.096102 0.170351 0.107924 0.346241 0.081289 0.254699 0.301628 0.126480 0.090405 0.219196 0.200724 0.108157 0.076658 0.110603 0.094219 0.164313 0.170073 0.091332 0.163981 0.199853 0.064979 0.139991 0.097784 0.052799 0.098021 0.120743 0.095899 0.050181 0.153613 0.114368 0.049399 0.133006 0.141990 0.140241 0.208898 0.148163 0.084620 0.065691 0.182041 0.143895 0.091243 0.128211 0.081545 0.138510 0.188477 0.092040 0.057598 0.072783 0.070436 0.069372 0.093030 0.106437 0.045446 0.078648 0.091769 0.068627 0.067103 0.084356 0.085888 0.056226 0.070739 0.088577 0.067064 0.043999 0.074127 0.065023 0.062790 0.049059 0.048125 0.074728 0.069828 0.041004 0.043177 0.050995 0.043453 0.038762 0.039289 0.033900 0.023220 0.029961 0.031264 0.030162 0.032417 0.041628 0.050341 0.043001 0.055377 0.056383 0.058079 0.055969 0.029048 0.023058 0.028701 0.037979 0.039998 0.035129
8.571679 0.004721 39.8786 0.000000 0.063579 0.099064 0.117811 0.056135 0.166042 0.140270 0.111021 0.322959 0.109342 0.258687 0.101914 0.109452 0.095874 0.082737 0.147102 0.074810 0.162551 0.021263 0.134895 0.136483 0.062077 0.255007 0.074491 0.099774 0.032339 0.019359 0.121422 0.112701 0.201397 0.075412 0.044342 0.136341 0.150479 0.121491 0.092974 0.161620 0.201948 0.177202 0.026324 0.070671 0.124121 0.102862 0.128407 0.087703 0.143558 0.069052 0.147744 0.250800 0.067259 0.026568 0.035698 0.102010 0.096004 0.075749 0.034094 0.098677 0.075652 0.114221 0.068329 0.083220 0.076213 0.060007 0.051735 0.103329 0.061914 0.058694 0.067387 0.105774 0.070609 0.060768 0.050109 0.045752 0.065528 0.070991 0.024410 0.042235 0.037353 0.051701 0.069115 0.030816 0.027165 0.023888 0.033514 0.015927 0.022995 0.061890 0.078163 0.064987 0.070034 0.054872 0.018240 0.043130 0.033042 0.028876 0.020606 0.025801 0.032230 0.041872 0.035912
8.623300 0.004693 40.8835 0.000000 0.110846 0.049267 0.183268 0.104821 0.160487 0.177660 0.118248 0.275283 0.198313 0.167658 0.183664 0.107519 0.064949 0.070792 0.054389 0.104713 0.124560 0.112913 0.188571 0.186929 0.117707 0.163034 0.171452 0.171493 0.163753 0.082763 0.079731 0.100182 0.147162 0.161162 0.065675 0.062736 0.087989 0.072662 0.056125 0.097298 0.120198 0.147386 0.119013 0.085694 0.107005 0.044894 0.101098 0.132856 0.116610 0.151831 0.150959 0.064919 0.199490 0.041530 0.085296 0.046365 0.110616 0.123343 0.092559 0.059566 0.105302 0.063754 0.078347 0.084943 0.073971 0.076812 0.028830 0.045573 0.067364 0.054780 0.058725 0.061308 0.059800 0.089597 0.070270 0.033326 0.038732 0.050649 0.083041 0.062149 0.030574 0.034725 0.039068 0.056775 0.083124 0.038849 0.023748 0.037036 0.069368 0.052899 0.024724 0.050338 0.071172 0.066931 0.021012 0.041307 0.038370 0.024383 0.037517 0.037577 0.042770 0.052200 0.044753
8.671626 0.004688 24.9491 0.000000 0.103650 0.008139 0.106885 0.079194 0.290166 0.106930 0.276902 0.225473 0.034511 0.152142 0.193340 0.054315 0.127246 0.064281 0.136526 0.176723 0.166566 0.107643 0.251311 0.185741 0.100208 0.068369 0.061576 0.188566 0.160816 0.065688 0.082645 0.116663 0.180057 0.068374 0.045298 0.116094 0.065099 0.035040 0.069340 0.161513 0.119341 0.123433 0.043729 0.147531 0.018642 0.068943 0.120288 0.150849 0.090139 0.137452 0.154781 0.101339 0.062036 0.048416 0.034999 0.136815 0.169494 0.079720 0.123376 0.051192 0.012372 0.048473 0.054119 0.067059 0.083933 0.052497 0.044181 0.072772 0.047419 0.030090 0.045861 0.090223 0.071827 0.039946 0.044595 0.041325 0.031683 0.041710 0.074471 0.013364 0.059032 0.080482 0.069255 0.053523 0.022488 0.056965 0.051427 0.046083 0.056524 0.045433 0.052958 0.057044 0.025648 0.038709 0.047703 0.048781 0.032078 0.025940 0.066148 0.055331 0.035244 0.031192 0.024742
