# LRA Full Analysis Data — Replot Source File
# Source file: rissettrhythm.mp3
# Generated:   2026-07-13 15:06:33
# Accel sample rate: 1600.2-1808.6 Hz per-window range (1710.0 Hz overall)
#                    Each window measured with its own real rate, then
#                    resampled onto the common freq_bins grid below
# Rows:        160 (one per time window)
# Freq bins:   100 bins, 0.0 to 496.5 Hz
#
# MACHINE-READABLE METADATA (used by replot mode — do not edit):
#@duration=8.000000
#@rate_overall=1709.997897
#@rate_min=1600.241664
#@rate_max=1808.586676
#@freq_bins=0.0000,5.0147,10.0293,15.0440,20.0586,25.0733,30.0879,35.1026,40.1173,45.1319,50.1466,55.1612,60.1759,65.1905,70.2052,75.2198,80.2345,85.2492,90.2638,95.2785,100.2931,105.3078,110.3224,115.3371,120.3518,125.3664,130.3811,135.3957,140.4104,145.4250,150.4397,155.4544,160.4690,165.4837,170.4983,175.5130,180.5276,185.5423,190.5570,195.5716,200.5863,205.6009,210.6156,215.6302,220.6449,225.6595,230.6742,235.6889,240.7035,245.7182,250.7328,255.7475,260.7621,265.7768,270.7915,275.8061,280.8208,285.8354,290.8501,295.8647,300.8794,305.8941,310.9087,315.9234,320.9380,325.9527,330.9673,335.9820,340.9966,346.0113,351.0260,356.0406,361.0553,366.0699,371.0846,376.0992,381.1139,386.1286,391.1432,396.1579,401.1725,406.1872,411.2018,416.2165,421.2312,426.2458,431.2605,436.2751,441.2898,446.3044,451.3191,456.3337,461.3484,466.3631,471.3777,476.3924,481.4070,486.4217,491.4363,496.4510
#@input_spectrum=0.000000e+00,3.824314e+01,4.588870e+01,5.895388e+01,6.645720e+01,1.385964e+02,1.694049e+02,1.139081e+02,1.240231e+02,1.434219e+02,3.161693e+02,4.212412e+02,3.528508e+02,2.270995e+02,2.416557e+02,2.421573e+02,1.892186e+02,1.380295e+02,1.365615e+02,1.434583e+02,1.759488e+02,1.902753e+02,1.749670e+02,1.636556e+02,1.364597e+02,1.233032e+02,1.276573e+02,1.380340e+02,1.508039e+02,1.465526e+02,1.421128e+02,1.304349e+02,1.158085e+02,1.007630e+02,9.445072e+01,9.357648e+01,9.037951e+01,9.513332e+01,9.109741e+01,8.637262e+01,8.847549e+01,7.919828e+01,7.900854e+01,7.512258e+01,7.308614e+01,7.237056e+01,6.844267e+01,6.470435e+01,7.072935e+01,6.764424e+01,6.839518e+01,6.611291e+01,6.549812e+01,6.695290e+01,6.782320e+01,6.730301e+01,6.794803e+01,6.562888e+01,6.047080e+01,5.803960e+01,5.432640e+01,5.322592e+01,5.017383e+01,4.596873e+01,4.403891e+01,4.471009e+01,4.306257e+01,4.001416e+01,4.260391e+01,4.652269e+01,4.286048e+01,4.562965e+01,4.889704e+01,4.435068e+01,4.725464e+01,5.136539e+01,4.907820e+01,4.515149e+01,5.142162e+01,4.739850e+01,4.786365e+01,5.027596e+01,4.533793e+01,4.385526e+01,4.308152e+01,4.161668e+01,3.864906e+01,3.800639e+01,3.834439e+01,3.771969e+01,3.897209e+01,4.037634e+01,3.922581e+01,3.784958e+01,3.722467e+01,3.823744e+01,3.765470e+01,3.511329e+01,3.767238e+01,3.879224e+01
#
# Columns: time_s  rms_g  peak_freq_hz  then 100 FFT magnitude bins (in g)
#
0.402103 0.469570 264.1529 0.000000 2.937543 2.867007 2.603107 2.373959 2.081557 2.010931 1.584817 2.249941 2.737707 3.323141 3.963829 4.285403 5.049253 5.401819 5.622660 5.502902 5.319980 5.125216 4.741359 4.479590 4.567615 4.342648 4.208099 4.127741 3.884328 3.437727 2.762599 1.821155 1.076875 1.614799 2.895642 4.550761 5.939814 7.208610 8.384077 8.903793 9.352382 9.467160 9.358907 9.154420 9.375922 9.910481 10.726794 12.095691 13.961296 16.083953 18.269405 20.414030 22.470448 24.325236 25.729589 26.688214 27.044847 26.798290 26.086135 24.855274 23.019141 20.855660 18.359650 15.891792 13.281228 10.787477 8.690744 6.929834 5.768981 5.222305 5.119136 5.238035 5.303007 5.146879 4.749432 4.085468 3.129363 2.255784 2.060475 2.768729 3.993244 5.313914 6.428307 7.273517 7.741969 7.852075 7.716642 7.312933 6.832098 6.330437 5.949132 5.852190 5.927335 6.018822 6.056212 5.975319 5.693772 5.292274 4.849680 4.362541 4.056854 4.071102 4.323497
0.452130 0.845291 179.9437 0.000000 9.801438 4.117843 1.008769 1.890239 2.369453 3.842074 2.998270 3.312159 6.304360 6.852340 6.853044 9.624386 11.413961 9.308165 5.805272 4.263856 5.538546 6.818121 4.768369 4.049838 10.115839 16.864789 19.233287 20.316625 25.146106 29.660439 26.607231 16.181646 10.131101 17.524733 24.469473 21.203540 3.380788 28.412574 54.217733 62.380481 51.577279 34.715412 27.062625 31.211357 39.796064 40.428051 25.228168 11.737312 20.590543 24.859073 20.756131 24.581077 28.137959 23.526768 29.513073 42.947016 44.605836 32.237044 16.095782 12.902128 18.116444 21.171145 18.170795 10.423256 5.323390 7.474611 7.917224 6.749006 6.775156 8.512077 10.103724 9.777707 7.282696 4.313974 3.880987 5.030535 4.300389 4.611172 7.628126 9.622571 10.339579 10.138340 7.574625 5.174855 7.322788 9.724775 8.144898 4.186273 2.220848 3.156286 2.614711 2.539958 6.135408 8.566734 7.087557 3.395130 1.326296 2.364259 4.864621 6.806757 6.755510 5.540961 5.054394
0.502251 0.940607 184.5118 0.000000 12.016782 2.878125 5.581823 6.866608 5.352780 6.307882 7.379608 4.623043 6.354060 8.939374 3.897052 10.194689 13.901133 9.394032 5.071782 10.409321 11.072704 5.643981 11.164258 11.599527 6.948033 14.088639 20.162146 30.877890 17.094865 36.427406 49.558453 22.208632 9.070779 17.536309 32.433220 31.412085 9.737327 15.875488 19.968871 67.306465 72.564521 39.821709 33.761671 45.109395 36.636025 27.842170 37.781779 32.685484 13.323505 19.200128 32.111779 21.949561 25.959434 28.946253 24.351978 25.767207 39.562087 46.324956 37.948664 22.546047 12.397178 14.139400 23.566720 18.414301 12.012614 11.594344 12.799452 13.914012 8.337592 8.237489 10.674808 8.013383 10.913159 9.419835 5.581682 6.845754 7.957451 5.609835 4.895262 6.511233 6.212988 11.229045 10.597279 9.283405 8.062966 5.285030 6.787368 11.964896 9.261010 4.229153 3.197000 3.819559 4.408806 3.850065 4.479255 7.510135 9.210260 6.177051 2.539041 2.509511 4.891810 6.062693 5.289617
0.557112 1.039693 179.4950 0.000000 8.808763 2.106516 4.065649 5.159857 4.987728 5.738761 8.457757 6.757239 4.501889 13.220078 2.771866 9.859395 18.013157 5.762492 7.358330 10.011200 7.150701 12.854147 21.418131 22.991620 12.574546 10.842161 22.485883 32.027634 17.985242 26.076525 61.428928 18.449141 8.616793 30.359096 49.869820 30.599591 30.518881 22.726259 37.166396 83.003969 72.063326 36.740731 33.998544 49.052487 44.646699 25.389109 36.988452 34.128719 15.057424 21.125246 28.471609 32.763690 31.613844 21.786217 26.746082 29.695840 38.869633 45.735559 38.770368 21.321128 12.964352 14.964822 23.058727 18.431038 11.954636 12.526663 12.193158 13.547085 9.156579 8.298606 10.573592 9.923231 11.344460 9.036610 7.181169 7.838472 8.200052 4.124863 6.588140 7.722355 5.877258 10.431277 10.959786 11.271755 7.714693 5.271607 9.807118 12.694812 8.958713 5.720890 3.341460 1.339376 4.201247 6.326328 4.860201 7.104022 9.352788 6.918332 3.207343 2.535592 4.190493 7.468273 6.866153
0.602044 0.977382 179.5539 0.000000 6.913860 1.252182 3.832245 4.903279 4.768621 5.248529 8.300235 7.894285 2.937473 10.514507 6.062029 6.113499 14.709653 7.175188 5.911737 12.595100 16.307118 13.816345 31.791798 19.611050 11.102911 14.274082 25.523325 24.379087 16.155003 27.065980 64.655784 13.157604 11.492032 33.553521 50.400894 26.455082 22.324956 20.230653 44.416138 86.433923 59.734275 28.902050 41.048378 58.514880 54.167906 33.072954 30.448542 20.890428 23.388394 24.914393 13.826745 25.521835 19.167942 3.920324 5.002342 4.957277 16.451024 28.870397 28.645102 18.139331 13.438097 9.339058 7.569395 9.893358 8.264488 16.579773 24.120837 13.941794 5.869262 8.261098 6.965966 6.235851 7.036093 9.529015 8.175441 11.797280 14.824962 7.861948 9.233136 8.876559 8.008550 9.810359 6.830856 5.677821 6.673034 8.532072 8.392582 11.030971 12.556114 9.953312 5.654122 2.670523 3.769971 6.380321 4.286807 4.727894 8.557341 9.865954 6.589733 4.929303 7.420618 9.751037 8.548344
0.652105 0.727619 184.0627 0.000000 4.742978 3.960375 4.275253 3.017689 4.183669 5.986074 7.178566 8.156106 5.901808 8.903199 9.091930 4.119664 7.055492 8.678871 1.877201 4.060313 4.602658 10.370322 13.157183 38.018929 22.819990 10.780826 6.247188 17.731542 13.017353 8.259858 13.883919 36.920730 38.890077 27.774076 28.225750 38.406732 40.323479 24.698560 9.372075 24.856967 53.854057 46.550938 38.615596 31.944093 25.557821 18.009945 37.851745 17.372435 22.057234 27.011378 12.138469 12.352981 7.350360 21.334006 22.851789 16.274940 11.514512 8.715951 7.973508 10.858989 12.538677 6.105147 4.450808 5.215165 7.820538 6.935073 4.096197 9.567900 5.647812 12.591183 10.301677 7.980557 7.333555 6.990272 7.880523 5.821607 2.638074 0.857953 0.873410 7.585133 10.242325 5.132251 6.206011 5.417058 6.168480 6.726171 3.181152 1.765533 5.586012 7.530378 9.223286 5.037646 3.805166 4.072174 8.929221 6.038086 3.843934 3.498337 4.079191 3.947958 2.915908 3.128267 3.120598
0.702160 0.641209 178.7784 0.000000 1.777478 2.931827 0.386504 2.315740 1.958724 0.805226 0.779215 3.314401 4.146005 10.787579 6.114583 6.701341 8.627883 5.679410 4.656549 4.949638 2.220666 6.643125 27.769910 26.027186 10.244208 9.411906 10.838057 13.878251 15.445404 13.219266 22.951499 27.123486 28.074625 24.779759 14.123887 28.001604 38.570118 30.052254 34.606009 46.428799 31.195202 23.700707 27.456648 32.558685 15.582893 23.270997 13.722669 16.857353 26.292625 7.788875 14.254727 6.411367 27.465023 13.962522 7.988042 16.974243 4.237694 12.589822 13.363832 6.889595 3.446685 9.609153 5.231033 1.286700 5.123626 7.001557 2.859784 7.917187 8.122227 3.163424 2.677177 3.718102 2.343382 1.595165 3.314798 4.228828 4.143393 7.502192 7.138233 4.943696 3.092314 3.879114 6.373187 5.029650 2.055104 3.911117 7.447371 8.456953 5.956554 3.233870 2.652535 3.735646 6.067822 2.586983 3.731083 4.014386 2.427222 3.157888 4.506445 2.045211 1.809668 4.663335 6.133990
0.746707 0.499306 150.5997 0.000000 4.059915 1.736906 0.883559 1.405797 1.110722 2.636894 0.876516 1.652094 6.749827 6.979755 4.771473 2.860009 2.898953 5.406618 5.198935 4.073061 5.090648 3.852646 12.935664 27.054494 12.154184 9.010696 6.476434 8.531843 9.300176 5.705221 12.373141 11.457395 9.815654 44.998281 11.979795 13.690530 21.275835 9.340691 19.639699 16.501951 19.483631 14.370236 33.859215 33.900225 20.955330 9.410191 4.851712 14.101159 25.867077 19.547554 6.644010 9.507168 14.372635 18.418694 8.907709 10.918479 10.823738 5.296098 15.128214 9.938973 5.501852 4.283866 9.072531 5.671317 1.976665 4.355831 7.909176 4.262538 6.911727 6.635137 4.800621 4.019635 4.360471 2.821669 2.109010 2.186571 2.018340 3.887411 6.161918 5.903022 3.574896 1.175269 2.668809 5.703463 7.180181 4.200085 3.638798 3.856041 6.825754 5.536985 1.361544 2.842995 1.231693 6.614734 5.050459 3.003584 2.294875 1.314869 1.435786 3.265664 2.411324 1.641471 2.175691
0.797243 0.427851 198.9043 0.000000 3.998107 3.693641 3.261721 2.383678 2.318845 2.682376 3.367007 4.540452 6.885342 6.249780 4.871686 3.969006 3.294013 4.118584 5.482454 5.063445 3.514544 6.312857 12.254737 25.444104 8.496613 7.934195 5.098962 4.530749 3.532940 4.653280 5.201177 1.365341 17.109506 31.610348 20.855497 9.627456 13.354780 11.134820 9.314852 7.583001 9.410727 16.660257 25.256948 35.961920 20.275233 7.889067 1.921159 5.099914 15.901071 16.892912 8.570480 5.200255 14.300856 18.735824 4.961264 13.249571 13.841497 4.434242 6.817447 8.192029 6.229788 6.771032 9.248462 9.187721 6.343660 4.327702 5.073695 5.848777 3.089405 2.737286 4.193547 5.395333 5.470725 6.203847 1.485000 2.034332 3.305081 1.669114 3.984392 3.051000 4.442412 5.100571 2.861773 5.063385 4.623654 2.727517 2.016032 3.398512 5.930399 6.611165 5.139439 2.891558 2.897917 2.329501 5.051657 4.950661 2.800204 0.766646 1.269153 2.670108 2.350614 1.376617 1.023645
0.844103 0.484112 199.0723 0.000000 3.296552 2.992504 2.224199 3.526346 4.610545 5.228193 6.031122 6.667101 8.695799 9.510885 3.091498 2.190507 2.105780 1.591436 3.115905 1.496869 1.145529 6.233932 15.670125 11.786240 5.084003 2.807454 2.228837 1.882810 3.030753 5.078123 3.946521 9.584679 25.545295 30.888270 19.200768 12.934452 14.425711 8.574749 4.993937 9.852871 10.320694 9.383549 32.390101 37.667217 17.003057 16.210307 11.295452 6.610753 14.756161 21.821273 18.589676 22.071413 25.090932 16.347735 10.323118 11.107132 18.498937 18.962016 14.923628 11.435212 11.343230 11.845101 5.807838 6.247329 4.394013 7.406161 6.403250 2.558688 2.702816 3.558246 6.312637 4.392805 5.649879 7.197035 7.045896 5.401615 3.550823 3.593376 2.362995 1.665631 2.450424 6.437817 4.920916 1.833666 1.590914 2.400135 3.799539 5.303193 7.936526 8.179295 5.809550 5.759361 6.113069 5.196265 4.548611 4.202189 3.788498 4.014170 4.333158 3.929115 3.456772 3.313246 3.934541
0.892646 0.737368 212.7916 0.000000 2.802318 3.720265 5.410614 7.942226 7.829909 1.800312 4.130679 6.689182 9.820610 9.714748 3.433581 3.204195 3.297299 3.931682 0.978269 4.636797 7.684752 4.137993 7.096351 6.381240 7.016802 8.814186 3.913266 2.688910 4.873734 9.872203 8.025613 10.840463 24.636323 22.727683 15.752498 16.928045 17.124148 10.479120 8.925959 16.709031 13.978044 12.406750 23.622127 23.150566 32.469233 48.811491 52.603543 43.993776 18.298738 11.301114 24.887281 33.441744 33.156295 36.756948 45.261006 43.753777 33.193225 21.037304 15.951386 11.221674 8.959788 10.173274 6.148066 2.663703 7.724024 7.792514 4.237228 7.973845 9.315229 8.635088 7.120724 5.946023 6.595903 4.113322 8.371681 10.328170 8.644868 3.871765 1.508654 5.653454 5.249447 6.226956 13.803131 16.763706 16.488897 14.952948 11.328145 8.618431 12.715729 10.108802 7.403199 8.570226 1.433504 7.810633 6.169673 1.686203 4.995785 7.013848 9.895628 9.612301 5.792774 5.019216 2.492436
0.942041 0.762192 210.3702 0.000000 3.766609 5.856122 6.772904 7.691981 5.781765 1.211828 3.838514 5.392682 12.144348 8.479837 2.535739 3.802978 4.489747 2.808735 1.055756 3.333869 6.969293 7.072104 4.748809 7.421481 6.682690 3.633006 3.144187 2.804532 7.348264 4.584815 8.846561 18.099978 16.812759 9.979840 24.806686 14.600885 23.372237 6.293302 19.767328 15.638484 10.231543 23.079349 21.900382 21.911321 39.329864 48.593542 45.103184 38.355902 20.689993 30.114144 46.552055 44.827600 35.387574 46.427312 36.987869 37.194194 29.935662 18.193094 6.687584 12.480609 11.034714 5.091443 4.307194 3.762080 10.770605 3.998007 6.774229 8.215689 9.686321 10.550634 6.216988 8.168805 8.240117 7.954553 14.908637 11.318309 3.378210 2.393973 6.222023 3.562962 4.672689 14.263846 17.303435 16.308024 13.422579 12.728887 10.228265 8.954359 13.362930 12.429351 9.410181 3.386121 9.082767 4.080889 3.185871 2.846830 4.695956 9.343442 10.122610 6.742678 5.120267 3.237422 4.551481
0.994040 0.902775 202.9659 0.000000 2.521249 3.676665 9.158273 5.871249 6.490129 0.641496 2.974277 7.464244 11.266248 7.224010 2.005779 4.578678 3.693199 3.139054 2.058014 4.762362 7.666508 6.305234 3.920591 7.307174 6.784909 3.326452 1.673143 4.622079 9.514867 10.058874 13.676874 26.223994 15.484954 10.448693 22.592677 17.829680 15.426924 13.343042 28.443730 43.283212 33.350442 33.572778 31.580499 39.755394 46.809104 43.693852 41.703994 32.990953 43.083766 36.613955 47.481537 46.451489 39.547877 43.393274 38.670093 31.308039 26.997215 10.051217 15.480417 16.697746 11.089364 14.962834 14.898675 8.800032 11.349962 15.035490 5.670771 15.833220 10.574177 12.943081 16.081032 5.890443 4.491970 23.367471 11.591789 10.512612 6.796267 8.836049 6.622361 11.094897 14.928408 19.714687 20.443869 9.736039 16.879800 9.221166 11.811246 10.573845 17.837172 5.893000 7.838423 5.278728 9.037628 6.375645 2.562372 5.060217 9.376105 10.453510 5.716135 5.738017 2.454477 6.129999 6.624995
1.043166 0.919763 178.5668 0.000000 3.884293 6.212577 4.744886 1.595629 6.170959 2.715690 6.572495 4.468554 4.497934 5.160357 2.706646 5.135389 3.546116 2.621725 4.490623 7.133851 6.775184 8.071495 5.045878 7.991554 3.346506 3.875131 3.561674 9.062088 10.115660 15.638233 29.232144 49.804864 37.535009 19.569851 16.976234 18.660640 23.199241 26.163075 48.258314 47.255932 16.989700 27.020852 34.418263 32.918011 42.908695 26.847045 31.191028 31.360895 41.371304 31.975626 39.854843 56.727226 47.054192 35.391245 25.593496 21.900358 19.670264 14.139454 15.342238 13.526629 13.569209 12.993331 12.527466 10.763418 11.128456 14.104668 7.940304 12.490236 10.507376 15.165791 11.891570 9.013594 6.694601 20.717711 14.248857 10.174066 6.127216 10.943683 6.683468 12.434824 18.001896 17.597307 18.738214 8.230898 13.572270 8.026488 9.675192 8.415212 17.897257 5.506963 10.963456 1.052846 7.019986 4.290203 2.648127 4.723562 9.088928 10.189356 6.489426 7.858068 2.355309 4.103824 10.815856
1.094058 0.728406 181.2407 0.000000 1.539825 2.874428 1.974587 2.681252 3.634721 1.485303 4.267649 4.095229 4.113977 4.056986 5.331328 3.623124 3.374941 1.139860 1.597415 6.489988 5.889390 8.723324 7.283682 8.459385 3.256407 3.926142 2.868663 6.345916 7.315322 26.040616 39.453177 47.397341 27.246332 36.790477 10.831662 10.407957 21.658394 29.249163 44.207189 54.580643 29.638445 16.482723 34.787663 29.695989 35.135281 17.426032 4.046883 4.311282 26.307690 34.808205 14.955166 27.359188 20.360444 6.401975 14.040028 15.437365 12.072323 9.890339 17.304505 15.116751 14.156203 16.173755 12.612581 9.566082 11.460488 9.366740 9.930195 12.199869 6.702486 12.869717 14.558624 11.510762 10.762772 9.640131 16.296091 14.253346 7.112724 2.730369 9.973849 9.309801 9.354820 11.732139 8.776488 7.991353 7.344910 9.488861 9.433670 5.051478 8.250893 7.102007 6.424705 6.085137 5.934832 5.322262 5.633106 6.111173 4.923816 5.082519 6.892238 4.856014 3.691275 3.148008 4.472143
1.143055 0.687868 184.5710 0.000000 3.140621 1.020023 1.428690 1.412808 4.169747 1.070479 4.225708 2.390236 2.707235 2.234989 4.588035 4.020446 3.250618 2.315754 1.853288 4.628024 6.106201 8.557490 6.651613 4.042149 4.977425 5.212991 3.097894 3.148802 6.561194 16.185925 33.970639 45.623857 40.575314 29.486080 24.113019 16.194298 15.301945 17.492675 38.288701 42.770015 46.867141 26.521903 19.295210 36.054562 32.412528 31.197963 13.336884 7.002553 7.546618 17.857133 26.758893 21.489372 23.329018 14.175275 13.949795 10.680715 8.018312 9.153892 7.295511 11.350125 10.836754 15.609676 14.029505 9.851836 11.526469 12.369519 9.439111 9.999183 11.661734 6.575096 11.687715 16.323092 9.488684 5.382865 9.220084 16.033818 13.977073 7.655258 5.503170 7.136949 11.958557 8.446576 11.681468 11.264795 6.329038 8.070747 6.121129 8.297006 5.427231 7.466189 10.415098 3.638115 9.452671 3.403782 7.033588 1.985160 2.769308 7.138562 2.012997 3.904921 6.634829 3.410008 3.226118
1.192089 0.605975 135.9769 0.000000 3.189603 1.574254 0.874602 1.235817 1.502728 3.591163 1.256076 4.352247 3.742594 4.013292 3.659200 3.905597 4.571822 1.237226 3.758981 4.588285 4.054796 9.196443 5.009256 3.282181 3.482350 2.099602 2.443785 2.384128 1.640691 23.243699 52.932289 41.876754 28.585707 24.495712 14.661176 22.457226 21.997566 34.281208 17.307526 20.029649 35.375011 41.848715 33.448130 35.341308 17.616391 15.852926 19.475615 9.828800 17.901404 10.445052 7.119989 10.385963 7.603632 3.287791 7.275547 8.726029 10.134578 9.803453 9.380899 11.375119 8.393772 4.565311 3.880463 5.285519 6.636627 5.596889 8.363928 6.192250 11.133678 8.424677 7.035692 6.318501 7.040167 5.222107 6.275745 3.392998 2.062255 1.156533 6.905196 7.200443 8.516255 5.718158 4.530604 3.439910 1.674682 3.442576 7.510106 4.970022 6.949576 4.246025 5.614407 4.890711 5.636698 3.507904 2.163171 5.533801 5.211224 5.601564 6.448332 4.036050 1.447666 1.538348 2.807135
1.237641 0.562088 201.8449 0.000000 5.807642 3.672589 3.556107 4.759173 3.569598 4.486832 2.550957 3.233959 2.127754 3.850281 4.009439 3.984413 2.834586 1.841239 4.342114 3.393174 3.083696 6.837426 5.030841 4.971642 6.394374 6.468797 2.320446 8.679362 17.586249 9.804180 24.505430 22.493536 19.400300 20.941691 13.619547 12.305530 19.081854 24.073499 33.077080 32.531184 32.863702 20.097052 10.165569 32.263463 30.098632 23.024650 15.073715 13.133659 27.231606 21.382464 17.232631 18.496129 22.592553 18.478730 7.564606 8.812932 12.682479 11.057092 9.009141 9.434430 6.858907 6.475292 4.432036 4.613596 5.082579 4.773978 8.761012 9.276949 7.367754 7.802470 10.510569 6.852399 1.876966 6.130595 8.424908 7.080259 6.874700 5.515723 6.128731 6.044836 8.661926 8.904062 5.357990 4.634781 5.384939 4.749845 3.984458 3.631611 6.306313 7.295521 4.235563 4.127691 5.076695 7.282662 4.833592 5.251473 4.866168 4.488288 5.051317 4.468973 3.047579 1.472012 2.606949
1.292039 0.674619 181.0150 0.000000 6.930049 2.994933 4.185749 1.505069 6.066753 6.297791 4.046545 3.676969 5.239372 1.520565 5.122230 2.141748 4.828824 4.232984 6.350331 7.066449 8.737008 2.201517 10.500470 8.569668 3.400054 6.076288 6.196728 4.279432 17.759667 10.159013 29.316283 26.837112 32.068606 43.555283 27.061404 32.015341 11.670346 36.421720 23.950089 49.180831 29.578249 25.000127 10.114510 44.681796 29.380450 21.940582 13.897225 5.177975 33.490950 30.180972 12.639129 6.322853 30.641027 23.298928 10.967875 5.042901 18.919778 11.880933 10.917891 9.527470 8.896939 5.871085 6.749701 4.041764 4.340409 9.441751 6.938481 8.376093 3.963185 7.700367 4.144946 10.513367 6.040960 7.698576 6.583557 7.922737 8.409148 4.015522 3.204026 2.409850 6.963404 5.166181 5.259756 3.739473 4.333720 1.966334 1.393241 2.598689 6.565553 5.906095 2.374760 3.135508 5.599073 7.238615 3.684780 5.562849 4.165727 8.351313 6.043394 6.070393 5.197387 6.984893 5.309078
1.340646 0.936063 146.2725 0.000000 2.534983 8.479858 1.226710 4.729361 10.290224 2.194150 3.873125 5.092971 4.357539 6.014055 6.709595 7.244478 9.324434 5.615776 5.519577 9.596943 6.735481 8.458265 15.290653 13.535709 10.175342 15.949285 17.246309 19.911455 27.123637 41.641164 22.062644 20.242318 54.800293 33.662724 27.885890 6.761147 46.102692 40.230926 33.130597 52.193087 34.172373 15.187056 44.240353 40.152917 50.768788 30.670372 22.776281 31.985194 35.739048 22.679146 33.994895 37.074059 41.535520 28.750381 20.883553 26.206025 39.460399 30.660927 23.291077 20.656811 15.426127 14.630505 17.545308 20.900591 11.085630 13.107689 4.616507 8.885075 3.308051 11.416101 4.236237 12.742771 8.053762 14.453016 11.637198 6.274028 2.972682 4.389074 5.178588 10.232047 3.090041 7.478904 5.272813 2.846337 1.865019 3.911659 6.106715 11.091273 10.214855 6.929070 8.728418 9.674541 6.093458 6.058830 6.828104 6.921811 6.429708 2.765356 6.715783 8.309330 4.884359 6.001731 4.775512
1.390384 1.001074 184.4273 0.000000 1.190837 6.874277 3.050987 1.324527 8.532831 1.599573 3.662150 5.023589 4.630555 5.078423 7.566971 2.853886 6.287678 6.846400 1.990049 6.687998 8.629699 4.032573 13.714499 9.409300 8.548275 20.788004 38.597148 40.330958 32.733572 34.702087 50.824241 35.389556 51.314954 41.322804 44.503619 11.925313 23.997380 21.719558 50.898550 41.131425 56.612237 25.141457 23.796904 40.625736 37.213913 37.428878 27.572679 27.280698 36.024123 18.762570 21.306222 37.021273 36.750865 52.192310 26.047105 20.257165 34.906955 42.141508 31.128916 22.225303 16.436721 18.954752 20.019899 13.609040 16.552307 17.780848 10.122253 8.646768 4.050350 6.180687 12.505876 11.417388 8.798344 14.062801 12.782835 9.470785 8.238254 6.208506 3.615932 4.655382 4.624800 6.137733 7.156876 10.865843 9.448724 6.624795 3.325117 1.823875 7.793401 9.355800 6.867619 5.891693 8.139685 8.942297 4.814595 5.759221 6.896087 6.472646 6.250966 3.381014 6.251825 8.400567 5.413939
1.442136 1.044847 143.5898 0.000000 0.715016 5.941922 2.430731 5.408220 5.283166 4.250026 3.095887 6.441698 4.521344 6.059609 5.718433 5.318297 7.685238 3.751949 6.435924 10.892733 9.579619 6.100941 8.917504 29.451715 28.885233 25.884145 28.440292 32.672357 34.345690 44.935458 40.088306 58.900854 59.938501 26.392398 30.797549 25.650826 21.460465 34.666444 50.649354 49.582347 44.846983 28.353514 19.328561 31.487227 38.842764 40.765240 20.927069 17.387021 25.768053 32.243615 50.595482 30.455683 47.912825 44.821057 26.419383 22.116966 37.369140 39.476820 30.336818 20.042399 14.981869 22.715212 16.382885 14.862790 19.847648 13.463147 9.432876 2.724728 3.925766 11.610001 14.643729 4.946118 11.857281 13.454786 11.464649 6.342420 6.090094 6.593906 7.482306 8.788800 3.635784 3.772628 7.677380 17.252033 9.528663 4.698153 4.028593 4.566116 8.652095 10.215468 3.789659 6.892216 10.201123 6.264828 4.613119 8.992459 4.397473 5.940017 9.345506 3.949834 6.662275 8.379951 4.872901
1.492072 0.969025 138.4228 0.000000 3.617914 6.726717 2.225068 2.021527 4.196439 4.414573 2.997786 5.437975 4.021642 5.027900 8.873168 3.694022 8.101046 3.004262 2.492483 5.683171 6.531010 8.873745 15.491406 32.198193 34.453757 25.039170 28.574241 33.556311 32.363807 27.708798 39.836544 64.968740 32.809056 11.569422 14.114475 12.752330 11.494024 23.579517 48.920138 52.786935 33.905666 18.725070 11.056828 18.881263 41.443467 45.037977 16.023849 11.185788 15.749618 20.645629 58.520549 27.945489 41.855632 38.548180 22.726275 24.068584 43.486346 34.817065 24.636841 22.238094 16.969758 22.801294 15.024254 13.201921 19.669017 12.569144 9.175467 4.915873 3.192397 8.518794 14.912690 3.831214 12.475635 15.736426 10.911319 5.434762 5.367155 4.924068 7.126899 8.193781 3.023383 3.443437 7.955978 16.788562 8.895968 4.603357 2.655788 7.060634 10.070883 9.598940 4.265220 5.334365 7.594051 5.905148 2.422665 3.834360 6.855954 5.211073 5.408203 5.248021 4.617408 3.889501 1.965358
1.542018 0.896916 104.6223 0.000000 7.546738 7.430188 3.397529 6.732620 6.219714 5.334603 9.444115 8.723417 5.199681 6.635594 6.676782 11.850411 10.583759 10.474762 9.151272 9.534833 13.645980 14.718318 8.477053 23.902928 55.435136 29.640860 23.032129 24.686350 12.773350 9.309279 24.277285 48.348322 53.681489 27.411469 17.157094 28.245495 28.832670 38.951248 44.207537 22.224655 32.431583 32.106370 35.239222 37.306366 39.862309 24.306728 36.420303 37.617180 23.363583 22.125092 44.508013 39.118331 37.947273 29.698357 17.186723 11.606365 13.152525 22.575911 21.244767 11.230239 9.063808 10.550489 9.958715 5.297226 7.412096 7.913596 3.162939 2.529666 3.947561 8.720968 14.632259 11.114048 5.310606 9.097048 8.947746 7.809837 5.907800 4.134598 5.978202 10.065644 8.964524 6.572973 9.780445 12.379872 9.168205 7.819840 9.992575 8.674511 9.835271 8.126579 7.426827 8.092206 9.083336 8.569476 6.031315 2.921276 4.524547 6.087145 5.671810 4.152580 3.661972 3.668931 2.905830
1.592070 0.790475 204.3364 0.000000 1.360624 5.285220 4.934038 2.167250 3.586076 4.349288 2.666270 2.544467 1.353750 2.132036 3.224070 2.408177 2.781373 11.550790 9.573303 5.300594 4.541193 22.284198 20.296817 22.645514 43.883583 19.497805 7.711614 3.913763 4.835994 15.175565 28.299625 28.994347 41.964699 20.676352 17.115453 25.020581 20.959512 26.037200 34.200232 34.791106 43.968974 28.124238 33.387057 41.863465 49.893526 31.568529 32.429500 23.449723 12.099818 25.068797 39.303550 34.925313 31.807473 22.538729 14.985289 15.793496 19.332851 18.010180 17.823741 10.092020 5.463557 3.009298 2.582203 2.371356 6.658741 5.460532 0.986364 2.257323 3.733418 2.579979 4.915365 7.783366 5.619803 4.581241 3.416886 7.459527 7.052991 3.990579 5.465536 9.473041 8.122520 3.297898 4.280987 6.953756 6.235073 7.114243 7.712521 7.521814 12.578627 13.156207 10.466324 7.789565 6.851065 7.062690 7.338728 5.911566 5.381563 5.261035 5.336220 4.129118 3.805936 4.828131 2.516351
1.642269 0.691518 184.2913 0.000000 3.739495 2.392353 5.234084 3.040336 3.247859 1.535583 2.458000 3.094957 1.400783 5.915807 7.468674 5.310854 7.378445 14.799994 5.877646 6.591947 8.098991 17.899690 26.746698 25.290019 29.430295 3.010806 8.122930 5.758852 11.021890 10.708138 8.033898 11.181292 31.403183 20.101493 10.972571 22.212204 23.281634 26.577108 31.981195 38.218578 43.077910 27.407940 41.896330 44.882923 44.229238 40.025181 24.707929 21.315644 13.558424 12.107809 14.736133 11.296209 7.460739 16.440561 20.878656 11.389931 11.980037 12.206246 13.244509 9.497541 4.300185 3.651540 4.512193 4.679458 4.172130 5.287386 4.891328 4.401920 3.011228 2.276549 4.963720 7.936473 7.825951 5.502782 3.235997 5.849086 6.178580 4.066368 4.548764 5.954362 6.788420 4.186734 3.221108 4.533471 5.529638 5.036053 6.049435 8.698058 10.915706 12.758199 10.792462 7.616104 6.330799 7.612890 7.105265 4.687669 4.422114 3.527186 3.109024 3.337312 3.226535 4.195464 2.592321
1.692133 0.673201 209.8525 0.000000 1.326655 4.643786 2.061274 1.068552 1.147216 3.546405 2.944493 3.025970 2.827963 2.214474 1.795329 3.776142 5.605666 9.604548 13.599222 6.699696 9.308270 12.023702 14.645094 15.263532 23.113393 26.970888 11.001628 3.802981 8.302611 8.761022 11.424658 9.744441 6.300942 21.064177 29.790320 22.233054 16.607100 16.936698 22.415868 31.041431 32.384000 34.979384 41.715395 29.472485 41.076883 47.568033 38.272345 45.224674 32.149606 20.055071 13.625953 7.202025 11.164898 14.040363 6.794676 12.640557 19.237728 17.430144 10.424644 7.182529 12.545307 14.345699 8.078835 4.315256 2.277277 2.892270 5.131137 5.155138 4.840070 6.673511 5.163588 2.465875 3.454281 2.941442 5.193274 9.694767 6.437303 3.309501 4.011426 6.243729 5.851588 4.178640 3.887610 6.293844 7.345190 4.908328 3.248912 3.439664 6.186058 5.228919 5.760106 6.153386 10.950012 12.859233 12.374810 9.603478 6.048354 7.586227 7.790384 6.638738 3.910314 2.037877 1.156207
1.742198 0.439622 199.0650 0.000000 2.964081 6.043913 5.200691 4.453003 4.087011 7.187395 4.411805 6.785557 3.837974 4.507507 7.652338 7.440575 10.823498 13.951163 5.858420 3.756383 7.051299 7.279640 10.441876 19.335837 20.803019 12.247110 8.125089 10.828549 11.157150 11.005061 9.458388 8.983726 15.596307 23.791869 20.849880 12.268764 11.811473 11.990665 9.810948 12.640206 14.741970 9.330568 20.700231 28.407871 14.964604 18.097394 11.834900 9.195292 7.449946 7.543263 11.377234 8.217364 12.684998 12.515732 6.825882 5.622735 3.431866 11.524417 19.165497 18.755915 4.385573 1.620793 3.445759 4.985031 11.824547 8.466606 10.929058 9.558034 7.231092 8.102592 6.895041 5.511343 4.373612 6.158304 3.475696 7.021358 9.953016 7.920565 5.306502 3.557652 2.888681 4.968424 3.106186 3.500462 6.410581 4.517247 3.029228 2.927442 4.763256 5.118922 4.770188 5.641211 4.060366 3.956515 3.737550 1.923675 0.982385 2.815042 3.277385 1.619655 1.290037 2.414702 3.147892
1.782121 0.798108 232.5495 0.000000 6.641715 9.596847 10.200823 7.796602 3.586706 4.378709 7.359788 6.397683 7.131924 4.707432 2.892493 3.251977 13.826567 11.473630 4.285650 8.550720 6.332231 6.675715 4.013768 14.747476 17.577130 10.902332 7.866740 4.966099 3.666638 13.234964 13.025903 16.329408 17.970075 15.240834 17.953781 13.340256 10.789851 6.951965 14.573681 27.155141 26.617811 17.649597 12.808340 30.442980 30.359581 35.269857 39.151016 38.757188 42.533458 53.613613 56.782670 35.956798 11.585226 13.940239 30.993443 43.716440 42.601530 30.836236 22.374137 17.960546 13.380823 9.838015 8.937163 11.642095 11.741513 9.489313 9.034462 7.390796 6.084176 6.866329 6.061105 4.682196 3.282805 5.021333 13.583226 16.714156 13.813403 11.105136 9.084339 8.017136 6.639578 6.505938 10.266360 9.148301 5.648619 6.515339 9.026803 9.420844 8.961344 8.128864 15.539067 17.770270 16.298884 13.687829 12.530184 9.387640 5.432871 4.414436 6.691892 8.791428 7.374215 4.125674 4.419549
1.837611 0.835753 239.7219 0.000000 9.053071 7.334643 4.757744 8.763642 8.612165 2.855508 5.277433 5.061130 4.706635 3.751431 5.632920 6.413513 8.863262 9.568406 4.812589 6.700636 5.809108 4.517608 3.915370 7.234548 8.881861 7.868435 8.943293 10.654539 9.141432 11.811976 12.098824 8.164193 9.719585 9.853310 6.998402 10.664515 10.829409 12.200580 28.547187 33.241877 15.827596 13.101075 27.628884 17.735804 24.692638 42.550275 50.805300 29.661459 35.706000 52.063922 60.169220 59.076764 34.640537 20.949238 32.389623 30.887863 32.763167 38.575131 36.118930 23.744648 14.182454 6.066374 4.858972 8.018968 12.366339 12.479830 12.537859 2.701650 4.203061 5.177100 8.497671 2.553420 9.402699 7.978249 9.580175 19.340890 14.050798 11.036895 13.817011 12.398933 8.166458 5.994342 7.740917 6.967380 9.384075 5.398915 5.945640 9.449164 10.674877 8.477898 9.862695 14.663594 17.977946 17.898897 14.409918 11.661721 8.528310 4.976540 4.753565 7.089865 7.909854 7.163429 6.621633
1.889360 0.946412 229.3993 0.000000 6.725479 10.651139 6.340617 6.538627 11.760730 2.131098 3.564764 9.292824 1.271409 4.211272 5.813038 2.911076 4.274882 2.195452 10.579943 11.664306 3.400427 10.211066 9.727567 7.250414 8.464116 8.749393 10.609452 11.550097 9.839736 9.477429 13.884078 4.542413 13.564924 8.195068 13.718830 25.774785 21.723794 36.137238 27.489198 38.669670 27.836870 31.052638 29.131418 33.778550 53.611180 49.706530 31.190212 38.857417 49.866465 62.673033 56.373579 42.607171 20.828211 36.672738 32.828482 39.227188 32.722269 38.125597 16.844112 22.734234 13.176704 16.946831 13.752249 20.097354 14.388608 11.172381 5.237777 5.300670 8.525379 13.924982 9.836193 7.025147 3.579447 14.323901 20.194071 10.506680 14.750859 11.505275 13.749156 9.076442 10.278232 9.058623 10.587847 6.201570 8.712952 10.064882 9.578060 12.137073 9.005581 13.728309 19.211454 16.530422 15.406134 11.999169 8.430994 8.036408 5.245599 8.082999 7.311064 7.016829 7.054982 4.468591 2.441766
1.937684 1.021714 208.4320 0.000000 6.188981 8.106083 5.876966 5.547362 11.068667 4.200899 4.354130 6.777601 3.879707 6.709486 2.110032 4.669584 5.008421 4.137481 2.797420 4.159062 3.603228 8.288513 7.461671 4.078043 10.122109 9.665290 13.839203 17.470591 16.008875 14.431034 17.540214 38.830287 44.926003 29.043629 14.644459 10.196036 26.810486 40.105725 27.156242 44.289561 32.183717 40.003219 37.218100 42.057375 60.246640 52.101091 31.610090 38.116947 53.939969 57.832505 51.896779 34.834495 30.162639 29.362768 24.623486 27.839271 37.967255 29.061581 26.897586 21.689492 15.902110 16.585898 16.431885 12.639813 11.753909 7.483324 10.415497 8.836711 11.081880 12.240346 7.319484 1.863037 2.743464 22.028067 12.137274 17.980527 11.337223 18.188476 6.218849 9.303636 7.034488 9.847967 5.829261 9.422628 10.391294 6.937542 11.458767 7.948200 7.439153 16.420381 16.511530 21.174110 17.543001 6.592328 10.180089 9.382570 3.662909 10.212705 0.882364 10.747599 7.781203 5.348921 1.486752
1.982056 0.841243 145.4776 0.000000 2.293531 5.052671 4.688386 0.392831 5.962361 2.768744 4.520060 2.415855 1.228556 5.253755 4.746506 7.023551 7.800678 2.601561 5.734746 3.888210 7.987260 2.057594 12.418722 11.388160 3.232302 6.077140 2.919844 12.569235 8.296076 6.537501 23.830168 52.563740 69.884886 40.708882 26.291507 16.653913 19.497929 61.389777 13.829944 20.626381 60.962124 16.823949 15.614665 67.987856 11.346391 32.530581 7.275858 15.882537 1.754881 24.753615 23.470785 36.635178 18.065301 13.851898 32.711307 5.260796 9.752506 25.210577 14.142929 26.800141 17.151203 10.333446 23.263542 9.658636 13.257642 6.979476 6.657046 6.246476 13.542457 7.233503 17.430799 14.026492 8.529317 11.814308 13.397759 20.075695 10.147429 8.449902 6.772870 12.694985 4.411432 9.963532 9.862088 7.973626 14.486846 1.537511 7.196294 2.218889 10.408890 5.128083 10.732565 5.947583 5.298965 2.415070 9.560190 11.069818 6.240657 7.719635 1.398890 10.634750 5.647833 6.511428 1.692254
2.038524 0.780817 144.6510 0.000000 4.731024 4.389069 3.594239 4.257543 2.810258 3.528689 4.022588 2.362907 0.738455 3.937910 7.794004 3.101082 4.939686 2.434421 3.799310 2.081059 10.381933 2.122781 11.322302 12.231258 3.580534 5.079859 5.256426 17.545707 7.204843 6.987756 22.451076 56.043462 70.677916 31.418479 24.005440 14.972693 31.404063 43.339254 24.482498 26.524463 44.963747 26.830166 36.324937 45.898726 19.084445 23.811518 8.469574 5.986550 7.438952 21.656595 17.356984 20.334651 23.412463 21.080068 17.353581 12.715857 18.418388 18.437701 18.222233 20.055930 12.432360 16.281117 18.307739 11.672957 9.366332 2.978688 6.438260 11.227676 10.027773 9.447298 13.994197 7.775599 6.516403 9.153211 11.212508 13.461414 9.477859 11.281066 8.510035 8.173474 6.018232 8.665764 8.265727 7.994093 7.988967 7.709515 7.242016 6.531491 8.562853 8.480024 7.344585 2.899832 2.936192 5.761966 9.620390 7.598656 7.250570 6.142153 5.302812 8.402757 6.567625 3.252544 3.397660
2.088119 0.705688 144.4864 0.000000 4.497324 1.338017 3.556433 2.487501 3.955756 3.630922 4.316919 0.913029 2.744851 1.658044 5.728969 4.927486 2.919097 4.874701 3.702596 5.980697 5.953784 6.671843 8.473022 9.879350 5.552613 2.663585 5.546446 15.966082 9.740687 11.822051 26.094799 54.456127 60.071833 34.352113 10.160300 35.318605 41.757858 41.912877 26.290415 37.680276 29.521294 9.031410 29.951081 31.453859 12.094857 18.873359 6.409721 9.504497 10.948979 21.773213 18.462564 13.799883 16.154496 9.990276 19.900876 25.851991 14.198991 11.265409 12.023551 7.813652 7.231071 7.997617 6.088822 6.066033 4.230097 2.517453 5.139262 8.600608 7.444215 9.649578 11.214132 5.330453 7.790409 7.133623 6.733610 6.923085 5.480925 4.946021 4.131538 5.413629 4.703180 4.441751 5.463554 5.725064 7.950590 6.334505 7.271183 7.163254 8.407695 11.382331 6.357695 3.201039 3.085703 2.933281 7.591766 6.676272 5.265165 6.513587 4.359982 8.319779 6.522421 3.400170 2.643305
2.137579 0.589434 185.4408 0.000000 2.907459 2.212893 5.266925 1.119035 2.246645 3.670773 3.563141 1.364406 1.791932 3.003334 3.672387 4.960263 3.200519 4.569215 2.624673 3.085250 4.549238 4.927607 6.190906 7.689594 8.083675 8.796835 10.085374 12.907717 18.335261 16.085458 23.984993 31.984594 28.520147 27.160198 28.705965 22.975163 20.732370 23.185839 27.984087 9.431798 44.182992 40.645456 11.074795 24.052240 33.569468 7.340672 22.044806 10.810639 10.290921 5.946105 17.714406 21.853297 14.297929 20.942897 18.543572 11.487730 17.085214 16.355234 12.527297 10.435931 5.954789 6.798158 10.385607 8.784175 6.806979 7.277190 5.519710 4.295986 5.356801 4.332122 6.180714 8.586243 10.603287 5.369514 4.115248 4.386156 6.935250 4.036845 7.249607 4.920802 5.887119 5.100279 2.689987 6.582674 1.897196 3.813555 3.831640 4.291791 7.273591 7.479697 3.926656 8.093218 8.543340 7.365130 7.268386 5.713701 3.415676 6.837593 8.480807 6.660324 8.142569 7.087907 6.207156
2.182179 0.387712 181.0809 0.000000 3.206749 3.193155 2.477952 2.529839 2.637770 1.809956 1.133441 1.475198 1.264817 3.571386 1.785588 2.166986 3.764554 4.186089 3.640849 1.954279 1.891793 2.811429 2.363253 2.603970 1.332285 6.062745 2.404445 10.507145 5.110120 10.642773 13.235556 14.086315 11.376388 2.682273 3.194466 14.845449 9.942881 11.659423 27.896970 30.899710 23.716373 12.815945 9.464948 19.038909 16.842475 15.338439 13.270029 8.052670 8.111985 14.345262 14.506061 20.743320 15.761048 12.945955 16.166904 15.350437 9.037110 4.406974 1.362536 5.289549 10.603075 7.236177 6.703082 7.058839 5.249982 4.858008 4.422595 5.885984 3.616139 5.698396 5.135881 3.556724 3.191501 3.844328 4.524595 2.356887 1.640323 2.068903 1.673222 2.422573 2.658249 3.729253 2.165699 2.197062 1.241475 1.893177 3.349105 1.751623 5.438554 3.648960 4.581373 6.115710 5.237704 3.944083 3.391989 4.831243 3.368126 2.610935 2.141746 4.663072 4.691576 2.352886 2.343025
2.232087 0.710083 179.4849 0.000000 4.549281 3.917043 6.303662 4.690882 3.213780 1.007394 1.568909 0.557577 1.146518 4.355718 3.248186 6.557790 12.346086 7.839928 10.185830 12.641512 12.065806 7.977331 7.077149 5.910110 0.610698 2.272937 12.576545 11.402482 11.192279 23.705109 23.466429 13.490952 27.378026 17.964300 15.434364 19.254798 21.658744 16.744771 39.966197 53.513998 23.365469 24.388806 35.271470 27.210705 6.473773 17.630326 19.523301 15.838945 21.140194 21.327969 16.933432 36.843130 26.866968 13.468185 20.276325 15.189131 6.778337 18.585597 25.962973 27.284569 31.551344 36.748319 26.593285 17.154959 16.130580 11.932429 6.547514 5.342709 5.405693 4.647631 6.199287 4.785526 2.608866 5.342779 4.709923 2.093617 3.251472 2.637118 2.523418 4.352398 5.573848 9.240029 10.959695 10.145262 9.139334 6.440289 5.300505 5.221639 4.713547 4.787236 6.016788 10.862585 13.401985 10.848697 9.383526 10.469388 10.413153 5.230195 3.157887 3.095423 1.986193 3.686245 4.980159
2.286342 0.885537 188.6204 0.000000 13.169927 5.014313 2.853451 2.839219 4.679790 3.983798 5.381646 5.656936 4.312369 4.034563 3.700888 6.807709 10.339720 10.389924 15.704751 18.728367 11.878254 4.315792 4.474989 4.733528 8.861819 4.625794 6.419767 18.024508 25.057586 18.420339 29.925659 54.688028 41.072285 22.918975 10.413074 17.783872 23.089451 33.163469 33.086324 34.730159 64.735928 63.424587 43.140999 32.074007 34.695499 29.498036 20.542841 32.117122 40.534687 25.010470 8.547051 12.435182 17.985088 8.341377 24.008747 24.329613 11.423289 20.569922 24.382580 36.512364 33.441304 21.230691 12.946038 7.469765 4.265837 6.971485 7.948345 9.003438 14.610362 18.951915 15.274428 7.926296 4.017405 3.086000 4.169095 5.278036 3.018070 2.241934 6.170301 11.584914 10.505455 10.957559 10.072573 6.473132 3.507474 4.610305 4.270992 7.660356 8.678747 9.252769 5.151271 10.089166 7.998346 7.991524 11.492196 7.886867 2.963375 1.266964 2.792877 3.747881 3.549345 3.181157 6.376277
2.337564 1.016122 189.0739 0.000000 11.720581 6.215219 1.423702 5.079570 3.449971 7.161427 6.634718 3.734747 2.486809 2.015839 4.217827 6.634965 11.445723 10.839906 15.178936 18.557393 14.858513 9.393656 13.748420 15.423719 17.676794 8.442567 6.188391 21.198143 23.844945 18.621409 25.250670 60.560514 56.862688 12.465243 35.565431 45.398823 46.227339 23.029199 28.828471 34.389162 40.880412 91.165156 54.534171 26.825803 31.640362 45.464274 27.495792 22.962226 43.026383 36.540086 20.847031 11.549844 16.783780 10.287475 21.996489 21.425312 15.639445 16.592215 26.085841 34.760532 35.325182 21.026045 15.059526 8.558034 2.247622 9.086564 4.393282 8.904474 14.737623 17.770504 18.544093 10.156408 2.951373 5.247806 4.806800 4.183698 4.960852 4.286153 4.631285 9.147045 10.843814 13.224707 6.162099 11.688554 8.367545 2.876102 6.008260 4.586762 16.985276 3.466926 8.817930 10.000103 7.203679 11.647831 10.461643 8.877193 5.928760 1.996269 2.451161 3.744409 2.995014 3.223874 5.452615
2.388337 1.070741 198.7666 0.000000 6.778225 6.353140 2.194370 4.507395 4.970498 5.578506 9.738466 4.053177 3.611386 1.275344 4.397954 6.655748 8.240244 14.810802 11.935511 16.121668 15.710194 17.094128 8.835102 8.864708 17.486733 24.380506 14.393907 9.652470 19.586075 23.890642 20.499969 21.575073 49.945661 60.096404 29.549869 17.459694 33.961548 54.963710 46.713925 26.243340 39.510810 31.337110 49.785584 94.155129 38.745326 28.326890 34.694586 40.944821 36.460094 15.355520 45.420844 42.794864 23.599857 9.161681 13.911584 9.785815 17.286284 38.025082 13.368438 14.397665 21.662173 23.605795 37.168603 36.933141 19.301683 17.348409 7.542995 4.074765 10.813547 5.657356 6.739942 13.382736 17.063218 19.528172 15.786904 4.421853 4.346592 5.456447 4.315744 3.758135 5.483554 4.449576 4.338687 10.548452 10.472801 13.978044 8.070678 10.522637 7.738176 4.248554 4.379891 4.950843 11.846773 11.022916 9.290720 10.416569 8.828525 10.865023 11.584597 9.280265 8.336632 5.534412 2.200510
2.437751 0.942000 192.9895 0.000000 7.812024 6.953314 0.941201 4.717921 2.856110 5.725745 14.515105 7.523189 9.980278 7.390146 7.478104 9.479464 5.824273 11.170429 10.028161 8.353953 6.122984 11.516258 12.272012 14.424450 29.115166 15.759968 15.109233 26.034908 23.931379 9.476086 12.100831 31.542155 55.508634 43.081297 23.896466 38.372555 48.995315 38.913771 35.510516 42.113741 40.928235 65.974630 60.260444 33.724399 33.165684 41.797311 42.793029 30.191967 21.453942 27.095137 41.242324 29.711300 12.129787 10.636894 11.514991 23.132512 13.775874 18.076347 9.525878 10.510469 11.494095 11.350747 8.202177 3.564069 9.425529 6.704883 11.938967 8.225846 11.771732 17.929303 15.038896 12.025008 12.653402 2.828532 6.358919 4.254746 1.831792 2.112411 2.464507 10.874304 5.672244 7.939854 3.674699 11.138412 4.877464 10.886977 4.394348 3.373585 5.126563 4.230058 13.119773 10.553247 4.457335 4.857946 7.263745 8.645261 2.581144 5.322461 4.344314 4.478159 1.052673 1.921367 2.775695
2.481977 0.744635 190.3536 0.000000 5.754980 3.908528 1.363362 2.706543 1.256840 1.011125 9.074120 4.045027 5.173486 7.993494 5.491966 4.409736 4.143004 9.180627 6.571117 1.302521 6.068978 4.550324 3.541692 11.524521 38.835887 16.988989 14.861326 8.184344 19.304196 2.107394 9.377696 12.584574 33.282733 29.163173 24.444441 39.367041 45.532757 50.740492 34.545621 22.080478 21.436353 69.873730 50.692402 32.643453 40.024936 26.918821 16.535417 9.635832 33.704993 13.065616 8.005787 19.187300 10.246183 7.132463 7.544095 23.695276 11.822083 8.328746 13.902527 7.342676 2.959531 8.040685 8.579225 6.807729 2.997149 8.871464 4.382985 5.626451 5.033186 1.929202 7.045170 3.577741 7.080322 4.236358 6.453673 7.430735 3.952319 2.085111 4.440933 1.016247 8.094553 0.350703 1.724570 4.631511 10.178097 5.221772 6.118272 1.946472 2.103635 5.371507 5.229065 8.070418 9.414221 7.327041 4.058201 5.854471 10.441301 4.548937 5.609156 4.754699 3.317321 2.409362 1.352037
2.539055 0.551950 206.6970 0.000000 3.376644 2.121504 2.127047 2.865765 2.320880 3.571040 4.699659 0.868007 4.087097 8.551770 5.176103 3.182678 0.581534 8.319863 9.033238 1.871114 3.541493 7.566178 9.257819 17.180744 28.648580 10.574784 4.181215 15.596824 14.347078 3.037946 5.273687 5.157766 9.190009 6.387239 50.061809 22.228783 9.752718 25.068970 21.505070 12.624350 13.061864 22.598027 15.951232 11.981724 53.156193 28.560029 8.597787 13.995024 14.488824 15.691590 10.751337 13.251342 9.919223 9.509439 9.849962 17.537294 15.165418 8.448442 11.222924 11.814062 5.348422 5.937212 7.679678 5.558503 4.397236 5.996580 5.165870 4.797439 4.244291 4.857484 3.547655 6.549557 5.114812 3.930291 4.676398 4.390209 3.057183 2.132095 2.698752 3.343607 4.180649 4.265118 4.235720 3.086880 4.776974 4.085309 1.888929 3.628904 3.340467 3.626380 7.792018 5.300495 4.069679 4.997840 2.661429 3.280887 4.781042 4.259791 3.122708 2.524668 2.648237 2.828781 1.788153
2.587380 0.443331 203.3646 0.000000 2.269584 3.119975 1.380552 2.510416 3.032112 2.681537 2.119829 1.576424 6.102175 9.597825 3.309706 1.874428 5.563269 6.022723 3.803913 1.576105 1.176034 2.168770 7.338133 17.205482 20.088533 7.420281 14.457472 12.172694 4.422543 5.352849 4.914030 7.558976 6.474157 24.052054 30.307290 3.136382 9.291876 14.366804 8.058159 12.853724 16.371181 9.367978 10.008226 27.689675 39.223455 16.605381 9.999704 13.225103 14.637710 15.334062 10.689433 5.467404 3.988690 6.051367 11.543557 9.125790 6.908818 5.589595 4.787949 3.291120 2.911997 3.230396 4.115053 5.883339 6.027129 3.234930 1.752640 1.280182 1.627998 1.616236 6.738391 4.187366 6.481454 5.523018 2.897155 2.205364 2.539992 2.855873 3.521739 4.587620 4.575705 2.792040 1.399237 5.618004 2.915502 1.869353 2.540788 4.705909 4.408346 5.722041 3.321687 3.423674 1.099701 1.638792 5.422707 4.261477 4.338287 2.212030 1.795863 1.941982 2.540466 1.560838 0.629444
2.635527 0.435497 211.8465 0.000000 0.634089 1.762034 1.435497 1.693185 2.199995 2.679527 1.903525 3.475215 3.494877 9.801536 7.614158 4.201255 4.500289 5.012261 6.140333 6.857158 5.411016 5.591923 5.908841 9.708296 16.404539 12.600917 6.502244 1.569339 3.363588 2.936340 1.677688 5.644568 4.788017 7.367421 12.022195 30.466298 19.313239 13.806767 14.452493 14.127818 15.108912 4.780807 14.505902 10.613095 23.042026 35.018685 13.700952 10.552464 12.772328 12.613269 9.642789 8.352456 12.041458 16.476837 16.968528 18.071344 18.871111 14.519334 10.858093 10.755140 12.164166 12.165977 12.378705 8.356654 8.872382 8.297233 9.156812 8.786565 3.375080 3.959448 5.521609 4.074248 4.845085 3.316500 3.367316 5.161739 8.286947 6.394537 3.969582 3.712928 2.970716 2.988391 2.909121 4.852651 4.766562 5.185743 4.742240 4.306226 3.840490 3.939099 3.693673 2.833689 4.518622 4.235262 3.259126 2.289920 2.756139 2.270656 3.132968 4.499904 6.520101 4.534166 3.440055
2.682994 0.694654 250.8504 0.000000 5.614145 2.592713 2.062259 4.540399 4.154705 1.952563 1.115604 1.425254 3.747499 14.302046 10.172866 4.560257 2.483817 3.849687 3.905337 4.186038 5.405340 7.515616 5.628371 8.073604 6.711927 4.996448 5.820205 3.149059 4.295598 9.136171 10.774901 13.400536 12.990304 7.070428 15.118603 23.503183 11.261234 10.174152 6.342214 17.314771 22.964112 23.908254 31.221146 20.816810 27.252131 35.009341 24.791159 42.111652 44.017008 35.096371 13.398482 10.217184 35.995192 47.529817 35.082043 22.162671 15.450035 21.922685 11.136951 6.136788 12.737695 18.636021 10.994507 12.075351 13.688465 11.995846 12.468269 13.543054 17.363302 15.995769 14.375739 14.706374 9.092703 8.421593 14.021673 11.305024 5.279871 4.111110 4.022625 5.059296 7.982540 10.574491 12.387099 11.629492 8.652604 7.867168 5.693323 5.393537 11.007379 16.984805 16.317938 16.249254 11.854249 5.463208 3.672305 5.423955 9.747324 6.765195 4.143365 3.436881 4.485708 9.957516 11.810120
2.732024 0.720978 248.6416 0.000000 7.087466 5.073277 3.109257 1.437846 4.052854 2.830243 3.043591 3.881861 3.198335 12.279797 10.638167 3.641617 3.169899 2.636002 2.680634 1.776681 3.996956 6.386815 5.541206 5.166338 8.114481 6.936492 3.069980 1.363328 5.206103 6.014105 11.009370 15.034533 12.833740 8.412781 16.404099 16.628081 8.778155 10.050466 12.531686 22.395626 29.045044 23.709939 28.761773 31.012634 26.345686 21.725446 23.584422 35.012731 42.104926 35.594900 18.529271 27.055202 53.084828 49.462775 30.285893 16.567373 11.258077 14.034581 13.444829 9.437819 13.892210 16.227882 13.646556 8.884086 14.354077 12.269806 12.400207 15.833196 19.519360 14.213229 12.704994 11.106318 8.876547 8.078492 15.941323 10.742355 6.313409 9.861231 10.847913 10.498196 11.378703 9.157170 7.790703 7.318395 10.894416 8.244603 2.676830 9.423761 16.277515 18.114736 15.968616 14.703124 4.730438 5.754733 8.921335 8.854784 6.648480 4.839611 1.996245 4.626021 8.457828 10.410480 7.151419
2.782143 0.877582 200.3113 0.000000 3.713018 7.476861 4.071403 4.695347 5.111601 1.999260 6.298333 4.978278 12.013916 7.708288 12.501921 0.448833 6.434119 6.292056 4.286391 5.238170 10.269012 3.687972 10.775599 2.870556 6.675647 4.699046 8.037453 10.657849 17.518075 12.731578 15.140120 32.026007 10.974229 19.438859 19.832868 8.453327 9.199005 24.051130 6.135027 19.858316 55.359761 53.643641 20.836892 63.654123 11.271890 24.604781 31.650335 41.080140 48.819788 17.075494 29.675287 59.847282 48.839322 47.430526 11.151125 12.715722 9.961905 23.883085 2.995816 15.855475 14.691729 20.213753 17.472869 6.773280 19.966875 13.883819 14.199752 20.690313 19.561670 8.520293 14.573890 8.387633 10.933637 17.790525 14.041174 4.360377 4.475778 12.477408 13.269475 7.276955 13.959670 5.865239 9.885765 9.710858 7.989899 2.463259 12.088315 16.552269 17.936477 14.557697 16.241269 5.665376 3.474492 13.308357 7.053885 8.261410 9.325751 5.019803 7.264502 9.605307 12.312609 5.199669 4.179568
2.832020 0.921371 248.7198 0.000000 4.040365 7.195014 0.689981 4.588527 5.470793 3.687258 4.124717 2.142652 5.955212 5.612174 12.718985 4.428225 5.137146 3.994412 10.755182 6.466257 11.601718 7.613500 7.679988 2.970595 7.476004 6.132912 11.937679 8.766953 13.823196 13.404683 16.268212 24.401281 44.721130 52.170912 39.079668 12.352339 19.226354 32.328082 23.657559 38.517519 58.217659 39.262449 24.431756 46.025324 39.066368 34.983645 16.316582 35.690017 34.555654 21.121100 42.478293 40.738554 47.094957 45.798861 22.228179 14.832547 10.337570 13.305508 7.370677 7.956258 12.362557 11.636763 9.299268 9.464237 9.744030 9.259455 16.262651 22.637612 16.741722 13.582288 12.177329 5.630738 7.373893 17.040317 13.673464 7.419311 9.147465 14.192248 7.506716 9.064801 8.841052 10.430035 11.015744 8.982477 6.542398 7.717128 12.798051 17.248490 13.494692 13.638711 6.188288 3.005576 11.710205 10.743464 10.088543 8.681732 5.179427 6.514121 8.768845 12.494857 6.748189 3.408935 6.034092
2.882097 0.753430 144.3534 0.000000 4.941910 6.601029 1.601170 6.022118 2.754764 2.693359 2.571872 1.751268 3.187642 9.027308 8.875521 3.722898 2.714696 4.353214 7.947668 7.281634 9.003837 8.320189 7.114228 4.389544 1.720381 5.211110 15.346420 12.509371 11.374557 13.902689 20.120135 40.552962 57.214697 29.589422 33.316813 20.540544 23.227693 22.211254 27.816588 47.429741 52.260260 30.840093 18.156286 37.699825 33.266917 24.544304 24.408946 12.723846 16.369875 23.630942 31.759115 14.978595 13.052541 23.632210 14.131081 10.128631 15.208468 13.119141 8.491554 10.227368 13.939636 9.873654 8.836994 8.226963 8.230809 9.009227 8.672624 10.070735 7.636951 5.765703 6.981698 7.599845 8.062294 11.393903 11.619268 9.947072 8.226144 9.350620 9.137059 4.412787 8.518648 11.800149 6.749768 6.114519 4.288555 5.963759 5.911588 5.998340 6.285623 4.091129 6.760541 6.419283 9.961238 8.375519 6.822968 9.043320 5.735276 3.708694 5.538505 6.114292 4.573525 4.627683 5.856905
2.932464 0.711747 151.3332 0.000000 8.686235 5.557632 3.852544 4.865524 3.041920 1.979588 3.467874 2.858215 4.284177 8.256813 8.484437 5.109131 3.354381 3.195309 4.903600 7.295642 6.083346 6.930421 10.420925 8.860497 2.928560 3.096017 7.861008 11.658544 9.057786 11.362053 10.609327 18.007094 37.000097 57.411314 40.102330 28.332116 29.182482 22.924316 19.593758 19.338232 35.936367 49.355599 43.425042 28.675454 25.625193 36.167550 33.986271 28.523514 15.300481 10.867938 17.127074 24.108557 22.667110 19.685997 16.636546 13.859978 9.881409 8.213675 11.864022 8.137297 9.053370 4.941892 8.336955 8.438643 11.054792 11.392455 7.464639 8.367717 10.473149 8.380890 7.206215 5.749538 4.458733 9.462433 8.494036 4.145588 4.993183 9.659212 12.348913 3.958978 0.713857 7.188435 10.207592 3.014318 8.622452 8.351034 5.698412 7.373341 3.989104 5.741592 6.199362 6.262264 6.283555 5.035794 7.596760 7.696530 4.752919 7.322622 5.156590 7.584902 7.720210 5.883768 5.424652
2.982449 0.601736 147.9871 0.000000 6.045702 4.208854 1.392106 3.568885 6.230127 4.393677 4.986786 5.383589 4.301782 7.093775 5.749374 3.511389 1.658038 2.505573 2.460391 1.755381 2.636402 4.055360 4.877452 7.869277 6.288737 7.110914 7.839881 5.455939 6.406739 11.448549 12.300111 31.853581 53.455338 43.889955 30.706689 25.785651 17.664367 11.905449 11.739881 24.053205 39.273381 37.842102 38.470029 26.414803 10.146003 14.174602 20.931715 23.703069 16.914395 3.496081 8.397190 12.992359 8.946447 9.799313 6.708924 6.498613 6.873742 2.649270 6.291861 7.988440 5.881200 10.398476 4.460558 8.106200 3.639321 1.756047 5.351172 5.165579 8.355753 1.437870 5.355405 2.936278 5.681298 5.273995 4.071882 4.065936 5.978859 7.520602 6.911477 7.483811 8.102194 3.755167 7.403013 7.851613 7.115444 4.865911 3.915385 3.766124 5.848240 6.847347 4.880864 5.189978 6.036300 5.495145 4.101635 4.724222 6.018167 4.529573 4.128678 3.872643 2.156327 2.465082 3.526760
3.023088 0.554325 199.8998 0.000000 6.118760 4.042490 2.115778 1.554642 2.172622 1.200435 1.547647 1.168757 1.482341 2.911296 2.452509 2.605719 2.972455 1.710566 3.673492 3.024223 0.888421 1.626674 6.108042 2.806606 2.878274 1.659668 4.384134 2.375998 10.957559 6.117204 18.875335 22.038612 21.329495 25.487377 16.946816 16.928466 25.143815 16.681739 14.524085 31.011723 31.297226 24.663583 28.816351 35.944755 27.938328 5.077207 19.899719 14.492026 17.822396 17.272009 9.683629 9.620730 23.683513 24.657515 18.214222 19.158170 21.263478 17.341151 9.625104 5.355191 8.290171 10.484440 9.818365 9.996116 4.887955 6.818303 9.217465 5.629874 4.917325 1.045319 3.768794 3.927888 6.145531 5.205490 8.276700 4.334821 3.029140 7.248602 8.851084 8.075598 9.057574 10.272721 9.440637 7.703098 8.273663 13.513692 6.033843 6.131185 8.217361 9.607924 3.640722 7.139499 8.307982 6.461318 4.635963 4.745726 6.355675 5.442240 4.901157 5.562974 4.102495 2.705849 3.137840
3.077486 0.727292 163.5356 0.000000 5.119810 5.172253 2.090953 2.225801 2.472355 1.579256 1.861976 1.163590 2.058406 1.112430 3.527470 3.427814 2.609313 5.048278 2.350912 4.340005 6.736970 11.163341 10.046942 9.758306 7.562978 9.398510 9.655767 14.926448 18.223182 21.871834 27.123630 26.053221 26.933045 19.453397 14.356633 34.824091 45.791505 38.804499 31.012897 17.899051 31.730415 38.008632 37.513318 29.265800 17.382212 36.062371 39.046749 34.854498 18.456714 12.422960 16.637694 30.482010 29.403486 13.512372 19.761040 14.310943 23.798904 20.990133 21.782997 14.899747 24.505430 4.071597 2.246540 6.740786 8.087480 14.125324 6.202149 5.375997 2.570442 2.755057 5.071854 5.326964 6.648193 4.695046 3.374880 9.255073 11.749683 6.496667 7.452029 11.690239 11.211986 7.086595 10.530624 12.641151 7.658349 6.247502 7.684046 8.835126 7.259811 4.357545 4.612083 7.075864 5.021257 2.461137 2.397974 4.547076 3.265762 4.778461 1.765658 2.699653 1.722535 2.270052 4.223676
3.122002 0.991116 185.8486 0.000000 3.892419 5.209412 4.111524 2.583564 4.395045 5.371438 8.013889 7.445740 5.322380 4.284401 3.876460 4.918761 5.992512 4.454060 10.935329 8.951222 6.245051 9.193068 9.138209 11.955207 14.953753 10.677193 27.663314 12.492117 19.718650 49.080092 35.402078 22.068178 42.433982 43.747058 32.867968 30.779754 20.624950 55.001774 73.728473 54.676966 74.728619 42.586054 27.015954 37.725955 41.841916 20.339809 8.005667 23.028850 31.390731 25.016782 15.369393 20.773795 27.365074 26.287575 18.480475 21.303361 21.472874 22.892231 23.948346 17.932877 14.953796 21.509795 12.549736 9.228046 3.516038 4.157232 5.854959 10.107255 11.251520 12.426695 9.548159 11.278473 9.190299 10.641219 11.035731 11.927302 7.732656 12.405996 11.939774 9.445610 12.855214 11.326477 15.568502 14.359358 9.639672 5.040591 7.714847 5.268263 3.376635 1.142670 4.981901 7.336309 7.787999 8.345832 8.559435 8.863693 2.529371 4.529740 2.313864 3.565750 8.056583 4.410253 7.952802
3.177552 1.021315 180.3346 0.000000 7.417981 7.234452 4.280080 2.848399 3.817721 5.577417 8.376511 6.029102 5.562079 4.141515 4.666621 4.166756 4.860675 5.323753 6.120967 8.730648 9.277978 4.737032 13.555274 11.302939 20.145651 19.289710 30.137703 29.201164 16.490039 37.646038 36.322462 40.847282 55.961689 42.810290 48.523538 37.790132 7.348430 32.717254 26.983219 90.398719 58.074717 55.816024 43.855205 23.738919 41.826779 34.710094 17.371693 7.629424 25.134304 29.375699 28.921821 29.897350 31.241276 17.220708 28.077345 23.754985 22.479571 23.807503 22.111810 17.905579 22.704429 19.558616 16.520748 16.485626 8.639468 7.992163 7.501125 6.150606 9.067529 13.582278 11.789522 13.224216 7.190441 19.652936 9.655283 13.801283 10.566280 9.089217 5.220793 13.424932 11.889407 9.073557 13.564772 11.707598 16.515368 13.450836 6.317853 3.910920 5.575525 6.615423 5.320068 2.831146 6.314431 9.409792 7.680213 7.548843 9.509207 8.161421 2.368990 2.973619 5.575321 3.233442 5.864003
3.232321 1.019345 173.6333 0.000000 6.658298 7.266233 4.121198 2.100122 3.300399 5.833801 7.635270 6.647965 4.613122 3.849203 1.914125 4.221283 2.139435 6.261980 11.616635 8.570000 4.270393 10.626133 10.642892 27.150448 34.416019 25.131922 31.262520 22.657921 35.248049 28.063063 54.764874 67.661327 31.590056 39.159554 29.118428 9.707263 27.945992 50.740685 77.466853 55.102286 48.219498 36.699976 35.120439 36.192638 26.391807 5.905235 16.983874 31.028733 12.373599 13.951764 35.910711 41.517508 33.651461 18.135318 19.781741 23.972249 21.292795 16.687814 26.288316 14.692962 19.232073 14.293877 9.106137 4.529862 6.868552 7.733077 10.069270 12.868436 12.232201 6.656676 9.444540 15.810141 8.672083 3.945753 9.039115 2.976341 9.572909 12.077873 13.271110 7.829071 10.515756 14.936345 14.368823 5.765435 1.728383 6.116335 6.721123 4.506996 3.069424 8.650127 8.765826 7.484213 8.872944 10.124782 5.475996 3.430670 5.877003 4.880570 3.630372 6.865117 8.039479 3.821028 4.173140
3.282058 0.889171 180.0384 0.000000 3.115664 8.276669 4.675150 3.848694 4.851737 5.640874 7.129984 4.300004 4.068308 3.817433 3.514649 3.138387 3.568593 1.959200 3.924340 5.378947 6.251300 4.667383 8.875714 21.762783 39.856218 29.435618 17.719556 24.496074 28.685452 28.944599 10.030156 44.133660 65.996973 24.256951 14.045283 6.685438 40.746658 26.091323 22.797421 77.362062 59.720427 44.133516 21.856513 5.102987 6.660750 13.173527 20.658615 14.848012 20.547581 12.485486 8.651284 27.810019 37.451574 32.950795 24.336430 12.371155 8.190198 18.493987 25.919220 19.848130 28.597711 22.683735 14.659201 6.970397 5.114957 3.752116 6.174204 7.431112 9.509541 13.688253 12.344865 8.119388 3.323964 12.892995 12.321181 8.339806 4.019867 5.749068 5.451197 4.621146 8.109377 6.828713 7.514266 13.189755 14.608087 11.145537 6.891038 3.890040 4.857941 6.316590 5.037356 4.225664 5.851064 8.345244 8.620249 8.395789 11.310893 8.151608 5.075488 6.845629 8.416297 4.073136 7.053752
3.334470 0.799633 184.7660 0.000000 3.679083 7.341252 3.917811 2.835204 3.652236 5.023988 3.863261 8.173018 6.719545 3.644458 3.875863 9.175945 7.187013 9.372317 8.925486 6.024212 9.498408 15.090756 11.550916 9.910025 26.980692 44.962114 22.161192 14.535253 12.305982 13.925984 8.609748 24.607644 44.716621 48.964190 9.557072 19.749232 8.804374 37.810194 17.139865 14.598566 57.775958 43.237576 36.099370 30.796423 33.021869 37.474084 37.956903 19.589396 19.657670 26.045179 16.160123 13.140515 16.572933 29.128190 41.281152 25.221006 9.937894 15.467928 11.857963 11.954810 10.537840 13.895136 12.978044 7.712411 9.589285 7.991917 3.987140 3.233311 6.113598 6.534007 4.586572 7.099546 6.156836 9.767183 10.926797 2.497158 7.716497 8.083531 4.705588 6.163495 5.928768 5.273921 8.606024 8.524834 9.053586 9.898433 10.206360 11.528317 5.856339 5.911792 8.627541 11.854917 8.014248 6.690755 2.649377 1.516412 3.108730 3.747911 4.689210 3.737433 2.177448 3.487935 5.953210
3.382461 0.757878 194.4418 0.000000 5.529364 5.847372 2.462273 4.260382 6.304944 3.402071 5.265857 5.384671 8.137476 1.403383 9.987946 7.264228 8.131121 14.160270 13.766885 10.584963 7.616015 13.701280 18.973220 30.500961 31.625109 27.469682 9.718356 11.478461 12.250937 16.532882 15.400132 25.743414 21.294333 33.884089 33.543458 8.776165 15.800548 32.958124 35.337613 30.730355 39.478607 42.968748 40.869407 27.253809 41.377222 33.545836 36.112743 24.487140 19.844046 24.308796 16.147541 26.883212 33.342291 23.038287 14.833168 12.581864 20.237213 15.828923 10.639465 3.645138 8.228669 12.621409 10.163105 6.651921 7.054702 4.012082 6.996412 7.089818 8.906715 10.286079 5.734362 3.859601 4.298647 5.812512 9.054168 11.631478 8.053893 2.081538 2.686004 4.445411 4.741385 7.275549 8.594638 10.101646 11.091355 8.624796 10.076618 9.399644 6.623979 6.657092 8.365995 9.836472 7.195598 5.017167 3.924056 4.173608 2.296726 2.745200 5.176256 4.204808 1.830562 1.103140 1.157036
3.431987 0.691562 198.9040 0.000000 3.661458 3.152468 1.229835 0.945989 5.858103 3.354692 3.123143 5.294534 7.250347 5.084829 4.908039 8.205263 8.783150 11.119316 12.682733 6.143134 6.328298 9.023781 14.651615 22.160867 20.325246 28.202364 26.151154 5.332035 12.525392 5.323721 11.440004 7.021029 8.309336 7.935609 31.033954 41.085721 19.654650 9.755579 20.473036 26.627183 31.738980 33.043622 34.832009 48.908993 33.548555 28.130383 42.243046 30.574837 38.501290 23.679954 20.051721 22.887185 4.505229 10.902686 20.836789 16.625033 5.851270 9.960652 15.226689 17.849814 15.364352 8.575737 9.023999 11.155783 8.739173 7.819681 6.772023 4.411169 4.826203 6.772704 2.863321 5.766470 8.076158 9.426006 3.762996 4.531149 8.942393 3.281254 11.486595 10.546162 5.020287 2.680689 2.935375 2.470041 4.634832 5.874871 6.414803 9.181445 10.546449 8.834186 9.112014 10.226910 6.714251 6.606232 7.662694 9.337555 9.118734 6.453289 3.076778 5.545390 3.077529 1.972275 2.808491
3.482044 0.681253 194.7858 0.000000 3.415906 0.714580 2.848431 1.923067 5.413852 3.626763 6.105213 6.799155 7.899012 6.129368 7.143016 6.060828 4.937495 15.270991 8.869442 6.710007 5.973699 9.266470 11.505729 14.795501 22.305542 22.546879 13.825716 9.942473 10.503134 6.054915 7.438551 16.942888 16.210393 19.903828 39.611667 30.401699 4.910588 13.573304 20.799897 28.845788 40.880859 24.605340 49.937279 37.545146 25.348555 44.495383 29.594491 39.119673 26.877944 17.961097 16.881161 10.662329 12.328132 18.189159 17.535458 4.710019 10.640373 14.710895 17.567788 16.500977 6.389623 10.707764 11.112116 7.497395 7.031946 7.305583 3.308448 5.169737 6.011120 5.840440 6.660087 7.979559 7.240616 4.299978 6.755293 7.418643 6.046763 10.241749 8.173060 4.594984 3.222588 3.283445 3.895187 5.248128 4.553865 7.197348 11.233022 10.774644 9.315602 11.392767 8.106387 6.921188 5.521523 7.500059 9.498172 7.003103 4.295290 6.681109 1.963233 2.383238 2.630732 3.618140 1.125670
3.524956 0.724082 257.0713 0.000000 10.026075 8.430352 9.213796 6.832219 3.966131 4.710330 3.142846 3.974261 3.698875 2.432103 1.184020 2.368668 7.882556 12.987385 12.891497 11.705791 15.012722 13.421281 7.503430 6.620851 12.582022 18.617343 10.890803 3.622392 5.499674 4.930788 5.007933 16.882697 18.637107 21.080299 22.729736 26.119154 27.340694 24.682184 13.705264 5.141349 13.199059 20.943488 19.454804 14.126699 13.240484 19.022304 15.257099 14.623798 19.906590 25.181969 30.586893 35.422679 33.935935 43.702683 55.719468 39.171017 28.764962 24.555943 15.042607 5.363925 5.368227 13.720522 25.125942 31.834625 26.424425 21.509425 17.696230 11.614149 4.868285 6.729748 7.452148 7.263094 3.705953 9.467148 4.951593 5.942901 8.787319 6.514138 5.290480 2.399836 2.335003 8.243544 14.355239 16.886626 17.693695 15.736841 10.355523 8.330564 10.300956 7.925598 3.402277 7.156132 7.926767 8.698297 12.999718 12.287288 10.906776 7.878534 8.843608 9.943662 6.157081 5.488857 4.690880
3.576975 0.778577 249.8972 0.000000 9.753755 8.566541 6.912958 10.580909 8.503455 5.291520 4.114393 3.681858 3.236153 3.089744 2.690442 2.743770 9.950830 9.206918 9.911366 6.027894 6.800303 4.792482 3.963637 5.024089 6.045575 5.616796 5.540458 3.698864 2.329158 6.902541 16.257866 11.769001 2.594875 5.062798 11.496350 14.973173 15.636342 14.570165 15.755282 24.871811 29.972226 24.288842 17.678112 17.629339 24.502091 23.119391 23.155897 39.365582 39.403413 18.131121 24.083175 37.351923 55.211563 69.703440 52.152420 31.798465 9.816296 0.951579 10.397176 23.636960 25.709251 28.057649 18.535185 14.361450 14.237824 9.269753 4.237540 2.101267 3.096761 2.716130 8.063372 7.458072 3.831346 2.416010 8.075764 11.217345 9.248846 9.968241 11.156558 11.032661 10.771445 15.475903 16.825267 14.972388 14.935614 14.668983 8.508003 3.260419 3.979225 6.411939 10.150322 14.562757 13.424343 11.414555 11.472697 8.380280 5.620254 4.103434 2.575126 2.539897 2.670450 4.408896 4.129426
3.622037 0.869615 252.4727 0.000000 0.483552 15.060352 8.498144 9.785242 12.352995 8.100762 6.483837 7.120006 2.471537 4.408916 4.365806 9.187331 11.546767 3.623078 3.382940 7.923993 7.039191 6.218759 7.846105 5.686009 2.360008 10.004441 3.530604 5.166293 7.375338 11.760094 18.477214 10.109905 8.326224 13.394297 12.630952 17.099584 21.483395 11.694291 17.294658 28.123434 41.190206 18.329041 28.099724 23.947572 24.983035 30.825932 41.251347 40.366994 30.467556 27.580060 26.983923 50.215683 60.736550 70.247083 41.006562 23.768622 18.099473 16.685120 20.886652 29.110282 25.507029 24.571873 15.189797 14.582738 10.474996 3.498631 5.636869 10.349422 9.125571 10.212571 8.175998 6.069839 8.740289 7.399029 11.612922 10.866923 7.494622 13.555485 13.204120 11.063703 15.497251 16.447787 15.123578 15.399686 15.211351 11.146505 4.553520 5.312011 6.579961 10.362005 13.913031 12.961467 13.000812 10.544164 9.571743 5.498948 5.513997 3.270936 3.508486 1.617755 4.701559 4.687238 4.152395
3.677550 0.972778 246.4552 0.000000 6.397840 11.681084 7.316891 9.700962 11.339461 8.585217 7.941267 7.604183 2.292342 5.021238 4.838062 5.080808 5.582348 7.178931 8.011163 7.269370 7.712892 5.653975 6.632633 2.311932 3.070587 8.423598 12.781627 15.658242 13.222100 7.859165 12.652572 22.239969 35.283911 34.299201 33.426337 34.392882 26.795320 14.451382 34.007221 32.330031 23.201885 47.594757 31.423481 31.128365 45.706636 43.580330 52.261796 23.492771 20.492009 34.688205 52.003440 56.915073 72.401784 30.413453 25.728155 19.162329 20.050710 21.857043 28.637038 19.942688 25.144746 14.967281 21.577529 6.976447 10.065078 15.904493 16.089101 3.765329 8.719520 6.753827 3.153040 5.557018 5.410246 14.731062 8.008987 8.193066 17.246024 9.899341 15.291054 16.482204 13.923913 15.994459 15.752115 9.949069 4.017043 4.466260 4.780608 11.873136 14.858036 11.250210 12.120065 12.674557 7.071372 7.324326 9.440929 3.633503 3.234906 6.303689 5.084045 1.949351 7.345629 10.490915 7.877134
3.722417 0.883109 145.6266 0.000000 12.969007 3.194526 9.079887 2.540297 7.267737 8.087464 6.774881 7.729839 3.499601 4.654881 4.389137 5.365893 5.186115 6.754341 6.299481 7.316051 7.131880 5.012709 4.109926 3.817920 4.948323 7.972456 9.996161 13.119228 16.323127 25.223743 33.245301 50.884488 66.111916 31.082014 23.970566 38.706755 42.674829 28.728258 28.972085 23.022446 45.275310 53.068614 20.787110 42.216408 48.214360 29.910890 30.742105 17.190142 14.077670 22.284474 26.586251 39.836997 21.403058 14.666062 19.698810 21.115636 18.710015 18.780807 8.685382 2.485123 10.919310 5.750482 16.747259 5.962149 18.911171 12.842778 9.593986 3.345119 5.295746 8.815515 8.107747 9.191544 16.957971 8.393889 7.642440 13.720411 10.539293 3.696880 5.131282 6.559245 5.702650 5.233244 5.069381 4.543996 7.773408 6.946261 15.232948 9.816895 9.300968 6.086546 5.711237 10.965267 13.157309 3.039124 5.588091 5.690980 7.958024 2.472645 3.276642 7.949085 5.198225 2.271416 4.511158
3.779256 0.778954 148.8337 0.000000 13.150164 3.397325 6.460388 3.206336 5.553738 6.209296 7.589191 7.396947 4.513827 4.783186 3.440893 4.068320 7.500846 6.169003 8.091877 6.937952 9.579864 4.881171 5.939055 4.146578 4.104589 0.959711 6.250696 17.257482 19.253794 27.140136 18.524668 30.759462 59.263559 57.256348 29.626129 27.473133 36.548475 29.903554 30.108447 7.539240 22.255117 44.871452 36.233157 23.189793 39.031710 39.746066 32.104621 18.259495 8.095195 9.966361 11.574084 13.838729 16.834258 18.874689 17.535215 18.880840 16.763239 11.840565 14.129113 8.687664 6.031287 7.419094 6.671882 9.688945 12.761644 15.401157 12.096020 9.610301 6.781331 3.505374 3.667606 5.960522 3.998351 12.258447 7.571257 7.223123 7.610728 11.303368 4.209473 3.473360 6.298290 2.806298 4.643752 2.074409 7.139587 5.144324 7.007413 5.231573 11.955541 4.872667 7.307195 4.032205 3.309462 8.793436 13.035251 0.437759 6.837867 10.303378 4.233751 1.066106 3.591756 7.497040 4.306370
3.827439 0.719595 147.3374 0.000000 8.800378 3.801474 4.131938 3.049604 2.434292 2.340477 2.883774 2.685444 3.637998 3.414125 5.278148 5.569750 3.644202 7.141829 2.305319 6.561242 6.704965 4.233991 2.338723 4.999838 5.990405 3.665822 12.775421 17.184212 20.472381 25.648180 17.590097 41.062665 67.291417 44.966680 22.783173 30.694083 29.017560 31.344361 25.173863 22.510908 46.189158 39.383565 14.471033 30.942398 23.848166 17.225854 11.771778 13.071613 10.882475 24.056244 17.991323 14.385109 14.028071 7.482158 18.379042 12.715200 3.319677 17.348801 7.774552 10.360768 8.397933 7.973539 11.916329 11.587287 7.612248 6.802978 3.127811 7.046211 7.082406 3.064563 6.005071 8.211268 8.538136 10.250246 7.367019 2.130016 2.474045 5.786207 5.972215 7.034880 3.379297 4.856476 3.265497 5.308094 4.984718 6.867314 5.416282 10.357297 5.870165 3.818912 5.791248 3.454165 7.399094 8.741962 5.283118 7.457458 8.769766 5.142065 2.494248 2.962174 8.355037 3.626354 3.329122
3.878526 0.583516 151.3491 0.000000 1.752820 1.523411 3.033545 2.830233 1.247146 0.600886 3.429262 3.762254 1.990603 1.660294 3.603227 4.831360 3.383872 7.484077 2.625942 2.261252 3.088311 7.588332 4.586553 3.619603 8.370516 5.017190 1.871026 12.572543 11.241600 29.667681 28.313060 14.270459 34.779576 45.541155 33.360625 32.431956 19.557484 7.953500 24.498101 35.534715 12.646275 24.925461 22.155340 13.619481 26.110259 16.524204 19.345158 13.354048 15.090891 7.380812 13.707489 14.972464 15.234005 16.476196 10.931871 15.582091 15.960839 6.395519 13.336546 12.704029 9.247414 8.454648 6.048108 4.872287 6.656847 4.248515 1.944656 5.364891 5.369213 3.578128 3.417074 2.267192 3.898039 7.083422 8.458865 8.781998 5.487786 3.892092 3.026127 5.451316 6.633421 7.175663 4.647930 3.597444 4.699695 6.175845 5.421012 5.584619 6.255460 5.564422 7.212971 6.439251 6.498398 4.457798 3.099139 2.993829 4.529913 7.318169 6.268699 4.759305 3.695863 2.135887 5.818557
3.925434 0.362564 189.3106 0.000000 1.875880 1.425355 0.789486 1.049380 0.197000 0.354609 1.145541 1.158066 3.324094 1.337518 3.086478 3.545652 2.511316 2.654166 2.460563 1.462323 4.138480 4.494098 1.809059 1.514686 3.550754 5.659891 5.414791 9.632013 9.849082 11.535702 11.202784 11.173386 15.257550 9.110655 8.560022 4.150575 6.395898 10.779396 19.328372 18.624665 21.794897 20.332820 14.614854 11.388957 14.409312 13.782925 9.605016 15.021198 11.703637 13.271311 8.944039 10.573106 17.279359 13.612100 14.023947 12.494033 14.753014 14.519437 8.947970 10.645818 6.146304 6.201615 4.320640 5.945032 5.778935 4.894061 2.859969 1.986130 5.333627 4.899034 2.943627 1.414996 2.938735 4.544430 4.789519 4.879792 5.363268 4.113400 2.329136 2.127593 4.333682 6.008571 4.904093 4.574906 4.002755 3.260285 4.059442 4.906686 5.086820 4.049239 2.550175 2.171253 2.006656 0.951279 2.263621 3.101920 0.865843 3.478834 0.774960 1.463747 1.555706 2.910845 2.017732
3.976892 0.711394 250.6151 0.000000 8.964237 8.634095 7.914722 5.727857 5.040626 3.394412 2.832888 2.667797 0.870250 1.585992 3.406032 7.481700 5.998360 8.763088 12.235125 13.046270 8.224751 7.603580 6.995264 3.906882 6.386357 6.192115 7.687784 22.462691 18.059806 21.509885 36.879110 19.291579 29.020107 35.128976 22.502855 19.252671 25.820036 17.644988 19.100839 36.753451 4.466626 33.506797 36.811504 16.047602 23.190532 32.428670 21.365138 4.377863 10.189197 21.553964 35.958639 33.538220 19.900220 38.642352 27.692174 2.859578 18.689035 9.954533 18.441421 18.593155 17.045181 24.858396 27.691011 17.512191 18.235675 16.174033 8.570950 1.759532 7.002385 3.405578 8.101223 8.985003 8.633573 8.278712 10.010679 10.468705 8.315156 7.525329 7.430590 14.278673 13.486084 5.458696 11.375910 10.323586 5.274464 6.240355 8.155422 0.943726 7.214062 6.704799 4.832543 4.293988 4.840454 1.434987 2.854216 5.792010 4.866887 6.500051 9.666667 6.767694 6.616885 7.397477 6.733938
4.022312 0.848878 207.5579 0.000000 9.829489 5.878355 2.030999 7.250550 8.068563 3.748742 2.482634 4.594949 4.437037 3.603619 2.686067 4.168511 9.756423 14.956333 10.580271 9.654853 11.222987 6.967823 5.440161 5.056887 7.584605 13.361456 9.370190 12.534589 19.657289 26.665426 31.686976 16.746140 32.466198 47.932348 41.969217 26.332700 15.759030 15.766233 21.473898 32.969308 20.126871 13.779174 26.283877 44.206389 51.868356 39.690552 20.943878 27.283205 42.343281 44.266560 33.069515 35.660481 38.485774 19.278230 12.408292 20.427527 15.188026 12.096972 17.944722 13.203882 13.240366 19.621620 22.264970 30.992759 32.435237 23.869439 14.380793 8.768235 5.547736 5.687195 11.172479 14.373131 10.625844 11.088145 15.651426 12.552074 5.171073 4.599697 7.465218 5.117023 5.832706 10.380159 9.176633 9.153833 11.365254 11.812907 7.511575 4.579799 1.176332 4.098263 3.557030 5.478649 6.098146 4.991464 4.838016 6.074342 2.326094 6.160132 10.065445 13.212178 9.991909 5.576587 3.067889
4.077450 0.982439 196.4341 0.000000 8.182533 8.253934 1.568815 7.714174 4.117431 7.244208 3.069459 4.965791 6.672526 2.617697 9.028769 10.178487 9.556525 13.109320 10.093245 11.054370 6.591534 7.408318 3.441697 6.942299 13.137916 12.759167 9.483628 17.104121 30.106838 32.046967 20.917970 32.304929 60.621412 44.401915 28.492744 28.600635 33.527672 36.382234 33.775818 26.149921 39.277086 32.711539 81.227070 45.328432 36.617563 8.022368 49.782557 41.451766 33.324309 35.701632 39.264722 37.357843 2.706311 9.326293 26.964328 13.695015 22.157188 10.465016 7.685487 23.203939 18.188229 30.913146 31.883317 27.997970 13.539326 8.715518 5.301856 6.458438 10.687464 13.623480 9.949958 12.397962 15.554857 11.532329 2.855734 4.351383 8.110661 5.930064 8.933096 9.443464 9.834202 9.129241 13.771308 8.300989 7.760022 4.935161 4.162766 5.793290 3.583732 7.938726 2.804115 5.911008 4.874796 2.023519 6.782883 7.765178 14.526685 11.592711 3.134227 5.902366 3.045774 2.323167 2.527525
4.122390 1.041469 194.4469 0.000000 4.351076 4.456723 2.400189 7.587320 6.944544 8.319017 5.892899 6.478224 7.813261 5.350632 7.013188 11.642999 9.739992 11.983630 13.248481 11.081408 8.456478 6.886817 3.099151 6.729802 23.331002 19.222093 7.826802 20.944730 33.701303 26.624817 26.680348 43.657450 72.528790 27.673797 32.421895 25.966284 34.592734 47.519705 29.646448 47.601782 47.438592 41.219505 81.870714 30.908195 36.313630 26.288199 45.600084 34.549555 37.488605 41.958800 36.061829 20.293641 4.649317 22.663809 18.109003 15.839522 16.117388 4.835775 18.861649 14.591405 28.183032 33.721893 32.018425 16.349117 9.718771 6.490802 5.700528 6.156004 17.711477 11.214811 9.249718 13.078887 16.341329 4.250936 3.553498 5.998432 7.772911 6.466979 12.012719 7.672153 9.025803 12.038271 11.383936 7.356712 6.901435 2.968530 2.118328 5.825144 8.529029 3.572562 5.864474 4.144874 2.715697 7.185060 8.655434 14.757842 9.907876 4.640356 7.797771 3.817306 1.238617 1.176395 2.661412
4.179926 0.880066 199.3673 0.000000 8.113213 6.218879 7.131547 5.988287 5.949943 10.489424 2.495519 10.276212 9.615755 11.019974 7.188790 12.617942 1.166260 6.750295 8.907769 2.798186 8.341713 6.666041 5.923095 8.212688 15.201644 36.147392 6.812954 11.564564 19.863463 24.120364 11.278913 11.978985 42.609113 51.494636 30.922955 23.496015 22.635806 42.418546 29.120929 28.177086 59.350887 30.727073 47.421652 72.355634 20.763355 30.933710 29.050568 31.645779 26.330190 27.167560 28.757385 19.005748 29.719253 28.409762 20.282829 18.195150 14.273176 14.876773 18.546121 18.963010 15.814349 12.504028 11.894790 13.578908 7.951698 3.285677 3.509079 3.971336 5.894166 7.895501 9.981713 4.191311 4.111844 8.366357 11.352991 5.014169 3.180069 4.495782 6.521537 10.065611 9.405226 5.875051 6.508263 9.733052 6.616823 3.820360 6.393961 3.848891 2.237953 6.107129 10.244429 6.156839 5.014509 5.791241 5.984521 4.105964 2.293729 4.566790 6.728682 8.085118 6.031235 1.851142 1.780106
4.227420 0.724239 199.4004 0.000000 6.178356 5.671719 1.992050 3.994828 1.744271 8.196218 6.096529 3.479160 3.015779 10.629244 10.078782 8.098058 5.169378 8.467182 5.626971 4.088560 10.590487 8.069733 1.152666 5.972865 18.198783 35.248905 20.560154 16.452947 15.959972 13.402447 9.569191 17.758568 27.423675 30.760021 26.097787 44.809018 38.647588 34.247801 18.935799 38.301278 50.058276 47.492558 32.429306 47.385703 22.028328 30.541557 22.541027 18.422562 15.454152 13.730131 21.862554 16.640193 6.450720 17.303329 18.049642 7.563870 9.477398 3.369280 5.779279 8.168632 10.175141 9.811662 7.142322 4.975659 4.388998 7.321577 5.499727 4.879293 4.346546 5.471433 6.765686 4.170711 3.911720 5.040069 5.429787 2.422184 3.037931 2.413429 4.253013 7.516049 8.435250 5.964441 5.299586 5.410467 5.445925 6.181986 6.651799 3.318318 2.227683 4.727133 7.737631 5.613566 4.732026 4.702606 4.127364 4.390368 4.939025 3.051110 2.741507 5.314199 5.052451 2.555336 0.872551
4.277496 0.529136 165.8729 0.000000 3.449873 3.834809 2.751398 1.161201 3.029013 4.773481 4.406179 4.146484 3.305616 7.026495 11.867438 9.662517 3.566423 4.847773 5.929536 2.821768 3.146180 4.072012 4.310655 5.468448 9.753998 23.787540 22.295202 10.917085 6.386076 26.159886 16.139923 16.805727 7.273664 11.110448 13.545080 20.417219 54.041017 14.595592 12.842858 14.734214 25.394474 20.559207 27.901698 19.853162 22.486955 13.782113 13.411721 26.168225 19.687048 5.741995 10.228465 19.244207 19.116720 15.653333 8.989193 6.067166 11.522030 6.380752 10.616856 5.165032 5.625848 3.375426 7.485722 6.850877 4.356204 3.485049 5.752857 5.329230 6.896501 6.480374 3.526061 4.793998 5.592409 5.722578 2.384236 5.240973 5.118899 3.614044 3.599721 3.079046 2.563846 2.179570 3.955632 6.503969 4.651254 3.470132 5.280098 4.164525 3.451963 3.728107 3.135990 3.745530 4.701420 8.131884 7.212081 2.702133 4.534223 3.298791 6.065333 3.069638 3.450490 2.434367 1.765684
4.322403 0.411951 163.6146 0.000000 0.712423 1.581565 1.862252 0.723698 2.141758 1.450876 0.881058 2.915675 4.657848 8.100158 12.085177 5.849324 3.262989 5.141157 5.404850 6.208006 4.490089 1.836527 4.277860 5.451820 17.005643 18.711004 7.522241 5.685229 14.386637 14.003516 6.098805 4.490740 8.138663 9.375976 8.668696 26.653283 35.336676 10.962794 13.874846 15.509303 6.242684 8.627136 6.193474 8.484501 20.854850 16.257740 24.633237 19.339557 2.220966 8.689039 13.148361 7.916325 11.006804 15.259601 4.616460 9.244546 5.838463 11.619710 4.453701 6.652638 5.203510 3.138261 3.368541 1.880647 1.897434 2.683017 5.380428 6.553348 8.074371 2.965138 4.295313 4.164908 2.212815 4.356033 6.153275 3.916132 2.301214 4.028651 3.104450 1.484057 2.006530 3.496840 4.494094 4.313850 4.703563 5.566080 4.034981 1.311894 2.724969 4.100954 3.715010 4.735562 3.635636 4.733227 4.647829 4.041085 4.715759 4.310517 3.954212 3.378390 3.077881 3.466249 5.471762
4.372279 0.537591 164.0548 0.000000 0.803275 1.202231 1.677387 1.278700 2.885456 1.758171 2.755035 2.760723 3.241044 9.984406 11.796901 5.553688 4.416657 4.864767 4.600972 3.790989 3.726600 4.353903 5.028331 3.037410 10.567716 15.639923 12.084905 7.851183 6.265084 6.458310 7.162255 12.439351 9.375667 6.911997 8.990644 15.315518 44.447507 34.054787 20.331763 19.903827 21.046810 11.545578 14.451867 19.248848 3.899422 4.823920 10.393525 30.898549 24.089238 19.530317 18.729290 15.788633 23.417954 26.319348 12.645075 8.208815 4.714143 5.970211 6.003310 5.834485 8.745636 14.041492 17.855008 16.944455 12.588630 10.682778 10.691555 6.078487 3.963384 5.767092 5.485148 5.932087 8.236222 6.680309 3.047219 2.354883 2.315937 3.428548 5.112937 3.589498 4.544817 5.106184 5.212322 4.004872 2.730895 1.735944 1.695987 6.123418 5.868529 3.715846 10.069343 11.659691 10.282635 11.111335 10.756074 9.564935 12.650004 12.706650 9.357553 7.121758 5.135027 4.032206 7.259339
4.422428 0.686422 229.3536 0.000000 1.483643 2.154091 2.043827 1.626700 3.339390 1.454213 3.242847 3.691730 2.670568 9.316316 13.763775 7.169033 3.857800 4.496718 6.336924 2.619398 2.094673 2.242372 5.706153 5.256419 8.412498 2.171345 5.888113 9.145173 4.409681 10.326127 6.687453 9.515621 12.089628 21.686361 18.745709 28.189986 22.234424 16.641828 20.516048 19.875652 9.889879 13.340095 17.053074 20.049519 29.962778 28.245465 30.639784 34.707415 40.898495 38.653030 21.436818 12.682873 30.278153 38.258029 33.447118 25.339245 16.600961 10.668992 19.363881 26.803832 22.966263 11.788247 5.579131 4.457026 10.090672 11.511751 5.880296 7.399227 13.381226 12.946904 11.197629 13.800150 11.223791 7.734558 8.700394 8.644024 6.859113 9.643093 12.216129 10.834234 10.240610 14.162109 13.050705 9.062222 9.872697 13.566609 11.578507 8.135551 8.961141 12.919588 15.853552 13.311115 10.279219 13.485274 17.135450 14.157911 8.484335 7.171950 6.965415 3.752084 3.925402 7.401055 6.844624
4.471981 0.742390 249.7807 0.000000 2.720279 2.226306 4.271776 3.054132 2.071597 5.083289 5.527384 5.144152 5.590604 3.706623 13.824718 3.530984 6.490264 4.857024 8.027867 2.844048 4.396957 5.369554 3.946544 8.560496 2.601438 6.860043 1.418083 6.974912 6.632826 13.846564 5.163136 7.905176 14.137354 14.360334 18.830361 19.091392 17.072168 21.575185 9.605646 37.372728 21.405204 24.085569 8.029541 26.457765 22.364564 27.309854 27.826760 39.502793 35.923268 42.761059 23.173777 13.628806 28.960756 47.164777 29.238456 27.340602 17.051749 10.401420 15.229135 28.687992 23.445409 21.448212 8.501967 12.503896 10.627379 13.252237 15.355070 17.821091 14.222431 16.542482 19.703912 15.033564 16.701723 12.209924 11.455593 6.565325 14.709394 14.025684 10.618287 18.194183 18.385487 14.513637 11.415086 11.835250 8.660767 15.291613 10.134403 9.796426 7.212661 14.092116 13.881499 15.485023 9.601958 12.755614 16.178424 15.662826 10.419839 5.891708 5.719624 6.461283 4.513989 7.242002 5.768820
4.522379 0.864825 219.3482 0.000000 1.037347 3.402908 3.466539 3.809304 4.126222 0.778528 1.069565 6.509451 4.940190 4.633973 13.917446 4.103661 5.466669 4.744811 6.547810 4.074239 2.265735 3.461521 5.708970 5.590684 8.304960 10.545144 4.406146 4.540807 10.889772 5.092691 3.208176 4.471795 17.161434 38.587446 23.434767 20.428415 41.668874 32.517472 20.198040 25.455771 24.973017 49.951713 33.568195 34.221264 23.378149 36.508649 35.493029 48.835315 27.064651 41.670056 31.917502 26.056464 39.465375 43.274071 32.400936 27.053415 16.638235 12.584667 14.508206 29.128070 19.811045 15.355334 9.258887 13.800878 11.101538 10.584418 14.319853 16.154039 13.032766 16.536230 18.734289 15.716757 15.368701 12.204817 9.098819 6.439771 13.215297 14.729262 15.274462 20.071446 18.961601 12.206868 12.505658 8.874570 10.860749 14.002432 10.377622 8.701920 11.476047 15.511905 14.616784 13.902959 11.657867 13.766429 15.777190 14.755811 10.303907 4.637899 6.541159 7.400523 7.369384 8.451142 5.286880
4.571867 0.802217 189.4364 0.000000 3.309754 0.658151 2.931692 2.530032 4.383032 0.766613 1.040050 5.276563 1.585597 3.957232 12.661139 2.076978 2.784940 3.953545 1.673473 1.872114 3.668961 1.749029 5.412619 9.181255 8.111044 8.495810 3.607079 3.601712 9.349561 3.605723 2.571045 7.287114 20.954465 46.464072 43.487645 29.075872 20.349558 19.281896 19.533846 18.791101 18.861130 54.895638 43.180858 28.929610 29.168272 44.060029 17.610141 32.432442 8.901295 26.643591 27.859710 15.493341 40.459281 28.595898 26.718787 30.605778 16.587014 10.279914 9.635697 20.563567 14.063609 15.898479 13.806864 5.858849 10.081087 5.720644 12.326710 15.918226 15.949353 19.888517 19.765618 12.525071 14.146415 9.872103 8.626738 6.787059 14.771147 14.192821 8.034727 19.042221 22.666684 11.795895 12.464544 9.059852 10.375504 11.535077 6.025540 7.910701 9.180609 9.716164 9.166863 5.848480 3.835267 5.717376 9.906233 12.289338 9.341566 4.454773 8.180628 9.969926 8.792068 9.735468 4.780923
4.622434 0.666351 194.1962 0.000000 2.428487 0.334468 2.697749 3.177841 2.598056 1.454100 0.381338 3.159179 5.047273 2.405194 8.610068 4.737647 3.253645 4.070839 3.115800 1.478494 1.300725 4.125473 3.511203 6.224178 9.283221 7.294811 5.383052 5.132297 3.320034 4.665656 7.863641 7.082777 12.009885 36.825216 51.270645 36.196009 26.659037 21.745527 18.660201 16.479581 19.014090 23.919349 57.714168 39.518706 22.279811 11.190238 27.685632 31.227565 16.833068 21.072774 3.874972 17.145813 18.744086 27.425264 13.616301 9.173195 10.043480 7.209363 15.510999 9.022695 8.674082 5.235906 9.097892 9.847881 10.065753 5.986834 8.445461 10.177844 10.348205 9.536898 7.719678 10.800379 14.988040 13.477467 9.075836 8.537594 12.536577 7.763808 7.192613 6.958458 8.969754 14.766460 13.623141 7.098934 4.805664 5.312364 7.784901 8.868420 7.177302 7.231164 6.310701 10.583465 4.854418 4.483101 2.373092 2.191781 3.519183 7.551473 3.240420 1.561779 5.652381 6.753802 3.145031
4.671988 0.621115 157.2202 0.000000 4.432827 3.129218 3.288709 2.965100 4.649968 5.432579 5.286842 4.091570 2.720593 4.193988 7.390136 5.541588 2.577100 3.234874 2.410316 2.280827 3.313000 2.305336 7.458644 7.722026 7.686257 4.646267 3.524777 4.142561 4.109052 2.941323 9.073470 4.428272 8.893924 17.002580 44.445164 50.384876 36.250716 21.184874 18.342867 15.841324 16.591196 27.987792 31.609076 41.277424 29.132394 22.080620 5.083440 16.032251 35.036451 22.198093 29.099926 6.835340 11.117406 15.291853 24.992745 20.340260 17.513272 15.535432 12.590597 15.216028 15.283834 13.195248 9.906931 5.330674 4.840312 5.513918 6.418674 6.209440 5.760719 5.421051 4.736811 4.178662 4.534642 2.114702 3.656329 6.501152 1.743011 6.684598 5.510820 8.380636 3.803191 0.711665 3.801220 7.682194 7.038391 5.553000 3.697252 0.825536 2.658609 6.172115 8.377115 5.577094 5.046144 7.331112 4.435115 5.701059 5.133771 0.881353 4.015972 6.586207 5.610953 3.056099 3.964988
4.717483 0.558783 189.0407 0.000000 1.478723 0.205959 2.344769 0.887363 0.365353 0.748485 1.622672 1.015491 1.101847 3.490451 3.277253 3.866832 2.052821 3.759917 1.657444 1.180259 3.842792 4.283319 3.585688 1.516532 2.407786 5.163882 4.875276 3.868062 7.071385 8.021739 6.929198 6.216162 21.190154 37.462867 27.060472 18.942742 22.077285 23.258131 18.900562 15.444302 28.788791 37.259073 16.033814 27.518109 30.745838 19.820008 8.859558 29.193045 23.822298 23.062682 8.343723 13.150624 22.185104 19.990906 17.555191 7.855299 15.443138 11.924600 12.355223 2.298538 2.531952 6.462506 7.812565 5.446390 4.849563 4.227094 1.867369 0.728113 3.466460 6.019659 4.158526 3.308026 6.337272 8.898975 5.431945 8.251165 5.258575 5.845778 8.659234 8.312367 5.487003 5.306221 6.267175 4.920403 5.546286 6.421346 3.790971 4.818546 10.214974 7.945754 5.296386 8.438047 3.386837 2.234325 3.290778 5.084316 3.905588 8.585651 1.953449 2.244066 6.314701 7.699684 4.612049
4.762123 0.672435 193.7725 0.000000 2.599607 1.968959 1.678512 2.096071 2.801661 3.430529 3.999551 4.098615 3.531418 2.405344 2.208810 4.011427 3.516795 2.393474 3.534971 2.080279 2.212887 2.031707 1.634535 4.407788 2.200821 4.339544 6.658155 4.362004 4.912422 13.303093 11.994471 20.251381 23.855317 24.564250 28.943172 11.929179 18.044506 42.239984 36.136918 26.504503 24.964703 30.096500 40.546524 23.569424 47.989600 32.215419 13.576797 26.425607 24.579982 32.439273 19.754401 2.839205 11.316371 9.929984 24.774011 29.214502 15.806014 8.215805 11.953934 19.241237 14.821699 9.377181 7.487692 9.446586 10.644880 6.405018 7.317615 5.316410 1.359143 1.442094 4.868367 6.334800 4.716386 2.916063 10.111592 9.392173 6.269938 13.241864 10.680509 7.038162 6.525399 9.357255 6.456569 5.236091 6.502729 5.749202 6.110481 7.547908 5.181005 3.865509 9.209301 9.988408 3.703875 9.869776 5.572626 0.559309 2.576469 5.715596 7.531162 8.069092 4.276143 3.609302 7.945940
4.817585 0.910462 164.4865 0.000000 11.570514 5.126105 1.751603 5.165050 3.929359 5.829911 5.326432 1.278156 5.673506 2.014797 2.852149 2.506069 5.658865 2.985018 2.694884 9.515265 16.443565 12.387003 4.139343 9.333922 18.868602 16.477209 10.132046 11.186466 20.001655 9.959905 15.940231 39.568701 34.369631 13.688547 35.301329 52.897071 58.142921 21.431670 29.857782 26.289839 57.925624 38.923117 53.365046 21.322837 24.900794 33.980543 23.930343 40.822083 16.550615 22.149945 18.517020 16.167248 33.888293 41.881561 26.050691 26.702912 24.017070 33.650472 27.229722 25.521507 20.915653 16.159827 20.702109 19.483779 15.978980 9.162005 4.448821 3.868241 6.069148 4.534431 6.329592 9.537079 6.603897 9.585323 13.519060 12.861702 11.524410 8.094387 6.782137 6.000033 5.322821 8.647998 6.909238 6.525900 6.315166 7.901044 14.265389 13.056115 8.791715 10.313608 8.445439 4.471209 2.822386 7.781525 8.716196 5.497549 5.912011 10.344807 7.552138 5.998030 8.909686 8.673064 5.550649
4.862373 1.032958 185.3927 0.000000 10.688214 3.919665 2.473034 2.909812 3.776454 4.931199 6.035326 5.887976 1.339925 1.912337 3.162869 2.903662 3.396560 5.971688 8.300219 11.822787 12.278494 2.270989 6.738055 17.531059 9.294052 16.797841 28.659989 38.988716 32.882562 32.055016 35.801099 33.763180 54.736653 74.022269 56.746135 34.817379 41.701845 35.657170 31.411788 34.439489 85.665495 41.957479 26.559982 17.447693 23.532254 38.384416 25.387730 20.582266 15.554593 26.250847 41.283699 27.135028 27.772523 18.130520 26.221124 42.430746 12.987716 30.430264 21.765767 18.148875 18.933159 17.336799 5.285027 5.758660 2.429075 5.178301 3.617534 8.771849 13.424360 7.899147 9.681042 12.470766 11.123840 14.640673 4.702590 6.080534 6.220588 14.478266 6.921105 2.987912 7.587895 6.523589 11.809181 14.456750 12.735262 13.561076 10.427969 5.693059 3.001259 11.493234 8.480111 8.341415 4.099964 14.546122 5.590960 7.654784 9.248421 6.532700 2.493406 8.939823 6.260635 3.263788 4.716683
4.917519 1.026711 159.5551 0.000000 10.573069 4.524684 2.814273 2.270076 5.250363 5.715660 5.738225 6.250387 2.243563 2.190341 2.465671 2.650104 2.053372 4.504296 8.842448 7.764204 11.994811 10.470337 3.520108 13.191392 7.728357 27.300628 33.710056 26.308296 27.279617 40.973954 28.733109 41.729347 25.223624 48.605138 66.263776 75.264151 44.332721 24.867723 37.936332 34.369554 28.716527 49.261007 71.033527 35.521808 28.498400 18.557760 24.559598 30.994611 26.071979 18.163538 18.249747 24.424870 41.896505 34.308518 19.023323 31.169882 20.399169 35.757975 31.840618 18.555676 29.174098 18.033579 19.234954 19.236255 13.088278 8.754587 3.458557 5.078506 11.809605 12.160778 12.607041 9.855557 4.922399 8.565552 11.976596 13.017696 13.245384 11.430044 6.858584 6.033464 8.959900 5.398797 2.865615 4.313974 5.605899 6.164761 8.196164 13.088050 13.937942 11.402991 10.194053 8.298563 8.009382 8.386492 5.943454 7.177130 7.865169 7.973914 8.596293 6.939268 7.371561 5.572731 4.192706
4.971870 0.932705 154.5498 0.000000 11.102370 6.279481 3.377925 1.757914 7.909982 2.452137 4.981431 2.839933 4.288103 1.289412 3.837472 1.726532 2.980348 1.623399 13.705848 6.577137 7.173462 5.349406 11.064043 8.851414 19.694704 41.729981 27.370941 29.604851 24.491472 36.438425 35.367677 25.030772 22.367389 49.813605 75.337551 40.945056 21.132147 25.991580 18.687301 23.381094 17.609840 36.738328 71.111437 44.453078 19.558445 10.978857 16.580095 21.266736 20.921981 22.333743 18.738482 26.763221 33.870373 29.627517 25.355764 36.736028 21.299659 32.119587 23.901036 14.539976 28.097328 25.053097 18.148694 16.551404 12.153148 6.869530 2.364955 4.338750 9.096827 10.604876 14.603736 9.396655 6.430265 8.476930 8.536325 9.536621 7.851330 10.900648 9.400628 6.635523 8.608998 4.883267 3.148173 5.094955 6.084626 4.755209 4.828600 10.343285 14.566682 13.159005 8.407886 3.767203 7.929833 7.583681 4.900575 6.641845 4.132169 5.891241 10.153040 8.534763 5.338724 2.653037 5.083655
5.017555 0.877137 192.0476 0.000000 2.885373 2.492534 3.087083 3.931690 5.005208 6.188278 5.054224 6.270104 7.517965 4.208233 6.637828 3.799684 1.703325 4.653225 12.120852 7.688492 9.535280 14.753471 16.403032 16.121935 27.446493 34.849762 34.110694 33.996611 30.945814 26.256283 12.552481 11.386917 21.472704 42.922595 47.555720 35.071765 25.523542 19.968691 32.602905 40.056727 51.242627 66.438645 25.842150 23.195907 35.271873 36.826655 38.809383 31.045598 31.105199 27.886737 19.085830 23.600235 16.707472 18.865791 21.880675 10.917131 17.308608 15.750732 11.541342 18.464297 16.556955 8.841526 11.806258 8.526009 6.712797 3.639633 5.685685 10.306209 10.055184 15.034064 12.095318 2.020796 5.951318 8.444145 7.562124 4.861459 7.106965 12.557518 8.990511 7.281490 10.598860 10.660201 7.285309 4.822792 1.879682 4.861033 10.554859 11.537274 9.078378 6.315657 8.309224 5.127208 5.448371 9.787541 7.976071 3.097005 3.778758 5.321885 3.633232 2.876003 3.504360 9.363120 6.087108
5.062368 0.761382 111.9202 0.000000 5.232461 3.379596 2.137679 3.537656 3.244984 2.365827 3.001583 2.702447 2.952104 4.646179 6.864883 3.297751 4.769415 4.160960 12.891649 10.869422 5.776175 4.738580 16.017970 27.655571 19.265948 41.227660 18.828923 8.634578 14.087328 12.172394 10.702408 9.757172 15.119930 19.835172 32.280956 37.858008 25.827314 14.797386 25.339720 36.921629 31.729683 31.392489 41.851112 42.786332 31.705778 30.805853 34.833183 37.323743 28.651380 27.828741 31.844686 19.792378 12.803835 23.198781 26.098270 22.110923 17.080639 8.931589 13.883374 15.904185 10.856482 9.041095 10.288173 8.555706 13.879541 9.310816 3.274813 6.514940 12.168420 4.723587 6.578802 8.374837 8.255691 13.278827 7.190955 4.254222 5.643720 9.387340 9.170519 8.908279 8.187009 8.253975 7.969752 10.622117 5.195459 5.838450 3.589824 2.880020 5.332173 8.387149 6.465139 7.828050 7.431724 8.917750 4.665396 5.257345 5.051933 2.435243 1.962947 3.402274 4.777881 4.373402 1.702837
5.119998 0.705205 214.2989 0.000000 5.160883 1.733957 1.662656 1.337892 5.530339 3.351906 4.577843 1.620540 4.307218 4.722216 4.457464 6.679447 4.331358 8.344128 13.859803 10.889465 8.476111 8.643499 27.272731 25.568344 12.741615 37.666329 18.118391 7.771192 3.038947 6.784087 10.622602 16.604282 4.966923 8.372987 26.332618 29.017581 14.852076 24.559029 38.683882 26.711258 40.403672 42.234156 38.427889 37.570484 25.175872 38.744554 41.482082 21.806866 35.747858 25.973088 17.307849 7.729715 6.982503 8.508447 6.359670 7.440968 10.408005 13.717011 11.087906 7.322138 7.967337 9.698146 11.514069 13.033453 6.946275 3.748416 8.592070 7.189742 4.013598 3.707798 1.761796 2.813053 5.186428 4.951046 3.960600 5.060215 6.657717 6.634052 7.789570 6.999439 9.038928 9.081378 7.058164 6.216606 4.468880 4.178268 4.884594 5.701023 7.677533 7.119117 7.397664 9.042781 5.789755 4.370144 5.260838 2.544015 1.760854 3.658406 4.894153 3.970317 2.088226 2.925673 2.886420
5.167862 0.689461 212.7753 0.000000 5.892702 2.619497 2.683855 2.118013 5.465779 2.245432 6.445934 1.476993 2.962389 4.378042 3.202108 6.199668 6.249246 10.614234 14.074034 11.139207 10.719027 12.882460 22.528907 15.818074 20.281587 25.939340 16.801539 3.378828 3.938279 7.164351 13.347206 12.621314 5.223332 14.333580 26.337188 23.990563 17.404838 33.995077 30.464416 28.275205 43.587766 36.453734 35.681955 33.581263 30.895616 43.906980 30.663781 30.445562 33.335269 20.379458 9.896784 6.278070 10.088360 6.859728 6.843251 7.915890 12.755777 14.420028 7.464839 4.421104 6.134356 11.616798 13.192245 10.110055 4.280530 8.013225 8.777277 3.800425 3.398083 3.785775 2.633202 3.763248 4.882489 4.221558 5.403734 6.749740 2.907695 8.857579 5.056426 7.852984 10.537413 8.121569 7.221483 5.861659 1.808492 4.190650 4.540943 7.290967 9.034196 7.861292 7.224394 7.096033 4.741731 5.499981 4.336554 2.807561 3.942904 2.770995 3.789626 4.892163 4.486630 3.017568 3.849620
5.217621 0.739106 252.4261 0.000000 9.634946 6.743699 6.974679 4.677045 7.389794 10.078646 1.948186 8.048945 5.938015 6.588121 6.327647 8.460493 4.719102 9.084984 13.132860 3.644839 7.840756 14.602143 13.311077 8.458050 14.090177 24.901566 22.974131 11.835911 11.303264 15.530768 15.050488 9.906965 16.169450 20.422522 24.334036 26.862201 21.152519 17.281803 24.189941 14.139243 12.881173 25.096564 14.764758 17.643360 17.887047 19.593732 15.842509 27.163737 18.073193 19.020725 35.308248 42.851198 44.790835 48.364057 40.513518 37.785383 25.721923 10.687544 6.598181 6.123080 13.051449 20.802805 25.956133 24.608769 15.947283 10.543281 11.462988 10.089192 4.664320 3.327712 4.301642 2.411420 1.594940 3.301890 4.185511 5.227411 8.378628 9.368945 10.801719 12.143518 10.464249 11.988520 14.908322 14.498553 12.605295 11.461984 8.482288 6.363168 7.346618 6.909799 7.214782 8.957323 8.563349 6.600367 6.122456 3.548107 4.242375 4.993466 4.427348 7.312257 9.206384 7.741196 6.504680
5.263866 0.756824 257.8169 0.000000 7.167194 7.013648 6.669221 6.801303 8.704408 9.024360 4.387296 10.304576 5.563894 4.569879 4.890227 6.483831 3.610322 11.022052 9.914488 3.878927 2.467447 5.632797 7.537678 7.746326 4.599637 11.380516 8.440525 6.631741 5.487629 13.831132 8.608277 10.940564 22.630720 8.186116 12.423075 18.096133 7.986753 11.489478 16.902065 22.023897 32.767957 30.907947 15.897391 15.113273 26.006054 22.062068 9.215926 16.769393 34.137966 40.486690 33.541672 31.698893 35.391174 43.173712 55.147270 47.779975 25.654768 13.281901 14.153834 17.604914 15.691969 18.236883 21.949574 20.572015 16.148955 11.426010 7.479400 3.998089 3.628043 7.440861 9.917778 8.945268 5.138964 5.358403 8.723158 3.927383 8.780550 17.844095 10.870831 10.537893 17.952796 13.434166 8.581194 14.183078 11.768838 3.721706 10.480332 13.021139 9.871336 7.748627 12.194102 7.118210 4.888405 0.931931 5.650867 7.716727 3.848326 8.697431 10.878791 7.601669 7.489915 9.871390 7.813682
5.317495 0.824679 258.2747 0.000000 4.719590 9.517349 4.259726 8.659839 7.908351 8.004125 6.508340 7.530810 6.631033 4.171633 6.108183 3.745148 8.460192 5.917293 6.444379 3.653750 5.711792 3.458688 4.000476 6.751030 5.149352 8.371590 2.561780 4.518061 7.766205 11.127539 8.021823 13.775297 17.766657 13.148972 11.129446 19.046578 21.679411 24.534008 25.183695 23.411029 24.613265 34.743038 35.153399 26.342567 26.077695 20.714148 27.745367 27.113749 33.911587 39.206386 38.867571 30.491180 34.799632 42.538019 52.369425 51.998435 27.106891 17.597408 18.228861 20.197226 18.269735 21.446770 20.295392 22.752060 19.510302 13.472567 13.840501 9.768645 6.781834 11.349420 11.786731 8.820203 9.374800 7.921799 10.641664 9.628711 16.523438 14.273036 14.870023 6.361040 21.070724 11.659448 14.237207 9.271330 13.513828 5.462898 9.478012 11.787906 10.618376 8.752178 9.948973 9.713407 5.418391 2.463129 7.249457 5.851209 4.561174 9.165370 8.917620 10.095300 5.862562 12.007385 4.732668
5.368964 0.915168 252.7963 0.000000 3.851552 7.914412 5.858744 8.504521 8.075107 7.808075 6.262155 7.507301 6.305437 4.879574 3.863406 4.997051 7.264667 4.394163 3.661366 5.067378 4.359209 1.903116 4.050067 8.525869 9.346768 7.175973 3.055849 6.322878 10.209515 13.112981 16.697665 24.542153 29.353529 23.511838 41.508787 52.268324 26.745791 5.847912 16.723702 33.743917 31.923824 41.179150 29.461842 35.347371 17.106758 41.633526 31.504716 36.200975 41.678552 29.586224 32.885131 38.002685 39.575495 56.820775 50.737759 20.773776 21.226134 15.272968 20.124251 14.598710 22.947160 19.040900 27.527477 14.416058 12.342804 16.190519 6.895202 6.679691 16.150298 7.397425 5.296521 12.012652 6.398726 10.823292 10.540219 17.781668 14.538688 12.939709 12.448198 18.822469 6.739677 10.984277 13.155220 9.127515 7.345165 10.990083 11.564240 11.010977 9.157612 9.118557 5.213723 4.698463 9.349806 8.472748 3.472959 12.748360 7.472778 7.265319 12.438489 8.763980 5.300125 2.375397 1.273097
5.418366 0.802674 159.5589 0.000000 3.839845 1.277668 2.683631 0.510430 0.931895 1.399718 0.345735 2.346547 2.024022 2.425974 2.101603 4.456923 8.541777 2.363975 8.536509 8.250214 9.894694 6.222769 6.672228 6.596785 10.069221 7.752192 6.197014 3.773225 12.891656 15.542475 5.978454 17.252297 17.651441 32.652114 59.837766 63.818471 38.850749 29.712568 18.820033 35.364561 47.294526 9.531001 25.243412 40.319273 35.592559 8.805602 37.035162 38.891250 7.759864 18.266283 6.290078 11.079385 13.821015 22.639966 13.490398 27.242523 25.389975 14.955619 22.308641 14.571332 12.094105 15.605517 4.469101 6.749477 13.033012 10.263861 10.029443 13.497135 9.383955 9.996023 16.898305 8.994994 11.600006 11.948685 4.274279 9.247265 12.552864 11.971297 6.566786 8.083131 14.849692 14.701868 11.065286 6.969947 6.971614 7.832842 7.631001 4.250256 3.371314 5.374771 5.640002 8.256878 6.734632 4.977686 8.521141 8.909972 5.246284 4.895343 6.641288 6.955828 6.510517 5.506208 5.904159
5.468962 0.734322 164.9565 0.000000 4.744988 1.264954 2.347168 0.884671 1.098694 1.525998 0.728773 0.667200 0.896052 1.167188 2.752033 5.536550 7.673223 5.042742 8.199397 7.344912 5.519553 7.402424 7.680328 7.264047 7.457636 9.100092 7.022872 2.035414 8.554114 18.508106 18.731912 9.982791 8.813165 21.158674 36.989167 59.932225 64.319193 39.337346 29.720749 18.459214 41.356941 31.185502 24.771605 4.058617 27.679321 41.390175 26.870997 24.955871 37.431835 25.889657 21.738088 9.070701 7.607014 9.484126 12.528089 18.021464 15.761248 15.228763 12.626910 9.599113 14.638634 13.086531 10.191674 12.312476 5.531896 6.307324 12.886405 9.392915 9.603657 11.433991 12.969116 9.357592 7.571304 3.087402 6.871212 12.661719 9.885053 11.340260 3.956089 6.547636 11.951080 10.290398 9.583274 10.991659 11.766735 6.524161 7.330010 6.149362 8.244708 6.134825 3.855968 4.793030 5.516613 5.473846 7.091785 4.836413 3.154663 7.124185 7.990971 5.047440 3.988738 6.735401 8.215735
5.517460 0.679908 157.6654 0.000000 2.308717 1.671102 2.008757 2.023373 2.994519 5.631818 3.599007 2.895115 4.149520 4.296642 3.429751 9.153999 8.098355 5.693302 7.989993 6.100143 5.070668 7.927986 5.585534 8.838073 9.707407 7.478761 4.401006 4.818054 10.568158 20.368604 12.401016 8.856710 14.772760 28.641489 52.333066 60.551135 41.540880 18.632980 11.133092 30.198768 44.066671 39.624385 38.461515 34.850749 22.926035 7.952461 11.855349 20.663296 19.990821 16.652571 19.736645 18.196019 10.452854 12.200294 13.927081 14.769649 7.706572 14.499884 9.168517 12.820334 15.611229 6.044702 7.862050 2.825771 3.958283 10.292519 5.729568 7.421637 6.256418 8.819030 6.766629 5.134416 5.504144 2.623262 9.622049 6.887751 6.082075 4.526659 3.412763 6.784448 6.554641 3.907883 2.531898 4.992105 3.276006 2.636906 6.059829 6.821989 3.711074 2.737460 6.387821 5.122252 6.013847 6.986600 2.673601 3.225320 6.217281 7.342450 4.502129 4.139223 6.320500 8.168889 6.807625
5.562386 0.554150 149.5143 0.000000 2.094303 1.782810 3.442797 1.662400 1.503817 3.799274 1.335865 1.459982 3.217643 3.397806 3.681389 5.538272 3.589555 5.168024 7.115335 9.249275 9.865772 7.414643 6.203127 5.841288 4.466908 5.716038 6.318208 4.143006 7.467982 13.501530 25.255353 14.526583 27.870269 37.645243 23.602166 27.561145 26.107243 29.503088 28.550044 8.861400 28.176424 30.947686 34.206658 27.608747 27.070604 5.474356 12.612067 23.122567 18.151361 15.957935 9.967365 10.148943 6.702737 10.472012 12.121545 16.439804 10.258339 9.255823 14.099611 10.001149 10.272093 10.131170 6.482719 6.618623 2.602388 5.242403 9.818072 6.353735 7.159224 5.329992 6.504731 4.614018 2.766285 6.326116 6.370516 7.176260 4.596133 9.019186 6.950994 1.793911 5.071691 5.398307 4.292691 3.409519 3.506312 1.909585 3.456336 5.757112 4.762711 4.719543 2.195011 3.604879 6.672962 6.187128 5.770672 4.982343 3.744830 3.202172 2.507382 2.857190 2.724128 2.788422 3.480274
5.614408 0.356028 194.4140 0.000000 3.090145 3.738757 0.955154 2.052192 2.370809 1.651697 3.034868 1.121615 3.512579 2.017364 2.359739 3.099564 3.637174 2.731120 2.227209 5.036907 5.877381 2.313545 0.802293 1.772578 2.438136 4.069422 3.427321 7.424062 8.551667 9.607326 13.578751 11.236917 15.544834 15.617692 5.390746 6.351911 6.193005 8.292320 13.470989 14.314560 17.598150 17.691103 30.011882 19.190455 17.223387 9.419078 11.369451 15.209398 11.934218 10.176881 11.073188 7.670972 6.805516 11.173478 10.935725 12.396870 8.043665 10.732228 11.221580 10.577115 9.814338 8.610108 6.707902 3.383967 3.552494 7.586789 9.544294 5.732407 6.070252 5.344629 5.092467 5.353535 3.562821 4.380179 4.443372 2.912738 3.504426 2.728312 2.408548 3.723227 4.794170 4.844430 3.189749 2.187051 2.257278 2.188562 1.439318 2.672749 2.922850 3.833944 3.230196 1.063397 0.940347 1.861993 1.305991 1.055243 2.346474 0.640370 0.715258 1.248108 1.169818 1.028907 3.553394
5.662355 0.736304 143.5404 0.000000 4.031582 4.584399 2.359297 3.341018 6.578889 6.172045 3.264047 1.707665 5.221842 9.075290 7.595885 5.723012 7.395981 3.429661 5.166361 7.056910 13.097336 10.787936 7.974843 4.346558 2.587221 4.347822 6.999860 11.190631 8.890630 10.486582 16.539465 37.174066 46.925447 41.269701 47.383761 40.957475 25.842646 15.884906 16.856635 18.530469 26.604153 21.148593 21.214296 23.665464 17.611264 27.434335 35.038403 27.452474 20.526954 25.453636 31.808268 33.617683 21.476053 15.287677 14.759451 12.574798 13.520217 5.626450 11.500406 17.215445 10.919551 11.870663 15.129329 12.747674 23.461826 24.551591 13.932262 13.782290 9.983720 4.417434 8.362365 8.544762 8.784459 10.526774 8.534133 3.949071 6.470045 6.566783 5.925105 0.833720 6.642376 1.629519 5.058899 3.895639 5.561871 8.163226 10.272130 5.764412 3.375176 1.017814 6.220367 9.523830 12.204707 11.185310 12.366805 10.875360 8.167666 4.368966 3.774787 4.775299 8.766537 7.143894 5.161259
5.712346 0.861063 154.4874 0.000000 6.574104 5.498599 4.229574 5.659694 6.519805 2.400289 1.241806 1.237927 4.120631 6.483064 9.107262 8.380698 8.708404 3.764471 7.218343 8.437319 11.300346 10.257448 9.104982 4.352397 3.236607 1.705387 9.160905 12.964265 8.607367 9.032303 26.060074 38.791688 39.035367 34.467827 70.653262 55.474769 28.996387 20.931043 13.261478 20.986170 42.192501 29.192076 11.821370 13.561818 35.728799 59.708636 52.487989 25.598482 10.588861 22.627307 29.810681 28.818681 24.362398 19.958319 21.756485 16.909533 15.108431 15.065483 9.522778 6.645185 16.620192 14.917763 11.004327 16.346527 15.561848 19.039900 21.806901 21.251115 13.922030 5.180335 4.218790 5.352546 7.543268 9.585005 10.470696 9.187968 7.559116 5.111934 4.110588 4.178676 3.803362 4.888480 4.099455 4.841470 8.234014 10.434756 9.345661 7.197685 3.966701 3.155420 4.556138 6.233118 9.984042 11.505412 14.663100 15.221558 8.450464 4.669030 4.558171 2.351330 5.397633 11.198109 10.933231
5.763827 1.002306 209.7549 0.000000 8.501198 3.363222 10.801823 1.304590 6.896380 5.152452 2.475858 3.664780 4.005281 7.219033 6.328859 10.157223 10.228451 3.863957 7.778276 11.419237 13.550662 10.607298 10.712739 6.533386 2.322241 10.352604 18.518825 20.722878 9.653576 9.909893 28.214715 43.578077 22.702222 38.096973 55.715473 75.929309 21.276331 27.745411 28.892155 42.683070 58.637788 17.292405 39.970249 35.476359 28.749792 85.217566 67.701730 12.752137 18.178985 19.543078 30.219831 34.143844 18.759439 26.188216 18.997339 22.490087 12.483608 15.585621 11.435632 6.354805 17.564893 19.948298 12.224151 12.914700 19.205621 16.890605 22.637899 22.604334 14.695713 5.456731 6.679475 6.047801 8.412617 8.362457 10.517837 9.384853 8.943986 4.134450 4.829989 4.250587 5.120639 5.591489 3.455415 8.110624 10.758495 11.137374 8.948798 9.086837 4.214466 7.454078 7.585092 8.823361 10.826272 10.201971 15.470444 14.210324 11.082106 3.698119 3.456162 3.758908 5.616489 10.416475 12.618131
5.814484 1.048638 157.9821 0.000000 7.573460 3.033351 9.529672 2.854961 7.445734 4.025833 1.412415 2.198989 5.694491 3.300199 11.161543 14.087512 6.683285 6.780894 10.052415 5.160104 8.961398 12.094547 10.295940 16.757900 16.707889 23.058036 25.644202 18.285037 16.696238 21.467818 33.111449 33.653153 25.299544 39.763417 74.565132 48.838967 9.508417 28.725197 36.627067 56.501026 42.597670 23.083409 28.553184 28.529927 67.567161 85.825001 43.969062 12.971458 11.684845 23.198721 43.906959 27.920825 20.688858 15.096382 22.564437 17.419958 11.969722 15.992313 7.398705 14.988567 23.414987 17.243823 9.950322 14.816038 12.621940 23.458236 25.524334 19.623053 3.731777 7.906702 7.188856 12.219383 4.608511 10.861936 11.667439 7.964416 5.574045 4.749257 3.331788 6.557304 7.324433 3.381226 9.905651 11.677066 9.425747 6.972701 8.540658 3.679895 8.451703 7.036198 9.300509 10.789339 12.412524 16.697559 14.628110 10.303646 3.458599 2.057045 4.498588 9.321633 12.512934 10.710647 4.128275
5.862001 0.860538 216.3322 0.000000 3.964929 4.767774 6.047575 3.524523 3.700835 4.545958 3.346298 0.800761 1.946122 7.945145 11.072710 9.300453 7.209230 6.580099 8.679449 6.040187 2.570541 5.724590 9.426529 5.897275 17.951960 27.430031 28.426496 15.557059 23.515320 18.849771 20.404287 25.717159 22.536052 29.236621 30.535459 43.605392 46.615032 20.086496 27.287244 37.276696 57.518054 36.859712 29.275243 34.863516 37.021307 65.495522 85.026942 31.708644 11.162229 26.106865 8.618709 16.225731 17.454040 11.109708 13.511233 14.892615 10.022736 2.473709 16.639624 10.731556 13.314592 16.017910 9.355700 6.262854 4.788853 7.332073 4.486331 7.483034 10.871746 3.795994 2.828481 9.947155 4.649144 5.364982 5.778622 8.948611 5.702512 2.621907 3.757548 2.262632 5.164398 3.966989 4.725762 4.646838 11.761122 5.956917 4.431125 6.343726 8.151449 7.758541 7.221997 9.184046 4.925271 5.998545 6.738114 2.923241 4.950308 4.803992 1.908530 1.518673 2.798823 8.297283 8.773335
5.914307 0.708111 209.1471 0.000000 4.407153 7.174197 6.758226 6.865338 4.101932 3.758264 3.329578 2.956586 3.460669 4.975106 16.159828 5.200477 0.941470 3.429287 6.779423 4.166803 2.635522 4.958553 9.515047 11.848314 12.152605 30.286293 25.430746 10.935092 20.932087 21.259651 13.649837 10.949831 10.327023 10.589085 13.860427 22.138125 38.292623 36.121199 16.658765 20.586450 22.766189 38.068637 41.532640 38.576198 45.844189 51.797306 41.340452 42.992316 29.913567 20.267439 17.496029 6.415759 14.275652 17.687758 4.210844 13.715619 2.795407 3.168804 7.883736 15.150174 2.978813 3.855839 11.428708 9.474885 10.190233 3.352110 5.855300 3.216304 5.019715 5.683252 8.084165 5.146871 7.478036 3.834317 4.141660 6.638116 6.767764 7.209605 3.304628 2.056980 3.107088 5.567860 3.790938 5.683308 4.422534 7.028706 5.206029 4.425559 6.769729 8.294231 8.680141 7.129726 6.229182 4.924278 5.349061 6.185187 4.552847 4.501268 2.610156 1.408323 1.827968 2.539895 5.689560
5.962013 0.487141 168.4417 0.000000 2.209361 1.046744 1.647002 1.270616 0.956406 0.151442 0.771160 1.797217 0.672850 1.723354 18.450975 5.658770 0.773992 1.499209 5.045910 4.776020 4.165687 3.915135 4.445936 5.377123 7.939025 27.980321 20.482056 9.262856 12.845183 19.213488 16.643171 5.961578 5.624499 11.314537 9.005387 10.801154 35.349460 35.780567 5.531576 12.609620 10.777310 3.248564 9.610485 16.957335 19.150435 14.028809 8.700437 23.519831 37.043215 7.660227 13.065590 7.169071 6.532692 13.459566 10.777390 6.916741 4.902216 2.824343 10.566768 12.094094 5.218601 2.777582 4.976344 2.252881 6.981216 3.498217 5.531975 2.611739 4.005308 5.569429 4.002124 3.649557 5.678506 3.057233 3.275244 5.391927 7.515603 6.532509 4.227935 3.666073 1.943116 2.308963 2.411634 2.331729 2.759844 3.908449 5.021594 4.519268 3.673935 4.842709 5.516128 3.459417 2.102303 2.831038 2.911971 2.973006 3.915727 2.598651 2.013825 1.859727 1.852453 2.097287 3.592379
6.009943 0.439076 175.0245 0.000000 4.228924 4.493314 3.758244 3.320687 2.705790 3.161152 4.080375 3.922412 3.053125 3.722537 12.561007 16.952925 3.929186 3.847791 3.788321 2.477518 4.619547 4.467383 4.953182 7.050400 7.714492 13.359861 23.816207 12.914801 9.543283 8.876274 10.169228 9.956253 7.782436 6.921595 3.859299 5.607037 7.504034 19.400371 40.445068 17.471449 8.770849 5.670084 13.487870 17.827188 18.234883 13.012775 13.155362 13.540581 19.507710 28.973282 21.352158 7.997999 8.713926 3.519205 2.884269 6.979138 10.048572 14.579955 7.607349 4.188262 4.191143 10.778222 13.947646 9.470286 7.471709 9.427731 8.957975 8.743012 7.710621 5.720392 6.517159 6.069016 4.204157 3.296986 5.284982 4.153329 5.065517 5.427202 5.304269 4.484746 7.035910 4.874359 3.479720 3.549650 3.046120 4.202238 5.079163 4.647519 4.161442 2.610294 2.132881 2.610029 3.212831 3.197273 1.141181 4.235222 1.332196 3.051051 1.751038 4.238291 3.886068 1.924520 1.499507
6.057340 0.644823 235.2423 0.000000 4.344829 5.101041 4.804850 3.753960 2.426482 2.471177 0.508857 0.449319 2.268776 5.274091 15.227586 8.222931 4.781862 3.385189 4.167333 6.365766 8.844904 10.152719 9.165561 4.891541 9.762314 15.683089 8.898043 9.442242 10.591400 6.269777 5.211184 8.195465 11.090998 8.334772 6.572095 5.686481 16.829534 24.951467 12.886449 13.541174 10.232498 11.337821 21.590761 30.619969 25.153304 21.268369 9.343971 8.059371 11.201976 38.686396 47.127460 37.305015 26.842509 10.129536 16.123696 35.038844 38.585868 35.185028 29.424446 22.150602 18.069554 11.454399 2.589098 6.071129 11.465846 12.017917 5.672690 5.558236 5.496283 6.724026 9.525971 12.535722 10.679722 8.571884 8.563752 10.661653 9.360156 7.962929 6.400139 6.225523 8.082873 10.089032 10.575071 8.523601 6.311263 4.467680 3.959492 4.677220 6.322263 6.329124 5.787364 5.519274 4.925449 9.026484 12.787207 13.793065 11.134698 11.496056 10.418083 5.617913 3.444223 2.173594 0.689644
6.102299 0.656971 269.3786 0.000000 3.715874 6.068594 3.374774 5.706873 3.761740 3.200764 2.443706 2.848145 3.961053 9.855105 12.607361 5.920141 3.262173 3.462931 5.337952 8.079821 8.057759 8.536552 8.316845 8.637179 10.749754 7.341253 10.458205 8.889646 11.194134 6.156045 2.564155 8.382478 4.741845 9.479840 11.932864 11.366981 8.427947 16.688360 8.419345 8.129608 18.192660 16.103196 20.862561 36.478816 23.888469 20.044707 18.910268 12.874152 14.427563 26.861404 34.621986 37.446503 36.874238 25.366356 12.774051 19.044676 45.032559 45.446761 34.143700 21.620236 12.197086 11.154654 12.209638 3.442004 5.973845 10.327430 13.983963 6.371070 5.196686 7.986550 9.354766 7.806920 13.190651 11.984551 10.671032 10.721671 11.453511 8.727246 6.802245 4.627249 5.019688 8.512116 11.332837 8.461476 5.067587 8.634249 9.134326 5.420221 3.029301 4.764405 6.207752 6.549045 5.433915 4.980581 5.769825 12.088584 16.266488 10.871809 12.407172 10.422758 5.322641 5.201502 3.621952
6.156982 0.793782 199.5897 0.000000 1.826835 5.830170 4.145107 5.587245 2.612033 3.816754 2.979745 1.428356 2.371906 8.300851 9.229541 4.829134 5.325713 6.392758 3.316730 9.092791 11.754228 7.881538 11.682737 10.655001 4.028094 5.391501 11.036236 10.182146 8.611256 6.357408 8.869930 13.187486 12.445225 21.579024 28.930781 30.356305 24.000182 15.755058 21.213621 13.727744 16.595298 21.092815 27.682440 45.210970 23.275140 41.942209 12.363813 28.036660 30.174409 22.711896 47.012634 39.198628 34.949133 20.845430 6.542928 44.590995 45.758895 42.561245 30.333586 9.977123 15.510308 9.441774 12.258330 7.134281 10.849355 11.837410 12.065468 12.505411 5.592450 10.851829 9.867160 13.655827 10.018664 12.215644 15.512623 10.494446 10.681081 11.170097 9.031549 11.460840 14.636477 11.765598 8.133190 6.645035 6.898794 12.947969 5.584534 4.770739 6.610239 8.397872 9.196172 6.301845 3.749214 7.140756 15.332841 17.861426 12.255960 16.243748 7.243340 4.925693 8.964027 4.744235 4.273474
6.202414 0.851856 159.5376 0.000000 3.579783 4.272370 4.316592 5.854845 3.684493 6.365295 3.563218 3.642161 7.862302 5.114097 7.971964 9.550093 4.239176 4.477453 5.927623 8.107722 9.906897 10.358054 13.769686 3.737036 6.363744 11.317278 7.725601 9.118951 12.921088 10.748036 9.370593 6.640928 4.693557 15.338301 57.791112 54.203840 28.264883 22.425587 20.865842 23.050956 20.091059 36.497412 52.303186 39.449573 32.573218 12.084241 26.849707 34.300686 24.600989 41.426561 38.341157 23.763615 10.322274 17.009670 44.319498 44.249512 40.145621 28.658372 12.674253 10.046541 6.492367 7.154525 7.713306 4.806209 7.244178 13.933529 10.263329 7.805177 5.951467 7.492833 11.294123 11.578552 17.122024 8.708815 7.434960 12.634738 11.687372 9.931454 12.437276 11.443529 7.708095 8.485952 9.357076 11.799199 6.873593 6.595441 7.083571 7.809552 6.352574 5.875670 7.404339 11.322766 17.041021 15.332008 14.696694 12.393920 5.882167 6.179596 6.357633 4.438332 2.689338 1.822623 1.993635
6.252168 0.669744 158.2059 0.000000 2.466679 2.775988 0.654916 2.209328 4.852647 6.929745 3.187931 4.246796 5.520605 2.315899 8.405626 9.817885 5.162106 2.624225 2.596735 2.288730 1.686661 2.731121 6.849626 6.042530 4.055645 3.145185 3.866651 3.106105 6.694417 9.110702 12.448164 11.000329 7.892054 11.727533 36.186467 57.322188 44.102988 29.334899 18.261022 15.419671 20.154638 23.001240 32.211633 49.899552 45.446824 20.230504 6.689778 18.309074 29.383165 15.264631 23.026930 20.945448 3.757234 8.206120 14.670855 18.739050 10.480381 6.064417 20.215650 11.687067 3.678273 6.335417 10.988641 5.857326 2.604195 7.649091 11.265447 7.990968 6.801883 9.146880 7.464977 7.766178 4.974504 9.452592 6.122898 6.658026 6.878994 11.963323 9.837055 9.059818 11.698047 9.599485 4.042633 8.283002 9.592226 5.920981 5.284453 6.718712 6.541193 5.878591 3.976711 3.491125 3.644730 4.020930 7.071529 8.445776 8.992107 4.617404 2.762417 3.336930 5.776912 4.718091 5.493257
6.302290 0.633947 156.8346 0.000000 3.773674 3.061010 0.586145 2.153091 5.727413 5.526367 4.099906 5.138336 3.994654 3.827531 7.228175 9.489513 6.449291 2.242058 1.586752 1.700956 2.475608 3.076909 5.954096 7.735915 2.870382 0.934794 2.205326 5.610265 7.283910 3.105703 12.228909 5.349285 11.606246 16.874058 47.580922 54.770883 39.864074 21.103774 19.970706 17.973298 16.210790 18.852079 36.670276 46.519921 36.669349 17.558447 11.246743 22.320773 24.204648 23.275210 20.891513 8.768107 4.399840 6.882586 10.821189 10.865618 10.579636 13.933219 12.315283 8.275855 7.356329 7.626349 6.632225 6.227914 6.237677 6.408057 7.017960 7.397657 7.716308 4.816162 4.634522 6.766129 7.946859 8.130211 6.235420 8.563643 10.163830 12.429945 8.099997 7.291532 9.141337 8.669147 6.611359 7.539201 3.066034 2.792693 5.929209 7.616149 5.960315 5.121400 3.139850 5.604057 3.380900 8.458118 8.440771 8.159952 3.346810 2.515147 3.150394 3.697711 2.929370 6.787710 4.262869
6.352355 0.576050 157.5371 0.000000 2.351115 2.480783 1.112431 0.728322 2.494426 3.301590 2.139624 2.606354 2.432318 5.428272 6.719802 6.789665 6.382297 6.268604 6.422464 6.137097 5.196597 6.545259 6.172497 6.287267 4.761564 5.134061 4.864780 9.341636 13.983865 12.286389 17.778409 11.599233 3.051395 23.883651 47.720490 36.261741 12.255341 8.420816 11.348381 7.207273 6.670305 23.711539 25.635633 24.822819 41.316743 35.568527 17.937085 13.853880 22.834671 26.080590 25.430044 14.438210 6.940716 14.633480 19.858497 16.431119 7.028960 2.937410 4.975965 9.921236 9.993615 5.878557 3.637412 5.382330 4.560966 5.583207 4.081909 2.395007 3.091819 7.962767 3.418784 2.741309 6.320218 7.278457 7.215853 4.423192 6.607963 6.441766 3.490062 7.159285 9.815744 8.341723 5.879485 8.544888 4.571832 7.879136 7.639263 7.379226 3.958602 4.966569 4.349374 2.476984 6.316526 6.692323 5.390243 3.727007 2.348935 1.934199 4.731202 4.512028 3.226488 4.057423 5.277182
6.399495 0.657278 172.1062 0.000000 5.053578 1.321216 2.140882 3.820764 5.172489 4.859804 1.649281 4.613666 4.085091 1.285771 3.469681 3.757413 4.986324 4.171846 2.089640 2.106679 1.576098 2.053354 1.005350 1.995555 3.135171 8.345496 9.502529 12.058731 6.564558 12.484114 19.373818 23.895726 36.259701 27.289793 33.227995 24.871366 12.933148 32.390652 35.700491 34.916111 35.665301 26.408574 21.952570 21.858312 31.755575 34.053656 15.548670 16.790727 16.605306 23.170341 27.035946 13.781492 8.239945 13.164401 16.839293 18.514106 19.605136 20.689492 17.965404 10.694063 10.349163 13.484530 13.792996 12.763409 11.373725 10.345543 8.911414 11.292057 6.894742 2.554895 5.334490 8.674716 7.057264 4.078696 6.923430 12.867920 10.325765 2.754317 5.125245 8.066820 7.346854 4.058491 13.433469 13.675642 8.531054 4.452863 8.122068 8.433137 3.010806 6.107850 3.427066 4.445424 4.792425 7.342797 5.060922 2.561787 5.453614 5.321731 6.303184 1.102944 8.718351 8.953861 6.519525
6.448370 0.896457 204.9301 0.000000 6.177448 0.939517 1.313557 6.226340 7.524285 2.814959 5.475139 8.856210 8.505780 4.771773 7.529535 8.444339 10.245429 1.602822 1.864592 3.432595 1.164705 1.701942 3.120663 4.548483 7.263129 14.002685 8.451515 15.655456 16.026494 25.773387 8.587824 15.417377 35.996008 26.868114 33.951158 11.830349 24.546119 57.517812 50.625969 30.133820 24.858006 12.985775 51.465162 35.160778 60.750771 24.449725 45.477722 56.460794 27.100244 48.018244 16.302372 21.535422 17.732133 22.854095 16.143879 22.100028 14.348703 25.727295 25.921275 22.848220 23.323862 16.541944 12.702075 8.480397 4.659739 13.181168 16.955564 13.144371 18.771302 21.802526 13.262017 20.264190 10.818427 11.063079 12.710230 12.816122 9.208574 12.340021 7.905649 4.339300 4.167862 14.005102 11.680275 6.714620 5.440522 7.999145 3.938159 9.007597 6.253706 7.362277 6.434380 5.533467 8.704064 1.913168 3.288690 7.969050 7.192872 5.618971 7.086019 5.092720 2.216083 3.893995 4.781190
6.499263 1.041025 201.4772 0.000000 6.416529 2.340412 2.799800 5.641333 5.818300 3.141089 7.925408 9.156962 4.486221 4.564284 6.556183 7.657634 7.397378 3.483580 3.661567 5.927769 4.772476 2.563270 3.599867 4.818456 8.038224 8.837875 16.539559 26.109100 33.099889 42.355690 23.135531 27.675179 34.011335 50.685054 51.148108 40.309559 44.789046 49.288324 37.975514 29.863145 11.848191 42.168125 41.043844 79.425685 47.874275 39.193223 57.639434 20.981492 49.405839 28.563694 27.163986 12.279673 30.072436 17.967620 18.075968 17.825747 25.907946 22.855981 20.287867 33.611682 13.014422 21.335753 18.147361 11.612140 15.943581 17.919942 18.018933 24.814966 20.836432 11.246093 14.023006 7.484754 9.450381 14.044392 11.437207 5.620517 9.917033 7.636698 2.499860 8.944569 15.798943 9.686433 4.011122 8.428089 6.380019 8.277620 5.814106 8.198641 9.481101 4.413538 10.417175 3.644564 4.664301 10.287152 6.731624 4.396955 4.823278 10.519600 7.033536 12.689658 9.670471 6.669165 3.937283
6.551836 1.049450 195.4109 0.000000 5.149960 4.336327 5.962537 2.614685 8.207238 2.801397 7.249347 6.826829 4.484743 3.745704 6.340060 8.221218 5.673547 5.982999 3.280634 6.373415 7.005416 7.506915 6.141827 8.818168 8.461467 13.912453 41.148575 35.383249 31.615506 41.280685 15.149561 26.243487 36.294288 48.189511 55.105390 67.690809 33.340878 44.259528 42.755623 23.215540 24.463065 22.995603 80.664460 55.968536 31.035715 52.184244 41.161555 33.019896 34.610941 34.855499 17.890880 14.101161 20.607165 21.178061 9.346647 6.666516 21.625795 33.933448 29.670638 24.840265 16.377157 19.769692 20.470772 14.152341 15.779141 18.978749 19.361688 25.726806 15.844011 14.415413 8.154167 11.046651 11.049527 11.877627 7.974194 6.288248 13.206008 2.332632 3.111632 14.399477 15.234148 6.372828 5.200134 10.154767 9.372669 4.176403 10.467869 9.314296 9.123461 5.958027 7.418222 6.907355 9.127118 8.850093 4.715945 4.029626 5.900385 8.936817 10.856384 10.588514 8.103770 4.343453 3.084167
6.602395 0.950287 161.0862 0.000000 5.219024 5.490330 10.054776 5.286127 6.460909 2.898198 9.088851 9.645096 4.538204 1.558021 3.747315 12.864337 4.774429 9.085990 6.194740 3.172221 7.736076 11.528476 8.776047 12.120655 10.485034 18.599966 36.821016 43.588896 30.570394 32.534701 29.219459 24.143482 23.619115 18.083618 30.645478 79.556818 44.593586 15.800620 25.821759 18.584019 6.775008 17.501916 22.985384 63.283983 62.561774 52.125671 47.760371 33.080183 27.740264 26.643834 33.616511 25.198257 15.533575 18.389103 22.453954 10.343547 14.735475 10.673989 23.841737 19.564346 27.809390 15.974332 5.780248 18.034953 24.014872 11.657514 9.033307 19.509529 21.749046 24.783518 15.991087 10.312987 11.190027 8.457612 3.799257 4.838405 6.748012 4.994591 6.591922 7.928379 7.897629 7.675164 9.177063 7.279436 8.613412 10.737475 13.009388 9.304534 8.068938 8.370186 9.072302 5.854425 5.408951 8.138838 5.447208 5.644520 7.593968 4.741132 4.665074 7.510149 10.804793 12.446923 7.532060
6.652467 0.928053 204.4076 0.000000 9.294288 16.465751 10.799400 9.929426 9.116061 3.459303 6.858310 5.856977 1.307108 4.335502 5.849583 2.106070 7.926035 1.347915 3.601037 4.567058 8.492218 4.115616 12.687818 11.941083 9.922691 13.263022 47.206808 36.565157 47.351761 42.011370 29.317233 15.839070 16.230570 10.422712 39.059858 57.559059 39.125230 39.904783 32.156066 43.040742 40.832472 25.882245 31.599381 59.313965 58.544051 43.622570 32.279897 17.655126 19.871649 30.733547 34.342979 28.693234 17.844663 6.721154 17.138866 17.391842 14.239275 19.241551 18.680239 19.798097 11.383859 14.214997 14.799815 14.989626 9.551324 3.830535 5.329281 4.125659 3.189916 7.833097 9.336679 8.671843 8.929336 10.839430 10.455640 9.072249 7.512281 9.413126 8.964542 10.735406 12.894519 4.534440 3.106440 7.657467 12.050867 9.241422 7.915566 7.194087 6.685680 6.775842 3.637544 2.463419 5.340600 7.778114 5.659082 6.293523 8.023446 7.115386 9.498032 10.269809 8.315957 7.394285 8.929417
6.697332 0.832139 117.5843 0.000000 10.068519 12.720920 10.356710 9.942246 8.492718 6.003382 7.397999 3.967969 3.659394 2.421791 6.358956 5.507845 4.891158 2.462443 3.960757 7.427892 10.148146 5.082802 7.482570 10.085303 17.044181 14.504269 42.264091 34.669316 16.409789 19.936285 11.127204 8.238171 11.085516 20.757141 31.297384 33.080731 32.669496 27.949487 26.547836 42.770855 40.614491 41.600539 44.831943 42.565173 54.099174 51.435471 27.962508 29.752488 25.802392 28.117383 34.009120 21.558923 16.055176 20.949251 4.057790 14.505965 13.962104 16.881251 23.676796 16.854992 18.814179 9.094757 14.421223 8.758233 5.599224 6.720409 9.778607 9.827317 5.306576 10.088567 7.925047 3.888477 4.879965 4.055507 6.016679 8.845967 7.659536 3.079549 1.135566 5.415920 8.081407 8.632547 7.246628 6.984683 8.696492 7.743209 9.125630 9.002329 7.716092 7.589085 5.168661 7.930142 2.317282 3.307308 3.604980 3.363780 1.059050 3.343527 1.556330 3.862708 4.329847 6.981865 2.798524
6.751828 0.753257 212.6707 0.000000 12.509545 10.563716 10.898575 9.659827 8.371058 6.310617 7.267713 5.102946 2.662487 2.303299 4.780875 5.381390 6.456510 7.063998 7.635192 11.470176 11.313312 6.290008 5.475740 8.152034 16.325651 21.826514 21.568372 44.265411 14.573723 9.363206 14.933228 3.634576 4.495740 4.927618 5.555674 18.730863 34.018677 46.632096 15.034833 24.751910 25.413860 44.376913 39.348233 34.194893 40.254366 50.991603 43.186463 32.465616 29.223901 26.964628 32.897329 32.506256 19.164918 17.762284 14.610108 4.302646 6.319544 13.358120 17.891069 9.897696 10.534621 10.366214 8.269426 12.397394 7.823697 7.970433 9.861036 5.642549 8.531987 8.248086 9.723845 3.383872 4.714931 4.118519 4.648261 6.050737 8.353627 8.523278 4.558444 1.848395 2.878628 6.216382 8.456037 7.011065 7.461553 7.593907 5.926973 7.209712 5.352435 5.763379 6.610333 4.030880 6.974338 4.462421 1.709715 3.885466 1.820858 2.940234 1.311527 3.082948 2.055976 2.426809 6.017307
6.797426 0.734603 205.9628 0.000000 12.260197 9.655594 11.900108 7.741856 8.004669 5.614756 4.551202 2.790355 5.099523 3.714517 6.799921 7.547196 3.986469 2.077712 10.490016 22.048357 6.947326 3.550151 8.171236 7.394054 13.630771 25.938677 36.159306 19.164586 14.476082 9.660348 7.185221 13.440049 9.826924 2.796209 17.960347 41.156886 39.848829 10.992554 34.440788 23.870053 38.105118 43.912486 36.254185 39.399829 58.525689 28.588899 24.119781 29.843574 26.310036 35.117230 27.635411 21.376082 14.506512 3.495863 4.874209 11.328201 19.181968 10.017982 9.462666 11.533554 7.261557 9.673796 10.594104 7.202265 10.605931 5.264740 7.836675 9.560545 7.624963 5.616801 6.061297 1.246300 6.931556 5.075563 9.272182 8.560174 3.270041 1.346812 5.921326 7.901848 6.330137 5.529572 8.808282 5.242956 6.839310 6.445543 5.495078 6.615505 5.450000 6.066813 4.034988 2.029086 2.851154 1.269487 3.210317 1.488878 2.839275 2.236932 3.483428 5.753508 3.593701 6.785206 5.027507
6.844687 0.729867 165.7267 0.000000 7.295457 6.244895 10.243125 9.338773 11.285092 10.674934 9.333955 7.134312 6.842590 5.516543 3.671925 3.246282 7.680289 9.337842 10.759470 16.267236 13.534083 6.436533 5.302865 4.462143 8.653332 14.639268 17.250449 18.368662 9.690228 3.315671 10.019994 10.779227 16.543784 16.715962 8.721076 19.199973 43.706157 39.286119 24.010130 14.766666 12.171152 12.007851 14.719671 17.893925 17.987655 34.380356 38.804404 28.263224 20.155277 21.800453 21.947054 23.677359 28.525251 29.015375 28.727123 30.047523 36.776006 32.732000 20.122548 20.123351 17.720472 10.943575 16.643027 25.179048 25.873746 19.309248 25.321847 22.094723 19.445845 12.837831 5.145842 4.827904 5.738625 4.038196 9.152752 12.860307 14.764802 11.751516 12.330916 10.755885 10.053698 11.237614 6.823336 6.315343 11.075721 8.089176 3.609743 3.124015 1.554784 1.762186 4.052245 7.273789 10.927214 12.264309 12.685925 11.744153 9.845144 7.114307 8.184132 6.335056 6.428354 7.022507 3.286348
6.895813 0.709279 214.4564 0.000000 8.379328 4.776915 10.903599 10.397866 10.801630 10.382474 8.260577 7.825059 6.930419 3.404294 7.130540 3.468644 7.715963 9.869402 10.662436 11.891454 2.639713 3.286306 2.789507 4.588156 2.138696 4.631318 5.677162 1.982156 2.711129 8.015230 6.596036 13.038641 16.138680 18.390363 6.256255 14.966424 17.109237 12.740171 13.041328 17.467541 17.537497 24.425495 41.899654 36.828786 17.536679 32.331780 41.099784 19.850581 14.942033 26.990070 34.504966 31.422770 26.920153 28.218807 25.602508 31.479123 34.444961 28.893605 20.768938 15.311201 16.688843 20.328867 22.870320 21.464315 21.304672 18.805482 14.445015 9.364159 7.378798 10.227784 10.866893 9.280532 11.664872 7.794858 8.823182 12.172676 14.901294 10.833059 9.320001 8.293325 6.163624 7.485731 8.137409 6.676095 4.404156 2.865939 3.191543 3.514724 6.469732 10.450798 12.288380 13.283086 12.440353 8.599526 6.959466 7.748339 6.073981 4.099745 2.845870 3.612206 6.978152 5.448430 2.804030
6.944351 0.802876 192.0243 0.000000 5.620704 5.282807 14.362552 6.870749 13.069240 10.688744 6.354165 10.597337 5.566941 2.385437 7.733398 3.402491 9.196997 12.055305 7.848576 7.075099 2.970655 3.123616 2.514215 2.994631 2.539582 6.835565 7.142431 6.113441 9.502901 10.835579 12.498656 23.278049 24.096238 19.238561 21.203370 17.331432 24.978247 24.497221 8.678212 16.229301 25.210093 39.674704 37.006171 19.829506 37.544916 37.275374 41.830585 25.068000 33.418065 33.232568 29.990399 32.146706 28.049384 22.487181 32.424828 32.609078 40.694802 11.217003 22.544396 17.134828 15.780439 28.064089 17.258931 24.619693 17.430313 17.683182 9.081259 15.008143 15.356364 7.033396 14.886745 8.744248 11.484492 10.063075 14.668108 16.441085 13.810143 9.029062 10.810635 7.152914 7.644652 9.807733 12.627203 9.880302 10.758815 7.497903 5.852615 5.554251 12.478092 11.247169 14.653136 11.466920 7.579637 7.837595 7.666002 5.990396 4.320795 2.589686 3.862408 8.511581 3.199182 4.358321 2.080296
6.997344 0.936443 207.8130 0.000000 8.511009 4.971067 11.662758 6.503888 10.107841 10.854622 11.425007 9.587556 5.768494 2.951512 5.182158 4.608329 4.621218 5.997562 4.254619 4.251848 4.709604 2.398816 5.285656 5.875147 6.128675 10.139930 5.538196 9.788708 12.510343 12.349774 17.947238 17.053817 21.333144 23.555693 36.220486 51.633712 58.691065 38.435657 18.251490 22.149337 35.693226 47.671154 41.797830 34.285182 52.255493 38.183383 21.584762 25.479953 28.920132 28.507180 31.526950 35.156801 31.399115 27.569291 34.131971 36.430307 35.236182 15.187081 22.281399 21.928988 16.889293 19.785714 13.730557 23.279598 23.571843 24.044359 7.682558 11.496405 16.409358 3.503043 19.525212 7.957660 11.105862 7.467963 13.479116 13.239710 15.500079 10.002570 16.382698 7.846412 11.969700 6.174778 17.693206 8.322647 9.120939 11.047289 5.854671 12.642795 11.222277 14.124280 4.137231 12.671871 12.933555 14.211950 10.140744 10.645165 8.907254 7.415690 7.289919 8.477041 8.750729 3.431202 2.943807
7.047191 0.749827 158.3208 0.000000 2.491084 3.910891 3.755307 2.642376 0.857461 1.286306 1.956207 0.821000 2.422499 4.302754 1.524844 5.259876 5.866807 7.125108 5.193470 4.672540 6.750920 1.547983 4.612012 4.698821 5.606275 8.852727 2.562011 7.589059 17.774546 23.083319 21.326397 9.825076 8.492495 17.289181 42.482662 64.482807 55.676969 33.850131 17.331790 20.893559 40.878444 44.575694 25.446844 21.399387 36.923033 28.422129 11.955353 32.980609 25.158397 9.838416 12.812170 11.548685 6.986479 9.688945 10.742630 16.945349 19.750887 8.542844 12.863911 9.262220 9.457469 8.351660 14.348969 4.109903 3.956398 10.901699 2.640382 12.675647 10.974578 8.385093 10.755967 6.806010 2.643511 9.423490 12.018868 9.045827 3.791540 11.556552 4.996077 7.291596 5.088993 5.588132 11.024599 13.287242 5.772952 13.716637 4.166370 9.209483 8.214466 10.029360 5.086515 4.946669 8.801440 5.243357 4.520013 3.052603 5.720450 8.647425 5.458538 5.476224 5.008425 2.843578 3.513163
7.097326 0.684513 168.6605 0.000000 3.010119 1.864293 1.574827 3.365857 1.564117 1.568021 1.383735 0.869201 2.395483 2.968491 1.921686 4.365725 4.675350 5.840293 6.433473 5.796834 5.962151 3.645190 5.223991 5.031716 3.523436 7.230424 5.607958 2.588145 9.483985 21.325695 26.111288 16.227733 7.350984 10.986800 20.432274 40.302064 62.327986 61.091533 33.610435 16.793376 20.592129 28.035933 38.609589 26.577042 13.712443 26.637959 33.942875 25.581203 11.342222 31.405540 11.917095 11.118883 7.214095 7.651536 1.689762 8.685008 11.734351 8.846914 6.591899 12.158234 11.343895 1.540614 11.500717 4.259558 9.193384 7.137511 5.942511 10.579377 5.132228 8.415413 8.308078 11.192001 9.560923 7.392455 6.793529 5.426863 6.057863 11.163234 9.132631 8.734373 8.195321 4.771628 4.039573 7.241460 9.095054 10.938145 10.833447 8.351373 8.945070 7.513775 9.929176 7.016559 8.610072 5.073763 3.648642 7.596338 6.208667 3.299384 2.624687 5.904253 8.089095 6.935008 3.181035
7.145879 0.603533 163.6924 0.000000 1.310770 2.546137 2.194557 1.470878 0.453927 1.541062 3.157876 3.696761 1.201524 2.203480 2.366600 5.179100 5.065976 4.234807 7.679192 7.565156 2.674590 3.206260 4.801610 4.390252 2.591647 3.890947 6.033818 6.466277 10.447502 18.994014 27.623085 19.236285 4.250327 6.671848 21.512195 46.136175 52.929181 45.393140 32.011897 9.845545 19.556156 41.832230 28.269017 13.137415 25.879142 9.212179 27.370042 21.494622 15.640709 19.616085 13.623105 16.656057 2.441956 4.359274 8.432306 7.710080 7.031834 10.342155 3.622367 7.711618 7.873355 5.083755 11.440527 3.952914 9.482401 4.171890 7.226807 6.217880 7.849978 4.149445 4.021051 2.888406 2.633955 2.833138 2.175337 4.007165 4.578081 5.037690 7.543048 6.379131 3.678687 3.250963 3.425800 4.089560 2.667561 3.385048 5.956949 2.968835 6.022883 7.857659 8.831151 6.645016 4.005445 3.285420 5.159750 5.012758 5.946632 6.095794 3.395707 7.819775 7.217747 5.638542 2.171320
7.192430 0.351084 153.4024 0.000000 4.138125 5.208230 2.533564 2.214745 3.912481 3.636813 2.332061 5.150970 3.805328 3.469064 4.275667 6.290259 7.025225 7.677415 6.972635 6.015083 2.962096 4.581890 4.581372 1.924361 2.215136 2.980265 4.217946 7.771691 14.178416 17.550499 17.184796 12.513584 5.304078 10.783789 15.509052 9.685604 10.683297 9.090899 12.447338 12.980607 18.061457 16.152151 15.978414 17.759523 17.131699 6.332227 12.258844 9.186019 9.531552 14.425579 13.724097 11.086506 9.551465 3.491417 8.890695 5.750044 9.686440 7.722253 5.597587 8.664745 7.646337 4.063512 6.343621 5.784403 6.944070 3.392837 5.235240 2.040001 8.472981 4.108656 5.354534 4.487814 3.706593 3.378250 1.634502 3.532181 3.258577 4.339291 7.461736 7.320723 5.445755 3.683113 3.266236 4.648605 3.889108 3.699454 4.153007 2.236818 4.764935 4.764476 5.548751 5.916156 5.415778 3.382991 1.271562 3.472640 4.655741 3.021466 2.755426 2.279454 1.103750 1.848687 2.069432
7.242106 0.616808 197.9849 0.000000 2.931199 4.961425 4.669765 4.489550 2.503300 4.202942 3.020294 2.768246 3.138735 1.253458 1.721072 2.119370 3.180030 3.108072 1.503807 3.942422 1.212313 3.679780 3.561879 5.556578 5.217985 5.348561 3.832620 6.066713 5.405028 6.427873 5.133796 9.867099 17.091796 11.812775 18.825542 22.070386 21.760979 28.758844 31.907762 33.698632 37.408791 26.704116 31.946561 34.127262 24.617245 29.774166 23.894055 18.679109 22.758942 13.727264 10.932569 15.025998 6.548041 5.921008 7.586473 9.751831 18.019636 13.912664 19.166642 16.740546 12.021453 16.865286 12.428459 12.745135 12.734145 10.797412 16.516260 15.179754 19.245931 22.054610 17.105971 18.259835 16.418958 11.094027 10.555293 4.997829 9.235291 5.395549 9.192449 6.493684 9.008364 10.420398 7.029788 9.828986 9.279143 6.667225 10.334232 6.205224 6.808387 5.647044 5.734825 4.205006 4.490674 4.986101 3.494205 3.338438 4.955538 1.761559 2.634328 1.027709 1.543095 3.129815 3.554272
7.292316 0.814178 166.6307 0.000000 5.851522 1.245019 1.618136 3.163805 4.874599 5.822903 3.399862 3.722962 3.824070 1.887704 2.825914 4.891417 8.392187 13.417651 17.024037 13.847579 6.586095 7.491759 8.936316 6.885839 8.180353 8.141057 5.140263 4.211927 2.267840 6.711502 23.307166 34.417216 20.745753 20.299079 32.407940 51.271979 57.063728 49.846642 11.331825 14.857194 15.642306 36.302056 15.780960 20.591689 25.223871 22.985942 47.780692 44.924336 24.809509 22.383449 13.080888 13.905338 23.343520 33.725123 40.188674 18.741678 14.200683 16.760548 9.036264 20.622964 17.451646 7.935596 7.990109 12.950329 14.603527 16.577504 24.557052 24.996649 23.024337 19.393562 9.513498 8.026868 7.123569 9.120538 9.607352 8.693841 5.468188 7.074305 8.107408 7.789667 15.001680 17.091158 10.511227 9.991050 5.851633 6.740567 7.251828 6.777036 4.419329 1.045846 2.769674 1.953929 7.881149 6.337325 1.374868 5.268917 6.948029 8.409768 6.928741 4.602347 5.989668 8.315965 7.301990
7.342286 0.936046 164.4624 0.000000 7.670185 2.482787 2.603825 3.317242 4.387392 8.966409 2.635399 4.508682 0.721927 6.028318 6.263352 2.096611 10.681634 13.322473 16.993834 19.736746 3.154337 10.839927 5.495590 12.731360 10.587901 7.633564 5.077987 15.746968 15.061577 15.057266 12.990794 30.237402 24.239131 34.818025 21.133184 59.206853 74.091717 45.819608 22.525039 35.830414 23.434558 30.401516 24.019221 40.115921 39.856294 45.023699 31.332022 48.222031 34.826424 40.781825 15.962451 20.723634 21.549650 27.270348 35.583581 29.612983 16.048224 16.050985 13.905913 16.155565 15.760980 18.229498 11.192687 7.473620 15.607749 13.043632 16.410866 24.102441 24.832221 22.954567 20.649099 12.112102 6.026705 8.678692 8.384773 11.286284 10.060530 6.290772 8.789075 7.717280 7.505167 13.164569 14.969293 13.169689 12.697637 7.672260 6.157682 8.305734 6.905831 5.087055 1.993920 0.777889 3.656612 4.960649 5.408320 5.721975 4.813055 7.548920 8.537898 6.430704 4.436385 5.210873 7.130951
7.395876 1.009931 164.5773 0.000000 3.235497 4.539019 3.187767 6.284455 7.818229 7.260684 2.298482 6.716565 5.631728 2.673818 7.928781 4.690398 12.201546 13.094306 15.967821 23.405543 4.935781 5.746346 6.019183 14.412689 11.429630 4.708812 8.901053 25.773296 22.930668 18.363768 17.830510 16.392961 40.850599 26.477831 29.421617 60.368680 81.387132 32.792179 28.281726 41.905285 23.635978 36.987324 22.972208 69.478101 54.500147 33.936471 27.691610 47.910052 37.852668 38.335804 19.739110 22.146847 22.218935 28.603122 36.421279 30.755087 17.385102 19.284482 15.772394 10.735874 13.730785 20.592506 14.145790 7.543582 14.249152 14.208290 16.420948 23.742449 26.976083 20.892465 21.117272 12.771525 4.600294 9.374459 8.339576 11.140035 10.354316 5.211384 8.190124 7.713443 8.668290 13.554430 14.407799 14.002569 13.251646 10.147900 6.551737 8.847771 7.377371 4.498502 2.229836 1.715518 5.021970 5.812194 5.533489 7.002157 6.524015 7.161802 8.595385 7.416918 4.613040 6.258504 7.494677
7.442172 0.899256 204.5197 0.000000 1.104190 3.035093 5.085625 5.245786 6.197662 6.260507 2.669803 4.168569 2.220056 9.629496 13.020524 5.404450 13.010299 11.054260 10.770353 23.532327 0.812223 4.725448 4.376183 16.013809 16.403665 15.949248 27.395543 28.491873 25.547391 23.737697 26.082346 19.641415 26.155144 17.990345 27.385344 60.265062 49.513747 31.827759 44.274034 39.546101 38.721355 28.230621 42.240523 58.817580 61.341332 23.414253 43.491853 27.974042 14.875121 28.922463 22.886170 18.155468 18.285359 31.321543 32.513971 18.622000 12.100857 18.373087 3.704038 5.102090 5.103139 9.599001 8.798105 11.992925 9.115921 5.875288 7.863003 10.899740 11.317597 5.141861 6.154805 9.788907 9.834334 5.074568 7.285872 8.162594 7.168918 9.262601 8.200480 9.751631 6.675016 3.993178 7.001796 7.657618 8.875492 10.204666 4.478080 3.845300 3.868749 5.698989 6.689500 5.935519 7.232625 6.511990 4.089972 7.170289 8.652846 8.343024 8.086052 7.535464 7.714234 7.184311 5.330459
7.492242 0.767172 203.6034 0.000000 2.095221 2.440723 4.247902 7.270062 5.901182 3.877836 3.347109 1.269443 4.412574 5.362898 11.356195 11.675650 8.363557 2.248822 5.800270 13.577469 10.327143 9.006627 8.684339 7.746229 7.282352 19.844430 34.331516 24.282221 15.557784 29.543495 25.878823 10.164141 9.668792 15.038861 19.467857 29.373985 26.276034 40.340806 52.971049 42.543062 31.225728 21.334906 27.496049 44.807154 64.862912 40.453820 24.714438 20.705164 13.441245 23.276680 6.078720 16.173679 16.471627 8.587084 15.969280 14.451525 6.460273 12.805801 20.522420 6.096893 9.171418 6.547799 2.694520 8.428311 6.814800 9.191997 5.093106 2.151545 3.340319 9.256739 7.735058 3.439033 3.549706 5.870353 3.192460 2.357936 6.943720 1.686185 9.357047 5.725245 8.971464 6.869994 4.514002 3.616469 7.352298 5.686840 9.984999 6.363997 4.111934 2.819750 1.397827 1.982303 2.997365 2.159144 3.333026 7.012580 4.661979 5.606636 7.027320 4.075558 3.672355 2.297415 2.157985
7.542168 0.586319 172.8607 0.000000 3.193640 1.526855 2.459560 2.753830 1.812951 2.213188 1.907443 1.598524 2.953012 5.541022 17.418190 9.091514 3.783210 4.438451 4.976903 7.230001 9.597664 3.915079 6.021374 5.550879 5.386202 13.098783 34.589821 17.654568 2.515367 17.982989 28.665118 18.369809 21.935455 26.003696 14.478072 10.960829 9.915730 38.791256 40.809237 16.720977 12.816459 15.729021 21.934716 31.204955 34.292352 20.198425 16.428598 17.821460 20.110941 19.327019 14.145079 4.462074 9.066438 14.017989 12.576687 13.113370 4.864161 5.674987 12.838090 7.001964 3.087277 9.130631 4.249402 4.294954 7.993557 6.761606 3.742374 5.684589 4.243393 10.161282 8.621612 3.347012 5.374890 2.271459 1.399060 6.117942 3.412448 4.277113 7.884175 6.368678 7.883430 7.356091 2.538032 4.343397 4.379361 1.279921 5.463889 4.614437 2.152127 3.005057 2.497911 1.476893 3.034763 1.572960 2.480118 5.872129 3.278599 3.285501 7.272211 6.224464 3.534840 2.373217 2.541178
7.591760 0.460888 178.4985 0.000000 1.866369 3.079676 2.731981 1.587682 2.487591 1.062669 2.397282 3.432392 3.235848 5.385489 13.682228 15.238243 6.969132 2.911310 3.213605 4.024898 4.191984 5.810464 5.160135 6.208672 6.975902 8.602273 17.428663 30.765731 16.721864 15.467246 17.368257 18.058161 17.646576 12.573089 9.974677 14.520595 15.399753 12.389939 30.571674 43.188037 18.405530 9.232236 11.077898 7.974110 8.986641 13.221103 11.201551 15.728287 15.108330 14.800388 23.558547 16.606261 5.917216 6.958872 11.806522 5.746777 5.094690 8.625826 4.664246 5.093098 8.897034 8.279871 8.371855 5.278780 4.124213 4.335750 5.701671 3.253153 2.307135 2.745270 1.974763 7.782695 5.693849 2.690500 2.936868 4.762616 3.952241 4.320458 4.391314 3.764595 4.636397 6.440318 7.754908 6.871602 4.335255 3.197095 2.881567 3.465983 2.773451 4.783802 4.011788 3.629774 0.724575 2.185253 0.701301 2.381517 3.211638 3.748105 4.435736 3.041160 3.745966 5.567720 4.292338
7.638285 0.583603 173.8583 0.000000 2.471149 3.952479 3.038249 1.884656 1.301253 2.642878 3.781421 3.620044 4.425647 3.327595 14.961031 14.253940 5.788494 4.592021 5.140518 2.808359 3.574312 5.395271 4.506862 3.646539 4.352808 9.192564 17.584704 18.872267 9.633791 5.055081 6.439659 5.421904 11.087475 18.021202 14.378783 8.855973 8.625251 28.675757 40.285938 15.294986 22.046789 20.577624 21.676804 16.229742 11.463333 18.998478 19.587389 19.189086 18.666538 16.840734 17.776528 22.171274 31.943231 27.868096 31.289533 19.968178 4.282345 14.679982 12.719872 14.428966 14.837188 14.925271 15.249561 21.357752 16.272862 14.006765 6.890364 4.850666 10.844444 9.788064 7.907318 7.090905 3.570873 4.420834 5.486291 6.134129 7.271229 8.426379 7.468528 6.083125 6.510016 8.832927 10.876980 9.825092 7.484793 4.662390 3.429173 6.172744 7.333991 7.515113 8.824164 8.778528 6.293301 4.809529 4.491615 2.671678 4.408648 5.466022 5.327818 8.006671 10.693177 12.215431 11.355009
7.682161 0.579569 186.5333 0.000000 3.877908 4.879536 3.221615 2.458192 3.239568 2.215651 3.022082 2.097154 1.697535 3.773505 8.984114 16.214085 13.173377 5.806850 2.169572 1.816376 3.176292 3.424820 1.902592 2.304694 4.227209 2.735534 8.130502 10.544050 9.054791 5.501093 6.637316 6.716015 13.051334 8.239874 14.993066 7.105378 11.467397 4.871098 27.579156 19.641631 32.131943 14.697597 17.507699 11.018393 20.720353 22.799981 14.833510 11.578702 14.801916 14.234867 13.113938 21.779297 31.305394 32.064062 31.718735 29.468027 16.942221 12.014768 23.080200 27.930002 23.773956 17.568421 16.489431 16.231356 15.586495 10.400731 15.043513 7.442622 6.126295 9.094368 7.995275 4.234825 8.467659 10.348770 7.586433 8.461242 3.906890 2.096032 7.588431 10.864602 9.673581 6.194716 4.960054 10.876565 15.565004 11.031246 5.820634 4.682955 4.387999 7.117679 11.035688 11.185364 7.241900 5.667094 5.232031 6.227996 5.456304 1.772863 4.633633 7.314901 6.649131 9.129326 12.103065
7.737156 0.667436 241.5552 0.000000 2.991168 7.965051 6.212356 3.732702 6.449186 5.399832 1.916197 3.674934 3.263899 2.285639 3.154030 16.261944 8.196310 4.496733 4.033283 5.877524 7.440505 5.306381 3.780000 3.289233 3.030198 4.026170 6.775407 9.650173 8.784940 5.980961 7.493576 12.850954 16.412365 16.825306 12.341465 8.826616 18.428759 15.866757 14.637877 34.083148 13.188797 19.549745 23.020391 14.932286 31.408379 35.966910 12.940858 20.951880 31.827511 26.038667 4.919936 33.279883 30.609194 30.814353 37.237137 21.078214 15.739370 22.867006 27.042219 23.446022 21.757247 17.991071 16.301590 16.108292 13.393398 13.177129 12.822694 7.298025 8.707382 11.719521 7.034987 8.488414 8.619720 16.952825 8.163100 7.712052 7.771169 9.008805 11.270131 12.056832 9.281362 5.139349 4.449804 18.213270 15.632990 1.171036 2.642640 9.198344 7.567125 11.573033 10.668183 9.219603 3.431806 7.484978 4.865072 6.662184 2.241642 3.158097 7.131570 6.274656 8.851765 11.002473 11.747464
7.784189 0.764003 202.1738 0.000000 1.646665 6.571969 5.401821 3.598953 7.826522 7.293364 4.363667 2.186282 4.062463 3.735969 7.146285 18.713671 3.276974 4.048351 4.737930 8.057022 4.614559 2.579226 4.088770 3.052581 3.831477 5.565954 8.463898 7.721718 9.365330 7.014641 9.394446 9.899792 17.020240 22.624629 29.878748 35.503702 30.101197 40.991371 32.147494 20.510302 27.319119 14.189491 10.384388 45.955118 43.449165 20.218211 19.288332 19.466481 15.087626 38.416746 21.190770 34.247300 39.688708 16.040410 16.566721 27.744419 25.983803 23.650452 19.361452 18.050918 16.809639 15.564779 14.816915 12.276277 7.536105 6.651507 18.086139 3.269154 10.445496 6.210892 17.403101 9.321104 8.165271 8.240375 8.480034 12.918965 12.145754 6.870602 3.802024 7.730941 17.889967 11.618863 2.070363 5.436909 6.149893 8.637349 14.694444 9.719062 3.996087 3.944748 6.348902 7.024332 5.766240 2.337571 6.657414 8.560019 8.396940 9.470426 11.886490 10.336676 6.797503 3.317063 3.418996
7.832287 0.633211 209.4376 0.000000 3.373780 5.287369 6.429561 3.248116 6.302299 8.889727 2.141245 4.367802 5.507825 4.692086 6.777871 15.549899 5.463596 2.669966 2.235657 7.632397 6.103146 4.406897 2.797634 2.991685 2.893337 4.572276 5.447104 6.303085 7.396844 6.516202 5.850278 10.657149 12.521076 11.182325 18.213519 29.900056 40.653984 40.787452 32.488673 25.042459 18.753269 21.513799 19.323253 18.441090 23.286717 51.936966 29.244444 25.177183 22.069812 14.791926 18.551591 21.493183 17.897138 12.112597 17.545846 3.265753 20.009160 22.599451 9.323269 9.345614 11.432694 13.550882 2.525842 6.336392 9.223828 4.382599 3.720252 8.526770 9.766845 9.975997 7.697236 8.162909 14.656041 12.524422 6.359639 11.490231 8.526982 5.791421 6.478759 8.321989 6.895543 5.968425 8.349132 10.627226 7.831980 5.341412 6.460933 5.851947 6.073322 5.463272 2.733096 5.522017 6.339302 1.377240 2.856421 6.423467 5.659131 5.925598 5.180416 1.132731 2.934726 2.623661 5.261817
7.884362 0.586706 170.3967 0.000000 5.017718 4.289622 4.559653 4.898217 7.086964 6.858516 3.916094 2.215699 3.273639 3.390338 7.335392 12.115916 8.945264 3.014842 3.237387 7.052030 5.994090 4.383808 3.246063 1.311428 2.434493 2.894738 3.721930 4.724918 7.579837 7.449256 6.385030 8.514520 10.407832 3.271972 10.107605 29.872446 35.436719 46.743095 38.249245 17.316176 27.406303 22.541690 21.218279 23.276786 29.636289 34.055267 40.020899 28.068532 16.649928 11.247360 14.825656 18.990377 20.542166 13.369716 9.726453 11.182003 11.063403 10.376806 8.188343 6.516083 4.224842 3.749797 6.448566 5.936316 3.345255 5.017919 2.026631 5.500230 9.249778 10.265603 9.279766 9.896110 7.114513 9.504819 7.511775 6.255343 9.767938 1.841257 7.943381 7.851228 7.423415 3.211630 4.536490 2.773752 3.438361 4.129162 5.974282 5.010127 2.338888 4.393839 5.238147 2.448888 4.342748 5.832097 2.464900 2.853290 2.912906 3.656115 7.310326 5.396831 1.926818 2.859496 0.874763
7.932344 0.578349 168.0562 0.000000 3.229052 2.946668 3.882069 1.261057 2.903014 3.144591 3.643786 4.230520 4.965471 4.067903 5.493396 8.096551 7.454863 5.128597 3.515046 4.178846 3.761855 3.312613 2.343037 5.133498 5.420978 3.849771 3.653786 4.238561 1.338828 4.590608 7.657481 3.942942 8.579345 7.045436 6.627870 27.912117 49.762448 43.755373 22.341723 11.103250 14.282108 17.698634 8.042414 9.704193 30.402340 36.858910 37.448722 31.774483 7.710181 17.289185 39.008438 25.762106 11.194535 11.524632 16.858380 13.114230 16.572063 17.619281 12.050908 8.325083 6.921653 6.443288 5.689315 4.445468 6.746790 5.932451 4.409503 6.394390 4.848123 4.274039 4.260762 9.039718 2.805791 3.506867 0.905412 3.376606 2.736188 4.829914 5.360107 6.777353 6.689945 5.149885 4.727685 3.359156 2.775089 4.660669 4.986289 4.639699 4.040616 1.827488 4.819422 2.306140 7.879148 9.571759 8.186957 2.017400 0.921254 3.063505 2.208576 5.581111 8.259939 5.085346 3.934287
7.977287 0.636418 180.8510 0.000000 2.230087 3.131006 3.276733 1.689310 1.732570 1.742067 2.294227 1.393239 0.893324 2.939741 4.746799 3.524433 2.964419 2.653039 2.899247 3.399856 4.240476 5.508169 3.818850 2.370184 4.314952 3.584897 2.388216 3.293132 3.280413 2.357446 7.004100 3.079210 3.685718 20.821516 24.412466 34.629425 43.509610 14.816308 24.759342 48.165106 31.180053 45.131978 33.490904 31.613226 23.458861 14.117465 29.673711 20.344440 16.907372 24.428354 20.430266 25.100511 20.491587 15.511800 16.294737 16.855221 21.288600 21.016135 15.649222 10.873222 12.949520 7.182301 6.913059 13.100183 13.065959 4.710340 4.426022 5.674868 6.017835 1.866766 5.124575 2.390664 1.795489 3.662413 4.027050 4.196091 7.004304 7.153147 9.905041 5.003763 3.534548 3.722152 3.896201 6.396852 7.343379 4.663924 4.580428 5.825176 7.815932 8.039339 5.495538 8.692037 13.463653 9.529992 3.729503 5.785694 10.431995 8.837696 3.309386 4.338984 3.588836 4.843098 3.168939
8.022141 0.865465 178.7009 0.000000 4.297740 4.402946 1.289014 4.968976 5.943119 6.289673 5.750011 2.677678 1.896998 2.042418 1.204339 4.650685 6.502978 6.291811 5.917558 3.938499 4.654314 11.416071 9.707697 6.739143 5.868482 6.198492 10.390160 10.900490 7.678201 7.962764 11.597209 14.512991 16.607401 26.325723 42.873312 42.262596 28.087314 22.747511 38.045343 59.576293 40.111506 40.631310 44.253880 39.527329 37.011967 49.045503 47.935694 14.410430 8.557330 25.798130 16.997516 33.870351 35.356541 32.437582 7.267528 19.908901 27.668938 12.601331 33.834835 33.485637 17.876515 17.151513 5.329570 13.375710 17.943808 18.267498 20.539114 15.552204 12.467520 11.099399 9.563382 4.419782 4.979545 4.699400 4.995049 8.980524 6.855153 8.796445 4.290817 2.895766 7.873973 8.978364 7.537120 5.030332 8.093383 7.115713 7.496431 14.057133 13.379340 11.094413 14.470635 10.468011 4.221246 7.070454 7.074623 11.242891 12.308507 5.381391 2.164486 4.514442 6.994878 4.805025 5.449359
8.077324 1.026446 209.0303 0.000000 5.867663 5.444981 2.506781 5.581849 6.291441 4.571512 4.238316 7.819654 4.074151 2.684155 4.114734 5.375574 3.578151 8.500523 7.917274 4.907163 3.468377 13.594118 7.038966 2.615522 5.912666 9.122765 15.407075 9.740621 20.656668 28.852457 31.174427 40.252278 38.420200 52.000179 43.789089 49.808199 50.078161 55.376987 58.949526 38.275409 39.887592 50.064773 38.129051 31.850835 48.791288 69.056517 39.231246 22.547841 15.192938 22.391047 34.455632 37.514434 30.681044 12.256722 18.728026 29.785646 25.873945 27.044479 18.497864 18.444829 19.277424 15.169901 17.880633 11.412362 19.108941 28.709298 21.216520 12.046923 7.334995 4.705638 4.280211 6.206797 5.463980 8.897165 9.389830 8.495946 7.845443 9.520133 12.437967 10.319389 11.732376 8.788985 11.998981 11.870995 6.567336 12.461875 15.460776 14.060076 14.958188 6.546622 5.782955 4.343659 4.641761 14.745411 11.712928 7.878424 7.111982 6.604433 5.220728 6.785879 5.482170 3.423435 3.444133
8.127628 1.019300 209.3744 0.000000 3.124622 6.269677 3.467907 7.847521 5.945271 2.706261 6.003823 5.332421 3.794406 1.091849 1.604059 5.607967 5.301008 4.943343 7.600572 7.042364 3.369857 11.166956 11.355258 4.285793 6.541090 10.750955 20.206605 32.048428 39.909211 20.154620 21.959503 41.670590 36.717772 50.180749 48.265116 38.429280 55.528040 68.312070 53.057185 44.209763 30.468398 51.207453 28.280749 26.183791 42.796151 70.875649 25.355804 18.237293 16.841503 23.428821 27.071296 37.210307 26.547159 10.938885 14.740004 19.132851 18.395658 30.476241 18.434076 21.616750 14.721243 18.285638 16.010253 20.157895 20.613113 23.966121 26.737601 13.574880 7.405627 3.386571 4.054704 5.312330 8.075025 8.535326 3.075613 6.576416 7.816381 4.886185 12.309806 14.615098 12.831839 10.266157 9.725239 13.294541 7.920163 10.083876 16.066990 13.589261 10.809980 7.065449 5.546362 5.635940 5.331006 11.265568 12.882451 7.022549 8.380026 6.930347 5.894976 6.261416 8.122034 7.458466 5.802757
8.177625 0.906619 164.4490 0.000000 3.832152 8.112981 2.133197 9.842846 6.357174 2.107529 5.832410 2.648713 4.053825 2.407853 4.691452 5.110703 4.530776 3.907923 5.311999 9.046468 2.370002 7.624889 6.468017 8.999888 4.217814 7.245527 15.244186 37.123042 39.421659 23.575717 27.722312 37.856026 44.859750 41.172741 32.149587 25.315654 71.778516 53.612045 26.565995 17.406921 19.658255 23.820518 22.317253 20.503406 28.690767 64.252701 43.125072 18.261014 22.924306 30.035511 21.514443 25.522314 23.626162 13.373624 14.539213 20.403455 19.263827 18.828396 12.067237 24.680203 18.484649 21.124982 12.417309 12.343253 16.990807 23.498514 26.706712 15.271756 6.280670 3.986918 3.862643 3.120588 7.475232 8.110464 5.325690 6.638769 6.644770 7.376689 11.520049 11.542567 12.180479 11.238840 10.800595 13.772636 7.682631 7.623214 11.259333 9.803783 8.198125 7.334846 9.043134 6.205792 5.117200 8.399492 7.721259 7.120587 8.302270 5.156710 3.929990 6.757915 8.204135 4.975199 5.877345
8.222151 0.667004 127.7419 0.000000 7.002068 4.971601 1.796502 3.001177 3.056650 4.802818 6.224839 4.419900 5.541757 3.472098 3.032511 3.524603 3.443560 2.694221 1.358582 4.643236 7.398595 4.246859 4.355031 4.434588 6.089483 8.781017 10.341754 21.946467 41.998926 38.593664 32.140734 38.220678 31.507459 19.632048 15.833760 23.809906 40.488874 45.637869 34.296965 26.947674 17.566273 12.957094 14.870178 18.367760 9.811702 26.595761 37.037413 27.988882 17.273211 22.680766 15.060135 3.201020 3.839979 7.930942 9.541107 12.735264 14.708119 7.262927 11.970545 20.914123 12.167899 6.397587 10.624364 5.016564 11.905538 13.614620 6.498103 13.386823 15.649648 6.601339 5.912176 4.725275 3.530182 5.555689 6.064877 3.184434 3.156778 5.078186 4.489964 5.224582 10.695814 14.021151 11.526004 5.399530 4.366903 8.625446 9.859019 7.831214 4.141406 1.942427 1.772720 0.818531 1.454182 3.831375 4.564152 4.041518 3.784953 2.457921 4.011176 4.975007 3.716205 2.275516 3.731152
8.277406 0.347018 122.8615 0.000000 6.643559 4.203886 3.467566 3.391241 1.621759 1.479213 3.456848 3.852339 2.292822 1.712608 2.215229 2.502720 2.796513 3.515998 4.233163 3.141261 2.072605 4.587892 6.854635 6.129106 6.299001 12.744130 21.324761 25.481817 21.698570 12.197806 6.752794 7.601609 10.629920 16.116224 20.807765 19.613408 11.549672 5.085530 9.042376 10.795203 5.514394 5.480167 10.132516 12.434553 13.896672 14.432213 13.282713 10.310538 5.295061 1.236545 2.624377 2.388247 0.867169 0.919394 2.750939 6.625287 10.215697 12.094893 11.957234 9.412366 5.208054 1.960107 4.396409 7.686643 9.112795 8.223621 5.369781 2.794366 3.056581 4.149523 4.317325 4.449556 4.728886 4.662458 4.614976 5.188891 5.732428 5.276879 4.178411 3.582848 3.498529 3.135327 2.483724 1.980755 1.823250 1.705717 1.109023 0.706673 1.253167 1.809034 1.549709 0.633316 1.300886 2.163230 2.214791 2.057243 1.598620 0.878020 1.630745 2.661186 3.368319 3.581134 3.222609
