# LRA Full Analysis Data — Replot Source File
# Source file: pitch_constant_220to220Hz.wav
# Generated:   2026-07-17 13:58:05
# Accel sample rate: 1526.0-1768.6 Hz per-window range (1634.7 Hz overall)
#                    Each window measured with its own real rate, then
#                    resampled onto the common freq_bins grid below
# Rows:        234 (one per time window)
# Freq bins:   100 bins, 0.0 to 496.4 Hz
#
# MACHINE-READABLE METADATA (used by replot mode — do not edit):
#@duration=12.000000
#@rate_overall=1634.654954
#@rate_min=1526.003941
#@rate_max=1768.611927
#@freq_bins=0.0000,5.0143,10.0286,15.0428,20.0571,25.0714,30.0857,35.1000,40.1142,45.1285,50.1428,55.1571,60.1713,65.1856,70.1999,75.2142,80.2285,85.2427,90.2570,95.2713,100.2856,105.2999,110.3141,115.3284,120.3427,125.3570,130.3713,135.3855,140.3998,145.4141,150.4284,155.4426,160.4569,165.4712,170.4855,175.4998,180.5140,185.5283,190.5426,195.5569,200.5712,205.5854,210.5997,215.6140,220.6283,225.6426,230.6568,235.6711,240.6854,245.6997,250.7140,255.7282,260.7425,265.7568,270.7711,275.7853,280.7996,285.8139,290.8282,295.8425,300.8567,305.8710,310.8853,315.8996,320.9139,325.9281,330.9424,335.9567,340.9710,345.9853,350.9995,356.0138,361.0281,366.0424,371.0566,376.0709,381.0852,386.0995,391.1138,396.1280,401.1423,406.1566,411.1709,416.1852,421.1994,426.2137,431.2280,436.2423,441.2566,446.2708,451.2851,456.2994,461.3137,466.3279,471.3422,476.3565,481.3708,486.3851,491.3993,496.4136
#@n_tracks=1
#@input_spectrum=0.000000e+00,1.592221e-06,1.592220e-06,3.847590e-05,4.257533e-03,1.592214e-06,1.592211e-06,1.245801e-05,5.327196e-04,1.592198e-06,1.592192e-06,1.527305e-05,4.221725e-04,1.592172e-06,1.592164e-06,1.781282e-05,3.629502e-04,1.592137e-06,1.592127e-06,7.440358e-05,1.266843e-03,1.592092e-06,1.592080e-06,1.320143e-05,1.662252e-04,1.592038e-06,1.592023e-06,1.406730e-04,1.661109e-03,1.591975e-06,1.591958e-06,2.658536e-06,1.253879e-05,1.591902e-06,1.591883e-06,3.225769e-05,2.768523e-04,1.591820e-06,1.591798e-06,8.606316e-06,5.737795e-05,1.591729e-06,1.591705e-06,4.715497e+02,3.357484e+03,1.591628e-06,1.591602e-06,6.527378e-06,3.332399e-05,1.591518e-06,1.591489e-06,1.505747e-04,8.726015e-04,1.591399e-06,1.591368e-06,1.008960e-05,4.704383e-05,1.591270e-06,1.591236e-06,3.699635e-04,1.813262e-03,1.591132e-06,1.591096e-06,2.763997e-05,1.199128e-04,1.590984e-06,1.590946e-06,5.143265e-04,2.160931e-03,1.590827e-06,1.590787e-06,3.681622e-05,1.395974e-04,1.590661e-06,1.590618e-06,4.299374e-04,1.567424e-03,1.590486e-06,1.590440e-06,2.626201e-05,8.596245e-05,1.590301e-06,1.590253e-06,9.674922e-04,3.099046e-03,1.590106e-06,1.590056e-06,1.091600e-05,2.969279e-05,1.589903e-06,1.589850e-06,7.484707e-04,2.120471e-03,1.589690e-06,1.589635e-06,5.471976e-05,1.437349e-04,1.589468e-06,1.589411e-06,6.128359e-04
#
# Columns: time_s  rms_g  peak_freq_hz  1 track_hz cols  then 100 FFT magnitude bins (in g)
#
0.400120 1.846482 225.3462 225.3462 0.000000 3.019890 1.264513 9.606449 14.158454 10.103639 2.521360 5.921078 7.006723 4.392381 5.869833 6.559342 6.734213 3.867487 4.751358 5.990890 6.876520 9.896199 14.449331 41.894794 48.725764 11.733428 11.662508 5.596990 3.472984 13.182300 15.136396 16.251261 10.992438 11.478416 12.527189 19.200983 14.915491 12.171317 10.233485 17.654303 7.721141 8.300883 14.613964 14.989266 22.795875 29.658695 29.258710 31.202262 153.206267 354.770936 216.723434 32.316525 25.187282 23.295354 16.565232 14.393164 16.232298 6.265425 6.747538 21.889462 14.972553 4.877496 8.880202 18.038272 16.621765 11.892722 5.317936 9.787967 20.195521 22.166675 3.333444 9.713408 20.472497 14.476582 80.284559 87.428687 34.641560 23.841339 40.907965 45.706132 20.922937 11.404788 13.445191 12.852441 13.623534 12.080666 14.324183 8.425808 5.700557 13.395876 16.272200 16.937804 12.095825 12.435322 23.775423 18.161192 9.890334 8.440787 1.821743 6.211223 7.112900 4.869637 4.902069 2.972061
0.455040 1.850268 215.4837 215.4837 0.000000 5.622929 8.889564 12.262475 11.433675 10.556017 3.963307 3.217759 7.848970 14.306190 13.039171 5.151707 3.106956 2.687212 3.811567 7.434728 5.540674 4.621613 23.809731 46.780575 25.726068 10.806609 8.456242 11.050524 13.351183 8.102898 10.415927 9.781227 17.879989 24.387604 11.749493 3.163902 8.597040 17.340991 19.035717 8.630402 6.172702 18.836579 39.041851 29.619512 8.199803 11.801600 155.430966 365.452124 202.731898 12.405443 10.949647 15.831115 30.727100 20.586668 9.183519 7.629504 14.646854 13.026996 5.616484 3.168849 5.723440 6.848879 4.224613 6.771575 5.660345 11.141934 23.719689 16.184219 8.929153 12.392705 34.890479 85.806114 59.877246 7.445642 12.873357 34.226397 45.054614 18.358973 3.216528 9.813934 23.278291 27.558752 13.564154 5.123281 2.062374 13.218991 18.146469 11.617617 3.343106 19.869067 34.698989 20.735544 10.892031 9.347234 3.164789 5.132279 7.870426 8.370990 7.885851 3.803854 2.065910 1.865374 3.016943 5.302630
0.501099 1.844264 219.1731 219.1731 0.000000 4.287925 8.864155 9.710490 6.082363 11.459835 5.802841 3.783375 9.078613 13.969362 15.264434 8.417947 2.625893 4.420542 6.018588 5.114497 7.819544 9.634081 21.283688 40.998007 26.911093 11.007268 11.442865 6.113550 11.038257 11.000795 9.598030 9.275237 9.766382 21.524116 21.296664 4.493929 6.749996 15.484841 21.438822 10.304625 4.762233 5.739738 20.851656 40.812109 28.762456 13.457531 44.801587 224.731221 321.463849 138.226782 6.952116 17.241149 25.415096 27.119449 12.990474 7.495094 5.933272 9.571995 14.847775 8.337626 5.277568 8.589972 6.571879 3.561556 5.578216 7.525799 10.851625 24.638008 11.578580 11.883542 7.605263 21.727404 88.687736 70.329959 16.125921 13.280158 19.531643 48.609244 34.744031 7.489472 7.614844 21.706935 28.546422 18.804011 5.212855 4.274494 12.036487 15.366246 9.618862 8.488217 11.788088 25.959416 28.543222 14.975363 9.921737 8.116455 6.169533 6.381789 4.904959 9.180916 7.335233 3.759633 1.443084 1.138780
0.557706 1.847423 225.5620 225.5620 0.000000 2.988562 4.326375 5.427897 8.525699 13.779276 7.125834 2.675899 5.491172 0.537162 9.765281 6.850981 5.181627 4.159733 6.740254 5.535744 8.179350 11.792729 9.187197 36.370028 54.250127 21.606612 3.546034 3.923549 12.766578 22.553257 17.912672 12.018341 9.879217 11.645718 3.975901 21.911042 15.722039 13.198338 18.596583 14.154919 2.480291 1.503404 2.754728 21.617478 31.723718 10.589499 17.036500 12.455088 183.625065 364.124569 187.010510 11.554530 16.814370 10.835131 33.545174 25.412733 6.678619 4.634616 7.262175 20.587113 26.590405 17.002185 17.701262 22.980399 15.341103 13.271018 13.374768 11.649671 22.759972 33.888613 20.192799 9.445869 5.211858 33.072004 98.417597 72.362604 8.316024 19.622317 15.433193 39.723975 44.045879 13.480162 6.064782 9.631631 13.543273 12.709825 8.515922 4.739360 12.928982 15.315428 10.633733 11.304850 11.300749 21.163704 27.918645 9.842090 1.698572 3.231013 7.951856 3.538122 9.305789 6.776641 7.713952 4.017021
0.604807 1.839097 215.2454 215.2454 0.000000 2.780494 6.529286 5.696730 5.994406 9.173546 9.484024 5.280583 7.532519 9.307457 6.726953 5.635334 4.758684 5.498209 3.660428 3.674450 5.123680 7.549934 38.433281 54.753701 21.649583 6.552379 6.058823 16.744209 29.505815 20.485630 6.335052 5.807976 15.380082 23.326141 20.194195 10.573375 7.944010 8.294552 10.683456 10.169783 10.599973 18.831625 13.089600 15.798726 24.008730 18.828471 198.516801 348.690173 147.921337 15.531461 23.920241 22.776689 26.019152 21.124757 12.482226 17.598499 19.520163 21.575372 17.561360 12.069373 26.136850 29.413169 24.553455 19.641239 5.609286 25.494846 33.953906 17.543849 13.370986 10.565795 52.702469 96.921126 60.100764 21.487167 15.363375 12.988562 29.592392 31.665338 15.133212 10.419222 11.092978 7.857202 9.175737 8.711219 14.110929 5.589563 4.749971 6.369713 9.228661 15.388078 25.365895 11.008122 7.051986 6.476746 10.111610 11.403883 7.759676 5.438537 7.846101 8.702169 10.328506 7.907516 3.628705 2.490950
0.653930 1.838684 220.0389 220.0389 0.000000 6.066823 6.384331 7.954808 7.168485 8.381093 7.700786 5.858475 7.853190 7.998421 5.525248 7.486169 7.152129 6.947846 6.662821 3.926247 1.479117 2.428976 21.284544 48.509065 35.503630 13.984902 10.789583 7.947655 18.933047 23.427704 10.777048 7.146233 5.584392 16.148256 27.185785 19.202428 9.095544 7.142436 8.829524 13.645252 15.101296 9.625048 10.408782 15.834080 25.861010 27.478428 36.244058 196.528037 343.145939 169.418668 23.760723 24.486964 22.411323 21.442612 15.357630 10.672493 21.812437 18.629373 13.517121 14.165153 9.817201 22.118286 26.393025 18.828916 20.472173 14.110057 15.390185 25.624045 18.047949 16.093578 14.236180 24.036002 79.735747 81.883735 32.647583 16.588560 23.373886 34.579532 36.154096 19.321891 13.689732 15.126905 11.328888 11.101979 12.058520 10.210585 10.578178 11.463630 11.045845 9.214395 9.501261 19.020885 23.810308 14.839759 6.934862 8.240339 5.421002 9.269276 5.428672 3.526048 8.179228 6.046693 7.792906 10.051656
0.709522 1.833032 218.2789 218.2789 0.000000 4.728131 2.039372 4.099421 8.584986 9.545671 4.088906 5.364655 6.908782 4.466619 2.089072 3.817713 2.510472 3.089459 3.723762 3.036299 3.719983 10.587293 35.824619 53.197551 26.545012 13.490980 13.700614 7.993449 15.112720 26.220743 20.897486 10.422092 3.182726 11.522374 20.182832 11.161646 4.720594 4.067799 7.625347 4.687332 13.954662 6.960009 8.584136 20.556478 27.361433 27.668215 74.688148 239.395305 290.612999 120.654053 29.692931 32.286191 26.289968 8.306175 11.172237 19.467134 9.178729 18.650180 24.082859 14.315340 3.649553 26.011530 35.393466 22.261140 4.266195 18.703011 28.525511 23.409884 9.018682 22.757724 20.362092 31.071140 93.098877 78.166725 31.200439 21.513228 34.062025 32.561511 16.682371 10.028322 11.814582 6.422695 2.897806 8.092703 6.314398 3.254246 7.756920 9.422433 11.100952 10.106907 7.440992 13.860467 16.336944 8.367686 11.484129 10.532774 7.998295 3.136872 5.932868 4.833032 4.935459 10.700046 11.546194 4.846452
0.760061 1.825682 217.6321 217.6321 0.000000 2.840692 2.969943 2.604373 2.521935 7.746275 12.075049 10.638465 8.155896 6.331618 5.517079 7.480581 6.695926 4.143100 3.517576 4.179406 7.476698 9.825255 28.504130 51.879083 32.004681 9.278183 7.803561 13.532413 20.233829 12.686317 16.655204 12.627175 4.778692 9.338716 12.204003 4.412507 14.439666 13.641934 11.666470 12.359411 19.999805 26.823058 20.569674 11.877539 18.687001 30.779312 128.100470 293.524019 234.959694 72.476415 28.293476 23.629204 11.259353 23.697853 31.721393 17.168341 8.970795 17.277311 23.275251 7.551846 14.488602 27.676039 18.661224 13.658559 16.910200 19.709330 16.169621 22.312118 17.235387 15.945921 31.338843 80.152174 85.981657 41.444444 25.426070 16.620957 14.707532 31.081726 32.455362 23.967725 15.631121 9.552852 10.957173 16.643910 15.783486 11.959068 7.182269 3.883482 11.847264 16.337560 15.425004 12.282005 6.310755 7.015096 7.446443 5.845950 6.073640 7.189277 6.420280 3.604835 3.286278 8.816367 8.970594 4.011277
0.810333 1.822200 217.3907 217.3907 0.000000 2.492301 1.713402 0.495361 2.040356 3.363181 12.011818 9.602064 3.309446 5.044076 4.049052 6.939681 9.811443 8.134826 6.524563 5.324399 4.485473 9.572099 32.827685 53.956378 31.556977 6.316265 3.522628 15.366398 19.590295 11.436409 10.743688 6.680100 4.715241 10.090848 18.225675 14.157417 12.032403 11.360351 5.801138 10.803440 19.792522 34.708734 23.057702 11.554610 9.876395 7.163098 129.814253 300.634395 210.274553 48.082723 4.752622 11.704044 20.318628 39.014862 45.314191 15.879449 6.837081 4.738771 16.337191 13.829843 21.703256 22.939865 5.509434 6.052878 16.883624 22.244311 18.030401 17.383817 9.274193 5.964132 38.024401 98.486386 89.645630 33.689413 8.764659 8.441481 9.171390 26.884751 34.891388 7.244645 11.324799 3.716845 9.940135 10.556122 16.835936 4.898857 7.754199 4.510545 8.371925 8.722914 13.730488 11.080175 3.049893 1.716266 3.837268 8.286335 7.413761 6.006828 6.345644 3.057509 2.749947 8.399114 10.946967 8.145484
0.860066 1.823493 224.3189 224.3189 0.000000 3.306571 3.759773 5.170628 4.792009 4.419772 9.359826 11.866175 6.170442 6.059730 4.989639 2.976729 5.332463 7.835059 9.854457 6.768260 7.245646 6.533588 11.064014 46.830009 47.293152 9.971377 9.617653 9.803692 7.775681 11.894268 7.259104 5.312717 8.761360 10.523548 17.420891 19.969367 9.216394 3.586546 5.627877 12.213344 15.209238 28.795863 35.022986 14.696822 5.952998 6.755436 15.382968 80.099506 260.965648 286.047870 92.879609 11.385300 10.579894 14.289046 16.780344 40.400617 42.588009 15.787356 3.911106 10.403482 12.435515 9.453513 21.488891 24.517118 10.766428 6.573976 19.132849 23.172033 12.615566 10.261915 15.412279 7.513776 28.149672 92.562094 98.977347 39.435243 13.512966 12.013282 5.392351 12.741892 31.168698 27.245832 13.212229 12.230276 9.915812 5.257307 9.966276 13.918288 8.448503 7.048171 10.331394 8.707137 9.624469 15.179382 12.352478 5.328813 4.549581 9.113006 13.924606 12.379790 7.725111 4.849665 3.974069 4.627035
0.910153 1.825218 225.1208 225.1208 0.000000 5.709279 7.589976 5.641393 5.555110 4.742243 8.007091 11.140987 4.938403 8.448820 8.213856 7.330715 4.425123 5.345458 6.567177 1.875679 6.443934 8.952334 5.069341 40.240703 52.288887 19.101855 3.314299 8.226250 12.342734 15.048035 9.414972 6.936486 11.518700 4.266324 12.605669 12.509063 8.912700 9.757631 9.979932 14.309888 8.989314 20.036936 33.507126 21.405588 7.863524 11.983299 24.351757 39.235262 238.399933 328.424407 120.388846 9.185127 21.973081 19.814503 16.107216 34.924951 39.089368 16.969846 6.328251 17.251070 18.595680 8.470266 14.442009 28.421189 14.524741 7.784101 20.957574 19.075542 3.565632 19.470090 22.744241 10.986353 15.138663 74.246376 108.788820 51.661296 17.808488 20.791237 6.751767 12.294483 33.452531 34.803146 16.086209 15.309872 15.791974 10.446258 10.874151 17.213876 12.635464 5.445674 9.521787 13.105897 9.611181 16.112829 14.094342 2.516747 3.408402 7.338457 7.794105 11.354522 11.242012 4.656611 2.617973 2.142724
0.960053 1.836415 224.3424 224.3424 0.000000 2.025895 4.227550 6.281487 6.906620 10.961816 4.904415 9.107213 7.778843 5.481271 3.572954 3.903483 7.209979 3.464397 5.902665 5.606558 3.634070 9.831150 17.076965 44.448028 48.465181 15.205178 8.568589 9.858008 10.978929 17.721942 18.751312 17.328983 14.350738 7.285731 8.650252 15.576815 15.315984 12.462338 4.175574 12.596789 12.999120 13.960475 20.831688 9.091100 14.584368 17.606577 36.518114 76.499790 213.771084 319.167171 159.096986 41.643320 30.702914 17.377039 11.015031 15.705944 21.471677 11.071490 14.371791 20.649348 15.471580 9.696287 17.911101 26.415193 22.245182 15.883158 14.841370 17.562550 21.982440 21.589230 14.897342 17.238202 26.868737 56.205450 88.372870 61.097245 34.733001 29.299992 27.749679 32.067303 24.633198 21.436086 17.984983 8.394205 8.210214 9.051222 13.056941 9.956942 8.459950 9.702394 10.743351 17.665895 11.404942 11.268023 17.012818 13.326657 9.947661 6.981287 6.826133 7.553879 5.389254 4.313976 3.250322 4.588052
1.009612 1.845620 224.1930 224.1930 0.000000 4.323310 2.602734 5.274010 7.500950 13.373463 10.523450 9.289571 6.345863 4.508872 4.204284 1.656858 3.810684 10.171016 13.103463 8.348402 1.149355 9.272470 8.317386 38.154251 44.309766 13.343026 4.499371 4.538837 3.147897 11.937787 11.136908 9.863141 13.363832 4.265300 11.407520 22.263421 17.952355 11.358087 7.276029 8.291795 18.203742 21.541761 24.815912 24.515693 22.105335 15.148232 23.993590 69.441161 229.086504 321.069949 152.228577 28.781047 20.389983 12.176390 18.018744 16.728816 17.791145 14.705040 11.684522 10.229344 11.427209 4.473897 8.391865 15.770776 13.464199 7.867501 3.068791 8.388005 16.293010 12.134947 6.444140 13.928083 23.268622 53.900832 81.288039 47.989923 21.005390 21.665500 29.533268 44.518138 36.294399 22.759336 12.069346 5.183248 5.842623 10.031730 15.908246 21.101498 21.887620 13.859941 10.564428 13.220029 15.808205 22.243119 20.521799 11.736620 8.503280 4.498963 5.714215 6.395776 3.104707 3.268639 2.966515 4.339857
1.060037 1.840280 224.3424 224.3424 0.000000 4.402864 2.809950 5.295245 6.240623 14.828488 8.890006 6.166596 3.758317 6.367761 6.619068 2.702189 4.317897 9.399714 13.576390 13.060894 9.387914 7.456617 8.995942 35.363289 45.832590 15.555441 6.392310 3.808686 5.479459 9.787663 8.491524 8.826222 10.629360 12.761173 19.818955 20.078036 6.623313 4.976956 14.755989 18.406088 19.642816 14.727431 15.189387 26.863156 33.414824 16.847832 7.801360 54.118676 228.755834 327.998762 150.853080 14.007415 7.569755 18.023366 24.626156 15.469739 8.790188 14.160835 14.049045 13.461937 13.205925 8.155822 8.230035 9.788505 6.382894 5.976357 6.222768 8.186933 14.752580 14.413007 10.569340 13.278079 18.217548 49.291909 82.379285 46.292146 9.416867 10.977951 31.325059 50.359882 36.405209 13.067457 8.919045 13.036500 16.696375 9.948739 7.793307 17.345103 23.701807 19.713169 10.916079 5.295382 8.716065 22.547797 22.707934 10.475540 6.535688 6.016200 5.224928 7.472722 6.794077 5.900483 4.935615 3.850783
1.110257 1.843731 218.9390 218.9390 0.000000 4.608600 3.489246 5.619656 14.313303 12.314422 6.090062 5.139752 6.263794 7.757490 8.353975 7.742618 5.320711 3.411051 6.702440 8.692076 6.050559 3.521653 19.023371 43.638962 34.977332 9.967209 5.087247 2.553955 6.446658 4.084652 4.007077 4.563702 10.214172 20.137428 13.203391 9.248101 10.108757 17.870223 14.520773 16.050849 9.440093 13.859111 20.934457 34.486995 34.525371 19.215176 49.146535 214.835329 317.545175 145.190319 12.553514 18.337929 26.143026 21.390560 11.693051 8.388186 9.611705 13.693573 10.831635 6.789047 6.212109 6.799334 6.904757 3.307846 4.380083 4.292679 4.423468 16.527122 12.976819 4.779512 7.579153 29.473090 89.400470 77.671662 20.151150 15.069150 37.644579 50.572429 24.324628 12.252647 14.424047 18.373641 18.441134 15.495373 10.195691 9.274084 11.833098 15.740745 13.737821 8.099570 8.241933 19.573624 19.952235 5.645837 3.954653 5.269633 6.634061 11.328704 9.617234 2.442433 5.909613 7.145854 5.639632 3.166145
1.160024 1.845955 224.2745 224.2745 0.000000 2.487013 5.443563 7.530379 12.981283 10.410072 3.897622 6.411025 1.908460 6.804146 2.570906 5.157023 8.521202 8.285453 7.075520 8.870783 9.917979 9.504678 9.450730 31.744046 49.804212 20.886160 1.913325 6.762022 12.353387 15.579131 11.254709 8.764270 11.977924 12.022014 11.240771 10.222338 17.389269 22.093907 14.358170 8.981336 12.790052 12.527238 13.814591 11.483431 22.389359 25.803036 26.821627 62.715667 207.234117 325.553070 170.359192 29.009103 17.288053 16.449045 23.889989 12.476112 11.304536 9.415729 13.478113 18.169003 18.469376 18.882325 13.255881 10.209071 6.782603 4.738908 10.492810 16.350991 21.611773 23.500915 11.769241 5.605207 14.772759 50.306487 86.019704 51.676728 20.692390 30.425576 41.587547 37.102957 20.440316 19.049101 15.570904 9.296160 6.793025 8.470896 12.126704 14.045437 12.152597 13.115553 16.972635 17.101555 15.195262 19.324801 18.459594 8.583443 2.309195 4.020303 2.894994 6.341658 10.298500 6.852726 3.019043 4.608327
1.214519 1.842937 214.3526 214.3526 0.000000 2.226329 6.421657 4.500582 9.952155 10.634505 5.075526 6.102564 4.968862 4.160264 3.257338 3.416238 7.457089 3.361568 6.600744 3.752435 8.563889 16.374076 40.756683 49.624906 14.399979 6.402361 9.069548 11.665467 17.912746 20.376538 17.512641 8.922352 2.657058 8.835133 20.402364 18.004610 12.100867 13.536526 3.725617 5.074300 11.558676 10.680844 18.571401 21.065436 24.804842 54.063010 193.241185 324.401877 157.187295 30.105553 28.461162 21.761245 17.855568 15.691003 7.119459 3.793665 17.319352 25.351083 19.656139 19.456216 22.882200 19.479406 12.520446 11.206760 18.261967 29.312121 25.429645 13.428143 14.131641 18.750051 51.719081 85.840144 57.976351 31.198189 20.245983 38.993635 28.007084 19.787516 14.929047 4.087963 3.764037 3.882648 4.506209 11.010720 9.019336 13.342304 10.851860 13.306257 16.859705 14.716873 18.250947 11.300457 7.684999 7.360339 7.610256 6.527336 6.226542 4.910014 1.959691 5.562771 7.393812 7.415943 5.607136 3.095125
1.260069 1.835736 213.8216 213.8216 0.000000 3.355104 5.246013 5.505530 8.773352 11.214440 10.790571 9.889655 5.252417 3.386204 1.769717 3.545801 8.118484 9.424401 8.776731 6.257987 5.131435 10.124018 31.289842 48.198968 15.206831 5.358303 7.713843 9.730168 12.041262 8.900298 11.379946 9.310447 12.358590 15.294121 18.556319 16.763183 8.831220 6.233211 13.904681 21.307301 26.979468 17.729570 19.323614 20.508882 19.578429 78.928582 239.455554 301.041981 130.626842 29.143830 17.547710 13.493959 9.032683 19.437699 18.795273 14.026201 9.736451 18.881570 6.209202 4.986000 19.886839 14.313102 9.511139 8.615790 11.706620 15.825838 16.006305 3.051664 13.409807 30.322301 71.146077 73.387938 37.572654 19.999683 26.996595 37.077433 36.519996 32.292181 22.337458 4.648797 5.050591 7.931509 15.762449 19.725255 17.076006 14.468550 9.663857 13.311409 19.641283 20.860341 16.997382 11.398576 4.733562 3.633378 5.142422 6.837711 5.822189 2.507664 1.376242 5.700054 7.144568 3.510845 3.415446 2.327558
1.319547 1.840118 217.9558 217.9558 0.000000 2.984409 2.691709 1.273246 3.217483 5.313686 14.333094 14.515814 6.808326 2.354397 3.461780 3.689707 5.387024 5.680320 5.463295 4.316966 5.460713 12.095983 30.185945 47.915772 33.965024 9.285740 5.005189 16.953046 21.484938 18.301644 15.977130 8.120052 3.685982 18.496563 12.965116 14.237915 14.597162 10.758458 8.042563 12.030496 26.280801 25.153207 12.590920 10.334398 7.966276 15.344839 127.415350 299.690122 228.471766 62.769667 12.528518 10.091491 11.251141 16.494644 28.970875 26.365627 4.921753 9.740660 22.815183 24.624833 25.584505 29.873910 11.340609 5.438665 21.491352 26.022047 27.354119 26.605154 14.424591 8.988294 30.313946 79.771910 81.042292 33.788562 11.315263 8.819888 9.489653 22.004225 40.228687 29.045542 12.852076 7.795917 6.767447 13.283837 17.960286 14.873210 9.731014 5.877084 5.609819 11.808953 24.461420 19.928290 6.394413 5.349791 3.916663 6.355108 8.361455 8.768817 8.281816 3.960694 3.012473 6.871654 8.296038 5.290393
1.369834 1.840165 214.1565 214.1565 0.000000 3.512208 3.381134 1.676246 4.840717 6.230910 6.713727 10.722810 5.016935 2.630152 3.195727 4.306336 5.839833 4.614767 2.028324 2.825774 8.210656 18.809107 41.771605 34.027755 17.491641 21.277788 20.968431 18.097214 11.120506 15.644827 16.928445 10.932034 11.968192 22.215129 24.591013 12.378595 13.644262 13.185365 9.982468 9.031365 23.168056 7.392345 7.524785 8.256957 17.518372 69.231508 275.943984 286.686435 83.550552 7.410630 7.566160 12.842437 18.430243 18.791890 18.827936 22.215666 27.389134 27.759365 8.014374 26.093350 36.930197 23.654662 17.612746 23.744964 24.567071 18.886418 17.603776 22.047805 20.689300 29.981603 67.716888 69.980100 31.940152 13.303182 9.485459 7.499305 17.673900 42.855059 20.662061 9.283115 4.093378 2.982354 8.035881 6.423457 8.988386 7.827317 9.494093 11.297696 16.055990 28.397710 26.374790 14.945375 9.818381 11.470078 10.772998 3.712602 8.612911 9.189266 8.152187 10.971478 9.983998 3.930603 3.102638 3.712595
1.420349 1.839317 213.0317 213.0317 0.000000 4.421819 3.193345 3.773659 5.799097 8.548828 11.756154 10.875301 4.495896 2.278196 2.388497 6.105926 9.516503 9.148647 6.953604 6.805810 3.476992 7.359343 27.551783 38.430323 22.244198 14.867648 16.232449 12.071709 6.880214 10.336231 9.037635 8.105052 9.686673 16.931702 20.055990 21.897572 11.236167 9.829970 16.983833 25.312656 25.761557 11.592682 12.615143 17.113783 20.614680 121.399165 304.741769 234.411553 52.628441 10.022667 9.960125 5.154608 6.126928 18.392646 22.972411 22.850564 15.366834 23.661908 14.083881 17.677931 21.952697 12.225877 10.701919 8.170499 10.367196 10.837240 16.825561 11.985898 20.349096 48.747614 85.741842 30.809297 9.366715 14.130046 16.064935 17.610773 36.138528 43.754736 18.893765 4.094986 7.205914 10.915951 16.203998 18.175159 16.775116 13.816722 7.771032 13.470044 31.349558 27.718109 14.707780 8.363314 6.645303 6.959661 9.437225 7.600292 4.264478 5.829616 7.106975 8.779785 3.249450 2.617544 3.257386 2.554325
1.469551 1.834038 224.6767 224.6767 0.000000 2.634162 1.218458 1.631386 3.162251 2.554613 15.338491 14.539057 5.917299 1.620914 1.655965 4.965955 5.239815 5.485483 5.508890 5.657400 2.315936 6.635955 17.113150 42.811583 52.811373 22.286368 2.134117 6.036008 16.850240 22.250730 20.898037 13.252141 6.652905 5.986717 16.849889 11.572166 10.719282 17.452344 11.248536 4.470715 13.738423 21.576028 27.802459 13.889984 11.930576 8.384035 10.077478 63.230992 254.860177 313.676072 107.991217 17.325218 5.635046 13.729169 18.309663 26.286640 28.960609 18.143977 6.003632 10.085664 25.098799 29.205725 27.904137 22.198952 9.237556 8.138247 19.287419 27.329945 31.253120 25.766271 11.413035 6.126735 27.610411 77.305234 90.144622 42.843089 12.592470 8.906644 9.426214 14.862439 36.884993 34.450037 15.162422 6.958750 5.016308 9.984115 12.377303 16.187108 11.665473 7.193380 4.930944 8.505348 15.887702 20.861981 13.831945 5.568451 3.223522 2.381632 4.759701 7.825433 8.507397 6.381249 3.322383 2.301949
1.520079 1.839864 220.3858 220.3858 0.000000 2.887421 3.677761 4.929530 7.870401 13.243777 13.351226 5.406803 2.815895 1.141923 2.990407 5.820859 3.865280 4.488646 7.482735 9.149253 9.293472 9.760128 24.079886 44.964689 33.902467 10.669835 2.648598 6.541240 14.744059 19.969723 12.668213 9.303790 13.282228 20.132242 17.360272 8.288600 10.661988 19.630160 13.950265 8.039722 5.755182 18.969667 24.217968 23.180855 18.939404 13.546394 15.434022 188.877011 356.295001 172.681280 18.928361 6.097775 15.865557 25.524520 26.920965 16.365175 6.518924 7.004001 13.362018 26.078790 22.093327 18.761571 18.165462 10.782315 11.746829 14.523900 22.879940 28.845433 16.986366 5.285088 5.672967 25.524886 73.213071 83.770625 35.222105 11.206631 17.665437 31.527465 40.091557 24.254961 9.891088 10.758188 7.808652 9.832832 8.749639 11.152442 13.647179 15.155152 16.080919 14.303869 2.974350 9.670312 24.657957 18.181389 6.243810 2.953919 5.118577 6.845671 2.570010 3.471412 5.664054 6.660042 8.022725 6.646919
1.569507 1.840848 222.2131 222.2131 0.000000 4.908213 1.436613 7.738576 9.226723 11.294665 12.917577 5.731136 5.675854 6.275416 10.415006 11.177734 5.881973 6.349416 11.645126 13.784049 12.128834 6.166056 10.391914 31.299934 29.379825 7.381119 7.564063 4.055246 3.726500 6.302380 10.486621 12.295554 14.725363 16.366288 14.941259 10.157484 13.433564 24.338984 21.690435 9.501373 8.446203 8.471282 12.626572 13.414505 20.135055 33.446151 33.398948 131.184215 310.629557 249.763517 77.883153 28.372453 22.955807 9.196959 10.554628 10.465917 9.464288 8.441969 9.942977 21.460450 16.747770 9.889107 8.438747 3.841336 8.217471 9.940658 9.947792 17.406905 17.614864 7.088726 10.146089 16.991198 23.018087 80.264677 52.966479 23.029430 27.075822 29.298303 36.821051 40.707534 17.931492 22.982491 21.004059 12.618463 17.179797 12.575595 5.529853 12.768384 17.539876 20.672567 17.972427 11.826592 18.095250 26.820946 17.623312 7.737548 6.617788 9.112956 8.058562 4.656255 3.249154 4.989579 6.512336 4.004470
1.623910 1.840414 220.2197 220.2197 0.000000 4.014760 3.577109 10.049997 9.687950 9.661500 9.262385 6.182826 7.253711 10.313347 13.355806 12.156949 6.158863 5.805157 7.394769 5.963660 8.352656 5.237764 12.496194 34.687599 33.987146 14.384900 3.139709 2.486708 3.211617 4.703887 7.870729 8.360311 10.670399 11.014188 18.268650 17.123309 9.638907 21.515849 21.764976 10.439045 3.792152 10.051612 18.015496 23.002331 37.334869 32.749334 31.563067 196.387618 354.715377 173.363654 28.079394 19.088139 26.845118 17.396241 11.864379 10.330067 7.488734 8.134256 17.656259 11.988326 6.265448 7.968560 7.084322 8.343933 5.389421 6.461854 5.347320 10.370954 15.403648 9.063120 10.783656 31.561123 70.923617 67.857631 34.058347 21.116970 29.160154 33.133726 41.489514 28.040857 14.763937 24.126025 26.341013 21.879932 11.784365 3.592447 12.519245 8.287628 14.130663 17.384779 6.304083 21.033580 25.270082 11.108408 5.077088 2.389829 6.929632 8.962956 8.272310 4.881733 4.011287 5.687623 3.938547 1.899867
1.671438 1.841760 224.2961 224.2961 0.000000 3.902226 2.977102 9.908256 15.648691 9.351377 3.989997 4.618056 3.929182 3.652795 4.715736 6.221251 8.836119 8.611812 3.458417 5.696033 9.433202 9.444867 12.067669 35.617104 41.554853 11.852633 7.904359 4.516441 1.765972 6.095831 9.762888 11.325437 13.563530 13.810653 8.261167 19.139885 21.929058 14.802339 9.072052 12.173295 14.036756 9.005801 10.780288 18.240218 13.396033 31.503052 32.286431 58.488145 184.150678 329.687514 188.748757 35.498411 20.453885 18.436251 10.724516 13.846288 9.392893 7.937593 14.831668 14.649343 7.026219 4.424375 10.650525 15.100046 12.944409 6.818000 3.290583 7.353436 15.032853 14.685509 6.488663 8.101470 11.586736 33.605358 79.077941 65.234409 30.968442 33.989413 47.342448 29.488114 14.348530 20.349128 11.866854 9.882115 12.431505 8.276927 9.275840 14.574150 8.417136 10.477902 18.998034 17.945455 10.156859 13.033766 20.815169 14.902753 6.995592 2.970210 1.774371 4.564711 3.790748 3.313835 3.108239 4.002037
1.723794 1.835501 224.3820 224.3820 0.000000 3.270437 2.914287 7.451751 7.196829 12.246451 12.183655 11.688129 8.100334 4.923778 3.271386 1.962755 5.466249 9.623627 8.586615 7.250816 6.826592 4.202064 9.671715 29.771024 45.990887 21.620810 6.615962 7.260778 12.726448 10.874124 3.010364 10.579897 6.585600 10.690972 13.647897 15.694467 15.767919 17.135882 8.630100 9.321152 19.567489 20.755832 24.619442 25.991269 16.973729 13.870476 22.388354 85.049060 246.915341 313.039181 139.907759 31.514931 13.486585 8.079901 11.472455 13.419376 18.763713 20.771843 14.569203 11.233146 16.557961 9.957493 9.661820 16.709889 10.432845 9.903792 11.087568 7.980780 11.789855 17.536300 9.285909 12.351877 36.809450 67.876147 74.467812 40.596969 21.353972 19.457977 28.191710 37.090596 34.452369 31.677174 21.175093 9.403342 6.532549 8.839603 16.416500 23.019927 17.550715 12.665818 10.385012 12.411786 21.016576 22.006801 16.213154 11.350110 6.006193 2.940772 4.669550 6.111767 6.250943 4.940988 2.523046 2.929247
1.769520 1.837518 217.7462 217.7462 0.000000 2.985543 3.678261 5.874772 6.739370 10.725214 7.100225 10.829407 6.795801 6.161916 7.553799 5.333108 5.043573 5.653386 3.200588 3.162318 5.863058 11.231451 29.802037 44.229018 25.203017 14.505444 14.086138 16.499394 16.496917 12.943860 9.322913 5.689497 1.860443 13.245820 12.802388 7.463961 12.061256 19.794885 20.795969 15.421247 9.084021 16.759307 32.629579 31.377546 28.473086 41.510671 159.852839 307.065895 196.745512 65.707896 30.970593 20.606670 20.309897 11.233451 15.838569 20.184908 24.036674 22.453713 20.816650 17.670295 18.819506 20.484285 15.130021 12.399119 14.295156 14.374615 14.600570 13.273351 15.036672 21.252711 42.688597 80.272346 68.332724 29.353615 20.324146 19.286039 29.343005 16.144607 24.461972 24.578542 21.436262 19.712860 11.689642 13.966221 18.067323 20.836361 11.395426 11.671573 12.933937 16.227463 24.612807 19.872787 10.708949 8.319967 5.691072 8.849766 7.262826 3.808764 7.464366 7.343079 6.169021 5.075112 5.741098 7.035215
1.820100 1.829046 223.1140 223.1140 0.000000 4.409673 4.564145 4.286482 5.547328 11.640232 11.820927 11.699953 8.122641 5.499827 5.158001 7.990478 9.032294 8.533153 6.642341 5.066708 2.256379 7.791275 14.555323 41.279619 36.231680 9.954921 6.673626 7.388331 7.361644 9.101777 8.684311 5.748853 7.319222 5.762678 14.502880 16.732642 8.291846 9.670543 12.594117 11.702361 17.608224 17.434465 26.059132 36.596333 29.510840 23.884810 16.151123 103.049824 286.133022 264.468311 86.109002 19.723229 19.219690 19.123577 25.478002 19.025639 10.146620 13.087038 12.984093 11.052303 9.214034 7.833181 10.786570 7.760527 4.921334 6.007314 5.126116 10.111022 7.536390 5.617190 10.975167 10.706586 33.567071 85.220284 70.431406 21.447184 19.665777 15.431009 32.705849 45.077728 35.531235 14.360237 15.779266 11.793810 16.659998 20.014547 12.766140 18.905267 21.140176 4.969696 10.762462 4.750579 11.683182 28.152484 14.541873 4.448554 2.617195 9.371016 10.660185 5.981083 5.590880 4.685860 4.825555 3.991336
1.877467 1.833688 213.6048 213.6048 0.000000 4.734042 4.637483 4.464689 7.179970 12.691504 10.143628 6.291742 5.175904 5.917989 5.591958 4.599344 7.848439 11.290239 11.364743 9.970727 6.725306 5.321238 32.297358 44.747798 13.802257 3.996262 3.009537 5.772845 8.682137 9.820985 9.891987 10.128570 15.272410 20.494092 12.602330 3.368725 11.633261 16.388870 19.034514 16.881594 15.756861 26.869589 32.893789 15.454588 9.171204 65.971288 251.070683 298.337249 111.641960 12.398989 10.270402 21.057588 20.620581 10.536649 12.211642 13.677279 13.306032 14.817634 9.619794 6.864604 8.592406 6.550478 4.658077 5.451107 8.553095 13.956379 13.115637 10.035700 12.836943 21.268269 72.267152 71.350099 18.555486 6.407092 17.728698 45.225025 51.728361 19.920199 10.658348 12.965418 14.692464 12.599327 9.087982 17.870559 23.374834 18.593530 9.844321 3.304179 10.431474 25.267726 19.218549 6.678808 7.936232 7.312457 6.082189 5.537087 5.179598 4.424111 2.908770 2.247987 3.652159 2.828208 3.355245 4.491299
1.924865 1.841957 214.1365 214.1365 0.000000 6.067169 4.220882 6.100874 13.629196 11.625445 5.606508 4.827026 6.710218 8.973083 9.835513 8.102218 3.904881 4.812325 7.503451 8.818197 4.620538 3.615922 28.225916 49.113896 20.741417 1.214442 4.494754 3.067491 5.717787 3.489800 4.804110 7.292773 16.404833 16.179922 9.272328 8.082575 14.730469 16.030739 16.147949 7.882155 11.349658 18.260368 36.139556 35.521805 17.493553 36.434651 203.882226 321.970534 145.633059 10.499624 17.472622 26.008477 20.908869 10.617216 6.620767 9.990688 14.127064 10.637201 6.403372 5.596890 6.804953 6.595466 3.648922 3.788517 5.437187 8.786592 14.754581 9.512230 4.472454 15.318752 60.068166 84.434587 40.856764 11.405372 25.407641 52.074678 35.230670 12.523760 12.094891 17.608766 20.879056 16.804415 11.261596 7.466501 13.450691 15.975439 14.091684 6.610334 8.094267 18.081195 20.222853 6.233730 4.435902 5.861250 5.802302 10.079239 8.817544 1.975161 5.528232 6.361134 4.701426 2.781982 2.965343 5.451101
1.979543 1.843293 220.6939 220.6939 0.000000 4.627142 6.142583 8.125599 12.292115 9.763265 4.212957 6.554782 3.886045 5.563420 5.011792 6.220128 8.372741 8.370736 8.616493 9.739755 9.761236 7.660029 15.088830 38.877164 40.012605 13.320648 3.850459 8.866920 12.668439 12.049581 8.219279 9.125123 12.690546 12.904282 8.951735 12.007877 19.609231 17.773220 7.976065 11.570047 13.012383 14.886754 7.559690 21.400626 27.993471 27.186023 33.500498 141.432817 361.797883 224.545365 34.159708 17.628165 17.119803 27.758945 12.091177 10.355851 8.051762 13.008724 17.428332 17.162038 18.324285 11.908537 8.864376 6.304409 4.711081 8.359982 14.875705 19.881771 21.100918 10.376234 6.145839 14.119535 55.814290 83.759190 44.784057 21.243297 31.359882 44.934485 30.255673 20.426612 20.021022 15.654203 9.613789 7.151491 10.703019 14.066640 16.365895 10.161714 14.458858 17.038172 14.415485 11.631024 22.537157 14.683194 4.645811 2.101599 6.256460 1.844504 10.942946 9.627514 3.627791 2.802621 6.667893 3.786261
2.029602 1.843896 218.5068 218.5068 0.000000 1.078701 5.476276 5.195052 5.809266 11.874809 11.781575 6.269081 1.967654 1.446793 3.069602 5.179136 5.119534 7.459499 8.052421 6.186602 10.513186 14.033168 26.292503 44.384899 33.351238 9.536185 3.340834 14.919703 20.845394 14.306168 15.205557 16.967597 9.244446 5.911151 18.555210 12.789687 16.338101 22.100521 5.845869 11.463740 9.126527 13.595356 20.027626 17.449292 13.632787 14.495991 74.475736 268.294473 284.646055 97.060204 13.856631 15.496819 18.205196 22.737749 19.274461 10.363610 5.461978 15.301081 30.709537 24.069344 19.395526 24.179365 19.029801 10.730647 13.677956 19.941292 24.903002 31.056208 18.183801 3.979734 14.292259 51.296565 84.384533 51.297423 19.398130 16.770959 13.172122 36.790295 37.859906 17.268286 8.510353 7.453268 4.678701 6.011035 6.171513 14.803873 18.796475 7.154125 14.098395 12.644936 16.133386 26.454218 10.608384 5.969457 4.124362 9.119763 8.938677 5.597942 8.962685 5.043700 4.798669 7.945453 5.855360 3.785482
2.080225 1.845484 218.8417 218.8417 0.000000 3.546592 5.222057 4.723846 7.169722 3.203546 13.574481 11.481971 5.340596 5.892827 5.728482 6.064248 7.764385 6.547623 3.419236 4.300070 9.600764 9.387740 20.028920 34.815995 20.558767 11.629476 11.254301 15.304347 16.303870 7.003950 11.264592 12.530481 5.721018 11.148719 23.478916 18.395871 15.881856 19.048508 21.592199 14.928403 3.850446 19.746926 20.498762 13.155714 24.313082 21.221621 88.833879 273.695653 292.433887 99.794314 12.891762 15.651201 12.212940 10.618631 12.892040 13.002527 16.474115 22.957452 27.265311 19.537483 15.280409 23.306282 19.181713 3.753358 10.454671 11.565005 7.272202 17.062548 19.525496 11.709929 15.150780 32.606275 79.304880 39.025838 21.846896 20.143794 15.686913 14.219834 43.345774 32.251156 12.373940 8.588026 9.038681 7.664100 13.812088 13.202529 10.573831 15.575440 17.175958 15.383163 21.316349 31.179096 23.765458 9.483787 4.714495 9.675896 12.894926 8.363795 7.249030 2.256452 4.314943 7.228227 5.255082 5.105720
2.130177 1.839762 223.6970 223.6970 0.000000 5.191034 3.347189 1.766125 9.704583 14.107138 13.220858 7.441370 9.829123 12.087578 8.367715 5.401062 6.164367 4.233927 3.975580 4.784025 3.642599 5.781979 13.577085 36.594212 35.959280 14.419792 7.265571 6.932098 5.976611 6.815726 7.839521 6.287554 4.195865 7.167128 19.037253 19.283422 9.641999 6.297502 6.869386 20.637624 16.558757 9.956245 17.544772 34.046449 36.075633 18.257094 7.940558 79.641097 257.322581 297.735061 114.936617 7.265032 10.019593 23.472060 23.120902 11.236601 5.940184 11.287419 15.746775 11.517342 9.704364 11.624968 11.226693 10.602497 7.233191 5.467020 6.270491 8.126353 4.950567 6.935788 11.138731 7.026567 19.480514 65.389062 79.690564 41.369959 10.514594 11.719066 32.287274 46.327557 31.298364 15.909925 11.554609 18.643334 22.754614 17.324728 10.998068 10.327540 15.076320 14.808211 6.330864 5.869151 11.781276 25.997188 18.954314 6.457428 4.360080 3.399264 12.153767 14.211814 5.333490 2.300728 3.352483 5.010921
2.179968 1.831499 219.7731 219.7731 0.000000 3.100852 5.005485 5.975022 15.578690 15.479533 5.762254 1.788474 5.433569 9.418035 9.865531 7.726782 3.520304 3.669734 5.178269 6.450729 5.055002 3.964502 16.507987 39.347960 33.528656 11.148801 4.065055 4.018775 4.271154 5.230995 5.477643 4.737753 6.099466 15.954308 19.349876 7.496739 6.422700 13.285095 21.435552 14.868035 2.256203 3.311458 24.935110 42.062038 33.227251 5.311080 20.551662 188.563370 338.291673 172.910649 6.786481 8.961415 23.509236 27.130161 15.182079 5.151110 4.628697 8.262361 10.933212 4.799249 1.970701 5.394139 7.506363 5.127903 3.000597 2.432606 6.108147 11.328114 8.559627 4.110468 3.949889 23.660492 79.967919 85.152419 19.824752 6.389596 24.023790 53.269389 37.524489 6.744184 2.697255 15.299145 26.449426 23.031463 8.578001 5.176414 7.824680 18.648343 15.816315 7.224359 8.001381 16.047328 19.895777 9.737919 3.887241 4.971505 6.841004 10.448441 9.960026 5.294414 3.816427 5.550449 4.256202 3.135649
2.230150 1.831070 219.3205 219.3205 0.000000 0.740061 5.000220 9.705471 12.943296 11.690379 3.275280 5.526016 6.115058 3.409383 4.417745 6.095421 5.968443 4.324099 5.607561 6.139090 8.459728 11.513662 25.813512 43.503532 26.032020 11.501821 10.019153 4.777627 8.974252 15.324047 16.510137 14.577738 9.536514 9.524466 17.158575 16.887711 13.641095 7.753907 18.238592 8.554790 9.788187 17.874700 11.424970 19.740612 27.314534 32.457266 56.627208 189.086868 323.935789 171.660932 36.692905 27.032425 22.045707 12.276099 13.509542 13.558632 8.584992 14.823562 17.734187 10.993717 9.657050 16.559548 20.361003 16.164691 9.550904 9.040378 16.972254 19.806166 8.778662 10.277144 22.830856 8.251394 80.587683 89.054765 34.866082 25.102869 36.094838 40.666735 20.179483 14.867808 15.494603 10.550173 11.782594 10.263603 13.476799 8.779657 7.074933 13.709424 15.054613 17.449128 12.233192 11.680156 17.010148 13.956799 10.392438 6.840084 6.308550 5.711301 5.918667 6.757907 2.333749 5.123050 8.050169 7.814856
2.284353 1.835513 224.1625 224.1625 0.000000 3.716341 2.942004 3.534928 3.413675 9.054399 14.240332 11.603498 9.352515 5.111489 1.286382 1.042431 5.309958 6.944943 8.766091 6.624256 5.140138 7.085827 13.333174 35.594551 46.669077 21.592896 7.612311 9.032809 12.848328 15.068746 12.276773 14.274075 8.148754 12.030840 14.376858 9.070777 13.420517 13.769695 7.981751 10.005749 20.491102 24.849828 25.076741 18.197135 11.060624 13.940629 24.872408 87.088532 252.231617 303.246849 121.907865 33.054274 19.514433 12.856144 6.992953 17.624736 23.007744 20.991885 15.011801 14.674945 18.696286 13.571442 15.875192 20.457912 15.972421 14.055012 14.797180 13.792635 18.532708 19.781680 13.040627 17.623304 38.001522 72.977848 77.460789 40.608625 21.254504 19.429874 18.254472 30.305163 39.407889 29.020974 16.031323 7.204465 7.224965 12.022873 17.369236 18.992120 16.264504 9.873662 6.502774 12.628970 18.439508 19.930913 9.973677 7.988951 7.053763 5.238751 5.816081 6.532515 7.211055 5.781319 3.244307 4.970367
2.334727 1.838686 224.9348 224.9348 0.000000 4.527811 2.025832 2.006424 2.329214 11.699290 16.275436 4.056833 7.570978 4.809720 0.796460 2.241573 1.666437 8.809077 15.550331 11.067167 4.727250 5.571965 8.331675 31.162095 44.728871 14.052753 3.690796 3.357892 7.390865 12.147267 6.512796 10.228088 9.614895 11.165872 17.873485 19.744428 11.007892 10.203621 11.215961 9.446016 23.928266 24.347802 8.860079 31.135345 23.841297 10.479886 11.054349 38.450752 223.687305 345.050573 156.824574 16.774287 12.561713 12.929758 16.423687 17.587349 7.724209 20.645530 14.441286 9.613595 15.537573 8.965815 6.735604 11.819584 4.901777 3.661592 9.507809 7.800372 11.720411 17.401755 10.512204 12.124051 22.550269 44.271158 83.939544 46.339113 11.303259 7.093482 16.690529 41.415227 50.734027 24.439421 13.490255 10.760244 6.307458 12.423000 12.236150 14.950366 29.089287 20.269814 8.153989 6.729312 10.514717 21.386739 25.033046 13.700080 7.898833 6.007766 4.474202 4.790834 5.910887 4.374962 4.312961 2.869632
2.380099 1.834510 220.0536 220.0536 0.000000 3.352986 3.068509 6.146460 8.383344 13.008273 10.958136 8.539122 5.107654 2.923401 0.854984 1.568665 5.733822 11.210528 11.368718 6.710179 5.395883 6.072872 16.506678 39.509382 29.863137 8.975446 3.849120 4.492052 8.157876 9.483928 6.628599 12.424395 8.478702 9.147090 18.450891 19.561866 14.014791 7.156737 3.970765 16.949013 21.158194 22.035519 26.828635 22.113726 9.545939 22.094806 38.590887 193.975383 350.287756 176.761366 26.903245 19.133321 6.328829 15.437994 17.095833 15.662536 15.312754 11.502616 8.312380 11.105830 5.268173 6.731203 11.245403 8.769630 6.721715 2.985536 7.997552 15.501015 7.525091 7.313244 14.542800 27.998090 69.338751 74.467224 25.922289 24.009985 18.495902 41.039843 44.627167 32.215221 17.050834 9.065455 4.227244 7.857087 10.574509 19.466461 25.587300 18.536057 8.553044 13.097554 13.981189 19.191696 24.121732 13.390352 7.572756 6.451625 4.300818 5.280702 4.092655 3.016189 3.447023 3.218771 4.576237 4.414828
2.429594 1.842793 219.1637 219.1637 0.000000 3.514599 2.203363 10.601300 15.545178 7.812072 4.002763 5.430784 2.908561 2.895370 3.816882 5.581506 8.312085 6.476575 4.413602 7.909691 10.246098 9.473469 24.560116 40.796188 25.962462 10.622690 7.135447 2.435283 3.779551 8.382888 11.177830 11.500614 16.755641 8.980541 15.854245 20.494683 18.558608 8.128100 9.339650 14.407851 8.542679 11.602274 18.420631 10.436455 29.423753 33.059487 52.537442 185.544563 326.994791 177.181776 31.067694 21.964628 14.300277 10.317688 13.713860 9.211187 9.736828 14.277146 13.051742 7.762001 7.318962 11.095357 16.083352 9.130813 5.048095 3.806710 12.802930 15.583689 10.974535 2.587300 16.864098 6.307978 69.511197 86.520045 37.971105 23.898801 50.304879 41.452230 6.336368 19.309832 14.300756 6.821819 10.722543 8.860508 8.859578 15.305949 7.933075 8.646521 19.624502 17.743761 9.277587 14.066210 21.826244 13.805647 6.779744 3.611291 3.048975 6.529641 3.399545 4.072009 2.425075 4.261957 6.133611 4.663406
2.488222 1.841541 214.1007 214.1007 0.000000 3.617298 5.558000 12.000049 13.955357 6.751682 3.228724 3.073040 3.849882 5.400572 5.972136 7.592596 7.460422 5.752865 10.005046 15.577053 11.186828 11.077099 20.098922 43.186131 16.765819 8.431918 7.804664 2.684451 6.296343 10.615026 14.437562 15.286798 21.819110 20.382198 11.510083 16.174576 14.466559 8.491555 7.930223 4.487243 11.020959 10.962008 22.178966 26.067142 18.379008 44.363681 204.155253 326.466676 157.599848 21.090890 12.694790 13.428033 13.505552 11.786855 12.538213 5.311088 6.251436 11.055147 23.225072 18.541787 19.208774 15.488628 11.514591 14.965905 16.388539 8.516507 10.495737 9.011325 15.462272 15.478517 47.310632 72.719725 36.167618 15.818337 39.129864 52.700688 25.026006 8.237678 10.884987 9.126240 12.662928 12.425783 9.416670 9.033100 7.111399 9.943063 19.080116 14.639796 13.980077 25.488180 24.031621 9.489450 8.881728 8.397286 4.921482 9.430068 11.610250 8.023781 2.292270 3.101681 2.552002 4.224618 5.574517 4.879299
2.539423 1.838617 213.0430 213.0430 0.000000 3.818030 6.496899 4.935916 9.506247 10.077685 4.820521 3.874609 6.936773 4.525128 2.928561 3.457783 4.839700 6.833415 10.736196 8.254710 14.626171 18.209802 35.891075 42.660781 15.888960 8.387455 10.583566 11.176503 16.812809 21.147365 20.822490 12.603971 10.153876 15.492432 18.406136 16.965016 4.501765 4.584949 11.256008 9.336642 1.425824 8.891308 20.526173 21.936433 16.319227 78.306065 263.890004 282.083685 87.661278 21.481175 25.892763 22.932593 10.501946 5.391399 15.032607 12.964490 10.338949 20.039699 29.042476 29.662106 20.660882 8.838516 16.758688 24.044422 22.584228 20.713062 17.505328 20.233451 14.102250 21.514615 77.039222 75.473082 25.091352 23.068909 19.789585 46.112505 25.555850 6.922536 10.569059 9.104316 8.699605 9.028283 6.151538 5.447644 12.363948 12.887602 9.048763 16.081416 18.015297 26.911159 14.102020 5.981920 11.274499 8.949112 7.023037 10.096571 9.223822 7.006623 4.806923 5.466363 7.202542 6.870787 5.193820 3.721605
2.589636 1.831999 214.1036 214.1036 0.000000 1.408108 3.824997 3.389534 6.464372 12.463185 10.550847 8.530045 9.561314 7.067566 4.910182 5.199136 3.941742 3.945096 5.320754 5.502925 10.932337 3.719144 39.438445 50.326313 13.857979 9.277629 8.474722 8.509804 19.488413 13.777481 11.866286 13.314305 6.217046 8.278867 5.387073 9.412595 12.079279 13.008065 17.407782 18.730088 15.913273 17.138749 20.082786 20.133745 36.825537 64.547846 231.194713 303.209075 122.805363 33.056331 26.411679 17.213329 19.111545 13.896248 18.418296 19.619078 7.454428 19.294460 17.917100 12.055939 27.552857 12.128290 13.063847 19.770128 10.020921 21.598380 15.747981 11.176115 20.768809 26.938918 70.495467 84.972731 35.861135 26.589489 19.986686 29.298201 36.977294 20.533960 21.252017 18.352418 14.083557 13.789509 14.052410 10.945371 11.907178 12.789698 12.058466 13.467757 11.283522 15.041911 11.369022 6.219863 8.899920 4.930118 8.477534 8.490830 1.086694 5.917714 5.179305 5.103170 9.604719 5.506469 1.812415 2.084492
2.640171 1.824091 217.0372 217.0372 0.000000 4.868090 4.191783 4.599767 7.621314 8.068701 6.164022 9.672877 6.642275 2.921625 3.445922 4.654272 4.390735 3.214324 3.190438 4.753296 8.027630 8.846119 29.590098 47.497989 25.948861 6.660407 4.108011 12.554060 15.914146 12.545627 10.974301 16.100160 11.005871 4.922976 12.231463 13.927187 9.350938 7.091531 14.271435 11.830880 17.826763 16.450106 12.351783 18.295525 32.504744 44.114402 108.406928 289.728075 251.768654 81.771039 42.384379 34.040810 20.848013 5.411321 19.405094 15.876064 9.034205 17.195904 16.638037 12.888395 15.661330 20.009094 17.131257 13.299631 14.000891 16.816978 16.805211 12.858518 14.750412 20.605255 18.996258 66.484349 95.110477 54.433945 29.607333 25.948000 31.362094 19.796471 17.931359 25.150205 5.487730 12.510179 5.644395 12.836263 12.566292 4.225819 8.752852 6.811227 14.069431 10.324547 9.775846 14.892034 10.975461 5.770613 5.872339 10.976715 12.125140 6.538126 6.596801 6.625252 6.441978 6.636373 6.468012 4.276706
2.689620 1.829089 224.2913 224.2913 0.000000 10.345750 6.592520 7.594752 11.106802 6.055622 2.201121 7.829642 7.004293 2.401887 4.563836 3.574982 6.128257 10.096056 7.131946 1.735041 7.036712 7.172262 6.996452 30.493198 42.359640 15.606401 6.118312 8.627311 6.977939 6.226357 4.325521 4.204982 8.785408 13.206078 12.509050 10.136875 13.733413 16.487837 7.642748 6.905753 15.484687 22.105852 15.735814 11.923285 28.033255 38.642045 35.032057 44.032283 186.589470 320.824150 174.655035 22.102572 33.223937 34.714372 23.091351 11.035540 9.358937 12.566134 8.805843 7.278423 6.020880 6.632624 6.832166 7.714686 6.974871 1.554480 4.729398 6.354650 5.364667 10.391708 9.196989 7.936086 10.942943 47.826205 92.186889 71.878045 26.213241 23.620628 38.717339 27.097519 11.484818 17.482467 21.880164 14.271439 8.333437 8.608321 16.592889 18.022883 8.012010 6.622557 14.150947 12.878997 7.653167 13.523885 18.929992 9.954835 3.212836 4.801465 8.604074 13.155101 13.252424 7.321982 3.702180 2.847162
2.742872 1.824401 224.4077 224.4077 0.000000 10.569287 9.090004 7.341009 5.117879 9.637581 11.333119 9.953379 5.902348 3.143616 5.580107 5.236937 9.257148 15.124749 9.942571 2.434971 6.635630 8.859332 6.817341 26.203137 38.006888 17.554030 2.869633 10.507189 11.274065 6.749661 4.238230 4.408473 6.820550 5.739766 20.053200 27.491250 25.569907 15.282364 6.581148 4.721258 8.400489 20.548080 21.803321 23.563455 21.775967 12.056178 25.663961 70.085232 233.001959 325.357210 147.748409 23.242157 16.430272 11.369198 19.277209 20.016887 17.683718 12.365438 4.756540 8.569808 6.894770 10.203738 15.549103 14.976006 9.659320 8.200238 13.464403 15.170838 11.724251 10.267266 8.305945 5.166523 17.370559 52.623571 75.689525 42.421101 18.237946 18.501791 21.674679 36.726032 38.595971 26.781955 15.122764 7.291000 6.798328 12.060541 19.458375 24.088293 17.175684 8.485304 8.045907 11.369756 18.078318 28.814697 26.370022 10.202937 2.707582 4.827760 6.811152 7.512902 8.049241 8.612970 5.368341 2.413602
2.789653 1.827465 217.9654 217.9654 0.000000 6.917546 2.954752 2.088001 3.469531 9.290872 12.829958 5.245211 3.775512 4.153810 3.545390 3.416597 9.579738 10.971006 6.304136 6.499015 9.571475 7.142403 23.604209 37.736990 15.688471 13.965932 17.502505 11.375752 5.198910 4.638152 7.688761 14.248322 12.928553 16.322592 31.738750 25.968721 8.332572 5.059842 5.452621 6.128522 13.656515 10.914487 25.467682 19.926369 9.233009 5.816269 100.478801 287.302969 266.605788 83.993227 11.345981 9.357047 15.988373 13.626119 18.794267 26.758131 15.332483 5.315531 8.492845 8.375223 23.284322 25.553738 10.987077 14.755441 25.371782 20.007087 3.879352 6.428335 7.418657 20.014612 23.628658 42.275199 77.481786 41.524197 10.759220 10.927745 22.440698 41.933224 36.250150 13.094032 3.465114 6.969417 8.721496 8.648288 11.921036 17.522436 10.365200 6.896471 6.454082 7.404127 22.567850 32.113683 19.106710 10.321700 9.024917 7.613728 10.234105 8.854352 9.456517 10.338418 5.654769 3.746456 8.191980 9.661881
2.840084 1.838080 224.9012 224.9012 0.000000 4.414736 1.548082 4.476319 3.032319 7.059916 11.738805 9.832509 4.692817 2.878700 4.268872 4.291007 3.567616 10.385841 3.450622 2.308121 9.537709 8.810564 11.971562 40.407890 46.596297 20.248339 14.256726 16.317765 7.520173 6.198149 7.160707 7.425955 14.861719 15.260522 9.326341 18.213976 15.636446 1.958710 10.290581 8.509128 12.040282 22.628681 26.024838 25.772539 16.168499 15.868800 26.920275 46.040043 215.242638 332.757363 144.948781 31.903678 21.298686 5.582843 21.743784 26.463316 28.411104 28.114002 12.245381 4.386092 8.781752 12.115762 19.133882 17.374093 10.782003 14.829268 21.119164 16.680657 11.024654 8.681704 8.387627 20.027892 32.901317 64.132292 96.477743 59.253483 8.946837 23.110046 21.031956 24.548176 35.801129 22.769198 13.625379 12.861667 7.572020 5.467054 11.645694 14.612065 7.902203 4.104355 11.629885 10.374130 4.047817 13.318881 17.287433 8.230546 12.062717 8.671371 5.911147 10.566735 8.579817 5.504888 10.520302 6.727919
2.895442 1.829837 218.6190 218.6190 0.000000 4.832695 6.760191 7.766930 9.556749 7.957999 2.947503 7.344594 3.460764 3.335092 2.299377 6.091362 10.280140 11.363949 8.068265 8.690167 10.339393 7.518545 20.272797 43.416119 30.200609 10.457861 9.901848 8.451240 11.916813 8.339915 5.513814 9.352753 15.619916 14.508741 5.636724 15.192638 19.607600 12.768639 4.871769 14.935790 18.418875 16.481257 9.304627 24.013804 26.971944 32.113991 76.571499 232.214337 301.562960 137.993300 32.561746 18.706291 22.309604 22.559106 14.843399 15.580740 15.908101 11.427220 14.655626 14.295970 13.695558 9.593982 9.798244 8.086715 3.982294 15.094874 11.810412 21.635577 12.852184 9.112425 17.850260 28.290169 92.758961 66.533320 24.042712 30.889826 37.918767 36.072746 21.048413 18.581535 18.984919 10.985900 5.279235 7.024861 14.323634 16.333765 9.369549 10.752762 16.883020 15.792284 11.882559 20.291146 17.709102 8.315995 3.638758 7.363337 3.909275 10.988653 12.141107 6.868288 3.646486 3.265453 5.490256 4.237902
2.942346 1.829447 224.3349 224.3349 0.000000 3.664278 6.814739 3.370067 10.052379 11.631441 6.249609 6.525785 4.582186 3.641271 4.515077 4.936224 3.894601 9.381469 7.028241 8.560373 5.733426 12.525166 19.273510 41.863214 46.133465 16.015579 5.328187 9.336099 13.236611 18.016936 19.632560 17.330979 12.599291 3.383876 5.650079 14.568743 22.623467 15.445319 13.056754 11.836381 3.382065 3.944048 10.937793 12.753488 18.770697 21.017763 21.573706 62.774602 212.757846 323.517565 159.384096 23.112820 27.066811 21.491412 22.386649 17.940108 11.369320 3.685532 10.454378 23.100898 24.537637 20.859382 21.433287 20.517562 15.122559 11.439091 13.264757 21.314914 29.117502 24.877625 15.118530 13.271856 19.116899 50.283957 85.049557 61.644585 29.591994 22.681998 26.380691 38.828163 24.584378 16.482496 9.481026 5.088996 4.419350 2.945212 6.537842 11.162700 11.938156 12.950110 10.516138 15.014536 17.929594 18.313007 18.729437 10.110327 5.959003 6.890811 6.814794 7.557953 7.778071 5.585589 2.585485 4.266319
2.994859 1.848648 230.0493 230.0493 0.000000 4.605135 2.316073 9.004319 14.633361 10.857348 1.857570 3.793019 4.541705 3.123364 4.199691 7.305725 8.479419 5.837548 1.742997 4.691306 8.135727 8.663723 11.288132 30.000320 43.291136 26.281929 11.599106 8.913628 4.704931 5.422802 11.639588 15.079513 12.441888 11.337950 14.805078 16.606226 17.512977 16.153418 15.005114 13.261832 11.080367 6.433952 8.430650 13.144565 14.118150 20.077529 32.722736 29.386102 34.055235 161.216883 347.115903 218.485044 25.784967 26.348318 25.566352 11.984413 12.462233 16.336810 6.378305 8.063889 14.711077 20.261414 4.468230 12.056875 15.370065 22.139151 9.450784 8.912923 7.062283 18.065329 19.421181 9.519189 8.223253 16.183213 12.202724 49.581791 85.065893 59.421919 25.524558 32.332759 47.367309 30.725721 10.874063 11.883501 14.325597 11.621720 9.689614 10.153296 11.368202 9.379241 6.515017 11.547949 18.080018 16.580826 11.162832 13.833245 21.901860 18.578953 6.711529 7.773984 3.913869 7.567140 7.391109 5.979997
3.040061 1.840936 216.3984 216.3984 0.000000 2.895764 5.367937 10.054647 13.514533 7.508068 2.953297 4.041593 3.998959 5.743202 5.832257 6.796633 8.002027 7.136283 8.826105 13.370458 13.783959 12.570686 18.234497 40.423594 21.444539 8.961257 9.511343 3.858618 8.814642 9.741452 17.968916 16.315438 20.574235 21.893213 16.761333 13.896565 16.826834 9.023300 6.410146 4.968946 6.744135 9.439933 16.906250 23.711056 17.906191 19.323267 124.335210 333.876169 248.752327 44.276152 17.935497 4.004528 20.090157 6.865911 12.266057 10.714042 3.524588 8.656574 16.311982 25.941044 22.892395 18.484462 12.910238 15.055532 20.529971 13.983736 12.900437 10.943859 13.327140 17.984030 11.405363 67.233055 69.927446 14.229204 21.709927 40.485304 51.086339 20.658795 9.079695 9.224822 8.620492 12.299533 10.676070 7.468023 8.003153 7.324017 12.149467 18.047753 13.775491 17.018415 28.259956 23.963755 10.287288 9.576920 8.717463 3.927382 9.906449 12.812180 8.414743 1.431276 2.780131 3.116932 5.075106 5.667244
3.089896 1.840355 218.6098 218.6098 0.000000 4.509354 7.343695 4.359723 11.698765 10.227538 4.405251 5.546644 5.668785 3.109270 2.446149 2.245897 4.658818 6.627642 6.006651 7.862781 9.464605 16.700189 32.151524 43.468177 26.362624 11.402773 11.643418 10.447168 12.064491 19.091231 24.207207 17.672555 7.963820 6.903356 16.745058 24.197071 7.737289 8.819911 7.568662 3.600077 6.169980 8.985249 5.869111 14.203410 24.226169 24.715205 70.301187 231.353652 305.367534 130.261058 25.545308 29.774120 19.470847 11.342405 11.829681 10.571341 9.116388 13.965881 21.418416 23.616536 26.803789 28.403502 15.878776 15.355429 18.820428 22.589620 26.544224 22.946347 15.215840 18.376796 18.968786 29.445376 77.526237 74.832239 35.405436 23.370908 29.026442 38.429637 18.035662 14.061093 9.580907 5.089510 3.252188 5.257775 8.532242 7.679771 8.659460 13.545643 6.883145 15.458133 15.501313 20.555211 18.640030 6.339732 11.407694 8.613436 5.296215 7.949770 8.691611 7.391839 3.746502 4.491101 6.199021 7.435102
3.149658 1.844021 214.1177 214.1177 0.000000 3.767830 3.077558 10.896432 14.300166 9.108448 3.258687 4.277890 6.020222 7.344197 7.921973 7.338165 5.457592 5.765054 6.435300 4.468472 8.878438 7.260004 36.551184 45.679437 12.300480 9.068291 7.175880 4.362294 8.034142 13.066307 11.495631 9.317498 11.220025 19.063764 17.186931 12.361938 13.583364 15.990893 10.157514 3.910920 11.545592 16.754269 22.256850 36.322347 26.891575 47.160344 200.074486 320.323682 156.650200 26.086054 21.379984 22.237690 17.083977 14.092129 6.754452 6.723089 14.144738 17.884411 2.649463 5.093827 20.215663 14.932598 11.720326 2.838865 10.150358 19.570470 13.573857 4.816259 10.861744 15.247521 51.810488 84.997056 47.587930 21.021741 33.831911 46.502677 28.819757 18.182150 6.869079 17.863698 17.075321 14.585686 11.461482 7.327312 9.398263 13.950109 16.713411 13.388202 11.864856 17.743619 19.716999 9.805485 8.696007 4.115113 6.655279 5.271539 4.447972 6.718579 3.361342 5.415305 5.107563 3.484592 4.893761 2.757162
3.200073 1.835767 210.8236 210.8236 0.000000 2.533800 3.685479 7.864422 9.093484 6.689841 9.832959 12.597755 11.884535 9.040423 8.967359 7.686056 4.399185 3.684894 6.610339 3.028973 8.442686 17.289268 40.430768 36.393656 12.188577 10.749935 10.724432 12.042487 11.566202 9.597575 9.471164 9.518955 21.443041 17.326872 11.200826 12.987946 11.975461 12.080294 18.409741 19.543749 15.209037 20.185398 25.798273 20.559907 33.433357 200.385556 356.125058 146.735853 29.538019 7.857969 12.802974 18.689707 20.821387 17.855290 15.014505 9.154781 11.002082 16.917602 15.806116 21.151416 17.209000 15.294566 17.753090 15.376556 20.906873 15.548587 8.280908 11.938382 31.693271 77.372544 69.411441 25.329632 9.147973 21.116774 26.267986 34.423445 37.167784 25.815890 19.671567 17.843989 20.652435 14.149971 6.391768 8.890439 11.369623 7.427558 6.941747 16.685262 25.344788 13.805488 7.029489 9.286570 9.231496 6.109952 3.163226 7.994131 7.500023 3.683328 3.361929 4.435550 5.127428 4.319895 2.234408 1.353412
3.249581 1.837670 224.5705 224.5705 0.000000 3.801547 4.388389 2.443719 3.555262 8.490849 13.474580 16.102827 9.101597 7.260018 2.921822 4.134545 6.829459 10.915955 7.709868 8.253608 6.196042 4.411080 8.498860 30.039833 44.352114 19.968199 6.633081 6.182957 14.887135 12.751627 6.680305 9.706794 7.208482 9.913961 18.624994 13.708795 19.562453 15.718417 2.327726 5.308066 14.848556 29.798155 30.225183 19.447154 13.374228 9.152645 11.831204 67.037261 268.634785 310.607540 103.443443 15.786890 7.480092 4.583694 8.654696 13.990386 26.699411 18.834450 9.667057 8.514836 15.313307 15.192272 12.278519 18.567345 13.462349 13.051657 15.786965 13.251895 16.079137 17.254221 8.923026 11.343856 30.906863 71.934153 74.964412 26.032701 4.810297 7.052929 13.226640 23.770297 40.675813 42.802995 19.574361 7.033051 5.944660 12.997941 22.142543 23.170506 16.989523 10.049532 3.429236 4.413296 17.490756 26.452326 15.413359 6.833054 6.436912 4.660696 4.928863 6.089860 8.411938 7.148689 4.012648 4.655917
3.302690 1.840803 224.3210 224.3210 0.000000 4.825538 5.418200 5.764914 1.896533 9.575785 15.279056 7.632912 2.893151 4.666772 8.515750 7.114391 6.581744 11.544124 13.081025 5.709137 3.414931 6.096178 10.572746 31.668863 39.324215 12.179894 6.656772 3.952576 10.096824 11.687582 6.114177 6.733316 4.535630 6.237375 19.110089 28.798823 21.612630 15.343313 14.339484 11.983171 11.320812 19.897999 25.101153 27.358564 17.892266 18.529101 18.350668 67.575764 253.837318 318.151175 125.682201 13.446647 14.250152 13.868587 17.181536 21.916128 16.724437 9.568647 7.850202 13.718228 15.696973 10.513262 11.869799 10.184294 1.888884 3.146033 7.562219 11.403127 15.467369 15.437574 6.725551 5.007949 19.356976 56.317097 72.343427 34.841705 12.858821 14.294866 18.237143 37.645968 44.013251 25.036250 12.399370 11.794931 12.082506 12.277379 17.609011 22.587340 20.772846 11.602374 8.805323 10.324375 18.078927 30.056551 24.335117 9.251242 2.811907 1.911039 3.356107 4.880221 5.302096 5.222073 4.677372 2.474782
3.349426 1.843295 224.3124 224.3124 0.000000 3.017382 4.005448 6.634448 6.480777 5.178314 13.188924 7.247919 6.262760 1.619856 8.180685 6.790067 3.610543 8.919376 7.525314 5.087943 7.659415 10.157453 4.738827 32.158082 34.468715 15.148120 13.091561 11.363140 13.744724 12.524225 4.464482 8.947891 10.962801 9.735913 10.836671 27.731422 20.275120 14.736520 22.712041 21.602376 12.134319 5.983638 12.501700 20.550567 11.570501 27.369075 28.727009 77.116207 260.553842 316.550066 121.546559 21.180695 19.560491 14.057434 11.139741 15.105932 8.887684 11.838577 22.404016 26.279879 20.652969 13.839852 17.997627 17.250410 9.240432 6.374025 7.791022 7.224405 8.043506 16.230646 17.609279 13.928103 17.573804 48.851686 66.374327 33.803481 18.098126 24.306389 20.006591 28.909444 41.696821 26.072999 14.833229 14.808451 10.904629 8.813059 9.255765 9.681549 13.418063 16.498331 18.413535 14.568469 19.109410 32.590311 26.488413 9.725795 4.649686 5.755856 9.020368 9.074002 6.436414 3.284950 3.422321 4.771583
3.400064 1.846984 226.1090 226.1090 0.000000 6.667429 6.671523 1.699074 9.139301 10.287191 13.454589 11.103819 10.998947 10.459403 7.996499 2.879904 8.254248 4.892333 5.851346 5.173252 4.616888 7.518593 13.860564 35.655012 35.903165 12.972768 12.454916 10.327891 10.489433 7.997214 8.470101 6.921898 6.971580 4.829317 14.370872 26.395632 16.111245 16.109797 5.323709 19.057352 17.125667 7.126657 12.386843 28.345285 30.152578 26.465644 4.929336 23.637346 190.964655 357.055350 188.818656 29.525567 6.776371 16.790233 19.891764 16.798113 7.852872 8.590809 18.967218 19.696570 12.158116 15.242870 13.670747 17.607242 10.899087 10.137129 7.404597 8.302121 9.111572 2.482229 11.620064 14.729870 11.564674 23.993992 74.634123 68.103142 30.081159 7.761692 18.416933 30.563944 46.729815 34.326494 20.184884 8.206294 15.314970 16.868084 16.710834 10.187259 9.353343 12.478317 15.583876 7.343996 11.096875 18.538547 31.899571 19.124700 7.777227 2.548677 5.646229 11.922906 13.762104 8.314241 2.334003 4.847837
3.449579 1.840492 217.2309 217.2309 0.000000 5.904991 5.661727 7.364310 12.435341 11.863593 7.335332 3.712300 8.302987 6.296451 6.099739 8.606125 8.418886 6.255171 6.804511 5.884423 5.957595 5.643448 24.804900 34.442595 22.830756 16.414220 13.672690 7.862034 5.091927 4.862358 7.267640 7.006103 8.096002 21.744376 28.731277 16.399698 11.519439 7.490078 16.658428 12.873333 5.980306 16.917748 31.549459 28.685627 13.467333 15.681137 130.890337 312.718315 236.214149 58.010776 6.758201 12.471768 20.775160 19.521083 11.362370 8.914593 20.476809 13.786354 7.038551 12.968665 14.656150 19.551813 15.352229 13.700766 11.231366 12.667576 9.466570 6.260433 9.825123 9.777510 19.669353 61.443390 73.663841 35.407732 9.149764 17.312454 34.546241 45.118502 21.560118 17.409649 6.848152 17.217353 20.085952 16.902624 7.007741 10.007622 18.058971 15.021311 5.514640 8.506030 23.304538 29.105671 15.099714 9.646238 5.809889 7.575235 11.628107 5.460327 3.557507 7.379939 9.450200 5.953241 5.088987 4.738403
3.500000 1.841641 216.5613 216.5613 0.000000 3.905141 1.538806 2.796544 9.852926 7.533384 7.834836 9.176456 4.183250 2.143821 1.862079 5.456390 10.962778 7.634803 5.369528 6.286543 6.235093 5.130293 22.228768 31.000363 17.067127 19.032924 18.114937 13.742412 6.577025 7.319950 11.797274 8.998927 8.115945 14.064231 27.335597 26.986260 14.034929 8.764061 15.710023 17.568512 19.177023 21.215551 15.825681 20.524823 14.812904 29.754888 190.385650 342.935398 174.845569 37.903304 6.664837 15.710383 3.075784 15.342899 9.326589 20.014025 23.520976 19.483044 18.418367 19.822087 21.345914 21.185431 15.804235 12.066753 11.131919 9.921929 10.117891 10.560406 14.894099 18.665469 29.545181 72.782089 45.791942 18.560339 9.909073 20.791267 10.789533 37.752090 42.923448 20.193548 7.661375 8.635797 8.958510 11.790055 15.927366 13.734207 18.637782 12.463237 9.149956 20.822942 32.783509 25.860698 15.007706 9.233903 7.992217 11.352561 9.759626 3.927091 4.391469 6.277992 10.810767 7.185688 3.827211 2.281051
3.555943 1.837657 223.3279 223.3279 0.000000 5.501979 3.712481 4.225568 11.807878 11.436663 4.949243 10.536588 9.110798 2.041149 4.531933 6.056883 10.356462 9.866624 7.936249 5.332014 1.574871 3.028985 10.598515 33.544419 40.840228 17.553861 4.883368 7.110684 7.929369 5.855412 6.975088 8.908720 6.369058 5.975740 9.741053 12.705150 16.165755 14.566323 5.773831 9.231911 17.387137 26.753066 18.980601 15.933229 29.652846 28.423444 27.386890 97.733826 260.536554 288.385989 119.123759 23.780255 21.856825 24.773968 16.354695 12.414521 17.467846 14.341818 8.728337 8.430868 9.781542 6.557618 7.466836 8.233549 3.572178 3.208812 2.458944 1.557707 7.033214 6.301108 9.269520 16.038153 26.530147 71.266644 78.656445 42.312437 18.225543 25.163110 40.285769 34.872440 26.880579 30.013428 16.066330 9.573072 3.173581 13.902639 21.580125 17.603495 15.740610 15.175787 8.236349 13.630588 14.789700 23.666292 9.203209 8.412635 1.670743 2.280044 7.470825 9.647006 3.411541 2.607725 2.488074 8.527121
3.607219 1.828891 224.3611 224.3611 0.000000 3.423423 1.361445 7.189195 13.715010 9.233531 1.261340 9.874980 13.664409 6.629268 4.608140 8.376729 10.892052 2.694839 5.650065 1.599079 4.104855 2.180236 8.233864 37.257018 44.966927 15.845094 1.218204 2.424576 1.850856 5.920477 5.812887 3.178977 7.998313 9.652895 8.782499 4.861423 8.941611 15.044795 8.378413 1.171952 7.915704 24.776314 17.789666 6.220523 26.629889 42.228402 30.860671 39.910388 189.254302 326.666752 177.532187 22.192002 25.685336 32.373018 17.356461 2.444349 8.605801 13.685979 6.526974 2.090172 1.780959 3.459754 5.578132 4.419441 1.981031 3.129982 1.883119 1.333985 3.847380 7.577580 10.354523 9.568657 7.192719 40.048706 88.936231 69.893007 23.210990 24.322858 45.683750 35.573482 9.502940 13.646473 25.743083 16.860991 6.935842 12.303446 20.106470 12.557103 4.151880 9.253869 15.243785 9.522365 3.538032 10.771564 17.177398 11.706529 6.147621 3.824687 4.792239 8.944286 9.244147 5.308982 3.653896 6.540782
3.650458 1.823174 220.1988 220.1988 0.000000 2.161983 3.560260 4.681545 6.900407 13.095648 11.454579 13.736659 10.776476 3.644425 2.988122 5.664583 12.326919 11.239232 6.460541 3.595608 2.445154 2.127500 16.100235 39.643871 30.814177 10.091911 5.741179 4.970904 8.355636 6.964493 4.850557 3.697088 4.961004 3.246855 5.384307 9.505650 13.628945 6.670281 2.971777 7.717329 22.436163 32.358207 25.497290 29.086858 15.668668 26.592470 39.145422 194.860876 348.878922 169.138123 25.309982 19.722986 15.507960 24.330387 22.646648 17.066755 7.322352 5.773981 3.569632 4.856029 4.360822 6.381337 9.022589 6.204819 6.637566 5.665393 4.162307 6.780827 6.340033 7.207581 8.822693 23.692948 76.184610 81.098127 33.173690 20.073322 18.204169 35.356229 43.290443 33.327293 28.246486 14.350734 5.609071 6.435315 20.902711 27.501878 20.398581 15.124697 7.653430 7.556142 10.557372 14.867872 17.781093 6.643607 1.905143 3.981863 2.173923 5.484316 6.891316 3.788466 5.699557 4.744823 5.792737 4.640709
3.699954 1.828338 219.6851 219.6851 0.000000 2.801022 1.733080 1.507829 4.206079 11.829792 14.971934 5.778981 7.459031 5.830081 3.255592 5.772047 9.054897 8.913394 4.603063 2.473697 4.256828 6.778664 20.706761 44.264625 38.021132 14.034970 7.272950 13.978077 19.165057 15.490940 12.484151 9.844511 3.329114 6.907736 15.255546 18.982143 10.932367 1.972358 3.578993 11.919570 7.986214 24.291287 34.008259 17.261386 8.327935 11.767857 31.839459 231.693968 322.945424 124.442729 5.864226 7.257165 6.680256 22.955472 34.226828 22.052589 6.262267 6.130091 14.566679 19.257002 22.669015 25.868382 19.571625 10.067605 15.824602 22.462278 23.009620 22.307153 17.081576 6.038608 5.355037 45.180100 98.722205 67.219398 11.451144 4.067305 6.869711 20.041780 47.620111 31.052033 9.611974 9.809849 7.126310 11.907293 13.921235 16.565073 17.656452 9.874685 2.779128 1.870825 10.240827 20.468054 15.097688 4.133010 4.183899 5.250534 5.127938 5.812650 8.478800 8.780542 5.001815 4.894159 8.673697 6.767288
3.759572 1.833264 213.9809 213.9809 0.000000 2.167234 3.140263 3.264562 5.345891 8.580952 13.230623 7.921205 4.137725 3.554719 5.061852 3.431566 3.458383 6.180979 7.020023 10.273088 10.355887 8.390891 38.757546 45.235945 16.897107 13.131320 15.946401 17.893677 14.015893 12.993384 14.687657 15.524396 17.677323 23.585717 20.240388 7.175351 8.992456 12.474664 7.465804 8.731788 12.878062 22.347174 10.935572 12.336485 9.342123 63.819558 251.067341 295.709272 108.036788 18.156465 6.137325 12.306227 20.443692 23.374447 23.640212 16.799613 19.379829 21.779352 13.331449 24.985065 32.703782 21.667962 18.607852 29.184488 25.321525 18.131495 18.180649 16.944709 18.269162 31.484104 73.504809 75.963936 19.561643 9.123473 20.006391 17.192101 41.042248 26.879328 11.259568 6.749548 6.585518 2.965293 5.481889 5.930936 7.334935 7.135442 10.326170 5.568192 9.976170 23.319514 22.968948 12.711591 9.289488 10.875823 9.764053 3.157841 12.376662 10.982918 4.837604 7.270445 9.667427 6.507892 2.558650 3.352559
3.809921 1.831026 211.5361 211.5361 0.000000 1.044955 4.108811 4.599843 9.426794 14.660961 8.476745 3.012708 5.139390 5.887678 6.618522 7.243180 4.969924 8.170735 12.476007 9.287312 8.241065 10.899900 35.719102 33.989763 12.526524 12.057760 12.097995 7.171846 3.426318 3.421822 11.686958 13.175743 19.225610 17.609926 7.912033 17.404532 13.700225 13.460478 12.915642 16.055608 17.942824 26.559856 22.522195 19.085423 19.308297 136.707855 333.134215 219.054405 31.676730 17.014683 9.571071 18.703810 17.482206 18.974160 14.173320 11.116532 11.704799 10.272767 10.120778 15.410945 14.438903 16.393732 16.364984 13.963642 4.766529 4.004426 9.197358 9.550789 21.659712 44.077991 79.690101 46.221864 18.987564 20.228622 37.137628 47.880650 17.649846 18.082305 15.642687 9.271819 10.096575 13.046362 12.088306 17.619237 18.520495 13.161309 11.473524 9.534398 20.093882 21.543540 12.744522 8.606988 5.277190 9.290859 11.254399 9.167371 7.301987 6.123583 2.623849 6.374618 5.815126 4.832958 4.475358 4.522477
3.860112 1.833708 210.6447 210.6447 0.000000 3.431720 5.636945 5.907682 11.771767 13.649083 7.654117 5.891119 4.019212 4.908972 2.083936 5.385908 9.586988 10.516169 8.068854 2.951566 8.582627 13.356388 38.499639 34.346256 10.848158 6.882034 5.943586 8.580212 11.361182 10.763586 13.824363 7.016183 8.292697 19.120276 20.164089 13.053436 7.510316 11.680830 17.078815 19.984804 20.778031 23.112492 19.022710 23.006097 31.831873 153.255454 363.908268 199.679929 29.956085 24.064142 12.971975 16.373567 16.072555 15.467320 10.807556 13.518396 14.628062 7.048044 7.384093 14.412433 15.494650 9.805024 2.028120 7.481262 18.471097 13.342947 7.130815 14.134096 22.657290 61.272171 80.544101 34.376911 28.192693 19.268360 46.737494 37.094592 25.214369 18.908233 6.666856 5.159503 8.127983 14.460095 18.419024 19.849482 14.209304 10.043683 15.809069 16.007034 21.877011 16.730546 9.118255 5.557278 2.298747 5.649953 4.523753 2.917814 1.788544 4.611074 6.968823 4.271979 4.330661 0.629636 2.625552 4.696998
3.912031 1.837177 221.6320 221.6320 0.000000 4.209701 3.195039 5.339450 8.466175 11.987356 10.893523 11.243817 7.398121 3.264245 4.490433 3.460802 4.015065 4.972777 3.846136 2.244800 3.941567 9.173489 28.339544 47.619484 34.147689 9.005326 6.250003 8.739682 13.588445 21.144128 22.564773 13.819929 8.079818 6.613357 11.938755 20.617735 14.872241 10.093342 9.515725 9.838436 8.169270 16.063404 12.395624 11.398172 19.354181 20.553636 38.532109 142.103905 320.645603 222.856636 66.722078 23.893124 24.889581 21.358672 19.426009 23.556695 10.988691 10.122474 14.307137 26.236636 24.619006 26.940308 27.858032 14.063497 9.404490 14.710862 23.447820 33.813002 25.644848 9.335506 9.693174 21.125007 45.329352 89.240287 73.675286 32.817504 22.077584 27.689133 28.301631 24.098432 20.819812 13.496346 3.666546 3.311574 4.403865 10.182906 8.655245 5.572367 9.329077 8.435833 12.394828 13.102748 14.288463 17.380848 12.412709 5.975144 5.650131 8.374889 8.203586 7.281062 4.794631 2.212356 2.667711 7.892195
3.962606 1.835118 224.3523 224.3523 0.000000 3.855664 2.135931 1.163733 3.389704 5.175679 16.972160 17.273481 8.321628 2.097851 3.268637 3.977749 6.447843 5.803865 5.486540 6.315816 4.792709 5.603140 12.447350 35.341586 47.431127 21.098015 3.408599 5.095741 15.989378 17.054825 18.381848 10.696645 6.349603 8.517108 14.333554 12.756891 13.493061 20.940747 9.218425 8.049846 15.988677 27.376401 26.446664 13.682781 9.799147 14.591358 12.577840 79.282286 271.362830 296.494458 96.023477 16.205252 8.942676 14.776795 12.446436 20.058129 27.283586 20.696531 6.890087 9.654695 25.098688 25.272235 24.426233 19.087344 8.080172 10.122131 17.363898 22.688656 25.178256 22.136423 9.700159 7.343370 34.087096 78.032417 76.752512 30.642030 9.333849 11.024170 10.909566 18.035187 38.892328 37.072508 16.342064 6.139813 7.100914 11.127451 17.465556 18.279101 12.824711 9.625440 6.675969 7.795450 20.365423 22.352179 11.173383 5.538407 3.353194 3.336091 6.264070 10.706225 10.324121 6.189768 2.411622 1.700598
4.012338 1.832994 221.1067 221.1067 0.000000 4.759774 6.092984 4.669380 4.315744 4.091934 14.505740 11.915188 2.658598 4.812952 2.012933 4.208734 9.996298 8.859117 4.502831 6.650214 6.202804 5.386683 13.869227 31.443397 29.772201 15.273144 12.988832 14.105186 11.404306 9.275352 9.847856 7.413750 8.202835 6.671275 14.830769 24.931133 24.382525 16.682601 13.126674 20.339901 17.124303 23.904869 19.059405 11.538006 21.449036 17.439616 27.895000 221.012785 352.990724 153.977498 18.765032 13.673249 15.343181 8.187269 8.000215 12.792264 23.534246 24.694504 19.186570 22.975041 16.610952 17.657408 19.187467 8.804794 10.097846 3.805536 6.702944 3.818494 12.925093 16.379925 17.338823 29.988417 58.521432 64.495960 25.097146 14.463628 16.344635 9.722476 20.855839 45.039010 34.180287 11.611663 5.742806 7.701967 8.944905 17.212158 13.645196 13.469461 14.934069 10.506185 14.369689 30.608645 31.500113 17.558579 7.187796 4.699536 7.332385 12.390575 14.087092 2.445361 4.173695 2.848361 4.512692 7.173139
4.060075 1.838982 227.1500 227.1500 0.000000 6.058012 6.182328 1.897514 2.283310 4.177226 13.363021 13.424476 6.312378 2.297780 2.507403 1.981928 8.813732 10.809960 7.416053 4.778443 4.297960 5.651930 8.315773 32.522245 33.966621 11.507193 9.540997 8.861710 7.834377 10.208562 10.942574 2.981377 8.457855 6.433231 9.795303 24.541498 25.724673 13.630163 10.311508 10.906568 13.988239 17.201363 25.906722 33.283736 25.758731 12.934809 16.518609 11.226074 156.916277 322.199929 217.050445 51.889828 11.620232 11.154223 19.262927 23.966315 17.773116 18.437570 18.141094 16.929791 14.260884 10.700249 12.773719 17.914959 14.620045 9.829364 10.002921 7.437158 4.659005 5.135881 10.120165 12.478110 14.769660 29.206122 67.469991 77.767282 38.509255 13.487894 10.437714 11.886042 30.796722 44.120986 26.080631 8.587009 5.547456 5.618208 12.208400 18.193977 18.048114 13.420721 9.491261 7.736368 8.805175 14.271864 28.285274 26.147005 10.403466 5.223390 5.244099 12.305443 18.731214 14.336391 5.505585 2.075105
4.112409 1.837292 222.1281 222.1281 0.000000 3.469202 5.294984 6.720539 7.203870 10.397564 11.138624 7.393525 3.358816 3.157601 5.077949 7.468521 5.017952 5.350364 8.656301 9.346720 8.417995 6.896655 15.598105 37.046606 34.720704 12.092563 7.672078 5.327632 3.461505 3.875580 7.891261 9.054116 10.438303 15.505886 22.377181 15.456101 6.763374 12.399732 17.047765 16.232159 15.980325 17.456132 27.614048 34.607264 23.774827 10.506128 12.657033 129.088094 311.185874 239.462293 68.560899 12.466900 12.123567 27.513682 27.276747 12.788147 13.069754 12.158197 13.540020 12.902418 6.154325 2.492563 11.429198 10.169596 8.296556 9.289630 5.081123 7.774792 14.517592 11.424545 7.774343 14.939582 35.760666 95.576230 66.570023 9.937641 10.751598 24.114266 39.301081 43.146812 18.466193 9.560550 11.323773 15.148556 16.443227 11.512046 13.747082 18.026992 18.285562 14.038760 9.134840 7.680821 17.653667 25.369898 13.893015 7.225548 6.729557 9.509984 13.196267 8.836752 5.960631 6.782780 4.512033 1.612469
4.160105 1.828669 223.1629 223.1629 0.000000 4.121426 0.616275 8.544471 15.655283 13.250014 3.480951 1.504764 4.993531 5.239715 7.467744 8.597291 6.161959 3.537197 5.034661 8.796600 6.124808 3.429806 9.263575 34.154736 46.417185 19.956233 4.863380 4.921900 6.849446 9.280038 5.611873 5.783478 4.288478 11.584327 23.339461 17.877331 6.522474 10.696405 18.828137 19.162385 10.856551 6.990236 10.765926 27.003398 36.697514 23.118079 8.639222 77.909956 259.423065 292.417937 112.791851 11.236398 12.448903 25.088229 25.148038 11.503438 8.100771 9.889731 17.882636 14.646945 6.456379 3.944656 10.896265 8.267098 9.394255 6.192717 5.359751 7.085521 17.635581 14.776508 10.421320 7.764127 20.059939 77.708278 81.633913 23.765501 2.769358 24.754838 50.373049 37.872033 8.068731 4.778358 10.069291 19.006762 19.060898 11.266425 6.253957 3.464804 17.315276 21.143123 8.602826 3.641615 17.834160 28.551838 13.619660 3.242232 6.296177 4.035850 6.423809 7.836735 5.546463 5.267842 7.847148 7.187465
4.214302 1.837977 224.4283 224.4283 0.000000 3.315052 2.123757 6.407172 12.539464 10.347782 5.599215 6.935633 9.460725 3.621444 3.631377 4.299286 4.520862 7.855508 4.040179 5.588696 4.947480 7.151103 16.416146 46.685563 50.370041 16.869316 2.435726 8.312603 15.015818 20.207267 16.925073 9.975362 4.769960 7.005648 14.582193 23.850503 15.235800 4.503149 8.879277 13.077819 8.848204 18.789412 14.779994 15.850826 24.044006 25.081229 21.608019 60.470925 224.620400 316.753412 144.408187 24.026897 12.449535 21.418399 31.219652 24.960702 18.823725 16.331657 14.330122 21.899932 19.261486 18.232931 23.411239 22.277623 14.742952 13.575970 16.920800 19.450961 25.108419 27.349999 16.659323 9.766903 19.956670 58.694274 97.026986 59.350040 13.666868 14.511198 29.354453 34.288469 23.263913 11.938094 13.693418 10.261779 7.918286 8.697553 7.449117 4.897152 7.232290 12.313212 10.830016 5.191842 9.628358 19.334642 16.979561 5.339097 2.867104 6.284419 4.573114 2.470044 5.686537 5.976890 5.667492 6.595109
4.261102 1.839316 224.3336 224.3336 0.000000 5.206040 4.252900 6.098793 2.866636 4.665003 5.000050 13.365058 10.729819 5.650939 2.005739 1.786399 5.293341 12.123174 11.628732 9.458583 5.952145 7.355345 23.796821 49.901913 37.852979 8.914741 5.990818 12.142284 13.089186 14.337275 15.476761 9.830882 6.118491 8.437253 10.212429 25.300476 19.087765 5.416185 10.646697 11.871478 12.585837 25.458288 30.349799 14.640101 2.967799 7.807261 13.505831 86.441302 270.968752 288.887762 90.034274 21.072828 2.387489 7.372140 23.384389 35.969988 26.158878 10.602568 10.858566 18.968014 16.924716 18.726707 27.397036 19.319560 6.108986 7.524656 15.426795 26.938333 25.354706 16.658591 16.075031 13.803935 27.870169 74.390526 92.199070 44.873407 7.919472 5.944888 10.339276 17.606452 31.145418 34.297834 17.899515 6.576236 5.821152 9.494457 12.339865 13.163463 12.573924 8.916942 6.631422 6.810278 10.989568 21.078679 18.367392 8.750246 7.621262 8.763478 7.651535 4.565651 4.762969 7.032021 7.340032 5.084152
4.312303 1.826665 218.6375 218.6375 0.000000 4.286567 5.357062 2.984362 6.535981 8.088638 10.910708 11.420495 4.968263 3.997748 4.388870 3.467286 7.847041 15.154863 12.241993 5.098510 3.362576 5.347713 23.604899 39.432715 22.674497 9.676703 9.111582 7.675127 7.122235 5.055338 5.385113 4.414934 5.395458 13.716627 24.943875 25.466974 14.000707 5.014223 11.212326 8.233855 23.653338 34.559558 21.970479 11.463979 13.615933 16.906746 99.723618 279.751382 277.434062 91.003344 13.971855 14.294755 8.213613 17.986209 26.626967 12.982665 9.675728 11.487274 9.749315 8.727292 12.201745 14.409696 11.726553 3.890891 5.088076 11.296792 17.323239 9.885708 7.047999 15.012656 12.281337 45.278579 89.524312 45.832452 11.369430 6.706640 13.827633 32.907297 44.718262 36.083987 15.254888 8.045088 6.351866 7.216176 19.110668 25.206889 17.121807 7.833054 2.244158 8.663727 21.296631 27.767091 16.784147 8.668981 6.526792 2.750507 7.602608 7.818521 0.471636 2.808779 6.132103 7.363879 2.028882 0.708773
4.360084 1.828319 215.3200 215.3200 0.000000 6.040327 4.314745 4.923435 11.438523 9.431672 3.839762 9.615028 7.496510 4.708034 7.049542 8.881598 9.173521 8.130442 5.902125 3.207162 1.407775 5.232410 30.251552 46.735759 20.081718 1.232843 3.855954 5.926117 7.232685 6.089991 6.575794 7.460474 8.706235 12.275917 10.762786 13.959346 12.817873 8.866911 8.065465 17.997648 24.947967 9.109202 25.440485 35.947617 27.815410 32.438047 154.554388 356.085837 193.218604 27.130993 22.750631 27.390204 20.920248 11.441293 14.713107 11.067721 6.049798 3.436913 4.566595 4.906892 5.066413 5.640925 4.668803 1.887240 4.123223 4.353852 10.297529 4.484397 9.224911 14.874740 31.286806 88.308252 70.267668 25.931974 20.786173 37.632662 39.743783 24.704864 24.150342 21.730933 14.443414 8.359955 13.671287 19.748333 16.753055 10.562380 13.793950 10.009723 11.846185 8.916828 21.833335 10.973447 5.237196 3.251159 2.985376 8.504566 8.558580 3.665050 2.760981 6.099016 5.825340 3.228610 1.120993 2.663172
4.419491 1.832759 215.9006 215.9006 0.000000 7.848748 6.898589 6.824895 12.178554 12.087274 5.833944 5.134453 9.966764 7.376014 8.330325 10.582488 7.387063 6.063461 6.108926 6.218586 5.115841 6.231010 25.346619 42.887172 20.419763 3.603791 6.940917 5.046075 7.587929 3.490893 4.510768 4.019404 9.057972 18.536945 17.920523 11.706921 13.271822 14.363316 12.866035 11.983821 11.893059 22.723502 32.691616 32.521314 25.633159 15.893672 152.563108 355.665344 205.996434 16.491607 13.354473 22.174642 25.391012 18.523297 9.234575 4.964373 8.507759 8.401063 8.404279 6.122282 7.602282 6.372330 3.545003 2.934901 5.087359 9.262381 13.287029 7.163375 5.147106 1.428602 25.408013 88.018622 73.717090 20.753475 8.685658 30.600017 45.319222 33.710672 14.986961 13.932733 19.132352 16.972017 19.821907 12.023012 12.657956 16.103339 14.694782 9.759002 7.946434 16.438921 26.456919 14.631404 4.555842 6.023684 4.200431 4.678266 10.300136 8.593994 4.563788 5.672254 4.586536 3.311751 5.522375 6.234280
4.469453 1.821223 214.2259 214.2259 0.000000 9.570790 10.120690 5.743368 4.794658 11.347246 8.436661 5.661513 8.048424 5.762884 4.948358 8.677768 12.024979 10.490185 5.869317 4.439705 4.269197 7.644295 31.299229 44.437191 9.781030 6.804237 5.171409 8.262514 15.023319 10.585404 3.281429 1.451878 7.138843 21.686193 28.169292 19.505401 12.203113 5.559017 9.797489 16.559461 12.871343 24.362476 27.675566 9.368626 25.617696 53.793418 234.526045 314.481218 125.214121 17.155009 20.158784 21.516784 22.584753 14.742987 15.459150 12.045653 9.505569 13.010822 7.011947 14.696256 19.036384 8.784180 7.024244 11.428279 10.539372 13.606352 19.641736 12.416446 9.649988 14.462934 57.123013 77.789856 34.305149 18.843596 8.662064 26.823687 45.420956 25.139412 14.062438 15.754027 3.859657 14.892749 16.760793 18.249505 20.060587 12.346976 4.723238 9.843329 20.168732 28.387190 22.070952 10.234451 4.809528 2.510451 3.691365 7.683625 4.985832 5.906926 4.875918 1.225755 4.550124 8.734734 7.601190 2.611005
4.520093 1.816357 219.7988 219.7988 0.000000 5.796104 4.143056 4.764989 3.611432 7.978602 11.383528 5.213729 6.284462 5.796700 2.199960 5.024554 8.627658 8.494053 3.543683 2.080168 3.563255 8.456021 29.368598 49.662833 34.619586 9.203410 3.178472 6.800318 15.403697 20.227309 12.492154 3.986277 3.361339 5.655940 18.563244 23.307613 12.857879 8.773392 3.574957 9.916933 14.507824 15.606441 27.544172 24.910363 11.309737 20.071780 32.570302 208.790964 326.182812 139.407771 20.771109 17.215215 22.547433 37.777151 32.831179 24.535792 16.036796 9.127070 13.824958 15.984067 18.470661 23.613041 16.442464 7.819138 12.153896 17.160536 17.975492 23.490427 18.260207 8.755372 12.347804 39.408083 97.827685 91.085381 28.378849 13.155586 13.103374 21.082122 40.203154 12.917152 4.815882 14.125012 4.844055 10.014067 2.923719 7.829175 10.911415 7.688529 4.700608 5.090398 9.613576 13.208659 14.721927 6.593323 3.478178 2.493068 5.905075 6.770049 3.880214 3.142042 2.409678 2.783111 6.773254 11.433250
4.569499 1.822720 224.0915 224.0915 0.000000 1.663159 1.020390 2.737226 7.959391 13.815467 13.252367 3.343508 2.628341 5.350058 7.061814 8.872565 8.348753 3.288184 2.723605 2.794660 3.727618 8.753877 13.246571 43.900306 47.805577 12.013448 9.421624 8.746166 3.915806 17.148787 12.426460 10.076039 8.145513 4.237918 9.319870 11.744397 7.069907 18.149912 13.526157 8.816236 7.259571 7.120450 21.175228 36.666435 27.937382 14.620787 8.072663 58.055865 242.082762 298.319605 118.211962 8.630153 6.555118 14.252549 37.762381 34.059813 14.937045 14.297540 7.672236 7.918110 19.009472 16.622338 15.173206 14.950616 5.925354 11.722458 13.882609 15.716567 22.293537 13.399994 8.721174 13.391189 25.734411 74.833952 98.293698 44.962710 8.214869 10.290682 20.666701 35.632993 29.746951 12.545191 11.075860 15.034041 15.399411 13.751098 9.975409 9.946020 11.370581 9.021210 7.280516 8.889828 10.205417 12.780467 9.236586 3.528409 4.327033 6.905952 6.810056 5.361509 4.061909 5.040959 3.521381 3.386616
4.622588 1.824317 220.2354 220.2354 0.000000 1.439475 0.626325 1.934892 9.756150 15.425868 8.236157 4.238670 3.590488 6.028393 6.615642 5.555611 3.852474 2.601258 1.415247 1.246425 3.130329 9.365578 27.464271 47.380976 32.674480 13.097164 13.209798 10.475043 12.562690 17.989094 18.061888 14.296351 5.084926 5.433526 13.416390 16.724716 11.782365 11.929043 5.250041 4.855267 5.393160 16.124569 21.039016 31.598467 22.437895 12.278836 28.677500 173.783277 345.781151 179.786758 21.577710 24.146744 24.132227 28.988291 22.832111 20.529637 14.521450 10.975750 18.837345 21.527965 12.144480 14.700709 24.716268 22.560130 14.487642 12.206484 21.060409 23.793077 12.800594 14.877872 20.560652 24.061878 72.822065 94.048072 47.257019 21.719242 15.005644 34.542855 34.087641 16.679733 10.466585 8.076812 13.322743 12.970615 5.273085 9.114367 7.611020 12.367010 7.471663 3.586975 13.428281 10.535498 14.593403 11.921583 9.026232 10.658815 5.514232 3.071230 4.045534 5.589220 4.508660 4.744473 9.265517 9.143426
4.669647 1.827968 224.2964 224.2964 0.000000 2.782330 3.098506 3.542615 3.823903 14.333258 9.592760 5.027240 7.159239 7.813630 3.113225 3.607264 3.210812 4.938795 4.077534 5.729013 7.491363 12.660167 18.881237 40.703637 43.856715 15.930978 15.627795 14.573618 6.470335 14.877714 17.836483 20.102679 18.560432 9.208425 8.368304 9.136045 14.554233 13.647479 15.100112 13.237200 12.483398 13.222494 10.429424 10.750388 16.149164 15.401348 29.944874 66.878186 222.390342 316.800987 146.730138 29.319798 34.844401 21.102221 10.909921 6.604128 17.126987 18.807830 16.313399 26.611798 23.692703 7.095511 9.125338 24.789940 27.106674 18.867463 12.935602 17.435734 23.987115 20.769645 18.190119 27.098888 27.438844 52.322160 84.362870 59.320109 32.597498 21.128758 20.061327 35.696419 26.934757 15.504735 12.874490 7.071577 4.984265 7.458727 7.842583 9.209901 11.974286 9.202394 9.368362 16.286579 16.199701 16.679034 15.445136 10.568839 12.285541 10.052587 4.727790 2.889478 3.681370 6.010081 5.944334 7.053143
4.723793 1.834651 220.2320 220.2320 0.000000 1.062038 2.865754 3.812720 5.941276 11.369801 14.225886 5.976353 7.521417 4.969953 4.419430 5.084114 3.556667 5.755393 6.844768 8.456899 13.817742 13.921475 21.131823 39.131884 27.000939 12.508101 15.978156 8.013029 9.551722 12.870347 13.415093 20.552792 19.875393 8.418942 2.273206 4.132990 14.758149 21.749036 14.001957 10.910964 16.623671 8.542072 19.143155 10.948948 13.135249 30.648060 22.825437 204.399384 350.870821 162.296743 28.323730 30.032539 10.724255 8.129505 11.307624 10.976378 22.076994 14.731203 16.361277 26.279460 20.555003 18.664668 16.882561 12.025039 21.005680 21.399017 20.034897 23.391666 12.694731 15.570796 26.527212 26.418801 70.067723 69.723062 29.546834 25.838764 24.257768 26.785085 42.745765 25.808600 14.189729 15.672599 4.635978 7.443370 9.563853 7.374426 18.382608 11.604099 14.698228 19.071972 12.796897 15.510448 22.655743 13.837541 12.326420 11.449476 6.576778 5.199964 4.406552 5.779218 8.516186 4.860213 2.773916 4.865345
4.769511 1.835036 223.5580 223.5580 0.000000 1.774092 2.309242 2.291916 5.982765 8.404468 17.435033 11.884827 8.759874 4.830589 1.788898 4.314417 5.529879 8.298162 9.007222 6.974527 7.419760 7.276966 11.891569 34.220297 41.917870 19.901976 7.024039 8.172663 13.224413 12.656844 10.284308 12.897953 9.883626 14.216028 13.299226 9.542718 10.822382 15.630376 11.168263 10.738419 19.803635 24.559977 25.542453 22.072932 13.575981 14.845516 21.156144 107.766302 280.163288 273.118393 97.296245 24.711506 13.307067 8.910564 8.804215 18.392307 22.865722 19.074221 8.805141 11.877149 18.984737 16.141147 16.913836 15.380945 9.671938 13.938551 17.029608 15.982473 19.506522 15.767336 10.161589 17.610126 42.180711 79.515034 65.463170 26.051250 11.810992 18.155375 15.566092 38.031799 41.644457 26.191096 16.219472 6.309196 9.040387 13.938128 17.585145 23.119843 14.872498 13.134476 7.561177 11.959374 19.938322 23.770721 6.109663 10.741026 4.470578 5.008685 6.070356 7.181313 7.431205 6.135633 2.191158 5.280110
4.825785 1.837006 224.4098 224.4098 0.000000 1.599941 3.664922 1.937492 6.456620 16.589366 16.475569 2.717421 4.887443 9.130041 5.865691 4.033601 2.460702 6.995494 12.319350 9.509019 5.308442 2.944003 6.993152 32.291603 41.851649 10.754837 9.442671 7.266724 5.153633 13.496351 6.893511 4.191672 9.682456 12.697834 12.031614 18.040435 12.398353 7.418988 13.452713 15.612411 21.218672 18.036534 9.769494 31.925532 28.118816 12.926816 9.381520 53.486056 236.087163 322.909111 140.935889 13.396983 8.527428 15.209982 23.551547 17.172462 7.731644 16.428866 9.457917 13.573670 13.144799 4.715470 10.258234 13.283959 5.287634 9.807671 12.029783 5.879938 11.887259 17.138575 9.204393 10.893415 21.336046 50.697706 82.601250 44.129468 8.812713 7.926884 24.733104 45.643748 41.760543 18.271113 12.787225 13.761474 13.430456 13.433759 9.326663 16.743652 26.308673 18.701980 9.111602 5.298113 11.984181 23.187991 20.590953 12.622813 8.067938 3.038726 0.937909 4.402548 4.493389 4.555593 6.147823 2.585957
4.870320 1.829119 224.3908 224.3908 0.000000 2.332176 6.650777 5.867026 5.480731 11.733186 15.270885 7.691333 4.596896 10.575245 11.660038 7.615147 4.694524 7.090339 8.690128 2.436873 4.454773 2.468460 9.319530 39.559275 42.948234 17.795354 10.707333 12.774788 15.039066 19.403760 14.301967 6.041709 9.031848 15.030164 13.805459 22.902053 17.577482 7.406747 7.844671 14.569885 7.544828 16.490662 24.902137 22.626375 15.581618 21.197507 20.234122 68.391878 247.023292 312.062107 121.933133 24.106381 14.120349 14.170441 20.658216 26.059209 23.679623 16.806135 9.823696 11.480260 13.974823 16.622775 21.332496 21.399856 14.363091 15.893492 18.937854 18.127259 19.184275 13.697499 5.802102 9.296344 27.194459 65.561590 85.400831 44.278767 9.599234 16.078234 19.273762 28.461386 40.149628 21.856787 9.705747 14.865750 15.732726 8.204298 10.965997 19.988229 15.608411 9.925503 8.601256 5.354020 12.129053 22.334187 16.421835 10.640050 10.967713 6.688478 6.289279 8.033430 8.620813 8.790918 8.255088 6.685858
4.923704 1.835367 220.9341 220.9341 0.000000 4.067505 8.128203 7.879398 6.792277 10.694371 6.922527 7.724387 8.743078 5.158301 7.807425 7.826995 7.933801 7.438974 4.281809 3.291259 2.963426 9.161594 28.639533 45.312479 23.916170 3.890542 8.137974 10.888577 10.685646 17.090661 18.540734 12.219016 11.425248 12.059682 17.936045 23.971824 13.523487 7.391049 12.013568 9.433051 10.357799 16.282808 7.915552 9.412702 19.243106 33.717899 42.750176 153.224750 350.468489 209.785786 44.002638 33.626367 18.227145 14.797048 10.161472 21.616454 11.144623 14.090536 15.340471 17.943729 15.417757 18.294141 24.946976 11.719670 13.776998 13.563313 17.352422 26.092271 13.381132 6.654488 12.273295 17.507114 40.849986 83.502144 62.374790 34.082357 30.006027 32.022984 30.372524 21.954300 19.821475 15.543592 10.357014 8.778130 10.152414 14.247179 9.526157 9.421916 10.226262 11.292714 16.321263 11.881889 19.311137 22.303178 12.685584 3.758508 7.201615 9.347654 1.486970 6.451527 2.551005 5.688599 0.892545 8.295280
4.969438 1.837366 213.8743 213.8743 0.000000 4.563393 4.628984 3.075178 7.936052 12.503519 7.655018 5.180845 4.413528 4.925922 5.219864 4.397979 7.817322 8.285119 9.472327 8.333654 11.071589 13.419228 40.233451 45.726427 16.469220 5.993673 7.494191 13.152878 19.383142 18.951849 15.178307 11.351868 8.226005 13.265719 19.825719 16.107537 15.085278 16.809136 6.629118 0.933475 6.861262 15.789377 21.760977 15.900495 19.477361 59.800378 231.294539 306.469785 122.545692 20.337248 23.064336 22.543378 21.639951 14.722917 6.863413 2.497650 19.233686 30.101487 20.198082 18.796638 23.241739 13.393440 10.987780 14.047704 19.772904 30.020113 25.448054 13.660309 12.682735 23.951121 64.443949 80.740687 40.568725 26.785410 7.859359 40.978016 36.639400 18.628406 9.612182 2.190171 6.886549 4.689128 2.923969 9.985902 15.587339 16.046143 11.464617 13.725144 17.386955 22.776408 17.669776 7.476051 5.223602 5.899890 9.019950 8.141862 5.347076 3.287642 3.729829 3.873255 5.771717 6.014969 5.566742 5.139816
5.028841 1.832789 217.6175 217.6175 0.000000 5.235603 5.283636 5.115001 11.308812 12.648647 4.483774 2.147162 2.804649 4.493014 7.578450 5.124803 5.558522 9.908951 13.224016 13.154470 8.422332 3.922110 20.542622 42.267931 23.426493 7.381850 1.835908 6.969695 14.348836 9.978287 2.630701 9.370332 14.183418 22.854006 21.572233 6.334693 7.281606 20.044440 20.099107 8.203197 4.192866 8.713117 23.174312 28.876540 15.384706 7.076617 98.856832 291.113935 268.659514 76.918459 8.095581 6.147554 21.290263 20.989410 6.793900 6.591516 7.478478 22.186220 22.576487 9.436725 5.115732 14.579227 7.790803 6.801820 7.124199 6.795341 17.870561 22.702922 9.218689 5.964777 13.795914 48.162020 76.483610 38.660441 8.021853 16.232764 44.224308 47.533116 19.222402 3.324458 8.341913 15.934765 14.134199 6.009694 7.770320 13.765302 24.878076 21.477894 7.123322 6.745905 19.851896 27.757039 13.858141 5.840791 5.334435 4.706578 4.777576 7.559709 5.323212 4.048646 3.712368 2.114832 1.278211 2.161061
5.080079 1.841958 213.1678 213.1678 0.000000 2.689458 2.894175 10.257284 14.815281 9.258275 2.169513 2.494198 5.009858 6.752899 7.740822 7.721958 5.225759 5.132726 8.396512 6.562418 2.673901 3.028236 32.389918 48.741639 19.861420 4.640747 7.935837 9.855658 10.634354 6.855572 6.654746 5.095499 13.969785 24.478691 14.681763 7.606889 12.925652 20.945137 10.948810 4.891672 10.360181 20.248643 33.411658 29.566260 12.007970 71.722057 257.343371 286.154051 98.016647 14.294489 18.656418 26.568562 18.717530 9.694949 9.187912 10.224439 24.631023 7.757567 8.140286 11.993549 16.771685 10.041848 9.899362 5.091610 3.227527 13.961135 18.725754 14.452244 9.809348 21.717930 79.902509 80.356299 18.454274 10.343930 33.517757 50.433027 28.745166 2.756325 6.333618 15.900323 18.247444 14.631169 9.746421 4.324347 11.471777 20.465986 10.999239 3.354342 15.380317 27.843603 9.072050 1.340284 8.798080 5.122979 2.751763 6.914511 6.485447 4.526737 6.952372 7.520652 5.607836 3.115406 2.550515 3.517316
5.129854 1.842873 223.0835 223.0835 0.000000 2.615850 3.348132 8.644468 10.924884 3.660069 8.459647 6.515231 8.408595 3.300203 3.990364 3.048761 2.830822 6.672993 5.745352 2.321180 6.025558 4.184845 13.397821 40.289761 41.320632 22.509467 19.131805 20.188162 19.934672 15.967770 7.865880 4.265625 6.083619 7.718444 18.197816 27.861925 16.113250 6.806188 12.132107 10.516053 6.700521 9.155964 8.616517 11.160108 21.033227 34.703384 34.812655 123.776327 289.954430 256.128783 92.284798 33.225954 28.930724 19.190713 11.052319 6.755406 3.898286 13.349323 26.259632 27.361143 23.129024 26.401558 30.358870 24.594830 13.747754 8.214403 9.211096 12.311648 21.054173 28.139856 27.275808 15.633241 29.203209 78.274348 66.148432 26.925411 24.472747 32.550576 15.160615 33.662421 25.791331 14.985348 12.145575 11.500772 4.554632 11.185753 2.314057 6.416442 6.769290 18.260273 13.605257 4.948768 20.964441 31.133414 13.812068 9.636611 11.930583 11.719832 9.122680 6.437649 3.659546 6.393929 8.114310 10.370288
5.179892 1.835027 221.2817 221.2817 0.000000 3.717356 4.520738 3.034863 6.908898 7.259479 13.172576 14.814142 8.876894 7.006488 4.932675 3.549640 5.629075 8.027464 5.151274 5.034970 6.778365 6.047519 20.077935 38.279590 24.659723 11.163337 16.620975 13.067311 11.112694 9.843721 3.985398 2.979428 5.392315 9.349087 21.644965 24.976899 8.541231 6.586097 10.372597 7.188189 13.587232 27.205467 30.415204 25.646577 19.531816 18.792168 15.267914 198.683141 346.173842 171.589628 23.311982 16.120194 14.403844 15.382153 19.849470 19.243777 12.842531 13.895905 17.374062 18.562265 15.226706 22.422334 20.496762 9.060904 6.831934 6.435318 10.982564 10.853867 12.156964 16.184109 17.057018 23.471729 55.114822 79.274363 38.454437 11.845817 14.270132 19.481935 31.074499 44.226578 28.973293 7.463556 4.224547 8.624106 14.526167 18.282470 16.786172 10.120632 9.898017 9.619294 5.112049 17.092410 29.982500 19.866835 10.558182 6.693155 8.112794 15.820568 13.205589 6.096786 3.625432 8.363010 4.655953 3.334950
5.229940 1.833692 219.2804 219.2804 0.000000 3.003735 3.773743 7.812185 6.907912 6.446572 12.517367 11.781894 4.840814 5.792370 6.082612 4.232623 7.829522 10.316543 7.935863 7.298837 4.653431 3.879499 22.690182 39.951696 21.693406 8.316844 5.809956 1.537783 4.014288 9.240930 8.656382 6.411653 2.582749 5.462373 16.610429 20.175037 13.689818 1.277236 6.499727 7.141445 23.271719 38.721259 33.903677 17.220462 12.524857 18.382467 69.227227 248.401733 306.821569 116.988069 23.175794 9.351140 12.512289 25.501852 27.667973 18.749390 7.565449 2.395270 3.559853 5.374845 5.354550 6.445920 6.523910 6.127938 5.775397 3.736428 3.871852 5.469501 2.280993 3.046154 10.126486 40.653880 96.186694 71.154710 8.369265 13.728506 22.180333 22.315987 45.410768 38.077137 19.194031 8.609628 5.766786 5.849017 18.354316 26.440332 17.517184 11.117883 8.935889 5.693408 12.430602 22.570232 16.883113 5.020911 3.263057 5.910133 11.729436 13.522267 6.388880 4.594068 7.239709 3.397101 3.230619 3.371700
5.282815 1.834379 224.1454 224.1454 0.000000 1.746413 3.960207 8.970261 13.316957 10.363960 3.354428 8.006225 5.460060 4.071398 3.586720 6.517236 8.309916 10.498233 3.172684 9.937628 9.142617 4.502227 9.136614 37.819067 41.280842 15.565910 3.949626 0.788488 4.227492 8.523152 8.889263 4.719605 9.751042 11.577083 14.512687 9.217958 12.661216 15.643721 11.246513 8.768143 15.357087 21.205259 15.836492 11.440799 29.051414 30.372027 28.643007 67.081037 215.097415 320.779080 158.695052 25.823385 17.809740 24.686275 22.082680 9.662706 11.726284 13.470308 10.805973 7.241843 5.774726 8.797370 7.891273 4.722719 3.791685 7.547117 6.420834 5.804404 8.991441 11.976620 10.660123 8.518000 9.496365 44.660104 85.118123 59.804090 24.549713 28.357663 44.313374 37.052657 22.129732 21.540368 20.125900 14.087518 7.650497 9.127228 16.632202 19.276020 12.630843 14.785943 16.639592 11.523443 7.533926 16.983066 19.057109 8.538187 2.787036 2.824820 4.316282 7.447658 5.865133 4.915126 7.238906 6.762809
5.334442 1.826801 218.3374 218.3374 0.000000 1.930155 2.527084 4.767418 9.200642 15.257386 10.966887 3.755492 2.893132 6.870212 6.378034 3.445662 4.722809 8.402563 10.337785 9.355337 6.329300 3.775753 22.969030 42.922604 21.853492 9.689011 8.746618 6.483998 12.853057 11.941646 2.902911 8.583573 13.723645 9.899753 16.998497 15.289391 2.978241 14.509189 15.669919 16.869476 13.332738 14.738252 27.361865 30.892692 18.541958 7.148608 80.463102 264.496718 284.437466 102.034682 6.786978 9.554611 24.975237 23.296024 13.457017 12.681298 9.278453 10.468677 15.100507 7.959003 12.659974 16.163730 6.682390 7.275132 15.200190 8.232930 10.438388 19.171254 7.736795 7.622555 13.775625 38.708804 87.550427 57.798599 7.603334 12.007565 31.605955 45.919734 34.974420 13.060598 8.394464 16.380980 15.532472 9.079939 9.644341 19.329925 21.069510 15.718899 10.595057 3.799043 14.905682 23.149742 13.824330 9.047223 5.740270 1.538037 2.558824 8.572101 5.788246 7.137661 5.292766 3.764559 6.117906 4.801436
5.380039 1.824912 224.8902 224.8902 0.000000 3.046193 4.865440 6.508215 7.620066 8.894628 14.510315 7.322413 4.424908 9.488600 9.494546 2.468915 3.501081 0.732183 7.379129 7.309930 3.870313 11.112185 16.020136 45.967508 48.417330 15.540305 6.219235 11.491738 17.509593 24.452652 21.339953 14.268434 11.620926 4.278067 6.153648 14.056335 16.323531 16.384993 8.968067 8.291753 7.894690 5.708805 20.880994 30.382657 12.556289 17.173786 12.320303 41.707268 227.652109 328.232264 130.354472 15.951463 8.257971 5.574466 29.763753 38.545097 23.212294 6.234217 2.387890 9.650623 23.490572 25.164169 24.927336 21.205789 10.369938 8.797719 17.148826 21.924012 27.183685 24.326592 11.332211 5.908018 12.901221 61.581343 101.609765 60.831728 6.903973 9.535759 15.391203 21.098192 38.122902 19.125489 5.594782 9.365458 13.583942 5.779108 8.859793 11.805154 16.080218 9.317537 6.260979 7.397249 10.599672 14.771377 15.620289 5.304690 6.485615 9.480075 9.523728 10.479470 10.819205 10.486720 9.785607 5.459061
5.435411 1.828378 227.2139 227.2139 0.000000 1.460432 4.996393 8.347330 8.812065 10.131859 11.695991 3.451375 6.621786 3.910739 8.116645 8.501231 7.330214 7.170597 4.876816 1.474379 7.399719 14.945202 12.163442 37.503266 50.231086 19.381425 2.893776 7.005936 5.448821 21.012535 16.272207 13.739049 14.634687 7.459258 8.583175 12.508509 7.945090 19.068032 20.114945 11.595008 3.134251 3.646811 10.212195 24.040809 25.925347 17.962803 16.442623 8.518216 137.017667 309.553565 232.267879 67.820368 16.537484 8.344501 18.866576 35.235236 26.076793 12.360962 6.988289 4.687037 18.609352 27.849488 16.010376 17.453347 13.638584 4.485925 9.737997 8.923672 20.038680 30.739524 14.321298 8.356163 13.390765 25.726455 73.237686 89.687256 42.823794 15.102121 18.380279 23.384912 34.410570 30.903423 12.423904 7.220521 11.359970 12.572872 10.296584 7.679304 9.956751 13.117175 10.497265 11.606511 14.778208 14.205656 16.576381 17.855506 7.550686 4.067329 8.336775 8.315436 7.512235 6.419003 4.755261 8.384291
5.482299 1.830952 224.2197 224.2197 0.000000 3.869885 5.832705 4.259786 9.910448 14.900593 7.443835 5.005998 4.793316 3.360642 6.348842 6.280759 6.136951 6.701405 0.626211 4.343392 4.212125 11.110321 19.254216 43.212947 42.892444 12.716893 6.249500 9.050690 11.010826 17.250364 19.258777 18.110334 12.507298 1.684458 4.960142 14.970180 21.725180 14.944771 13.838706 11.007494 2.925737 5.294156 10.689766 18.749612 21.394849 19.799022 23.750848 66.865452 218.194016 317.423853 150.925474 23.846939 27.570688 22.445706 23.266443 20.271472 10.523395 5.856845 11.307581 21.514791 25.413317 19.776667 20.976881 21.623457 15.139400 12.535962 13.130297 20.794448 29.639927 23.000865 14.908668 14.424332 18.038439 51.924209 86.249661 62.426225 30.114449 19.604210 26.003312 35.866680 23.915808 15.423570 7.939878 5.524907 6.937099 4.096665 6.780932 9.984792 11.139607 12.914528 9.725995 14.755319 16.645852 16.930379 17.584015 9.129876 6.875068 7.279349 5.407127 5.331789 5.916431 6.037633 3.802832 2.326155
5.529883 1.832687 219.3599 219.3599 0.000000 2.893106 3.774248 11.112009 15.036371 8.394376 3.074148 4.306370 4.404359 1.220990 4.113807 7.141754 8.643858 6.216439 3.047894 4.672683 6.900715 8.481198 24.478775 42.933088 25.640435 10.279761 6.694358 4.374634 5.587927 11.802496 11.679429 13.125765 11.213661 9.799136 13.703216 19.422141 17.389415 12.904879 8.478989 10.358561 14.031554 15.096610 6.559948 14.284814 36.854199 34.162846 32.372790 182.501785 327.509343 178.596949 25.999763 28.793305 25.563568 11.464121 12.307555 11.037899 10.703438 14.186507 16.060715 10.114566 9.117548 15.358079 15.572460 13.075178 5.688228 7.455653 14.360318 19.067655 8.785199 11.249125 11.672208 6.593762 66.223198 98.290749 33.667442 20.692935 44.480764 43.332246 11.291317 8.812864 19.989944 12.641601 4.988979 5.878287 12.838016 13.817757 7.562862 9.848960 17.446215 16.891311 10.734720 11.933168 17.937193 13.899085 7.456107 4.770249 3.948300 4.846635 5.036630 6.062886 4.585082 6.353425 5.789346 4.803036
5.580119 1.833283 216.0937 216.0937 0.000000 3.602208 6.952775 7.455977 12.981342 10.444282 6.945467 7.881772 4.911453 2.297436 3.288153 6.825254 10.986299 9.517869 7.579491 4.371563 4.274512 4.470631 25.262635 45.228735 23.595583 3.628567 4.125601 5.101191 8.739219 3.485748 4.139721 8.973103 6.335415 12.943312 12.577241 16.869731 14.904791 5.817499 8.342752 19.751232 24.161670 16.491693 22.283804 26.333754 29.219982 32.154293 141.436986 345.682911 220.292134 27.153167 25.880474 20.410241 23.489217 13.984469 13.083557 15.844624 7.715575 5.359037 5.206798 8.133447 6.539297 5.754459 6.643431 4.658787 4.520281 5.588289 11.046300 5.628635 10.233933 11.023718 25.702262 84.249496 79.371556 24.514902 23.348889 27.451151 47.557859 28.456886 24.397214 22.500668 10.219169 3.435043 6.405587 18.472226 21.286911 14.840046 13.572949 12.557183 13.304968 12.637303 21.273026 12.341226 5.747560 2.222065 4.184880 5.615986 7.613193 5.447890 4.080211 7.036138 6.849964 2.170603 1.595463 3.520280
5.639382 1.837615 213.5833 213.5833 0.000000 2.665198 6.233717 6.211622 12.018286 12.018961 6.109638 6.871370 3.919141 2.786626 1.993086 3.540918 8.365557 9.772712 7.305823 4.322701 7.671696 11.506761 39.309765 42.742702 9.098975 7.100420 7.420803 6.149320 11.243486 14.066633 13.490834 9.913578 6.707811 14.117066 22.941335 15.057741 5.979316 7.161714 13.122035 14.958421 23.370815 14.387634 20.655040 20.113823 29.321214 75.526889 232.331967 300.613288 128.974290 33.051099 20.744718 16.342164 12.387687 18.684466 10.391315 10.985214 13.781640 16.421507 5.582508 13.072360 18.418177 17.127343 9.591655 5.994619 13.113087 19.797873 11.157724 6.351448 16.452729 16.465958 62.784610 83.933089 39.100894 28.193457 24.951235 46.268716 31.585243 22.819848 18.942082 3.567097 1.745304 5.604114 13.334304 16.530597 15.883204 14.118684 11.065811 15.862368 14.953938 18.071731 18.173444 10.051851 6.908008 1.948219 6.094748 3.374055 3.482664 2.379212 2.904299 6.400582 6.932745 5.080278 2.356887 1.751702
5.689903 1.824766 214.0644 214.0644 0.000000 2.319152 4.893907 3.880003 9.289340 9.066077 7.546924 9.700969 7.047628 2.376400 1.505441 1.667039 3.858460 1.836897 3.383392 2.557783 5.018992 15.650032 51.017438 52.557128 16.633134 7.705814 12.178492 18.412330 21.976999 20.666900 13.443806 5.626916 3.651406 14.689420 23.025200 13.099779 6.656014 3.654694 9.630362 11.347405 10.186176 11.731811 20.097862 19.712345 18.406049 86.326309 243.370445 290.077433 118.100585 30.741840 22.342007 25.782873 17.402934 19.802169 20.520979 16.892708 7.763511 25.479449 32.529524 35.168471 26.749653 9.083350 13.948079 13.128364 22.820539 34.821446 28.676362 15.152967 16.159687 36.945645 77.818403 84.437370 50.317063 24.221852 19.717411 29.695420 18.517213 15.810140 22.425785 4.824875 2.987315 3.738921 7.218733 4.461075 5.984025 8.311487 6.757104 11.536062 13.623892 12.914836 16.102324 9.872220 6.216674 6.379576 7.355321 6.865778 4.894327 4.074699 3.448904 2.044171 9.331391 11.300862 6.278908 3.766438
5.739928 1.823182 223.0470 223.0470 0.000000 3.428491 5.458147 2.502629 5.534846 8.512171 5.454941 11.391531 11.869762 7.179022 3.759868 3.309169 4.494653 5.207942 5.232877 6.355712 4.456024 2.760287 14.673856 46.909112 48.983907 21.154947 14.296764 16.939064 16.937585 15.329771 10.476996 5.606711 4.704031 12.648832 21.355652 20.506486 10.704193 7.326605 9.641089 15.385743 19.072071 17.254836 18.807535 26.636618 19.068350 9.043472 31.036660 150.632288 296.957254 213.670260 68.290931 25.303524 12.552245 21.769822 17.697783 18.616903 26.616635 26.246967 21.602916 20.812575 27.725830 30.983127 25.708976 13.559618 9.083625 4.107994 9.134236 22.630542 27.531279 22.040770 21.685683 28.821361 66.702930 103.029804 53.442761 25.801327 8.698455 14.324899 27.638570 15.532520 25.211784 22.266581 15.243019 8.047569 12.836394 12.773851 6.613623 9.408202 11.972854 5.428522 6.489595 10.703187 18.318453 7.531552 12.095578 11.536555 8.291702 5.226712 7.822898 11.321108 5.362397 5.465745 5.078999 5.245421
5.789691 1.830405 220.0232 220.0232 0.000000 2.819271 6.716530 8.645630 11.810215 11.664706 6.067015 4.254719 6.977507 6.910505 6.532110 8.153033 7.579600 4.176548 4.144059 8.087711 7.294163 3.304977 17.622365 41.603310 27.030023 7.779721 8.440033 5.615130 5.172964 6.883756 9.637870 6.105622 8.564758 17.329897 21.874974 11.610859 10.417370 11.988142 19.149223 17.261143 6.798939 14.886965 27.819506 30.667853 27.930812 23.223259 30.530464 194.344832 339.367783 174.964552 25.479495 17.031159 21.186141 23.837672 20.749359 13.431051 11.314363 16.496821 13.305212 8.046468 5.130278 9.536490 12.176061 7.721602 6.713389 4.003451 9.170094 13.456313 8.417612 11.310211 10.838056 24.729733 75.345312 86.089937 34.948001 12.938102 28.724662 43.292916 32.790006 17.982501 3.160638 16.469417 16.753249 18.534027 16.995577 6.363182 7.568933 14.921571 17.218805 13.314962 8.244807 16.121023 18.618387 13.772932 5.400856 8.513861 6.403868 8.169345 10.371666 8.747083 5.153527 2.538659 5.160184 4.701711
5.840012 1.823331 224.1972 224.1972 0.000000 1.421834 5.328346 6.308604 11.508605 12.498963 3.737493 4.787379 5.727173 4.075781 4.637930 5.266462 5.880066 6.322522 2.245623 7.550734 3.353412 10.675878 19.831968 43.811980 41.191148 9.366253 7.516837 7.013206 6.965359 14.160384 19.674751 18.297922 11.664543 4.824504 7.880652 17.361807 22.015280 11.642872 11.585158 12.465441 3.635040 7.096849 13.609733 14.964450 15.852898 27.006527 28.790804 64.658489 201.667142 321.398049 167.365815 33.126619 29.821997 26.136867 15.993962 16.505665 11.230403 3.609887 9.378112 20.856575 20.299008 16.246669 19.698813 20.890217 16.225127 11.883971 11.254764 17.555023 24.145048 17.920306 10.308728 13.724830 15.404544 42.307771 84.931572 68.645750 31.646538 24.313180 36.264195 33.050169 17.506337 14.710871 9.954775 6.240838 7.451098 8.795939 10.059080 9.158809 8.739710 12.729828 12.993736 16.875884 14.337218 13.647075 17.794813 13.038594 9.415421 8.431700 7.811278 6.048193 5.814170 6.525744 3.297515 3.983813
5.893800 1.832804 224.3140 224.3140 0.000000 3.443578 7.450790 6.068494 9.967687 10.210851 5.490606 6.132564 1.978667 4.141480 3.743187 4.241702 7.888587 10.733340 7.974245 7.983046 9.089527 12.605268 9.589203 36.730601 45.536782 17.729198 2.502529 7.543208 12.644432 14.263870 14.599246 10.728960 13.227062 10.077183 9.457567 13.485481 20.528912 20.982263 13.458193 10.192321 10.069328 9.545642 12.166518 11.555192 23.762889 22.058891 22.965422 63.425014 217.767544 323.140568 159.221230 24.712678 21.293013 19.040898 27.000922 16.646846 12.018047 8.570606 12.236573 19.614996 22.864499 21.544428 16.811885 13.751534 9.166240 7.541174 11.207823 19.144688 23.025420 22.063760 13.146482 7.361805 16.096226 48.320758 84.716023 50.217245 17.178324 27.831061 33.736197 38.547576 24.108802 17.817069 12.878032 7.657359 4.498791 4.044167 9.618759 14.040469 13.224739 12.525979 14.270704 17.880979 19.128414 20.265467 17.286765 7.959973 3.199637 5.680510 5.388159 6.678632 10.519070 7.503204 3.108410 3.673314
5.940028 1.833750 224.4738 224.4738 0.000000 7.578316 8.812244 4.642282 7.891888 10.777976 5.678377 4.803582 4.081274 3.140358 1.104232 0.909555 8.788800 14.637142 7.261289 8.504749 5.686436 7.976951 13.356402 33.468210 38.472476 11.635141 4.992757 7.081684 8.917564 3.789534 9.166775 6.632565 6.626193 11.431921 18.992524 13.517110 17.975306 13.336590 7.927731 6.609693 18.415983 19.824773 14.821917 17.757036 29.277262 27.358874 23.066704 54.156633 203.765383 329.871287 163.368728 19.991735 26.422997 25.898526 20.529743 8.427844 9.494618 18.519972 14.590778 4.784706 9.003222 6.328492 10.297548 10.328268 11.017011 8.802745 8.384983 6.133701 6.477722 8.034161 15.014704 13.050470 13.509425 43.564769 83.923777 66.732432 30.713963 21.435744 32.685822 42.033795 25.357246 18.326969 14.911495 11.835461 7.967603 8.381982 13.197641 17.518255 13.556129 10.061830 11.851680 13.390225 12.988756 16.178800 20.935572 8.797214 2.447720 6.525386 10.727418 13.980838 13.943038 7.805149 2.608258 1.472060
5.989688 1.832041 221.9756 221.9756 0.000000 5.998591 4.480349 3.186159 10.549771 16.715051 9.079509 2.426788 2.895693 4.766309 3.408993 3.380004 6.290507 11.897142 16.489436 10.884945 4.096860 3.938466 10.855885 27.241044 29.842658 10.743792 5.587120 8.723185 8.684963 6.084495 8.356556 7.958236 3.543458 10.074620 23.551313 23.931191 11.387431 4.418396 7.145130 18.491084 20.366540 7.074231 15.135611 28.434439 11.643382 6.294066 5.793462 135.095554 322.189166 238.727263 51.321961 14.443138 13.956618 13.549986 12.875297 5.530548 14.790101 21.670295 13.446427 4.032977 6.974002 13.542303 14.862204 10.089830 11.850691 13.375943 8.561741 1.797901 5.650597 16.242005 17.492107 10.594509 29.770522 80.844059 52.838577 8.556802 9.621025 17.320650 48.335109 45.381756 14.668083 4.774225 9.213170 5.683827 9.985842 5.784176 13.036321 24.878735 18.445278 5.366148 4.631101 16.311756 27.822024 22.341715 7.636324 4.136249 8.098913 10.893177 13.500697 11.520516 4.590987 2.521111 2.859608 2.519722
6.039866 1.829799 221.7313 221.7313 0.000000 2.279883 3.452725 4.735903 6.710790 17.356503 16.479772 7.326766 4.409240 4.911187 2.326880 1.239277 4.626981 9.952191 15.670743 8.637703 5.554507 6.609627 16.400747 33.271281 27.442618 8.454844 7.732866 6.241002 6.073522 7.119042 7.496740 8.567620 6.201925 8.786099 19.352219 15.233788 10.093897 10.706622 11.301760 20.077889 21.374386 12.257128 22.876851 30.237581 19.349402 13.152387 10.302158 149.910679 332.712529 217.506032 40.225975 13.370504 14.441964 16.659775 19.222939 7.220460 12.275567 16.320877 6.875289 7.163633 9.863903 8.065969 9.922606 1.397019 2.639177 9.981590 5.777806 8.898838 11.730852 8.921248 13.420065 12.770952 39.090959 81.423852 54.739291 15.276866 7.748763 17.075701 44.610483 45.780410 18.151684 14.409940 14.068467 13.193996 12.278597 9.473652 17.356739 28.273334 18.709567 8.325857 8.013155 12.385604 23.672695 20.016713 6.690639 5.768041 5.991239 4.342856 6.205663 3.801225 4.912694 4.722324 2.629843 3.936800
6.094742 1.834982 215.5514 215.5514 0.000000 1.518151 3.276092 3.616469 6.085968 15.439445 13.418939 5.647037 5.500690 4.575118 2.683620 4.235755 8.391431 11.624689 9.278010 5.647373 9.101801 5.560199 31.822559 43.253435 16.508471 1.415401 5.505542 8.825346 14.940622 12.387948 12.781553 8.240688 2.733677 10.596591 20.284071 19.995914 14.667870 10.233251 13.815389 14.724558 17.916030 27.157315 22.929093 9.209008 6.081050 19.304351 200.675334 365.843767 158.480076 9.324103 16.757686 15.523510 19.931844 23.331399 12.516734 7.622941 12.553462 17.210355 20.340114 18.234111 17.150603 10.180502 4.199887 8.912545 12.964486 19.726699 22.978253 15.377544 13.374494 4.101546 39.537182 88.382551 54.983039 11.359471 9.560378 11.604566 39.460237 44.719432 23.720738 10.585750 5.551197 6.560616 9.719578 14.318394 22.082072 21.008804 6.764544 7.124913 13.759251 22.029743 25.330468 8.384609 2.481458 6.698737 6.370635 2.282091 6.108942 6.482469 4.894471 2.211702 3.739207 6.244762 4.159997 3.652283
6.142354 1.834651 213.7949 213.7949 0.000000 1.380883 4.291458 5.288785 10.903529 11.600210 5.338835 5.393591 4.877278 4.448455 4.579588 4.414075 6.580662 3.261196 6.723204 3.408164 7.910745 17.149191 44.626962 44.810478 9.645901 6.546010 7.287255 9.292641 15.910486 20.191890 17.455807 9.780779 4.170398 10.032010 22.181956 15.855365 9.978998 14.741649 4.758923 4.087611 11.097266 14.503500 14.938812 25.479983 27.226069 65.106708 216.488503 307.305916 137.564732 30.798354 29.301249 21.531978 17.306077 15.810723 5.622211 5.798912 20.641417 23.625507 16.256070 18.945099 23.380516 16.925281 11.920133 9.968634 18.092178 26.443217 20.316838 12.198963 14.452984 17.161861 57.840713 88.475310 51.647881 26.039079 25.599848 44.809988 23.156453 18.110362 12.621141 7.761508 4.091654 5.951387 6.997025 9.083441 8.965381 12.879490 11.053881 16.286835 12.587792 15.722271 18.646352 11.098735 9.275587 7.215103 6.409596 4.532437 4.413702 5.568439 3.344424 6.740308 8.607894 7.542376 3.613935 2.014240
6.197814 1.824102 218.6701 218.6701 0.000000 3.543645 5.407542 8.278515 12.213091 11.095935 3.697234 2.205205 6.105125 3.752118 4.236591 6.027228 6.609140 7.869058 5.380203 4.298852 10.392426 8.854916 24.516782 47.465773 31.591191 11.518487 5.304061 5.875946 10.324130 10.979482 6.700221 14.758709 9.521413 5.494715 17.612891 17.312383 10.873586 9.006862 11.365063 15.872831 11.296491 4.805695 18.510393 24.598103 31.936209 24.576092 56.408210 227.675299 303.963321 139.569879 24.402715 23.261002 26.892312 22.453425 13.194987 10.882445 16.712254 20.118146 8.803630 6.826098 11.276831 18.977632 4.927058 16.065903 12.258570 10.454877 10.037183 23.400981 13.978808 13.578630 9.922137 33.325200 88.096562 80.116350 22.021958 25.391288 39.712778 38.264999 20.619390 10.442703 15.397721 13.214111 9.357659 11.069980 9.349421 9.817155 12.002454 11.589296 15.302065 12.982200 12.070324 16.539823 15.280972 12.910580 3.956480 3.907061 4.241253 6.218251 3.601940 6.008525 6.943764 10.646842 6.272839 5.887672
6.249702 1.821733 216.3611 216.3611 0.000000 4.501605 0.836913 5.218282 4.463922 10.820752 7.741831 7.667149 8.305149 4.104068 2.858843 3.423878 3.896223 7.886922 8.199031 6.097075 8.617904 10.225480 33.958247 51.929961 23.016496 12.905725 11.361250 5.777924 11.226995 5.245470 7.170905 12.600707 9.114203 13.072701 16.298635 6.182886 4.625843 6.223757 13.195601 21.184094 17.986544 22.166059 26.902225 14.109474 27.157053 29.098187 155.877334 331.357297 189.126839 38.085568 31.292010 7.437484 29.505895 32.550499 17.918452 22.546680 21.179931 7.889286 9.937488 9.377496 15.713709 17.587693 13.552674 18.626845 13.864059 12.466468 17.353673 10.671987 17.858570 16.940533 39.256338 102.204337 84.621257 7.410408 27.103836 13.720444 25.843755 33.353731 16.798120 19.214024 15.498886 6.016277 11.385303 9.613189 8.485413 10.993091 7.907868 9.048289 7.629297 8.977189 15.538809 7.335771 6.435603 8.697132 8.343298 9.504803 9.290475 4.569008 8.196809 8.809312 8.433837 9.129658 5.888542 5.829941
6.299900 1.828621 221.7817 221.7817 0.000000 6.890077 5.447419 4.004013 7.794866 7.403820 3.825295 5.018849 9.540268 6.163547 2.809855 2.601877 4.128184 3.356898 7.730605 5.955402 5.222641 9.810852 19.435626 39.877599 34.880878 20.875684 20.115880 15.798596 8.185158 7.296641 10.808384 14.959755 11.385709 13.074994 22.357414 15.566960 8.645452 6.656683 9.194994 13.945392 16.062074 7.457672 14.709078 24.284286 22.571948 23.994959 32.709667 150.915855 319.443918 210.875916 53.925061 21.169055 23.042869 28.852034 27.477589 8.150344 13.063287 29.180928 21.919198 14.467462 2.025200 10.287749 29.544812 23.808941 24.185145 24.110035 11.346522 13.667957 12.483418 17.612416 24.012991 15.026677 47.180093 95.939176 69.104316 25.007224 13.208709 18.760909 26.283729 24.592839 14.523251 22.168688 12.417184 6.380185 7.950557 7.682026 6.465206 6.621151 7.451881 6.551170 5.923201 10.152920 19.416239 20.643279 11.859077 11.806271 9.073426 7.256123 8.706613 4.864171 7.637295 9.751220 9.370562 8.471965
6.349701 1.827640 214.0037 214.0037 0.000000 4.083526 4.721386 3.077042 7.273838 7.392738 7.560545 9.329185 4.927060 3.583789 3.275785 4.769780 7.291179 8.055780 3.640310 6.268664 8.751864 8.866385 31.626012 31.052980 13.859069 24.386808 20.530892 10.083888 2.560519 9.229818 13.680820 12.199041 12.246169 19.701981 23.714854 20.865524 15.094030 13.380074 14.268764 18.118408 24.686308 9.792284 14.837093 16.130337 17.387421 88.522550 282.285823 281.427447 84.825322 10.092162 8.679385 12.476422 13.376438 14.397080 15.081815 26.305144 27.149884 23.098726 11.845055 17.136099 28.884050 23.987565 21.642739 14.402087 12.052293 5.238918 8.925110 19.349510 21.999451 27.893007 64.770956 57.504727 25.548925 14.013960 15.434846 11.000359 25.712382 43.033385 28.732336 5.865727 6.048361 6.607655 10.300086 12.756955 14.042825 13.628952 10.995765 11.543088 22.664591 30.984110 25.234173 15.002287 10.742737 8.346621 9.734512 10.163841 4.060495 5.981040 9.618446 11.480337 7.572816 2.442970 2.372458 3.128324
6.400094 1.836636 222.9831 222.9831 0.000000 0.627309 3.477635 6.579447 2.122494 11.191009 13.910848 12.414926 9.228908 5.393665 1.940045 1.771679 5.352026 10.162426 9.395299 4.427613 6.281800 5.581601 11.841972 32.997022 37.660282 21.896259 11.357969 14.345232 16.259330 12.163734 13.448003 7.444344 4.769962 7.623709 14.029405 13.579931 12.143565 19.710621 17.182661 20.658127 23.936861 20.642579 23.707194 24.761565 11.990361 14.495345 33.653199 158.238650 309.283571 211.758890 61.182190 22.970396 13.199400 10.198849 7.420559 12.061073 23.968947 26.011947 16.979174 21.601163 16.803243 14.358132 19.865501 10.695645 10.524353 8.850516 11.810454 10.875076 12.606031 16.710241 11.163381 21.905805 62.387397 85.566594 40.026671 12.452604 14.810266 11.061130 27.420282 28.129324 34.907583 33.537934 15.784802 14.407227 8.456508 11.478144 20.713043 22.120634 7.811874 14.479151 10.204145 16.830775 31.702098 16.805447 13.044428 9.499039 8.728720 4.755862 9.783582 9.356007 5.053408 5.395288 4.270385 8.477678
6.449684 1.839745 224.0726 224.0726 0.000000 1.746538 1.726250 7.040874 11.870687 12.573493 4.859913 5.278779 5.714110 4.421210 4.193052 4.147981 6.529522 3.817742 9.540851 11.402693 10.291790 11.474042 19.766447 39.019107 32.347333 5.232017 19.798796 14.242771 8.824106 14.510694 14.148013 11.161794 3.630300 4.578191 19.662308 25.005733 13.695921 6.679357 21.441012 25.110554 14.492911 1.248787 7.596116 25.326050 31.239521 25.180858 32.276054 102.776165 276.115333 282.140347 102.141505 38.936897 22.284977 18.727724 15.781537 13.568546 13.107524 15.572685 27.316228 21.790016 11.718096 12.024792 20.623260 15.154301 10.330052 8.972225 10.720721 18.674623 11.228714 6.813309 14.865612 20.509465 33.485329 69.030397 71.939128 35.869364 19.096671 23.512050 36.082635 31.460574 22.229287 18.302737 15.378306 16.534931 12.460541 10.562553 10.350735 12.141494 16.748487 19.035587 19.292572 12.502301 16.728840 27.517309 22.059676 13.061121 11.443890 7.358962 7.716332 4.372551 3.839216 3.803660 7.250300 7.379737
6.501090 1.834522 224.4417 224.4417 0.000000 4.244409 4.649850 2.582381 10.674889 13.554595 4.590864 1.640904 1.703316 2.830441 4.460764 0.870195 6.637185 7.239892 10.976141 13.156581 5.114770 7.602692 6.071682 31.497569 34.386515 13.201355 15.690229 14.035204 7.750467 3.776370 3.596208 9.763365 9.088185 11.458704 26.256380 31.179261 22.039239 13.181180 5.646131 15.578886 8.845883 7.505942 7.868054 16.018173 30.773756 14.387817 14.297597 49.376153 229.572453 330.362559 149.904335 6.767377 13.273343 7.237276 16.228726 9.443227 16.159001 17.594913 17.998235 10.013513 4.548235 13.226327 20.220123 18.531122 15.126752 19.042452 20.180376 16.716152 7.697074 4.412605 10.398374 13.523057 12.732788 38.634966 74.746764 44.851245 9.988660 15.603489 27.734793 48.095066 30.998770 10.792834 6.865751 9.114668 12.216588 9.395286 7.471174 6.839096 12.744715 18.311031 11.934776 9.885111 16.886180 27.643669 26.359960 13.557491 9.402201 8.368317 8.681935 10.823748 9.527450 7.805159 7.381116 5.619610
6.549913 1.832097 224.3312 224.3312 0.000000 3.367980 3.270441 1.887375 9.139369 16.635130 10.148090 1.631271 1.690492 6.798126 8.805754 6.651674 4.981149 3.011000 6.203876 9.417014 6.046781 4.721745 8.511622 35.445688 38.317457 12.956400 7.427697 9.511563 15.639558 9.037577 8.727276 4.044178 11.280450 14.348800 14.985237 18.704658 5.768577 16.274264 13.145772 11.589187 9.069915 11.074386 17.309802 25.238016 32.942627 24.143681 16.068368 57.140060 225.185803 321.673936 145.923285 15.372518 10.579054 17.752527 24.202105 22.445113 15.545088 6.398769 8.434578 5.533341 12.882615 12.888851 11.798165 16.732932 9.549124 17.139521 13.826858 10.689315 11.865354 9.031541 9.611885 8.058889 15.804616 50.897205 84.675851 55.475178 16.332522 15.616034 32.850552 44.800711 27.911600 11.538626 14.381654 16.369176 16.147996 12.270922 11.939428 12.041002 14.556137 15.299639 10.742691 8.809893 10.116999 19.021851 19.698793 12.369519 5.576899 5.424980 7.146157 10.062058 13.108569 6.321023 4.534363 4.086907
6.599977 1.831924 225.6226 225.6226 0.000000 2.651094 4.737233 4.433587 3.357047 14.206105 13.748111 5.901028 5.699659 8.036954 6.934520 6.120397 1.276579 3.765458 4.625281 4.931959 0.854626 4.326346 11.893038 45.191181 50.615929 17.962835 1.990354 8.380590 20.433703 26.240643 24.166794 16.321804 6.989796 5.511695 5.954154 17.145336 19.720879 12.696234 7.019886 5.183874 6.892769 5.101397 14.935415 26.891691 21.621473 11.042830 15.177577 23.374041 200.270954 359.937544 160.096407 23.740033 11.962875 2.633171 25.717137 34.868219 23.655546 9.940143 3.424748 7.378548 20.680982 27.658919 29.396524 27.913861 12.299041 5.968171 19.393798 25.319760 31.175906 25.121219 12.814388 1.856589 7.145933 42.828789 102.134984 80.344927 4.966175 9.592721 15.691226 24.084110 40.454959 23.940587 4.174142 10.120895 10.509481 9.665834 4.187703 11.875243 16.904694 12.784981 1.930392 3.949974 8.616811 16.534196 18.331027 7.706359 7.427412 4.134864 9.311517 9.702479 14.083685 14.647220 9.610453 5.530776
6.649665 1.825041 217.9793 217.9793 0.000000 2.175932 5.289867 9.955962 10.427395 10.477729 5.918077 7.524334 5.978302 1.925517 3.658185 5.348555 6.151528 4.179189 4.394809 4.421648 5.072151 12.358193 37.032247 46.796099 17.117940 6.043052 8.416563 11.048069 16.168497 22.622401 18.948537 9.537944 7.777154 3.027795 19.725659 20.753621 5.481277 7.492751 9.923946 7.774911 9.097016 13.150098 9.952236 16.969618 24.021709 36.287631 95.488542 258.217562 278.028627 115.627385 33.195566 20.760684 20.958310 14.070868 21.354775 8.286141 11.860011 15.159796 18.944022 21.190034 19.750193 29.593399 14.618463 13.676215 14.563203 18.642564 30.514364 17.384226 9.192729 10.164116 19.955505 36.887603 88.288255 67.414273 31.311670 30.419363 36.044539 27.868250 16.236357 17.449608 11.510312 5.603468 3.749838 6.830296 12.183018 6.435629 9.419563 13.027372 13.301261 16.535764 5.560235 14.926081 17.907423 9.798159 6.050920 6.823942 10.199658 8.041401 7.326151 5.473463 3.734069 5.995270 8.647115 6.120300
6.699927 1.826033 220.7081 220.7081 0.000000 2.390130 3.949337 10.826530 14.525313 4.949537 3.500133 6.713387 8.502513 5.911489 4.661231 4.860088 4.870773 5.491072 5.401240 4.101767 5.995990 7.326620 20.618738 46.489517 35.438690 12.241473 6.733249 8.811370 12.412851 10.253746 10.530409 9.745978 7.700623 12.849842 22.156074 19.690269 8.560826 5.972968 11.555541 14.370421 14.858680 14.175915 13.573623 20.070131 23.927526 15.083819 55.684070 214.659761 344.482029 128.071801 69.991898 21.522837 22.343102 15.561246 12.929338 20.928542 24.621652 25.868440 21.346033 21.021709 27.846032 28.579521 20.801222 9.731308 9.652613 4.425807 14.603354 23.920410 19.629031 21.169546 33.023607 51.209714 82.628757 82.295379 38.867706 10.292681 26.642147 32.647496 21.026706 18.878311 20.918360 15.180622 6.542772 6.907782 10.291065 9.855427 9.465132 10.719714 12.094366 10.058192 17.916288 15.994856 12.255195 8.650388 14.911961 4.098675 0.932885 5.317282 6.921547 6.264258 5.613321 4.121790 3.086289 6.262122
6.755722 1.818092 223.2031 223.2031 0.000000 1.638895 2.944351 7.780788 15.612729 8.239576 1.922578 5.230958 7.913961 3.459000 3.825771 2.946067 5.208182 6.047801 5.529077 3.148960 4.612996 8.656099 23.405514 47.822111 39.158027 9.508874 11.452870 9.564513 9.278722 12.651777 15.034756 15.012436 13.763259 9.266351 10.828865 21.381834 14.355713 7.375426 10.460818 9.056143 5.480045 8.863754 7.719318 8.365327 14.179365 35.193833 41.982234 105.868905 261.022912 268.719230 122.771434 51.867434 31.688573 13.488757 5.519130 9.790272 15.822792 13.865817 21.095478 27.502789 22.476846 21.593654 26.511209 22.323087 13.039048 3.747884 4.682344 16.175242 26.486465 20.671180 21.225636 34.084238 37.005583 77.593570 86.812450 43.437674 28.232785 41.862372 32.039734 19.779434 3.502018 15.521650 12.263827 5.398820 4.067805 10.353601 5.293232 8.519740 4.519943 12.276854 14.050658 16.273261 1.558028 13.609343 13.759335 13.959576 5.569650 1.846447 4.888465 5.723957 2.830396 6.071664 2.412478 6.373040
6.803240 1.822565 213.8838 213.8838 0.000000 2.583830 5.497840 8.462289 13.426316 7.952410 1.781294 3.955151 5.628049 5.054159 5.107440 4.792344 8.263259 7.714290 3.055776 3.831637 12.298608 4.982959 42.096517 48.717243 18.224091 7.303512 5.054048 7.543400 10.540611 9.986802 10.820458 10.261551 6.644798 13.164686 20.056884 14.040943 8.916104 12.795496 14.188531 11.778715 3.035159 14.770580 26.912946 36.291093 17.490981 40.428294 214.673561 308.196081 136.863295 15.272457 22.646891 31.236904 23.084099 10.552960 11.432621 16.977090 19.524214 7.366480 10.377921 16.684967 17.080234 3.181128 13.430628 12.390523 10.919377 13.722030 19.274939 14.542191 10.701464 17.259977 61.311902 95.822932 44.396934 21.615115 30.749885 45.900614 24.198762 8.637404 10.959900 14.208641 13.052272 11.300169 9.395038 9.417701 9.074347 11.160521 12.756484 13.166430 11.671677 14.180688 13.675868 10.596320 5.050623 3.079833 2.794582 5.766705 4.094755 5.918582 6.975035 8.680104 5.916430 5.584497 6.625284 3.371771
6.850657 1.831884 219.6833 219.6833 0.000000 5.145271 5.125382 2.724419 11.860185 12.447075 3.517095 2.421812 5.503708 3.570415 4.191336 4.456197 7.325380 12.058177 8.434827 6.171869 8.898219 13.751704 28.684198 43.042513 27.831860 12.816402 11.403853 5.832523 6.256916 10.048505 14.377423 14.210909 9.940134 11.241838 5.851087 17.080109 12.852261 10.417676 9.207369 11.281098 18.044830 9.176594 6.740119 30.871816 28.886240 12.413242 33.558682 194.095422 333.298274 159.104057 12.885622 25.099206 30.127244 24.534768 15.955108 19.158823 22.617842 13.040341 8.591347 13.948084 19.143477 17.020404 8.108736 7.018158 15.464723 18.951012 16.264137 13.294927 11.222827 20.601656 20.053285 21.808216 77.916181 90.391201 41.495757 13.833423 17.751911 48.599540 30.072114 13.274165 6.139450 10.267623 10.051342 5.496044 7.485001 10.078808 15.088050 13.912203 11.954318 8.251461 12.262889 14.098677 17.331363 10.042293 8.193798 7.744693 6.561462 7.274924 5.156463 5.003845 6.271735 5.964284 6.184324 7.192073
6.909676 1.824603 217.3013 217.3013 0.000000 3.999811 1.852083 3.462724 11.325750 15.564248 8.103800 3.506730 5.334035 5.647663 3.121119 2.003911 6.944669 14.851476 16.708554 10.279392 5.060114 5.112651 20.873504 35.193150 16.233097 7.939447 10.924461 7.725196 7.836992 4.349697 14.668122 7.521097 6.923857 17.430390 19.788608 12.836275 4.829729 7.704393 18.498844 22.077889 14.024557 11.843029 23.406130 19.210436 9.624976 10.395245 120.088751 309.533953 249.852256 57.367515 13.991590 10.975724 14.350463 9.190451 6.155598 20.537801 23.382226 13.494517 6.521280 9.608037 16.446196 7.410362 2.469469 7.078346 15.549554 10.793594 6.266466 13.891403 19.626272 16.129388 12.854736 52.408747 70.400490 25.995806 8.550988 11.968491 42.044014 53.379950 25.892119 7.538606 7.684166 5.369138 8.480260 8.228191 10.179984 25.736972 26.796242 11.809242 4.043664 11.695417 24.963172 25.024651 10.268851 3.630079 8.139369 5.565162 6.373894 8.793133 6.067558 2.057663 0.339308 0.970768 3.253231 2.515502
6.959934 1.843387 214.3323 214.3323 0.000000 3.785797 3.575863 2.543261 8.833897 13.458252 6.729236 1.780854 5.815155 7.679494 4.084254 1.959452 5.806033 14.402744 13.179383 5.500073 3.833278 8.677127 34.720666 40.175573 12.372239 9.748892 7.562624 4.645342 10.337884 10.469647 8.328249 5.757531 8.771327 17.417196 10.499428 4.320962 2.872757 14.238361 26.246407 13.897971 2.308614 21.596193 38.822796 21.721390 8.730529 36.392517 222.915668 322.697537 130.417720 5.814434 16.305947 27.144506 22.897666 11.282383 8.406211 15.480927 13.533527 6.021118 9.454224 10.797989 3.674038 5.916621 4.051096 9.236405 11.307915 8.599479 6.670615 13.133974 10.485034 14.988479 53.923646 82.401586 43.774081 8.805270 7.794782 38.786906 51.598941 19.832957 5.907147 13.000251 18.446232 14.700796 3.798363 7.276146 24.576508 23.795204 6.644110 2.565196 8.395630 21.499759 19.178533 7.981101 5.673743 4.600139 9.333411 11.781344 4.189908 6.515338 5.438809 3.247448 2.554731 2.967665 1.804985 1.890853
7.009691 1.838240 213.7135 213.7135 0.000000 6.086588 7.525500 5.455711 5.528767 10.451381 5.238593 3.214957 5.987136 6.793322 4.006679 4.313633 4.920806 8.599993 12.270393 7.179968 3.663939 9.170258 37.012338 39.917669 10.396174 12.455575 9.606267 3.340188 7.854600 6.122299 4.977586 7.773845 16.650547 22.930420 13.837643 7.476949 9.962762 21.028685 21.882995 7.010226 4.261637 25.674077 39.049712 21.961617 7.044343 55.770260 243.487114 297.370822 104.223323 8.521138 20.852849 30.601595 25.914580 7.013853 5.127310 13.938237 16.776003 10.450932 4.713471 10.086405 9.309716 4.058585 8.232804 12.132325 8.241466 9.422822 12.032276 10.785731 7.168399 17.660000 68.148961 84.716143 37.850936 10.643724 8.569868 45.863822 44.775344 4.886014 2.565043 14.053555 19.248980 13.293057 5.239053 8.605543 18.436717 20.556199 11.071707 9.096647 10.245682 24.191218 18.880126 7.020563 6.963690 5.236942 8.185154 10.624479 7.089930 8.861918 5.211501 2.205335 2.357311 3.369728 3.657854 4.346905
7.059967 1.833380 223.0579 223.0579 0.000000 6.250272 4.759193 5.536741 6.453109 10.967773 6.912927 5.096930 2.612500 3.453587 3.564623 1.845033 7.199604 10.892485 12.658215 9.246851 5.528210 2.464020 9.977314 27.969295 30.417415 15.307129 11.774251 12.916988 12.232770 8.614945 7.589841 10.116101 5.179583 9.689943 25.292808 34.522345 23.158620 10.365336 10.353203 14.797078 8.898376 3.677407 12.249154 23.360143 19.749715 9.188737 9.094546 109.467972 291.117674 271.680672 90.502554 7.656004 8.506953 12.128303 14.457409 16.921729 16.080795 15.897120 16.741557 9.034335 11.257560 21.758449 23.288578 13.163170 8.269334 16.730273 22.838097 15.958148 8.172492 14.353612 11.954917 4.638406 18.328497 66.062156 61.858520 18.904559 5.682324 14.502617 33.543548 50.263379 26.261047 12.731569 2.938808 10.311191 11.007476 5.996466 6.160821 12.160224 17.127845 15.065929 7.773915 10.493107 29.527621 36.001789 14.026256 3.206119 6.733466 9.575697 11.218742 13.254905 8.033714 8.142396 4.460482 4.035637
7.109850 1.839829 220.3024 220.3024 0.000000 3.475964 3.035042 5.214770 5.421757 12.171549 9.782454 5.356535 4.593930 3.346349 2.655995 6.388359 9.976057 9.472028 8.507112 6.704950 6.791025 7.350442 15.927580 27.741909 16.926108 5.855647 6.983771 11.125711 11.623566 12.631742 12.934781 11.783332 9.753995 16.760607 27.517590 25.527430 22.237081 14.968998 3.041162 7.614882 2.287606 1.022972 15.317525 20.959522 15.114382 24.762214 31.164208 202.758463 361.553489 166.917464 20.543979 15.419875 11.075016 7.544338 7.165249 16.749127 9.563776 5.714109 9.181287 18.849108 23.596834 23.495213 20.197842 9.285497 9.790165 19.681393 22.032920 13.297463 12.307151 11.354875 6.833633 10.180490 50.228733 65.231275 31.434896 20.803344 19.548512 32.557988 45.378368 25.870315 20.033516 14.744137 4.959496 7.767594 7.655654 8.515157 6.055178 12.086156 8.028315 13.337488 13.378657 23.026198 34.054985 15.837742 1.953437 5.465170 12.701453 16.052281 16.901947 10.672737 2.121397 1.745584 4.290551 7.319451
7.161056 1.832086 220.1844 220.1844 0.000000 2.018279 3.393259 6.239627 9.086970 13.073440 8.598043 4.449030 2.837699 3.724596 4.894489 7.218901 8.168609 5.987175 7.052809 9.191212 9.410801 8.080216 19.517622 39.669673 28.524134 8.133478 4.492095 11.242926 13.855218 18.261636 13.147097 10.042270 13.425272 13.169869 16.236878 11.217902 20.747516 17.912707 10.861371 9.291106 2.955339 4.769885 19.016841 22.925505 20.313051 17.763100 33.011087 202.116184 352.711379 166.272776 20.419236 6.796042 10.142247 21.062088 22.147559 11.769182 7.737710 8.643911 11.662814 25.182698 25.609153 18.856987 14.773934 6.208574 9.084619 13.308654 24.462815 24.818995 18.678226 13.519081 7.909353 18.590524 66.226161 74.974738 27.899973 17.173563 23.173457 37.726351 42.766154 20.885631 16.816927 11.039364 9.258815 8.187052 9.154214 11.719644 12.835261 15.176433 14.754940 13.955375 12.902274 19.563978 25.241790 10.901749 4.632693 4.956521 9.191158 8.061381 12.947280 10.991126 3.530632 1.755590 3.015600 5.050373
7.213329 1.828988 220.4018 220.4018 0.000000 3.514649 1.619050 4.536248 3.390452 11.053069 11.603083 7.334206 6.383482 3.477176 1.147967 2.315644 3.990041 4.507048 4.315399 3.489473 2.517022 9.185575 33.418279 49.919872 30.731728 8.948123 5.031808 10.256699 18.634250 26.729398 22.929196 7.671512 4.401510 4.975894 11.467807 20.361243 16.482281 9.303705 4.737459 7.249023 8.679139 11.347805 16.326813 15.567480 11.177021 14.722159 30.163962 203.288247 352.965098 154.283196 29.216833 16.675876 17.872691 26.039105 24.643321 19.184593 11.061748 6.492722 9.108295 29.258684 34.468359 30.476848 21.085551 9.553955 10.423713 18.807620 33.453603 34.964178 20.028680 9.267959 12.631295 27.658097 70.468932 87.729805 44.185189 16.290412 14.828076 19.859245 35.964046 27.224409 13.605339 5.793876 1.730130 3.890667 2.797678 8.861202 11.595681 8.179337 5.640429 5.127607 11.533278 19.162256 18.436423 8.996069 7.398670 3.382999 8.472614 11.616001 11.546285 8.641900 3.058239 1.825528 5.367259 9.600603
7.263715 1.832018 219.5539 219.5539 0.000000 2.718364 3.171857 4.186011 7.163050 11.853786 10.893679 6.795443 7.878010 3.302202 1.713971 1.030247 1.698297 0.947167 0.711677 1.016247 0.998467 10.366183 38.945313 50.563925 22.662543 7.494273 9.578254 12.841319 11.562963 24.474357 22.729797 7.315613 3.741309 3.859291 15.947428 18.459379 6.201792 8.650224 2.556357 1.390154 12.741153 13.978708 7.798176 16.501565 19.934368 24.659340 57.766204 207.537491 320.694242 150.181959 31.984539 27.376954 27.635932 18.414140 16.956457 21.395678 8.286883 6.214098 18.974530 28.942203 22.015210 27.274236 24.206753 14.348086 13.105187 17.228412 35.758017 24.684919 14.388504 13.023703 23.127843 15.490323 79.923642 97.597556 44.362913 19.013738 20.426049 29.276695 31.049366 9.588584 15.890666 4.212439 4.084443 3.013186 7.200380 6.001826 5.808376 5.396878 4.946895 7.833760 12.321391 10.873421 14.272235 12.696437 7.054595 6.987382 8.447169 5.799394 6.476747 3.890096 1.769982 2.548045 8.556312 11.098932
7.313396 1.822831 224.3263 224.3263 0.000000 3.800228 4.381950 4.547296 4.381789 7.041398 13.293033 14.447299 9.239907 3.144518 5.233100 5.028508 5.167435 3.986675 3.492852 4.462131 4.735532 7.584648 16.561880 45.738617 48.723096 17.015140 1.651128 6.313144 17.050052 21.638343 19.531087 13.060855 7.019953 7.858180 10.611576 12.760193 11.197159 14.283244 13.066219 8.257108 12.293793 22.135001 20.697143 10.845139 6.998607 20.570990 23.128005 89.696509 254.452209 299.452074 113.332759 32.108511 16.710217 19.279439 15.398882 25.990736 24.256649 16.783895 8.034536 12.917633 23.370293 28.099992 28.422798 20.095231 8.194800 9.447145 19.743699 27.435240 29.096024 22.187108 13.272277 11.014525 29.218819 71.914018 89.617540 47.093213 16.923124 18.260143 16.363518 19.303324 33.226271 29.029453 18.906686 11.229718 9.829984 11.940759 15.189746 12.337272 6.970986 7.665529 9.754577 11.828864 16.641538 17.043597 9.776465 4.994185 2.921644 3.406968 5.303405 8.011003 10.394742 6.190125 2.443112 2.603244
7.365388 1.822049 228.4079 228.4079 0.000000 5.526296 4.425950 7.308561 9.783673 7.705908 3.518984 8.783997 10.580586 4.633943 3.742456 6.558349 7.284774 2.672533 4.946509 6.338886 6.925301 2.025755 2.182627 26.311068 44.445792 24.636653 5.641780 4.972357 10.705924 9.405823 4.949280 5.782409 5.302639 9.994650 7.545929 6.231861 8.692464 12.520708 15.396486 11.767802 8.848619 18.002871 23.447369 12.276466 10.728763 27.061283 40.127899 36.473330 85.280441 243.407693 292.299532 133.835957 31.386748 34.394206 30.709877 21.016737 12.016597 11.425625 16.006411 9.944586 6.061744 9.242778 8.084314 11.590868 10.602807 4.838470 6.463068 8.260715 8.231193 9.491796 10.337009 6.406829 13.932055 15.244353 32.675805 93.496529 85.450570 32.981608 16.398192 37.591236 36.052106 20.238826 10.776139 28.055483 21.220090 4.724229 10.557220 19.658546 15.462035 1.732284 10.729649 14.264041 16.731747 5.155881 9.879436 15.803845 11.030185 6.631081 3.290130 5.747402 6.603287 12.786530 12.835944 5.635785
7.413314 1.824372 217.4420 217.4420 0.000000 6.564348 4.846486 8.362881 10.566084 5.003429 5.150202 6.584506 3.408181 5.253583 4.222970 3.679024 7.065053 9.234548 7.129148 6.605519 9.076463 9.641265 25.068907 40.660383 17.918851 7.067210 7.926760 10.675929 3.673660 1.933126 7.711047 16.768945 14.647235 3.820484 6.236519 15.296432 15.426913 5.805216 15.931263 14.905341 11.141057 15.050734 12.499392 21.306457 35.795132 38.121661 89.479293 269.070833 276.006604 97.563948 35.685799 28.215774 21.664442 10.606989 11.636227 3.384990 16.788738 18.916009 9.095606 7.765150 5.807237 11.379019 9.566212 12.246974 7.935587 3.672458 8.727599 15.477891 12.295159 13.269093 11.050067 43.259695 87.466693 63.296999 31.541844 38.140173 39.066460 14.045770 17.546583 24.112093 11.205619 9.427412 11.778263 6.020007 13.510126 15.429037 10.094903 7.740910 18.205602 13.402198 8.923231 17.977091 15.651533 8.064257 4.660469 8.372191 12.310757 12.261210 5.522027 2.396178 3.224943 2.860255 1.552735 3.367623
7.460126 1.829026 219.3798 219.3798 0.000000 5.476742 4.649904 5.692053 6.217853 8.539437 11.942283 10.196994 4.678590 3.191362 4.582270 4.883388 5.706060 7.074410 7.674651 7.990023 9.513690 12.840443 23.129437 42.638689 35.724138 13.463222 9.344687 17.133517 17.740690 13.179835 16.710275 18.180618 12.227861 12.159780 7.603578 14.163699 17.641791 16.155695 11.966560 14.042558 15.383287 17.941036 8.914266 4.303601 10.629471 22.411222 70.766497 243.767731 309.757181 125.980201 32.306442 17.317155 12.831492 15.269614 18.787824 22.627000 18.872100 17.912515 24.629321 24.107649 19.258137 23.041557 22.022475 14.424168 20.608661 20.827191 19.665380 27.543786 25.931533 14.401963 21.312517 47.109731 92.824207 60.014815 15.252061 25.746691 22.614631 20.836081 33.012759 32.861710 14.352209 5.536070 5.741499 6.558901 8.641105 12.604930 12.204795 9.792397 10.374758 14.839534 19.258632 21.906227 11.917068 6.701286 7.973852 8.854744 5.137768 5.079757 9.777591 8.196047 3.612601 5.296332 6.917588 5.004348
7.519713 1.831029 217.2095 217.2095 0.000000 1.888216 3.549224 2.796210 3.352137 5.315763 13.278068 9.242457 3.303607 2.445163 3.651822 4.090766 4.426652 5.000164 5.941834 7.219393 10.373740 11.148315 32.358143 44.608670 21.635822 14.414693 17.025201 17.040127 16.308563 12.990898 15.420737 18.078751 12.418882 20.885954 23.999995 15.707279 4.119095 10.731313 6.459565 10.486100 13.933158 17.493609 16.114504 8.236259 6.416562 12.260237 144.389876 314.796093 211.910203 53.784550 12.290893 8.237373 17.340919 21.052385 17.993352 30.971213 14.374519 16.041658 23.588628 14.665552 26.100923 32.070045 18.778697 19.657062 30.568008 23.151282 19.020487 20.442583 17.785530 22.091686 32.671143 73.496625 76.436299 24.962571 11.300985 12.785767 14.484223 33.965083 36.307082 10.977701 4.165159 2.914812 2.462781 2.575550 9.780241 5.165239 5.956518 6.821801 8.347518 7.793972 21.927221 23.335120 15.071044 10.736494 10.662835 9.858783 4.672262 7.242124 11.678109 8.029603 6.116730 8.588220 10.091685 3.603670
7.569883 1.819949 214.0836 214.0836 0.000000 3.878969 2.702296 4.864040 3.769995 7.350449 11.691616 7.870239 3.856918 3.167816 3.138375 4.096959 7.086821 6.341939 4.162085 9.613801 10.958199 10.407709 39.186520 43.900709 15.777392 18.121511 16.819366 6.874106 7.835531 7.221124 11.565531 16.159680 11.254725 17.907228 20.463371 10.647114 9.644491 9.180209 10.392468 16.861691 21.361584 30.106985 13.196361 10.789725 18.735576 48.397160 245.783236 297.396750 109.767190 21.499499 12.177594 10.258366 22.209314 24.094981 30.117322 22.099729 7.226621 11.066839 12.144163 19.363964 26.541084 9.510790 16.112469 26.592468 17.003802 10.576511 7.629059 11.209961 26.172829 35.855549 75.358451 81.899105 28.797302 14.985010 17.361262 17.884123 39.669646 30.713855 2.166135 10.882615 6.222465 4.847538 8.678240 12.224005 6.901637 5.082825 11.837999 9.314809 10.121588 19.896778 15.392912 12.421167 13.352796 3.931707 8.484767 9.067584 4.291494 11.727936 9.310558 3.609859 7.911657 9.565756 7.311542 6.022363
7.619852 1.824988 222.1785 222.1785 0.000000 5.894131 4.525163 6.295527 6.070245 7.714087 6.038881 7.103604 10.431230 6.201965 1.808728 2.174343 3.303388 5.548234 8.406611 6.054224 3.336297 6.695033 10.903330 41.340157 40.803538 15.344813 13.894823 9.902384 6.911297 12.699561 8.075517 8.436229 8.266465 8.325993 18.968716 16.567271 5.043483 4.413385 7.367819 14.039736 22.246141 17.760741 22.378503 24.427139 21.332709 28.956969 26.566003 131.160106 302.604132 226.116029 65.094367 28.621144 19.373837 22.687542 33.653316 14.947278 24.180414 23.564500 8.890398 9.616764 12.006848 10.705156 23.736573 11.304028 13.089550 22.348906 4.114329 19.572042 16.186069 6.520811 19.841398 22.777093 44.876846 108.651428 72.529205 17.987164 22.247391 17.912753 23.509816 31.181412 14.745065 18.599071 16.552464 8.740175 10.317666 13.334554 9.966713 9.486229 8.366204 9.255984 7.760170 6.118119 16.250278 16.007773 5.978027 7.536474 9.492462 7.737748 7.353599 6.213455 7.210606 7.709052 5.703675 7.157867
7.669680 1.823597 221.8651 221.8651 0.000000 7.605483 7.890901 2.053934 7.623042 7.150525 3.072243 6.357013 8.467753 8.021760 5.156352 5.756985 5.211578 5.933674 5.745836 4.354948 8.465717 7.283199 13.124464 40.213537 38.968276 18.783448 8.722808 10.957565 17.459470 17.847711 9.123059 5.211135 8.661330 13.125921 23.788362 22.642879 13.401890 7.177978 3.756412 8.152210 21.346042 27.727252 29.824695 11.795895 17.008895 19.319918 28.672247 165.505917 322.039349 198.980137 48.535530 20.594222 22.474528 14.753244 37.500890 34.037291 25.157114 10.326866 13.754590 9.072526 11.987955 16.220045 24.014589 20.921760 12.868310 17.610885 17.336250 23.854918 15.973014 8.384462 10.751182 19.466480 56.797182 96.855221 53.052246 19.201319 14.794779 10.336258 14.560352 28.369858 23.777028 19.303788 12.990123 9.700955 13.584863 14.894504 10.408481 7.476985 3.033500 6.184638 10.425577 18.339827 28.205477 25.208353 13.928810 5.800542 3.254417 2.919033 2.706986 2.739282 3.705408 6.162939 9.722017 9.386492
7.720129 1.823152 221.7645 221.7645 0.000000 4.900873 4.931647 5.128898 6.836461 8.740996 7.813743 7.723849 2.211622 5.486534 5.278889 5.023087 5.629343 5.531350 4.528330 4.511182 8.232008 13.763372 29.773027 44.537744 26.219878 10.990131 12.556512 11.787614 11.743366 17.099809 21.101409 12.227999 4.091434 8.903113 20.334384 14.924773 11.905935 13.400165 8.705817 10.322587 14.259031 27.234937 35.649876 27.608991 16.110487 7.781301 10.848000 173.172037 327.497313 188.891287 31.696361 6.057143 16.590114 33.741863 43.188895 18.928596 18.632637 12.693008 14.201048 16.072550 21.457771 12.616673 24.550251 15.281652 4.932397 15.987776 12.321665 30.294165 18.672548 7.170013 6.565209 17.599559 39.494773 94.801986 61.764627 19.685454 10.333959 8.710804 17.738928 33.101107 25.927474 6.657536 4.664134 7.758100 11.824268 14.186767 15.932024 12.694825 9.000774 10.131908 14.119559 15.429717 24.128197 28.356242 16.606371 6.995613 5.319160 4.674673 3.011616 3.473445 3.113172 4.122786 8.312009 9.209100
7.769567 1.826058 223.8977 223.8977 0.000000 2.276293 2.366820 2.166374 4.241920 6.152896 14.269574 13.634431 7.262569 2.732763 4.564036 4.526379 4.292851 4.386640 3.778416 4.033484 4.593205 7.755218 22.595923 48.334259 45.711549 18.041099 3.647467 7.147649 16.371794 20.864357 21.951257 15.819859 8.050748 7.036999 13.983326 12.887984 9.233611 13.686250 12.600042 5.536722 13.227998 17.204065 24.857653 16.735578 11.683774 15.521261 21.993955 96.385726 271.358711 277.358867 94.121416 20.275602 15.303899 18.829577 24.227497 29.885990 21.811502 13.892015 8.640674 15.830345 25.383922 29.821578 28.837580 18.896516 8.063892 11.225221 22.266967 30.351205 30.359751 21.167256 10.008383 8.994516 33.445391 81.556059 84.652145 39.372586 13.776844 13.468652 7.410862 20.266438 35.642148 24.876022 14.524086 9.047183 9.461167 9.852035 12.973686 12.913754 7.360564 7.951179 8.291100 12.047714 14.638399 18.346824 12.946267 7.324263 3.708007 5.384032 6.054987 7.769803 8.569807 5.053032 2.563869 3.516254
7.822147 1.826509 220.2594 220.2594 0.000000 4.119882 4.142125 6.487845 8.700454 8.202968 7.244560 10.922764 9.097793 3.962381 5.027631 7.892190 6.249149 3.368559 5.953701 6.604362 4.819356 2.726098 15.721126 39.891022 34.403052 9.292867 3.339539 9.720269 13.023933 8.877219 6.761389 6.554228 11.115246 7.120892 7.900904 7.723618 12.100588 16.678886 9.242353 8.649695 24.149781 22.787021 2.931658 15.350405 34.161216 39.843193 43.124291 174.902434 344.029545 182.543011 36.288456 31.701934 29.839300 21.872673 16.187910 13.516668 17.992825 9.275558 6.410849 11.846998 12.131788 15.940543 11.790357 6.436711 8.861238 10.785436 12.766364 14.491615 9.823783 10.716858 15.500464 23.908668 75.692017 88.099393 44.143560 22.820284 29.334415 33.654926 26.119849 18.482935 27.635770 22.504545 6.980071 10.725080 19.401082 15.702171 4.795614 11.144599 15.390260 14.965034 7.819654 13.205483 15.736566 7.549166 5.346745 3.012384 6.125607 6.527074 12.285597 8.869227 2.498873 2.816822 4.637822 5.340436
7.870048 1.825745 223.8737 223.8737 0.000000 5.993739 3.519915 7.055096 12.334663 4.949480 2.424941 6.071739 6.085250 3.932365 3.243348 3.640573 9.857791 8.401407 7.222015 1.765286 7.510207 6.304965 8.399141 32.318138 41.278354 13.779068 3.761982 7.289487 5.056110 7.222413 4.445637 2.234074 10.368660 14.641474 11.414390 6.992041 12.021789 18.180711 9.021216 8.732992 16.119368 19.789830 12.738252 10.208603 28.585030 41.017819 29.821588 54.739258 208.411543 311.245250 154.073734 20.972159 28.435574 34.624646 23.177190 7.150975 8.544607 13.740048 11.897745 7.088232 8.479549 9.477355 7.004508 7.120457 4.738892 2.976425 4.929451 6.056369 8.828916 13.554416 9.592139 5.199688 11.041610 54.953994 92.822696 62.263246 21.298730 28.760066 42.458168 22.490770 9.470315 19.283555 22.696958 12.834802 5.658618 9.988113 16.212893 13.791519 7.676264 10.260418 16.312031 11.073912 6.429797 17.119841 18.917674 8.866576 3.635265 6.570877 8.214580 11.828585 13.179055 5.559471 2.295383 2.698549
7.923807 1.823390 226.5478 226.5478 0.000000 5.272659 3.100123 7.652339 11.077226 7.140139 8.762511 10.325181 5.206346 8.238390 5.880772 2.134365 7.828414 11.756758 8.188381 4.239753 7.010311 11.774310 10.531651 34.223233 43.975535 19.092653 2.889233 8.312388 13.262920 15.607825 15.454503 12.170093 14.279562 11.822176 6.190301 14.311719 19.700811 19.922183 10.376096 12.116989 16.364620 3.491816 14.566572 14.252555 11.721005 27.055157 13.733317 33.251702 171.859908 334.380348 209.907111 63.431777 9.567013 11.025141 22.875625 24.475881 16.275044 5.160562 10.114251 15.719221 18.424189 23.256266 22.887514 19.597323 13.113901 9.045769 12.616531 18.683993 23.009704 24.900376 20.683225 11.236909 10.600011 23.402928 73.869174 76.532639 27.943048 14.936116 27.756353 27.768875 32.795729 35.017797 24.486912 13.077033 13.590849 9.632801 6.063785 13.773512 14.721275 10.068515 12.344433 12.970209 12.468804 18.139207 25.651271 17.764331 7.488694 5.933740 8.813721 6.322610 6.592169 9.995688 8.456177 3.445927
7.969956 1.832379 224.5984 224.5984 0.000000 1.892034 2.511824 7.603969 11.305233 6.375927 10.717159 7.811699 9.602430 9.621080 9.758385 6.992991 6.164966 4.768980 7.936692 4.709939 3.424505 9.024444 17.882300 40.673035 36.700205 4.022683 8.799233 10.378156 7.973841 14.865581 12.188094 12.139762 8.109910 7.594028 14.548853 20.388523 13.065262 14.995219 12.476843 17.941123 13.824127 10.691102 16.554073 23.283786 22.472716 29.637979 28.858227 65.683661 244.433182 321.288201 128.173076 27.299465 13.368338 9.330423 22.728908 25.386467 10.136036 7.095740 10.751358 11.389352 17.022144 19.556698 17.618864 17.899082 10.569018 12.461200 16.092980 16.792840 22.863139 17.284354 9.681347 8.584511 15.061719 51.232737 84.723030 50.232621 12.590680 17.535190 26.024849 30.684951 38.086958 23.762490 18.780780 21.623742 21.266691 16.230810 10.340360 8.163784 10.958399 12.640622 12.980974 6.752984 10.809210 21.962290 22.245929 8.252591 4.684246 8.613304 8.378745 5.548254 5.063047 7.158379 6.415250 2.361497
8.020172 1.831468 224.2232 224.2232 0.000000 2.708203 4.242352 4.105527 10.890562 13.600396 8.661199 5.010602 5.959500 2.582228 7.759167 8.784800 5.626167 6.672725 7.910865 5.835600 5.933211 10.616381 12.153010 39.125716 41.982513 13.059133 1.688679 7.466008 11.805890 16.488354 16.026983 15.334551 12.007266 6.745288 9.267392 17.610061 16.034368 16.491761 18.949343 13.793803 6.266559 4.098478 6.275749 21.695841 25.972147 19.795455 20.489952 63.048968 234.154754 316.074511 138.303309 14.666906 20.097812 17.621094 26.218970 18.650436 6.941623 5.034237 10.274307 18.642449 23.466922 22.109166 20.463233 15.701459 8.735472 10.471684 15.671404 20.275765 24.949117 22.048522 16.116645 11.283921 15.102458 52.641939 84.191386 48.003225 16.366391 17.944717 26.168003 42.290067 29.918231 15.129563 11.373702 12.751711 13.616474 9.882026 7.165233 10.162757 14.796506 14.704135 12.316165 12.208828 16.629416 22.555122 16.300706 5.308256 4.284886 7.624171 6.436855 6.985288 7.717614 7.388468 4.877752 3.895464
8.069791 1.824827 214.2955 214.2955 0.000000 5.488687 7.535546 7.335864 9.355857 5.813422 5.020990 11.153201 10.362473 7.252009 7.857233 5.787461 4.055917 4.498142 2.010714 1.981730 4.224491 14.637902 44.653057 45.483643 11.797454 2.893427 6.346837 10.357082 14.071358 15.570291 14.700807 10.582388 4.045126 5.455492 14.793874 13.818943 11.456429 13.695080 11.241530 16.374389 15.195764 8.286336 4.173092 26.274794 42.128454 69.629742 201.705158 318.056688 150.813249 42.794861 34.577224 19.685879 9.768061 12.465307 12.806619 4.138765 11.774454 18.178746 15.908366 18.522714 19.589123 13.162567 12.209019 14.518161 15.666576 20.448165 16.763381 11.804854 17.696653 15.780227 44.957226 85.818103 63.246448 38.112984 30.105144 31.191320 26.290149 16.567752 25.812498 19.203859 14.363793 14.306211 10.285774 8.761119 7.161129 5.280311 8.598821 12.392790 11.367751 11.416692 17.230348 9.259095 5.080514 5.125182 9.751509 9.547925 2.989102 4.830559 7.459366 7.721009 8.190444 5.208430 1.787224 3.753024
8.123884 1.833786 214.2720 214.2720 0.000000 3.329814 5.410216 7.947198 7.187816 6.382853 11.275297 16.219258 13.815596 9.549941 8.872938 9.884422 9.785375 8.307229 4.234576 1.001913 1.521763 6.270926 35.509081 40.801241 7.192515 4.117457 2.506687 3.715846 5.324759 4.024139 4.470349 6.517832 5.859967 4.220961 9.963713 15.848548 13.277114 13.410561 17.249871 29.435560 26.712509 15.497633 18.154117 25.022214 37.194669 85.953953 266.245653 294.673377 99.338708 36.746009 22.565369 9.463614 8.325773 17.808534 17.005882 8.589438 8.134108 4.150076 2.730234 3.777589 8.878126 1.427000 2.554846 4.658737 1.739429 7.724532 6.474554 3.952510 8.622681 28.021518 70.334062 69.039027 30.944669 23.586908 24.952949 12.434049 28.169345 44.489536 38.108110 22.970995 19.240030 21.060639 24.052977 19.181758 15.190737 10.520732 9.126043 11.498121 16.476911 22.734500 14.786880 6.134486 3.344599 4.551289 7.887858 5.269887 3.808459 3.897095 3.673379 3.688903 4.421181 4.181280 2.411960 2.386414
8.179303 1.832448 213.4052 213.4052 0.000000 2.310763 3.005289 3.078254 4.061100 13.587099 15.472648 10.236433 6.093005 3.845190 2.709170 5.358364 11.340670 11.987158 7.670865 4.960238 6.065084 4.034994 31.715784 41.963556 12.579371 2.134113 4.771119 9.353990 11.650562 9.093361 9.210276 7.028764 6.696415 12.237587 20.786095 16.420210 9.751978 8.561409 10.869447 22.268793 29.367895 29.126071 14.057831 7.712431 8.299520 85.107677 281.886231 267.862854 77.646565 5.190501 10.435592 11.769561 21.405331 22.088163 10.018822 6.153451 13.016009 15.438866 16.158208 13.474097 10.822566 3.425911 4.655667 8.984244 13.781705 18.190508 15.851265 10.836362 9.009144 32.558680 83.455728 59.198604 9.120873 8.815695 4.143702 28.349191 50.778336 40.463936 14.145588 4.850189 6.128034 9.816727 20.135793 25.368531 19.453461 7.470079 6.667846 7.925336 22.732922 25.408251 8.004928 2.152005 3.001789 5.948624 2.026416 5.275980 5.191411 3.683012 2.146878 3.548221 4.916665 3.689158 2.895978 3.247750
8.229541 1.827480 217.7124 217.7124 0.000000 2.489122 4.086932 3.881464 9.631660 14.108499 9.022824 5.580342 3.717468 3.867576 3.199588 3.426937 6.569861 5.920022 5.842314 5.438949 5.508902 13.683739 34.937978 45.190188 22.572739 8.539077 8.667981 9.854399 15.078998 20.184980 20.577694 14.456003 1.123296 4.569510 14.275855 24.128307 11.947492 11.194826 11.686160 5.372097 8.497332 13.072872 17.741784 18.815679 19.747734 26.636880 102.514390 277.040089 266.124147 89.406653 25.958193 26.343207 21.402416 20.022940 16.135475 2.804946 5.249712 19.782239 25.672505 19.445072 20.741119 22.588508 16.514283 12.202575 12.315643 19.753428 28.789628 24.876477 16.173854 14.701576 18.511695 51.670665 84.903724 61.348747 29.206874 18.727976 31.960794 35.013284 26.124957 13.910164 7.649703 2.872693 4.535103 3.166209 12.179300 10.454212 15.111734 9.665926 7.465655 18.003960 14.102888 20.357776 14.145520 6.490053 7.485049 6.033878 4.682301 4.692733 5.391834 3.999394 2.730306 5.851575 8.248804 6.328516
8.280010 1.829030 222.9648 222.9648 0.000000 2.258460 4.578204 9.264666 13.986102 10.375793 0.351984 1.788135 6.278733 3.222053 3.806437 4.094310 5.967574 7.985416 6.752821 4.019177 6.488088 9.912961 13.152496 42.249906 39.772843 11.635082 8.320758 4.999966 6.719882 11.493306 12.862462 13.041777 14.036491 6.989737 9.832188 19.052381 17.297536 9.945279 10.270338 13.295964 12.452451 9.229595 10.468411 16.757320 26.051958 33.147989 22.900130 79.468450 255.843590 289.002488 120.747383 23.710813 26.670837 24.268439 18.578613 10.787889 8.566234 13.215626 19.628222 13.648951 9.292616 9.957166 18.093174 12.191259 14.609276 8.388224 10.769987 12.800519 22.124181 12.610512 13.597115 10.113824 13.640874 66.465844 95.149010 37.981952 23.372611 36.794112 44.997691 24.192880 11.842333 13.844298 13.704096 8.452079 9.376116 11.731395 9.578795 8.909837 12.085559 13.280714 16.226842 13.696078 10.641461 16.795503 16.763585 11.709589 4.571926 3.523670 3.286573 4.121493 4.267668 6.249538 5.773538 8.692927
8.329945 1.822345 220.4565 220.4565 0.000000 2.410205 6.403134 4.395099 8.730391 9.193436 4.371835 5.143198 9.546422 7.100030 1.623136 3.354111 3.099041 6.378283 8.236164 6.573627 8.820109 7.900647 21.335688 47.136157 39.050551 13.872341 5.551692 9.082328 14.611964 9.165724 5.619367 14.633032 17.194531 14.600997 17.956579 9.895959 6.985011 4.389964 5.179764 17.446031 17.807702 13.336178 26.440786 33.395284 9.575610 30.683481 51.506159 222.551322 338.475316 136.682433 42.250015 10.602441 23.020821 38.119633 22.272956 12.299441 19.528893 24.770184 19.286896 9.514004 10.027627 21.985264 24.328190 17.158713 12.095778 11.718314 20.197202 23.201780 14.799743 13.150871 22.945386 48.136834 87.731727 76.601177 44.892138 26.559317 14.466055 27.050754 27.165672 16.101914 15.806739 19.003841 4.536809 11.553058 13.578061 3.965108 11.077893 11.972502 4.366302 16.798187 7.312304 15.987574 12.946386 3.995088 6.552348 5.528376 5.799785 8.310432 8.619522 5.031806 8.923149 11.834115 8.466333 4.725751
8.380007 1.821564 224.4904 224.4904 0.000000 1.989932 4.787996 4.811960 5.200480 3.279748 5.469894 5.121485 12.904573 10.490865 4.318884 3.226604 1.658047 6.147414 10.001311 4.514668 7.822049 10.667474 17.326946 48.983100 46.017573 9.879284 4.754185 3.016696 14.756781 19.179506 15.472943 16.632013 19.641478 13.866330 17.408859 18.642707 7.365156 2.210940 3.130174 10.232315 21.415254 15.786818 19.358598 30.850627 19.858035 21.807284 31.147068 104.325191 284.848119 270.826167 67.531428 24.094962 20.270536 24.104123 34.089356 26.261714 17.271703 19.571919 9.395375 18.988190 20.978697 23.571348 30.783137 25.838960 12.226608 10.143703 14.662384 27.517556 31.534340 21.640095 16.033747 14.798145 35.062499 88.720352 80.757129 31.122407 25.280531 18.345130 13.769820 14.442100 16.908181 24.559455 24.897234 13.747344 11.350499 10.130516 7.591994 10.663545 7.220500 8.872831 15.120174 12.960069 14.384194 17.433385 10.066967 3.150702 2.824927 6.893811 11.583405 8.696365 8.507220 11.443660 8.548574 5.820236
8.433037 1.821883 224.6426 224.6426 0.000000 4.702400 2.717242 1.722032 8.014297 9.409908 9.373458 5.274277 8.871906 10.650260 4.033324 6.791489 5.741589 6.112422 7.039741 8.671152 7.045275 6.654832 12.681510 45.288422 40.392350 8.037144 4.827391 6.259795 9.628134 9.956809 9.608416 7.391493 9.124549 11.268341 16.882992 19.353104 8.425690 3.647759 8.443328 18.524533 22.233462 15.812344 21.862730 31.713497 22.570792 23.873139 11.069614 58.623149 243.577547 313.682194 124.085424 19.030004 13.491039 15.231257 25.888592 30.561064 19.627222 17.132544 14.361536 10.676359 7.575183 15.142057 17.472950 15.553865 8.572854 6.998710 12.502998 17.146651 18.950578 11.976231 9.834717 13.791977 25.412353 63.361977 96.888850 56.500405 10.776106 14.652824 24.362097 31.466625 33.880328 22.444841 15.600666 17.220825 17.052168 16.939972 9.445209 6.531309 8.684386 14.260299 12.667293 3.402577 4.743159 15.497100 17.258217 9.036875 5.479941 7.252964 10.480364 11.009743 9.785053 8.945356 4.806188 1.401614
8.479850 1.829146 218.8944 218.8944 0.000000 3.566280 1.544777 4.567363 12.815703 14.280005 4.938854 4.585794 6.530314 6.252905 8.461816 7.641117 5.173175 5.013529 7.390253 9.442775 5.473152 7.330217 25.140672 37.328534 19.089091 4.905868 3.877037 4.751723 3.601939 4.824952 6.497903 5.270765 10.493412 19.442787 7.368007 11.097506 10.122126 17.322385 19.058729 7.676955 13.424506 16.796268 20.714769 34.166956 30.398509 17.963406 61.435826 227.498008 310.250223 135.371596 17.800307 19.005993 22.678320 17.921744 12.077047 12.599574 9.882721 9.522339 11.305828 8.939657 8.947965 5.629492 6.254823 6.092534 8.363557 5.981897 10.350858 8.790468 2.766422 13.965197 5.475865 17.973140 82.140149 78.965878 25.081593 11.391791 35.150650 50.240574 27.238569 10.767489 13.719926 18.489475 18.739103 16.076997 11.717315 5.716176 10.669942 19.075652 13.843911 7.896934 5.732680 18.119689 20.060745 6.636660 4.558186 2.191651 9.002264 12.937772 5.082107 3.604167 2.189025 1.211812 3.277617 4.775458
8.529649 1.832658 220.2666 220.2666 0.000000 3.290031 3.845810 2.314371 14.051546 14.875543 6.473997 6.942991 6.404075 2.671812 5.764787 5.533902 6.365506 11.787643 14.292684 11.795158 6.445779 6.088486 14.736663 30.854370 25.373745 8.861973 7.826613 9.483958 6.478142 4.121366 7.969162 9.736322 6.899219 15.890788 16.890474 14.277665 10.970339 11.199611 17.814711 14.304334 19.872272 17.532542 6.897214 24.730511 23.208683 15.060194 23.046719 182.214964 360.063098 189.338790 12.190773 19.909831 4.835993 9.911128 4.335934 13.818070 21.047898 18.488546 13.113868 7.527414 12.080321 12.820954 6.999495 4.752331 10.477568 13.506248 6.630741 7.127355 13.820513 17.842822 15.427195 15.175590 54.562155 71.628685 24.389629 16.291350 19.011208 49.718487 44.607418 21.270637 16.722685 5.508080 8.764504 2.888987 7.812463 17.887350 18.259343 25.478587 19.156736 3.866140 12.038010 21.166619 28.126731 14.402138 3.347984 6.772554 6.336965 3.977417 10.338712 6.571049 1.463447 0.745687 0.854911 2.664574
8.584955 1.825996 216.8014 216.8014 0.000000 3.858559 3.867227 3.807467 14.193111 12.149541 2.654219 7.995920 7.937107 6.674571 9.394484 8.092794 7.216301 7.465230 9.034023 8.396970 6.228676 10.690661 28.954793 39.280813 15.398289 7.149015 6.698659 7.267262 5.086937 6.103648 6.658218 8.604912 13.481093 19.718817 9.967815 9.146068 11.112761 16.437291 12.351178 8.402131 16.293930 12.920352 21.993886 33.463076 24.176676 18.210154 118.828156 318.651761 245.067920 50.454010 16.515496 19.880603 18.714938 9.145940 14.325829 14.148251 10.232697 12.495024 12.250410 10.453152 9.063009 4.985329 6.102906 8.723194 10.670419 10.614006 11.442746 8.831943 10.937544 14.878655 12.389786 59.512725 80.914501 39.269427 12.604532 27.638870 56.975597 34.079755 9.388254 14.695301 16.196200 17.035540 13.125278 14.032444 11.494857 12.431252 18.650608 14.931213 7.305117 9.109951 19.349105 21.777517 9.388769 3.220948 4.901499 8.937491 12.453995 8.977391 2.700127 2.259941 3.368065 4.335730 5.732335 4.911598
8.635701 1.837883 224.1145 224.1145 0.000000 3.782767 5.223845 7.203724 16.945294 14.291308 4.059370 2.985855 7.127269 8.054689 8.378203 10.896900 3.802532 3.822031 4.565847 8.119394 5.619688 6.670571 7.494123 36.988984 40.234111 14.144266 3.756693 4.550269 6.092132 6.246925 8.295920 5.738035 6.304425 9.791895 18.656446 15.497128 11.525142 9.741144 18.731957 15.749875 11.604956 9.389724 14.772334 24.183746 35.702210 31.156938 8.157208 53.695808 221.849471 318.909835 148.438928 8.187556 11.835933 25.566945 22.252470 13.558971 9.544044 6.284711 9.368997 11.038235 7.968384 3.837263 7.031166 6.638031 4.847628 3.813238 4.401532 5.679799 11.442326 10.755212 7.354939 6.876683 14.252649 49.615318 85.794449 54.803773 14.505088 19.564936 42.652238 43.687088 20.499299 6.671260 11.406536 19.832542 20.355603 18.296722 10.230750 5.450880 10.620312 19.259767 14.988139 8.613550 10.421392 19.578153 18.430504 7.765034 4.719905 6.037426 5.860976 9.477708 8.938040 4.436699 4.058249 5.982208
8.686776 1.829596 219.1512 219.1512 0.000000 4.427396 4.122984 8.537959 13.624083 13.012830 3.988226 3.602460 4.859827 5.401857 6.332220 8.171053 7.097145 5.966987 9.355725 10.128555 5.277194 7.959989 27.177655 40.167032 19.945417 4.200748 4.510454 3.201515 7.660995 13.871971 12.682884 4.380300 9.804387 15.948990 4.014342 14.609544 12.507179 18.771286 14.200954 12.445096 18.898484 17.508705 14.617492 27.459496 34.462468 21.175918 54.783560 212.302630 320.992006 149.055852 17.079248 21.421981 26.756579 15.333829 8.005588 13.069516 12.825609 8.079780 10.486915 7.364194 6.075890 9.763339 6.618372 5.568641 6.397799 2.397173 11.121732 11.830522 5.808138 13.324078 10.382863 11.186511 77.246343 87.290811 28.390889 11.595853 31.729784 51.569182 26.014588 14.853959 15.440393 16.256866 11.888959 13.876882 16.211200 13.182173 13.677851 22.157606 18.500291 11.019963 6.134895 15.006565 21.164381 8.071126 5.323397 7.019932 6.053715 6.797117 3.893194 2.726824 3.124379 3.962941 4.827242 5.623604
8.729823 1.832834 219.6905 219.6905 0.000000 3.823660 8.325720 7.205709 10.970326 10.069697 8.094169 5.005793 2.754889 5.870144 4.799264 4.233000 6.443436 10.740102 10.175861 10.168402 7.151429 6.568315 21.936450 39.728911 27.473687 9.358099 4.142721 3.656213 7.898402 10.161887 9.705484 7.252845 13.018539 18.067087 12.713330 12.556171 8.759826 12.891523 14.659607 21.466090 13.951052 6.053875 13.770461 29.049673 33.868326 16.991444 45.351654 194.206778 338.037578 173.215821 14.809000 11.143634 25.821808 21.222773 6.005648 6.638836 12.819574 15.493611 12.054550 11.066660 9.611869 8.595768 7.143081 4.422305 5.899545 8.734437 9.668190 14.439675 15.186914 10.816299 9.619249 10.989165 68.089533 86.028522 24.286713 19.122474 28.543192 53.312413 30.931980 23.426772 10.655184 16.357185 15.379217 9.768861 6.559211 15.272898 21.529217 18.507524 17.501595 9.316589 9.700433 16.671526 23.402141 14.204222 6.978760 6.062048 4.040772 5.322332 6.563005 6.049308 4.516824 1.640418 1.832821 2.845053
8.789663 1.835874 221.1382 221.1382 0.000000 2.365795 7.603476 9.483388 11.708567 7.082463 7.748928 6.564457 2.633608 4.955217 3.648957 5.365184 9.341904 9.368625 5.166596 7.014802 8.471743 6.587593 14.343287 36.468173 36.346363 12.164625 4.193018 6.062090 10.767284 12.045031 10.733222 10.011317 10.685747 13.156042 11.635371 12.204783 18.425669 14.821732 9.811533 12.950309 11.230067 10.894785 8.394366 19.457736 26.638092 28.427895 35.578006 138.699029 342.676017 228.990201 40.970237 16.210762 14.032873 31.095242 16.037150 6.279410 6.793213 10.647948 16.708916 13.688736 20.955346 13.766515 13.865984 5.937089 5.752163 9.026026 16.095646 16.844750 22.568608 13.079705 7.307088 12.315199 44.887823 84.044191 55.020115 22.277941 29.931789 40.265206 33.289840 22.076573 22.698907 16.546089 10.221450 4.500512 5.787663 13.088243 17.934173 9.913475 11.402957 16.532272 14.729188 14.645696 23.717794 14.784734 2.871755 5.082827 5.794786 2.542051 6.749955 10.771752 8.054608 0.944412 3.256614 2.256739
8.839906 1.835673 213.3208 213.3208 0.000000 3.887976 7.601909 4.781226 9.868527 8.103671 6.415284 8.948991 7.056332 4.890005 5.560906 4.323615 5.799166 5.841686 3.385641 3.940588 5.631500 15.860242 44.252035 44.766276 12.705556 3.211245 7.627007 13.119675 16.893768 17.868364 16.093628 8.541753 3.952517 8.691210 17.890124 14.387595 12.351163 11.763976 6.844522 8.597287 12.703444 12.551982 14.957677 24.824166 32.637686 83.624470 243.323487 288.138923 112.157710 33.948935 29.940118 22.379274 15.851106 14.424187 7.425297 4.221854 16.322954 22.501093 21.396400 22.715450 19.707749 13.372310 12.470679 16.152020 21.305494 24.199827 18.782757 16.389036 16.376986 16.142542 70.556959 88.860126 42.793323 30.697881 19.225233 39.112472 24.744222 19.048791 17.049748 9.627178 8.006891 7.666748 7.069305 11.002077 10.233496 8.978788 6.349530 16.248750 13.210992 20.513404 14.137510 3.668913 5.048639 6.881009 9.928627 8.606561 4.586995 6.986526 7.575623 7.913448 7.039769 4.597781 4.317593 2.925442
8.889645 1.825248 214.0028 214.0028 0.000000 4.071853 7.692176 8.664949 7.996151 2.465804 7.463195 14.544066 14.804702 9.802942 9.183519 9.467001 6.030325 4.119553 2.821340 0.784507 2.239239 8.620822 42.090120 41.376063 7.015447 2.299772 4.755259 5.747261 7.239636 7.946666 8.276834 8.719971 3.682558 2.741253 10.384851 15.194704 13.719000 14.159455 18.629411 26.549913 19.547260 8.886058 14.514506 30.515148 44.893612 97.360794 253.043579 291.550941 116.992949 44.974919 28.286603 12.543219 7.402715 15.208851 14.655852 8.295262 9.803138 9.189706 4.477792 8.913356 12.238280 6.700377 6.739257 7.445380 5.519303 11.534873 6.943357 3.710495 13.246251 26.591362 66.887684 75.681896 42.823496 33.353411 31.963561 13.643898 26.089070 31.314664 38.399334 25.118283 19.175885 22.399407 19.712700 11.031489 9.550615 8.779938 10.268167 14.223306 15.952228 18.477431 15.524750 7.300068 3.681586 4.032478 10.123538 6.948524 3.556065 4.954009 5.872662 6.481646 5.885515 3.812821 1.613600 2.865683
8.940126 1.830051 223.6403 223.6403 0.000000 5.057183 6.960325 3.420018 9.279658 8.468618 7.950990 14.051255 14.998870 5.586876 4.282027 7.939272 11.253905 5.996033 6.187317 4.291367 1.110956 1.932454 10.123994 37.654359 35.310857 10.545686 4.940319 3.664756 5.767871 5.888549 5.958103 4.157019 3.030164 5.467869 5.894851 5.466782 10.350760 16.476638 7.658079 9.250479 17.786655 29.723526 24.437086 19.054266 29.057818 26.951832 30.282658 111.270161 264.260402 283.259978 116.161779 29.278750 20.028427 27.372932 19.314817 15.397082 15.943877 9.115015 3.979694 3.511825 2.727465 4.579829 6.424140 4.341529 1.222586 2.171911 2.602901 5.572952 5.196101 4.684686 4.862055 9.827280 24.927109 69.596131 80.698302 47.721696 18.820274 21.213057 29.254861 32.096262 31.084959 36.626386 20.738643 12.245194 13.426778 24.059056 23.231620 15.329151 16.270077 13.017111 6.407413 11.545538 14.213985 20.753725 9.172626 3.530866 4.282737 3.656433 6.676843 8.021449 6.655164 5.526710 4.260505 2.435106
8.989632 1.831452 219.8617 219.8617 0.000000 6.583494 8.322249 7.027623 3.119175 8.929096 6.831347 10.715581 7.209947 3.563424 4.061142 7.693243 9.597208 9.081895 10.143349 7.216434 3.508327 5.732930 22.871341 37.065008 19.611334 7.852647 10.016909 6.893534 4.129511 3.761667 3.488974 1.561632 4.834946 12.264737 17.056959 21.610484 21.303860 12.607959 4.823284 4.133141 16.814593 32.283754 13.270825 18.686880 26.051527 35.687628 58.638486 210.977559 335.859599 151.070563 28.598438 28.659059 28.580419 22.864066 15.920005 14.012732 6.951387 7.233502 9.692395 11.079629 11.966190 12.359293 9.334341 5.424153 4.871633 5.648609 9.393934 12.797968 12.574367 11.027181 6.040805 15.144977 72.784371 82.236041 40.199590 24.993998 16.641172 28.410250 39.256165 25.890334 30.316574 14.862008 7.339576 7.615150 19.045676 22.097834 13.263316 14.631487 6.072908 9.356821 13.435076 18.974835 23.839681 13.908963 7.599166 5.172130 4.760436 8.122845 8.258240 6.784294 7.356403 5.925786 3.283213 2.989827
9.039996 1.826667 224.3386 224.3386 0.000000 5.365056 5.885732 2.447074 8.989751 11.444391 11.202332 10.602422 4.849725 2.690157 5.594190 4.796570 7.248590 14.005518 11.845689 7.552654 1.662566 6.365392 6.066758 35.901027 39.159916 13.888670 3.393413 6.946141 7.474854 7.162036 4.655177 5.717968 7.068042 6.120346 12.986201 20.034369 21.533237 14.189991 5.055889 8.304985 11.126576 24.540920 30.400350 23.470698 17.885905 20.659506 16.868545 79.375003 247.504413 316.498578 131.513687 21.347395 17.566095 17.279228 17.412618 22.896676 18.256161 12.495102 6.679337 6.590648 9.565007 10.087755 7.805817 9.313344 8.432505 5.405844 3.677733 7.870493 11.658547 10.362718 8.257653 11.091910 16.916641 54.163937 80.594944 47.620968 17.166232 16.020581 25.318228 39.130906 42.296577 31.730499 15.890139 8.203169 7.137149 6.460696 18.015747 25.700729 19.793082 11.973125 6.938029 9.108745 17.270220 24.633571 18.855209 9.217183 6.123950 2.442789 3.414865 6.970497 4.965389 2.665576 4.651469 7.270344
9.093691 1.835923 224.3151 224.3151 0.000000 2.942303 4.665835 7.463229 12.698187 11.133280 3.534156 7.685539 2.455629 4.330836 2.055149 7.553637 11.122284 8.672583 2.013110 5.744291 9.001315 8.794282 5.944568 36.145848 45.331696 15.636415 2.577743 6.518639 6.712671 13.575068 8.911916 6.620378 14.052159 10.024712 10.368942 12.563865 15.052441 20.528494 12.827420 7.213206 12.990150 17.750711 16.150853 7.579108 26.679657 28.544376 29.026054 65.639081 211.316840 324.619068 161.825714 28.586458 17.436229 22.869443 23.803770 13.100755 13.247396 11.336687 12.216197 13.458626 13.588621 15.384622 12.391458 8.225864 5.907328 5.420615 10.544565 12.216588 14.356323 17.948994 12.856186 10.371288 13.311732 43.601233 85.418710 59.376702 25.464373 28.788334 40.103513 37.637442 23.350900 21.660251 19.558612 11.333560 4.931658 6.229427 15.838343 16.919767 9.931718 11.598407 16.200504 14.435834 11.339858 17.977462 17.715363 7.857523 4.311789 3.927448 3.435590 4.238712 6.786130 7.545649 6.367775 6.335402
9.140100 1.832611 216.9023 216.9023 0.000000 4.367857 1.420625 5.869088 5.793226 11.125693 11.486330 6.413918 3.873093 4.462619 6.228084 5.077921 5.812558 7.539575 4.903472 8.939513 12.238975 10.612326 29.418716 42.043303 21.877800 12.883725 16.694108 14.847764 14.338786 10.384187 12.934652 21.482837 16.433180 13.799298 24.634662 19.031414 9.783530 15.206612 12.002533 5.653411 4.797288 14.757962 20.104671 14.240148 9.727064 15.519481 148.359952 323.739800 209.593165 51.768996 13.815947 11.162543 22.221084 19.785448 14.636019 16.366988 19.674226 22.403810 19.901169 15.153666 22.783034 25.265205 22.210564 24.193711 25.033722 19.700325 18.319611 20.424888 22.252504 19.251446 26.870900 72.762965 74.591427 19.931530 13.104044 21.965568 20.323423 43.226744 29.315123 4.298948 8.743133 5.699827 4.829101 4.446125 11.125543 11.151232 6.559767 11.028065 9.021091 10.967308 24.821930 20.761731 10.325661 10.432581 9.921665 5.976714 3.398659 5.852436 10.719213 5.553566 4.990647 7.793637 7.242193 3.647165
9.189627 1.828687 222.1103 222.1103 0.000000 3.900669 3.008849 3.591752 7.351455 12.342874 10.352612 3.697732 3.230101 2.602769 5.154471 4.915548 4.438108 6.774230 7.653203 7.075368 8.538463 10.088251 17.737224 41.233700 31.016054 12.966624 20.450893 16.477038 7.838686 10.128492 14.089951 16.961933 14.794511 12.824878 21.099901 24.526220 14.901411 7.659453 6.142349 6.000786 5.561682 6.192117 13.652546 21.725228 21.143989 13.724806 14.183459 132.315428 310.833670 236.725631 53.839907 18.116264 16.707456 20.444644 16.449757 12.689846 23.349810 24.345790 10.892853 16.002193 14.611253 20.192985 31.850916 12.197707 22.018459 30.163627 21.578747 13.676064 12.585184 11.416631 28.320515 21.221267 25.912041 86.245811 75.274876 20.128673 12.976587 21.597544 37.707880 35.731203 17.457782 7.039658 7.616877 6.783918 4.392662 3.741714 6.036776 8.792087 9.025820 6.884485 5.013741 12.860212 21.542842 21.119089 11.663517 10.106891 12.169074 6.560041 4.583630 7.551858 10.321849 9.175355 3.973129 6.135629
9.246827 1.823980 222.4811 222.4811 0.000000 3.012779 0.389125 2.977603 12.011907 12.530709 3.515899 2.790251 4.610000 5.399888 4.651554 2.295374 1.956400 2.468870 2.463833 2.130731 2.629965 7.039142 28.123427 48.578545 36.750971 12.558498 18.808800 12.318172 4.440768 13.752506 20.666292 18.643502 6.136148 1.594781 9.722920 18.661817 11.585775 4.949501 3.736244 1.818614 3.385355 8.657562 7.625088 15.062538 29.322996 23.377203 18.811144 96.215249 278.174149 264.283768 87.819464 24.544279 32.019903 27.330187 10.281044 20.080287 20.097075 10.955683 16.261255 21.908774 22.340014 10.528471 25.430078 23.795460 21.105419 5.903567 23.763283 27.709402 18.113986 4.986670 18.915764 29.895822 6.021241 83.209326 103.131735 43.486785 9.739214 22.902006 42.539425 18.425258 7.722914 5.108011 8.693758 9.980822 4.169472 1.815426 2.663320 3.664124 7.319478 7.988597 5.763396 11.312322 9.719862 13.441295 11.352964 10.067853 11.359885 4.096887 3.687836 5.225399 5.938482 6.370762 4.483516 9.403539
9.295671 1.825168 213.8145 213.8145 0.000000 0.904910 2.581069 8.126766 13.308376 7.411212 2.451672 3.486696 5.249477 2.766324 3.038187 4.552968 5.312906 4.513909 3.822212 5.582364 11.033274 10.267334 33.849842 43.071005 16.761463 17.233597 16.879462 8.744831 5.370271 12.077114 18.734285 13.125908 8.489273 14.966095 21.329313 15.919697 7.728248 3.641471 6.340540 7.738004 5.000527 13.208325 24.062249 33.430430 12.489354 51.916118 221.240619 304.652043 129.124723 13.700103 19.535426 24.063172 18.005669 20.396813 20.380362 17.200322 7.407796 13.099894 23.158844 24.939613 21.659624 6.475593 16.216840 22.519397 23.658675 13.168371 7.297660 14.370197 21.159921 24.303154 62.452034 90.662609 32.079758 19.229667 27.100998 43.671661 22.968654 10.370326 9.487028 12.788550 5.381797 2.888368 3.923697 4.641563 6.508704 8.231097 8.409881 11.599826 16.026185 18.643999 13.461791 9.891289 13.766223 10.406215 9.184467 12.495119 12.714778 9.288347 6.768133 6.263693 3.833230 5.746262 5.592637 4.868664
9.341744 1.824068 213.8709 213.8709 0.000000 5.120655 5.914026 7.676647 11.290905 7.952493 7.030713 10.765632 8.825074 3.117115 2.214360 6.137499 8.564862 6.461545 2.372926 5.348040 6.511802 7.695055 30.264665 40.798760 14.922285 9.985260 12.358177 11.571665 6.626430 8.607628 9.300100 13.700563 8.949718 11.704157 12.668093 15.040124 11.689203 10.724615 16.464864 16.617167 15.009504 12.159243 14.996411 31.314507 41.494166 78.291980 222.003356 302.282314 140.663437 37.996749 20.756827 17.553847 13.880232 14.538393 7.162622 16.591582 11.026528 11.601162 19.107948 11.237957 19.303713 3.945068 11.806734 10.658306 11.779612 12.007749 8.373901 12.814770 16.816994 23.648344 61.638101 82.259426 46.730059 26.243711 38.038584 38.021235 13.511155 16.373934 27.950858 18.479854 7.570227 11.151826 13.453894 13.336375 8.409457 5.861946 13.022142 16.703053 11.832040 17.028340 12.428337 12.833345 3.462752 9.960122 4.124358 13.605996 12.306129 3.351308 3.332885 3.767003 5.970994 3.716658 2.928823 3.643401
9.399444 1.825115 219.2952 219.2952 0.000000 6.587515 7.438294 5.010003 10.113078 6.614617 10.171032 14.263692 11.317639 5.298892 3.470596 4.849587 4.019497 4.814050 5.091207 5.943131 5.677070 6.281371 20.858272 35.821318 25.457745 17.792696 19.242110 18.710234 14.629624 10.703331 5.289178 2.536092 12.187401 18.041306 19.571561 15.429541 20.319068 23.083989 10.416256 15.335940 14.519524 14.313107 9.242268 20.606419 20.657536 30.978139 101.642093 270.246491 287.937903 95.436898 43.913638 14.626494 10.205649 11.931079 14.012255 10.029979 15.308464 19.838392 23.657127 28.269228 28.669417 24.194927 16.093839 10.499481 3.231641 5.880889 15.191822 18.661586 19.625710 24.537296 25.920106 40.758831 86.584500 49.212902 21.616689 12.893205 32.466413 24.313635 15.826612 27.182571 26.161759 17.675762 5.669444 12.671059 11.721546 11.446395 8.288716 9.326728 9.606081 16.782018 22.117027 24.874823 20.977172 17.358858 14.849782 12.028660 11.079852 9.060800 5.039764 6.954731 6.944735 6.792227 6.110823 7.147323
9.449692 1.830436 215.7402 215.7402 0.000000 2.729063 3.788630 6.619327 12.224239 11.083233 9.465610 5.338148 5.986512 7.358676 7.677335 4.619558 3.345313 4.142767 7.126685 8.521895 8.609735 9.508006 34.740671 38.138081 17.633428 12.469227 14.754319 16.140872 8.433198 11.344990 2.795963 10.428257 14.083622 14.409501 13.765093 11.711347 21.258711 16.264448 11.260061 10.087516 12.011851 17.374928 24.653165 28.529935 26.330131 21.571357 183.484013 360.228686 178.765551 27.334610 19.094695 15.790480 20.400331 23.573070 12.018491 7.088054 9.458226 13.730152 22.405182 19.682046 18.311825 10.586130 11.556160 11.069148 3.834442 17.223449 11.000199 13.535172 11.569907 17.256981 22.086172 86.733008 65.733270 20.068164 20.332279 33.551282 39.364308 29.810886 13.899215 13.603251 16.233552 13.582556 8.784717 9.881859 12.671616 14.787873 15.288719 15.676831 11.658675 13.019595 26.201379 18.659473 14.417603 4.745730 9.402974 6.456299 10.458520 7.005118 4.218442 8.253106 5.991062 4.874122 5.786538 7.320703
9.500245 1.833409 213.0317 213.0317 0.000000 3.170697 4.536150 7.172190 9.598134 10.725485 10.175029 6.023737 6.305622 8.909455 6.506552 4.273108 2.336407 5.281559 7.647842 3.239041 10.987742 17.234743 48.548177 45.890046 14.563628 4.898054 12.400648 20.495420 21.766841 18.259623 13.187902 8.930324 6.125250 9.342983 15.726818 19.257213 8.440110 7.901696 9.953124 2.630629 19.876088 27.424817 16.873029 15.731449 15.963878 99.183485 280.664061 247.206959 74.206914 14.118140 5.129733 21.873570 37.230482 27.549616 8.913550 1.430821 8.436365 20.118341 28.489838 25.826065 19.627464 11.892446 12.011519 19.131201 26.896063 26.317557 17.845898 8.548015 5.026714 39.243578 99.856030 81.927273 8.036781 7.082762 20.273409 23.485341 36.382113 17.684220 7.629424 11.412689 10.283529 6.363236 8.139305 13.498518 14.519102 8.410945 3.817715 11.341179 12.376883 17.316091 5.012107 7.494629 8.562875 9.732603 9.051545 10.597520 10.662876 8.812711 6.116682 5.680252 7.376270 8.118121 6.503085 4.203981
9.549689 1.824594 220.1872 220.1872 0.000000 2.496729 7.338498 9.862721 9.145720 10.425523 9.763663 4.182445 8.094805 4.220343 7.212169 7.997973 8.953099 9.458279 6.274808 4.023162 11.285201 18.532950 31.472288 44.411329 24.298792 6.411420 12.516969 12.291701 12.379279 14.271450 17.728084 16.852654 11.933846 8.551572 4.687384 8.887264 19.557867 15.082678 9.038502 11.744738 14.051855 10.515495 17.196901 17.862330 16.728523 29.917596 24.553715 203.029937 344.821997 158.137723 26.678506 27.318234 18.788079 21.753840 23.456846 19.290149 20.905180 15.115672 12.448414 21.380383 25.657801 21.220459 13.158108 7.991558 15.139965 20.332911 24.324900 20.707753 14.987250 19.881682 23.742197 22.383001 73.013129 84.212579 39.730683 25.219625 24.401743 28.367536 37.502635 14.423716 14.286951 15.289495 8.101790 2.848109 7.886683 7.393630 13.785378 12.755624 8.482280 14.683681 16.532413 12.068512 17.416474 11.027735 6.418930 10.060650 11.443155 6.092186 5.395178 9.060322 7.684275 2.610183 4.472813 5.684973
9.600356 1.829929 223.5901 223.5901 0.000000 0.675217 5.731966 6.161602 7.955943 16.147890 11.359010 8.679962 8.406113 6.148923 5.596092 3.224183 10.328667 6.201420 9.463816 6.479270 6.170310 14.590875 13.997979 35.197155 38.521156 16.462698 10.982843 12.920939 14.695425 13.127134 9.018447 15.690708 21.346093 11.779636 3.848997 7.375509 15.840475 21.237397 14.429303 14.692784 14.993621 8.102443 6.275665 12.809899 14.319744 17.851955 32.444932 91.379515 257.288814 288.276855 116.217190 31.933335 27.458505 17.242851 15.132765 10.677572 10.373951 20.004775 24.704012 20.116200 17.543799 14.222082 15.954115 17.273067 18.542625 21.859449 11.787742 7.450666 16.042166 21.812864 22.555680 20.107814 26.986366 66.920348 78.867132 39.838570 30.913029 19.024229 28.252056 37.258232 22.178138 17.774449 14.681854 4.831385 4.566425 9.888589 11.585124 10.532977 12.484624 5.162706 17.064742 20.994104 14.848701 18.764750 8.842984 11.172715 11.937438 10.625533 7.129584 9.339989 7.417979 7.291581 6.749927 6.612648
9.653437 1.831787 224.1780 224.1780 0.000000 1.055630 3.036550 10.041881 15.862476 10.834868 4.203430 3.305194 5.898093 3.509594 5.357562 11.195817 11.641786 6.064206 7.472050 11.614040 11.645468 9.579198 9.377834 34.093688 34.514747 4.665509 8.666200 6.073365 11.895519 12.521295 7.576898 8.830990 14.917862 18.236615 14.410372 15.493061 15.190894 19.052190 11.570972 9.293632 7.687449 8.627851 6.568207 7.826440 21.329779 32.312005 23.146575 48.457155 209.374356 324.947770 167.564153 22.551730 14.774953 21.128908 13.126592 9.768332 11.689524 13.095586 16.043514 12.266429 9.452821 16.320654 16.825753 11.544773 8.590603 16.743758 14.634817 10.061430 11.085136 15.253839 12.399891 11.574885 10.149880 34.937056 78.128200 57.387664 22.016771 30.437196 47.710313 38.735603 12.355384 7.056410 14.750056 11.004270 4.814614 9.513179 11.682799 6.830871 6.866137 13.390676 19.639120 15.551588 9.684291 16.896477 21.524371 14.571340 7.750554 5.763722 10.484630 13.352874 8.625110 5.979601 3.883298 4.366452
9.700889 1.821203 224.7314 224.7314 0.000000 1.590439 1.370824 9.080278 17.962387 10.238559 1.583290 1.334046 4.912944 3.798918 2.164144 11.576832 11.444775 3.615875 1.313009 10.629927 11.419410 4.769436 7.911604 33.793473 38.776508 14.465378 7.008170 6.448633 4.176191 5.822980 10.989696 7.769390 4.627392 16.583058 20.432644 14.303486 8.062305 18.180578 19.372109 6.201589 3.686580 13.458289 15.464033 8.990540 21.620647 37.762013 21.140864 31.547872 183.779481 340.980407 190.122889 14.947724 17.291092 22.980130 12.922646 5.434301 15.403349 13.801452 5.884570 8.836874 14.112366 10.529131 4.954646 12.522285 14.065874 7.404339 4.339991 11.763188 13.116667 8.208824 7.662227 13.294085 11.949304 29.057560 76.657730 69.781351 19.937010 17.835265 47.294283 46.872673 14.019319 5.932236 16.965382 17.673658 8.055687 11.202984 15.849015 8.494645 5.063790 13.388400 21.292914 11.508645 4.449760 15.208597 22.059513 11.876969 2.956816 6.568277 6.615920 7.027212 9.062702 5.960719 4.177638 4.229677
9.749806 1.826940 226.8515 226.8515 0.000000 2.959736 0.556570 4.942715 14.494606 13.967373 5.755328 3.517413 5.729508 7.804179 7.912507 8.273048 6.647011 5.083552 6.114713 8.686338 4.594314 5.461821 7.816183 33.732829 40.609679 12.387000 5.826930 3.788413 4.708416 8.153559 7.574601 6.667761 6.614403 7.987787 12.538885 4.257146 12.374343 9.194376 15.541878 16.944387 13.870138 14.352636 12.304078 16.889059 29.582929 40.694634 23.782576 14.540847 122.714278 312.842654 248.355068 64.413650 13.015535 26.254883 29.845979 19.019401 11.882784 8.688975 8.499833 4.821909 7.761941 5.133293 6.646422 9.227420 6.604940 6.698868 5.648074 3.846444 7.643884 6.685595 6.535249 7.589960 7.523006 13.199063 58.052039 90.520379 52.213036 16.467829 20.643875 43.595669 39.667302 18.319504 10.897166 18.434068 21.757511 18.330180 14.475316 12.028080 10.870377 15.387640 19.652980 13.888138 8.612034 7.618464 14.241086 17.166176 8.882561 4.054539 3.916343 6.056948 9.630036 8.414471 4.318918 2.206246
9.799981 1.825915 219.4499 219.4499 0.000000 6.122508 5.351660 4.350787 12.563574 7.592489 5.248786 3.795233 5.568250 8.038904 5.093706 4.437312 5.862410 8.711213 6.027202 4.835594 5.510138 5.747760 19.445312 37.920448 25.692151 7.440420 5.823109 5.933508 5.615800 4.908608 2.075595 4.488461 9.890057 13.438475 8.463406 10.417364 13.619209 13.708074 10.582866 20.460885 14.225369 10.550875 14.672421 34.444338 40.318598 23.412461 45.646085 191.108556 324.373165 161.650460 18.808354 21.957530 32.839517 26.972785 10.463760 8.235819 9.837633 9.313907 6.227093 8.343690 6.951842 5.421032 5.289253 3.507586 2.857826 6.721037 3.914923 8.493537 11.827422 7.186249 5.455632 17.526083 83.292842 95.479749 33.649162 13.881324 29.332344 47.212970 18.712221 16.687614 13.895168 22.361225 17.862314 11.157311 10.188782 14.010913 16.022679 10.444539 13.860535 11.223854 8.600976 12.515765 18.023293 9.056842 3.419150 5.670374 9.366108 12.639614 11.978590 5.534627 1.941110 2.231730 1.545667 0.520991
9.849651 1.817891 215.5778 215.5778 0.000000 5.403980 6.115102 8.351976 10.101904 11.167993 9.576349 5.820210 4.371196 5.742589 4.179640 6.452468 8.895186 6.751909 4.359090 5.815329 9.525593 8.929390 30.445522 45.528544 16.953530 2.161878 4.354622 12.531439 17.398487 17.151589 10.981857 9.934969 9.208765 8.338398 13.573767 20.163949 18.172088 10.283515 11.826560 9.757349 11.968523 12.536983 20.372111 24.596533 20.784158 32.740835 173.233894 361.063167 186.499378 31.260604 12.151594 15.214084 28.083516 19.305685 9.365262 4.799027 11.136288 14.858539 24.060371 25.425370 18.206349 8.054589 1.790173 4.693933 16.945308 25.759172 27.856931 17.326145 4.584291 9.952804 27.573434 90.766777 66.199974 14.758057 24.542963 31.271100 35.050945 29.019609 21.732544 14.583682 10.326445 5.200427 4.989215 11.881903 16.800807 12.183587 11.936149 14.778729 16.049305 18.876185 23.609607 11.195458 4.538108 3.610726 7.315661 6.147184 11.034729 9.620161 2.907206 1.109906 2.081985 3.733836 5.389758 5.238401
9.905318 1.825186 224.2253 224.2253 0.000000 2.148484 1.204757 4.493678 2.384714 10.846308 13.182423 8.480197 8.377753 5.100949 1.143372 3.457055 3.815439 4.436530 1.862751 3.147573 3.139727 3.308752 24.401220 52.251818 41.384449 9.641502 4.509761 7.407701 14.293023 23.377581 28.800617 16.332161 2.345056 4.842558 5.887881 16.991182 21.203383 13.650516 7.102570 4.200893 7.965335 10.323545 13.699860 16.918477 15.043906 12.356098 20.808721 75.636190 243.636930 304.067283 125.042066 29.059022 18.886452 21.152839 26.282407 24.176673 17.931714 9.893906 4.364183 10.528913 30.081645 33.852502 30.165413 21.983215 10.344635 10.131304 17.061852 31.894982 37.424970 23.038699 10.982087 11.653709 24.099511 59.387193 91.091508 60.120068 21.289955 16.163148 18.469876 28.143576 30.021099 16.222155 8.318924 3.904478 3.389993 3.574534 4.881617 9.353926 8.987619 6.675315 5.839581 8.907287 15.518125 19.133516 13.968046 8.523112 5.270041 6.371687 9.174608 9.732512 9.123397 5.827568 2.073700 1.891732
9.957907 1.831826 213.3571 213.3571 0.000000 1.940482 3.041108 4.952442 6.157079 9.381969 9.373226 7.223644 7.808073 2.816054 0.884209 1.038900 2.033350 3.385190 2.380967 2.644263 6.758171 12.146091 52.639046 48.837896 15.254358 16.402302 16.532974 14.898910 20.297069 18.460253 15.906515 11.925898 10.234823 20.095718 17.951644 7.245065 4.551835 2.718253 4.075160 12.295290 4.128522 7.451656 11.478228 26.161681 38.330315 96.980307 261.163048 262.850555 100.981809 43.675874 35.425304 12.825209 10.103168 11.918158 18.135079 8.613355 13.227623 34.088516 31.881405 26.434999 32.417529 16.797399 9.410087 5.744907 19.623688 35.807160 24.164325 22.951571 32.171957 31.282113 83.893836 82.165807 40.075244 32.453106 26.297614 18.946952 23.586637 12.515278 14.712266 8.167146 3.189079 3.603062 2.458991 2.460452 3.435381 6.497641 11.631647 14.034654 5.218086 9.809300 8.511138 13.727839 12.802682 9.191691 1.598967 4.644433 3.740178 3.731965 3.484479 8.562051 11.936917 5.987249 1.868381 1.415020
10.000056 1.820709 219.5075 219.5075 0.000000 3.679908 2.528642 3.934509 5.048337 6.819376 11.175832 11.809049 7.379634 0.802384 1.578027 1.510325 1.893077 3.036662 3.273744 2.520094 4.882685 8.024742 31.829225 54.069241 34.612498 13.483103 10.852738 16.706889 22.763156 19.913526 16.218847 12.932463 6.880532 12.016526 23.497691 20.152390 9.579757 4.599710 4.219675 4.008659 13.643010 12.140606 6.595246 14.888973 20.746734 17.297020 81.830241 244.885100 302.026051 116.526597 36.053851 14.608611 31.827620 17.092729 13.868883 19.889875 16.274980 8.630384 15.779001 33.368942 40.020337 33.397833 13.515548 10.546144 10.414662 15.434594 33.479562 36.458781 27.882130 10.202732 25.031403 46.158451 97.060957 74.647786 34.802835 13.127667 22.977597 17.557060 24.036640 22.037348 17.119998 6.008163 2.219105 1.207950 3.465298 5.756282 6.629868 6.239000 6.175941 10.281760 14.613919 13.147212 11.206470 10.653464 7.640044 8.389356 10.217461 8.049725 5.425735 5.076253 6.048066 2.943652 9.630130 11.088497
10.059918 1.828047 220.4942 220.4942 0.000000 6.399086 5.302656 4.148808 4.546050 6.525305 6.981113 7.501278 11.836339 6.291438 4.398171 4.606480 5.170018 5.277093 4.314821 4.494981 4.806034 9.057879 34.610623 54.189363 28.129118 3.127087 5.314505 10.631713 11.400677 18.571028 19.514771 6.356957 5.015330 4.515784 14.502297 18.015618 8.780612 9.591952 8.785185 8.284843 16.683265 16.999357 6.928327 18.547378 18.670688 25.615277 43.717489 170.614700 348.457020 181.046467 39.700959 28.433417 37.968854 26.698998 13.324023 24.773947 14.009430 3.070147 10.426173 27.478062 26.075928 23.404177 24.221117 12.601187 11.648007 9.954267 23.141444 28.709347 19.217342 16.708941 20.017424 22.608388 65.026207 98.677812 66.480305 29.284140 18.884069 25.250300 24.389127 9.096800 16.231747 10.161490 3.605088 0.637050 1.813393 2.887409 7.064514 8.161716 4.400146 1.842394 12.127766 6.620228 9.829096 14.135492 6.581586 2.625036 9.412559 7.471363 3.851999 4.011433 6.000721 8.457102 7.782226 9.776487
10.109693 1.834352 214.0147 214.0147 0.000000 3.942803 4.492222 3.013659 4.629109 6.429092 9.686885 11.526154 10.080753 4.366268 3.155655 4.067231 5.668086 3.276919 2.017060 5.416160 9.523051 7.852270 51.338833 55.159169 20.592222 12.368486 16.926634 18.964013 18.095896 11.319877 12.180721 15.332274 14.205517 19.507121 21.988901 12.370925 8.754152 3.898585 8.796981 14.852977 14.133398 9.745215 12.614643 20.100065 29.396003 95.844903 259.116939 272.343281 94.623240 39.343650 28.929637 27.447782 17.500146 18.580441 19.013337 12.446811 10.575333 28.381012 37.564349 38.943769 29.053194 10.436702 8.919684 4.052450 17.635935 35.730931 36.351002 23.686319 20.802101 43.707228 87.292284 79.179656 38.467694 27.991472 24.522758 7.669836 18.862321 19.174798 20.120646 10.317931 2.175693 1.191894 3.156657 3.141442 3.097413 5.382823 10.693944 13.706700 10.465029 8.444253 6.394896 12.295486 12.673799 9.601943 3.531027 1.788706 3.875479 6.186944 7.205107 5.852866 8.951032 10.747205 5.754214 3.916115
10.161368 1.832205 223.7475 223.7475 0.000000 3.917723 4.556586 8.027855 8.236055 9.233245 7.825284 6.711762 9.441090 1.118119 4.854102 5.484681 6.109698 8.216850 5.367823 3.978039 7.588310 5.314958 19.454920 49.338133 39.409976 8.512681 11.137264 12.109674 11.153992 13.660042 17.395559 12.846443 12.997847 13.342971 6.426042 23.601546 19.741567 9.272506 9.411386 9.401811 9.796758 12.544770 8.170035 3.890418 8.295217 26.368486 44.796108 94.341698 244.937736 296.008310 137.146645 47.090487 31.757232 13.669890 6.117854 11.484837 14.757050 12.259228 12.352697 18.698598 21.966573 20.209702 27.177747 21.432790 11.345588 12.887742 8.553299 17.923359 27.246702 19.747161 13.327831 23.084597 18.424711 53.044910 82.579233 54.592481 36.052820 34.889000 29.763959 27.053680 17.121316 20.739025 16.541951 7.728448 7.943533 11.459136 10.714803 7.518595 6.785447 10.830163 15.663527 16.097632 12.103660 16.368123 17.165562 16.138131 9.025943 7.728622 4.331495 2.616753 2.557783 2.364508 3.778511 2.821694
10.209677 1.836134 220.2109 220.2109 0.000000 5.311472 2.508586 8.153019 8.523344 6.570523 11.179461 11.363888 9.672172 5.727721 4.333048 3.986870 10.536245 8.144971 4.058084 8.612761 11.067039 9.789486 23.399195 41.207697 30.678870 13.032361 11.693793 13.875957 13.045038 11.841308 12.665902 11.732366 16.621395 15.346984 12.793204 18.766341 20.932076 9.762412 12.383649 17.992548 19.327646 10.847787 6.107621 5.065020 20.257060 8.934041 56.053837 237.082076 345.384230 128.018562 44.163194 11.184729 11.027767 9.712592 13.621899 17.498250 22.799733 20.131139 17.014375 20.239838 17.683963 19.286220 21.543098 19.272975 20.161575 17.484587 17.839868 21.650146 18.698088 17.501122 22.145527 35.939042 72.099076 66.753203 26.466729 6.918861 27.660805 9.248575 30.553122 36.342581 29.702660 12.452235 7.458532 8.875209 17.447917 16.742479 7.077524 8.283074 17.736555 7.419209 16.733120 26.795828 21.560535 7.657496 11.863956 8.020762 6.612378 3.331115 5.827147 7.526099 6.422794 4.904751 6.112408 6.570495
10.259914 1.845020 223.7297 223.7297 0.000000 2.942830 6.140655 9.820613 10.034949 12.721576 8.361695 7.166692 10.294868 2.994330 7.392064 10.397339 10.673632 3.225535 7.872334 8.026676 8.577549 13.704862 16.052989 37.639402 34.394960 8.071355 6.925483 12.509436 10.089514 3.474301 3.254164 10.653563 13.632735 14.151304 14.134003 10.150018 8.343703 21.582162 17.128398 9.036611 9.964036 14.705476 14.046016 16.644665 21.958952 26.613403 32.843219 89.552578 256.866975 299.679907 125.501576 30.338428 22.331952 13.611443 13.489786 11.783440 11.362444 14.946008 15.739941 16.049867 16.531790 11.858472 8.732722 11.894412 16.082652 13.286035 9.720581 12.384945 15.612244 13.931247 16.406483 19.296475 15.489754 52.730983 74.799150 44.098525 27.438957 28.764004 35.442681 42.217653 18.134117 20.330730 21.104497 12.194372 8.193995 15.609526 12.728668 9.601966 14.035721 14.184933 16.276425 14.370337 14.681114 25.231676 18.024454 8.096775 6.888628 8.550515 7.536265 8.026651 9.038681 8.205678 1.638946 4.535211
10.313416 1.830799 219.1769 219.1769 0.000000 1.626660 6.532093 10.932139 5.330982 12.599082 10.170075 7.917246 8.724086 5.551633 6.491990 12.031972 8.657964 6.083897 8.272481 6.766974 6.010036 9.051331 25.513676 40.003579 23.703399 9.142738 6.805358 7.139040 4.890146 3.447540 5.983584 3.630481 1.108634 15.639545 23.697121 16.790396 18.007012 20.286952 7.490811 8.414601 9.709024 17.086948 30.275844 25.282950 11.303226 31.567974 70.895255 247.536525 313.472766 124.583096 20.793149 12.864572 11.857113 23.709805 19.152325 6.732192 4.291428 9.106760 12.331619 12.482082 12.313022 10.683529 8.341552 8.239426 6.210025 7.798677 15.681677 14.840735 8.558091 5.847092 3.682922 24.936520 84.100981 69.877927 4.265914 23.963357 17.730563 39.913828 45.594241 24.344615 21.588734 15.917556 6.488518 18.388112 18.404635 12.075861 14.137434 12.764726 10.492870 11.527376 14.511664 25.533735 21.102894 8.821854 5.534197 3.017507 5.508465 7.769283 2.688793 6.615003 7.465974 3.101718 2.314131 2.254548
10.360881 1.821191 224.0968 224.0968 0.000000 4.012816 3.802792 11.765042 13.581963 8.524114 5.867147 2.151362 4.637424 5.450072 4.986321 7.619863 8.621961 2.277834 5.350272 8.213713 6.325750 4.459255 10.229274 37.833944 42.622557 15.175464 3.761316 4.473877 7.066785 8.992706 5.318240 6.547106 6.999333 9.266952 18.355052 23.127868 12.855467 12.103838 13.126684 19.721086 12.291237 2.637310 9.943165 23.146419 30.361600 29.664505 14.935003 65.138103 235.407911 310.253034 140.918435 25.559857 20.251767 27.060307 25.119380 14.747621 10.065214 15.791100 21.647911 17.853978 7.031282 7.729842 12.269703 14.655422 11.093852 10.710013 6.564269 4.893353 10.871101 18.948214 18.220970 18.551657 19.278278 55.071648 88.068666 50.920599 15.777228 23.474925 38.721988 40.382195 23.498748 9.984357 11.544235 15.431425 15.007784 14.922146 10.599604 5.927698 10.365802 17.386767 14.236785 5.398242 11.965870 22.692023 16.174699 7.318653 8.187432 6.427352 4.512617 7.298146 5.481356 4.739583 5.829462 5.967866
10.414361 1.833380 223.2087 223.2087 0.000000 7.370025 6.692113 5.312864 12.078136 5.201349 5.890138 1.992665 1.835806 4.001176 5.642658 6.844835 8.557583 3.883659 3.279461 6.456205 5.768631 3.818835 17.869489 41.938677 34.101727 6.388295 7.289991 8.250231 8.444292 8.775356 4.955842 4.434169 8.308712 8.152979 9.062237 20.895753 16.093913 12.277377 16.493633 21.204846 12.935647 7.303270 13.198692 16.672447 26.201472 37.810050 33.119395 119.318060 281.743033 238.647996 87.726245 46.925098 34.929318 18.008867 14.856380 19.725432 18.896464 24.599672 28.664337 20.653826 12.101587 14.562347 17.687788 15.703283 13.692783 10.617022 10.042888 9.429679 10.471608 19.629671 27.541299 24.986856 44.808499 93.403085 81.930472 23.128281 20.324736 36.239337 19.099552 27.901896 23.376209 8.119153 11.324758 19.735460 12.923568 14.903259 9.063264 4.724396 11.368189 18.943535 6.936558 3.689545 12.883471 21.620953 3.004039 9.076628 9.744113 10.515974 12.310165 11.333740 4.858048 3.532975 2.769522 3.331794
10.460104 1.825770 217.2687 217.2687 0.000000 6.515983 6.997070 5.408108 9.922191 12.744567 5.966509 1.570019 2.478960 5.264678 6.564467 7.463260 7.349752 6.634304 9.013329 5.470090 2.864573 5.705724 25.100835 37.522049 20.477655 12.544091 11.647732 5.986811 7.589988 2.176815 4.127217 6.590559 7.889376 22.954452 27.094975 14.499851 13.055046 13.835901 16.492752 9.482464 6.170083 16.176260 28.452264 29.881625 22.784728 12.584607 125.146227 307.596360 237.187175 61.310524 21.175704 17.020176 16.431262 18.371391 22.116255 6.507129 21.318723 15.940163 7.718680 6.425144 15.343577 16.367227 13.136790 15.525083 13.702267 13.301434 5.172921 6.229428 13.957844 11.033023 19.251800 67.432749 76.075689 28.217725 14.447548 17.900622 39.602044 43.830371 21.317018 7.191716 7.440621 17.294092 18.900428 14.006175 8.095445 9.116138 17.552698 12.458900 8.055449 11.368723 22.860266 25.732134 12.907173 5.712413 4.985083 7.639228 13.270591 5.728561 4.480059 7.384007 6.698972 6.516483 3.944851 4.015100
10.514403 1.824371 223.3375 223.3375 0.000000 6.372902 4.395701 5.643304 9.148135 15.134498 8.565702 2.239502 3.579128 5.329514 7.431469 6.139920 8.254152 4.510121 8.852817 9.879014 5.485755 5.081113 11.866848 33.061265 28.560221 3.560597 10.686536 11.770757 9.345408 3.715444 3.519381 6.462656 9.785553 16.503328 22.955609 21.383459 15.933399 13.113630 11.339549 12.287471 8.577270 9.858596 11.530001 20.231854 32.788982 24.772181 15.150855 82.242292 261.713025 293.215056 112.044673 10.968775 15.887119 20.135712 12.193093 10.591261 16.543881 13.598076 11.301114 8.652341 8.289972 12.219912 16.671718 16.489745 16.629617 17.335002 15.144199 9.538924 4.934993 4.453974 8.492108 12.605462 9.048773 56.166316 78.648928 37.253480 12.523066 17.075602 44.505647 43.331288 13.922566 12.687812 13.542862 18.383529 12.474071 11.035800 10.993877 6.328257 17.214985 14.747629 9.331381 8.770626 15.292538 27.282579 21.773782 9.758121 5.721057 6.423322 10.266210 14.187976 8.288958 4.474081 6.933258 3.929010
10.567363 1.829929 214.0118 214.0118 0.000000 4.760478 5.101434 10.123343 11.962229 6.707777 8.572328 5.949871 5.776466 7.134534 6.674108 7.536143 7.088348 4.485819 5.652138 7.426012 4.573851 10.761683 32.533667 38.350711 15.542496 7.040647 11.085557 7.825187 1.750274 5.221043 8.870059 9.910519 11.916472 11.211546 11.810105 13.999134 12.075536 9.478668 12.520297 12.339216 13.424988 18.413018 17.535273 39.059954 34.345256 51.783975 196.126471 316.247357 150.727368 25.026770 27.215707 26.038370 16.402578 7.290961 9.362828 9.129022 10.948738 4.200552 11.659730 6.442270 16.224850 7.125024 11.545933 6.216073 11.151520 5.911206 6.842721 6.293544 5.723973 10.329419 50.795717 88.208873 56.447098 20.026541 36.090533 46.680297 16.116825 19.596248 20.142709 16.367110 13.812870 14.719344 11.963536 11.924751 11.289498 12.553940 16.025271 10.941776 4.051915 13.475837 16.535414 8.140376 5.468741 8.101185 4.072753 14.678043 12.496476 6.135592 4.303124 2.039992 3.181887 5.398990 3.277456 3.012923
10.615232 1.825981 218.1681 218.1681 0.000000 3.875453 5.441930 7.386744 12.749803 9.892419 7.369945 2.615242 2.799250 1.896747 4.604300 4.449419 7.224852 6.576545 4.315391 4.530205 7.904675 10.148170 24.049262 38.559655 19.268846 12.849430 16.433728 10.810689 4.282845 9.994481 18.314560 15.498586 8.578671 12.323887 20.444119 22.859768 13.316942 4.960813 3.063408 8.004671 7.643794 8.500345 16.916184 23.681996 26.927705 19.670964 81.309623 251.838292 287.207383 113.440544 16.736077 19.523134 22.341311 12.618446 13.777576 18.349482 20.822975 11.564832 8.432026 18.601272 25.407706 22.938027 4.067470 15.166400 22.548924 22.761544 12.424955 7.130079 16.425587 18.015484 17.906412 34.041404 83.199211 63.066047 16.763983 27.213575 37.208769 33.720961 19.802358 14.191455 9.993647 7.256811 6.617819 3.746982 3.722980 7.208689 5.701083 11.036133 9.792392 12.745834 15.789690 21.376717 14.562458 7.026655 12.676810 11.685366 9.583532 12.010263 12.502373 8.059856 3.138076 3.723534 5.835049 6.844789
10.669728 1.820021 221.5590 221.5590 0.000000 1.254208 3.863042 5.264016 14.399709 12.003655 3.344469 5.705421 4.374003 2.675425 4.749133 5.531654 2.837115 7.200218 5.250185 3.053031 3.525485 10.488511 28.053678 43.849663 31.569098 12.221829 13.271124 10.268592 7.527129 11.232699 18.182707 17.378628 8.180356 4.064646 12.225659 21.621911 10.963506 6.621759 8.742130 9.202316 4.615913 10.228451 14.211373 15.132839 27.403934 24.979588 28.431927 117.006490 319.470903 243.018885 58.485626 29.139229 27.578353 16.512783 13.039186 20.909195 10.802195 18.084811 18.573947 15.877923 15.796746 16.153166 24.639939 15.228793 17.311962 13.679102 20.630576 20.964273 16.165051 13.083479 15.188497 22.183335 29.232934 81.424341 81.622158 37.063277 21.894295 35.591791 35.303189 14.743650 13.502668 10.050521 8.437647 5.323949 6.371528 7.974073 8.706658 7.424963 10.820955 11.868092 13.608740 10.763053 13.966272 16.658535 10.740808 10.832820 6.831269 3.845146 5.935404 3.001088 5.933453 3.691534 5.378197 7.449064
10.720033 1.826491 219.1246 219.1246 0.000000 1.112909 2.660791 7.552226 13.906833 12.691646 4.768558 1.821469 5.046381 4.205129 4.779753 4.436331 4.719199 9.088282 9.878700 4.495491 3.515169 7.502525 20.110592 35.431116 24.426956 11.812450 11.529159 8.866707 7.650209 7.390382 15.689449 11.336496 4.523539 13.774157 28.358569 23.397610 8.386446 5.858117 9.835734 16.745980 11.407992 11.576846 23.387584 26.277996 20.285733 17.173501 57.733809 230.631262 317.165249 139.057512 18.008788 16.615027 11.312315 13.260332 11.883198 13.220225 19.120099 16.884614 8.991635 9.553842 15.142386 21.501160 10.415096 13.663301 15.738074 16.539876 11.930631 6.303140 13.901873 17.906970 12.403317 21.776791 78.407935 72.943512 17.693437 16.322167 24.989801 47.177057 37.511473 17.069691 8.198301 8.859752 8.490995 11.341087 10.472416 10.256628 15.850871 14.146079 9.861198 10.544465 18.159047 25.931308 18.729785 7.981209 8.685743 10.042489 12.413683 13.836804 11.315448 7.408111 4.721642 5.903330 1.627432 5.626299
10.769846 1.830884 215.8761 215.8761 0.000000 0.937453 2.308258 3.229015 7.955201 12.955465 6.245775 3.295027 4.253455 3.695414 2.513451 2.282389 5.055600 9.337606 9.643232 5.917820 2.425084 6.482194 27.595056 39.782460 11.388683 8.909374 8.436282 10.856331 3.876775 15.998786 11.146040 4.196343 9.361615 24.767231 28.641270 12.717369 4.763906 8.851604 15.827989 16.003367 11.299769 19.418085 31.131136 19.285764 11.288995 10.348177 164.985746 358.585577 191.354324 6.741468 15.020086 20.886993 22.373225 11.107315 4.681279 18.943333 24.032243 10.186406 4.658642 10.922630 20.282819 15.270571 13.296917 17.962549 10.648386 8.098145 7.068643 20.027527 21.068604 2.854755 18.802763 86.385012 70.611152 14.611529 9.850099 16.024803 44.373444 36.482233 12.132502 6.303372 5.839875 7.537389 11.205385 8.015853 9.672079 15.652474 11.206658 6.191875 5.756907 20.236751 29.469789 15.344758 3.279730 4.277890 13.263594 12.990417 13.402450 8.925961 2.737211 4.256388 4.854670 8.353095 5.362430 3.284718
10.819964 1.825733 219.7875 219.7875 0.000000 4.899332 3.424643 4.125118 10.286395 11.055334 3.186304 1.008879 3.183302 2.447254 4.657410 5.555815 4.596587 5.134616 5.510100 5.257057 4.863548 10.959591 29.997980 46.521118 34.598348 14.284832 9.006308 12.484246 16.926301 17.707348 14.549084 10.711452 9.719803 13.512766 19.835713 18.735008 4.088362 9.446069 6.151712 13.719883 8.795557 7.716295 6.807111 25.504046 33.518812 18.471440 29.094732 183.796743 336.938911 169.621651 12.255647 22.247224 30.674452 24.693880 10.390524 6.254368 17.607514 24.284845 15.991408 10.813280 14.459833 22.899759 20.477893 19.097332 22.272267 14.429875 11.604899 19.779964 24.386611 19.879834 7.335391 17.897021 74.653503 91.845451 44.671736 11.221358 24.381412 47.150803 24.334391 7.692197 4.468046 12.889518 7.982336 3.546856 8.630028 3.774887 6.106097 9.565801 15.088744 8.359639 9.056356 12.594164 19.178409 9.990176 4.256513 7.069698 7.409324 7.852987 7.471717 5.545009 6.248477 7.676638 10.134658 9.935144
10.869627 1.829452 222.2099 222.2099 0.000000 7.616439 8.818823 8.881751 7.834940 6.800704 8.168193 6.482561 6.938431 3.704032 3.945781 9.583755 10.304089 9.121486 7.572258 8.097715 11.232895 13.109668 15.227875 39.037340 32.415839 5.793149 5.905539 6.116933 11.621492 22.569174 17.086110 18.180336 21.373097 16.749547 13.720276 12.771999 10.543776 12.466061 11.596684 10.146719 9.970599 9.185322 10.572803 8.058267 18.593935 32.170360 41.887999 151.326592 310.785975 227.095111 78.362010 32.796137 18.730631 16.663638 27.152960 19.487989 17.267760 17.302092 11.029561 11.870358 9.117796 20.148821 29.786643 8.636880 19.023152 30.339887 21.306709 23.581548 24.794716 7.463191 6.175951 13.853170 26.243575 87.402997 59.084671 27.214804 33.275191 37.019551 28.880519 22.913616 17.172942 18.068643 11.270497 5.578929 7.349202 7.196316 3.514585 3.744028 11.747529 20.107207 20.940496 19.242229 18.633863 16.398409 9.609524 7.639212 5.115469 7.847406 15.539130 13.865422 8.948391 6.163527 3.881047 5.835668
10.924148 1.827695 224.4181 224.4181 0.000000 8.152509 7.667109 1.809170 7.063146 8.879519 11.833550 7.864615 9.273943 6.132964 1.964052 8.882834 8.424355 6.700179 4.948241 4.638052 5.378634 9.964525 22.311967 44.942733 39.807706 11.570902 5.755189 8.236683 14.285909 26.529531 28.722509 19.653470 9.783102 13.267822 17.255082 14.507517 10.174577 11.442952 8.569802 10.009203 7.194779 10.664497 10.264964 12.693176 21.817922 20.077886 23.521143 85.221412 249.614718 306.102297 120.084543 34.681535 14.002654 22.234020 29.657959 24.443634 20.492069 11.886493 9.263729 16.101039 18.736666 23.343176 29.829358 28.011498 14.075211 8.619238 24.888752 32.804197 30.313039 19.300476 11.330591 12.376629 21.495903 56.977133 85.435561 56.797804 19.493047 14.178658 27.198564 24.867874 24.339701 19.778254 16.756609 9.549379 5.712999 8.524768 6.569658 1.874090 8.081166 14.881828 12.839473 14.112619 18.432824 18.439131 13.342330 7.253696 4.592628 4.260930 11.259303 16.478786 14.623532 10.206026 5.564931 3.120641
10.971736 1.827308 224.3148 224.3148 0.000000 5.953486 0.327872 5.304388 11.136055 15.700651 8.165472 1.019724 5.849834 8.700224 7.159144 6.212071 4.792961 5.375983 7.656712 5.614092 2.760146 4.392120 12.895350 41.625837 38.833159 7.302866 7.299829 6.495767 7.221599 17.200645 13.474388 9.582690 4.593444 5.885730 8.324295 6.827521 11.023484 6.538605 11.465781 16.586107 17.719135 11.189182 8.256887 20.799601 38.405425 32.105943 17.266485 49.812056 214.490543 318.790386 151.578216 14.836820 16.804080 31.768086 28.704309 10.054930 10.811125 10.328615 11.511726 8.292390 11.749832 12.638097 14.483315 15.159622 11.076657 10.107688 9.724672 13.679313 14.946885 12.076484 11.750954 9.910490 11.671938 43.512645 92.190624 65.098208 17.152698 14.558932 33.443082 42.752752 23.029878 7.218966 13.273459 20.538678 20.034762 13.905098 8.597258 10.530034 17.334485 18.074411 10.238276 7.192373 6.740713 12.193832 15.035475 7.861317 4.810973 3.109612 7.198976 11.233471 7.998743 5.631770 3.665241 4.147299
11.019868 1.829789 223.9094 223.9094 0.000000 8.776410 6.738478 1.107013 11.481415 12.981829 4.979950 2.606644 4.395436 6.713187 12.051436 4.149563 3.743047 5.928912 6.036628 7.742590 5.879124 4.264612 8.962050 34.822740 39.026167 12.665461 5.429604 7.362684 5.151187 8.434880 7.271130 4.421171 3.656752 11.426049 16.830969 11.243733 2.837024 5.142269 14.366872 22.666542 13.891657 4.680000 11.198935 31.968647 42.139251 20.806082 5.441683 58.181170 234.213023 306.208934 128.167131 5.990623 12.947909 27.849379 34.958743 16.532684 2.716794 6.427666 11.932154 9.458712 4.379558 3.244976 5.068501 4.696632 2.439733 3.277551 4.891322 4.525827 7.241697 11.440631 8.268351 2.592271 15.069452 62.663500 90.149949 51.843924 12.952808 10.338874 35.066825 43.266922 18.523156 5.590980 6.715356 20.472492 25.144897 10.537747 4.983151 9.064717 16.648406 17.780464 8.758391 4.738574 9.274415 21.322298 17.067755 5.808635 4.373410 7.347814 9.475375 12.857143 12.311230 6.225071 1.632741 2.914174
11.069622 1.839097 218.2093 218.2093 0.000000 9.476246 8.408031 5.678489 7.632493 9.122263 2.430970 6.784864 8.314536 12.157527 13.011508 7.467806 5.127244 7.015815 7.896638 6.263146 5.485740 4.045928 20.307073 38.180119 22.748282 9.439121 8.483968 8.806238 12.644277 14.963598 9.116631 4.671506 11.633529 27.129396 21.690484 7.873858 6.175722 12.054335 22.014404 10.017019 4.440594 11.899424 28.614578 36.043560 16.589855 6.150690 79.233747 265.757114 288.384542 101.746960 10.073888 11.637968 27.545518 28.689425 13.224136 6.876257 7.489938 15.408205 11.408895 7.042733 4.986178 9.962683 7.759228 1.952851 2.642798 9.020992 15.976850 22.209122 15.556536 6.608122 9.789833 34.725741 78.308269 49.911766 7.591672 12.859796 32.421832 43.837564 18.191776 4.844355 9.874618 22.415956 26.512591 13.825805 6.306879 6.050378 14.511701 17.124966 6.362579 6.758761 18.647371 34.748324 23.520950 6.893205 7.270991 7.181517 1.629312 9.149742 9.197148 5.647024 2.244107 2.152656 2.964885 6.548217
11.123755 1.834737 213.9057 213.9057 0.000000 6.872475 1.182151 7.740569 9.790727 11.060253 7.686588 4.982970 4.618726 7.434993 8.728113 3.911145 7.343558 14.255883 13.751564 8.850476 6.318677 7.983512 35.098456 36.675986 7.251168 3.464162 5.584633 7.681034 14.393467 9.318236 4.318082 8.356336 18.232445 23.721469 13.189188 7.306040 14.973476 21.559061 12.128887 4.858261 4.147356 12.262849 25.754926 29.302198 11.187617 52.300608 233.975155 314.503322 129.227137 8.742594 14.481335 22.611912 17.789760 5.901404 6.865030 8.874275 18.454856 17.756292 7.419261 5.339175 14.045704 13.687819 8.444632 6.073743 6.571282 18.437862 20.208725 8.704796 4.220066 9.708039 47.055084 75.355489 34.044492 11.512607 24.169816 50.474955 40.216256 16.079199 4.416741 14.709432 19.179311 13.628981 5.098371 9.735204 19.928218 22.184677 14.052830 5.335465 11.367677 28.159010 26.544970 5.763910 5.623539 2.504457 6.201061 7.851556 2.528148 5.775478 3.262096 3.880142 5.315107 5.093403 5.741883 5.575805
11.177327 1.830503 212.4767 212.4767 0.000000 5.738964 8.982947 14.232372 11.224718 3.681354 6.789179 3.540576 2.881904 4.320407 3.830879 3.691223 9.337467 11.986647 5.984770 11.329050 5.344628 5.988266 33.758527 35.683983 10.703365 6.105121 6.172111 6.189594 9.696249 6.517519 4.301709 13.204577 13.151015 9.806302 16.984260 16.311005 3.480066 16.567799 15.381148 7.271799 11.254274 10.554862 13.269142 33.311109 35.869273 80.700500 263.211670 284.334287 92.249910 24.152105 26.971994 8.516043 11.102270 11.452741 4.275959 12.889574 16.346736 7.661017 6.800637 9.944413 9.404115 9.514740 8.192864 3.235067 9.330592 16.161034 6.059203 8.415053 10.004761 7.603508 67.296577 85.495390 35.877440 29.036637 47.856530 29.399908 16.111402 21.481332 13.361690 8.130600 10.395724 6.781385 9.918100 18.652024 13.685249 14.289366 20.269132 11.698260 7.213150 22.507932 14.808134 4.200463 5.739118 5.542168 7.956665 9.128534 5.840742 2.485962 5.411571 3.372871 2.533150 3.056453 4.129545 2.767442
11.229596 1.830661 217.8135 217.8135 0.000000 1.125621 5.854703 11.277704 14.790276 10.389263 5.895921 2.834373 7.048791 5.963249 7.034356 6.509086 6.124200 5.447670 6.916797 10.100199 7.827620 5.617912 24.573708 40.145991 18.740805 9.019991 3.291602 6.219036 10.781503 11.212891 5.262941 6.518065 15.261549 8.049592 10.620896 16.304302 16.342453 18.344904 12.869395 11.630517 21.556094 13.471487 7.274115 22.215209 37.255993 31.602578 88.992034 266.413440 276.294313 102.853313 29.246705 24.922655 20.970797 8.095920 12.869746 16.086006 10.302844 10.099658 12.030490 3.297054 11.685496 10.805499 3.271613 6.786172 6.550680 4.843101 7.661147 13.550490 7.638301 12.732872 18.777728 42.542472 84.212451 59.606512 20.347284 30.831794 43.580192 29.389645 9.914836 17.659298 23.013249 9.557245 10.184951 15.791487 15.092899 4.840292 13.570614 19.516904 21.715311 8.078543 10.014061 19.085844 14.463589 7.796233 4.772564 4.734392 4.982721 7.653388 4.451877 3.412397 4.443929 4.359374 6.232846 6.199137
11.280760 1.824200 220.9772 220.9772 0.000000 0.636855 1.845736 3.297474 12.532145 6.702717 7.236814 9.175743 10.505122 9.164863 6.601138 6.670676 3.596149 6.923621 9.614315 12.061122 6.288865 3.204471 18.703439 38.827025 30.458710 14.027756 12.294077 13.326831 13.081547 7.280747 4.717076 4.905995 11.962478 17.977661 18.184980 15.914681 14.168930 19.690773 17.030682 17.167165 20.948270 20.104575 9.669887 14.049203 14.728257 26.176799 58.377906 220.251460 344.489841 124.801171 63.785686 23.279938 7.300694 14.161692 19.880811 18.815556 14.917297 15.011878 17.293486 23.196158 21.751174 22.402715 16.881886 8.783002 6.568755 3.434132 10.266314 15.307757 20.486511 21.695382 25.773893 38.420687 71.100252 76.237988 36.789026 11.418688 21.599239 31.599236 20.764773 21.280577 28.222585 28.347245 16.213727 11.757579 10.277802 9.005524 8.463244 14.024841 14.912976 11.527360 13.504363 16.706465 19.698535 7.405684 14.749815 10.816140 10.986716 13.308307 6.442656 5.304822 6.483690 6.043401 4.888134 8.066723
11.329720 1.826879 222.5437 222.5437 0.000000 1.516455 1.724715 6.151672 13.050824 12.114580 7.604020 4.233615 6.518080 4.834962 4.333599 8.557068 9.831220 6.629714 5.265897 11.156794 9.152104 3.451262 11.017190 35.184074 30.069728 7.364145 12.137781 12.993893 9.292184 9.562149 10.396182 6.647831 10.942604 19.926505 20.969092 13.106400 14.237806 21.816296 13.381093 9.673309 8.876753 7.898627 12.929663 18.840410 22.086589 28.318025 33.264521 129.379954 297.563198 250.607471 90.825364 26.688994 16.077118 10.124566 18.306461 14.785793 4.896023 10.087690 8.687232 18.999696 27.442023 12.808220 19.814529 13.359740 9.708194 4.728790 10.792735 24.000151 10.592631 19.612765 20.184878 17.257122 20.763789 86.256021 64.309348 16.488754 19.628299 36.573559 41.649773 31.147796 8.807681 20.904826 19.548370 7.939091 9.675268 8.429718 8.250150 6.172835 14.957416 16.705402 14.241730 11.267369 17.008307 25.356032 16.486747 9.612500 10.048577 12.464352 9.987968 11.055018 9.788934 5.123486 3.251000 5.463597
11.380343 1.835434 224.0043 224.0043 0.000000 0.821756 2.552508 5.669558 6.371401 15.615460 10.702112 4.289504 3.811917 3.798950 4.562405 7.960923 7.376993 3.430114 7.801311 7.496183 6.449469 14.375313 19.309862 40.656263 37.703727 14.232575 7.470688 11.439253 12.128635 14.458462 18.577360 17.883880 16.089468 8.456575 12.105012 12.135631 14.556329 22.311009 16.142452 9.141876 8.867694 4.303910 9.087938 19.487428 21.918271 12.479045 16.836392 67.545059 244.419482 308.664645 128.045859 17.239646 17.773728 19.437744 22.224925 18.878400 12.267287 9.710629 11.391082 14.924519 27.103379 27.882261 21.799058 13.659476 6.554321 11.030711 18.633754 26.539407 26.378491 19.343098 17.882637 15.057941 19.725633 56.798951 80.787440 46.051278 21.105307 15.495906 25.927988 42.957004 27.071907 12.272838 9.212408 8.376752 7.065399 6.812382 5.542067 10.430930 17.744788 10.700665 12.838863 15.399891 13.938478 22.518553 18.018199 8.791563 7.484202 9.238720 5.167156 4.942222 7.909232 8.720030 5.232495 3.105965
11.429679 1.832351 224.3039 224.3039 0.000000 1.007532 3.169305 3.294971 3.961193 12.200166 14.972466 4.629553 6.646349 4.149207 2.465819 5.723012 7.173901 5.782434 8.019071 9.577240 10.780175 15.835139 12.216011 38.472403 39.184581 10.157324 14.631394 14.468932 8.487564 15.334850 10.788339 18.317056 21.618722 15.017606 8.068110 4.943395 7.112958 21.366819 16.198814 10.326869 14.362443 12.886607 7.989371 13.723659 12.868884 15.610743 19.370255 71.008334 248.114006 313.235558 129.913192 24.948054 22.770592 15.184933 10.430017 13.984505 14.002973 20.812313 14.462125 16.026837 27.728102 22.015915 19.509170 20.388340 10.019530 17.389412 21.953232 18.364802 24.227050 20.601153 16.665508 24.028740 25.433304 50.326906 78.068463 45.071616 21.377080 21.653967 24.388689 36.726385 35.819741 20.849636 12.834853 7.980161 5.710158 5.988993 8.190620 13.150456 16.463763 14.190342 14.314241 16.545706 16.728470 20.231033 17.297251 11.573257 11.783537 10.075996 5.079718 4.583561 6.411751 8.951086 8.287737 3.664681
11.479894 1.830395 224.4604 224.4604 0.000000 2.782582 3.164878 1.000578 3.247920 8.420870 16.261816 10.944510 6.840273 1.788046 2.355372 5.109092 5.644763 3.154046 4.805882 7.535341 7.638861 10.932850 23.466932 44.285423 42.013577 17.264174 6.404427 11.155818 16.489681 19.109615 21.224744 21.578859 11.457486 13.078114 13.342665 8.309670 14.328264 20.540723 10.610934 8.082967 5.923640 15.891304 16.275598 14.460300 10.748030 11.948765 10.090090 68.842894 249.400226 311.489768 117.399932 23.517226 7.488564 20.476339 20.125542 21.209527 22.817414 16.186172 6.636014 15.112371 27.535189 33.123572 29.328899 21.550046 10.063981 10.078808 24.091067 30.337616 30.661492 25.059983 15.059401 10.923361 29.336654 63.152511 84.454988 53.575880 19.281176 12.999627 16.664317 23.424956 36.648009 22.373113 10.889475 5.401944 3.685211 3.947328 7.753175 12.406971 10.232501 6.900440 8.943963 10.426811 16.530025 19.394776 16.733828 10.117547 7.162592 7.265207 9.422434 7.455571 8.263032 9.036442 4.655394 2.867101
11.529725 1.833382 219.2418 219.2418 0.000000 3.269621 4.098178 3.613728 4.572759 11.679043 13.264286 3.713438 6.713107 3.676760 2.805940 5.387526 6.867155 6.731579 7.928864 10.323073 14.148646 14.108261 26.526762 41.206684 21.670163 11.396735 14.884870 10.427821 14.289796 12.371157 16.193300 20.222081 17.779243 11.144463 6.536962 4.153712 20.655755 18.162304 10.654431 12.439733 15.364528 3.889142 14.607303 12.883468 15.358193 19.711331 63.415018 248.104016 308.757260 123.812045 24.931781 21.786110 13.489517 11.816287 14.139193 16.728235 19.124528 13.374424 20.788740 27.311411 21.227644 22.650808 12.133895 10.419641 21.939069 19.410270 24.250426 24.093892 15.083369 20.158482 27.118733 17.679763 87.963681 65.768090 20.987102 23.857147 22.514741 31.856591 41.470623 23.884358 13.310585 9.063918 5.481041 6.008733 7.438977 11.901083 15.448504 13.617326 14.340187 16.388559 16.693546 20.427737 18.332302 12.646111 11.257760 9.760876 4.427370 4.632630 6.629347 8.974739 6.040347 2.604969 4.801303 5.190310
11.580209 1.830390 216.8528 216.8528 0.000000 5.306164 2.663493 4.347871 4.126572 10.435436 12.718084 10.996775 4.721971 1.390146 3.236926 4.338129 4.665444 3.899013 4.054911 5.074334 7.069056 14.829033 37.527615 47.446832 22.093556 7.985183 7.853765 15.942048 21.738412 20.906984 19.705024 8.592214 10.148244 11.101261 12.018386 17.666133 16.359034 10.893040 6.602136 10.366809 15.075910 14.217651 8.247312 12.521022 12.089768 30.027563 158.219567 321.035134 198.239487 59.893449 12.851888 23.861017 20.546777 18.267712 21.317960 17.957915 10.198596 14.254476 28.641474 28.689840 27.904038 24.281257 11.486067 12.902788 23.385346 26.955701 30.168397 25.170297 10.762028 13.748527 35.054840 78.617890 80.091041 38.893926 10.322376 20.887628 14.038192 33.673283 31.783953 17.184269 3.599872 3.608267 5.325383 5.731041 12.727430 8.798297 5.171237 7.317705 9.375004 18.824286 20.307352 11.665533 6.784079 5.469059 6.774252 9.292063 9.700475 7.689173 8.255612 3.528184 5.124862 8.667605 6.893831 5.155588
11.634303 1.829125 224.2659 224.2659 0.000000 4.415836 3.273544 6.176601 10.283637 10.971911 3.708349 13.904743 9.117346 3.429493 5.305274 7.541193 6.795225 5.518710 1.571638 3.553092 2.498641 4.389917 16.373898 46.696220 41.716678 9.592052 4.038835 4.414748 7.701270 14.688528 13.578227 15.153881 9.585490 5.640762 6.367571 14.336857 18.332013 6.697969 7.274312 4.339581 6.003275 13.337726 23.761031 17.689339 21.968466 26.302787 35.175464 72.139687 204.442638 318.811758 164.926680 39.686455 29.104133 25.637715 18.873452 13.689701 15.260186 4.014360 7.937606 10.598111 15.215522 15.486802 19.692016 17.153247 10.756359 11.266683 12.577705 17.591184 18.865854 11.760276 7.676281 12.830592 15.218379 39.121358 89.604407 72.688021 34.577967 27.909830 32.734936 31.031117 23.314876 23.884626 16.994246 8.069658 8.842468 11.990779 15.110548 10.598889 6.158097 6.566643 7.509110 12.159038 9.114145 11.531986 16.469901 10.170998 5.841666 3.183888 8.257979 12.456537 7.413196 4.142510 5.032918 7.491182
11.686771 1.832905 218.9008 218.9008 0.000000 5.684755 4.872741 8.240581 3.222566 11.050205 12.352144 10.654431 6.057897 3.343667 5.974590 8.751002 6.435104 5.086516 7.025551 8.506086 6.779791 6.112505 24.381964 40.738207 20.128793 8.216782 8.176159 6.607857 3.162397 3.988695 8.067278 9.591222 8.111866 15.267201 22.043577 12.881626 11.244406 16.390985 11.843638 12.657800 17.047391 24.447436 34.915723 28.821391 8.487845 20.004766 73.499043 250.152286 297.968723 117.288674 22.413624 12.956454 19.926809 28.089261 18.630009 12.293269 13.065096 11.607405 11.742649 6.730106 4.300092 8.943303 5.664564 7.408776 8.016725 6.018827 7.443587 11.221100 7.291615 9.339380 11.983571 36.075156 90.936253 71.678316 9.873472 19.048601 17.424552 38.123799 41.863412 25.328302 16.254223 8.752648 9.349612 17.925803 16.747484 14.885272 15.402211 11.953803 12.545901 9.546979 11.349286 21.780581 17.683711 6.297775 6.379777 8.786983 11.504094 12.531309 9.368163 4.935397 5.807209 4.546961 3.691782 2.851980
11.729764 1.832243 224.8824 224.8824 0.000000 7.482868 5.002878 7.915855 11.602992 12.647733 0.366411 7.010531 1.787409 1.265582 5.108378 6.572968 2.593329 1.988860 6.801800 15.110468 10.429927 4.302989 5.532969 33.305970 40.907594 17.085517 7.810014 6.860429 8.931778 9.288097 8.732981 3.185891 5.168745 10.407220 26.280572 25.075842 8.999769 5.914815 18.706336 24.597062 11.657658 6.152334 7.534598 21.973838 36.980317 18.818822 2.077485 31.534324 203.851450 345.211509 172.932545 14.420784 8.455715 13.923667 28.268506 16.131294 2.103391 5.802266 15.294323 21.093121 13.860595 5.372872 7.015930 8.081624 3.176971 8.111637 8.562749 8.491312 15.229768 18.445004 11.097513 4.350717 7.724996 32.413802 81.759634 60.169433 9.245056 13.873364 31.415763 49.836441 31.313856 3.583516 5.864633 6.678316 17.306272 15.030506 5.743385 5.388348 8.137846 24.083254 20.644935 9.701950 10.216308 22.046219 26.009224 11.530445 3.282084 4.543957 4.564654 3.693613 5.278506 4.134702 6.323124 5.333269
11.785151 1.833857 215.4462 215.4462 0.000000 2.049978 2.314181 6.101854 10.485880 15.843335 13.080140 6.830477 3.592813 4.065437 3.180736 2.994341 5.527771 11.119503 12.719331 9.251868 5.288238 6.546609 29.179992 38.144361 8.281566 7.459858 2.794869 4.597616 11.419319 8.685441 5.689859 6.493452 11.794801 20.864429 15.667686 4.005034 9.368485 18.135248 21.930081 16.743121 10.510017 20.226883 33.899187 23.425480 7.843647 9.682152 182.716029 365.418027 172.630997 11.158911 8.863399 17.863945 22.510778 12.933113 6.588628 9.871932 13.424577 13.542156 8.014827 3.805113 7.713197 6.670542 5.840015 5.942065 2.807383 10.363065 17.075399 9.000086 7.718253 11.395179 27.339885 81.615536 61.623211 14.163001 6.620391 26.514190 47.931086 35.007690 12.638104 10.887477 15.346063 16.877686 8.137449 9.246896 19.584247 27.592459 18.320691 8.395300 5.070312 13.967234 29.370812 14.184300 4.159277 4.793937 5.165821 5.178949 3.038098 2.361862 5.332340 5.104294 4.866913 4.991554 2.830077 3.828729
11.833793 1.834579 213.5050 213.5050 0.000000 2.526873 4.945174 4.814722 4.420086 12.292243 14.616781 7.650539 3.924957 4.003962 4.036870 5.874179 8.630949 11.784524 9.521857 6.609905 12.558454 4.943068 38.243045 40.088777 10.900404 1.715439 7.005405 9.208849 12.342630 9.792241 11.538695 8.135514 7.800233 15.070635 15.468088 15.684985 12.859649 8.699103 19.139697 15.604104 21.921924 31.904635 17.371013 9.534180 7.531643 82.220748 272.327279 277.872488 84.513422 11.924823 14.386053 15.822267 24.585334 16.595856 7.938456 15.525192 11.031753 18.239777 16.037790 13.569769 11.054068 2.860370 3.614808 9.562737 13.619683 19.213103 17.295230 15.662647 9.847129 24.754852 78.281080 68.980082 16.229762 14.300937 3.840170 27.535002 52.916554 32.750878 13.041416 6.579466 8.218628 9.483117 15.266032 21.576160 23.554581 10.858649 8.317117 10.714081 16.056114 25.419234 14.764740 3.450583 8.254000 4.799062 4.027637 5.306590 5.323102 6.569916 3.686080 2.233226 4.288842 5.632115 5.294707 5.362087
11.889650 1.833768 219.4190 219.4190 0.000000 3.311050 7.108651 8.226538 5.589905 9.623217 8.086589 5.468908 3.793767 3.183305 5.539879 8.398590 8.837686 6.991526 8.237645 6.773389 12.022693 18.268957 33.321601 43.754068 25.437973 8.831829 9.229612 9.867466 8.928298 13.144309 16.925187 16.780742 8.208654 8.825154 8.838914 11.044351 19.915596 13.933321 4.835825 15.258187 9.774532 16.352372 17.904142 23.290367 16.002843 17.660945 51.988510 224.079173 322.310122 136.877865 20.310411 23.621050 24.337765 22.087031 17.950661 17.365434 17.356841 14.351025 14.156863 22.353584 24.131669 16.444063 6.699015 5.343399 11.541125 19.899609 24.361276 18.827553 17.228486 23.251849 17.547253 26.823817 84.128544 81.064783 32.173707 21.653275 16.247484 35.224529 43.750523 10.467660 15.763327 5.825932 5.079964 5.738894 9.089683 11.703826 16.595697 12.558076 6.721333 14.078199 10.743147 14.630824 19.579815 8.446062 6.500991 8.492507 7.398485 4.657019 4.906282 7.780945 6.224703 3.973758 5.066242 7.784939
11.939885 1.831315 217.6034 217.6034 0.000000 2.114894 3.138640 6.026348 7.334654 12.919900 13.700893 10.501076 5.929295 1.804374 2.557658 4.710285 10.598634 14.252294 10.096175 7.222791 8.375679 5.472261 23.706114 37.573641 15.896006 5.834414 7.489138 6.707611 7.261141 6.432428 8.535084 11.233393 8.928033 8.862011 13.479067 15.912023 9.450648 7.601357 7.036125 14.891858 26.870984 27.120398 25.014397 17.811275 9.778605 15.866275 122.947079 300.502674 247.352566 76.035906 16.796191 11.034047 14.886995 14.962771 19.913090 20.659081 11.679390 5.904458 10.159293 13.050851 11.182609 8.544638 3.559365 7.260941 11.873283 11.740842 11.288113 8.227994 10.276877 16.303433 21.199974 54.119558 77.325427 36.158692 12.352418 16.869753 29.120409 48.538028 39.536015 21.689805 3.860546 3.052825 6.245988 12.171715 24.099875 28.281245 15.582862 8.795819 8.739988 10.599793 21.944545 23.157786 10.665401 5.489742 5.565278 4.750825 6.674592 6.499890 5.077402 3.710676 1.780364 3.341748 3.532731 4.564829
11.989609 1.828158 214.9685 214.9685 0.000000 2.245871 2.532016 3.930985 5.666544 14.130608 15.141306 8.810718 9.353180 6.902647 6.561254 7.473028 8.186988 11.604975 5.687519 2.878701 1.696462 6.626953 31.628069 39.882628 10.883549 3.397290 2.943251 4.932199 9.461257 6.244548 3.493850 1.945524 2.099941 6.290574 10.315312 9.344767 9.641740 10.221704 13.500695 22.394696 21.689377 37.550174 30.032094 17.938931 17.216289 26.639623 218.868304 339.904463 135.892309 16.450861 13.034857 16.775266 25.013198 22.087887 11.965904 5.983456 3.147966 3.632636 2.719850 1.479685 3.548442 3.996404 3.627623 3.387728 0.449116 2.363518 6.845376 2.882877 2.152213 13.801751 51.208910 86.465584 48.902663 12.479290 10.956444 20.035950 45.733696 41.824965 22.862916 16.934112 13.533009 16.606415 21.513799 16.391433 30.054779 16.534536 8.528135 6.756052 7.585074 17.190155 20.059908 5.428090 1.065391 1.927189 3.840270 6.486510 4.735283 2.677995 2.571929 2.419514 3.812530 3.710356 2.461681 1.250710
12.039957 1.836871 224.1548 224.1548 0.000000 1.671355 4.383564 4.202342 6.983299 16.914631 12.717737 6.646974 8.742086 7.840050 7.600329 4.794760 8.061273 9.023855 13.809574 10.247918 5.093397 5.090608 7.469312 33.298393 36.688065 11.168930 2.438797 4.276764 9.229376 8.869872 2.917425 5.648550 6.501252 7.379912 10.970072 11.321635 8.700894 12.032443 7.810381 13.058418 20.998922 19.955297 19.508183 30.510867 29.704293 14.825415 20.294021 66.456158 243.031839 314.280489 131.289356 16.258520 17.520532 14.069170 22.189738 19.081104 14.809976 13.212859 10.674267 7.781161 8.529685 7.381609 4.829902 5.670431 7.681262 6.087921 5.125738 7.244094 9.146974 8.794310 9.137971 10.223161 17.711041 55.351589 80.560261 42.630824 12.710021 11.901835 25.056545 49.532746 38.087222 18.841923 14.429801 14.851193 16.040364 16.629368 15.093939 20.151368 25.631770 14.990250 8.131216 9.276903 13.032029 21.575793 17.075407 6.821551 3.394770 3.720148 3.092564 7.120038 7.281747 3.296646 2.462789 3.656009
12.089608 1.830005 224.2459 224.2459 0.000000 1.206144 5.185651 8.592556 12.423094 11.768795 7.066741 8.255320 11.545098 6.009513 7.956729 7.164882 9.033680 5.947157 9.748109 10.691062 6.361778 9.347700 18.380037 40.593457 32.863027 3.122932 2.592754 9.711707 10.774485 2.314459 9.202449 9.049944 5.490820 13.448842 18.071017 10.703836 9.990391 17.385430 13.399964 10.938331 8.241168 20.406910 15.567326 10.056219 24.342260 26.787450 31.846196 73.374188 234.663796 319.940561 147.607672 30.392161 18.114234 13.176575 13.076552 10.403311 18.355453 12.272329 11.259749 10.269858 10.811433 17.594068 11.933904 8.013589 13.136519 8.636513 7.624613 17.316241 13.874662 7.857417 10.609751 12.898379 15.027266 41.441987 78.671902 53.244124 23.087492 25.322130 37.203183 43.792160 24.048443 14.875830 21.970726 15.520677 12.712949 13.601874 14.257262 12.190846 15.409613 16.832800 13.427592 11.223975 10.410356 19.661384 22.800458 10.887138 4.217978 6.811126 9.238823 8.639203 8.879122 7.846387 4.242395 3.091453
12.140024 1.663423 224.3290 224.3290 0.000000 3.296608 4.682267 3.335176 9.642954 4.934314 10.006329 13.996684 14.605487 10.681110 2.516905 8.944724 8.176650 2.850334 2.333150 7.755051 5.053486 6.436464 20.547714 43.294573 35.707286 14.529492 10.553726 12.019948 13.934181 13.338024 11.987495 8.658816 9.465974 14.621281 15.297758 12.540533 11.718742 15.942139 11.696530 11.961788 19.532580 21.474112 20.293204 11.186624 20.742808 15.438056 21.874666 105.127981 276.701528 286.639819 100.667723 28.049599 8.635348 12.908054 7.271662 21.570983 21.798827 16.738663 15.490312 13.259387 12.935729 20.302964 22.135006 18.237824 17.124008 15.931542 16.595037 20.794880 18.550878 14.518399 14.606976 15.357311 30.922804 66.822780 78.481806 39.098168 10.353289 17.373950 20.882848 21.299397 33.714187 37.702776 26.223169 12.244387 12.778510 20.881834 16.313385 7.667103 6.961647 11.575507 9.480459 10.047744 16.165643 19.373742 16.404716 10.125792 7.924344 7.539050 8.537685 5.872190 5.931144 8.033264 6.483893 4.264703
12.189666 1.395626 235.6283 235.6283 0.000000 2.279343 1.750085 4.526170 9.405201 12.538049 11.440143 7.321115 6.380671 7.437779 6.603236 5.901824 6.589377 6.114985 4.435556 4.241108 6.042132 7.221440 8.137956 17.903190 26.114611 20.896825 12.671265 9.602103 4.014402 7.101754 13.587414 9.831540 2.911927 7.981394 10.849493 4.135966 4.879698 3.743731 6.653134 12.541208 12.267255 17.481816 22.677966 21.907253 37.703980 45.006745 38.269763 27.710477 40.897605 105.965551 216.842942 238.033362 141.121869 54.921820 35.540829 22.603791 17.143698 17.103987 14.129490 9.444986 11.343769 12.769851 8.411867 6.470191 11.308372 13.390367 8.652644 7.046824 8.996531 7.504631 10.330044 10.774071 4.433066 11.961368 13.434496 10.863817 35.845246 58.474357 53.715511 32.849424 24.500608 24.608833 24.048467 26.439913 28.913440 23.418718 14.246449 9.444544 10.647154 14.015072 13.884786 9.728724 6.897950 9.204807 11.909526 13.359060 12.789847 8.479104 8.765630 6.155152 5.186212 6.517248 3.220142 6.932188
12.239940 1.047015 244.1335 244.1335 0.000000 1.552065 2.749676 4.931121 7.552002 8.016543 6.176366 3.341610 1.374807 1.492266 2.448445 1.929126 1.596777 2.234604 2.269750 1.312914 1.047047 2.599415 4.905121 6.592503 7.505348 6.591297 3.443022 1.010158 1.920294 3.637205 4.687448 6.444257 4.947859 3.231286 4.207840 6.271575 6.229847 4.078396 3.305616 4.276113 6.799287 13.917392 17.039188 30.928642 38.021334 40.400806 39.504920 36.506912 33.291434 36.869177 49.249611 65.987590 77.072987 72.237855 52.775616 33.873012 20.548518 12.445574 7.902040 6.090239 5.174959 3.783647 3.210185 3.481848 3.348691 3.128588 3.895101 4.697056 4.131892 1.980226 1.804561 3.544747 4.234238 3.968953 4.336804 4.908089 4.936949 5.874761 9.029361 13.839959 17.893452 17.826622 16.295079 14.595451 12.503955 10.893722 9.582230 8.575663 5.507955 1.944169 1.389505 2.600816 2.971374 3.324752 3.161450 1.599448 3.296589 2.821411 4.885349 4.575021 2.623767 1.924188 2.771946 3.860133
