# LRA Full Analysis Data — Replot Source File
# Source file: ramp_90to120BPM_12s_210Hz.wav
# Generated:   2026-07-17 14:00:04
# Accel sample rate: 1701.2-2026.3 Hz per-window range (1891.1 Hz overall)
#                    Each window measured with its own real rate, then
#                    resampled onto the common freq_bins grid below
# Rows:        231 (one per time window)
# Freq bins:   100 bins, 0.0 to 495.3 Hz
#
# MACHINE-READABLE METADATA (used by replot mode — do not edit):
#@duration=12.000000
#@rate_overall=1891.119147
#@rate_min=1701.155125
#@rate_max=2026.277957
#@freq_bins=0.0000,5.0030,10.0059,15.0089,20.0118,25.0148,30.0178,35.0207,40.0237,45.0266,50.0296,55.0326,60.0355,65.0385,70.0414,75.0444,80.0474,85.0503,90.0533,95.0563,100.0592,105.0622,110.0651,115.0681,120.0711,125.0740,130.0770,135.0799,140.0829,145.0859,150.0888,155.0918,160.0947,165.0977,170.1007,175.1036,180.1066,185.1095,190.1125,195.1155,200.1184,205.1214,210.1243,215.1273,220.1303,225.1332,230.1362,235.1392,240.1421,245.1451,250.1480,255.1510,260.1540,265.1569,270.1599,275.1628,280.1658,285.1688,290.1717,295.1747,300.1776,305.1806,310.1836,315.1865,320.1895,325.1924,330.1954,335.1984,340.2013,345.2043,350.2072,355.2102,360.2132,365.2161,370.2191,375.2221,380.2250,385.2280,390.2309,395.2339,400.2369,405.2398,410.2428,415.2457,420.2487,425.2517,430.2546,435.2576,440.2605,445.2635,450.2665,455.2694,460.2724,465.2753,470.2783,475.2813,480.2842,485.2872,490.2901,495.2931
#@n_tracks=1
#@input_spectrum=0.000000e+00,3.591453e+00,3.591754e+00,3.629964e+00,3.648507e+00,3.703504e+00,3.738566e+00,3.810232e+00,3.859418e+00,3.951062e+00,4.020131e+00,4.128957e+00,4.212238e+00,4.348402e+00,4.452723e+00,4.615926e+00,4.740422e+00,4.941150e+00,5.097614e+00,5.336612e+00,5.520377e+00,5.821721e+00,6.042940e+00,6.424808e+00,6.699624e+00,7.187509e+00,7.518695e+00,8.179248e+00,8.615261e+00,9.516131e+00,1.009789e+01,1.141547e+01,1.220878e+01,1.434145e+01,1.537267e+01,1.952361e+01,2.138926e+01,3.159174e+01,3.422981e+01,1.014373e+02,2.164401e+02,3.290214e+02,3.748995e+02,3.250729e+02,2.109271e+02,9.720212e+01,3.291549e+01,3.150116e+01,2.134910e+01,1.960013e+01,1.549071e+01,1.448811e+01,1.237528e+01,1.158371e+01,1.027681e+01,9.689762e+00,8.793523e+00,8.349111e+00,7.690889e+00,7.347396e+00,6.856700e+00,6.568124e+00,6.180542e+00,5.944433e+00,5.634546e+00,5.433398e+00,5.183063e+00,5.006258e+00,4.792372e+00,4.644286e+00,4.464364e+00,4.333361e+00,4.176981e+00,4.063413e+00,3.929642e+00,3.826412e+00,3.707107e+00,3.616968e+00,3.512976e+00,3.430359e+00,3.336301e+00,3.263087e+00,3.179069e+00,3.112188e+00,3.036213e+00,2.975157e+00,2.905823e+00,2.850839e+00,2.788137e+00,2.736590e+00,2.679167e+00,2.631965e+00,2.579300e+00,2.535407e+00,2.487165e+00,2.446064e+00,2.401209e+00,2.363261e+00,2.322085e+00,2.286070e+00
#
# Columns: time_s  rms_g  peak_freq_hz  1 track_hz cols  then 100 FFT magnitude bins (in g)
#
0.431497 0.004906 40.8349 40.8349 0.000000 0.240418 0.160153 0.145753 0.211458 0.256446 0.166884 0.312052 0.415849 0.164060 0.156921 0.177883 0.297656 0.286801 0.207948 0.112556 0.061398 0.036361 0.044441 0.167724 0.189706 0.177776 0.236636 0.229270 0.147274 0.142628 0.176380 0.154591 0.197380 0.268203 0.183013 0.054432 0.089019 0.213459 0.204268 0.154250 0.147412 0.217663 0.206935 0.109464 0.178543 0.173434 0.078568 0.066244 0.097753 0.090865 0.106422 0.117134 0.090477 0.029230 0.193952 0.191665 0.120061 0.034223 0.067311 0.032925 0.062065 0.046650 0.038061 0.075170 0.075970 0.075014 0.062027 0.064910 0.054660 0.067925 0.172796 0.256304 0.241552 0.139684 0.082577 0.083001 0.071783 0.058890 0.067898 0.103801 0.117987 0.088681 0.075372 0.086958 0.116029 0.139482 0.104535 0.054976 0.032585 0.060775 0.079169 0.085649 0.063826 0.022734 0.020212 0.051117 0.068893 0.076637 0.072457 0.062386 0.036997 0.038005 0.033038 0.033801
0.479948 0.004674 69.5394 69.5394 0.000000 0.233133 0.138032 0.122337 0.138984 0.191328 0.185472 0.210032 0.302721 0.341715 0.300519 0.271534 0.242171 0.273458 0.437510 0.354611 0.152900 0.073155 0.037553 0.072885 0.183899 0.221634 0.173807 0.110488 0.086948 0.066923 0.049847 0.126301 0.185473 0.139716 0.093182 0.123036 0.178508 0.212249 0.173215 0.093513 0.153120 0.185369 0.173459 0.194574 0.193781 0.183522 0.218327 0.135114 0.078940 0.126129 0.146552 0.108752 0.066897 0.079320 0.065749 0.123739 0.167502 0.090725 0.025153 0.053529 0.112365 0.149740 0.139206 0.099626 0.074554 0.068639 0.088921 0.075724 0.092979 0.144773 0.146877 0.113117 0.072424 0.133419 0.161934 0.145751 0.200590 0.217473 0.182403 0.110837 0.026768 0.078442 0.047557 0.091621 0.074944 0.107375 0.102126 0.076719 0.094188 0.091251 0.054413 0.057120 0.094638 0.101854 0.071807 0.031472 0.053319 0.088649 0.071026 0.051198 0.054770 0.061944 0.026360 0.030181
0.527715 0.004448 73.7360 73.7360 0.000000 0.113673 0.058759 0.109559 0.117031 0.186663 0.225249 0.120178 0.177181 0.253306 0.238276 0.176666 0.096035 0.159762 0.342157 0.283203 0.069408 0.043817 0.095755 0.033380 0.211343 0.236141 0.119111 0.073348 0.096543 0.112715 0.079830 0.094146 0.131363 0.133256 0.135958 0.201402 0.291393 0.261391 0.100088 0.054461 0.143342 0.094633 0.071949 0.158965 0.105196 0.231634 0.188738 0.118172 0.132485 0.108877 0.039372 0.064407 0.088921 0.107217 0.188668 0.216758 0.135062 0.100401 0.159831 0.210603 0.181233 0.116440 0.060189 0.062634 0.052401 0.023202 0.114073 0.178058 0.142771 0.076922 0.126943 0.166828 0.147740 0.095714 0.081801 0.114903 0.146224 0.154389 0.129229 0.105682 0.099550 0.049858 0.072083 0.065456 0.081574 0.092844 0.119430 0.065523 0.022342 0.053322 0.123285 0.130666 0.056263 0.019409 0.039509 0.070474 0.085376 0.055075 0.015355 0.021647 0.050598 0.045439 0.014754 0.012145
0.569797 0.004373 152.7108 152.7108 0.000000 0.159894 0.145982 0.082055 0.228258 0.269302 0.065429 0.151137 0.244483 0.190607 0.156047 0.112419 0.089034 0.268660 0.282906 0.094263 0.055596 0.080359 0.162035 0.239648 0.133380 0.069136 0.063209 0.055239 0.076200 0.107639 0.120988 0.114463 0.078858 0.157755 0.293486 0.281115 0.180860 0.110453 0.107742 0.143074 0.143701 0.138548 0.198488 0.184908 0.146197 0.049087 0.037773 0.082706 0.056701 0.055367 0.111468 0.125055 0.192000 0.281769 0.167003 0.114162 0.212396 0.192854 0.105794 0.036322 0.117243 0.123643 0.075105 0.063852 0.141299 0.104514 0.092750 0.092568 0.111475 0.112580 0.061199 0.024888 0.045992 0.017425 0.038871 0.048157 0.042929 0.085528 0.124771 0.135227 0.108205 0.045229 0.017469 0.067382 0.105990 0.080858 0.080206 0.085577 0.098986 0.092030 0.055446 0.045896 0.040050 0.034069 0.043565 0.042891 0.036746 0.035257 0.041914 0.039223 0.022614 0.027143 0.053308 0.084247
0.619856 0.004185 67.4508 67.4508 0.000000 0.221551 0.140849 0.205097 0.298166 0.237717 0.131967 0.107556 0.121599 0.168696 0.221011 0.151255 0.148449 0.255401 0.268066 0.124481 0.048252 0.083136 0.116529 0.242815 0.263511 0.189921 0.155829 0.138071 0.097260 0.061482 0.095625 0.135078 0.077065 0.259790 0.291371 0.075484 0.148030 0.085988 0.073584 0.059370 0.127713 0.192291 0.244880 0.226904 0.132204 0.081398 0.081060 0.086112 0.081284 0.052677 0.055345 0.094705 0.116587 0.176063 0.226655 0.139518 0.107848 0.147411 0.019734 0.076801 0.045967 0.139413 0.110258 0.114745 0.134294 0.088765 0.043324 0.041530 0.066112 0.044463 0.067577 0.076110 0.082099 0.081025 0.049095 0.035965 0.036524 0.025406 0.050325 0.120617 0.177005 0.126873 0.030474 0.038177 0.036211 0.093061 0.118552 0.106403 0.093959 0.049347 0.065957 0.069893 0.055388 0.037283 0.031890 0.015755 0.037663 0.063047 0.046387 0.040217 0.061582 0.054409 0.037926 0.041018
0.669994 0.004491 142.4242 142.4242 0.000000 0.220084 0.198437 0.279992 0.199456 0.070061 0.096720 0.096530 0.075493 0.100505 0.270521 0.269327 0.118803 0.221644 0.118212 0.136557 0.195413 0.187937 0.145916 0.117919 0.219655 0.158656 0.127666 0.161519 0.158779 0.129813 0.083321 0.131379 0.273720 0.333816 0.299554 0.250937 0.120027 0.062358 0.096514 0.078950 0.078284 0.083136 0.150372 0.093549 0.066218 0.094154 0.081405 0.046948 0.033390 0.035540 0.055536 0.130595 0.188701 0.140070 0.080913 0.149886 0.168602 0.095605 0.068623 0.107626 0.119757 0.069989 0.087266 0.088439 0.058953 0.052837 0.029173 0.083844 0.114160 0.042024 0.079362 0.060016 0.119464 0.123861 0.057695 0.032258 0.044706 0.043893 0.117878 0.088841 0.079648 0.073229 0.054589 0.050260 0.080946 0.058930 0.075171 0.066783 0.037040 0.026550 0.026205 0.019756 0.025852 0.038436 0.053700 0.062743 0.043759 0.039607 0.064838 0.064150 0.053256 0.052266 0.035344 0.031683
0.719414 0.004506 56.0065 56.0065 0.000000 0.209504 0.328640 0.259319 0.116625 0.073622 0.107981 0.078176 0.128480 0.119301 0.249432 0.326772 0.302013 0.170145 0.166242 0.251028 0.285187 0.157816 0.079199 0.116507 0.232649 0.288902 0.237928 0.140533 0.159438 0.129134 0.044163 0.093676 0.222592 0.166758 0.144113 0.269187 0.268620 0.236832 0.205338 0.147949 0.124293 0.122123 0.110075 0.102982 0.109369 0.097189 0.063459 0.080481 0.061439 0.046908 0.056015 0.160207 0.263442 0.245952 0.165714 0.107391 0.197258 0.127275 0.088102 0.074770 0.035979 0.100441 0.116582 0.069734 0.095505 0.030345 0.096545 0.153496 0.137896 0.088893 0.081713 0.054465 0.105961 0.195256 0.154369 0.064864 0.057466 0.101384 0.128805 0.090458 0.075848 0.057707 0.044248 0.064423 0.099208 0.103082 0.076720 0.047564 0.052339 0.055545 0.035494 0.032036 0.022545 0.019984 0.034669 0.034530 0.030231 0.041123 0.085595 0.065584 0.042326 0.046902 0.024872 0.014014
0.765873 0.004578 110.5089 110.5089 0.000000 0.070218 0.190273 0.106610 0.086300 0.080258 0.132604 0.161774 0.225944 0.270462 0.186712 0.146583 0.252888 0.266612 0.169695 0.213782 0.239046 0.192258 0.043349 0.145059 0.143721 0.147286 0.422899 0.403891 0.253380 0.164405 0.072481 0.069063 0.147784 0.191833 0.181874 0.127010 0.114651 0.162417 0.186591 0.203192 0.088897 0.056889 0.103512 0.041959 0.143007 0.258589 0.243534 0.089783 0.085509 0.089380 0.051807 0.082306 0.054265 0.128447 0.180293 0.142897 0.129237 0.182598 0.254936 0.210252 0.078371 0.042008 0.044656 0.053701 0.171099 0.196240 0.124536 0.068923 0.107305 0.140941 0.067836 0.061729 0.070373 0.073689 0.072550 0.141473 0.227263 0.202252 0.118576 0.086734 0.103459 0.101319 0.067140 0.047445 0.011339 0.018968 0.054196 0.068319 0.050668 0.019977 0.046361 0.077281 0.089802 0.084191 0.057971 0.029627 0.032545 0.043512 0.029833 0.031445 0.071200 0.099094 0.070524 0.041012
0.815742 0.238330 230.4679 230.4679 0.000000 0.272832 0.224749 0.177949 0.120558 0.061001 0.128596 0.231353 0.300828 0.134925 0.137938 0.151902 0.182271 0.259458 0.181286 0.105729 0.139704 0.122865 0.116526 0.135729 0.180493 0.269698 0.336049 0.211371 0.031024 0.078333 0.184814 0.154670 0.065576 0.074637 0.135511 0.120772 0.182978 0.151421 0.133945 0.226883 0.182885 0.117503 0.202828 0.160948 0.400639 0.202889 0.424802 0.129139 0.264878 0.212864 0.440205 0.263634 0.211160 0.181386 0.273886 0.215713 0.316687 0.107830 0.230165 0.126602 0.125304 0.133735 0.139436 0.147540 0.140397 0.119987 0.068838 0.076425 0.137630 0.160874 0.126473 0.116512 0.107668 0.089177 0.150571 0.162697 0.103546 0.017863 0.050358 0.049359 0.040174 0.027659 0.046488 0.045359 0.025718 0.045651 0.045463 0.035248 0.010587 0.047840 0.060121 0.059545 0.066991 0.041574 0.074831 0.080009 0.081910 0.112427 0.058557 0.042054 0.015842 0.037986 0.053784 0.071852
0.859521 0.955860 239.4104 239.4104 0.000000 5.159787 4.922046 4.727333 4.388283 3.878077 3.249215 3.193142 3.277810 3.265319 2.400056 1.258721 0.784209 1.545937 1.847500 1.508061 1.159562 0.959136 1.183680 1.730046 2.562602 3.552203 4.558337 5.325236 5.556943 5.062022 4.136429 3.279406 2.726174 2.702321 3.033659 3.919142 4.577901 5.079654 4.911678 4.221736 3.660770 3.133292 3.793351 4.903965 6.306957 8.946269 12.350426 17.130600 24.505834 34.078719 43.637197 50.241735 50.582973 44.029786 32.992585 20.363799 9.781721 4.338061 4.059369 4.359327 4.194827 4.461219 5.257681 6.024160 6.689707 7.131777 6.937008 6.382530 5.813823 5.247140 5.024718 4.989865 5.156816 5.312276 5.557928 5.906611 6.110201 6.174718 6.128364 5.953840 5.778000 5.446057 5.180672 5.026970 5.019236 5.232948 5.390913 4.963322 3.652477 1.924433 3.246230 6.130942 8.613723 9.710700 9.333730 8.091427 6.527774 5.123123 4.253178 3.810514 3.708217 3.724630 3.751179 3.717723
0.910480 1.197581 224.6320 224.6320 0.000000 10.273613 13.517558 13.127704 12.882805 13.918280 17.228720 22.349571 25.173900 22.121961 15.769157 11.374973 9.107398 5.838246 3.765297 3.871233 2.830571 1.601952 3.884900 7.900554 10.172259 11.619535 15.032314 16.105938 12.434661 6.724848 5.641446 9.854268 11.368376 10.236634 10.305106 12.048734 12.728200 10.669833 10.844844 14.914106 15.845436 10.126929 9.166395 19.337082 27.844516 43.136903 57.883499 76.314451 170.360833 230.341939 185.219096 91.227716 29.591226 9.251315 4.546209 8.777707 9.863172 4.205555 7.435925 13.961075 15.244997 17.126627 19.796425 19.541619 16.314476 13.231879 14.022006 14.946021 12.453209 10.495502 13.168320 17.291438 18.367830 17.000571 17.490668 18.283009 15.753662 11.592492 9.664773 11.065465 10.926063 11.028958 14.499953 15.844102 15.717787 23.376794 40.302080 51.321661 45.876328 28.106967 14.914432 9.586668 9.996155 18.887352 20.066867 14.596950 11.556033 13.246083 14.696540 14.598704 12.761082 12.941868 15.800984 15.331237
0.970001 1.209863 222.1361 222.1361 0.000000 8.114833 10.617619 8.470725 8.896449 10.736297 15.493246 28.770452 37.325794 29.534285 18.838540 15.359896 10.711629 3.790550 2.138846 5.018414 3.959901 2.262681 4.074205 9.029873 7.296635 6.146770 12.427759 12.594421 9.316932 5.438375 8.568066 13.435836 10.398369 3.414509 6.671136 7.867772 9.203254 6.078971 9.968772 21.577639 19.073533 6.675530 9.344165 20.954083 11.726552 29.878588 48.646142 110.552643 278.797788 287.824067 143.320653 30.387275 8.994240 5.443712 8.885004 8.918382 7.662566 7.607682 10.591663 9.610843 8.200119 15.049712 14.724167 14.236123 9.284355 7.484514 13.556313 9.361840 4.817525 6.607534 12.278600 15.819228 11.097830 9.606363 16.711958 13.101763 7.352077 4.769589 7.429307 7.001895 4.243092 11.963349 14.421479 21.697100 35.513556 53.583344 65.108250 57.011445 30.587410 11.420151 16.247283 15.342883 34.133445 30.772751 11.974634 7.349894 11.433821 12.711017 13.393653 8.919403 7.534120 18.475634 16.202022 10.832376
1.030010 1.192532 227.2774 227.2774 0.000000 2.151115 3.405850 1.612707 1.232328 0.885559 3.041886 11.167059 18.009566 13.474604 5.692267 4.887395 6.481234 3.257459 1.693187 3.621224 3.269647 2.142659 1.214727 3.096321 4.018424 2.706305 3.595144 2.680588 2.114920 2.142278 6.107333 5.895599 5.383781 4.162885 1.775465 1.245227 1.804221 3.024914 4.213222 10.312527 8.425897 20.438470 24.317260 29.080907 28.519353 22.382569 31.486737 69.092981 125.381903 166.663836 151.885038 87.287404 23.123592 6.546250 6.203744 7.959773 2.482601 3.689539 4.737370 3.569512 3.011485 3.515282 4.501105 2.445215 2.014292 5.544657 6.461569 4.361743 4.346358 3.013748 1.394425 2.634302 2.510989 4.026869 3.429064 4.488504 6.931282 5.505819 5.376751 6.496562 4.346936 2.050864 3.784405 3.949448 2.731061 10.178116 15.898746 21.367474 24.069469 20.837370 18.682694 16.637077 18.158185 22.438858 25.304744 22.082065 12.211573 4.415945 1.610424 1.694324 2.463513 4.090895 5.770271 8.649863
1.079523 0.758404 234.4294 234.4294 0.000000 2.077438 1.757536 0.321938 0.794978 0.850459 1.372196 2.722192 3.393092 3.426600 2.299319 1.037308 0.853969 1.637793 1.917453 2.097954 1.922802 0.619660 0.891136 1.132020 0.283787 1.953182 2.012746 1.242830 1.659404 1.433088 0.877490 1.636235 1.690899 1.047350 1.060814 1.672557 1.160485 0.827781 1.245873 0.944166 1.331190 3.623275 7.873179 10.316527 18.999532 25.305127 24.017135 20.991418 20.294018 24.393480 31.228041 32.570144 27.797247 22.938402 20.461117 16.035831 8.491245 4.169501 4.335311 3.943876 2.905665 0.916051 0.929295 1.022455 0.808990 0.520697 1.619900 1.751583 0.760372 1.771201 2.589549 1.998616 0.986114 1.108436 1.783703 1.750630 1.289083 1.144477 1.036496 0.727851 0.572135 1.617984 2.763771 3.178939 3.097802 2.539214 1.522281 0.841975 1.092916 1.724886 1.771087 1.053570 0.635804 1.256448 1.965014 1.589451 1.715352 3.109089 4.826015 5.517108 4.654944 4.768125 5.184456 4.079063
1.125505 0.180742 209.9037 209.9037 0.000000 1.565206 0.766350 0.433540 0.382789 0.376507 0.343194 0.315212 0.262675 0.161313 0.269923 0.309252 0.289074 0.327913 0.292881 0.425908 0.524508 0.840501 0.595095 0.319805 0.475626 0.626725 0.764668 0.757887 0.723771 0.641536 0.695853 0.486134 0.419157 0.373882 0.279159 0.425204 0.509801 0.449964 0.476377 0.392011 0.258809 0.560245 1.265488 2.426979 4.496837 6.976982 7.965232 6.703404 3.426641 1.687885 1.689263 0.793637 1.075984 1.327282 1.048673 0.940609 0.729732 0.650056 0.753995 0.817994 0.900345 0.918950 0.854686 0.776623 0.663810 0.356584 0.461714 0.569366 0.577090 0.530911 0.676990 0.609403 0.517349 0.453396 0.470102 0.281224 0.253000 0.300384 0.340284 0.378700 0.306930 0.155043 0.118807 0.145406 0.107042 0.230872 0.226930 0.159484 0.186085 0.263108 0.186436 0.139451 0.028100 0.119795 0.177227 0.132684 0.162218 0.277049 0.354450 0.318184 0.248458 0.188637 0.159702 0.248826
1.169957 0.031514 203.9717 203.9717 0.000000 0.228221 0.349872 0.290561 0.092663 0.109908 0.194915 0.262976 0.286718 0.286679 0.317517 0.292618 0.189857 0.111769 0.115816 0.182009 0.245272 0.219721 0.096477 0.151496 0.101166 0.065607 0.126567 0.105663 0.150681 0.128706 0.174534 0.235962 0.192275 0.190722 0.139991 0.134461 0.071473 0.116598 0.206872 0.210987 0.306465 0.385093 0.255942 0.271863 0.474073 0.535770 0.373194 0.510726 0.393601 0.320905 0.227239 0.174650 0.119990 0.197311 0.212365 0.299909 0.304551 0.159980 0.070465 0.037035 0.031431 0.057229 0.116020 0.184133 0.194664 0.142088 0.085551 0.046199 0.083379 0.087620 0.096373 0.074498 0.058477 0.136549 0.162181 0.139464 0.073367 0.077274 0.085628 0.102787 0.072559 0.056450 0.057170 0.089974 0.097683 0.066368 0.055789 0.061144 0.071536 0.078884 0.032742 0.041795 0.048632 0.056892 0.066110 0.058389 0.023146 0.045532 0.036585 0.062147 0.069335 0.033995 0.044093 0.051360
1.219522 0.004459 141.2193 141.2193 0.000000 0.171157 0.211487 0.218929 0.106438 0.123379 0.124867 0.110394 0.122509 0.107690 0.126489 0.154410 0.113285 0.081667 0.130999 0.131481 0.081578 0.157664 0.135295 0.122107 0.094109 0.141738 0.212977 0.106169 0.146729 0.096642 0.113500 0.260650 0.346324 0.265697 0.114604 0.103874 0.166044 0.182859 0.155815 0.103058 0.105968 0.157288 0.120374 0.052792 0.050689 0.077097 0.124534 0.054057 0.110962 0.118470 0.066239 0.031793 0.026611 0.087600 0.057178 0.141409 0.231440 0.125653 0.081475 0.072953 0.061446 0.063500 0.071294 0.092318 0.081707 0.040755 0.049022 0.034937 0.038591 0.038641 0.026792 0.027594 0.101250 0.099265 0.062496 0.119858 0.070025 0.094587 0.087258 0.074969 0.048669 0.031762 0.032134 0.061044 0.087385 0.065543 0.054149 0.090408 0.106208 0.094488 0.083114 0.078105 0.041773 0.017435 0.026218 0.052941 0.021840 0.063885 0.066472 0.078244 0.071597 0.038874 0.038598 0.063883
1.270220 0.004126 157.0072 157.0072 0.000000 0.171373 0.080168 0.202714 0.129120 0.180801 0.163998 0.074402 0.055641 0.041367 0.062665 0.177678 0.194674 0.070113 0.174426 0.259148 0.149143 0.109657 0.068252 0.097565 0.099511 0.248485 0.258160 0.221700 0.159035 0.106225 0.150453 0.183238 0.217514 0.139042 0.154961 0.266005 0.222902 0.149750 0.157578 0.107244 0.099835 0.092648 0.075341 0.098166 0.131652 0.106668 0.106096 0.174344 0.143273 0.061634 0.028500 0.048826 0.107192 0.098823 0.114920 0.222702 0.179785 0.082786 0.011894 0.032848 0.098654 0.112438 0.077723 0.041851 0.036711 0.054840 0.082481 0.102154 0.111725 0.107928 0.148629 0.113182 0.064749 0.098815 0.122558 0.045763 0.026330 0.016344 0.060596 0.053960 0.020166 0.078784 0.031929 0.082852 0.150984 0.138743 0.048141 0.054260 0.076209 0.053095 0.042917 0.061418 0.087479 0.091041 0.078003 0.020977 0.047924 0.038080 0.021721 0.015280 0.060774 0.083012 0.082876 0.043144
1.316191 0.004344 107.7635 107.7635 0.000000 0.154726 0.165144 0.170201 0.216393 0.107705 0.182487 0.242888 0.183086 0.072988 0.097568 0.189972 0.141516 0.171586 0.241641 0.238555 0.238238 0.201790 0.170603 0.211189 0.271367 0.351133 0.348189 0.217503 0.145209 0.155541 0.152476 0.115007 0.127970 0.130589 0.085666 0.178397 0.241528 0.223377 0.098909 0.128420 0.170970 0.208717 0.169552 0.045448 0.203429 0.243628 0.171094 0.220531 0.179659 0.058147 0.045319 0.063661 0.078222 0.071546 0.186886 0.235124 0.150910 0.115722 0.115773 0.122250 0.160859 0.162912 0.074415 0.032839 0.037642 0.046167 0.079374 0.083297 0.105845 0.175960 0.190958 0.128704 0.053337 0.023667 0.060482 0.109536 0.082936 0.030607 0.025388 0.074863 0.087127 0.082081 0.068352 0.032510 0.108196 0.135818 0.057358 0.059472 0.039904 0.053812 0.031292 0.051858 0.048862 0.071299 0.059023 0.047089 0.043149 0.040822 0.022665 0.020348 0.040567 0.050950 0.032800 0.040789
1.366878 0.004768 67.5692 67.5692 0.000000 0.161746 0.081003 0.059910 0.167047 0.145510 0.126195 0.238396 0.319200 0.223275 0.120491 0.228332 0.308885 0.344965 0.341636 0.235706 0.228063 0.241555 0.153067 0.268193 0.341464 0.384937 0.321462 0.084680 0.073026 0.094949 0.118820 0.068977 0.083633 0.091847 0.158242 0.111197 0.118299 0.118592 0.126622 0.119757 0.054426 0.097023 0.201327 0.217484 0.177249 0.167137 0.171199 0.169753 0.149391 0.077052 0.041236 0.061897 0.093587 0.164806 0.176045 0.175337 0.188879 0.056428 0.032590 0.139571 0.157978 0.153453 0.096236 0.081322 0.090333 0.073643 0.045538 0.047663 0.037731 0.073708 0.120292 0.103607 0.048800 0.016709 0.026529 0.045632 0.062513 0.078512 0.083928 0.058310 0.025535 0.090307 0.016490 0.094912 0.076291 0.089912 0.113311 0.099375 0.089951 0.070086 0.072792 0.051945 0.032314 0.026887 0.032605 0.039722 0.048584 0.053147 0.070556 0.081160 0.066716 0.047520 0.031618 0.048985
1.413877 0.004802 61.8159 61.8159 0.000000 0.187363 0.069952 0.113412 0.109069 0.133938 0.103991 0.172051 0.259318 0.320951 0.273591 0.351857 0.476103 0.390833 0.199383 0.270241 0.321530 0.214932 0.261538 0.266787 0.176927 0.204553 0.169275 0.132783 0.102818 0.096576 0.098079 0.100152 0.128493 0.193045 0.238040 0.208900 0.154856 0.095508 0.191056 0.220409 0.126744 0.096792 0.201057 0.141778 0.058843 0.087741 0.084114 0.078912 0.047212 0.078533 0.112951 0.134181 0.203531 0.222300 0.145530 0.145394 0.173283 0.155296 0.134411 0.067131 0.032717 0.060203 0.030457 0.057078 0.109853 0.091167 0.076804 0.085004 0.081803 0.105336 0.034515 0.070443 0.028302 0.010872 0.033908 0.006615 0.017570 0.060361 0.101364 0.116374 0.127527 0.110115 0.110321 0.126880 0.084283 0.096177 0.124973 0.112042 0.066257 0.046495 0.067618 0.081212 0.073150 0.045401 0.017786 0.042218 0.105020 0.149851 0.140500 0.094153 0.044762 0.034415 0.044561 0.031188
1.462106 0.198178 97.7365 97.7365 0.000000 0.144358 0.145313 0.114723 0.161221 0.172346 0.261268 0.193738 0.180535 0.309972 0.312015 0.184899 0.317026 0.234680 0.179783 0.297188 0.331277 0.250954 0.252885 0.363127 0.343954 0.184268 0.086080 0.061710 0.078238 0.102684 0.127055 0.077674 0.092375 0.181141 0.079154 0.127909 0.142662 0.109311 0.197070 0.276172 0.178689 0.215076 0.091109 0.145919 0.278080 0.240203 0.223757 0.100555 0.143298 0.096968 0.259653 0.142434 0.141120 0.214644 0.179146 0.171748 0.150862 0.133474 0.117963 0.071111 0.048078 0.074972 0.098845 0.091562 0.096689 0.085997 0.072766 0.105617 0.170417 0.145496 0.101337 0.043866 0.031133 0.052463 0.067610 0.019930 0.013370 0.025525 0.064262 0.091758 0.096393 0.053903 0.031026 0.090055 0.087464 0.112969 0.059999 0.040994 0.044795 0.043733 0.068995 0.116757 0.112200 0.074201 0.055648 0.065552 0.119528 0.112827 0.056494 0.059114 0.052477 0.052632 0.029406 0.032300
1.509802 0.946288 245.4414 245.4414 0.000000 1.069453 0.651413 1.861721 3.084671 3.775058 4.827356 4.858103 5.357954 5.121382 5.158055 4.269487 4.013571 3.662025 2.939029 2.346457 1.728513 0.823008 0.145051 0.485577 1.944969 2.353192 2.550685 2.718378 2.646146 3.221504 4.447683 5.338815 5.913728 5.818193 5.016533 4.283633 4.453571 5.096976 5.530830 5.127372 3.973084 2.523180 2.192616 3.601592 6.646440 10.178003 13.591916 16.613513 19.988930 25.167160 32.267453 40.089594 45.626145 46.329125 41.932272 32.897655 22.059017 11.596063 4.232874 4.821244 7.343897 8.646455 9.325549 9.194677 8.486142 7.962396 7.796034 7.957315 7.291546 6.191148 5.108862 5.252022 6.603072 8.098309 8.724185 8.307970 7.044449 5.489398 4.671350 5.047119 5.741906 6.003959 5.534896 4.792965 4.559198 5.332829 6.565810 7.509256 7.903162 8.007950 7.701209 7.426173 7.116531 7.103430 7.209130 7.601849 7.580379 7.022275 5.939596 4.352130 2.929912 2.168909 2.216525 2.257847
1.559721 1.191271 228.9805 228.9805 0.000000 3.741159 3.490238 6.441677 9.156654 13.177622 21.059273 26.916031 25.505943 17.963475 10.527234 9.358010 11.067567 10.400802 7.798881 5.100260 3.698034 4.596119 7.524064 11.841450 14.575038 13.881614 9.185534 6.705927 13.727102 21.231462 22.063085 15.727970 6.668730 5.442001 7.388532 9.460172 14.463444 16.507833 11.951035 6.984873 7.035552 13.320893 24.033944 28.224079 27.017280 40.669506 58.015393 50.518383 88.721045 183.997564 214.291296 159.326752 83.809279 37.920555 15.993260 11.404996 10.074379 17.306030 26.807413 28.353292 19.526786 4.276625 19.596427 28.734175 25.159061 12.362732 5.982171 15.191242 21.564300 25.139674 27.256141 26.384023 18.109936 7.316332 16.534508 26.810671 27.561700 17.952160 7.299687 13.053009 19.318509 18.299198 18.169024 22.949865 26.264088 23.326408 15.102199 21.863625 37.616504 42.808950 31.177882 16.886856 16.221825 14.035670 7.583391 7.818058 9.777273 7.614870 6.214207 8.113896 11.190003 14.046747 16.474314 17.310808
1.612989 1.206177 228.5738 228.5738 0.000000 4.496736 1.951798 8.055178 7.889136 7.763051 24.132423 33.678768 29.711109 16.344856 4.908856 5.198646 9.524059 10.325904 5.116203 4.949599 3.683138 6.601035 14.229725 16.011382 16.041784 16.825486 14.399128 15.502776 21.098636 21.939674 21.452629 16.330626 4.038383 3.344599 3.195603 5.314991 12.549507 20.776537 12.967048 5.240683 4.183941 9.288300 24.531158 21.089014 2.437636 35.530391 33.995644 48.034770 99.581033 267.842881 288.736444 159.176733 56.623657 40.350627 32.944944 19.426428 9.975874 18.304615 22.227482 23.260381 22.585500 17.277487 25.410110 28.540126 26.655328 21.735408 15.191532 13.111648 17.400019 17.239474 20.650201 27.254980 24.724445 20.249559 23.720393 29.486204 32.353707 25.014211 17.206100 17.942809 20.121197 10.072681 12.291828 19.117104 21.477459 26.242569 13.023610 29.726185 55.290918 58.082202 34.780551 12.821986 21.836795 23.509680 17.414405 13.102233 11.411417 6.833409 5.108776 14.047140 17.900784 11.278075 16.353989 18.525327
1.675413 1.194672 224.9820 224.9820 0.000000 4.957424 5.795739 6.189678 5.906092 7.972664 12.057155 12.857752 10.759145 8.184668 2.733589 2.870205 2.465224 3.476722 4.870931 4.631140 5.181349 7.035708 10.324386 6.814107 2.755896 6.696685 5.321321 7.813463 10.514526 5.523089 4.814519 8.113502 6.954554 3.817323 3.786707 4.936568 8.140077 11.133163 12.398653 7.485800 6.067313 4.933097 13.842780 20.184715 16.311385 30.830121 31.460334 45.473337 110.919972 173.753723 164.990308 97.808870 36.243143 17.078135 21.097010 15.869683 10.103671 8.983012 5.589729 4.353886 9.062122 12.934234 12.654262 7.871498 5.448030 12.625393 12.657936 6.827065 5.729739 4.365637 3.194430 7.358695 9.680300 10.002246 8.895430 6.960595 11.649587 12.501230 9.413528 5.266134 6.173659 9.998653 10.599450 8.381419 5.573203 10.143920 16.770211 20.905968 24.110027 26.940700 26.111521 19.659832 14.221121 13.587997 13.366870 7.925485 2.634145 5.032012 5.121635 7.805129 10.643340 7.635588 6.337453 7.938195
1.723608 0.760995 226.7172 226.7172 0.000000 5.545099 3.285077 1.825356 0.918193 1.344566 1.338183 1.244678 0.562854 0.992884 2.381390 2.699702 2.195681 2.185402 2.778360 3.435988 2.763066 1.843433 2.624443 3.224099 2.905891 2.301313 1.815493 1.513613 2.564678 2.813989 1.419770 1.479639 1.821799 1.508946 1.493059 1.961737 2.333483 2.049964 2.637380 5.584363 4.450981 6.003478 11.465461 16.787878 20.230461 20.991181 23.545789 28.168208 33.098061 36.190333 35.013281 29.134707 20.848550 10.810168 5.855225 4.470665 3.683018 1.865743 0.644587 1.627950 1.919323 1.459900 0.919014 1.303973 1.190842 1.948496 2.187351 2.474112 3.133807 3.421330 2.926840 1.685748 0.978692 1.252617 1.102684 0.901766 1.536563 2.134988 1.578334 0.969761 0.514895 0.905046 1.804581 2.147763 2.377763 2.846931 2.888067 3.239605 3.142935 2.335081 1.450060 0.633328 2.029842 2.723406 2.309584 1.073817 0.951637 2.062692 2.491492 1.791534 0.715555 0.797626 2.214420 3.188088
1.771003 0.199382 203.7751 203.7751 0.000000 0.781991 0.357441 0.125243 0.139007 0.252798 0.384984 0.426558 0.213724 0.209602 0.603964 0.751836 0.527698 0.662284 0.424813 0.554310 0.677793 0.636410 0.570165 0.379204 0.174615 0.134050 0.092906 0.166471 0.342832 0.501128 0.611171 0.523435 0.315785 0.209201 0.136328 0.116515 0.154899 0.228778 0.536928 1.022764 1.699139 2.451376 3.311514 4.849551 6.966765 8.252040 7.005920 4.541542 3.677093 4.125593 2.482865 0.994064 0.833736 0.404504 0.600411 0.395723 0.415063 0.691976 0.493257 0.337215 0.194151 0.243692 0.114173 0.038756 0.249956 0.314628 0.258701 0.197268 0.234455 0.163790 0.079060 0.255114 0.171273 0.157668 0.204434 0.352817 0.417651 0.298322 0.188906 0.173932 0.236632 0.361269 0.321576 0.149689 0.091610 0.085258 0.143171 0.181321 0.082489 0.061704 0.151471 0.166360 0.126216 0.119091 0.133568 0.140289 0.131194 0.122629 0.128197 0.100546 0.114569 0.092500 0.218158 0.278747
1.819748 0.036083 210.2186 210.2186 0.000000 0.056890 0.042669 0.142358 0.139863 0.197946 0.359973 0.416266 0.262271 0.098381 0.156359 0.242825 0.216247 0.304312 0.453328 0.351474 0.158339 0.054959 0.084612 0.171769 0.087772 0.072544 0.096839 0.050191 0.081497 0.144072 0.106556 0.117787 0.079243 0.039381 0.044592 0.082789 0.149211 0.158486 0.131258 0.151935 0.134991 0.218330 0.193392 0.253983 0.519394 0.532430 0.854031 0.686183 0.475142 0.460401 0.496205 0.426428 0.269220 0.187784 0.202462 0.213964 0.207957 0.202908 0.168153 0.139584 0.158260 0.150678 0.174025 0.202859 0.160643 0.048936 0.048381 0.090917 0.052752 0.045983 0.106699 0.089213 0.084219 0.139278 0.130251 0.056749 0.059157 0.093996 0.077764 0.067387 0.070457 0.052471 0.053716 0.029946 0.095449 0.053574 0.026473 0.045095 0.027057 0.072269 0.102789 0.092850 0.048754 0.071542 0.043683 0.019057 0.037027 0.044904 0.031934 0.049972 0.084639 0.092024 0.096525 0.089937
1.869444 0.004738 62.9012 62.9012 0.000000 0.090300 0.096411 0.129173 0.143469 0.065191 0.148308 0.216182 0.167114 0.186876 0.209510 0.163808 0.235955 0.352369 0.286313 0.164171 0.119702 0.185623 0.202431 0.206339 0.174587 0.099620 0.146360 0.064039 0.100511 0.185889 0.172927 0.109459 0.083550 0.078529 0.040487 0.019251 0.100879 0.173252 0.177129 0.159056 0.091585 0.025559 0.040828 0.052060 0.077006 0.099107 0.179550 0.201643 0.026722 0.079545 0.170532 0.260781 0.229423 0.164147 0.117115 0.063203 0.043474 0.077890 0.093187 0.075778 0.061115 0.068187 0.107304 0.164874 0.194117 0.146125 0.144895 0.129584 0.046110 0.066895 0.161003 0.107416 0.032427 0.095392 0.066631 0.063799 0.126385 0.134040 0.060918 0.050391 0.061958 0.062159 0.074082 0.066915 0.043049 0.038652 0.052979 0.053030 0.034602 0.035063 0.030421 0.064126 0.042233 0.071940 0.084029 0.062361 0.047515 0.066092 0.073002 0.059743 0.026602 0.045342 0.091025 0.119864
1.913383 0.004220 239.4542 239.4542 0.000000 0.026785 0.094201 0.143396 0.178513 0.094791 0.119303 0.185351 0.165455 0.165319 0.127152 0.104767 0.202920 0.235613 0.129009 0.108185 0.209092 0.238818 0.139191 0.071073 0.223011 0.282534 0.187288 0.042583 0.152849 0.221587 0.098968 0.165068 0.291135 0.286874 0.202926 0.151175 0.099323 0.109959 0.088557 0.107794 0.104333 0.057730 0.038939 0.041171 0.054774 0.109184 0.174980 0.163278 0.073892 0.065753 0.101330 0.219798 0.287423 0.146831 0.025030 0.064690 0.034467 0.065909 0.070772 0.064671 0.054641 0.029877 0.048421 0.115229 0.142671 0.171401 0.182330 0.158319 0.149651 0.164069 0.146888 0.096593 0.074068 0.086197 0.098042 0.119981 0.141350 0.109280 0.076421 0.086085 0.047371 0.043495 0.062484 0.023212 0.030408 0.067265 0.096761 0.069273 0.065286 0.067675 0.054161 0.024599 0.042620 0.063004 0.063666 0.048110 0.037036 0.058424 0.055231 0.044568 0.066109 0.040715 0.044929 0.074632
1.961274 0.004330 141.6461 141.6461 0.000000 0.123067 0.207030 0.262715 0.219472 0.072803 0.178407 0.292514 0.182064 0.122485 0.122589 0.140301 0.192682 0.164206 0.102159 0.131927 0.166120 0.261218 0.128442 0.198775 0.190059 0.178957 0.285881 0.167543 0.091065 0.145146 0.137042 0.195318 0.340384 0.342116 0.266440 0.205345 0.133300 0.083282 0.062195 0.043414 0.062860 0.083623 0.071366 0.086389 0.081259 0.077832 0.188305 0.196718 0.077130 0.038542 0.069982 0.165495 0.211649 0.098108 0.074813 0.066022 0.050708 0.042354 0.023134 0.027490 0.051470 0.054244 0.055133 0.066033 0.112401 0.109888 0.139213 0.092848 0.142485 0.106972 0.129385 0.053841 0.090122 0.037097 0.073827 0.068186 0.063379 0.072671 0.078080 0.078766 0.061832 0.062671 0.072703 0.042825 0.038249 0.045061 0.041121 0.100707 0.116149 0.122870 0.080521 0.008141 0.053638 0.056539 0.034831 0.063708 0.072946 0.047208 0.066941 0.079554 0.073973 0.062929 0.043066 0.025359
2.011343 0.004601 86.2981 86.2981 0.000000 0.220393 0.270854 0.064747 0.186692 0.180731 0.241739 0.253436 0.255813 0.210286 0.064842 0.237703 0.215634 0.095436 0.140768 0.198304 0.260224 0.368025 0.371859 0.234109 0.153801 0.204790 0.180008 0.079792 0.086737 0.098736 0.144243 0.228874 0.184845 0.115348 0.104005 0.118564 0.116565 0.067908 0.050234 0.076614 0.074475 0.088944 0.100878 0.078949 0.093795 0.108345 0.092284 0.043664 0.041578 0.102362 0.109478 0.119962 0.152897 0.176869 0.168784 0.150598 0.129418 0.126062 0.141515 0.140125 0.118655 0.072163 0.169501 0.224879 0.237735 0.218912 0.142256 0.122045 0.138007 0.090901 0.095504 0.094812 0.024517 0.037460 0.063102 0.108284 0.154960 0.149147 0.130361 0.124913 0.071762 0.032325 0.063104 0.103804 0.080678 0.074581 0.098383 0.047410 0.065048 0.069966 0.028499 0.041985 0.053904 0.044869 0.074240 0.102625 0.055040 0.048968 0.032934 0.019555 0.035851 0.059830 0.060755 0.036529
2.059556 0.004658 89.8466 89.8466 0.000000 0.106141 0.176224 0.270864 0.276151 0.188835 0.232091 0.182471 0.127062 0.170844 0.260211 0.326207 0.305504 0.184221 0.083726 0.119321 0.141460 0.182051 0.375404 0.248672 0.138169 0.048347 0.106584 0.124134 0.060943 0.092008 0.102088 0.112774 0.117162 0.106741 0.123297 0.116045 0.078476 0.137661 0.209745 0.216931 0.249220 0.223980 0.188906 0.154253 0.105710 0.180128 0.146047 0.121032 0.074540 0.061881 0.088581 0.069838 0.037762 0.095147 0.174817 0.168415 0.183261 0.234727 0.229239 0.176855 0.124831 0.054608 0.135053 0.211426 0.218571 0.102171 0.140723 0.202329 0.116730 0.077143 0.087336 0.066704 0.074124 0.092119 0.084655 0.033754 0.022209 0.032501 0.061963 0.106598 0.134383 0.081928 0.095627 0.058864 0.014907 0.037286 0.081582 0.121531 0.112350 0.073935 0.065602 0.081517 0.076527 0.039742 0.033948 0.036240 0.019546 0.018585 0.032712 0.121644 0.114021 0.039628 0.034933 0.032732
2.109853 0.414515 5.0502 5.0502 0.000000 3.435896 0.240203 0.380402 0.234466 0.350752 0.341601 0.546474 0.386404 0.281952 0.146375 0.312445 0.091012 0.269638 0.165540 0.069827 0.348882 0.153082 0.203864 0.268315 0.215884 0.162035 0.160791 0.148684 0.228418 0.163761 0.127068 0.129688 0.122732 0.124353 0.105629 0.199639 0.087897 0.301254 0.281628 0.487850 0.512099 0.508724 0.748865 0.853475 1.017687 1.079426 1.069902 1.123099 1.289266 1.276396 1.137769 1.177575 1.092873 0.974843 0.857538 0.780056 0.691379 0.525393 0.442426 0.410693 0.398465 0.399156 0.306117 0.246924 0.249032 0.216566 0.210852 0.104615 0.140292 0.139470 0.125083 0.099270 0.086268 0.049952 0.042120 0.052383 0.041305 0.048287 0.083748 0.080568 0.076082 0.073732 0.041204 0.065664 0.154317 0.083426 0.055916 0.078664 0.052279 0.087253 0.075019 0.057199 0.125733 0.153480 0.115448 0.180664 0.132944 0.176311 0.185156 0.101699 0.174085 0.097136 0.195552 0.170552
2.149985 1.031692 244.3655 244.3655 0.000000 5.523826 3.719102 2.835792 3.380801 4.362600 5.506474 5.652624 7.142377 7.177844 6.965166 6.417959 5.159178 3.762269 2.389052 1.557318 0.831173 1.208363 2.365273 3.058834 2.583410 1.484561 0.730108 0.757725 1.465115 1.770765 2.186703 2.623094 2.708019 2.299434 1.448988 0.483508 2.088510 3.869152 4.672465 5.066604 5.713187 6.090887 4.880399 4.094923 9.175712 15.284793 19.679103 22.797793 25.493216 30.410150 41.316126 56.354832 68.050853 70.855828 62.885260 47.302417 29.923333 16.024147 8.322188 4.934693 2.992792 4.177076 5.991218 6.246909 4.948777 2.877102 1.189834 0.531091 0.775319 0.835948 1.456887 2.219511 2.481990 2.073569 1.420817 1.283126 1.794873 2.150509 2.294263 2.428308 2.633987 2.499897 2.065734 1.259063 0.970652 1.944658 2.915764 3.364303 3.504980 4.016416 5.623643 8.281510 11.679319 14.930734 17.127307 17.735145 16.489847 13.970896 11.465819 10.511252 10.956693 11.231651 10.031190 7.417546
2.208830 1.199092 221.9187 221.9187 0.000000 6.998628 4.848169 2.238662 7.047953 14.194529 21.566327 25.154083 23.683284 17.995714 11.999098 11.037895 7.028980 2.608531 4.634292 5.461002 8.005070 9.766455 7.171616 2.134230 1.971227 2.764048 5.067083 5.265355 3.303990 6.286839 11.370650 13.321176 12.709259 14.577549 15.424470 8.763330 5.064022 13.573944 12.746027 6.743419 11.728955 27.726936 42.380047 32.078892 28.129077 50.487993 57.993974 123.939776 230.246604 237.318734 144.415896 59.439018 20.135045 11.418126 19.300514 16.378404 20.683610 21.814609 15.174117 7.523376 6.054952 7.433315 8.411115 7.343131 7.788359 13.079303 17.210776 16.961440 14.311474 10.757076 4.832119 3.936083 8.892279 8.166955 4.569490 4.858167 8.449524 11.867334 15.532551 16.750415 12.027495 5.318107 17.039750 23.214636 25.211246 40.294124 54.980788 47.808562 29.074616 19.747666 11.172017 17.575279 29.310492 30.436162 21.024384 12.106623 10.638225 13.488730 13.647163 10.087731 5.325332 2.444508 4.190670 7.348561
2.259545 1.207161 222.1493 222.1493 0.000000 5.693711 4.925880 4.241561 4.973550 13.043978 21.155128 23.120556 18.992195 13.883990 4.392828 9.244013 11.427767 7.759029 6.439533 8.116774 11.587404 9.452489 6.153418 6.338634 6.531892 7.613895 8.205903 6.376393 4.094329 7.236175 12.350675 17.057512 20.713036 20.889660 15.604775 12.976283 14.018190 12.947591 9.901467 9.124568 8.387211 19.855737 27.356980 36.043781 33.062294 31.210384 34.399046 116.319727 267.673013 271.742777 130.445083 34.321702 33.545288 24.732724 27.983380 28.142198 27.121664 20.708601 13.590530 4.934523 5.910338 11.338220 14.399760 13.150270 13.131540 17.670924 22.885804 23.874726 19.929364 15.171204 11.164219 10.444002 12.302904 8.258387 3.810230 5.112366 12.559211 16.804617 17.709105 19.095802 18.594154 17.978283 25.548159 24.957676 13.681240 31.456325 54.223985 45.485840 12.571835 13.037107 7.499451 10.258881 21.553600 30.106642 20.093834 9.491401 16.192750 16.918349 12.269651 12.457057 8.191390 2.120253 3.645379 5.343599
2.319795 1.141162 221.8075 221.8075 0.000000 2.494589 1.802589 4.117880 6.143555 7.878132 4.658727 5.212479 3.330415 3.189251 5.516568 6.383073 6.891685 5.262826 2.165500 3.059808 6.497810 4.323826 1.645227 4.258291 6.034135 4.764911 4.057325 3.094531 2.480380 4.190777 3.201310 6.329856 8.761297 7.904168 5.468600 5.831176 10.352401 5.215247 4.083999 3.828356 6.431396 15.747981 10.370288 36.967311 47.787239 37.358222 54.383388 107.177977 135.414855 114.287327 69.365532 28.750889 22.694660 17.936784 11.484902 10.936880 10.495002 4.453585 4.014994 5.312075 3.818073 5.408846 7.723345 5.534820 4.757505 6.619576 8.507698 9.163948 6.384699 5.508256 6.243390 5.987964 6.379029 3.073424 1.705944 5.211969 7.660175 6.221616 3.816112 5.829916 8.029279 9.717581 12.939807 12.933432 12.672159 15.576525 19.193414 18.490832 13.453746 10.217046 8.021712 2.015384 7.157483 10.246116 10.120791 9.566478 11.445536 8.164779 3.232992 5.893053 4.893179 2.714166 0.999308 1.247835
2.369974 0.646067 217.2410 217.2410 0.000000 0.920141 1.131763 1.127603 2.439618 2.775980 2.343526 1.987858 1.501981 1.740725 1.402097 0.977295 1.021060 1.253480 1.059347 0.984857 1.703387 1.576843 2.070021 1.683796 0.817541 1.580111 1.304933 0.403432 0.266419 0.787363 1.054599 1.080783 1.464339 1.564725 0.956474 0.347953 0.849773 2.955506 4.884572 4.290610 2.753695 4.513192 7.864250 11.178111 14.635160 17.404503 20.467195 23.897307 24.948369 23.443066 22.224745 20.600362 16.211560 10.282508 7.467348 8.002409 7.395769 4.375177 2.251958 1.803411 1.697585 1.190691 1.583971 1.893005 1.235882 0.949886 1.251028 1.448532 1.045418 0.380737 0.465513 0.418883 0.314818 1.087497 1.352289 0.867916 0.436752 0.601372 1.482713 1.647600 0.911105 0.872418 1.278709 1.394606 0.725477 0.657539 0.558138 0.248321 0.885178 1.595964 1.265580 0.293843 0.148089 0.880262 1.371225 1.354356 1.925790 2.822846 2.770534 2.031196 1.044615 0.931631 1.619007 2.031610
2.419891 0.145807 208.2726 208.2726 0.000000 0.690593 0.207813 0.349013 0.427802 0.219676 0.094535 0.369683 0.385133 0.386590 0.294110 0.183492 0.130341 0.126103 0.318568 0.608861 0.668894 0.520337 0.325378 0.213490 0.505203 0.644193 0.684138 0.432969 0.101897 0.127410 0.061405 0.296961 0.165474 0.275678 0.429041 0.285360 0.154121 0.263158 0.512202 0.895398 1.199439 1.641668 2.188708 2.960430 4.255043 5.447240 5.438703 4.009488 2.288778 1.864964 2.335132 1.771914 0.682570 0.308273 0.502097 0.447222 0.190275 0.473940 0.284696 0.355208 0.456062 0.397068 0.485684 0.554558 0.384116 0.274666 0.346862 0.302612 0.213470 0.218016 0.251061 0.206749 0.116681 0.191477 0.131529 0.149258 0.218087 0.297710 0.243088 0.088869 0.059785 0.312154 0.241886 0.329603 0.198201 0.182064 0.092825 0.179765 0.210919 0.162325 0.104661 0.082916 0.142620 0.172431 0.152003 0.196148 0.192352 0.089747 0.083282 0.100121 0.127879 0.143226 0.186139 0.104260
2.461549 0.024953 73.6568 73.6568 0.000000 0.099744 0.136719 0.143909 0.114384 0.187654 0.266333 0.266302 0.326619 0.333335 0.187329 0.107225 0.104681 0.071148 0.192939 0.304436 0.119348 0.211596 0.271124 0.206865 0.169005 0.139408 0.238361 0.311626 0.144929 0.081511 0.135339 0.215675 0.195084 0.128854 0.086688 0.091702 0.139586 0.150092 0.092584 0.064345 0.111764 0.256670 0.184023 0.164521 0.146752 0.310456 0.299898 0.229354 0.240207 0.189494 0.194970 0.171110 0.160893 0.203905 0.221749 0.291032 0.276616 0.155441 0.155878 0.141782 0.076609 0.093114 0.055102 0.134591 0.136122 0.177576 0.142598 0.139719 0.080586 0.047978 0.068232 0.100765 0.077122 0.111864 0.114416 0.065076 0.062349 0.101507 0.086830 0.034996 0.061848 0.109972 0.169127 0.129118 0.098383 0.072766 0.095876 0.154463 0.096122 0.069088 0.062962 0.038778 0.028180 0.054463 0.051393 0.053447 0.091325 0.107412 0.069415 0.031632 0.042556 0.050952 0.032785 0.036678
2.511343 0.005001 72.8764 72.8764 0.000000 0.126283 0.257476 0.202729 0.094623 0.210885 0.243914 0.163133 0.249445 0.377353 0.299914 0.255884 0.218297 0.218544 0.365219 0.434888 0.303775 0.204842 0.239633 0.197280 0.132593 0.082396 0.266099 0.193442 0.116093 0.041280 0.170792 0.168681 0.095987 0.196407 0.206810 0.222021 0.180412 0.090872 0.090345 0.138462 0.189650 0.203302 0.169453 0.126300 0.084020 0.067481 0.079187 0.083023 0.113999 0.095804 0.053987 0.037550 0.051323 0.072217 0.114839 0.220014 0.191212 0.094899 0.108211 0.093704 0.064875 0.074187 0.108795 0.110227 0.079607 0.033994 0.047948 0.082379 0.092781 0.109381 0.126968 0.115063 0.096403 0.093808 0.083466 0.089587 0.155254 0.186628 0.124017 0.085228 0.165955 0.117100 0.094260 0.024674 0.042463 0.043800 0.098263 0.084330 0.065614 0.078041 0.041564 0.045556 0.056172 0.032254 0.019911 0.039427 0.074185 0.065364 0.020256 0.037956 0.048853 0.045986 0.051399 0.090375
2.559542 0.005061 45.3568 45.3568 0.000000 0.120708 0.252921 0.176567 0.071668 0.163512 0.131244 0.020747 0.339248 0.585324 0.367991 0.253615 0.150138 0.259228 0.406230 0.335722 0.234308 0.222815 0.245779 0.238720 0.234112 0.253078 0.125036 0.121049 0.054134 0.163451 0.244826 0.201788 0.132912 0.124909 0.200099 0.130862 0.038091 0.090702 0.196216 0.131384 0.162800 0.133523 0.128975 0.169023 0.117453 0.094564 0.169672 0.155273 0.064275 0.048487 0.047841 0.071748 0.038705 0.097472 0.139433 0.073583 0.045655 0.056143 0.055620 0.074155 0.147053 0.167438 0.138130 0.127578 0.157129 0.171058 0.146778 0.106284 0.076758 0.100238 0.086519 0.075088 0.068407 0.092414 0.128784 0.141444 0.191529 0.174963 0.107523 0.070649 0.067381 0.061986 0.049492 0.040552 0.044917 0.070003 0.118402 0.149936 0.125731 0.084092 0.045706 0.038224 0.071104 0.109723 0.097022 0.042924 0.027446 0.051894 0.051093 0.038607 0.098828 0.099206 0.069277 0.057534
2.611489 0.005159 47.6955 47.6955 0.000000 0.132646 0.175476 0.050418 0.105354 0.176888 0.272464 0.263247 0.407189 0.556452 0.361748 0.092835 0.164974 0.351585 0.289049 0.074987 0.149829 0.083299 0.087371 0.136424 0.087213 0.116167 0.147267 0.191781 0.167277 0.122739 0.119988 0.195950 0.224238 0.126094 0.059950 0.112337 0.187824 0.136767 0.053462 0.084779 0.182507 0.142519 0.220427 0.301487 0.227932 0.116869 0.155834 0.215348 0.221199 0.126516 0.053035 0.092090 0.123381 0.137166 0.081535 0.053428 0.152204 0.147558 0.051573 0.028288 0.024024 0.056405 0.132017 0.129555 0.096066 0.072825 0.153537 0.227199 0.161962 0.070727 0.065500 0.074906 0.058157 0.080693 0.084221 0.159642 0.143607 0.077421 0.118226 0.189747 0.194393 0.074432 0.080340 0.092810 0.046449 0.040669 0.058385 0.042313 0.038622 0.055893 0.087731 0.132175 0.165859 0.066162 0.033821 0.054073 0.022166 0.100695 0.112692 0.053018 0.026627 0.038623 0.040833 0.045187
2.659451 0.005175 41.9096 41.9096 0.000000 0.079309 0.084472 0.164114 0.230414 0.342885 0.374850 0.334071 0.455685 0.488524 0.346151 0.274680 0.337771 0.344289 0.198520 0.096325 0.198073 0.245171 0.170559 0.101125 0.127033 0.150193 0.197661 0.176531 0.091532 0.104111 0.081786 0.137606 0.122904 0.109343 0.104275 0.143371 0.191532 0.116455 0.034049 0.070642 0.109321 0.146909 0.281979 0.352113 0.204122 0.117720 0.148393 0.125907 0.159515 0.141200 0.141312 0.072794 0.148223 0.198584 0.151035 0.106123 0.082800 0.094823 0.083313 0.062679 0.085053 0.128517 0.110943 0.054875 0.072732 0.115044 0.165305 0.134044 0.040821 0.114044 0.134367 0.077941 0.084090 0.078025 0.150448 0.173021 0.148416 0.191133 0.191752 0.133972 0.110256 0.099627 0.061436 0.037552 0.039340 0.051470 0.083182 0.082922 0.046602 0.027566 0.064700 0.152287 0.095942 0.028979 0.074883 0.084007 0.101910 0.093900 0.034845 0.047275 0.051743 0.036977 0.029033 0.038336
2.699541 0.005039 31.8270 31.8270 0.000000 0.100995 0.133882 0.242462 0.182399 0.218348 0.331427 0.308376 0.298152 0.193249 0.156549 0.291824 0.233427 0.133703 0.173977 0.141029 0.210849 0.274111 0.134644 0.036376 0.067465 0.250570 0.289567 0.206074 0.203140 0.200225 0.113949 0.070097 0.094407 0.104993 0.135978 0.186150 0.257909 0.321282 0.229831 0.195962 0.121550 0.207250 0.237134 0.216125 0.232187 0.120859 0.092243 0.074825 0.043141 0.071850 0.101588 0.118645 0.196034 0.230781 0.219226 0.100462 0.072135 0.079512 0.093410 0.067639 0.127496 0.073099 0.154065 0.185814 0.112476 0.069483 0.058130 0.052508 0.072351 0.118804 0.215024 0.226033 0.112556 0.045381 0.095782 0.074177 0.073411 0.188529 0.159503 0.081253 0.066376 0.076989 0.079278 0.058522 0.040261 0.034144 0.035786 0.059748 0.067535 0.085981 0.076006 0.087952 0.109787 0.119038 0.107348 0.096652 0.056908 0.034954 0.054515 0.069182 0.068974 0.059527 0.037049 0.020286
2.749924 0.754321 239.3673 239.3673 0.000000 1.779761 0.688159 0.517001 0.968142 0.819796 1.475828 1.250147 1.541110 1.293917 1.301558 1.092218 1.171790 0.844029 0.852486 0.796751 0.822205 0.675501 0.652483 0.546564 0.520411 0.953836 0.877217 0.887732 1.420650 1.362008 1.600939 1.749761 1.954974 2.148817 2.312938 2.169541 2.394459 2.112434 2.281917 1.642979 1.378976 0.857125 0.541541 1.633763 2.819408 4.429246 5.999322 7.775308 10.017496 12.049225 13.372632 14.282348 14.353036 13.596054 12.033223 10.228703 7.922219 5.715200 4.273152 3.192648 2.841562 3.264653 3.387791 3.549832 3.607043 3.367290 3.107081 3.077961 2.727224 2.810769 2.789683 2.794276 2.830896 2.944880 2.867618 2.739141 2.718863 2.454439 2.277616 2.056518 1.993492 1.963662 2.014088 2.095824 2.264746 2.480002 2.597637 2.741543 2.809435 2.630615 2.236441 1.786886 1.422066 1.307346 1.498632 1.825869 2.098648 2.140194 1.980957 1.674413 1.373020 1.017183 0.694722 0.363191
2.799509 1.165901 226.6026 226.6026 0.000000 1.541551 2.513430 2.476713 5.164056 11.808738 18.539992 22.186992 21.340568 17.114476 11.640699 6.563451 3.863584 5.652640 7.447906 6.623355 3.785723 2.234772 3.482076 4.420635 3.984833 5.269815 9.332063 11.573299 9.883318 7.598414 8.521171 9.952939 10.439619 9.350233 7.680974 7.075698 6.540158 8.474267 11.511201 12.267609 13.415900 15.437228 21.745062 27.375281 26.573319 33.404759 51.569060 74.620654 110.805132 140.262809 132.488504 87.711521 33.823405 5.820077 11.662085 5.678686 10.970757 19.630741 19.867037 18.117408 18.516036 16.822219 12.401823 8.979987 9.605176 12.856734 13.875164 13.593264 15.345470 15.532252 13.348047 13.441969 14.031471 11.060585 7.872744 8.189467 9.043400 8.424919 7.819641 12.325901 18.242356 18.660022 13.310038 11.903946 17.853028 23.063021 26.598411 30.171566 32.631191 30.469964 21.552939 8.984387 1.480661 5.725883 5.564681 5.782805 6.838294 6.969410 6.743896 6.622375 7.234607 9.215090 11.176288 10.262261
2.859449 1.226681 222.0807 222.0807 0.000000 6.568728 7.621352 5.098811 9.560151 24.707644 37.655608 39.986086 34.264738 25.610443 13.545185 4.510163 3.898086 10.606811 16.386292 12.864837 7.282955 4.703507 7.344800 10.154919 5.375030 11.096324 20.277180 20.489961 9.907802 9.904260 9.499028 9.333039 15.659573 7.567797 9.179098 10.427682 7.428334 18.744090 24.794266 24.360964 13.555050 18.792969 39.138084 30.925193 13.771077 60.744520 64.335480 108.994910 267.551253 276.981696 150.239670 50.229277 21.610586 32.001928 29.313257 32.046864 35.222194 20.065997 15.907289 25.507732 18.486574 7.345249 7.063030 5.749524 16.726897 15.679559 11.422932 22.349792 21.547177 9.507567 22.466932 24.231872 7.523798 7.586662 8.616668 8.618457 6.900097 6.984388 21.768704 35.793924 28.860953 9.050336 25.428778 34.375260 34.272899 41.863929 56.726107 59.351304 43.292435 27.490454 20.724047 22.073555 13.708759 12.350857 17.311253 14.616438 13.438703 10.327091 7.031615 11.728939 18.771542 22.139673 16.292516 10.020220
2.915206 1.228410 222.0981 222.0981 0.000000 8.699087 10.290460 5.559024 8.106564 19.463171 22.458218 19.949772 14.484145 12.224742 9.470808 4.139275 7.898859 12.540441 13.293995 8.643256 5.207676 2.107979 5.486037 10.227695 9.854682 9.910331 12.158174 16.422900 16.273394 13.395971 9.356286 8.062131 10.466993 12.655800 13.567652 12.202771 11.373660 12.264123 14.224900 12.947169 12.461357 21.523307 15.762090 29.552124 30.827747 25.534051 78.153779 144.289037 233.006258 210.516484 98.315679 24.304502 28.902291 32.515687 31.347663 24.219839 20.942513 20.780293 17.755752 14.942812 8.802107 4.224772 4.884922 7.069059 8.553163 9.948732 12.937259 18.320375 18.950922 15.400926 18.681544 19.234333 11.723285 7.203907 4.532317 4.617839 5.031213 5.065976 14.140644 24.260785 23.920687 18.377009 18.998123 17.149425 8.741417 14.777210 30.047739 36.800020 21.541736 16.747939 25.366114 27.283867 23.324243 20.162086 15.332432 7.292531 8.267884 8.750065 5.330589 4.048560 9.422338 16.296491 13.452316 9.612817
2.969981 0.980400 239.3844 239.3844 0.000000 4.235034 6.449156 4.738245 4.733388 5.860612 4.483784 1.543242 1.320690 1.918856 1.664379 2.045325 4.230749 6.206144 5.808023 3.263739 3.286702 2.458419 1.931270 2.780207 3.484857 4.469456 2.871621 1.507650 0.640839 3.883389 6.600897 6.758754 4.805567 3.926539 2.577834 2.419723 5.120615 7.352072 3.954382 3.895251 3.352115 3.732914 2.842411 6.719105 13.020732 20.798679 17.334408 24.428497 29.840071 32.695783 53.169096 74.111521 81.146345 70.847946 47.756734 25.860592 13.299510 7.703973 7.308900 7.572857 4.902986 3.058287 7.758281 8.672316 5.161719 2.914786 1.083771 2.856718 3.532925 2.592005 1.475356 2.591171 5.213703 5.445287 6.200951 5.028044 2.922060 5.832585 5.270523 3.665028 2.819781 2.946989 3.141585 2.387775 1.908847 3.693631 5.340284 5.125436 4.130950 2.834994 2.896480 5.226448 3.411514 2.215989 6.339681 7.957401 7.132613 6.273700 6.926211 8.547086 9.582220 9.407684 8.046364 6.087094
3.019549 0.404053 223.5939 223.5939 0.000000 1.502428 1.209991 0.932976 0.840823 0.871967 0.479784 0.707244 0.491397 0.593645 0.536592 0.426384 0.724384 0.918373 1.063261 0.889969 0.820952 1.083783 1.035940 0.617033 0.431805 0.703584 0.691627 0.368205 0.318459 0.410310 0.499650 0.739486 0.701446 0.503690 0.333036 0.388735 0.795126 1.416595 2.039288 2.362744 2.735821 3.587141 4.575298 6.031816 8.729178 11.161309 11.367607 10.530104 11.345248 12.253636 9.630540 6.523497 4.540202 3.472290 3.365937 2.751319 1.644065 0.517228 0.933469 0.898867 0.303149 0.311289 0.970402 1.764352 1.611533 0.752125 0.259836 0.727244 0.866013 0.558524 0.214447 0.328137 0.727907 0.889106 0.706243 0.802822 1.035858 1.219596 1.089481 0.679833 0.207195 0.235757 0.357862 0.391985 0.371773 0.280181 0.332047 0.375721 0.352916 0.289733 0.461607 0.840429 1.150717 1.211264 1.068138 0.843892 0.675307 0.397825 0.186343 0.210563 0.231522 0.113825 0.048945 0.062210
3.059433 0.068574 205.2031 205.2031 0.000000 0.075566 0.065548 0.135351 0.335936 0.206203 0.256834 0.224264 0.161074 0.317352 0.297462 0.176918 0.142600 0.160066 0.233880 0.196056 0.183227 0.211510 0.127514 0.086151 0.125238 0.164669 0.226464 0.201705 0.136790 0.153640 0.132671 0.133990 0.220171 0.329669 0.230330 0.123935 0.208165 0.216155 0.311545 0.494063 0.425693 0.871106 1.378568 1.707079 1.885756 1.968093 1.496065 1.127160 0.791466 0.833495 0.702598 0.556180 0.261043 0.314498 0.328203 0.207561 0.088893 0.143932 0.123108 0.159554 0.136708 0.066559 0.171426 0.252116 0.191552 0.159936 0.139895 0.063994 0.034777 0.088532 0.121420 0.106262 0.102105 0.115075 0.093243 0.082445 0.147536 0.055870 0.090457 0.072162 0.101495 0.087513 0.090417 0.074973 0.136923 0.199637 0.107191 0.066115 0.068132 0.075609 0.030980 0.045024 0.065196 0.080328 0.026023 0.059215 0.086666 0.047400 0.031585 0.035568 0.022459 0.020113 0.030968 0.039117
3.111471 0.008741 25.9854 25.9854 0.000000 0.204869 0.168889 0.125217 0.348100 0.433170 0.331331 0.189475 0.142805 0.237783 0.196016 0.147719 0.080904 0.084108 0.161692 0.155323 0.090904 0.079855 0.117935 0.080700 0.062343 0.066881 0.177944 0.182264 0.125660 0.235069 0.285492 0.198784 0.133272 0.189840 0.113731 0.084813 0.184359 0.197830 0.144021 0.159629 0.134474 0.093639 0.125954 0.139266 0.106835 0.113019 0.160316 0.193036 0.210280 0.220054 0.150966 0.067485 0.174692 0.169270 0.170005 0.147325 0.141185 0.131903 0.025375 0.073828 0.111836 0.097880 0.105197 0.095530 0.080144 0.119450 0.151372 0.133297 0.089697 0.045224 0.060227 0.081758 0.057495 0.034062 0.028239 0.046295 0.090093 0.101271 0.056977 0.023470 0.035826 0.069902 0.079879 0.052658 0.050081 0.098029 0.147298 0.041337 0.075740 0.067805 0.033131 0.038490 0.057493 0.032382 0.061512 0.077626 0.081677 0.083529 0.061549 0.051096 0.066357 0.067188 0.047207 0.035436
3.164394 0.004455 213.9776 213.9776 0.000000 0.217413 0.273368 0.192902 0.240250 0.348809 0.082242 0.122199 0.052687 0.243223 0.258515 0.236784 0.192340 0.068908 0.139950 0.094753 0.140662 0.171294 0.053853 0.129631 0.179327 0.280276 0.215282 0.086573 0.177523 0.201293 0.175237 0.051500 0.182719 0.139901 0.053652 0.207662 0.149091 0.127700 0.131569 0.034565 0.084902 0.172005 0.142115 0.067015 0.099258 0.140156 0.309521 0.327914 0.179242 0.082832 0.124714 0.169360 0.091230 0.032644 0.068687 0.113108 0.065532 0.046186 0.115423 0.082031 0.024143 0.026868 0.037486 0.098310 0.116255 0.077164 0.112926 0.081100 0.089546 0.094239 0.090001 0.067697 0.050078 0.049425 0.076023 0.061264 0.060750 0.068925 0.068683 0.052681 0.025334 0.031315 0.082989 0.116309 0.075752 0.044039 0.036718 0.059242 0.077814 0.098420 0.125351 0.115352 0.068037 0.053525 0.051856 0.073442 0.088792 0.058415 0.025823 0.035827 0.079613 0.094286 0.080699 0.047913
3.211455 0.004515 61.3722 61.3722 0.000000 0.136906 0.176763 0.181832 0.125972 0.206449 0.174263 0.106341 0.122543 0.135921 0.137394 0.135683 0.269845 0.216689 0.107547 0.193980 0.283308 0.257950 0.154433 0.128801 0.188044 0.247670 0.265788 0.230727 0.147076 0.089311 0.097035 0.101582 0.105117 0.146403 0.211031 0.266595 0.233620 0.116298 0.179264 0.148815 0.055757 0.091712 0.162039 0.121614 0.152081 0.170123 0.134527 0.150249 0.292026 0.126781 0.115634 0.072407 0.102076 0.079504 0.029756 0.031386 0.110225 0.123876 0.112763 0.080691 0.048557 0.034725 0.055575 0.079990 0.107941 0.124419 0.165763 0.190514 0.115101 0.069550 0.053258 0.093908 0.131328 0.076689 0.030803 0.056813 0.107482 0.121488 0.078583 0.028315 0.022974 0.036456 0.031181 0.048749 0.130123 0.169483 0.101746 0.089723 0.121303 0.122662 0.081604 0.090948 0.147602 0.099232 0.107070 0.090997 0.069345 0.060036 0.057517 0.040719 0.014915 0.029855 0.078965 0.096980
3.259857 0.004774 164.4768 164.4768 0.000000 0.233421 0.297525 0.300258 0.157841 0.193091 0.195438 0.142307 0.091350 0.054317 0.075102 0.147569 0.207673 0.263210 0.280173 0.239512 0.198452 0.198816 0.139091 0.115725 0.192516 0.142545 0.175685 0.125751 0.137699 0.163134 0.082761 0.022158 0.031211 0.025909 0.043784 0.102395 0.286251 0.347228 0.249449 0.212644 0.079066 0.129590 0.142802 0.089637 0.074761 0.117154 0.192866 0.220556 0.222861 0.214008 0.173511 0.156376 0.157902 0.083292 0.029017 0.026752 0.086680 0.153074 0.144168 0.105607 0.165852 0.089724 0.028014 0.014214 0.052881 0.111660 0.113711 0.057706 0.054116 0.137505 0.172671 0.128356 0.107671 0.132343 0.118030 0.049416 0.080404 0.082891 0.067531 0.081948 0.095414 0.064902 0.038745 0.029222 0.037515 0.066184 0.095058 0.132953 0.154782 0.115466 0.097768 0.092087 0.090777 0.121156 0.136988 0.105000 0.043036 0.068948 0.097406 0.059160 0.032185 0.025502 0.017767 0.021708
3.306482 0.004629 10.5817 10.5817 0.000000 0.336355 0.477124 0.239661 0.183761 0.165626 0.226576 0.293326 0.239022 0.169716 0.129086 0.103661 0.082763 0.075011 0.236250 0.255747 0.118879 0.099986 0.076710 0.197666 0.353841 0.334694 0.167134 0.138331 0.222602 0.192461 0.097695 0.070246 0.083308 0.085982 0.080968 0.096774 0.173325 0.213358 0.201349 0.231414 0.165251 0.192353 0.107607 0.045426 0.079877 0.216173 0.193577 0.202599 0.267578 0.180266 0.158625 0.228405 0.179788 0.092170 0.044023 0.038977 0.078901 0.217975 0.249746 0.203500 0.161323 0.137305 0.099827 0.097500 0.109265 0.079283 0.065881 0.045924 0.045398 0.075278 0.123708 0.115500 0.046329 0.098954 0.062382 0.027653 0.096990 0.112048 0.034173 0.019368 0.040512 0.070768 0.054254 0.030615 0.044850 0.064419 0.035613 0.048174 0.076026 0.049501 0.041047 0.035924 0.033776 0.046158 0.075354 0.051679 0.027514 0.045087 0.070985 0.057888 0.043024 0.031290 0.048194 0.066190
3.352372 0.488830 241.2721 241.2721 0.000000 2.069770 0.757037 0.250697 0.374831 0.377632 0.228886 0.348918 0.238464 0.310808 0.416824 0.258789 0.144609 0.120747 0.070142 0.175165 0.217276 0.078224 0.170508 0.336823 0.279597 0.345495 0.027770 0.338232 0.336584 0.242803 0.262093 0.169628 0.243712 0.254324 0.156365 0.218034 0.228110 0.115202 0.052510 0.135995 0.286689 0.318131 0.480074 0.653411 0.953745 0.880934 1.430450 1.176473 1.887797 1.811985 2.108760 2.018658 2.145002 2.186840 2.110688 1.915933 1.881591 1.647493 1.403003 1.298368 1.142498 0.961638 0.787303 0.660732 0.455972 0.506725 0.440040 0.213191 0.273887 0.174630 0.237173 0.272828 0.196526 0.229892 0.188347 0.287088 0.256467 0.199297 0.209612 0.242402 0.204659 0.157129 0.148700 0.111700 0.089357 0.094477 0.094652 0.095605 0.143245 0.122798 0.177257 0.105220 0.127874 0.125843 0.198237 0.173418 0.161855 0.215219 0.218498 0.286440 0.287652 0.322333 0.359641 0.367800
3.399961 1.056179 238.3905 238.3905 0.000000 9.244349 7.060571 5.632598 5.069564 4.524289 5.486957 6.510017 7.525595 7.274729 5.320006 2.959435 1.944985 2.366571 2.816085 2.471955 1.621686 2.081362 3.782069 5.069810 5.583845 5.393544 3.985867 2.137518 2.877676 5.024171 6.493824 6.474858 5.481616 3.799456 1.376635 1.158879 3.018542 4.910133 6.060435 6.875680 8.080877 9.644989 9.141698 6.795533 8.210972 17.154719 26.790810 33.494078 39.870681 52.223756 69.565860 81.898330 81.187153 66.879571 45.056196 24.152740 10.174145 5.838263 7.924633 10.163742 10.041785 7.613360 5.290138 4.580333 4.501004 3.900557 2.664853 1.637376 2.514929 3.515639 3.676688 3.217112 3.846413 5.437683 6.202105 5.205298 2.933756 0.482565 2.727333 4.849569 6.268898 6.781331 6.166613 4.396354 3.015834 4.009926 5.299299 5.230142 4.354576 4.454959 6.004962 8.072581 10.656830 13.530323 15.671329 16.586476 16.759099 16.695829 15.974938 13.548347 9.500451 5.106707 2.538694 2.388366
3.450009 1.206871 224.6175 224.6175 0.000000 9.396840 13.572769 9.251243 7.693403 15.102510 22.079661 26.233882 24.445044 16.304623 8.183522 3.230797 6.065332 11.276229 12.044686 8.948662 8.637413 9.132788 8.740614 11.851710 13.957986 10.710654 6.179690 10.877570 17.043609 17.350085 12.620236 8.849818 7.973744 9.242459 13.923064 17.030641 12.900820 5.465488 12.931422 15.758701 16.383883 16.150354 25.687916 45.648371 47.102153 48.978917 61.990781 71.033879 193.541942 269.413098 204.573721 90.509058 28.247966 13.898531 12.280018 25.582302 41.716079 39.737756 25.538497 14.042286 11.466032 13.381007 11.039377 5.806680 4.582539 6.234177 8.090230 5.371587 5.489180 14.606017 18.459252 15.375141 12.175744 11.639575 14.423015 16.159878 14.749660 16.909551 23.750224 27.866121 30.003833 28.972852 18.560188 5.921819 7.668259 12.175090 25.902167 40.655074 44.433744 37.834875 28.511475 23.011682 33.577838 38.726010 27.606114 12.323832 3.634179 3.690591 4.761655 4.844920 12.971164 17.828058 13.048407 6.011913
3.511483 1.213663 220.5201 220.5201 0.000000 4.049625 10.604661 8.536278 7.689865 15.623503 19.885001 24.790125 22.707508 9.439533 5.535296 6.039660 8.226502 13.909797 15.993325 14.073087 10.799234 5.044134 3.717184 9.621856 11.226269 10.670488 9.041218 12.630051 16.090876 9.944979 4.909455 3.283930 9.824450 18.269935 20.124760 12.985488 6.827562 9.914864 10.827888 6.013535 22.919208 28.656754 42.759613 31.671277 6.324583 33.031759 50.960533 176.858536 299.022231 228.093535 75.151909 11.026905 9.876148 20.049866 36.809098 50.168024 44.159333 23.225412 9.673425 4.639365 13.081302 15.081914 10.583372 3.363522 3.930594 7.141757 6.873695 9.603416 17.072253 15.546043 9.776340 13.194220 14.351007 13.747771 13.412316 5.165556 14.852192 30.875509 37.497763 36.632623 32.321057 23.568517 16.479529 8.550305 18.266767 41.052232 44.210212 29.090729 16.912030 7.774318 13.793860 31.789413 26.479168 11.107709 6.795473 3.265327 4.255680 10.848189 16.515646 16.146757 10.771133 3.761491 2.785469 2.710565
3.569943 1.119439 224.2288 224.2288 0.000000 5.056828 7.528892 5.427558 4.374190 5.391805 2.872870 5.427683 8.224576 4.873984 1.876983 2.366409 1.057475 5.562622 6.411261 6.045609 4.487745 3.212113 2.897720 2.251626 1.685147 3.085054 3.145174 2.379917 5.647679 4.755043 1.752612 0.962722 3.148866 7.626309 10.882276 6.924998 1.316918 4.056961 8.221201 8.065319 9.771621 18.129279 20.817669 36.791976 36.451880 35.389388 52.229378 91.076533 123.096292 119.404270 81.802244 35.154530 10.614294 10.473990 13.140695 16.771547 19.913162 15.686412 6.721860 2.335132 4.838538 5.182117 6.904505 7.401295 3.824945 2.518543 2.459240 2.120686 3.282892 6.983268 8.170809 5.080775 4.278606 3.405569 2.211409 2.767202 6.108001 8.889971 10.379722 13.348867 10.592621 10.655636 13.647402 12.274733 11.240419 12.724606 15.798037 14.907298 9.237295 2.348157 3.430951 3.789842 11.444949 12.292902 5.670996 2.006523 3.262739 4.083611 6.315496 9.643528 9.479938 3.284857 2.812583 3.532952
3.621575 0.614363 221.6702 221.6702 0.000000 4.455651 2.355939 1.790268 0.902830 0.958235 1.203379 1.823480 1.765599 1.300897 0.787152 0.433349 1.088659 1.414030 1.056581 0.524591 0.421357 0.760173 0.761436 0.373969 0.116518 0.294527 0.540748 1.040304 1.069016 1.164689 1.146989 0.888498 0.803251 0.510938 0.426442 1.248097 2.019786 2.347165 1.942523 0.844058 2.110611 5.142145 7.513212 12.198771 18.299167 21.142321 21.127191 22.207356 23.124519 22.264756 18.755983 14.391555 11.118620 9.664590 7.690785 4.732235 2.790173 2.131250 0.912778 1.231873 1.618758 1.266081 1.584928 1.875103 1.684485 1.047912 1.308929 2.131078 2.030295 1.139347 0.741619 0.935501 0.514672 0.672681 1.908350 2.642847 2.428833 1.556199 0.572003 0.550667 1.136578 1.366163 1.540252 1.051370 0.779005 1.348833 1.837213 1.679243 0.944875 0.512949 1.081659 0.758601 0.844672 1.369240 0.929563 0.720611 1.381252 1.830654 2.559455 3.149803 2.649348 1.293776 0.855755 1.451477
3.667957 0.138441 207.9450 207.9450 0.000000 0.502457 0.114151 0.224898 0.239962 0.213105 0.251521 0.294095 0.182389 0.056065 0.093764 0.194546 0.180540 0.187136 0.173708 0.120707 0.101462 0.104777 0.235522 0.316682 0.397210 0.288927 0.194577 0.323288 0.296305 0.074570 0.184107 0.122132 0.062926 0.112305 0.271753 0.171771 0.147460 0.176614 0.175054 0.373286 0.456125 0.441150 0.951881 2.259994 3.956717 5.391110 5.741154 4.517655 2.310364 0.841962 1.090080 0.789902 0.377163 0.621363 0.222063 0.401739 0.192208 0.245187 0.134088 0.179831 0.129254 0.107392 0.151087 0.146173 0.161914 0.153181 0.122727 0.187136 0.256830 0.201361 0.248099 0.312424 0.236820 0.263753 0.331725 0.212238 0.162753 0.245090 0.202912 0.223362 0.193683 0.171097 0.166600 0.039656 0.142278 0.207498 0.255812 0.085952 0.180235 0.161231 0.208609 0.144203 0.100732 0.203359 0.256965 0.151225 0.105870 0.152257 0.136333 0.158536 0.247721 0.259070 0.277547 0.271286
3.713950 0.022008 176.7337 176.7337 0.000000 0.004334 0.130901 0.148326 0.116398 0.166905 0.132504 0.115701 0.115246 0.104014 0.074325 0.164774 0.229589 0.150403 0.074219 0.087999 0.077395 0.061332 0.123506 0.123432 0.194716 0.190388 0.172177 0.243216 0.243119 0.110703 0.160494 0.191981 0.136614 0.182916 0.175123 0.105123 0.048919 0.052780 0.137583 0.402023 0.488660 0.209312 0.134329 0.206620 0.200541 0.213386 0.234854 0.263286 0.286011 0.217179 0.179776 0.189994 0.167663 0.106128 0.105795 0.171342 0.191284 0.091077 0.020782 0.023414 0.073147 0.083108 0.103151 0.094981 0.085674 0.067320 0.029862 0.052519 0.059903 0.088020 0.110244 0.078502 0.076781 0.103858 0.071732 0.031910 0.071616 0.132970 0.106331 0.077707 0.096680 0.128876 0.086552 0.025802 0.097314 0.108766 0.175061 0.138238 0.034840 0.046080 0.071713 0.051913 0.033629 0.056125 0.078955 0.037460 0.032259 0.048914 0.034752 0.041604 0.047933 0.025110 0.023756 0.028870
3.761793 0.004275 177.0075 177.0075 0.000000 0.165711 0.151325 0.024110 0.098928 0.187332 0.199456 0.170967 0.149115 0.162451 0.225614 0.246128 0.179286 0.122046 0.122107 0.185170 0.247847 0.206312 0.134039 0.064038 0.087226 0.067318 0.137519 0.117499 0.200264 0.136212 0.189406 0.261241 0.211588 0.121230 0.078309 0.063118 0.063303 0.084904 0.202200 0.335997 0.326001 0.143195 0.043376 0.064154 0.088380 0.088966 0.079337 0.146040 0.178639 0.102709 0.076421 0.126351 0.116195 0.064402 0.071788 0.092440 0.107124 0.139719 0.071088 0.083595 0.116371 0.139138 0.146611 0.076848 0.082111 0.111538 0.102656 0.102149 0.121329 0.104956 0.069795 0.081887 0.079871 0.051251 0.113775 0.108282 0.145612 0.147904 0.092174 0.070140 0.057225 0.094177 0.034094 0.032681 0.052678 0.068287 0.126551 0.102531 0.070848 0.043248 0.043427 0.069009 0.056640 0.030634 0.036319 0.051282 0.041262 0.015399 0.015047 0.044259 0.058867 0.033895 0.025354 0.048137
3.811412 0.004643 78.1061 78.1061 0.000000 0.062403 0.151772 0.109298 0.101754 0.236456 0.298893 0.239492 0.135138 0.082658 0.152727 0.259130 0.273975 0.270209 0.286297 0.313535 0.310999 0.196277 0.160490 0.187801 0.108782 0.173748 0.216568 0.152126 0.143526 0.063450 0.212039 0.189410 0.045140 0.143418 0.170217 0.166474 0.069888 0.058540 0.118744 0.108421 0.146112 0.148157 0.072479 0.066687 0.111990 0.101172 0.091462 0.173248 0.246461 0.148736 0.137581 0.082061 0.123072 0.127593 0.169142 0.172449 0.145473 0.109029 0.099880 0.101704 0.074418 0.042797 0.092279 0.103329 0.094167 0.098417 0.053502 0.048993 0.074812 0.075175 0.080604 0.103772 0.138898 0.130564 0.112920 0.115406 0.141180 0.079502 0.036104 0.034593 0.061617 0.101589 0.078943 0.042948 0.040889 0.083210 0.158910 0.127377 0.089715 0.049511 0.040182 0.082447 0.107487 0.082123 0.054933 0.050644 0.041477 0.031208 0.047667 0.062616 0.056356 0.044576 0.029568 0.015141
3.859531 0.004725 99.1640 99.1640 0.000000 0.071787 0.175070 0.168899 0.136207 0.102319 0.211352 0.098501 0.105635 0.124851 0.114277 0.219067 0.322947 0.310734 0.180350 0.124753 0.258452 0.264170 0.314748 0.450196 0.468468 0.394981 0.178742 0.144364 0.153967 0.083732 0.090602 0.163071 0.085024 0.133738 0.165354 0.145807 0.202353 0.213937 0.198128 0.152940 0.138426 0.161840 0.133653 0.121961 0.159378 0.129062 0.147611 0.226547 0.264984 0.300332 0.184868 0.076878 0.141777 0.259316 0.290398 0.241867 0.171594 0.055355 0.029769 0.040355 0.043242 0.056924 0.096682 0.065572 0.040538 0.060875 0.099688 0.131748 0.102837 0.072248 0.043108 0.056620 0.106371 0.134140 0.057528 0.043857 0.053217 0.153894 0.138746 0.107114 0.057035 0.113935 0.111039 0.046086 0.029940 0.048372 0.122796 0.166681 0.127685 0.067227 0.046030 0.061780 0.079287 0.078861 0.055106 0.035686 0.048233 0.020996 0.083935 0.092056 0.040073 0.085127 0.072919 0.039705
3.905489 0.004807 105.5754 105.5754 0.000000 0.044328 0.124263 0.264882 0.260237 0.227767 0.214191 0.198881 0.153234 0.116524 0.199602 0.230745 0.136990 0.118965 0.101877 0.158439 0.167221 0.104058 0.142652 0.382589 0.429683 0.458171 0.324817 0.194970 0.064809 0.092400 0.135282 0.164103 0.128920 0.105024 0.138020 0.152100 0.182937 0.275963 0.316708 0.251528 0.108151 0.175617 0.148298 0.044258 0.165878 0.215709 0.210183 0.167631 0.109583 0.182227 0.203996 0.117285 0.092275 0.133057 0.179174 0.169127 0.075867 0.157771 0.089908 0.047100 0.073872 0.127386 0.143572 0.129830 0.095563 0.082470 0.119811 0.200707 0.226514 0.128794 0.080946 0.093925 0.097294 0.083512 0.065031 0.082861 0.091076 0.107409 0.139300 0.160061 0.130268 0.078208 0.118764 0.089130 0.029513 0.040367 0.060908 0.085021 0.082801 0.057459 0.030400 0.022171 0.024897 0.025288 0.031264 0.038126 0.076175 0.093324 0.082401 0.070952 0.069549 0.087822 0.087897 0.066296
3.952888 0.283289 5.2384 5.2384 0.000000 1.470418 0.282736 0.214895 0.140125 0.257132 0.189063 0.125893 0.269605 0.377233 0.375055 0.257291 0.148177 0.165651 0.162098 0.106925 0.121281 0.096117 0.117429 0.167369 0.129548 0.180773 0.392167 0.095371 0.087568 0.144625 0.240691 0.132181 0.087615 0.115013 0.097244 0.143678 0.134074 0.174994 0.216586 0.149718 0.198547 0.280910 0.188305 0.234292 0.238588 0.455742 0.390475 0.278219 0.580561 0.453126 0.358284 0.474120 0.394405 0.459501 0.331860 0.454463 0.350111 0.363965 0.312598 0.249518 0.274253 0.250113 0.159495 0.094131 0.126949 0.119944 0.098708 0.134318 0.232957 0.144543 0.176561 0.187914 0.141118 0.108878 0.063793 0.089615 0.038276 0.037832 0.060767 0.113600 0.091924 0.079919 0.101925 0.100452 0.071435 0.067613 0.128237 0.111747 0.042363 0.076106 0.096202 0.069887 0.019629 0.056899 0.022742 0.107914 0.066808 0.091767 0.030659 0.036039 0.028617 0.059971 0.040791 0.033986
4.000349 0.971402 236.8890 236.8890 0.000000 5.520222 3.618820 3.632066 3.758167 3.354755 3.023816 3.823851 5.298074 6.589615 6.563617 6.074560 4.505067 2.592334 1.318724 1.179258 1.451669 1.465547 0.947933 0.503222 1.135399 1.377136 1.038156 0.755218 1.292162 1.829262 2.252286 2.178094 1.984857 1.826734 1.583432 1.020329 1.163882 2.029549 3.007109 4.043271 4.981879 5.823815 5.970023 5.414655 6.830984 11.362061 16.465936 21.982262 30.328411 41.697588 52.040345 56.760862 53.293276 42.837415 29.041522 16.325023 8.106755 5.889332 5.807495 5.341722 4.446309 3.318832 2.268900 1.515285 1.688526 1.854277 1.943254 1.378466 1.089507 1.310779 1.854786 2.147071 1.988367 1.545300 1.184146 1.186738 1.444302 1.610196 1.323775 0.931048 1.470645 2.424412 3.050637 3.228340 2.856174 2.511845 3.112355 4.935217 7.808001 10.778292 13.221719 14.452771 14.327963 13.012619 11.217215 9.509675 8.228298 7.428962 6.456160 5.019595 3.198568 1.820616 1.434713 1.224030
4.049924 1.192194 225.1025 225.1025 0.000000 5.132727 4.713278 7.653447 11.312600 14.414294 17.975252 23.348409 28.248381 27.737602 21.663148 13.305310 5.521279 1.200508 0.978478 2.305780 5.598102 6.740138 6.438204 6.961784 6.143866 3.180372 2.272029 3.164209 3.189200 5.307237 6.606853 5.658031 3.381801 1.598723 0.673440 2.977726 7.146142 8.041070 3.406175 11.814508 17.622545 13.547058 14.143198 25.062603 27.836205 39.533439 51.263050 73.270353 169.818334 244.385961 199.458425 96.544638 30.956750 13.607809 7.907469 8.215522 13.105329 16.676474 13.531292 6.538766 3.502108 6.121681 5.765661 3.872775 2.321080 1.356760 2.615813 5.862553 6.791870 4.730788 1.222042 2.116493 2.589980 2.395637 4.262954 4.413080 4.506130 8.208353 11.693105 10.021195 3.201476 3.813167 4.890238 7.012610 16.819672 31.982142 51.092365 61.260402 52.660363 34.742376 23.311285 14.978153 16.443267 25.225733 24.686502 14.826062 7.677302 8.271514 6.746729 4.442509 4.418355 6.627132 10.213309 12.140532
4.111789 1.203738 221.5266 221.5266 0.000000 3.370905 2.061615 4.723482 9.294000 13.586017 17.676079 24.793551 32.236879 25.788262 15.980340 10.406807 3.873876 0.383868 1.193473 4.548302 8.165325 9.093909 8.759451 8.421714 7.847778 4.894990 2.679280 2.110875 3.047848 6.879992 5.142755 4.419830 5.087606 4.354138 4.829248 4.752031 7.430028 9.897897 11.228630 12.813170 22.947216 22.620477 27.337492 26.968840 20.349196 27.922139 34.807255 134.299715 293.453085 278.196173 118.821224 5.302757 14.672283 6.015581 6.316569 10.437044 17.002283 15.182316 11.414575 9.662083 7.399859 3.980725 3.077122 1.730241 3.231950 4.586299 5.585266 6.660091 4.801006 2.618951 2.407281 2.574748 2.369472 4.939936 6.020369 6.925475 9.462065 14.291004 12.604621 4.913229 4.143033 4.987105 7.292907 13.803843 30.318084 58.126337 69.728029 44.486156 8.655201 20.867806 12.523257 21.528855 28.636363 26.043092 22.194485 17.275988 9.388883 4.646042 7.145322 3.874086 7.983712 13.444490 13.020711 13.444733
4.169991 1.178168 230.3720 230.3720 0.000000 5.169920 2.951297 1.969121 1.891716 2.535122 2.955586 4.385039 9.794611 9.915097 3.920234 2.295105 2.966641 2.505348 1.956490 2.996108 3.570257 3.794709 2.579107 2.763780 2.252480 4.091950 2.632608 1.161360 1.950791 3.057213 4.008142 4.967907 5.608985 6.723196 5.999509 4.409127 3.096707 4.043226 9.007854 10.348344 5.371084 11.541755 23.862490 22.533272 33.877050 41.660261 34.197684 36.981585 74.509302 134.064394 163.266274 133.570142 68.130021 21.552574 11.823968 10.171112 5.668201 4.767080 6.502312 4.472607 3.780183 6.149318 4.483890 1.074170 0.641204 2.539096 3.801444 3.425295 1.409908 1.454393 2.754731 1.458052 1.060326 1.261726 2.726941 3.385442 1.798862 2.665681 1.659084 2.694927 6.278695 8.475592 4.658388 2.932202 6.107302 5.375422 3.018073 7.903828 16.550490 25.503146 24.278506 16.212004 12.791204 14.047355 13.754381 11.764574 6.058819 10.301974 13.088833 9.706314 5.622141 4.272885 5.213250 4.996130
4.220956 0.723499 209.2299 209.2299 0.000000 4.238640 2.318293 1.139786 0.880192 0.780028 0.768209 0.352231 1.641411 2.603671 3.136438 2.296705 1.364513 1.626258 1.831829 1.771730 1.156399 0.331774 0.796164 0.504595 0.857430 1.364131 1.570455 0.970156 0.391304 0.932541 0.948259 0.454902 1.294832 3.178243 3.953464 2.638397 1.733687 1.087635 1.726065 2.229463 3.007306 5.836600 4.831100 9.918670 20.888732 25.489284 26.064669 25.558746 24.414114 23.969313 25.259823 23.981071 22.253638 19.581133 17.092298 12.486649 6.733381 4.824390 4.403016 2.734107 1.575677 1.361114 0.904960 1.243688 1.777107 1.953545 1.569408 0.979612 1.199934 1.581412 1.680592 1.071309 0.467340 0.881403 1.088447 1.028484 0.952580 1.176105 1.579054 1.727857 1.614144 1.459699 1.241381 0.815334 0.760695 1.565158 2.563322 2.956810 2.812381 2.467274 1.756644 0.789741 0.598764 1.993586 3.233558 2.752607 1.799069 2.503403 3.212502 2.149322 1.403082 2.127924 2.591349 2.189736
4.262061 0.174207 210.0297 210.0297 0.000000 0.467040 0.389518 0.132926 0.316514 0.377802 0.297076 0.439494 0.332879 0.243478 0.378713 0.461877 0.480078 0.549610 0.455985 0.247071 0.327235 0.412289 0.655001 0.526341 0.404161 0.465831 0.297256 0.379194 0.430881 0.147409 0.282457 0.149634 0.294624 0.269047 0.491216 0.767034 0.716259 0.461752 0.347645 0.554196 0.809728 1.061225 1.583109 2.554451 4.016002 6.355765 8.148214 7.122480 4.063464 2.618809 2.259169 1.291690 0.884594 0.921791 0.419229 0.280366 0.520294 0.655687 0.502527 0.265158 0.306526 0.383082 0.323547 0.381147 0.381709 0.258151 0.191256 0.125862 0.231483 0.317339 0.442238 0.373895 0.137277 0.211278 0.398335 0.319354 0.235101 0.181013 0.163297 0.171421 0.196371 0.256389 0.243432 0.201338 0.213572 0.280385 0.383748 0.155784 0.201480 0.128721 0.330468 0.285944 0.185861 0.134514 0.140241 0.087095 0.094905 0.216478 0.242601 0.247172 0.265206 0.235593 0.284919 0.349708
4.311995 0.030969 208.2962 208.2962 0.000000 0.345046 0.450778 0.425491 0.500052 0.388729 0.260258 0.302115 0.105074 0.093616 0.123177 0.154934 0.260559 0.247372 0.101666 0.052543 0.135816 0.209164 0.248743 0.324452 0.328146 0.161080 0.130960 0.141514 0.264282 0.287035 0.307560 0.229620 0.191385 0.191633 0.072473 0.150709 0.171184 0.201979 0.076149 0.199995 0.261313 0.173211 0.263324 0.307363 0.308865 0.519627 0.599209 0.522983 0.450874 0.161950 0.246912 0.332034 0.347875 0.140268 0.260610 0.202751 0.185412 0.247517 0.149603 0.135009 0.176196 0.146284 0.063215 0.050034 0.031298 0.032051 0.085760 0.121297 0.093871 0.054943 0.044294 0.055335 0.070647 0.092958 0.152288 0.094512 0.046209 0.076617 0.068465 0.028183 0.038756 0.076594 0.035931 0.052847 0.090990 0.078712 0.135458 0.090274 0.093582 0.093020 0.046149 0.020726 0.018750 0.027135 0.025061 0.044389 0.094762 0.094700 0.071345 0.059702 0.061641 0.109561 0.121590 0.113803
4.359936 0.005342 25.2616 25.2616 0.000000 0.230100 0.386267 0.173776 0.310693 0.465156 0.419810 0.302863 0.133228 0.042913 0.135554 0.222897 0.291110 0.236365 0.138981 0.204426 0.145163 0.069117 0.149560 0.312498 0.275049 0.285923 0.180991 0.165158 0.083015 0.195091 0.133810 0.071989 0.083253 0.107306 0.159337 0.244064 0.203882 0.104142 0.124936 0.153586 0.112270 0.206767 0.258011 0.179705 0.097342 0.133404 0.216899 0.174154 0.062778 0.035131 0.065218 0.113165 0.198285 0.216311 0.150956 0.112383 0.081423 0.055837 0.077120 0.086608 0.068031 0.051889 0.034419 0.047500 0.077117 0.087075 0.116668 0.144826 0.142141 0.132479 0.111560 0.081734 0.050063 0.062008 0.079483 0.083258 0.039137 0.008573 0.024858 0.081679 0.115828 0.103297 0.060071 0.086331 0.139529 0.116262 0.130816 0.096763 0.014920 0.015698 0.040259 0.043164 0.028113 0.046470 0.039472 0.018227 0.063714 0.084536 0.061192 0.043618 0.071716 0.053262 0.024565 0.024719
4.411976 0.004847 106.1992 106.1992 0.000000 0.147043 0.184128 0.227205 0.150718 0.311701 0.432540 0.329794 0.162940 0.148721 0.239680 0.222517 0.146713 0.221707 0.269984 0.336128 0.305490 0.120128 0.067376 0.101037 0.403958 0.499673 0.297869 0.146129 0.153670 0.216073 0.184972 0.111770 0.085415 0.059974 0.042075 0.049985 0.073139 0.196667 0.166367 0.076184 0.077598 0.100276 0.137963 0.199236 0.139780 0.123008 0.131998 0.196126 0.233619 0.157970 0.079488 0.065901 0.066225 0.043777 0.053003 0.170101 0.166575 0.180748 0.114243 0.063294 0.087171 0.082963 0.066866 0.031761 0.045913 0.078230 0.075850 0.049377 0.021421 0.066805 0.145326 0.151536 0.081005 0.111444 0.072313 0.016613 0.046184 0.114472 0.112330 0.078878 0.060384 0.062464 0.071599 0.074968 0.087269 0.098362 0.078451 0.105393 0.126470 0.080843 0.127146 0.135314 0.082165 0.054862 0.071225 0.059618 0.031549 0.024801 0.021515 0.035968 0.040038 0.031199 0.055058 0.068706
4.459467 0.004835 99.7035 99.7035 0.000000 0.169572 0.068070 0.217342 0.253160 0.326031 0.167923 0.183954 0.126077 0.192094 0.329900 0.294067 0.190416 0.121941 0.131553 0.257650 0.232086 0.173469 0.068209 0.242637 0.443494 0.391552 0.139481 0.129887 0.210729 0.290700 0.214060 0.139613 0.112896 0.078702 0.061965 0.099490 0.155910 0.120493 0.088760 0.136004 0.095489 0.048871 0.092802 0.128929 0.064794 0.053476 0.176933 0.308373 0.166069 0.083835 0.045979 0.121641 0.121422 0.110349 0.132203 0.087190 0.108216 0.137823 0.082362 0.076309 0.126929 0.095859 0.052099 0.078761 0.155551 0.187804 0.104560 0.035345 0.040036 0.065491 0.085652 0.055368 0.064974 0.048306 0.045387 0.098650 0.131064 0.087498 0.043958 0.078875 0.131851 0.119495 0.076142 0.057513 0.046979 0.060404 0.133437 0.105328 0.049719 0.025691 0.085311 0.112859 0.064335 0.077640 0.085871 0.059122 0.078581 0.085715 0.051318 0.032632 0.038161 0.043970 0.053227 0.053540
4.499822 0.004762 47.3509 47.3509 0.000000 0.243953 0.247208 0.140296 0.240537 0.256727 0.225846 0.243416 0.288510 0.339336 0.290822 0.153888 0.072491 0.131205 0.240229 0.205694 0.158071 0.245572 0.219796 0.227807 0.246741 0.053210 0.274453 0.165559 0.179926 0.142393 0.197920 0.098803 0.141331 0.158987 0.190264 0.224398 0.155277 0.144145 0.201436 0.134272 0.062510 0.045490 0.069736 0.141157 0.060409 0.025596 0.102755 0.233107 0.236525 0.143549 0.132551 0.165799 0.110851 0.095518 0.152101 0.126818 0.095028 0.143606 0.129484 0.075885 0.099689 0.087514 0.011153 0.039322 0.157666 0.224734 0.173919 0.059110 0.044209 0.047167 0.036450 0.031103 0.035487 0.043125 0.081396 0.119802 0.107583 0.055290 0.036713 0.080227 0.100813 0.087272 0.089133 0.030661 0.048316 0.048011 0.087914 0.122405 0.024636 0.046062 0.073965 0.067992 0.035079 0.037823 0.071584 0.095903 0.124855 0.137181 0.088571 0.028443 0.012851 0.010491 0.010862 0.043138
4.549997 0.325448 5.0053 5.0053 0.000000 2.941694 0.323118 0.139977 0.198482 0.088519 0.103376 0.166289 0.349868 0.203105 0.129365 0.038918 0.102591 0.229987 0.180955 0.198258 0.156813 0.103997 0.115013 0.130361 0.278766 0.398305 0.337001 0.160095 0.242761 0.188128 0.405816 0.510666 0.332213 0.503968 0.227864 0.146240 0.357013 0.101090 0.098566 0.143725 0.243914 0.295363 0.323033 0.456170 0.360418 0.358694 0.580725 0.452333 0.402374 0.600520 0.397151 0.517098 0.373293 0.478155 0.194785 0.411613 0.240142 0.298907 0.061505 0.234614 0.182043 0.178607 0.062543 0.212731 0.132420 0.131108 0.089857 0.090883 0.073832 0.050242 0.043274 0.143858 0.058297 0.042481 0.098500 0.044052 0.063810 0.046598 0.118233 0.029160 0.110066 0.088368 0.104543 0.159319 0.025420 0.091534 0.036412 0.014448 0.036607 0.053313 0.054529 0.045680 0.121139 0.097293 0.057225 0.020452 0.023613 0.017960 0.008264 0.058437 0.073462 0.040977 0.043693 0.036396
4.599525 1.000732 225.6584 225.6584 0.000000 6.718274 6.994894 7.300404 8.183182 8.392631 7.907289 6.779942 5.171870 3.961883 3.550891 3.449515 2.906911 2.371622 1.849570 1.307100 0.610139 0.513052 1.843463 2.870596 3.171676 3.526948 3.170483 2.707957 2.610247 3.357887 3.753523 4.282558 4.039074 3.389835 2.247347 1.337530 1.601889 2.435189 3.463877 4.733220 6.089224 8.549146 12.557745 17.524936 22.256291 26.153571 31.252750 39.926560 50.606311 58.036035 57.761752 49.233054 35.067793 20.423306 9.222687 3.616201 2.668142 2.812947 2.695078 2.262332 1.842833 1.687915 1.367378 0.885450 1.160768 1.920965 2.470189 2.796484 2.521836 2.092262 1.838339 2.171320 2.686464 2.962616 2.896534 2.516827 1.765073 1.063675 1.471110 2.248253 2.580102 2.128122 1.333774 0.461635 1.121421 3.226754 6.342956 9.943170 13.030197 14.939125 15.213640 13.897248 11.684964 9.676148 8.686242 8.438980 8.199764 7.213003 5.803300 4.646822 4.399967 4.829447 5.170503 4.898257
4.650209 1.220998 222.1794 222.1794 0.000000 5.114422 12.908320 13.888716 16.061355 24.797068 30.063039 30.112781 26.574268 20.890910 14.147354 9.356460 8.491794 6.393625 2.958613 3.769463 6.150797 9.326927 13.613223 13.566091 7.671527 2.619177 6.335292 4.061091 3.997628 10.132220 10.017575 4.330550 8.137292 9.966848 6.339925 7.873615 9.013237 7.974896 11.880877 11.014936 12.162336 31.536238 42.564727 40.921352 42.960479 58.955937 77.874588 128.828064 213.304153 221.422481 134.910682 42.602723 11.493586 4.570015 7.904336 8.649694 17.436087 21.423860 18.764033 12.098099 6.353664 6.303752 4.138361 7.249160 10.703553 7.888242 3.467526 2.686798 2.053788 3.240589 8.042536 10.479046 5.699197 4.716495 10.271421 11.437617 15.017046 17.927279 13.646891 6.691621 4.989766 4.599029 8.398444 14.669185 28.844336 47.622854 57.465744 55.171065 42.917539 21.672802 13.592523 18.296244 19.951138 25.137618 19.339533 8.013913 6.161963 7.338350 12.341628 17.294849 14.574319 8.393159 5.870309 6.600289
4.711970 1.230277 222.1416 222.1416 0.000000 3.107969 12.676598 10.805486 9.759855 21.674631 26.776465 28.973940 30.383283 23.845452 13.032191 4.367057 8.052496 9.957642 7.041198 7.273098 11.292911 16.725086 18.267170 14.584270 9.207608 5.974558 7.881958 6.401553 6.812423 12.045260 10.713068 5.551485 10.020390 16.204193 16.826439 16.042474 11.317273 5.873869 11.802373 17.464238 23.051490 36.730820 18.790288 25.455483 12.234808 27.362136 38.219815 87.893503 262.110988 297.201124 162.510606 27.133870 17.860073 14.501301 18.531501 20.745791 27.573314 33.660149 32.269067 24.758334 17.998484 15.288825 13.947083 15.116563 14.250944 8.616223 3.397118 1.857214 1.488155 3.395533 7.805936 12.320198 13.809739 14.672772 19.009199 23.753229 27.837563 28.251781 23.632774 15.783746 11.275043 12.089291 12.808137 8.262122 25.135624 49.410968 54.088440 45.123441 42.523852 26.048455 18.431837 18.069976 9.158074 29.935176 24.842431 11.587820 7.808633 5.457812 13.339070 20.498608 11.771252 6.262106 3.488271 10.813912
4.769956 1.194027 232.9797 232.9797 0.000000 7.216493 9.171468 9.978279 8.911555 5.325883 4.706606 4.818037 7.164793 9.117580 5.862016 4.192253 3.598337 5.123359 6.971304 5.823462 3.426964 6.530004 9.821544 6.948318 3.762576 4.395215 4.037413 4.627245 3.337339 2.582910 6.719216 6.962046 3.905150 5.323996 7.571358 9.851559 9.793959 8.532278 5.836088 4.764207 7.757246 17.347556 8.456395 29.767021 29.232394 30.953661 31.047820 32.412188 52.082725 95.599648 146.240130 155.891494 114.971569 56.479426 21.795828 16.143798 15.135826 10.587269 10.658762 13.729581 16.074527 15.632973 12.977808 10.811827 9.559606 9.163327 8.238720 6.289516 3.910156 3.334574 1.899303 1.278237 2.145826 2.539987 3.839874 8.368991 10.813981 9.109095 10.993301 15.094046 12.866462 11.610793 13.033438 8.156555 5.268944 7.628671 7.373861 8.155187 12.235168 16.322598 14.899010 8.369924 13.137875 19.125660 17.204303 14.862322 15.381132 16.692001 15.134471 10.762374 5.968400 4.695603 7.054286 10.378023
4.819521 0.733075 234.0783 234.0783 0.000000 3.117880 0.760167 2.316021 2.845502 1.409416 0.796021 1.038943 2.025811 2.144514 1.337587 1.178357 0.931221 0.560375 1.443754 1.680612 1.191282 1.469205 1.676413 1.611806 1.750532 1.070727 0.539770 0.833324 0.768472 0.484054 2.046610 3.058815 3.219600 2.574228 1.987499 1.302959 1.474064 1.965292 1.043013 1.717622 1.880403 2.542434 7.371285 11.637773 15.082522 21.691576 24.641156 23.872727 22.855559 22.660916 24.433854 25.312288 23.312449 20.155917 17.478536 12.920807 7.434429 3.173710 4.079627 3.439391 1.245832 0.411926 0.547201 0.713416 0.634157 0.269560 0.259322 0.285581 0.443891 0.388008 1.023349 0.887030 0.838489 1.014364 0.839281 0.451658 0.291002 1.061105 1.884240 2.027340 1.659776 1.530085 1.802704 1.816723 1.656442 1.823025 2.115866 2.061370 1.620040 1.227458 1.168263 0.968618 0.620653 1.203844 2.663864 3.582855 3.726460 3.060515 2.015141 2.292992 3.358347 3.130974 2.207471 1.459249
4.859971 0.162977 210.0057 210.0057 0.000000 0.757290 0.396068 0.517597 0.468383 0.406707 0.228498 0.117721 0.322114 0.479022 0.253297 0.104770 0.393243 0.447373 0.169664 0.290552 0.217036 0.294021 0.262508 0.278547 0.186369 0.266576 0.265099 0.126120 0.416564 0.410934 0.388837 0.454352 0.343927 0.468258 0.413136 0.203378 0.351794 0.626716 0.704064 0.761838 0.820564 1.003187 1.502737 2.478391 4.292732 6.067835 7.020288 6.040665 3.616778 2.162509 2.488257 1.788946 0.519091 0.270118 0.315769 0.524232 0.468875 0.195951 0.237207 0.400242 0.416702 0.510203 0.542856 0.407916 0.106832 0.087706 0.114401 0.085854 0.031300 0.152010 0.171443 0.243833 0.227319 0.324002 0.232481 0.125320 0.124234 0.091113 0.107028 0.203699 0.244596 0.221037 0.186184 0.133181 0.082415 0.069042 0.178903 0.124179 0.089659 0.194770 0.177732 0.241727 0.224884 0.199884 0.114869 0.079402 0.076466 0.047840 0.096549 0.109008 0.052997 0.053530 0.116280 0.181682
4.912226 0.028101 214.7367 214.7367 0.000000 0.004648 0.155630 0.145792 0.087962 0.172698 0.132323 0.101450 0.134678 0.178166 0.254643 0.342335 0.412932 0.412778 0.303217 0.206440 0.193338 0.159198 0.133116 0.248655 0.145376 0.093569 0.072436 0.119641 0.182699 0.099567 0.057073 0.119545 0.098242 0.137824 0.147509 0.117006 0.172195 0.185313 0.090864 0.053195 0.143308 0.166216 0.131006 0.359204 0.361491 0.279809 0.311804 0.449604 0.148990 0.469346 0.194037 0.302612 0.153749 0.111609 0.105556 0.125397 0.076565 0.039755 0.110750 0.168700 0.153690 0.149569 0.138029 0.106286 0.130779 0.120005 0.054898 0.029743 0.075460 0.127106 0.113805 0.097813 0.060486 0.113273 0.067103 0.046832 0.096251 0.101499 0.084091 0.098707 0.079553 0.054806 0.046766 0.037521 0.036739 0.052689 0.066264 0.072555 0.099934 0.103792 0.149627 0.106232 0.031223 0.016130 0.059609 0.047439 0.019786 0.006233 0.057809 0.063834 0.035597 0.010260 0.016817 0.028417
4.959923 0.004394 52.4983 52.4983 0.000000 0.147255 0.198273 0.137861 0.063928 0.098710 0.172294 0.168362 0.180491 0.213523 0.331231 0.316632 0.216711 0.234881 0.177705 0.097550 0.121217 0.046383 0.194272 0.222799 0.211438 0.197126 0.202500 0.186575 0.211038 0.088824 0.060022 0.109443 0.106810 0.110586 0.062853 0.071427 0.142625 0.170959 0.147256 0.132391 0.159374 0.130407 0.053479 0.099578 0.036643 0.009863 0.088812 0.103541 0.132637 0.141325 0.203201 0.179373 0.126857 0.071756 0.031432 0.036713 0.067545 0.095462 0.124751 0.177802 0.159976 0.087353 0.157117 0.112092 0.086368 0.129639 0.136911 0.079627 0.105439 0.171508 0.176032 0.108028 0.069327 0.114349 0.108212 0.123093 0.153094 0.139601 0.122350 0.115239 0.074153 0.041467 0.059234 0.060019 0.059603 0.069564 0.058014 0.140034 0.189465 0.161448 0.105977 0.091698 0.046699 0.017198 0.042887 0.033754 0.034763 0.053456 0.073437 0.071273 0.051965 0.051228 0.058914 0.037753
5.009948 0.004542 53.1688 53.1688 0.000000 0.123565 0.149615 0.180503 0.136903 0.155950 0.300183 0.368480 0.296691 0.260622 0.330825 0.329922 0.205832 0.183583 0.203782 0.085483 0.076098 0.097938 0.144298 0.112905 0.112649 0.142974 0.162953 0.289424 0.366431 0.292253 0.207930 0.162489 0.096331 0.081468 0.132147 0.126158 0.063210 0.108892 0.072247 0.098828 0.060352 0.098560 0.084112 0.099191 0.112212 0.089700 0.061912 0.039823 0.030222 0.042362 0.084503 0.157789 0.110790 0.086502 0.121775 0.051714 0.024236 0.118447 0.171594 0.128348 0.196708 0.231468 0.227864 0.179369 0.097384 0.077219 0.129336 0.141913 0.098883 0.090031 0.078200 0.108790 0.044769 0.094289 0.118819 0.093497 0.143275 0.112298 0.058119 0.049078 0.073849 0.063691 0.025733 0.023643 0.029308 0.029377 0.108568 0.179582 0.210214 0.111828 0.074778 0.051060 0.048822 0.071830 0.070187 0.068932 0.059875 0.069257 0.088748 0.060429 0.041313 0.102695 0.102232 0.082332
5.049949 0.004744 31.4964 31.4964 0.000000 0.130138 0.288628 0.179622 0.183378 0.225424 0.305924 0.296659 0.150059 0.088795 0.162350 0.218805 0.201322 0.181499 0.171780 0.146224 0.163200 0.158112 0.182530 0.142838 0.078787 0.082323 0.079594 0.237662 0.316630 0.192938 0.221120 0.234269 0.144360 0.090497 0.138087 0.151761 0.094895 0.092872 0.133389 0.112634 0.101223 0.154114 0.186534 0.238578 0.231883 0.087153 0.080184 0.121645 0.087976 0.139460 0.091051 0.093403 0.136628 0.148548 0.102712 0.055158 0.104253 0.191263 0.190408 0.165923 0.147230 0.111126 0.169846 0.131496 0.122277 0.179095 0.059483 0.033781 0.036680 0.028158 0.035311 0.085346 0.088307 0.093950 0.084195 0.093399 0.086339 0.059719 0.060648 0.065529 0.049606 0.031093 0.011270 0.008989 0.046339 0.109752 0.145188 0.133267 0.094172 0.047854 0.059561 0.020698 0.087733 0.076438 0.040838 0.051474 0.085595 0.083036 0.070644 0.089951 0.088278 0.049264 0.032473 0.053426
5.099809 0.004666 194.2065 194.2065 0.000000 0.071969 0.316510 0.424222 0.382836 0.210883 0.228072 0.112652 0.111856 0.105679 0.096658 0.155845 0.191537 0.159147 0.112755 0.149185 0.246468 0.236417 0.222348 0.166618 0.129414 0.141950 0.049958 0.119887 0.174045 0.072355 0.109762 0.219502 0.189676 0.137765 0.082595 0.112211 0.154265 0.161694 0.143332 0.068649 0.052893 0.170575 0.354628 0.418330 0.251899 0.035407 0.162028 0.190288 0.212984 0.200965 0.100740 0.055200 0.059735 0.099407 0.049626 0.021249 0.099994 0.182244 0.157208 0.129645 0.150410 0.116044 0.078487 0.074388 0.207140 0.252229 0.147605 0.078491 0.067154 0.090105 0.121402 0.152119 0.086159 0.126666 0.110335 0.080720 0.060901 0.069052 0.089363 0.068854 0.047613 0.041311 0.013082 0.016132 0.034059 0.055185 0.050522 0.038008 0.098127 0.043265 0.091391 0.113373 0.089572 0.034301 0.013488 0.026546 0.038941 0.041365 0.038770 0.054092 0.060109 0.039597 0.028601 0.046643
5.149917 0.516646 228.8468 228.8468 0.000000 2.159941 0.313516 0.298261 0.546410 0.366893 0.332589 0.262975 0.356655 0.371908 0.232399 0.177616 0.250169 0.186528 0.173247 0.317056 0.192773 0.225690 0.226370 0.312889 0.270999 0.085086 0.166848 0.114878 0.114504 0.237229 0.125927 0.067036 0.217155 0.281546 0.187517 0.344851 0.257049 0.237222 0.361313 0.244905 0.813113 0.493057 1.114189 1.195682 1.554403 1.824436 2.237818 2.302106 2.489920 2.598974 2.554280 2.408030 2.427337 2.203403 1.858012 1.647497 1.463283 1.132046 1.019344 0.883598 0.672936 0.502626 0.468327 0.392952 0.264167 0.273107 0.281349 0.200968 0.144721 0.231699 0.306297 0.109722 0.168018 0.130265 0.174006 0.166409 0.055943 0.074234 0.039113 0.053790 0.113621 0.165879 0.078437 0.198171 0.158033 0.289778 0.204018 0.295840 0.351181 0.344266 0.357803 0.388532 0.384783 0.403986 0.372658 0.373015 0.364229 0.326306 0.284133 0.267262 0.254098 0.219530 0.160706 0.150834
5.199963 1.068886 225.1753 225.1753 0.000000 3.025455 3.679568 5.439260 8.012305 10.585780 12.371383 12.613622 10.714782 7.968301 6.254180 5.547065 4.900530 3.982060 3.235461 1.817847 0.289579 2.335831 3.887799 4.152884 3.059167 1.914646 1.141863 0.915216 0.942053 0.979993 1.057142 0.804965 0.433785 1.285160 2.446522 2.876450 2.384364 1.357111 2.857529 5.778359 6.183908 3.883910 3.963639 8.378728 14.809884 23.666053 36.029888 53.941104 74.303602 86.969047 82.374840 60.723041 33.430115 17.003258 17.989303 19.529505 17.459237 14.702058 12.057474 8.784780 5.491852 4.576590 5.575057 6.299455 6.506057 6.058516 5.338572 4.243992 2.800686 2.122638 2.078545 2.736428 3.872602 4.715920 4.985207 5.016704 5.257159 5.750633 5.892642 5.557451 5.233147 5.430885 6.746220 9.044610 12.381968 16.999496 21.713823 24.622656 24.138338 19.875153 13.475333 8.886528 9.307318 11.276348 11.566933 9.772725 7.049923 5.103337 5.050968 5.562029 5.431058 4.810726 4.257949 3.897017
5.254784 1.198848 222.0976 222.0976 0.000000 1.586360 4.883934 10.029572 13.147566 20.059450 31.400808 36.719301 34.046792 27.256746 18.668165 10.819643 7.249137 5.405249 5.070501 5.009291 6.694998 10.247237 10.708357 8.309227 4.134984 1.173305 2.342811 1.203069 1.343111 2.443475 2.453142 1.838700 2.557810 4.708939 4.795037 5.526453 7.288095 11.409574 16.899217 16.404868 10.788898 13.783514 16.157799 11.564731 46.357716 65.190321 87.314409 171.042575 254.961619 214.870298 86.810291 22.864045 28.708689 36.683179 28.643878 21.759826 26.179501 25.743427 21.738396 18.897070 16.008030 12.224086 10.855848 11.399773 11.858762 8.811431 4.354247 3.162556 5.151830 8.191293 10.727755 12.056500 10.499200 7.770674 10.012592 14.254273 17.543164 18.211865 17.442240 16.208270 14.004540 19.234706 31.803580 41.650985 56.427065 69.244175 58.683145 25.523718 12.657367 14.897011 17.765358 26.416498 26.464514 14.803990 7.195131 13.431462 13.857845 12.272255 9.804221 10.290619 11.890783 12.615914 12.419559 11.192825
5.312412 1.203880 229.9931 229.9931 0.000000 1.168438 2.186557 6.817962 6.368292 7.857309 21.954068 28.086495 27.880812 26.538619 19.815348 9.181761 4.475970 4.420192 3.608384 6.109661 3.390289 9.771845 11.205503 5.593111 7.088389 6.154000 3.552267 2.583744 2.039412 1.222102 1.738416 3.312127 2.155921 1.633589 3.897355 3.623713 4.427774 8.106542 8.076518 14.172027 16.609024 12.615464 13.498836 11.336848 15.964849 42.690454 28.674682 31.988658 42.768628 215.759960 303.749609 212.377509 82.230766 20.354426 17.109555 23.518144 10.103052 7.945706 18.238096 17.835017 17.365620 17.281851 12.337489 4.754606 5.588826 3.549883 9.051501 8.205565 2.620122 0.808726 2.784442 5.500955 7.231414 7.261794 8.441404 4.674462 5.839472 5.299096 13.130199 15.818815 12.447419 13.598680 10.009925 5.278011 12.808476 21.404907 21.998875 38.810321 58.571820 59.049348 40.636962 23.106271 8.268384 9.096343 17.150426 22.829423 23.985945 20.557069 16.410496 7.904770 10.390669 7.423565 5.290263 8.457966
5.369957 1.098420 238.7011 238.7011 0.000000 5.248400 2.568107 3.957898 4.203522 4.101135 6.103441 5.817812 2.304144 4.575430 5.763267 4.050308 4.760514 4.022903 4.053029 4.528392 3.862406 4.382113 6.214968 6.071234 5.202277 4.828129 3.538850 1.634424 1.328273 1.751234 0.934592 0.970937 2.746403 2.989670 1.491766 1.208931 3.399771 6.360073 5.490844 2.513241 4.249593 2.917419 10.300893 13.886123 22.093462 20.399935 36.893776 43.454343 35.114663 37.465957 77.393822 113.669207 115.794438 89.874736 53.536876 22.946573 10.082774 7.367920 5.431775 5.246226 5.010842 1.870586 1.834967 3.791329 3.134867 2.863240 2.532517 2.559640 3.639958 4.027416 1.990325 0.725040 0.786461 1.036870 1.420961 2.310067 2.473270 4.459798 5.582179 4.855552 5.125296 6.794156 3.606878 0.776267 2.481929 2.785503 2.586629 5.509643 6.476965 7.867371 10.942862 12.483108 16.943878 21.785622 18.082770 10.609762 5.481243 3.138513 3.605263 7.376714 11.812141 12.326605 9.339518 7.689225
5.412449 0.575396 209.3456 209.3456 0.000000 1.815398 1.720799 1.499666 1.074342 0.535458 1.034024 1.527142 0.910488 0.748152 1.339755 1.263735 1.816237 1.591009 0.474973 1.380294 2.030119 1.475848 1.496794 1.596767 1.999574 2.187233 1.170728 0.297902 0.746953 1.307897 1.555142 1.337536 1.519479 2.002713 1.663382 0.924520 0.965978 1.919489 3.480298 3.439955 1.541475 1.701245 3.973542 9.608156 16.146095 19.597858 19.559280 18.966587 18.692954 15.999103 15.006276 15.045389 12.523100 8.783872 6.043848 5.861558 7.032568 4.683155 1.277543 1.767429 1.425504 1.209687 0.914731 0.244555 0.874993 0.904029 0.858471 1.189991 1.057062 0.738290 1.045473 1.230582 0.842054 0.580171 0.790279 0.984255 1.163646 1.302238 1.295327 1.140280 1.403514 2.153757 2.604303 2.330007 1.176214 0.351422 0.584700 0.830304 1.092058 1.137858 0.898628 1.105929 1.511347 1.925035 2.262836 2.373383 2.089627 1.535666 0.998493 0.742852 0.529760 0.953258 1.763844 1.773845
5.459518 0.116620 209.9053 209.9053 0.000000 0.187827 0.215741 0.261719 0.278912 0.131287 0.188802 0.292687 0.315655 0.480177 0.441586 0.234873 0.297364 0.469129 0.365589 0.261584 0.453191 0.291141 0.169656 0.071352 0.129181 0.254274 0.311503 0.268853 0.151806 0.203251 0.380108 0.564933 0.608334 0.386055 0.395071 0.468108 0.321162 0.145006 0.272662 0.587492 0.771493 0.954379 1.111535 1.599154 2.562871 3.860624 4.657778 4.060673 2.482237 0.824580 1.062408 1.395515 1.039626 0.511416 0.379076 0.327018 0.277645 0.315289 0.428920 0.453443 0.515597 0.695641 0.521418 0.211129 0.181793 0.337675 0.190372 0.179837 0.140958 0.106324 0.288641 0.213872 0.161867 0.283539 0.206525 0.143457 0.167010 0.327248 0.331989 0.229332 0.167789 0.103774 0.117142 0.186295 0.145404 0.143325 0.254847 0.342459 0.184404 0.243586 0.117048 0.131750 0.103678 0.155456 0.154214 0.053504 0.152928 0.126834 0.121554 0.096350 0.097977 0.097235 0.064271 0.089970
5.512506 0.017767 75.7620 75.7620 0.000000 0.242643 0.321931 0.276715 0.179647 0.174305 0.208327 0.168303 0.110218 0.219365 0.258757 0.073169 0.164037 0.105987 0.311575 0.428901 0.263147 0.201622 0.152551 0.080165 0.067510 0.028950 0.033904 0.039722 0.061920 0.072432 0.077665 0.122114 0.137501 0.149571 0.146888 0.122780 0.177460 0.229559 0.211149 0.132043 0.088699 0.058719 0.038256 0.137952 0.168864 0.171716 0.120218 0.154708 0.114889 0.132160 0.120219 0.171341 0.275401 0.215534 0.123422 0.126044 0.174764 0.222047 0.167393 0.099845 0.117540 0.090311 0.094910 0.149030 0.133114 0.076018 0.065472 0.076343 0.065924 0.082075 0.100223 0.101563 0.059320 0.074730 0.101975 0.150982 0.156476 0.077492 0.043295 0.052873 0.047656 0.082151 0.111687 0.120309 0.103864 0.063415 0.070544 0.107482 0.084417 0.065513 0.084811 0.082138 0.077656 0.083569 0.091499 0.073928 0.093545 0.086280 0.029413 0.066492 0.081862 0.087356 0.071567 0.066443
5.559509 0.004672 78.5969 78.5969 0.000000 0.056425 0.168511 0.162809 0.083798 0.091238 0.177988 0.133146 0.055475 0.071133 0.202226 0.211183 0.134466 0.159066 0.203766 0.282073 0.413931 0.347596 0.168129 0.166470 0.159676 0.043389 0.050583 0.015451 0.089565 0.129535 0.056229 0.066301 0.137159 0.222161 0.275847 0.286439 0.213971 0.113572 0.115037 0.195844 0.245916 0.232096 0.165722 0.146669 0.157577 0.143479 0.070353 0.043904 0.027105 0.142084 0.129212 0.139457 0.181979 0.074778 0.070592 0.071985 0.105583 0.126464 0.151829 0.160055 0.141599 0.102321 0.065355 0.085875 0.089590 0.059627 0.123593 0.066585 0.093038 0.088803 0.056144 0.042608 0.040169 0.038474 0.072522 0.085816 0.086426 0.062868 0.122770 0.133444 0.106292 0.085147 0.055573 0.046412 0.082392 0.097733 0.058881 0.059060 0.054641 0.076451 0.112464 0.103320 0.093148 0.110170 0.087662 0.034361 0.026294 0.063482 0.057795 0.060605 0.068772 0.045414 0.035397 0.035340
5.609914 0.004611 53.2175 53.2175 0.000000 0.128036 0.130448 0.094209 0.172097 0.208655 0.249130 0.191815 0.184205 0.274663 0.332010 0.296171 0.215162 0.185711 0.079886 0.050171 0.264101 0.232659 0.105806 0.141267 0.286570 0.275254 0.250056 0.235381 0.245132 0.223387 0.132990 0.049515 0.048066 0.125022 0.231110 0.216836 0.175413 0.171428 0.172636 0.073191 0.098722 0.176512 0.287105 0.259730 0.245309 0.227402 0.120508 0.042944 0.058252 0.101816 0.207865 0.229407 0.172492 0.193464 0.200592 0.171944 0.095464 0.079496 0.066352 0.079537 0.075769 0.086769 0.102474 0.077474 0.052513 0.095546 0.155588 0.136710 0.072474 0.060947 0.078348 0.056359 0.022978 0.056035 0.068474 0.100284 0.084926 0.052058 0.105780 0.152519 0.098222 0.067329 0.098985 0.048381 0.014519 0.034727 0.095111 0.098254 0.057555 0.026875 0.076111 0.044543 0.062330 0.079792 0.053588 0.038721 0.035001 0.021268 0.026115 0.051070 0.051626 0.039938 0.047906 0.033502
5.649861 0.004581 104.7620 104.7620 0.000000 0.124441 0.106856 0.166217 0.261523 0.242532 0.244163 0.313255 0.379126 0.341473 0.257346 0.155792 0.208259 0.301326 0.211641 0.208678 0.285270 0.195789 0.096221 0.124288 0.362059 0.432870 0.277533 0.225665 0.198039 0.198782 0.114975 0.072216 0.119027 0.109721 0.050991 0.030138 0.052013 0.137866 0.208209 0.195602 0.198844 0.249765 0.199821 0.075710 0.175701 0.176489 0.155153 0.158313 0.200134 0.199225 0.145475 0.070435 0.100263 0.253246 0.287158 0.187037 0.117612 0.107624 0.074305 0.060788 0.101011 0.124927 0.085581 0.038536 0.070008 0.137200 0.110036 0.033199 0.050935 0.070213 0.069359 0.045967 0.105399 0.153330 0.074141 0.048340 0.099733 0.139273 0.104038 0.099313 0.104498 0.071164 0.033792 0.026488 0.049699 0.059407 0.033287 0.039655 0.051742 0.063886 0.057875 0.056192 0.004474 0.046582 0.044227 0.034165 0.043145 0.013532 0.033017 0.024546 0.016016 0.020247 0.038628 0.060620
5.699918 0.004667 83.7484 83.7484 0.000000 0.065233 0.088208 0.174951 0.200045 0.085067 0.084988 0.123152 0.247553 0.214723 0.180408 0.242975 0.286314 0.263892 0.171757 0.184444 0.388636 0.340877 0.136978 0.117345 0.197195 0.291867 0.153845 0.112120 0.119057 0.176656 0.185953 0.104290 0.087109 0.099560 0.073348 0.046414 0.090892 0.142665 0.134671 0.136551 0.147795 0.143834 0.159963 0.119626 0.099171 0.055346 0.117427 0.083687 0.183529 0.111480 0.076290 0.052112 0.113582 0.157923 0.184959 0.147377 0.071917 0.069423 0.085304 0.059801 0.060694 0.062304 0.060955 0.097170 0.106905 0.088058 0.093940 0.112581 0.103878 0.103695 0.114827 0.130125 0.173646 0.166998 0.068424 0.035702 0.075563 0.090090 0.071817 0.069280 0.047983 0.041900 0.041149 0.039536 0.060455 0.072766 0.050895 0.036785 0.042071 0.035048 0.022188 0.074637 0.088418 0.091035 0.062053 0.034659 0.069440 0.059150 0.042030 0.038239 0.031362 0.029079 0.043236 0.083838
5.749913 0.768997 239.2575 239.2575 0.000000 1.940961 0.257027 0.355298 0.577625 0.899561 1.288620 1.643995 2.141763 1.885085 2.180336 1.741932 1.699274 1.184704 0.678193 0.456747 0.439725 0.405013 0.519473 0.550391 0.448727 0.834452 0.890508 1.137015 0.874187 1.072937 0.776174 0.533405 0.500872 0.639590 0.750052 0.869695 0.795881 1.019429 0.947884 0.450843 0.494681 1.452622 2.706394 4.170201 5.323940 6.602256 7.936532 9.329966 11.299068 13.135095 14.912863 16.266029 16.737468 16.221499 14.970466 13.120614 10.877596 8.321280 6.061325 4.104036 2.392968 1.249865 0.821260 0.463172 0.265341 0.377082 0.500602 0.762355 0.974341 1.192875 1.416467 1.385624 1.382079 1.352083 1.163551 0.898045 0.731340 0.548298 0.418793 0.509894 0.550729 0.665517 0.616055 0.551677 0.367735 0.277107 0.519780 0.958424 1.521870 1.973078 2.458514 2.736406 2.915851 3.082318 2.977884 2.711624 2.323746 1.865978 1.432332 1.190408 1.286128 1.492037 1.599605 1.671780
5.799950 1.164185 229.8608 229.8608 0.000000 2.417741 0.952044 1.968158 2.238605 2.534126 7.738839 16.049760 22.112530 22.485033 17.550255 10.875728 5.541128 1.921149 0.966752 2.007797 3.013792 4.646266 5.386879 5.521796 5.065654 3.810414 3.934949 5.639776 5.641265 3.674793 2.389849 3.369718 4.474799 3.583026 2.060634 3.093631 3.006977 2.300036 3.250781 6.744884 12.850253 20.928397 26.914466 27.176504 26.195854 31.447425 39.533665 43.884746 71.358196 125.764395 157.579010 140.219095 90.759542 46.363854 26.265464 19.200602 16.308552 13.285073 8.049850 3.998334 2.718832 2.641587 2.930480 3.189855 4.833688 7.144661 7.162632 5.387468 5.607687 6.796878 6.736306 6.408193 5.778395 4.049780 2.287511 3.189368 5.202579 6.081445 5.767058 4.723964 3.945081 4.011363 3.262544 4.160805 8.869410 13.978224 21.719311 32.296912 39.480133 37.524351 27.085140 14.016594 4.663311 2.398997 6.417417 12.469061 14.675779 11.314195 6.664298 6.600163 7.663836 6.449052 3.986698 3.968706
5.849951 1.209870 222.1024 222.1024 0.000000 4.351642 3.196845 3.476415 4.423448 8.798629 18.452253 32.699390 43.259531 36.670128 18.560336 8.364140 5.693216 4.514855 5.652174 8.235198 8.411526 6.491017 7.422298 7.628377 5.892293 3.316872 8.890909 10.121910 6.612993 2.932858 4.309971 8.522181 7.683105 4.016277 5.615372 2.476324 1.927008 6.570545 10.415207 13.261948 27.635080 34.315866 15.995016 15.932949 29.318866 33.677176 34.347316 105.154529 269.646377 294.893093 157.909640 38.375797 36.162583 9.134279 19.806146 24.030830 17.710128 10.338658 4.633625 4.009434 6.882781 2.569024 6.664450 10.750379 11.708859 7.080148 8.776164 7.696703 6.047178 7.783115 10.624779 8.742710 5.514093 9.084288 8.899898 7.388129 8.120252 9.126641 10.675756 8.738248 5.743508 10.721150 15.634926 16.483110 42.216629 73.520519 74.239078 49.707762 21.814448 8.146749 3.007946 10.565734 28.546503 31.251948 17.168449 7.706194 10.711536 8.081143 6.253570 5.603666 8.701648 15.875164 16.703821 14.353346
5.912526 1.211643 229.8595 229.8595 0.000000 5.924752 4.533698 1.381308 1.628091 7.242469 11.501247 15.787350 24.104694 24.357389 11.960659 3.905084 2.122341 3.685276 5.409270 7.836614 7.517386 4.527423 1.533918 3.873335 2.825580 5.222173 6.571438 6.807464 5.557179 3.264707 2.208059 4.088317 6.343953 8.139063 8.453610 6.530782 1.948053 1.358059 3.773528 7.850329 9.127383 14.752773 15.592182 19.471473 20.741487 28.279510 33.419937 37.615207 68.807787 179.718729 246.396142 187.843032 84.047834 27.252355 21.600056 14.342116 12.251152 12.191040 9.795820 6.266624 5.774353 8.009389 10.448077 9.388693 6.243558 2.852878 10.645599 12.850190 11.416319 6.560573 2.306368 2.639149 5.682526 8.851785 9.495745 8.361418 5.858692 1.480489 2.758443 4.382793 4.293162 10.655817 11.205638 6.783155 4.662119 7.700909 14.334069 35.092420 49.597678 42.423644 28.710315 13.421687 5.756887 9.218037 16.735192 26.713816 25.044231 16.229730 10.574227 8.467358 5.710935 3.403549 5.665953 9.700501
5.969949 0.946233 228.3922 228.3922 0.000000 5.420585 3.206928 0.937141 2.072607 2.776101 2.312506 2.364942 3.994882 5.671488 5.037953 2.101636 1.461979 0.860998 1.397958 2.381323 1.729975 1.627295 2.034248 2.381765 2.272109 2.870458 2.793155 0.982820 1.907854 1.692674 1.121786 1.685200 1.447811 1.775422 3.138541 3.756143 4.415649 3.992518 3.735974 6.792124 4.044128 9.781054 16.009755 17.456115 26.988691 33.900149 38.124816 38.748468 46.403946 59.182942 65.274084 57.018734 40.304113 26.856370 16.500379 7.150866 2.947053 0.940131 1.153873 1.308771 0.812240 2.625204 5.303919 6.350817 5.781093 4.119573 3.560416 4.785798 5.953467 5.795627 4.916638 3.433559 2.185824 1.723958 2.430298 3.127422 2.229614 1.680709 1.414123 0.462294 0.966676 2.422522 4.893660 5.603599 3.808722 2.247785 3.854715 7.134388 9.271611 9.558271 7.008498 3.548060 4.741056 6.420021 6.633312 7.513540 8.380895 6.828163 3.352013 1.925113 1.918948 2.181096 1.874334 2.067881
6.012560 0.347455 219.4433 219.4433 0.000000 2.246256 0.930181 1.196595 0.804034 0.304355 0.505352 0.599065 0.340325 0.749588 1.341522 0.893085 0.710911 0.658489 0.425593 0.454504 0.437617 0.398416 0.273270 0.287404 0.715241 0.554939 0.404444 1.046655 0.944497 0.862394 0.835960 0.671664 0.342188 0.723422 0.992696 0.850886 0.631433 1.386339 2.580144 3.692209 4.651459 5.352792 6.400587 9.066696 11.495802 11.567739 10.726600 12.240763 11.700998 7.146952 3.821555 1.883498 2.463283 2.075332 2.230930 1.606350 0.853565 0.554563 0.735151 0.664958 0.366573 0.307526 0.146732 0.254820 0.697838 0.605715 0.617661 0.758599 0.582153 0.325236 0.311929 0.359397 0.244166 0.675173 0.947705 0.822317 0.556706 0.260443 0.191363 0.429675 0.498844 0.395960 0.335312 0.475664 0.787211 0.884061 0.884085 0.800714 0.532294 0.268851 0.235003 0.282673 0.201256 0.317013 0.807671 1.071610 1.028363 0.797565 0.568451 0.260532 0.156596 0.496910 0.553318 0.328831
6.059559 0.067863 204.1882 204.1882 0.000000 0.485978 0.173895 0.147162 0.240736 0.231758 0.126454 0.158597 0.135823 0.218141 0.319651 0.271185 0.130023 0.067706 0.115564 0.144739 0.121246 0.057561 0.070877 0.158155 0.170833 0.173344 0.063146 0.202111 0.282519 0.212685 0.162893 0.067700 0.232479 0.252732 0.201215 0.202648 0.161091 0.219099 0.256090 0.328238 0.526060 0.715424 1.025363 1.395647 1.890035 1.940343 1.598404 1.335062 0.789803 0.619083 0.688915 0.743896 0.391827 0.232211 0.446050 0.439123 0.230973 0.130677 0.111175 0.130818 0.147793 0.148450 0.095602 0.043866 0.091900 0.119143 0.155961 0.114974 0.074369 0.082503 0.074311 0.054303 0.102300 0.119528 0.071499 0.170919 0.077375 0.072908 0.060196 0.064022 0.053092 0.074611 0.103879 0.114682 0.099656 0.059900 0.047641 0.080952 0.100465 0.042949 0.038123 0.074095 0.050999 0.038621 0.049989 0.046027 0.038588 0.029936 0.046344 0.018970 0.043497 0.044326 0.028588 0.047050
6.112503 0.007895 85.3431 85.3431 0.000000 0.171209 0.162424 0.077165 0.127893 0.165931 0.132747 0.167108 0.161305 0.081552 0.038648 0.083736 0.182025 0.130719 0.106061 0.097703 0.172609 0.277363 0.229840 0.069558 0.071811 0.120474 0.158445 0.103069 0.093136 0.126075 0.120785 0.151470 0.177647 0.097122 0.125301 0.156689 0.086859 0.139296 0.204321 0.100768 0.101844 0.126156 0.176392 0.152564 0.099679 0.096952 0.142230 0.175106 0.166444 0.197529 0.179411 0.159680 0.202684 0.060020 0.022158 0.208970 0.241091 0.130461 0.083955 0.083188 0.089883 0.086236 0.097989 0.106347 0.052164 0.039073 0.044401 0.103823 0.079915 0.046600 0.026157 0.051886 0.059355 0.078021 0.075815 0.069738 0.089581 0.093516 0.069727 0.058201 0.078193 0.129180 0.119325 0.081496 0.079958 0.127701 0.141744 0.119568 0.128168 0.099408 0.033585 0.036395 0.055149 0.050361 0.042698 0.051988 0.082468 0.081841 0.039893 0.027540 0.048466 0.072718 0.038049 0.040713
6.159936 0.004586 62.8638 62.8638 0.000000 0.229191 0.205543 0.077099 0.060128 0.224935 0.333231 0.256023 0.106584 0.079655 0.117580 0.227198 0.352144 0.342805 0.241615 0.195929 0.261564 0.338168 0.314446 0.203820 0.196978 0.287042 0.244832 0.025140 0.133504 0.120554 0.086269 0.114009 0.184170 0.166466 0.137369 0.127227 0.162256 0.233476 0.283849 0.243069 0.174739 0.211022 0.228009 0.108883 0.082324 0.137846 0.150209 0.053105 0.141733 0.227759 0.220369 0.095111 0.155633 0.148045 0.135985 0.138952 0.090300 0.064819 0.124804 0.153629 0.097515 0.066912 0.078787 0.065881 0.061143 0.061848 0.056855 0.026618 0.051618 0.043710 0.018938 0.042065 0.101456 0.101896 0.091883 0.052656 0.029065 0.038246 0.066381 0.122156 0.154711 0.106960 0.045021 0.047579 0.086102 0.100467 0.112669 0.143649 0.072895 0.023124 0.058906 0.046711 0.045830 0.036514 0.053175 0.086110 0.062245 0.043452 0.025900 0.073206 0.111815 0.090607 0.043505 0.054438
6.199542 0.005094 64.0035 64.0035 0.000000 0.220266 0.322732 0.227152 0.146706 0.172574 0.330345 0.382667 0.244095 0.167872 0.219195 0.253837 0.347070 0.394032 0.195799 0.055592 0.153908 0.082386 0.216930 0.233331 0.069184 0.192462 0.266984 0.268879 0.230778 0.153705 0.143247 0.204116 0.216303 0.207834 0.096171 0.113275 0.056653 0.121858 0.050475 0.282120 0.353630 0.291825 0.228933 0.157781 0.082841 0.067295 0.085293 0.083017 0.093281 0.093951 0.110106 0.246913 0.234189 0.246635 0.098087 0.070226 0.044302 0.118406 0.179285 0.198428 0.126419 0.060313 0.080680 0.101268 0.101531 0.127085 0.070063 0.075030 0.082748 0.024439 0.044712 0.048898 0.053695 0.094750 0.058242 0.050852 0.063889 0.046532 0.030216 0.027267 0.039821 0.098437 0.074653 0.047385 0.022228 0.053585 0.084225 0.079499 0.091707 0.112184 0.090378 0.043284 0.043701 0.078883 0.091811 0.066175 0.044162 0.066477 0.051753 0.055118 0.085176 0.123557 0.070112 0.110755
6.249943 0.005220 42.0155 42.0155 0.000000 0.187455 0.319028 0.273503 0.167206 0.168787 0.191942 0.272107 0.361127 0.352313 0.210250 0.119859 0.195328 0.258026 0.205150 0.185348 0.212530 0.169941 0.106154 0.106081 0.260792 0.253554 0.075137 0.282074 0.352877 0.369866 0.348427 0.189961 0.113384 0.180348 0.264457 0.235179 0.148506 0.150464 0.258945 0.325465 0.217877 0.089263 0.150974 0.093161 0.140555 0.050095 0.075103 0.112887 0.143977 0.074406 0.176333 0.299370 0.221633 0.127028 0.142643 0.174056 0.140166 0.113387 0.154519 0.152678 0.075933 0.088818 0.169085 0.208864 0.171104 0.114029 0.088322 0.098592 0.073226 0.065805 0.088454 0.111470 0.102081 0.078348 0.042256 0.034987 0.037597 0.030009 0.053679 0.092213 0.075332 0.035752 0.031155 0.033856 0.098052 0.124143 0.049411 0.041148 0.053180 0.107325 0.073921 0.044967 0.063514 0.103258 0.065909 0.042997 0.044677 0.049525 0.088957 0.132113 0.120645 0.106011 0.125492 0.120707
6.299497 0.414842 4.9880 4.9880 0.000000 2.896076 0.215264 0.037865 0.143503 0.215260 0.362991 0.428470 0.252418 0.213299 0.494772 0.268404 0.043759 0.450386 0.147122 0.389323 0.085760 0.236703 0.073146 0.259723 0.208672 0.268179 0.113138 0.202092 0.303989 0.298782 0.129648 0.121149 0.261110 0.259710 0.442280 0.208704 0.235638 0.106923 0.391727 0.145286 0.481762 0.452531 0.755904 0.597932 0.824567 0.897544 1.076614 1.142831 1.043365 1.153020 1.054594 1.025104 0.731651 0.952166 0.714571 0.762235 0.442704 0.490496 0.451047 0.496725 0.311081 0.391119 0.410416 0.417233 0.353763 0.355599 0.278721 0.302172 0.389403 0.263671 0.208916 0.294170 0.257460 0.203619 0.130270 0.103497 0.138581 0.031614 0.053662 0.090213 0.088737 0.127223 0.216876 0.206693 0.128172 0.204460 0.163413 0.210954 0.139882 0.234843 0.151572 0.169797 0.138805 0.135566 0.164278 0.149595 0.098946 0.168628 0.089513 0.091332 0.138201 0.108327 0.145568 0.140481
6.349839 1.030629 232.7760 232.7760 0.000000 8.163196 7.098638 6.609219 6.230089 6.234011 6.628656 6.038727 4.108327 1.840286 2.093647 4.785990 6.157945 5.597607 4.232438 3.073393 2.842119 3.013983 3.028376 2.550762 1.330469 0.566882 1.085480 1.696364 2.194896 2.729781 3.097524 3.647114 4.052022 4.357528 4.427670 4.589425 4.760058 4.735254 4.958499 6.501053 9.240002 11.893483 14.160175 16.979563 19.862099 21.814459 23.847549 32.042873 47.476928 62.566857 69.651749 65.763395 52.839296 36.894819 23.531580 14.461782 7.799113 3.269988 3.246413 4.410267 4.961817 6.590472 9.286106 11.678080 12.947153 12.283322 9.555596 6.088848 3.970153 4.206841 4.740010 4.183627 2.431731 1.295297 3.166888 6.092341 8.408998 9.741694 9.847060 9.010155 7.549125 7.505018 9.128979 10.904740 11.115605 9.063869 4.876854 2.383668 4.588429 6.816089 6.921348 5.618914 4.179011 3.894484 5.121517 7.234514 9.239016 10.370507 10.742875 10.372159 10.010561 9.319918 8.206088 6.775661
6.399495 1.208807 229.0732 229.0732 0.000000 8.120382 14.629886 14.807737 11.143873 12.541780 18.425244 22.619564 22.238327 18.596328 18.013033 19.231875 17.028053 10.328410 3.554618 3.012607 4.352646 5.226337 7.286251 8.627124 7.562682 6.491069 5.992987 5.394877 4.895168 6.131601 8.843013 9.364466 7.919030 5.235198 6.498456 10.131007 9.688237 12.097794 16.580727 21.508485 23.691559 17.429932 22.584581 35.786284 32.732048 22.940510 36.904673 51.595592 117.107516 227.237671 245.705692 155.069614 61.520222 41.117935 40.819662 30.254088 21.551182 16.574913 9.215925 4.540880 10.227053 14.598689 22.771022 29.132801 30.913038 24.026308 10.809901 4.476042 9.059880 11.871236 10.971869 9.772740 10.227154 14.960989 21.823052 27.950371 28.267445 21.587817 14.353119 9.380619 9.450637 16.322212 27.120684 33.794845 30.768166 25.424020 27.769671 37.144594 40.950315 31.166252 13.085682 4.181140 10.551734 13.480763 23.009851 29.938211 24.997369 18.001696 18.954881 22.531880 21.289260 16.424077 14.944038 13.982987
6.459889 1.216403 232.6061 232.6061 0.000000 2.797255 10.106314 12.586736 6.329737 7.283736 12.956349 19.560504 27.650425 26.678571 22.283762 16.802001 14.151454 10.012838 3.127411 1.115636 2.970339 3.131608 5.287717 10.363288 8.345627 8.489581 6.805484 3.760542 3.009362 2.589789 6.006850 8.163397 4.857608 4.287258 5.936968 9.890922 6.486187 7.540409 12.801306 10.565906 17.916784 19.999102 11.573370 20.608243 27.191085 23.460193 16.736376 27.365752 58.917770 157.565765 288.388621 256.184273 118.231586 36.248497 30.270884 27.372692 23.453239 22.685234 20.374871 12.603671 9.154080 6.900005 6.542410 15.004873 16.779226 23.002230 21.398653 12.019034 5.510872 7.705719 10.340589 6.200994 9.091805 14.752943 16.385374 16.957740 22.482154 25.087499 13.520090 7.016675 5.273257 3.035211 6.022124 16.963874 30.751790 29.327781 23.056965 29.883032 43.878878 52.247313 46.518601 29.870143 18.290815 15.541546 5.599784 17.122273 32.380532 27.298286 7.901222 8.397297 10.632848 18.150861 13.485673 5.988913
6.512836 1.151854 224.3065 224.3065 0.000000 5.020483 6.077557 4.538525 4.513413 4.542839 3.922006 8.245189 10.808619 8.091876 7.235684 2.667774 4.020183 3.568651 2.704531 2.176249 3.073336 4.643776 6.140350 4.107669 1.877995 3.374049 2.170607 0.913143 1.044878 2.051820 4.509632 4.937750 2.911571 4.021310 6.610694 7.464653 6.313944 5.417121 3.804102 5.655999 6.071474 12.737749 19.571476 21.479681 35.938842 38.381274 44.571150 62.290093 108.159564 139.501962 126.056449 81.385038 36.407853 13.050573 4.045305 1.916898 4.189937 8.293131 7.193107 5.947011 5.290170 5.061712 3.637125 2.895770 5.819062 6.034151 4.725078 3.335914 4.198124 5.314490 4.367358 5.136686 6.028309 3.600647 0.688362 4.722564 7.486736 6.231992 4.077401 3.569455 1.370958 3.115003 8.571297 9.920244 6.187517 5.809102 11.489005 16.185483 21.016948 19.061353 12.128042 10.503968 10.218949 10.621994 12.322676 12.216267 9.459920 6.122524 4.113390 6.541253 9.254694 9.576703 8.631329 6.043252
6.559938 0.663024 219.8257 219.8257 0.000000 3.042790 1.357187 0.527844 0.332536 1.213331 1.647221 2.236182 2.799009 2.125937 1.613623 1.695848 1.985515 1.709739 0.628270 0.718148 0.618759 0.969682 1.566041 2.073823 2.474459 2.047183 1.074305 0.622047 0.538788 0.264624 0.114541 0.697949 1.837280 2.366828 0.715741 0.940391 1.236338 2.252680 1.641361 1.217167 2.157222 2.272270 6.411077 9.966578 16.027064 21.233445 22.092614 22.677621 24.398151 23.309057 23.641880 20.735410 16.845434 12.852437 9.447652 8.009948 3.774096 0.269647 2.056330 1.724609 1.722548 1.927623 1.061525 0.926357 0.957323 0.880104 0.871763 1.189009 1.035868 0.243365 0.220265 0.676075 1.252334 1.547749 1.376524 0.621034 0.660356 0.826720 0.471559 0.376958 0.683016 1.052462 1.330023 1.835640 1.947034 1.302269 1.295916 1.816975 1.606217 0.598134 1.147760 1.430306 0.953869 1.064544 1.490394 1.703579 1.351681 1.185045 1.487399 1.199561 0.889999 1.129383 0.821916 0.536359
6.612921 0.141856 202.5360 202.5360 0.000000 0.105353 0.160355 0.109338 0.232112 0.101089 0.145866 0.288476 0.336186 0.122772 0.159958 0.295165 0.371228 0.236420 0.351664 0.284418 0.251550 0.247519 0.148350 0.196068 0.230099 0.321629 0.288380 0.117287 0.115809 0.132641 0.142120 0.105008 0.267457 0.627957 0.736610 0.449314 0.196168 0.375957 0.604487 0.815920 1.052135 1.567485 2.745633 4.438032 5.836934 5.715381 4.004643 2.055492 1.517189 1.641705 1.014788 0.784033 0.818003 0.397034 0.355364 0.600378 0.597707 0.336202 0.229485 0.262574 0.218634 0.369204 0.337624 0.313088 0.201117 0.084454 0.087956 0.187246 0.267238 0.197674 0.217295 0.135293 0.101991 0.067792 0.094974 0.127617 0.212319 0.090069 0.115708 0.090152 0.147008 0.105592 0.046643 0.139088 0.121713 0.306763 0.269642 0.147032 0.118450 0.199638 0.201905 0.267213 0.086534 0.181486 0.160387 0.113580 0.171606 0.144377 0.101934 0.139061 0.190816 0.147647 0.088584 0.070185
6.659518 0.024583 55.2202 55.2202 0.000000 0.132020 0.280489 0.298656 0.223821 0.033396 0.080504 0.081998 0.061418 0.222757 0.255561 0.511713 0.452823 0.223076 0.153344 0.043798 0.042045 0.108062 0.088020 0.064399 0.036856 0.084205 0.078911 0.146220 0.176475 0.068200 0.090025 0.120142 0.126059 0.209102 0.098262 0.231277 0.265025 0.204056 0.155449 0.116322 0.162059 0.119467 0.181005 0.292448 0.356120 0.228052 0.365315 0.281532 0.299966 0.220989 0.124438 0.388711 0.408764 0.376697 0.357243 0.180285 0.068709 0.112988 0.128963 0.059229 0.083237 0.102912 0.059602 0.024613 0.048094 0.036453 0.109232 0.120628 0.089552 0.119898 0.112756 0.086258 0.109501 0.116436 0.067814 0.076918 0.101526 0.102794 0.114895 0.048390 0.076919 0.069857 0.102339 0.156973 0.143385 0.091726 0.072318 0.034814 0.015638 0.048791 0.091132 0.106836 0.097517 0.097642 0.076529 0.051067 0.027470 0.021862 0.030244 0.070928 0.075575 0.064614 0.038667 0.017153
6.709810 0.004985 56.6165 56.6165 0.000000 0.297754 0.309569 0.281231 0.319448 0.202839 0.150753 0.084603 0.122100 0.197644 0.348635 0.557539 0.445248 0.169207 0.091534 0.114092 0.107906 0.096485 0.125812 0.163805 0.181763 0.213513 0.223078 0.195587 0.149286 0.086330 0.096961 0.079096 0.140388 0.181219 0.081909 0.116881 0.211042 0.099927 0.179838 0.095442 0.101850 0.126659 0.240108 0.266849 0.097495 0.061834 0.104429 0.279015 0.322643 0.183352 0.061414 0.058278 0.158540 0.118555 0.077700 0.135017 0.125534 0.068267 0.037853 0.029684 0.057000 0.084585 0.090705 0.082183 0.052412 0.062369 0.094513 0.109580 0.130229 0.088234 0.113745 0.100231 0.031318 0.048722 0.087311 0.071111 0.060546 0.122471 0.086423 0.055214 0.065742 0.091175 0.105921 0.096460 0.081471 0.147372 0.170705 0.087452 0.052832 0.069618 0.069995 0.067949 0.073278 0.045683 0.064262 0.094966 0.053126 0.025872 0.017735 0.014289 0.026035 0.044895 0.056875 0.068052
6.758613 0.004951 56.3757 56.3757 0.000000 0.241963 0.205351 0.170998 0.271989 0.149095 0.106701 0.198872 0.258856 0.130843 0.191216 0.345296 0.361434 0.187551 0.103945 0.184400 0.267989 0.231244 0.146334 0.127755 0.213093 0.229105 0.245677 0.269717 0.139171 0.056842 0.091313 0.140279 0.185400 0.165675 0.094947 0.130494 0.167388 0.187411 0.239754 0.204752 0.150756 0.143416 0.161414 0.341212 0.232857 0.113142 0.076684 0.228639 0.204543 0.180442 0.113785 0.107944 0.120101 0.120431 0.046144 0.065269 0.090955 0.077243 0.071323 0.064502 0.089028 0.071694 0.074562 0.086760 0.067645 0.065611 0.090565 0.102211 0.118800 0.116473 0.079987 0.063527 0.065606 0.103097 0.151461 0.165663 0.171732 0.175093 0.130049 0.071617 0.050341 0.066404 0.057223 0.035210 0.020350 0.107667 0.116161 0.043412 0.038960 0.079770 0.123070 0.060178 0.066106 0.100050 0.104611 0.024365 0.014125 0.040599 0.031809 0.012997 0.021106 0.028952 0.054291 0.073312
6.806697 0.004689 77.8059 77.8059 0.000000 0.148194 0.166946 0.144702 0.167360 0.093526 0.105205 0.149958 0.210450 0.220304 0.159277 0.181243 0.257957 0.214010 0.218021 0.356158 0.402176 0.236107 0.089964 0.193249 0.279709 0.289506 0.229359 0.255024 0.146692 0.108639 0.118701 0.156396 0.127083 0.194083 0.087447 0.101790 0.057076 0.063414 0.230487 0.371554 0.358624 0.245682 0.180592 0.271930 0.330634 0.249726 0.163071 0.114712 0.062344 0.041434 0.098281 0.167872 0.137096 0.127614 0.177289 0.094941 0.083520 0.059398 0.076483 0.103351 0.065462 0.085790 0.108312 0.096462 0.031796 0.030132 0.052652 0.087388 0.094292 0.098757 0.040122 0.009904 0.033184 0.042297 0.088948 0.133785 0.129200 0.110233 0.093930 0.113103 0.097447 0.046789 0.018778 0.019122 0.041273 0.058046 0.106529 0.065316 0.012103 0.025273 0.042374 0.115739 0.132707 0.072293 0.076791 0.121772 0.101814 0.088813 0.096171 0.078758 0.045446 0.024863 0.041611 0.076950
6.854122 0.045845 83.4500 83.4500 0.000000 0.259494 0.221046 0.226600 0.222452 0.177564 0.155911 0.171064 0.169754 0.144845 0.191322 0.224703 0.142220 0.164848 0.269853 0.260876 0.287215 0.291089 0.141671 0.123312 0.234649 0.229524 0.255041 0.218395 0.077681 0.118989 0.142015 0.130475 0.097679 0.139150 0.173973 0.108788 0.055592 0.066428 0.141404 0.212577 0.248448 0.170578 0.118798 0.186492 0.168191 0.114231 0.142126 0.094281 0.091702 0.041850 0.043341 0.129076 0.091476 0.163471 0.259372 0.290301 0.154896 0.047843 0.035171 0.109540 0.096819 0.071152 0.054546 0.065266 0.054342 0.021063 0.052583 0.113012 0.111526 0.090813 0.077015 0.049219 0.070123 0.094463 0.095217 0.048724 0.027699 0.036161 0.062928 0.057845 0.039991 0.065544 0.041509 0.024766 0.022475 0.044034 0.089015 0.077132 0.033830 0.038751 0.074838 0.062600 0.058902 0.108213 0.098869 0.077894 0.099716 0.064744 0.087113 0.092033 0.056153 0.064115 0.069038 0.021096
6.902087 0.879495 238.2299 238.2299 0.000000 7.667048 3.706760 2.911044 3.005643 2.650143 2.444519 2.004257 1.132584 0.918858 0.715511 0.976786 1.311536 1.454590 1.046286 1.017715 1.202319 0.879174 0.830413 0.676434 0.654017 0.826953 0.809648 0.842957 0.417352 0.158578 0.566440 0.750354 0.931170 0.875876 0.703655 0.602416 0.955780 1.633915 1.958176 1.855371 1.644305 2.034727 3.790619 6.415395 9.187879 11.455950 13.219510 15.227494 18.222914 22.376162 26.836200 30.436700 31.865886 30.632722 27.240783 21.812608 15.793234 10.097455 5.645871 3.549131 3.326769 3.483716 3.495365 3.457398 3.236318 2.877274 2.439754 1.787891 1.072182 0.621716 0.709491 1.067290 1.284058 1.382211 1.542905 1.657982 1.524927 1.209520 0.790128 0.649076 1.031383 1.546341 1.802962 1.891187 1.732818 1.481507 1.109712 0.790260 0.679188 1.121203 1.997293 2.993459 4.070981 5.216897 6.122630 6.795666 7.165381 7.141874 6.983218 6.920439 6.843127 6.632717 6.192077 5.391828
6.949838 1.197979 237.3949 237.3949 0.000000 9.143599 12.308871 7.588361 2.865949 12.395886 16.895510 15.965191 12.211652 7.796418 3.577189 3.062135 7.116767 7.870804 5.179382 1.921166 2.098779 4.675782 6.184899 6.416834 5.748003 4.795688 4.429586 4.427049 4.445178 5.198054 6.347085 6.591036 4.978058 2.047027 0.951749 3.144603 6.116239 9.532713 11.443283 9.751005 7.913972 12.790925 20.356960 26.775261 29.060507 30.839473 34.500868 41.909096 54.991454 64.307606 101.844253 165.953186 189.831395 152.065477 87.309990 35.435894 8.855096 8.286910 8.688855 6.023152 5.531508 9.092692 11.711953 11.647358 11.930584 11.749302 9.125180 6.195344 6.225118 7.368872 6.931980 4.049184 2.421293 6.792027 9.579740 9.607202 7.815536 6.317200 6.718727 7.702241 8.546356 9.124194 7.766426 3.985301 2.105966 4.049441 7.824720 13.068284 18.680997 20.041246 13.716856 12.338186 27.149864 39.117636 36.282406 20.283555 13.809591 19.267697 19.633493 24.002896 26.844850 24.006462 19.253262 13.856968
7.007310 1.221270 224.8945 224.8945 0.000000 4.929522 15.336779 17.530467 16.930953 22.145796 24.051906 21.287804 19.570601 15.553342 11.387890 13.490464 14.748881 9.628489 4.749826 3.104946 5.025605 9.887433 10.520451 5.991325 4.224921 3.429865 5.649527 6.725387 7.560871 8.632844 9.376260 7.234002 4.157831 3.488162 5.488619 9.422963 12.762228 17.135589 16.764962 13.360261 16.242602 23.980030 17.221994 18.593431 19.708756 21.976629 63.886111 40.814781 180.925834 327.247819 261.372407 121.301361 50.727151 25.420503 14.215432 6.952088 4.062555 2.909231 10.166795 12.276505 6.552679 11.917412 14.765591 12.871407 11.169555 9.718316 9.373160 9.483767 9.000555 9.133557 10.534864 14.552515 11.215362 10.142850 11.551278 7.482190 7.536770 9.665042 10.874431 9.272329 5.855963 3.259193 13.998510 28.764842 36.770794 28.735907 16.619972 27.389857 50.567423 56.817677 35.628890 23.028601 28.249238 3.746146 30.160199 29.824006 19.093745 24.079048 21.737301 20.892696 21.133219 14.429406 13.452672 14.821405
7.059983 1.221475 225.3616 225.3616 0.000000 4.219001 12.043602 14.138236 11.164733 10.294523 10.306304 6.710218 10.675689 14.029642 8.528690 8.437425 10.077457 4.904036 3.099683 3.229507 3.519790 6.721936 6.689376 3.753079 2.632183 2.143727 3.093531 1.612407 2.790887 2.383700 4.448625 6.097329 4.973332 1.615395 1.441358 3.983281 3.278173 9.929449 9.398077 4.812255 8.771345 12.546974 8.357520 21.956268 23.489296 20.721848 50.889057 104.491247 179.035359 211.607693 148.499226 56.197660 9.544520 19.996586 13.496306 6.796131 4.171622 5.764746 7.760462 5.471880 2.638400 5.480922 6.508958 3.814976 5.866868 3.394595 2.702050 4.164778 7.386092 5.900668 3.763362 7.726607 6.266127 3.938095 10.422594 7.896070 5.569177 3.804051 5.182175 8.829570 7.006663 4.829945 8.653135 16.293728 22.914846 19.507527 14.282950 16.766721 22.953441 28.521767 30.747142 28.779626 25.032355 21.923226 23.166914 19.265040 8.800664 12.234837 9.096878 9.165416 12.415940 8.905454 7.648249 11.898313
7.119390 0.857985 232.2145 232.2145 0.000000 4.097882 3.365461 3.276704 2.789047 1.591991 1.458739 2.183633 2.788134 3.928916 4.006970 3.207512 2.943316 2.496770 1.617845 1.556672 2.161186 2.597434 2.029943 1.428747 2.435161 2.686535 1.999691 1.597031 1.231004 0.912145 0.706984 0.341521 1.432316 2.337532 1.439363 0.922320 1.183110 3.635443 5.207395 3.535564 1.831633 4.545206 11.606797 17.758377 20.130661 23.921526 25.954333 27.599824 35.395622 46.879158 53.229997 48.111051 34.166726 21.608284 13.548542 7.290321 2.932277 2.306894 0.866120 1.679894 2.239487 2.668609 1.621054 0.705287 1.964743 2.540110 2.177060 1.696371 1.128633 0.367390 0.645614 2.136393 3.216919 2.957307 2.371933 2.415554 3.418854 4.685981 4.755136 3.954605 3.287274 3.086357 2.897354 2.693547 2.837789 2.455712 1.021023 2.352976 3.457017 2.795505 1.761778 1.372338 0.662422 1.761484 3.369235 4.665607 6.532127 6.689771 6.172860 6.728386 6.815754 5.441775 4.300645 3.284827
7.166691 0.260135 202.5233 202.5233 0.000000 0.250350 0.322244 0.176831 0.559467 0.667945 0.304159 0.312193 0.421789 0.427224 0.732131 0.756480 0.771483 0.586496 0.126395 0.220139 0.366362 0.158379 0.417766 0.835243 0.873720 0.746028 0.451231 0.198540 0.340610 0.503866 0.353637 0.247824 0.332812 0.556206 0.483224 0.341284 0.699104 1.428007 2.069008 2.412488 2.579560 3.325594 5.616314 8.429829 9.766901 8.607484 6.971544 6.521528 4.860582 2.119655 1.187044 1.503762 1.519665 1.544971 1.108654 0.478272 0.270342 0.515338 0.792354 0.719709 0.462151 0.285579 0.368557 0.428127 0.409889 0.357839 0.514149 0.573554 0.401324 0.273635 0.256284 0.267485 0.449057 0.683848 0.538612 0.163286 0.177063 0.417398 0.553518 0.584875 0.365529 0.044674 0.080601 0.295947 0.325374 0.172216 0.120878 0.143872 0.345778 0.428203 0.275519 0.058941 0.191109 0.275154 0.269792 0.184443 0.247906 0.217362 0.235912 0.232103 0.295971 0.436765 0.334562 0.221999
7.213468 0.045831 203.4606 203.4606 0.000000 0.349580 0.133223 0.132469 0.273134 0.334407 0.213104 0.173869 0.215422 0.253665 0.311897 0.336280 0.283632 0.250559 0.271082 0.303260 0.294595 0.176769 0.079809 0.091530 0.253482 0.069669 0.046562 0.118240 0.095087 0.182066 0.222476 0.161068 0.232589 0.142431 0.137668 0.128173 0.149036 0.153173 0.142768 0.219128 0.244632 0.286680 0.499384 0.707871 0.913782 1.074360 0.860440 0.830367 0.755851 0.524848 0.404545 0.215657 0.334687 0.262647 0.253991 0.413404 0.353535 0.101201 0.063456 0.147118 0.170379 0.165789 0.159622 0.102514 0.102651 0.124551 0.071612 0.056859 0.123944 0.121808 0.067297 0.095112 0.083966 0.116630 0.156070 0.063365 0.052745 0.108344 0.084396 0.111066 0.055466 0.052976 0.032263 0.059317 0.059416 0.088952 0.127913 0.108683 0.073981 0.040403 0.036148 0.066779 0.077419 0.084686 0.088276 0.047258 0.053395 0.041144 0.053492 0.093796 0.104967 0.088435 0.034773 0.024065
7.261893 0.005676 52.6562 52.6562 0.000000 0.133546 0.139594 0.158769 0.042627 0.131096 0.065165 0.125539 0.137776 0.151288 0.349247 0.504385 0.423928 0.235433 0.097364 0.168755 0.274907 0.176171 0.147709 0.271067 0.309803 0.140602 0.067917 0.025861 0.070245 0.142728 0.105384 0.148698 0.158037 0.170200 0.166734 0.103958 0.050586 0.042788 0.080136 0.152756 0.193090 0.147914 0.139944 0.166102 0.133737 0.130313 0.083888 0.174655 0.276079 0.270783 0.186305 0.094803 0.068373 0.052486 0.085538 0.210024 0.275924 0.213534 0.171023 0.190457 0.239085 0.240870 0.309143 0.320952 0.230260 0.080526 0.110384 0.065998 0.085617 0.112267 0.079428 0.058561 0.068627 0.093057 0.127560 0.109045 0.060762 0.039910 0.015223 0.043256 0.077088 0.095640 0.102171 0.120875 0.142131 0.090193 0.057275 0.115613 0.081360 0.061938 0.058044 0.046236 0.043171 0.059096 0.092217 0.077288 0.041428 0.058833 0.074614 0.065796 0.036966 0.051161 0.077160 0.071180
7.310063 0.005064 53.5029 53.5029 0.000000 0.068725 0.108062 0.058905 0.198168 0.315883 0.349682 0.324010 0.204500 0.202160 0.364574 0.329001 0.160257 0.175842 0.101752 0.074824 0.223241 0.156253 0.153449 0.300289 0.261661 0.170471 0.117863 0.074235 0.068666 0.116635 0.154115 0.175704 0.213565 0.198435 0.186491 0.035246 0.125882 0.132674 0.198941 0.211640 0.120406 0.170030 0.139069 0.074516 0.091537 0.087090 0.102149 0.151881 0.220641 0.222764 0.197423 0.216382 0.155512 0.114988 0.095431 0.099307 0.107164 0.096548 0.102046 0.124989 0.161357 0.249937 0.332852 0.291163 0.277911 0.248663 0.197879 0.196080 0.110966 0.093849 0.075597 0.034301 0.023439 0.016082 0.008411 0.051114 0.133180 0.165689 0.110776 0.060263 0.064913 0.057365 0.083484 0.103277 0.085273 0.125920 0.155414 0.155841 0.174335 0.166714 0.112748 0.082070 0.091929 0.081001 0.045114 0.054130 0.122693 0.109942 0.089669 0.101745 0.098957 0.067719 0.025785 0.023500
7.355294 0.004896 26.5112 26.5112 0.000000 0.013595 0.077704 0.178198 0.345925 0.391536 0.272325 0.311722 0.383655 0.345868 0.266652 0.182706 0.114485 0.086930 0.081690 0.244924 0.276865 0.084359 0.206911 0.260124 0.176311 0.129358 0.066728 0.141244 0.165700 0.116068 0.070692 0.171491 0.331396 0.299918 0.142516 0.110136 0.157798 0.155121 0.212901 0.258155 0.213414 0.276294 0.280626 0.169672 0.163349 0.128651 0.108181 0.107883 0.087178 0.074091 0.143677 0.202346 0.128469 0.107142 0.120753 0.053338 0.048721 0.082969 0.197946 0.142290 0.139237 0.170786 0.088361 0.058063 0.090802 0.069065 0.118376 0.181719 0.136730 0.095400 0.078495 0.069129 0.058156 0.024461 0.021230 0.099153 0.126276 0.156877 0.158081 0.116685 0.059403 0.043220 0.028251 0.032367 0.069416 0.106440 0.120474 0.126105 0.129865 0.080187 0.017278 0.043475 0.081061 0.041794 0.049023 0.093004 0.101307 0.043225 0.054914 0.040027 0.045235 0.045818 0.017403 0.012309
7.399879 0.006712 73.3342 73.3342 0.000000 0.039915 0.102565 0.137353 0.269686 0.273610 0.114680 0.184893 0.279736 0.142663 0.045251 0.075138 0.066189 0.110070 0.269385 0.316780 0.237749 0.203738 0.150984 0.083238 0.256374 0.272183 0.242066 0.210504 0.162697 0.099921 0.145717 0.248072 0.296834 0.242474 0.171539 0.116657 0.060326 0.061021 0.164430 0.182419 0.129323 0.220673 0.286162 0.276256 0.220431 0.193625 0.124175 0.036075 0.105571 0.164784 0.153257 0.185240 0.158202 0.104410 0.064077 0.080530 0.142439 0.176138 0.172087 0.104562 0.087820 0.081442 0.028742 0.049504 0.097891 0.144293 0.102915 0.060757 0.017450 0.042070 0.066825 0.084900 0.059313 0.062408 0.102071 0.043392 0.068965 0.106848 0.078721 0.059242 0.038461 0.032861 0.054034 0.066457 0.043278 0.018260 0.037097 0.053342 0.048733 0.061157 0.048094 0.054617 0.049886 0.044721 0.040612 0.023199 0.076837 0.084374 0.063298 0.047990 0.047649 0.034898 0.030918 0.048144
7.449882 0.816303 234.4106 234.4106 0.000000 3.817284 2.283649 1.845294 1.463060 1.070783 0.457007 0.822376 0.884444 1.402854 1.573286 1.553716 1.628862 1.514980 1.159023 1.295300 1.176259 1.136474 1.283685 1.292918 1.262587 1.092575 0.803747 0.683817 0.718432 0.619686 0.639494 0.904184 0.968241 0.858152 0.848249 0.786210 0.947394 1.334586 1.695435 2.274040 2.857370 3.340654 4.072983 4.795993 6.137744 8.229545 10.924149 13.931471 17.040310 20.174076 21.900655 22.205150 20.855871 18.048735 14.563887 10.628840 6.904865 4.238005 2.841492 2.275882 1.977123 1.689477 1.303062 0.997489 1.014721 1.244209 1.430198 1.425886 1.305969 1.162499 1.193096 1.205302 1.165219 1.036614 0.903622 0.846535 0.867709 0.882568 0.984728 0.979874 1.070339 1.169723 1.150515 1.152247 1.402677 1.592966 1.930640 2.203011 2.355653 2.375076 2.144515 2.226231 2.578068 3.426370 4.333634 5.032591 5.473352 5.594029 5.388411 4.934501 4.382329 3.765761 3.178450 2.697745
7.499927 1.180072 228.4940 228.4940 0.000000 8.775013 9.461130 6.520659 6.241277 9.850497 13.522070 16.483685 17.807136 16.871284 13.630352 9.624051 6.726148 5.841245 5.527300 3.653212 1.585576 4.747882 6.634977 5.029200 4.091814 5.252549 4.580456 4.777448 5.473685 3.949944 3.950485 5.090196 2.828097 1.471273 4.217552 5.619536 7.330742 9.338481 10.689747 11.607174 10.722393 6.511937 12.289558 27.751812 38.768486 40.812620 47.702792 62.783003 102.595817 152.854514 164.373744 123.572159 61.881362 21.661346 9.252338 4.405366 10.427686 15.084618 12.474934 5.725510 3.166544 3.476293 4.589406 8.074891 7.267972 3.342763 2.908314 2.322925 4.062078 6.988199 5.189365 2.946106 3.695339 3.181510 7.182959 8.645313 6.120945 5.015054 7.006048 6.202049 3.189167 5.456931 9.834697 9.667193 8.221922 12.848396 20.241131 27.880452 34.966666 38.454151 34.923041 25.719426 20.290034 24.014519 28.079644 26.137589 18.733386 8.939685 4.861076 8.707828 10.849310 9.526694 5.278572 1.606034
7.559521 1.221039 222.0718 222.0718 0.000000 5.965850 11.630339 7.783673 6.765527 16.980700 26.302930 31.438130 29.184625 21.029172 16.396858 8.744988 3.667562 7.424362 4.902293 5.224895 8.476823 12.648243 10.813834 4.676482 10.398002 17.258002 19.322920 18.154674 11.984964 8.940217 12.928321 12.566687 10.575186 10.534891 4.089908 7.916399 11.018463 8.632199 10.607420 9.061792 7.042417 16.386688 34.973772 38.764136 28.574825 31.025235 51.553861 113.427982 280.180127 284.678316 149.488559 35.276871 9.480816 11.374709 12.415138 25.311947 27.796753 16.347544 9.992853 10.015968 7.978599 17.073206 24.066257 18.589237 15.550051 14.281821 14.124909 19.213088 17.871466 13.769389 18.134595 22.331676 25.172942 20.675520 10.802819 9.117870 15.215750 12.608610 8.171880 13.166058 21.442126 15.637075 8.609088 21.378652 27.645720 43.904148 62.015043 58.431850 38.605942 12.739516 17.510497 31.084966 34.863725 25.660354 15.945948 11.387869 10.426221 9.693203 13.499685 9.272664 3.757906 9.035350 12.584905 10.326768
7.613760 1.222374 226.8594 226.8594 0.000000 1.510364 9.224348 10.059740 6.469423 8.448934 14.178525 15.906172 15.672200 6.873219 6.334473 6.662762 5.893137 6.779165 5.333703 6.111532 10.056323 10.128315 7.854792 6.637825 8.598403 13.418841 17.522239 18.584657 14.636901 11.188796 12.447208 12.676010 12.817571 12.965285 9.767003 6.632780 4.943700 5.758632 8.020668 8.378087 5.552161 15.852956 19.832915 15.300149 25.368929 22.734127 49.520930 80.525948 146.320252 216.995470 190.353440 93.241359 29.672155 11.939956 7.683619 6.877664 20.409589 22.638915 11.738803 4.771669 10.013013 13.021892 16.470798 20.278384 21.688542 20.848014 16.858968 12.944361 16.187776 19.460050 19.250089 20.288001 23.548269 24.612105 19.821321 11.739507 10.711136 13.429449 12.436655 7.075173 2.778691 12.920836 17.718629 15.564437 13.691879 9.249531 9.762318 25.258801 35.807160 24.239589 13.722268 14.041862 11.599443 8.401026 13.959525 9.312143 7.045164 13.983920 10.681525 7.349378 10.300264 8.621776 3.440437 8.486081
7.669947 0.921691 230.6394 230.6394 0.000000 5.125008 4.821470 4.527804 3.816040 3.642083 3.511102 2.618981 3.470879 3.879123 2.634844 1.215711 1.653779 2.783151 2.786514 3.566612 4.712099 3.700330 1.654029 0.610194 0.803409 2.120184 3.430225 3.210678 4.640198 3.092596 1.579067 4.013008 2.541283 2.573927 4.452780 4.628004 3.381847 2.298823 2.516239 6.204382 8.004149 6.169963 13.299664 22.663018 24.655691 26.448672 29.559122 36.074065 49.490654 60.076694 61.719540 54.602086 41.481590 21.766306 4.503021 4.048373 5.012304 5.583311 6.882774 6.624164 6.082487 4.619530 3.739505 3.948692 3.951678 4.239778 4.724475 5.834263 5.890702 2.278630 2.653599 4.543290 4.898863 4.524044 6.119785 5.977621 5.831393 5.228674 1.641031 3.240537 3.765345 3.049908 1.979412 3.822297 5.478987 4.911196 3.562979 3.095392 3.518105 4.297247 4.967024 6.413152 6.231537 4.196122 3.823400 4.379510 3.648984 3.104054 4.499658 6.231482 5.998953 5.140827 5.008671 4.720392
7.715348 0.330651 204.4625 204.4625 0.000000 2.683862 0.030813 0.298821 0.780695 0.638111 1.055060 1.275357 0.937648 0.519598 0.731111 0.565263 0.370282 0.703563 0.458576 0.596255 0.538394 0.919066 0.450061 0.270233 0.302041 0.199760 0.303523 0.532586 0.600480 0.549171 0.483138 0.591707 1.013407 0.812550 0.352321 0.465065 0.642929 0.298994 0.618838 0.712810 1.824636 3.823636 5.992488 9.060917 12.376249 12.916921 10.358726 8.565439 7.530121 5.465026 4.663577 2.604703 1.387251 0.662441 0.895937 1.473979 1.132679 0.900011 0.326208 0.910686 0.874800 0.422991 0.534459 0.533479 0.272329 0.236205 0.414850 0.398315 0.321213 0.571653 0.663410 0.800616 0.695542 0.413547 0.183991 0.355024 0.436874 0.519563 0.567567 0.750399 0.915652 0.771423 0.399756 0.160777 0.476893 0.756092 0.796605 0.690839 0.490580 0.272087 0.070031 0.211992 0.292393 0.394263 0.685100 0.849088 0.585511 0.274909 0.584630 0.660840 0.431877 0.370581 0.721914 0.807415
7.762773 0.060073 210.0531 210.0531 0.000000 0.308157 0.195707 0.160198 0.201077 0.119373 0.110727 0.074173 0.153260 0.147794 0.166678 0.269168 0.304180 0.288445 0.241901 0.202368 0.308935 0.337788 0.357317 0.205547 0.020070 0.110074 0.171065 0.197140 0.186605 0.095322 0.099606 0.107555 0.169129 0.277030 0.198812 0.111585 0.161152 0.203009 0.163366 0.096534 0.151224 0.419130 0.597982 0.851959 1.230459 1.732968 1.749813 1.525150 0.982097 0.526422 0.217431 0.357650 0.379753 0.408019 0.432789 0.370557 0.211652 0.155948 0.222686 0.260079 0.201048 0.130829 0.200541 0.053683 0.120758 0.152488 0.079497 0.111329 0.059193 0.155822 0.186057 0.086950 0.122962 0.142860 0.125515 0.076178 0.101164 0.124587 0.080787 0.057787 0.068974 0.085435 0.094768 0.040564 0.078318 0.036164 0.070541 0.030443 0.088181 0.092415 0.008910 0.082774 0.065712 0.060149 0.050107 0.052848 0.097133 0.098854 0.105775 0.076011 0.059232 0.075183 0.070301 0.093699
7.813755 0.006772 46.2050 46.2050 0.000000 0.125319 0.026388 0.156902 0.156232 0.090272 0.091336 0.085871 0.112132 0.243853 0.227756 0.085977 0.035129 0.071534 0.167651 0.223324 0.207069 0.214716 0.141282 0.078324 0.072168 0.037623 0.035158 0.053648 0.052844 0.049097 0.071403 0.141308 0.207515 0.171488 0.098564 0.062977 0.069398 0.036701 0.061582 0.144861 0.224537 0.249173 0.252057 0.244018 0.189675 0.117642 0.059991 0.038719 0.065375 0.116681 0.182874 0.175880 0.135559 0.108108 0.107364 0.095114 0.079551 0.091517 0.171242 0.227504 0.223388 0.161734 0.109332 0.129152 0.143360 0.109287 0.072224 0.050109 0.066568 0.087024 0.066707 0.071140 0.075232 0.043475 0.059419 0.105725 0.054551 0.059776 0.061588 0.099197 0.127263 0.085747 0.080702 0.106588 0.048132 0.081776 0.068916 0.052800 0.072704 0.050066 0.023353 0.036644 0.058455 0.100825 0.074402 0.069105 0.095135 0.062800 0.037479 0.032578 0.040007 0.036483 0.039721 0.055604
7.859871 0.003979 47.9644 47.9644 0.000000 0.100912 0.122658 0.115240 0.065708 0.112999 0.086890 0.125209 0.251186 0.327015 0.221754 0.060477 0.089302 0.086926 0.094583 0.104109 0.212695 0.221000 0.211276 0.129736 0.071373 0.052953 0.068968 0.067180 0.057934 0.059537 0.069642 0.073231 0.092312 0.142850 0.056040 0.124909 0.112048 0.086531 0.097627 0.119520 0.084564 0.110169 0.059679 0.151567 0.192543 0.158752 0.136785 0.095873 0.050277 0.026826 0.088502 0.143462 0.154783 0.129958 0.230383 0.205904 0.083153 0.059464 0.065264 0.065296 0.082478 0.083007 0.098362 0.113922 0.097519 0.125176 0.102919 0.038149 0.045299 0.048429 0.021112 0.023091 0.059214 0.067994 0.062655 0.042039 0.047698 0.091235 0.114039 0.105619 0.103708 0.094377 0.078273 0.108607 0.157954 0.147710 0.112652 0.101250 0.118555 0.088127 0.048322 0.053706 0.038167 0.026045 0.038081 0.050625 0.083324 0.116090 0.068345 0.055501 0.078166 0.041926 0.025387 0.021945
7.909617 0.004440 47.2482 47.2482 0.000000 0.048494 0.049273 0.056619 0.156204 0.220965 0.200346 0.108459 0.222035 0.397228 0.348939 0.171351 0.114725 0.132940 0.108587 0.158973 0.230770 0.179207 0.148637 0.056331 0.146972 0.069629 0.069753 0.058838 0.037964 0.068197 0.074887 0.121051 0.205949 0.191101 0.092709 0.083659 0.093682 0.063669 0.068043 0.073526 0.076219 0.154091 0.237270 0.208026 0.121229 0.117963 0.072774 0.097718 0.061035 0.045405 0.031807 0.089325 0.107639 0.159937 0.216965 0.180981 0.144021 0.142683 0.128896 0.113487 0.098065 0.063755 0.057810 0.085252 0.072102 0.032118 0.047080 0.011920 0.044791 0.053864 0.070210 0.074124 0.053339 0.081426 0.048978 0.078930 0.137047 0.099531 0.092322 0.080494 0.029378 0.032457 0.063098 0.111787 0.088506 0.044414 0.038334 0.118447 0.093549 0.047780 0.030768 0.026942 0.063284 0.099410 0.128959 0.120001 0.071096 0.051245 0.073502 0.052130 0.027382 0.022067 0.020599 0.043891
7.949916 0.005575 52.4922 52.4922 0.000000 0.073302 0.068268 0.095307 0.233490 0.211453 0.130110 0.136148 0.190373 0.289399 0.366898 0.379572 0.359856 0.283268 0.163704 0.118540 0.132237 0.170694 0.229375 0.291118 0.306127 0.208282 0.151018 0.103768 0.048353 0.070458 0.035974 0.036711 0.169759 0.252938 0.224820 0.221396 0.227600 0.170915 0.113301 0.094450 0.117576 0.218973 0.224237 0.097707 0.200251 0.264511 0.178821 0.024699 0.095411 0.096521 0.081999 0.167269 0.215234 0.154393 0.201486 0.116628 0.116189 0.195023 0.153870 0.104554 0.138963 0.149040 0.129243 0.145830 0.116498 0.064464 0.037415 0.032124 0.043977 0.009886 0.101450 0.114641 0.059190 0.092205 0.122471 0.090025 0.105481 0.161426 0.179967 0.148233 0.103151 0.063617 0.049038 0.079665 0.100918 0.103122 0.119034 0.118092 0.067500 0.015459 0.042907 0.045399 0.066244 0.084465 0.082970 0.079644 0.043795 0.059500 0.079974 0.076690 0.069238 0.057539 0.031213 0.023901
7.999807 0.787632 237.1803 237.1803 0.000000 1.776908 1.649996 1.247969 0.445763 0.651718 1.428301 1.920626 2.115412 2.001245 1.884903 1.808259 1.122884 1.037779 0.632321 0.354304 0.447375 0.345559 0.315476 0.279556 0.254029 0.193008 0.318305 0.173051 0.166197 0.115667 0.161172 0.286045 0.446455 0.785075 1.106487 1.192090 1.230251 1.275542 1.503979 1.935925 2.456018 3.283371 3.839815 4.409265 5.037467 5.605076 7.040004 9.470268 12.437330 15.750314 18.178635 19.482019 19.475517 17.838888 15.268397 12.178113 9.257864 6.461148 4.380710 3.006362 2.383018 1.926607 1.626141 1.342709 1.050560 0.859448 0.959194 0.967165 0.950079 1.002683 0.874433 0.718308 0.711852 0.563756 0.585826 0.533998 0.615409 0.837599 0.922614 0.980359 0.991719 0.862426 0.825054 0.846327 0.993099 1.248168 1.421360 1.774513 2.242224 2.880876 3.506041 3.893912 4.161022 4.106488 3.918364 3.756777 3.410966 3.215037 2.872203 2.394175 1.954105 1.353123 0.858656 0.534544
8.049872 1.166478 222.6880 222.6880 0.000000 5.792145 7.472884 6.619264 6.904536 9.705147 15.993165 22.176455 24.081178 20.882038 14.087580 6.660592 2.082451 1.860930 2.604967 3.503857 4.602697 5.120701 4.789736 3.418279 1.421386 0.467237 0.641868 1.320474 2.118546 3.208906 4.911689 6.403664 6.902072 6.874193 4.992584 1.692246 5.061960 7.393511 9.260436 13.049661 15.310657 12.149279 8.679934 19.973493 31.090632 41.092491 61.774314 104.213205 148.883471 153.952175 109.135861 47.893325 18.797270 14.227430 9.270018 13.887498 13.449064 7.280625 2.669699 3.382740 3.006135 2.111351 2.638941 3.219724 5.024987 5.891273 4.821495 2.803116 1.771226 2.922802 3.308333 1.712366 2.528821 3.444536 3.383066 4.748404 4.773794 4.312904 6.575084 6.417583 4.528012 5.907406 3.606969 11.066190 26.335216 38.372067 44.348889 43.067007 33.938041 20.985771 14.519496 15.327393 14.069549 9.293023 4.221031 1.774202 1.783909 1.757018 4.255977 6.615181 7.472973 7.240439 6.719111 6.728163
8.109957 1.202584 222.0774 222.0774 0.000000 6.610500 9.801645 6.048465 10.284005 20.854553 28.828431 33.820046 37.796200 34.674105 22.034616 9.769301 6.923739 6.824438 3.977847 5.446761 10.872187 13.402665 13.346629 8.400816 2.288885 1.794587 1.664077 2.996130 6.302012 10.562623 12.959031 9.175719 4.997031 9.147747 10.194268 8.408979 6.849252 5.796327 6.084257 13.104298 16.432521 7.908992 6.043119 24.766939 30.677498 23.840185 57.316827 108.063335 253.018750 298.046485 174.262432 37.052790 24.906198 16.730260 9.224274 21.866328 23.292054 15.192875 8.475758 5.767181 3.979261 3.211745 5.202742 2.353068 8.706715 9.827295 5.605228 3.563767 5.618705 8.884087 8.559489 5.132402 5.774144 3.445611 1.989292 7.213274 10.640409 15.699760 20.129586 15.435353 11.710855 15.739119 12.951427 25.218917 45.529295 56.444169 62.679483 67.011161 53.464284 19.825793 23.275252 28.924257 13.086008 14.738544 14.802018 9.076956 4.421788 5.712557 10.305993 11.541799 10.053853 8.967724 13.078749 16.964835
8.169372 1.203903 227.2973 227.2973 0.000000 4.748838 8.039274 6.649981 8.323560 13.097338 15.196625 12.648682 15.755740 17.078036 14.607506 6.515526 5.767176 9.214156 7.811990 7.484232 8.373177 7.952861 10.154709 11.558194 7.778376 3.727948 0.956560 0.916918 3.303806 7.106160 10.737977 10.755849 4.919007 2.913510 4.874922 7.394832 7.777360 5.043413 4.488715 5.770729 5.685774 11.397784 15.264728 26.378048 22.231800 18.553180 46.663325 62.384529 98.546800 192.607502 221.050311 148.151209 61.522470 22.512952 13.930676 13.349439 11.790894 13.778782 15.141878 10.864540 4.186307 2.189060 5.064954 5.534581 5.587824 7.729131 7.909646 4.007142 0.799756 2.505679 7.184379 8.270429 8.022725 6.963528 3.471794 2.409071 4.809721 3.768662 7.849416 15.830692 19.280334 16.910854 14.450337 14.061458 14.498778 18.383300 23.472356 19.339100 21.565487 31.942862 34.166433 30.303858 28.920963 25.077462 12.102074 14.052942 19.131326 14.086460 6.232607 5.517733 7.831269 5.634404 3.858320 1.709850
8.219867 0.917376 234.2629 234.2629 0.000000 3.552128 3.855061 2.193061 2.086432 1.055390 2.214530 3.606534 3.529428 2.165405 1.127661 3.169910 4.890572 4.437927 3.340263 3.042781 3.167003 2.051290 1.685356 3.097043 4.290745 3.862642 2.692849 1.520354 0.679097 1.323879 1.618844 2.221991 4.037397 3.182781 1.182607 0.629979 0.753277 2.757693 4.292778 6.160589 4.998827 3.814261 7.970110 15.014094 26.446754 29.905009 26.383720 27.484131 35.103693 46.084336 55.273506 60.191853 57.064446 45.700446 28.329978 12.355130 5.102630 2.079421 3.090133 1.931265 2.417927 3.219603 3.496950 2.574051 2.280437 2.792379 2.211397 1.825934 2.775925 2.554987 1.802419 0.993916 1.719258 2.831487 2.014261 1.540718 2.446639 2.782819 2.417935 2.916801 3.139127 2.663262 3.334344 4.377618 5.034303 4.030174 2.690248 2.546973 2.143250 1.390669 3.364962 3.955161 3.762910 3.810853 3.843023 4.975082 8.483432 10.051222 9.209764 7.996426 7.762383 7.975471 7.413676 5.645135
8.264878 0.318563 204.3054 204.3054 0.000000 2.590265 0.839436 0.528380 0.448920 0.172324 0.676734 0.700482 0.870225 0.620098 0.552858 0.889604 1.111598 0.711845 0.459622 0.564594 0.426691 0.445183 0.561685 0.698213 0.449810 0.364998 0.138183 0.306627 0.473666 0.635201 0.505885 0.871430 1.265863 1.103068 0.610527 0.129161 0.501732 0.692699 0.631532 0.807311 2.808614 4.255207 5.948942 9.127125 12.147450 12.268006 9.923584 8.972421 7.636453 4.975729 4.160322 2.079491 1.302336 0.945523 0.515246 1.773408 1.595667 0.748050 0.573286 0.918599 0.808397 0.510926 0.446761 0.608765 0.448980 0.449857 0.608317 0.530330 0.680271 0.721250 0.545117 0.375785 0.460891 0.590163 0.663663 0.647486 0.480691 0.311632 0.291284 0.475179 0.910302 1.080262 0.925678 0.420586 0.123985 0.082635 0.202657 0.217618 0.190187 0.308316 0.438123 0.533991 0.490697 0.308930 0.131983 0.203539 0.462145 0.525441 0.429423 0.405673 0.308547 0.178519 0.260880 0.446467
8.313807 0.058519 204.6279 204.6279 0.000000 0.229728 0.273234 0.152473 0.307393 0.391260 0.345255 0.175301 0.155495 0.288603 0.244430 0.136235 0.195642 0.271101 0.205245 0.135707 0.199241 0.202972 0.368323 0.310685 0.067777 0.215122 0.166198 0.053165 0.065361 0.185614 0.187297 0.141569 0.137948 0.254857 0.168448 0.173934 0.267037 0.181039 0.107193 0.118384 0.231725 0.634270 0.726564 0.947542 1.325004 1.625376 1.563513 1.255372 1.086962 0.552784 0.249775 0.477479 0.585051 0.584611 0.453837 0.190153 0.157010 0.287886 0.282373 0.174202 0.095854 0.086876 0.162156 0.186609 0.153245 0.141171 0.211332 0.105913 0.118368 0.169703 0.178033 0.126229 0.091774 0.101175 0.103290 0.128576 0.090040 0.042210 0.040881 0.053722 0.053073 0.042962 0.062803 0.112291 0.115309 0.121018 0.138452 0.087049 0.065532 0.065058 0.046443 0.056809 0.050779 0.025853 0.041226 0.066169 0.091066 0.123599 0.110160 0.071606 0.038420 0.031635 0.043508 0.073899
8.360017 0.006881 30.6832 30.6832 0.000000 0.021091 0.220513 0.322419 0.229299 0.121143 0.375248 0.329700 0.277802 0.270324 0.156858 0.155256 0.175583 0.127851 0.097504 0.111522 0.171372 0.199866 0.237041 0.194314 0.123487 0.116566 0.099457 0.094641 0.138088 0.151774 0.086600 0.057751 0.137993 0.169661 0.116003 0.064349 0.099540 0.127071 0.150696 0.192667 0.186070 0.121976 0.062541 0.090546 0.146209 0.174241 0.114254 0.289806 0.315526 0.201633 0.076570 0.071968 0.081817 0.103076 0.142593 0.080591 0.141137 0.102110 0.099684 0.078503 0.029593 0.083642 0.076152 0.070124 0.100741 0.067518 0.071247 0.072905 0.084659 0.078596 0.118099 0.158832 0.099409 0.038878 0.056679 0.072851 0.065512 0.067508 0.049764 0.026055 0.040425 0.073942 0.083730 0.079288 0.062657 0.117149 0.095392 0.046297 0.031726 0.046556 0.022282 0.011536 0.042176 0.046001 0.063604 0.057489 0.021803 0.014321 0.033759 0.036704 0.028667 0.046694 0.093177 0.069835
8.409953 0.004382 32.1631 32.1631 0.000000 0.137927 0.186375 0.248102 0.112985 0.231608 0.391406 0.297857 0.179508 0.136867 0.105648 0.147917 0.040907 0.105206 0.037095 0.065849 0.027634 0.067099 0.083276 0.179827 0.188783 0.107345 0.061679 0.062533 0.100719 0.125434 0.088252 0.155283 0.131152 0.138603 0.143462 0.054331 0.096410 0.048169 0.059104 0.051567 0.082686 0.067850 0.095578 0.175279 0.164742 0.122344 0.124775 0.174457 0.234022 0.247442 0.156464 0.068963 0.112966 0.106500 0.079081 0.057337 0.057303 0.067735 0.099087 0.144230 0.128707 0.065607 0.073277 0.081555 0.021968 0.065719 0.114611 0.159760 0.129844 0.111102 0.087357 0.048116 0.033253 0.088227 0.170366 0.159493 0.068626 0.078471 0.109695 0.086438 0.048104 0.032527 0.072733 0.086726 0.092583 0.071494 0.068161 0.082156 0.101351 0.104559 0.054809 0.031202 0.020268 0.015851 0.040228 0.028932 0.041839 0.032686 0.035612 0.027136 0.038782 0.052332 0.062091 0.071848
8.459908 0.004342 15.7532 15.7532 0.000000 0.149385 0.231357 0.341579 0.272290 0.217595 0.304108 0.257821 0.230583 0.247607 0.265427 0.286993 0.274870 0.193535 0.121980 0.122505 0.088575 0.113980 0.189784 0.199435 0.206436 0.123993 0.112297 0.183444 0.162831 0.160460 0.227900 0.180428 0.143019 0.136628 0.145812 0.165694 0.142419 0.090622 0.056294 0.038760 0.068074 0.127485 0.185863 0.260561 0.218055 0.148874 0.056487 0.188510 0.078314 0.109398 0.069060 0.078519 0.156301 0.134638 0.070868 0.080677 0.103142 0.069917 0.100507 0.152628 0.088348 0.063513 0.116971 0.137438 0.151382 0.160469 0.137658 0.115232 0.036472 0.055987 0.025446 0.025229 0.115588 0.140506 0.121222 0.080562 0.076925 0.060794 0.036713 0.043690 0.076208 0.092004 0.065561 0.071944 0.096674 0.067230 0.056272 0.126148 0.070523 0.023544 0.017869 0.023466 0.042965 0.051483 0.032649 0.029512 0.022671 0.045748 0.087618 0.101995 0.054075 0.040100 0.075433 0.048900
8.499863 0.051018 15.7517 15.7517 0.000000 0.246349 0.307254 0.334711 0.160344 0.125432 0.234361 0.179649 0.216262 0.269668 0.181198 0.210685 0.305510 0.254643 0.214614 0.188253 0.161307 0.148015 0.107969 0.036842 0.132799 0.148979 0.101855 0.239682 0.139375 0.131432 0.135386 0.212676 0.254514 0.146447 0.121697 0.169206 0.183111 0.124433 0.055560 0.074226 0.106584 0.109245 0.102190 0.170157 0.141925 0.057061 0.167163 0.235944 0.189422 0.148323 0.121949 0.164361 0.138886 0.141341 0.106699 0.138627 0.205562 0.229168 0.205005 0.186643 0.193736 0.191084 0.210300 0.170323 0.075964 0.084018 0.055819 0.096347 0.098130 0.088505 0.056932 0.048540 0.080534 0.085835 0.099685 0.113979 0.111693 0.071674 0.042676 0.030440 0.045067 0.083606 0.081991 0.075069 0.046633 0.025551 0.104382 0.165366 0.126035 0.054554 0.039223 0.022406 0.032095 0.048771 0.027088 0.021571 0.030204 0.041091 0.069063 0.092828 0.083396 0.074091 0.088553 0.090500
8.549950 0.883087 239.3645 239.3645 0.000000 2.219991 1.284025 2.138166 2.619002 3.289276 4.297428 4.274452 4.610351 3.988676 3.659707 2.837636 1.854401 1.013158 0.567399 0.341386 0.854820 1.358977 1.953363 2.341420 2.832738 2.915716 2.551364 2.608315 2.217188 2.122662 2.215134 2.557634 2.409880 2.634259 2.677100 2.690065 2.303626 1.924601 1.918790 1.872643 2.367958 3.530814 5.325117 7.689365 9.902132 12.025819 13.369181 15.246403 18.165796 22.625836 27.108116 30.371070 31.220431 29.279947 25.057550 19.023686 13.189056 7.989543 4.054460 2.045353 1.227062 1.456568 1.476889 1.396658 0.955521 0.601531 1.108722 1.684503 2.002637 2.082846 1.976689 1.604286 1.532990 1.694178 1.751897 1.879932 1.937562 2.017964 2.008995 2.006436 1.893622 1.738228 1.459435 1.244595 0.972071 1.072947 1.615993 2.269629 3.122747 4.179632 5.430566 6.823744 8.019823 8.761066 8.728986 7.907773 6.612621 4.983169 3.378348 2.183707 1.434480 1.297659 1.555252 1.983819
8.599905 1.192657 222.2539 222.2539 0.000000 7.587845 7.543461 7.189612 9.591868 17.684401 25.062564 27.756874 25.111740 19.308892 12.331493 5.800284 1.763215 1.812119 2.044042 4.000311 8.566754 11.632044 10.719063 8.069535 6.969337 5.212400 4.250207 4.463472 5.048235 3.899763 6.032587 9.879657 8.137116 4.552498 6.954577 9.307335 9.159991 6.229374 11.637570 23.991064 28.142823 28.425061 32.827386 32.402099 33.211404 56.243763 73.945336 112.579174 171.206947 179.726588 124.211668 51.990134 8.902689 12.434330 15.395651 14.884378 11.955179 7.169235 4.695234 5.233173 7.914838 10.449247 8.224185 3.694307 3.896359 7.051201 6.619013 5.165322 8.542323 9.601885 6.136243 3.384572 5.101765 8.517811 8.014743 5.157322 5.010320 5.110729 6.713541 10.509190 11.830368 7.306103 8.325250 24.198296 36.178432 42.656121 45.633665 44.055218 35.162213 19.802934 4.455479 3.769174 2.438316 5.986320 13.716492 17.235717 14.336590 7.318295 5.080323 6.106163 4.716386 6.292202 11.331136 13.486310
8.659908 1.213398 222.1840 222.1840 0.000000 13.269997 13.638781 6.990344 8.349487 20.560072 30.104889 33.049064 28.712408 19.099916 15.041988 9.600895 4.058424 3.130217 5.012092 7.941308 11.904517 15.784116 12.372504 2.522196 8.866876 3.275536 3.349926 2.724933 5.043765 6.199373 8.970100 13.963839 12.163720 5.843276 10.006917 6.655882 15.464054 20.551742 25.950829 30.352553 23.696233 13.991306 24.603016 24.124312 10.220277 47.257822 53.926818 90.252114 265.247121 295.857000 173.542860 59.375855 13.645528 17.262370 22.664217 22.503182 17.391232 8.858337 6.159454 13.074363 20.577574 21.551255 10.532909 1.786338 3.424805 11.264362 16.651180 18.104636 19.619236 15.038478 3.306725 3.600073 4.362277 13.563428 13.339645 7.731509 10.507062 15.759357 16.089793 12.440776 13.014311 14.161235 16.968162 31.743456 37.456259 39.866491 45.898960 50.014932 47.754361 36.272178 21.961737 19.756112 18.885595 19.764214 21.301182 25.450962 23.892592 10.942280 6.749258 8.756616 10.480319 10.982353 15.438580 18.698277
8.719748 1.213321 222.0810 222.0810 0.000000 10.268426 7.872118 7.407149 6.376347 7.405927 10.204030 9.203702 9.875575 3.309743 5.977367 5.863194 2.700799 1.179134 3.738329 4.410322 4.157319 6.696702 9.411467 8.666745 7.827523 5.175435 2.643041 2.144102 4.532787 7.812913 7.153745 6.465154 10.273347 10.494381 8.929787 8.545046 13.010491 16.002790 15.799365 11.277703 10.481429 17.108755 9.648907 19.939982 25.472632 19.938271 69.117267 132.050131 194.741255 177.458513 92.930690 29.200508 14.105271 8.833337 8.965966 9.669120 7.691224 7.433646 7.041490 11.106243 15.788892 15.989550 11.519672 6.558974 6.745155 9.107079 12.223988 14.107084 13.193312 11.208165 7.114124 4.861405 7.280201 9.633311 9.017123 9.082440 11.571929 13.385531 10.659332 4.425957 5.257377 13.971231 16.622486 12.507109 8.061253 5.575643 9.634175 13.051927 17.750374 21.734619 22.420790 22.309508 22.269012 17.287657 8.744802 12.909951 18.276659 12.899915 4.526308 4.465135 7.498434 3.021237 6.718179 8.033769
8.769905 0.847252 237.0436 237.0436 0.000000 5.138025 1.370679 1.822568 1.881147 0.870418 1.040741 1.473576 1.572775 2.359200 2.902230 2.230890 0.754095 0.943077 1.163362 1.093373 0.737050 0.482444 1.408094 2.319923 3.038458 3.770136 3.259384 1.906304 1.051710 0.876481 1.689279 2.657108 3.245756 2.960538 2.974749 2.857355 2.854681 4.139322 5.661065 3.720936 2.775874 4.123043 5.603139 10.980702 16.904287 19.515886 20.434591 22.250683 24.846248 32.577268 43.404175 48.305004 45.209348 36.147856 22.698344 10.724307 3.979148 1.833430 2.063567 1.703640 1.682088 1.838856 0.946293 1.193736 2.199761 2.643020 2.908274 3.514585 3.861365 2.793322 1.659388 1.097646 2.280999 1.540144 1.145121 2.448072 2.895518 1.953613 2.144891 2.292823 0.964619 0.980474 2.386299 3.026919 2.647224 2.072897 1.672629 3.499314 4.494837 3.392438 1.499897 1.089490 1.542065 0.729319 0.391619 0.862597 1.634252 2.571797 3.683483 5.204572 5.783824 5.933535 5.720339 5.284767
8.819962 0.242531 210.7267 210.7267 0.000000 1.163110 0.683428 0.516432 0.453757 0.364337 0.398879 0.440767 0.262754 0.409431 0.362237 0.610446 0.553498 0.223376 0.116972 0.094543 0.142218 0.473742 0.612403 0.380171 0.250190 0.274468 0.297349 0.356065 0.325667 0.215827 0.274913 0.379912 0.512540 0.702019 0.835353 0.737650 0.518094 0.353823 0.418811 1.115078 1.670979 2.385808 3.075970 4.297879 6.424923 8.317909 8.630095 7.039366 5.546033 5.837176 4.579052 2.376502 1.993190 1.263368 0.623948 0.545285 0.820942 0.866172 0.653927 0.413485 0.271656 0.295695 0.457314 0.580202 0.483208 0.328557 0.293530 0.236299 0.143699 0.256365 0.372012 0.282147 0.190429 0.240437 0.416982 0.416369 0.274694 0.224793 0.158262 0.252881 0.290654 0.358141 0.257006 0.142525 0.094969 0.110098 0.124513 0.124188 0.079609 0.293110 0.553185 0.528771 0.307177 0.356828 0.454374 0.441982 0.327921 0.205939 0.176415 0.170067 0.152559 0.184871 0.199330 0.151665
8.861867 0.039802 210.2820 210.2820 0.000000 0.137230 0.167685 0.126729 0.164110 0.171165 0.130200 0.227526 0.231978 0.139530 0.160289 0.181069 0.163341 0.169419 0.164157 0.270669 0.285308 0.351565 0.346306 0.096898 0.046436 0.215283 0.234925 0.082978 0.163765 0.215388 0.181433 0.158788 0.282935 0.274132 0.197213 0.175568 0.171613 0.203038 0.228908 0.184692 0.169497 0.194004 0.422825 0.432281 0.647446 0.755943 0.799254 0.582544 0.596807 0.694119 0.384361 0.284581 0.228661 0.317998 0.421508 0.351956 0.182996 0.073427 0.043986 0.068694 0.122370 0.094114 0.071219 0.060146 0.057139 0.065326 0.047126 0.023323 0.104704 0.079011 0.089534 0.096603 0.065415 0.125318 0.097408 0.071692 0.079672 0.088795 0.102561 0.089216 0.073956 0.090917 0.096768 0.096716 0.025540 0.033144 0.038443 0.036405 0.035088 0.089852 0.083998 0.133041 0.077622 0.061356 0.063055 0.073596 0.084360 0.085008 0.072812 0.048057 0.052341 0.084821 0.073677 0.083434
8.913798 0.004903 84.0362 84.0362 0.000000 0.242624 0.191766 0.179467 0.200518 0.177179 0.151925 0.119695 0.170599 0.164777 0.125563 0.142529 0.212266 0.293212 0.331788 0.337788 0.350238 0.384267 0.210998 0.127559 0.186808 0.268548 0.266525 0.162881 0.143614 0.147788 0.199297 0.260181 0.257239 0.123491 0.102680 0.113422 0.098734 0.094301 0.056440 0.048905 0.094788 0.131181 0.176782 0.172671 0.064516 0.050521 0.118856 0.119308 0.114383 0.199343 0.174023 0.075477 0.070463 0.074731 0.174714 0.260056 0.172885 0.074749 0.062484 0.052409 0.065633 0.091650 0.083491 0.092957 0.064406 0.049627 0.054763 0.023737 0.065673 0.092301 0.111623 0.065716 0.092164 0.122990 0.138187 0.122073 0.121360 0.114644 0.074714 0.089415 0.148966 0.146956 0.122036 0.092692 0.056732 0.026496 0.025087 0.046541 0.043595 0.139074 0.165641 0.117960 0.041270 0.035829 0.060091 0.092188 0.086137 0.062286 0.063743 0.062002 0.055921 0.056631 0.047714 0.048050
8.959622 0.004899 85.3314 85.3314 0.000000 0.300208 0.194078 0.175834 0.114282 0.036029 0.189327 0.271403 0.217135 0.064925 0.055799 0.273854 0.296573 0.125253 0.136105 0.106795 0.310829 0.406314 0.249293 0.261812 0.134691 0.214402 0.222494 0.198221 0.128802 0.174664 0.247846 0.203533 0.148427 0.199892 0.164638 0.035264 0.027646 0.082122 0.167959 0.322833 0.281598 0.067751 0.136508 0.122873 0.150112 0.190995 0.131927 0.067681 0.132788 0.053169 0.028536 0.108465 0.219588 0.208334 0.156428 0.037973 0.075281 0.092472 0.085609 0.040031 0.082125 0.067750 0.065382 0.093274 0.108365 0.092845 0.103415 0.136173 0.134333 0.077615 0.071757 0.097453 0.061221 0.128109 0.121012 0.069351 0.111811 0.098913 0.065923 0.021932 0.058652 0.082415 0.115125 0.136366 0.135434 0.124822 0.086878 0.061390 0.048258 0.051495 0.024907 0.066775 0.088854 0.072019 0.052691 0.027395 0.026711 0.023949 0.014375 0.042117 0.079972 0.094513 0.069966 0.055860
9.009852 0.004772 82.2295 82.2295 0.000000 0.156666 0.217906 0.176061 0.086047 0.058499 0.158542 0.295642 0.270883 0.150592 0.151039 0.217024 0.291736 0.280755 0.247294 0.289849 0.366391 0.385685 0.282002 0.216315 0.263335 0.251879 0.250437 0.334561 0.315181 0.193737 0.120522 0.168395 0.104466 0.092552 0.159216 0.147914 0.080617 0.070035 0.151478 0.313314 0.381995 0.274625 0.169011 0.143217 0.057753 0.075715 0.164504 0.064088 0.086031 0.144232 0.134609 0.103557 0.133356 0.193809 0.147210 0.151951 0.164063 0.124695 0.126936 0.119640 0.052748 0.048263 0.092645 0.099298 0.081119 0.071188 0.124871 0.159994 0.101931 0.041866 0.081766 0.062094 0.066828 0.124153 0.116758 0.066772 0.056700 0.073861 0.119687 0.095525 0.066444 0.090822 0.074002 0.031249 0.126071 0.217573 0.179231 0.061162 0.013673 0.009689 0.011436 0.038780 0.051293 0.058161 0.063374 0.053353 0.037263 0.028833 0.032988 0.038519 0.045434 0.048586 0.042542 0.043463
9.060563 0.365305 224.5980 224.5980 0.000000 0.188177 0.153619 0.077831 0.183500 0.040161 0.026614 0.251128 0.140079 0.114089 0.095211 0.102088 0.140530 0.428938 0.343221 0.432502 0.104502 0.111487 0.283542 0.309935 0.342353 0.120649 0.206679 0.178582 0.225787 0.194451 0.265781 0.187920 0.191821 0.263742 0.167147 0.131264 0.083897 0.180889 0.047925 0.427631 0.339920 0.371355 0.594473 0.508747 0.506605 0.795117 0.863516 0.806089 0.937474 0.965347 0.927235 0.888860 0.897701 0.806118 0.860812 0.718422 0.585887 0.620109 0.435017 0.350469 0.294873 0.402477 0.172567 0.223553 0.104610 0.221184 0.162548 0.177392 0.042426 0.034809 0.077560 0.117452 0.090575 0.017319 0.043997 0.170710 0.135223 0.106766 0.060338 0.102649 0.115441 0.099787 0.127800 0.122575 0.156750 0.017714 0.044005 0.038843 0.026097 0.069677 0.042371 0.042009 0.069303 0.036946 0.065585 0.065642 0.067444 0.076468 0.133682 0.075140 0.149414 0.156108 0.117882 0.129547
9.107861 1.004629 233.9225 233.9225 0.000000 3.691726 4.019395 4.596756 4.795064 4.854472 4.946101 4.952006 5.220239 5.176213 4.622429 3.552358 2.702016 2.724101 3.521527 3.681965 3.356591 2.468643 1.442433 0.361156 1.035188 1.777505 2.380600 2.530585 1.794557 1.261347 1.535236 2.159994 2.709633 2.561274 1.866528 0.766251 0.827869 2.208719 2.936078 2.689350 2.897534 4.236615 5.052729 4.658553 5.813627 11.069965 18.097664 27.382247 41.040406 56.164924 66.669910 66.932445 56.370239 38.992208 22.066610 11.947762 9.678841 9.461100 7.874932 5.530158 3.140599 1.207105 1.227670 1.825446 1.691922 1.428303 1.400327 1.167154 1.042695 0.841150 1.165884 1.640461 2.258893 2.386851 1.865230 1.506079 1.761826 2.256472 2.558049 2.185653 1.317493 0.889409 1.777136 3.070240 3.905949 4.113168 4.188941 5.797916 9.548891 13.739283 16.752916 17.862020 16.733551 14.197669 11.600528 9.943437 8.866549 7.263844 5.260385 3.308350 2.288555 2.260726 2.303291 1.889655
9.159450 1.183720 228.5687 228.5687 0.000000 8.403514 14.665665 12.490213 7.041298 12.218945 21.799216 27.430591 27.623355 22.299830 14.093116 5.954226 2.740319 7.259683 10.748661 9.670552 6.808533 6.627658 6.518187 6.435886 6.639869 5.891247 6.104752 7.306252 7.798768 7.317588 5.773734 4.287047 3.374771 5.203506 7.520870 8.674955 10.525020 8.477395 4.419610 4.234556 6.000056 14.891971 16.557144 14.330467 23.748777 23.021942 44.454600 69.017833 100.572941 195.539002 241.290800 177.692593 74.323720 19.123424 17.511951 14.668446 13.641467 24.231299 22.683313 12.353838 9.249405 6.329824 6.006605 10.748837 11.618684 9.222254 5.076527 1.708782 2.454012 5.360341 8.626908 11.134655 10.375458 6.569937 2.340252 6.471647 12.553110 13.962670 10.562763 7.803297 5.380605 7.267131 15.333535 16.734697 7.466086 9.156566 20.300496 38.719534 61.250206 67.643217 51.060993 25.370663 13.921765 22.897351 26.274336 18.285191 10.086407 9.857521 12.277537 11.263739 4.765011 2.526047 5.013730 4.950086
9.218769 1.192432 230.8039 230.8039 0.000000 10.002231 18.185164 15.998510 8.810141 12.713164 23.338651 31.207587 31.453114 24.010615 12.964323 7.945446 5.904714 4.756811 9.916198 10.388219 0.792396 6.060137 7.656960 9.944365 9.262627 4.543379 2.829325 5.503668 7.829092 9.762689 5.622484 3.174951 1.818615 3.006886 8.297754 12.474692 15.392307 15.771729 10.545748 8.530670 12.408694 21.760587 26.834626 30.788537 36.512115 22.320250 13.270374 44.151769 28.863203 144.803630 290.659199 262.388951 112.076476 20.771120 15.747905 24.799246 21.024275 24.990246 31.864208 30.223526 25.453386 20.313088 16.210317 16.276305 18.257142 15.861273 10.322133 7.143130 5.766502 5.240867 5.228142 10.585355 12.247503 12.296873 9.005502 7.238436 12.840027 18.382673 19.256818 18.732814 18.425970 17.493141 20.361820 24.824818 23.680112 16.444301 13.617521 14.503225 35.125399 65.713373 68.839160 42.452544 15.001066 11.440300 25.274686 26.468339 12.426554 3.030220 9.017831 17.852058 18.004675 12.179873 9.350870 6.930073
9.273828 1.139524 227.1971 227.1971 0.000000 4.990847 9.060044 8.459790 6.850071 5.423443 8.548875 9.213776 9.062198 8.388386 2.954204 3.851733 3.400757 2.081893 5.230615 6.537987 4.639495 2.134248 2.664061 4.975312 4.617260 2.751971 1.681752 1.031390 3.843218 5.436649 5.505101 4.369180 2.988617 2.656453 5.597065 5.284097 7.731350 8.086832 4.388104 5.350927 14.792009 26.686438 8.621450 40.051736 45.256443 30.058115 32.097291 56.712546 97.929100 133.913353 128.216573 78.116292 22.813011 9.569450 16.636133 17.654663 15.410949 12.162626 12.877301 14.973301 14.505543 10.803787 7.616441 8.554594 7.613175 3.046977 4.452839 6.285271 4.073987 3.460682 4.170622 2.837078 5.483893 5.946871 5.793609 7.633577 7.622354 6.962894 9.490739 12.604842 13.645104 11.701875 10.236186 11.608276 8.521067 3.528416 7.189850 18.400546 24.495201 21.534737 13.144842 3.328152 12.385147 15.917182 10.570645 3.432083 5.007759 8.449886 9.131542 9.348479 9.658076 7.377836 4.452252 6.013697
9.319601 0.658923 208.2140 208.2140 0.000000 2.141884 1.440800 0.441993 0.846531 1.868479 2.245558 1.791531 1.411792 1.065006 1.493934 1.657551 1.734903 1.160370 0.968936 1.300114 2.017681 2.158777 1.361538 0.782837 0.836945 1.013438 0.707592 0.497099 0.682121 1.249629 1.005003 1.206299 2.741701 3.062518 2.640097 2.672046 2.832253 2.777931 2.099475 1.243868 2.642573 3.491244 5.373150 13.862875 21.361843 24.473891 24.410522 22.794116 20.232557 19.283720 19.811997 18.347508 16.941333 16.037821 14.084596 9.887982 4.803157 3.144504 3.106191 2.188670 1.556445 1.072617 1.032491 1.170489 1.354675 1.760780 1.736462 1.282817 1.129895 1.387607 1.577520 1.785362 2.151906 2.044417 1.678742 1.431771 1.359226 1.245379 0.875141 0.704156 0.912902 0.966909 0.907599 1.003351 1.240697 1.298363 1.162866 1.116628 1.296322 1.473008 1.401026 1.735350 2.337713 2.408397 1.866040 0.906928 1.869088 2.907566 3.336608 3.166575 2.781156 2.661416 2.457613 1.897833
9.369954 0.151436 214.3992 214.3992 0.000000 0.356795 0.184122 0.221703 0.108266 0.327093 0.358182 0.307975 0.292020 0.368389 0.489958 0.364129 0.291112 0.359585 0.294405 0.128501 0.117793 0.200403 0.333616 0.293019 0.127014 0.161535 0.223545 0.191921 0.207053 0.221573 0.174569 0.328473 0.358662 0.419944 0.626693 0.550474 0.282490 0.345564 0.562163 0.643183 0.835800 0.966991 1.138903 1.690987 2.771779 4.388082 6.042194 6.517470 5.407359 2.864882 1.778738 2.111818 1.391360 0.655817 0.445405 0.378285 0.412071 0.371463 0.320056 0.455391 0.518710 0.462749 0.344795 0.167606 0.084513 0.112618 0.142071 0.153824 0.154177 0.227933 0.279054 0.264986 0.211698 0.177181 0.143040 0.054285 0.050843 0.200430 0.259308 0.086325 0.065102 0.025284 0.043900 0.127979 0.181189 0.100075 0.103654 0.171948 0.170247 0.160846 0.164920 0.085037 0.037197 0.152661 0.155952 0.047222 0.077744 0.187881 0.147379 0.148014 0.086942 0.055175 0.135503 0.154700
9.419951 0.027151 40.7344 40.7344 0.000000 0.338714 0.167940 0.150889 0.181208 0.116161 0.182879 0.339811 0.476426 0.355793 0.196827 0.222217 0.183311 0.277655 0.168550 0.080634 0.059826 0.119370 0.130272 0.141619 0.178798 0.096341 0.114746 0.121862 0.140645 0.157644 0.087860 0.085510 0.128143 0.116593 0.073836 0.066208 0.061940 0.083392 0.184023 0.196857 0.194967 0.282120 0.326796 0.254966 0.332540 0.205928 0.340115 0.346423 0.310270 0.267326 0.205795 0.232896 0.100466 0.197332 0.275255 0.183978 0.048459 0.024056 0.044162 0.055835 0.004628 0.033257 0.039835 0.070419 0.115071 0.071648 0.069310 0.045297 0.030290 0.032796 0.053789 0.045100 0.067223 0.081033 0.087337 0.081860 0.070969 0.052782 0.027322 0.036050 0.063226 0.032660 0.055101 0.056588 0.103516 0.136338 0.133760 0.130159 0.101759 0.071604 0.070647 0.076784 0.060239 0.035417 0.051112 0.092107 0.096209 0.065343 0.063837 0.107364 0.077111 0.061853 0.030521 0.025420
9.459902 0.005039 36.0261 36.0261 0.000000 0.221091 0.179089 0.222183 0.148533 0.233823 0.349614 0.501730 0.527561 0.339701 0.214966 0.141080 0.116711 0.209561 0.224461 0.145134 0.099489 0.131252 0.207985 0.257086 0.190993 0.109897 0.177302 0.259183 0.261077 0.229819 0.111935 0.089392 0.101973 0.094946 0.225477 0.219090 0.148371 0.045063 0.144535 0.174280 0.249855 0.348504 0.300097 0.084765 0.178318 0.173499 0.132675 0.092520 0.056057 0.072063 0.049564 0.089316 0.132690 0.096196 0.129601 0.096286 0.091480 0.108665 0.087389 0.093102 0.080681 0.039464 0.029992 0.043109 0.043680 0.084457 0.094769 0.094853 0.055750 0.023881 0.032170 0.017946 0.010942 0.058551 0.072283 0.058269 0.047292 0.064802 0.080692 0.069126 0.047809 0.063300 0.074290 0.088826 0.068156 0.071933 0.054930 0.087870 0.145060 0.123958 0.088675 0.102116 0.084054 0.046736 0.050945 0.047826 0.060690 0.096849 0.064360 0.056679 0.126711 0.126138 0.055223 0.025496
9.515476 0.005283 120.4128 120.4128 0.000000 0.220712 0.319421 0.372909 0.386396 0.337172 0.307740 0.194269 0.269271 0.247686 0.235050 0.286495 0.291428 0.213821 0.159902 0.213605 0.159629 0.077063 0.089801 0.155795 0.199458 0.171727 0.175034 0.206472 0.395931 0.360831 0.173097 0.148969 0.188517 0.163105 0.190970 0.218778 0.210605 0.220669 0.260758 0.230883 0.215046 0.291084 0.280277 0.245077 0.194907 0.143437 0.068197 0.126705 0.178280 0.102825 0.165919 0.158766 0.113327 0.107776 0.123149 0.145234 0.145615 0.170572 0.165968 0.106902 0.121235 0.143509 0.087747 0.053430 0.061095 0.066169 0.056349 0.064300 0.082896 0.011931 0.050233 0.011181 0.042980 0.050968 0.083603 0.097270 0.047531 0.049958 0.077668 0.051611 0.038839 0.066834 0.086205 0.051416 0.042072 0.087444 0.106964 0.099643 0.071209 0.073968 0.106367 0.049176 0.041847 0.077746 0.077598 0.085446 0.104511 0.087010 0.090587 0.085013 0.060085 0.104737 0.138821 0.087633
9.563744 0.005415 54.9642 54.9642 0.000000 0.120798 0.120103 0.251873 0.180829 0.275061 0.212447 0.344354 0.357444 0.144941 0.314157 0.568548 0.489056 0.212106 0.208649 0.320049 0.144079 0.049301 0.132410 0.099930 0.072461 0.184277 0.177346 0.297365 0.210589 0.089006 0.170197 0.200924 0.157719 0.203728 0.257836 0.266839 0.354685 0.233336 0.335046 0.223601 0.016141 0.073407 0.051015 0.088880 0.045974 0.117860 0.232376 0.205690 0.114479 0.247307 0.170386 0.160918 0.119739 0.076444 0.107235 0.103183 0.191318 0.137694 0.125106 0.185926 0.083841 0.101703 0.081013 0.045752 0.135706 0.101561 0.044081 0.065373 0.060867 0.060881 0.066651 0.042323 0.071266 0.065981 0.039189 0.056349 0.040070 0.025207 0.040956 0.069834 0.046497 0.040135 0.126072 0.156808 0.073388 0.044220 0.077882 0.031032 0.027896 0.020252 0.029985 0.060719 0.079261 0.064230 0.040255 0.051731 0.044529 0.093708 0.114340 0.035987 0.069467 0.067435 0.038946 0.069655
9.609950 0.709647 236.4409 236.4409 0.000000 3.977003 0.620751 0.353539 0.118645 0.541634 0.748270 0.544339 1.010868 0.631308 1.153859 0.749592 1.424179 0.946529 0.835722 1.271017 1.067948 1.034859 1.374920 1.236288 1.214959 0.999292 1.277276 1.225883 1.147596 1.026976 1.166864 1.345559 1.648481 1.521061 1.499781 1.424831 1.078847 1.184366 1.221913 1.453547 1.872856 2.389418 2.923023 3.564120 4.176124 4.711515 5.653272 6.689964 7.946886 9.515367 10.477289 11.092797 11.136776 10.530759 9.520778 8.076201 6.534696 4.902823 3.293495 2.170027 1.061456 0.604064 0.631331 0.919388 0.982987 1.186530 1.303036 1.224888 1.131932 1.004469 0.891786 0.742184 0.627531 0.528607 0.419607 0.373460 0.424328 0.515813 0.620582 0.689625 0.758289 0.782475 0.838154 0.852557 1.014372 1.184653 1.247448 1.407821 1.564029 1.692880 1.831482 1.924014 1.945096 1.857720 1.635149 1.299261 0.978608 0.598679 0.271169 0.288093 0.484160 0.594063 0.650398 0.608591
9.659503 1.131015 236.2180 236.2180 0.000000 7.451475 7.003933 5.459503 5.043384 6.186836 9.600741 12.729521 13.209645 10.050834 5.791394 5.365277 8.601128 9.620744 8.249303 5.237719 3.183258 4.661745 7.070858 8.090224 7.537760 6.028366 4.387253 3.204269 1.920136 3.031123 6.350060 9.040807 9.429577 8.173887 6.002016 3.785639 4.058981 8.785905 14.107478 18.073200 18.979637 16.524855 13.453635 14.053347 17.200324 20.825632 29.226904 41.489669 50.083379 65.193515 98.194434 127.662500 128.333647 98.573617 57.297017 24.480172 6.929750 1.894865 5.014303 6.281376 7.082113 8.080099 8.960746 9.870600 10.971816 11.141411 9.228549 5.772527 3.300185 3.970082 5.634099 5.835451 4.865689 3.852855 4.400052 6.501200 8.262140 8.597495 8.058104 7.787894 8.022326 8.324691 7.306597 4.055891 2.737491 8.869538 14.924821 19.386949 19.514857 13.813972 8.702929 14.105962 19.866547 20.237284 17.006852 13.005639 10.172639 9.686915 10.434446 10.276159 9.208653 9.039342 10.639275 12.614079
9.713731 1.197125 232.7884 232.7884 0.000000 9.707869 13.635363 8.764501 5.260354 11.377140 19.814862 28.122033 30.330425 22.234228 12.149505 11.903789 14.555757 15.737917 12.347346 5.172040 2.816154 7.451025 8.710838 10.372384 10.392739 4.523315 2.879380 3.244791 2.056617 4.788509 9.184016 11.493836 10.473941 7.613159 5.416962 4.063156 10.362442 20.746244 24.547677 25.391652 23.339220 11.647464 4.670454 16.158124 16.221499 15.457924 39.365806 49.916813 49.816454 79.423344 220.046056 294.762714 216.750429 98.129856 42.147691 24.581037 16.370666 14.938348 10.782975 7.559442 11.179853 13.006073 7.787411 12.911133 18.058366 17.325041 11.442720 7.492911 9.474162 11.495151 9.881063 8.492634 8.961304 10.116876 13.478350 16.191747 12.373741 6.778459 10.701124 9.184720 9.113471 12.196323 9.633000 10.098995 16.566831 20.696103 30.223707 38.336862 31.096071 28.722599 45.694073 55.644902 45.886011 27.276663 17.001992 9.619871 12.113291 25.602648 21.917745 12.134192 19.462564 23.875094 21.404385 17.216776
9.769735 1.198993 225.5843 225.5843 0.000000 6.918480 11.245996 7.354296 3.956905 7.232029 13.045167 19.030035 22.158668 20.513155 14.820687 8.260118 4.096891 10.172997 6.934215 2.035670 4.575321 4.254053 3.931908 6.473446 4.367935 1.845918 2.183329 1.696442 2.559824 3.158805 4.650653 3.394230 2.801901 2.919867 5.869676 12.864188 15.351288 7.825875 8.981701 8.640897 9.636476 7.677882 16.615412 18.064676 15.046132 21.116911 30.274009 56.695635 147.374453 255.840260 228.061207 97.387826 16.907007 16.434015 20.943004 17.565305 8.505444 2.035715 4.117903 8.742509 6.112876 6.669869 7.034508 11.159937 7.704685 3.059292 7.294090 8.053456 4.155889 3.810396 6.444572 4.216941 8.992829 10.626989 7.040181 4.378189 7.003958 5.475832 6.177419 7.474414 9.054549 11.031204 7.262868 9.550600 24.738346 29.761791 33.451310 43.618310 47.231233 37.275093 20.824688 9.228905 11.158850 17.205042 26.951248 22.358778 6.457082 16.479561 14.871971 8.295409 5.659894 3.329322 7.102802 9.458909
9.819884 0.975996 237.3946 237.3946 0.000000 2.766647 5.928634 4.684640 2.215606 0.939284 1.842521 1.773645 3.083455 4.313294 5.809267 4.117877 2.475882 3.396303 4.377575 3.379804 1.918807 1.591998 2.114152 3.256676 3.508640 1.806883 0.534725 0.675412 0.876003 0.941673 1.005146 1.312290 1.780270 1.674995 1.654990 3.381362 3.255943 5.730946 7.434422 3.421623 3.533020 6.232788 11.994557 19.670867 24.072039 23.115337 20.827817 25.101979 33.788976 50.988621 72.966649 83.902444 74.894587 49.406456 22.819237 9.095343 5.331768 5.730044 6.706679 4.184455 1.744777 2.935037 4.717432 5.070663 2.842108 1.726167 2.740042 2.606080 2.494431 2.866213 2.802745 1.491065 1.465244 2.525394 2.857387 3.073941 2.461152 1.762548 2.340326 2.725922 3.876781 4.411073 2.617295 1.191271 1.384295 2.159190 3.455955 5.466394 6.490156 4.609639 6.137031 11.134414 12.017587 7.675545 5.226170 7.201988 7.732172 9.123870 11.455650 13.344295 12.133463 8.710510 6.078519 4.129634
9.873425 0.409657 199.2640 199.2640 0.000000 2.008606 1.386494 1.061103 0.150467 0.483844 0.748393 0.285802 0.321861 0.796751 0.921806 0.555642 0.591119 1.062859 1.346368 1.062581 0.599967 0.106956 0.132052 0.480774 0.968429 1.084238 0.571361 0.055934 0.308918 0.479279 0.766504 0.588126 0.231100 0.578920 0.471733 0.328316 0.979611 1.532673 2.445617 3.541115 4.103560 4.667412 6.998437 10.917732 13.103950 11.483264 9.274563 10.659710 11.366396 8.763197 6.919570 5.424834 4.234592 4.061342 4.241861 2.707336 2.449590 1.330594 0.453701 1.415534 1.350528 1.009182 0.498511 0.446504 0.955292 1.144569 0.656264 0.495649 0.353039 0.113664 0.135098 0.370908 0.592913 0.677152 0.627006 0.617077 0.723842 0.900836 0.758987 0.524581 0.293202 0.435104 0.839734 1.031563 0.898968 0.598927 0.307616 0.182085 0.167173 0.327181 0.644515 0.724982 0.721041 0.831705 0.906442 0.873283 0.910976 0.962624 0.836769 0.653879 0.492171 0.756867 1.252395 1.152116
9.919592 0.069793 194.9796 194.9796 0.000000 0.224231 0.050327 0.343967 0.169484 0.260811 0.322759 0.156174 0.187235 0.233517 0.205148 0.130935 0.066117 0.248161 0.150086 0.095491 0.156981 0.062026 0.189225 0.024475 0.206260 0.136111 0.161771 0.198874 0.267655 0.334994 0.132992 0.234091 0.158393 0.140142 0.087200 0.186017 0.435323 0.668436 0.231740 0.766439 0.935355 1.074661 1.663938 2.081739 2.029292 1.497390 1.106376 0.694471 0.697094 0.743292 0.501148 0.215214 0.252554 0.473731 0.459604 0.345167 0.344012 0.123273 0.171442 0.198788 0.131878 0.108570 0.165289 0.053668 0.136960 0.264321 0.148354 0.029334 0.054451 0.114151 0.082922 0.036324 0.059575 0.061405 0.094610 0.039639 0.165991 0.188347 0.086190 0.062469 0.053321 0.116951 0.064160 0.131317 0.035601 0.037460 0.036303 0.031593 0.056643 0.039132 0.097411 0.054480 0.078883 0.098182 0.039151 0.082004 0.117114 0.071632 0.038367 0.086817 0.097778 0.066224 0.090702 0.049788
9.969942 0.008098 119.7975 119.7975 0.000000 0.097252 0.156485 0.244155 0.130982 0.182950 0.137453 0.083014 0.064686 0.068243 0.065097 0.055988 0.055890 0.090129 0.119710 0.131652 0.196218 0.261995 0.224998 0.133009 0.063211 0.142004 0.119028 0.175546 0.304869 0.301116 0.264036 0.286996 0.228384 0.118231 0.037519 0.069329 0.082760 0.137746 0.148126 0.175420 0.189873 0.120812 0.117939 0.135804 0.144804 0.232334 0.236957 0.161165 0.085603 0.032777 0.091283 0.080570 0.097108 0.078412 0.111063 0.263214 0.228854 0.155264 0.181818 0.201872 0.176593 0.144949 0.086876 0.033762 0.047893 0.041694 0.048681 0.071708 0.083129 0.076245 0.049671 0.059869 0.093555 0.069670 0.026041 0.030170 0.046528 0.074459 0.040714 0.129035 0.196905 0.163844 0.074870 0.057830 0.047486 0.098689 0.144062 0.103366 0.030242 0.032710 0.060095 0.068684 0.057646 0.060317 0.083420 0.073779 0.043153 0.059609 0.071219 0.037710 0.085796 0.055281 0.038013 0.057802
10.019376 0.004114 15.3709 15.3709 0.000000 0.150447 0.082222 0.276999 0.272506 0.185756 0.049188 0.035038 0.069119 0.024014 0.123950 0.167979 0.142108 0.138252 0.086505 0.175917 0.265548 0.183274 0.146533 0.153762 0.152512 0.142658 0.120792 0.194583 0.226814 0.133047 0.131157 0.186652 0.154444 0.053770 0.147319 0.209595 0.223186 0.172445 0.150629 0.140435 0.185710 0.197533 0.089252 0.055773 0.121852 0.136851 0.066706 0.079007 0.047670 0.094974 0.095098 0.076482 0.077111 0.024261 0.106385 0.087447 0.078365 0.043367 0.103864 0.113722 0.081815 0.040804 0.022125 0.036604 0.058759 0.058883 0.049388 0.038847 0.030260 0.040758 0.065873 0.062341 0.046443 0.072209 0.080629 0.073775 0.121767 0.149650 0.105218 0.068764 0.125264 0.095038 0.031583 0.026793 0.112902 0.200045 0.121543 0.030363 0.043952 0.113946 0.110820 0.052118 0.072268 0.061047 0.026341 0.034214 0.062613 0.100197 0.109193 0.063675 0.036801 0.026991 0.033988 0.031645
10.064908 0.004445 21.0062 21.0062 0.000000 0.177929 0.190819 0.306209 0.412654 0.261981 0.085335 0.059828 0.131106 0.189129 0.250192 0.272605 0.205963 0.136565 0.121601 0.148026 0.183803 0.073805 0.188521 0.239463 0.125878 0.107494 0.128458 0.166685 0.118001 0.179629 0.150220 0.124024 0.179059 0.176684 0.145741 0.221135 0.246701 0.159650 0.154789 0.230702 0.236171 0.181371 0.130492 0.075548 0.046786 0.057151 0.040442 0.075948 0.085803 0.091951 0.106162 0.039880 0.021172 0.064109 0.080335 0.064980 0.052568 0.047845 0.065744 0.078471 0.048610 0.026818 0.030149 0.042970 0.025472 0.050293 0.016170 0.072305 0.044518 0.041299 0.055552 0.042238 0.052556 0.029359 0.056974 0.116219 0.124981 0.098279 0.130435 0.172913 0.135973 0.062414 0.037653 0.070314 0.019579 0.017904 0.083590 0.179787 0.163000 0.055198 0.051946 0.069585 0.093761 0.042866 0.066574 0.063860 0.028234 0.010817 0.021618 0.043038 0.081757 0.092199 0.050168 0.031859
10.114250 0.315368 4.9869 4.9869 0.000000 1.087855 0.194638 0.287847 0.374852 0.199990 0.090342 0.165776 0.236840 0.136433 0.272693 0.257507 0.103391 0.112528 0.111027 0.124139 0.353082 0.400840 0.305240 0.247763 0.073717 0.163896 0.257762 0.150763 0.182075 0.078820 0.192553 0.085280 0.194353 0.068002 0.386996 0.447927 0.069534 0.157433 0.390855 0.235064 0.271762 0.448189 0.347326 0.554840 0.520576 0.515872 0.613955 0.742749 0.541133 0.513237 0.673510 0.529583 0.562894 0.454378 0.358739 0.370532 0.382244 0.167275 0.217786 0.205474 0.242213 0.084121 0.160496 0.093012 0.168617 0.135938 0.112880 0.157975 0.039779 0.112218 0.081418 0.134602 0.116280 0.066131 0.048343 0.130141 0.125910 0.078010 0.081335 0.076769 0.082968 0.055641 0.051763 0.125140 0.133475 0.057305 0.033926 0.065441 0.087252 0.088163 0.129851 0.063505 0.045153 0.031453 0.019935 0.071329 0.119704 0.065625 0.083693 0.059738 0.068606 0.077688 0.058758 0.080622
10.159859 0.987187 238.5295 238.5295 0.000000 5.632525 2.908760 2.186248 2.446239 3.078725 4.209816 4.793966 5.221625 4.797047 4.147455 3.874364 3.678443 3.676987 3.709176 3.288642 2.434362 1.883902 2.486186 2.915580 2.389444 1.224715 1.053257 1.358325 1.769938 2.639154 3.589198 3.827283 2.961516 1.440048 1.688847 2.447774 2.522779 1.482148 2.127191 4.969147 7.696086 9.227493 9.522833 8.470283 7.144617 8.842476 13.655840 18.611558 24.668259 35.111978 48.059593 58.211082 61.007030 55.290542 43.058168 28.468604 16.053072 8.899323 7.013727 6.957268 6.381016 4.999753 3.072246 1.657603 2.033336 3.099958 3.861854 4.580106 4.794881 4.031020 2.281636 0.816274 1.767891 2.995421 3.397026 3.510091 3.292256 2.791810 2.763945 2.872295 2.928452 2.691513 2.022175 1.490949 0.841480 1.214640 3.129679 4.981598 6.422660 7.489756 8.386871 9.586452 10.810865 11.531638 11.166310 9.772631 7.726553 5.387078 2.977719 1.943142 3.268792 5.220616 6.367813 6.464938
10.213778 1.195387 226.6401 226.6401 0.000000 9.363133 8.623131 6.780387 6.167022 9.285923 16.149862 22.216348 22.671072 15.081287 2.729672 8.390948 12.388267 9.071093 6.183084 6.167349 4.200819 7.005992 12.174815 13.458176 11.553284 9.443348 6.456001 2.469167 6.804698 13.624232 16.962516 15.201624 12.668583 13.476000 12.054296 7.168956 5.810239 12.077248 20.868161 23.556398 15.563390 11.219980 9.124090 6.681575 21.694369 37.490836 43.560377 49.831792 128.137452 225.107498 223.815628 137.438817 71.989641 46.321264 15.192304 12.403438 19.140296 15.975395 11.313876 11.843212 13.812476 14.460330 11.381636 2.411740 12.261364 22.273867 24.034715 21.356107 19.934540 21.220050 22.830208 22.390818 18.064366 10.149289 7.601130 13.983544 18.603600 16.871735 11.129222 5.654242 3.364254 6.398264 13.729444 22.268890 26.021614 17.843909 12.344528 28.854575 38.550983 32.333647 26.233333 21.129301 13.511147 13.720983 15.668115 16.150263 16.381011 18.042485 20.200840 17.648660 10.665291 8.270957 11.238937 13.792442
10.269789 1.205039 222.0603 222.0603 0.000000 5.733904 4.689726 6.244711 4.827682 8.897311 15.507010 24.312642 28.995306 18.491776 9.134461 12.575991 13.284931 6.632935 4.940076 7.432886 7.824520 10.405614 15.721808 17.116823 13.123491 11.216137 8.240337 7.091224 10.409277 16.261353 19.371051 18.483823 17.741143 17.287386 12.865807 5.548646 10.653017 16.301301 20.158195 16.787021 11.419955 8.047808 8.493950 12.971789 22.560863 29.407767 36.142402 135.025721 284.990485 268.887380 108.029784 41.273239 48.572388 30.801873 19.201531 13.940673 13.274775 9.413104 14.674504 18.764678 18.082920 15.815919 13.837139 21.708387 27.022474 27.292949 28.213159 27.137462 24.220385 25.881093 27.385234 21.435257 13.876000 16.622399 24.317765 24.419165 17.267660 9.402921 2.646971 4.865247 14.051418 22.412671 25.295647 28.732350 27.336613 36.286712 42.502717 25.403975 16.043152 19.475188 11.056215 13.566405 25.878523 19.558711 11.241834 11.296497 16.396736 19.253654 8.052341 6.172465 11.692514 16.383482 18.801211 17.842454
10.329880 1.165494 232.6500 232.6500 0.000000 4.154439 1.620184 2.195088 5.092839 6.128944 3.957923 5.123549 12.371420 12.492849 6.525845 5.115366 6.432864 5.958155 5.776668 4.199778 2.425914 3.402082 1.993224 6.670669 6.481556 3.002224 4.593962 4.331813 1.819980 2.726179 4.208015 6.497697 5.605993 5.666001 5.304289 7.652113 8.080863 6.191432 5.802264 2.771664 7.590910 12.516614 22.440985 17.121041 20.071160 25.379292 30.007125 29.551698 49.215367 111.596185 155.421743 140.828782 82.333961 32.039612 16.489619 15.929721 13.228624 5.728333 6.617785 10.295523 11.157643 8.484858 5.092027 5.814947 7.930454 10.150476 10.406895 8.008551 6.675453 9.289678 9.105817 4.708890 6.049566 9.182237 9.535198 5.388159 6.692241 11.466997 11.418202 7.316184 4.315117 3.288626 2.894077 4.949553 7.633364 6.056314 5.901045 13.979268 20.012640 23.005590 19.059361 10.362195 4.819151 5.423995 10.097917 14.867085 16.968384 12.372549 4.115881 3.199624 4.770684 8.724748 8.946131 5.740670
10.379936 0.709283 227.7201 227.7201 0.000000 3.052869 1.613983 1.258303 1.899877 1.817023 1.963633 2.078911 2.452190 2.367954 2.328072 1.819348 1.025568 0.615096 1.106550 1.657257 1.295516 1.057489 1.354027 1.416644 1.131125 1.147173 1.541430 1.715434 1.531898 1.288083 1.330149 1.519096 1.508270 1.070879 1.133191 1.809333 2.556939 1.935917 0.644108 2.557950 4.718235 5.536536 11.759637 20.416145 21.857413 19.695261 18.973146 20.525549 23.439049 25.687717 25.224844 23.383280 20.657090 15.459455 8.290870 2.669836 0.843499 1.246976 2.567869 3.291094 3.064436 2.700038 2.039144 1.096933 0.239055 0.745581 0.618319 0.481584 1.038241 1.246452 0.971947 0.785576 1.205104 1.342580 0.806443 0.439804 1.482042 1.900518 1.659017 1.209611 1.004107 0.745702 0.311604 0.188037 0.355837 0.729994 1.585612 2.389613 2.230268 1.308982 1.950594 2.917662 2.575491 1.527546 0.839597 1.207114 2.725612 3.579993 3.654536 3.387973 3.004619 2.467217 1.897572 1.745938
10.420001 0.162025 205.8985 205.8985 0.000000 1.475367 0.415335 0.159403 0.426694 0.346612 0.292392 0.301247 0.182928 0.160273 0.161229 0.169773 0.280206 0.329183 0.282966 0.382816 0.410615 0.255456 0.177397 0.196978 0.192575 0.138000 0.137315 0.242451 0.253406 0.290743 0.358795 0.230970 0.095797 0.165031 0.305092 0.100121 0.183218 0.151316 0.546354 0.502444 0.403110 0.593859 1.607286 3.436412 5.739970 7.196097 6.908506 4.197640 1.534928 1.524996 1.114018 0.825000 0.959391 0.573151 0.500300 0.525326 0.245160 0.230326 0.438726 0.403299 0.176217 0.131110 0.215170 0.126178 0.111335 0.088662 0.083505 0.142370 0.136304 0.165755 0.065196 0.140584 0.071467 0.114505 0.068107 0.151897 0.204764 0.126125 0.163307 0.249564 0.202790 0.125480 0.147252 0.139359 0.075974 0.062318 0.069589 0.138676 0.096011 0.067640 0.115114 0.166868 0.188487 0.205318 0.185988 0.162160 0.170828 0.158344 0.146934 0.119440 0.089467 0.081303 0.126269 0.068801
10.475637 0.028261 218.7887 218.7887 0.000000 0.025274 0.098563 0.262686 0.347568 0.158616 0.248018 0.265098 0.146354 0.137323 0.103283 0.195581 0.348297 0.330620 0.220797 0.220996 0.296461 0.241928 0.098247 0.032675 0.032085 0.057580 0.125749 0.065434 0.147856 0.220334 0.053140 0.053480 0.138197 0.228921 0.270579 0.170638 0.162743 0.214581 0.192931 0.193601 0.189975 0.195078 0.243777 0.292522 0.350871 0.362713 0.339153 0.492173 0.506420 0.231941 0.399837 0.267032 0.097096 0.225293 0.319336 0.299740 0.146543 0.149386 0.049540 0.097925 0.072031 0.129036 0.165535 0.121360 0.084964 0.068686 0.049541 0.054917 0.076558 0.077333 0.078299 0.110038 0.120687 0.081637 0.108151 0.122137 0.079305 0.054128 0.061766 0.091666 0.107057 0.084106 0.067487 0.011607 0.023652 0.068761 0.096762 0.139636 0.151589 0.096614 0.053223 0.045967 0.040669 0.027354 0.025278 0.027638 0.015493 0.019945 0.045048 0.043825 0.033612 0.034924 0.044370 0.037639
10.523636 0.004853 56.4809 56.4809 0.000000 0.098777 0.085843 0.154121 0.171193 0.274320 0.239153 0.113443 0.247275 0.162315 0.180931 0.343891 0.181687 0.164283 0.159963 0.153675 0.129531 0.130266 0.110611 0.082971 0.131178 0.205433 0.196511 0.124872 0.167498 0.269167 0.269457 0.302019 0.337091 0.250063 0.162312 0.150686 0.131916 0.108990 0.176591 0.265422 0.269625 0.111695 0.147623 0.095750 0.080680 0.059163 0.116880 0.107202 0.164888 0.148308 0.067638 0.145047 0.109971 0.110326 0.121195 0.090045 0.092468 0.083855 0.063827 0.041809 0.120907 0.183605 0.146263 0.091401 0.072115 0.086968 0.084067 0.062857 0.084002 0.145125 0.183662 0.223228 0.205973 0.127512 0.054136 0.104103 0.060277 0.099078 0.131620 0.140249 0.125211 0.077386 0.030336 0.033356 0.057743 0.121633 0.119129 0.089797 0.051119 0.055820 0.083159 0.065262 0.045208 0.050121 0.049030 0.059175 0.055687 0.032635 0.021747 0.033570 0.028594 0.021579 0.028967 0.038064
10.570888 0.004739 57.1248 57.1248 0.000000 0.088023 0.118999 0.167733 0.203401 0.284937 0.269347 0.234106 0.270987 0.279751 0.337410 0.459497 0.430690 0.306910 0.200941 0.102054 0.086559 0.144934 0.120479 0.047744 0.096530 0.211148 0.262920 0.156823 0.136590 0.194447 0.211919 0.239646 0.323202 0.188337 0.057294 0.020054 0.026476 0.078153 0.217117 0.337322 0.279296 0.160152 0.167746 0.177887 0.136156 0.152374 0.148627 0.063869 0.030879 0.074104 0.089260 0.061668 0.122037 0.162802 0.068334 0.048589 0.031112 0.067821 0.032153 0.050336 0.148222 0.221080 0.106041 0.061098 0.079962 0.100770 0.059549 0.053237 0.120348 0.196757 0.206129 0.135326 0.124136 0.183591 0.198367 0.170309 0.122272 0.084033 0.103042 0.080397 0.047459 0.056234 0.056252 0.021647 0.004906 0.004734 0.082045 0.069637 0.046746 0.036142 0.041372 0.068233 0.060674 0.035139 0.073001 0.097609 0.088839 0.057829 0.027218 0.027794 0.046378 0.059575 0.067186 0.069327
10.614241 0.024226 61.7587 61.7587 0.000000 0.315840 0.202474 0.192186 0.103479 0.186876 0.076875 0.156245 0.108439 0.200512 0.267007 0.334964 0.369065 0.207096 0.126365 0.166709 0.211708 0.227232 0.204784 0.139787 0.104049 0.170812 0.162175 0.066166 0.095780 0.060502 0.058451 0.082592 0.182618 0.214191 0.173767 0.145576 0.142532 0.101436 0.216805 0.305792 0.031482 0.202395 0.114124 0.145204 0.197185 0.185242 0.134774 0.046256 0.054949 0.058859 0.085384 0.173745 0.219556 0.144222 0.062054 0.054154 0.089131 0.110506 0.132067 0.145266 0.155803 0.167365 0.123489 0.089463 0.102569 0.079009 0.043031 0.115543 0.176254 0.130115 0.045256 0.089716 0.103855 0.087886 0.139845 0.164923 0.095546 0.042548 0.078013 0.033281 0.025222 0.022673 0.043374 0.031251 0.034768 0.096402 0.136756 0.078337 0.029071 0.030720 0.050851 0.037591 0.060195 0.093344 0.063335 0.039850 0.039909 0.031262 0.035979 0.031560 0.031883 0.049091 0.057170 0.036751
10.665935 0.845385 235.7606 235.7606 0.000000 2.398617 0.746321 1.350246 1.567849 1.910883 2.363372 2.168645 2.129724 1.986019 1.715722 1.281010 0.743537 0.847797 1.105906 1.550156 1.647997 1.930189 2.134694 2.206266 1.965057 1.737033 1.733804 1.514206 1.120812 0.704711 0.531721 0.701632 0.912370 1.398728 1.778188 1.721258 1.707899 1.617115 1.098562 0.623805 0.669257 1.896470 3.756242 5.968597 7.978349 9.864608 11.781059 14.314569 17.750367 21.523938 25.265033 27.046594 26.865946 24.442768 20.267781 15.240852 10.619315 6.348674 3.234689 1.570959 0.931809 1.155158 1.789157 2.144692 2.378003 2.584717 2.485558 2.480158 2.303775 2.232391 2.019849 1.723983 1.451682 1.237843 1.181290 1.221753 1.477812 1.555839 1.534954 1.525610 1.398753 1.156675 0.804964 0.517275 0.601743 0.765117 0.897854 1.008105 1.244063 1.817535 2.819102 4.069020 5.302621 6.174692 6.493792 6.267137 5.506819 4.443823 3.449295 2.981193 2.940954 3.057355 3.138038 2.965034
10.713724 1.172546 226.5773 226.5773 0.000000 3.943086 7.430198 9.749315 9.257667 9.576590 14.139264 18.271076 18.614432 15.483254 10.856758 7.391039 6.716102 7.783731 8.629916 7.897321 6.489038 6.470985 7.574185 8.304441 8.763320 8.378886 6.620084 4.199145 2.139493 1.355608 3.780286 7.522844 10.434537 9.872051 6.366501 2.767134 3.903335 6.694292 7.993565 12.433563 20.541512 26.469857 26.043763 22.797506 29.975087 45.540445 50.326682 62.840335 119.740244 174.178591 168.772449 111.791319 53.667674 23.158565 8.110211 9.062212 8.431152 5.696107 7.083183 11.056307 13.004924 11.235640 7.692397 5.726277 6.254900 8.535051 10.489674 10.656272 9.138742 6.808852 4.318205 3.241729 5.033442 7.279082 8.202717 8.206006 7.443707 5.453043 2.478792 0.749680 3.222589 5.561769 7.970861 10.393797 12.121171 15.910344 27.026295 41.361399 46.738539 37.062031 22.584653 19.165874 15.512789 8.544916 11.670928 18.901847 18.505199 11.904635 4.787780 5.063534 7.921880 8.354142 7.013694 7.092528
10.772942 1.204200 225.4303 225.4303 0.000000 4.382981 13.065917 19.201005 13.349704 9.561703 21.301848 26.362645 25.450285 21.557012 12.464092 5.270844 7.416302 9.803683 9.496244 8.496973 5.175319 5.287045 6.394679 7.357098 9.968390 8.000284 7.175288 5.643703 2.098519 1.246075 4.876566 12.947886 15.438235 11.345550 6.987263 4.963423 8.415108 13.750258 13.935029 15.819534 29.437343 25.672653 17.320359 14.549945 28.017629 41.594732 39.980228 39.133330 201.488135 326.488538 244.337535 92.888523 34.119001 27.681018 16.054136 15.802132 10.373966 9.071760 10.346002 15.220086 18.247426 10.320082 3.257707 5.007862 5.927313 9.002808 11.015895 13.760647 8.771300 7.002502 4.530086 4.342740 6.931892 8.017478 8.828423 7.698631 8.884352 7.551716 5.452092 6.382221 7.932056 5.153437 13.283903 20.224820 12.783643 13.657804 44.810697 71.298563 68.759565 32.154149 16.622034 26.396548 21.173700 21.738968 29.978412 32.106354 21.230293 5.903052 4.878569 9.789949 8.897115 5.767901 3.921457 7.478564
10.829931 1.205051 226.1942 226.1942 0.000000 1.057564 10.087185 14.332329 12.723565 13.543473 14.507060 10.170333 8.571724 9.984070 5.583861 1.965146 2.826714 2.923356 3.153115 2.954249 6.760707 6.629330 4.495507 4.043145 4.971778 1.772593 2.486593 2.099877 4.073921 2.953046 5.073509 8.897986 8.175716 4.072277 2.568295 1.467166 5.470333 9.097319 7.418632 4.057581 16.411155 23.179693 18.733249 16.113555 18.157857 39.052380 41.393535 80.895568 168.394687 215.053511 154.591482 59.804136 11.159804 20.992928 22.813390 15.446135 6.506166 4.342381 3.049365 4.898343 8.495215 8.318834 6.753483 7.291476 8.492369 6.479304 6.028963 9.215628 5.953625 3.551565 4.612492 4.717145 3.419730 2.357706 3.294247 0.622736 3.974294 4.183441 3.590343 6.397706 7.082262 6.819353 10.150432 13.658368 9.955754 9.067296 19.964552 35.364898 40.635410 36.620481 26.610102 19.515889 10.619107 10.834300 17.078093 15.620563 14.401437 8.720722 6.770205 11.700183 10.950270 6.841061 7.006833 7.588053
10.882722 0.871273 234.4453 234.4453 0.000000 3.571507 5.063693 3.816660 1.426173 3.267295 3.977200 2.808625 1.952691 2.065214 1.974389 1.070654 0.772917 0.984931 1.119369 2.071747 3.020637 3.528387 3.284379 2.155296 1.418800 2.026012 2.410832 1.973405 1.702456 2.323221 2.982843 2.941937 2.367330 2.080583 1.240205 0.953704 1.636306 3.038048 4.050865 3.009849 2.684136 6.378919 1.649859 16.476034 27.228241 21.961088 20.185333 28.566757 36.843646 46.415584 53.403364 55.167425 47.571142 29.419519 11.846337 7.074459 7.417954 7.062920 6.340043 4.858985 3.147351 2.308839 2.197102 1.495353 1.381290 2.923303 4.149797 4.334176 4.151668 3.903243 3.544129 3.316394 3.096516 2.257495 0.714260 1.187884 1.956513 1.924502 1.437553 0.903142 1.364640 1.659791 1.825043 2.020276 1.266552 2.744588 4.979599 5.259380 3.531942 1.546432 0.916721 3.557512 4.107856 3.679105 7.092767 8.708308 7.261304 5.491965 4.456693 3.536784 2.027172 1.921444 3.744945 4.828328
10.929779 0.278504 210.5198 210.5198 0.000000 2.707552 0.555674 0.683869 0.612404 0.602771 0.390019 0.273173 0.229899 0.208106 0.411383 0.482459 0.507957 0.340254 0.491556 0.575868 0.490914 0.452290 0.379904 0.427109 0.510108 0.499076 0.405038 0.454276 0.634214 0.549491 0.696450 0.645585 0.384272 0.501444 0.303982 0.283148 0.268185 0.546001 0.852983 1.001060 0.976110 1.732834 2.726289 3.545730 5.713548 9.193679 11.806339 10.582624 7.881525 6.873456 5.364445 3.405049 1.924781 0.946591 1.244690 1.759729 1.814642 1.333351 0.679649 0.243049 0.245832 0.420636 0.493467 0.312961 0.174668 0.268902 0.317123 0.413356 0.443946 0.301772 0.255575 0.140410 0.159618 0.117127 0.084559 0.084340 0.268856 0.468647 0.432555 0.415817 0.327228 0.317508 0.344338 0.280184 0.346982 0.526861 0.468547 0.465061 0.511670 0.526397 0.547382 0.460203 0.319644 0.155863 0.123505 0.317489 0.542279 0.548859 0.560884 0.530826 0.341529 0.152603 0.137325 0.308244
10.976629 0.049477 214.0985 214.0985 0.000000 0.210247 0.264090 0.259414 0.171516 0.054020 0.051936 0.054700 0.074278 0.146093 0.197587 0.174630 0.191610 0.230133 0.158169 0.073847 0.094127 0.148414 0.260851 0.375009 0.321137 0.187999 0.227228 0.214503 0.215842 0.187571 0.098976 0.200275 0.227668 0.263010 0.137190 0.098942 0.175265 0.202628 0.142072 0.123865 0.197299 0.389824 0.524336 0.676815 1.056478 1.091152 1.107549 1.314522 0.911781 0.525377 0.277685 0.118897 0.180451 0.230776 0.292609 0.287140 0.165446 0.127545 0.121003 0.090809 0.048504 0.029292 0.035564 0.071465 0.149533 0.159651 0.097708 0.076505 0.057838 0.071696 0.087797 0.104694 0.090775 0.076492 0.069996 0.097417 0.095840 0.043265 0.101095 0.119394 0.103141 0.094511 0.056283 0.079894 0.077400 0.050622 0.080859 0.087230 0.043743 0.023358 0.029829 0.035645 0.029830 0.025059 0.033214 0.041822 0.066689 0.028469 0.075956 0.076816 0.075846 0.055412 0.075107 0.046790
11.024172 0.005508 209.8063 209.8063 0.000000 0.223710 0.266412 0.083003 0.205250 0.173752 0.101714 0.115083 0.167309 0.182181 0.152909 0.136412 0.129014 0.117015 0.102390 0.091067 0.143124 0.126174 0.112883 0.207370 0.185739 0.109166 0.220956 0.151157 0.174796 0.162569 0.169876 0.178186 0.128123 0.179768 0.115600 0.092848 0.093597 0.073393 0.068499 0.111272 0.168354 0.115855 0.180472 0.192520 0.180058 0.085087 0.270322 0.149003 0.073198 0.075188 0.148066 0.193330 0.165763 0.107267 0.135684 0.166665 0.117602 0.075049 0.114078 0.133068 0.102687 0.088501 0.069460 0.088156 0.133814 0.115106 0.175113 0.107914 0.027904 0.021604 0.049132 0.053380 0.033500 0.032419 0.053171 0.096772 0.043935 0.089609 0.117867 0.080588 0.069036 0.071719 0.088818 0.119450 0.075228 0.017698 0.045201 0.101723 0.126466 0.082970 0.065029 0.088276 0.044191 0.054996 0.059462 0.068300 0.094827 0.088689 0.031474 0.030869 0.058501 0.095761 0.097718 0.064925
11.073716 0.004708 25.7987 25.7987 0.000000 0.135545 0.152643 0.218118 0.306616 0.331435 0.241896 0.122547 0.133922 0.089460 0.060744 0.064606 0.083569 0.137356 0.167045 0.256640 0.311223 0.199547 0.102677 0.125007 0.143146 0.089724 0.082728 0.215998 0.210789 0.154106 0.161205 0.149675 0.176507 0.152641 0.180032 0.210944 0.150458 0.092661 0.178186 0.189320 0.101180 0.203241 0.150484 0.225502 0.313126 0.234531 0.159005 0.130317 0.148039 0.203473 0.237040 0.117609 0.114731 0.129076 0.094285 0.133285 0.151872 0.168933 0.209186 0.251257 0.237647 0.169610 0.120233 0.111298 0.112822 0.186306 0.163640 0.067258 0.074604 0.040751 0.057058 0.070584 0.023810 0.054635 0.094897 0.128004 0.161611 0.137602 0.118762 0.112218 0.091366 0.060292 0.100838 0.099055 0.046618 0.050144 0.095863 0.115638 0.109923 0.119695 0.124578 0.081099 0.042869 0.030656 0.033324 0.099839 0.072723 0.038038 0.085862 0.139187 0.112046 0.017255 0.008155 0.037524
11.119926 0.004984 78.9346 78.9346 0.000000 0.087827 0.080272 0.177428 0.151865 0.250010 0.163127 0.126248 0.133332 0.148307 0.167083 0.152583 0.103795 0.116131 0.230838 0.333886 0.416566 0.321741 0.142025 0.053937 0.128493 0.029694 0.168981 0.264853 0.112765 0.224612 0.260655 0.157668 0.133950 0.074778 0.050239 0.168311 0.236609 0.146144 0.118926 0.220169 0.173285 0.110915 0.182740 0.236796 0.226721 0.290245 0.185172 0.155532 0.202577 0.088645 0.125009 0.167932 0.225051 0.243721 0.169536 0.118721 0.090474 0.074654 0.103153 0.108365 0.227457 0.235348 0.115685 0.046915 0.058603 0.103125 0.162543 0.088162 0.134194 0.125749 0.075943 0.068690 0.092690 0.084268 0.052258 0.046663 0.054268 0.084761 0.110428 0.072439 0.097066 0.120772 0.078700 0.099720 0.140873 0.096397 0.107707 0.087517 0.050470 0.074276 0.061623 0.124655 0.089415 0.043197 0.034793 0.056268 0.091892 0.096746 0.061819 0.038413 0.067042 0.111025 0.083923 0.045768
11.169925 0.727008 228.9379 228.9379 0.000000 2.525674 1.606090 1.572286 1.281148 1.562484 1.654417 1.229846 0.859317 0.507928 0.484349 0.139053 0.228677 0.308490 0.358820 0.620730 0.287098 0.420490 0.570469 0.681339 0.489505 0.487805 0.918638 0.690680 1.168672 1.335324 1.414062 1.445721 1.216472 1.231663 1.396305 1.174422 0.982568 0.721739 0.742842 0.881718 1.344359 2.022429 2.741782 3.603733 4.743192 6.032337 7.527648 9.124628 10.570383 11.940754 12.737002 12.540879 12.196755 11.149561 9.483637 7.648168 5.709275 3.929223 2.641306 1.341815 0.532545 0.262281 0.280780 0.326174 0.245662 0.336132 0.556684 0.712215 0.787086 0.800335 0.879599 0.843969 0.953077 1.072194 1.061641 1.019212 1.001760 0.946821 1.038135 1.043408 0.949876 0.983978 1.083436 1.077940 0.933673 0.871412 0.867789 1.082944 1.296633 1.574146 1.917795 2.259443 2.541927 2.679056 2.724047 2.621422 2.488045 2.290310 2.045104 1.811161 1.637911 1.477626 1.322476 1.229746
11.213700 1.135121 232.6605 232.6605 0.000000 3.744410 6.357047 6.079050 8.371822 14.306194 19.342500 20.343102 18.008932 14.050704 10.190103 6.961518 4.431238 4.298138 5.952539 7.021767 6.914926 5.333985 2.398049 0.400245 1.401925 2.479235 5.087150 7.726754 8.069243 5.947486 4.610080 5.357337 5.124653 2.945428 3.484769 5.891191 6.822431 7.324841 8.206971 7.844663 6.053207 10.953650 20.091339 28.738773 33.207627 34.651192 40.568079 49.015311 67.908743 105.305076 133.711285 128.064229 92.091191 48.953106 20.177542 9.522243 4.883000 3.613726 5.241260 6.355146 6.169468 5.799789 5.578754 5.100611 5.283700 4.700251 2.349198 1.983276 4.931839 6.262192 5.687515 4.818223 5.545065 5.368760 2.593628 2.563736 4.075540 4.329684 5.312910 7.063188 7.905301 6.615264 3.311129 2.497567 5.029131 6.020734 8.004575 13.889254 24.894876 36.202842 40.621072 35.367798 23.916120 13.433009 9.148661 8.955928 10.565770 12.536433 12.610808 10.314153 6.844793 3.469872 1.903401 4.882773
11.274112 1.200057 226.9679 226.9679 0.000000 5.399694 10.102462 6.823711 10.834787 23.034755 33.178409 40.297992 37.457358 26.352333 17.751925 11.485376 2.947093 7.432088 12.497922 13.427361 12.053354 8.315488 5.177902 4.301798 2.986431 5.259564 10.164469 14.974393 10.330869 1.948419 6.279272 6.220875 6.437292 7.865522 13.287923 11.888787 7.461741 12.153106 12.627157 4.880975 11.787947 23.056166 27.819218 36.496596 28.969263 29.786229 57.461537 69.062634 181.341378 285.572684 230.869678 127.879774 57.537761 8.317639 19.627972 15.638390 9.455267 7.731367 10.960052 15.615530 16.679711 10.203367 8.279452 14.550011 13.790989 9.238665 5.041882 6.865053 13.098779 9.242521 9.134171 13.166700 9.477663 7.263646 7.881140 3.480584 6.828776 9.751308 6.112409 16.261773 18.738711 17.760123 13.854873 9.037301 13.007447 14.513192 40.444613 73.752242 82.860778 63.880694 27.871764 6.857333 10.932977 5.388798 14.922192 16.971730 20.415779 12.969980 5.781737 5.287835 5.444783 9.239850 16.893384 20.794785
11.329977 1.202093 218.6767 218.6767 0.000000 3.343332 9.518468 10.420510 9.393289 11.016210 15.867514 25.445998 24.567635 11.583553 8.675576 9.092191 6.676872 7.088480 7.341005 6.573134 7.023972 4.027247 4.619975 7.313055 7.707585 4.149364 6.397099 12.342754 9.205249 3.984171 2.042919 2.454948 7.498166 12.842564 15.409918 11.780133 10.145843 9.485108 7.262780 7.835935 7.438928 7.753954 13.661362 26.590864 14.951732 34.490211 92.382107 174.559390 236.040544 170.945751 71.999028 43.394902 32.744284 22.831041 16.459318 6.191564 1.785018 4.274752 11.175168 14.970679 14.371320 14.266279 16.464208 17.040400 11.731262 4.662494 6.784652 12.854044 14.250116 13.847879 10.622958 7.373864 7.896421 6.868516 5.879321 9.205827 10.236586 10.207510 17.497004 20.488081 20.937715 20.345138 20.617470 18.908737 23.560007 40.739175 52.388149 47.901684 35.529402 19.752752 12.722050 12.135708 11.688502 4.406641 12.580755 17.672803 9.948748 8.611083 7.504692 4.086764 8.023052 9.953305 10.512592 12.715080
11.385243 0.967050 227.6225 227.6225 0.000000 2.911262 5.373584 5.535708 3.134560 1.622839 2.521533 4.772323 5.853615 4.935275 3.009592 2.125959 1.973661 1.211262 1.327491 2.269375 1.871027 1.624570 1.508773 2.306204 4.351403 5.297006 4.240950 3.601991 4.950945 5.210344 3.094615 1.172121 1.224943 2.808639 4.078419 3.986035 5.393412 7.812078 4.523076 2.786618 2.323862 4.786428 8.006506 12.595411 17.915594 26.500400 28.067415 30.235792 50.295163 75.433208 83.086822 69.768752 45.409517 22.743863 12.215633 11.152523 9.364067 6.727585 3.901362 1.564663 1.472660 3.451245 3.431934 3.459796 5.975465 5.869620 4.832078 6.670585 5.015200 2.023193 3.878051 5.279988 5.350967 5.507579 4.266465 1.948855 1.984617 2.269639 1.634935 2.845771 5.273307 6.978943 7.105071 5.575895 4.944428 6.716845 8.976513 10.900707 10.148888 6.419066 7.088048 6.959637 3.820247 5.376514 5.755018 7.340047 8.057567 7.147388 6.502734 6.564380 7.138857 7.320701 6.862361 5.687190
11.432621 0.410221 219.5239 219.5239 0.000000 1.126270 1.128489 0.884788 1.654047 1.283113 0.941491 0.583858 0.303594 0.682068 0.299315 0.416885 0.189432 0.278611 0.767681 1.083881 1.018350 0.239078 0.166502 0.406849 0.699313 1.260406 1.051405 0.787275 0.339813 0.849860 1.000600 0.387347 0.442442 0.585411 0.394915 0.396020 0.600039 1.277898 1.861519 1.859938 1.920075 3.370194 5.613915 8.479972 11.462037 12.756295 12.495911 12.630646 13.450797 10.710552 7.371743 5.752133 4.314157 2.597258 2.133513 1.211018 0.564515 1.077773 0.727827 0.088727 0.144983 0.177701 0.706974 0.866516 0.641917 0.538226 0.616921 0.775099 0.882407 1.012662 1.186077 0.855216 0.531631 0.400294 0.313636 0.586713 0.745956 0.616129 0.374944 0.551857 0.741961 0.531381 0.415425 0.669639 0.663977 0.611561 0.515657 0.492405 0.296329 0.552294 0.860781 1.016579 1.022500 0.819847 0.695293 0.579093 0.457817 0.513107 0.520214 0.445019 0.335154 0.361235 0.304110 0.392816
11.479824 0.073430 210.5320 210.5320 0.000000 0.101804 0.108073 0.316234 0.365095 0.214128 0.098421 0.105783 0.195144 0.325246 0.404211 0.425580 0.351226 0.212772 0.164433 0.114262 0.163588 0.292322 0.364171 0.321512 0.290704 0.308308 0.371271 0.261229 0.143963 0.314014 0.236802 0.344952 0.231948 0.196439 0.171237 0.077657 0.062484 0.053946 0.145464 0.326872 0.303606 0.434685 0.941542 1.206621 1.940136 2.165421 2.225079 1.668817 1.136043 0.585606 0.542100 0.648722 0.630702 0.355069 0.294163 0.390922 0.308806 0.171132 0.150657 0.203134 0.103722 0.170756 0.176747 0.171902 0.122510 0.131486 0.097016 0.052987 0.073265 0.074588 0.084704 0.097481 0.099930 0.174491 0.161056 0.096928 0.071453 0.053402 0.085409 0.095895 0.032303 0.093380 0.060487 0.186088 0.084027 0.103662 0.058974 0.128875 0.089386 0.040362 0.052105 0.075341 0.051604 0.077676 0.105641 0.093981 0.054311 0.054907 0.113123 0.099600 0.050050 0.056127 0.060298 0.088891
11.529880 0.009123 108.5311 108.5311 0.000000 0.102108 0.103218 0.100884 0.188909 0.092250 0.149797 0.060113 0.173381 0.197408 0.132944 0.250091 0.212413 0.213791 0.250092 0.196369 0.147699 0.159344 0.239117 0.261896 0.162644 0.208946 0.387905 0.357449 0.289467 0.267193 0.337688 0.385495 0.355541 0.171558 0.094829 0.103816 0.095168 0.133661 0.172316 0.076120 0.095770 0.069683 0.203070 0.221495 0.109526 0.096086 0.110342 0.085247 0.034420 0.066518 0.093187 0.132178 0.140127 0.130641 0.180069 0.129066 0.073860 0.109087 0.151316 0.143342 0.053045 0.139811 0.152090 0.141799 0.084239 0.033352 0.077273 0.073773 0.134668 0.173467 0.160761 0.054551 0.162458 0.147728 0.084562 0.073837 0.069643 0.057607 0.085343 0.082815 0.060452 0.084797 0.100878 0.087742 0.098939 0.151625 0.180613 0.110147 0.033388 0.028810 0.035822 0.018294 0.075794 0.076247 0.043620 0.052247 0.055756 0.045933 0.118044 0.117729 0.091691 0.062253 0.067112 0.062161
11.574735 0.004849 61.7071 61.7071 0.000000 0.163227 0.035557 0.040445 0.150195 0.246870 0.283119 0.255697 0.103758 0.217556 0.168013 0.204202 0.321651 0.320238 0.303227 0.282430 0.241064 0.259658 0.220729 0.114611 0.140490 0.233694 0.199375 0.121867 0.097120 0.083230 0.131730 0.128922 0.261817 0.260945 0.216251 0.206305 0.089310 0.176041 0.160326 0.089025 0.048676 0.097197 0.205792 0.187598 0.076585 0.081617 0.034512 0.035650 0.047017 0.047826 0.085739 0.067325 0.157867 0.185799 0.118251 0.105610 0.066272 0.031178 0.113095 0.199037 0.165122 0.083045 0.091273 0.146090 0.130053 0.114163 0.094830 0.057811 0.122014 0.184871 0.177161 0.152932 0.200778 0.189003 0.133903 0.118557 0.061128 0.060575 0.075650 0.041128 0.072140 0.083726 0.034732 0.035293 0.095801 0.197202 0.172505 0.062486 0.042535 0.073653 0.087081 0.058323 0.044196 0.041594 0.034200 0.019210 0.030429 0.084342 0.110718 0.090166 0.068008 0.059106 0.068604 0.074507
11.625602 0.004762 47.0672 47.0672 0.000000 0.175150 0.198318 0.186843 0.041788 0.170880 0.164051 0.243248 0.335817 0.405278 0.387044 0.298479 0.254840 0.156156 0.068339 0.146651 0.118953 0.113500 0.331966 0.264855 0.113921 0.198160 0.126782 0.050373 0.036852 0.078057 0.123294 0.112253 0.131988 0.222267 0.262474 0.229353 0.181830 0.164741 0.121067 0.093879 0.103792 0.114167 0.127668 0.092879 0.069641 0.109423 0.069206 0.024789 0.028296 0.028895 0.047978 0.110511 0.127041 0.187785 0.240566 0.202664 0.124026 0.064120 0.050308 0.162942 0.253889 0.191798 0.076795 0.054261 0.098260 0.091797 0.084515 0.152892 0.102838 0.051105 0.116952 0.054895 0.125096 0.049277 0.164779 0.061647 0.160210 0.122144 0.111285 0.090422 0.061621 0.065551 0.077391 0.096185 0.093551 0.063423 0.087032 0.125367 0.086003 0.048228 0.048759 0.081373 0.084584 0.081213 0.093633 0.072698 0.003271 0.028425 0.073215 0.099339 0.049202 0.051930 0.071168 0.070205
11.673777 0.653884 238.7829 238.7829 0.000000 0.557269 0.822701 0.722231 0.636046 0.989276 0.834417 0.900876 0.889889 1.144470 0.578212 0.670008 0.587591 0.302798 0.135015 0.252199 0.419116 0.449974 0.240919 0.381104 0.173804 0.285241 0.205467 0.106224 0.108639 0.183862 0.135859 0.117484 0.143680 0.374799 0.427577 0.449828 0.521279 0.630667 0.859217 0.938343 1.236215 1.707210 2.206640 2.856897 3.458911 4.223231 4.975450 5.839177 6.655828 7.232027 7.331173 7.419711 7.294876 6.709465 6.027086 5.042599 4.244445 3.600212 2.668762 2.095160 1.432458 0.977735 0.724408 0.541446 0.426827 0.541084 0.550227 0.598836 0.566825 0.656678 0.531466 0.519548 0.544477 0.424254 0.506583 0.407261 0.410252 0.452321 0.530920 0.552721 0.544833 0.598367 0.568848 0.402638 0.267713 0.247856 0.427604 0.649992 0.865843 1.116765 1.379272 1.513934 1.569639 1.622822 1.643259 1.588612 1.441312 1.336510 1.233000 1.078058 0.936450 0.881491 0.815937 0.751492
11.720083 1.104723 242.8895 242.8895 0.000000 0.069955 0.993767 3.261900 6.705666 11.348769 15.462567 17.253305 15.274345 9.745326 3.670818 2.385626 4.772127 4.803971 4.056376 3.097587 2.650608 2.605630 2.990206 3.728141 4.671000 5.353699 5.522739 5.693498 5.633150 4.885875 3.960151 3.679601 4.411990 5.548751 5.923370 4.899132 2.865339 2.164627 4.980470 7.345043 8.191688 7.224865 7.934405 14.481703 23.554382 29.817351 32.034822 33.767869 35.011111 41.095337 66.436897 99.628754 115.854019 105.915748 78.182423 48.509869 27.998694 17.078605 10.609575 6.521095 5.780951 7.687668 9.561825 10.390351 9.978147 8.177441 5.344976 2.287830 1.126936 2.769350 4.234548 4.572236 4.293120 3.564561 2.920861 2.188295 2.134786 4.419553 7.211869 9.158632 9.831455 8.993102 7.550554 6.374713 6.259749 7.758060 10.729576 14.418140 16.757825 14.654761 7.624740 9.153276 19.316130 25.933169 25.398355 20.340693 15.461224 12.477419 9.366025 4.910095 1.435295 4.593707 7.976092 10.275714
11.775223 1.190776 225.5657 225.5657 0.000000 3.068694 2.496313 6.384146 11.241817 19.235767 32.130982 38.138633 30.846315 18.049603 12.453471 15.091654 13.631220 9.208469 7.187852 4.239411 2.061180 3.208660 5.607938 8.072470 9.489015 11.254981 12.335719 11.161021 9.083421 5.974206 3.898998 7.870131 9.861930 10.542649 7.677909 5.241762 6.956578 10.158358 11.456447 5.618489 4.598712 13.460871 32.826609 38.423634 30.722416 31.103663 38.623508 18.017867 133.465178 279.413108 273.374518 147.902673 71.269020 43.235771 19.949633 17.782719 16.499932 13.281289 14.608141 16.793392 17.427403 17.776161 13.637107 7.573528 4.288860 3.647822 4.892047 6.945375 6.019890 4.386091 3.636699 4.560237 5.872048 8.912038 13.214979 15.395599 16.587478 15.218232 14.072676 11.678079 8.815788 10.847208 16.287926 25.534459 32.338831 31.066532 26.387735 44.300491 66.797046 60.736667 29.753382 17.670782 21.262013 17.466616 14.822344 11.880238 9.385830 11.811318 19.969790 19.649481 17.419067 15.608938 14.156886 13.882514
11.829913 1.193426 228.7097 228.7097 0.000000 6.298405 7.458789 6.827605 4.404139 7.990703 19.421588 26.821591 23.329495 15.872368 13.582659 15.310909 12.550192 3.623186 6.168261 6.012189 2.361373 1.461823 2.593637 4.361670 4.041702 5.464579 6.987937 6.997726 4.489685 6.043085 5.090617 7.338669 3.284885 7.687985 8.585680 2.658032 2.845963 3.881527 4.989244 5.986214 3.545708 2.101859 18.722845 21.631565 15.002153 17.149697 24.497128 36.582739 95.938476 210.513056 257.399591 169.175457 54.364498 22.299180 19.463609 9.827136 12.505744 9.541069 5.014101 9.025295 7.650158 6.972219 9.532002 7.604787 3.277253 5.642341 3.805128 3.187042 4.937061 2.935604 2.766847 2.194324 4.880079 3.613702 6.037733 8.803114 5.388290 9.044318 6.884028 7.328291 8.753809 5.010327 3.815969 5.689940 11.820373 17.016900 20.714453 30.224367 44.892439 57.792669 54.892003 34.915799 18.629648 16.448559 9.147921 12.099082 16.855627 11.762329 9.757147 15.323918 9.345436 7.864456 9.088085 7.671963
11.889851 1.007457 232.5953 232.5953 0.000000 5.051008 5.574648 2.630740 2.541370 1.896856 4.027337 5.537810 4.010283 2.176211 1.871572 3.596609 4.671187 4.217182 3.737581 3.945607 3.775871 2.162458 1.139782 1.327924 1.592245 1.914791 1.470635 1.614796 2.304745 2.566931 3.921976 4.272635 4.189000 5.200990 6.046601 5.174154 2.528313 0.639976 2.602486 4.109250 3.034402 3.514420 6.935831 15.113960 24.835860 23.350920 24.875875 32.570364 40.039398 59.077466 83.068817 91.554260 77.703400 50.684338 27.173179 12.921811 6.394410 4.388851 4.479060 3.130899 1.841013 2.270464 2.128141 1.202627 1.179619 2.716091 3.529709 3.878542 4.055018 3.412393 2.108465 1.346575 2.611803 3.360502 3.940247 3.660824 3.084417 3.097157 3.081463 3.132308 3.355298 3.668316 4.188386 4.661115 4.191038 3.143815 1.912300 1.646663 1.352382 2.759106 6.670948 9.871776 12.251260 12.752998 14.011764 14.462523 11.290332 7.394898 6.095378 6.272794 7.351376 8.710011 8.530388 6.380323
11.933762 0.471591 219.4004 219.4004 0.000000 4.572599 1.698371 1.143986 0.731643 0.826143 0.943871 0.538660 0.423950 0.553101 0.641552 0.898629 0.475595 0.346777 0.473186 0.639729 1.029138 1.155659 0.942027 0.657489 0.286233 0.524339 0.882258 0.912920 0.990352 0.668723 0.724296 1.399596 0.832787 0.992204 1.709552 1.856934 1.349629 1.184749 1.275035 2.212830 3.524128 4.238374 5.329753 8.488136 13.026122 14.797388 13.759269 13.618222 14.801007 12.284218 9.652349 7.623730 5.663078 4.869640 4.094868 2.168060 0.635233 1.446844 1.210677 0.909386 0.442724 0.377486 0.566211 0.595410 0.625549 0.585379 0.486657 0.678716 0.933028 0.976002 0.928057 0.713715 0.735645 0.733178 0.823900 0.982367 1.268359 1.251353 1.030309 0.661471 0.518814 0.700228 0.598986 0.515952 0.557170 0.578505 0.808879 0.928253 0.839444 0.646864 0.571969 0.564105 0.415133 0.274211 0.161767 0.302103 0.634772 0.863499 0.979007 0.892877 0.620314 0.337058 0.258116 0.585915
