# LRA Full Analysis Data — Replot Source File
# Source file: ramp_90to70BPM_12s_210Hz.wav
# Generated:   2026-07-17 14:00:34
# Accel sample rate: 1685.7-2041.3 Hz per-window range (1910.2 Hz overall)
#                    Each window measured with its own real rate, then
#                    resampled onto the common freq_bins grid below
# Rows:        246 (one per time window)
# Freq bins:   100 bins, 0.0 to 495.0 Hz
#
# MACHINE-READABLE METADATA (used by replot mode — do not edit):
#@duration=12.000000
#@rate_overall=1910.164023
#@rate_min=1685.735258
#@rate_max=2041.336711
#@freq_bins=0.0000,5.0004,10.0009,15.0013,20.0017,25.0021,30.0026,35.0030,40.0034,45.0039,50.0043,55.0047,60.0052,65.0056,70.0060,75.0064,80.0069,85.0073,90.0077,95.0082,100.0086,105.0090,110.0094,115.0099,120.0103,125.0107,130.0112,135.0116,140.0120,145.0125,150.0129,155.0133,160.0137,165.0142,170.0146,175.0150,180.0155,185.0159,190.0163,195.0167,200.0172,205.0176,210.0180,215.0185,220.0189,225.0193,230.0198,235.0202,240.0206,245.0210,250.0215,255.0219,260.0223,265.0228,270.0232,275.0236,280.0240,285.0245,290.0249,295.0253,300.0258,305.0262,310.0266,315.0271,320.0275,325.0279,330.0283,335.0288,340.0292,345.0296,350.0301,355.0305,360.0309,365.0313,370.0318,375.0322,380.0326,385.0331,390.0335,395.0339,400.0344,405.0348,410.0352,415.0356,420.0361,425.0365,430.0369,435.0374,440.0378,445.0382,450.0386,455.0391,460.0395,465.0399,470.0404,475.0408,480.0412,485.0416,490.0421,495.0425
#@n_tracks=1
#@input_spectrum=0.000000e+00,3.294020e+00,3.292346e+00,3.320680e+00,3.333242e+00,3.374121e+00,3.397256e+00,3.452069e+00,3.487420e+00,3.554702e+00,3.596580e+00,3.684301e+00,3.742663e+00,3.844030e+00,3.917678e+00,4.039015e+00,4.126814e+00,4.276509e+00,4.392970e+00,4.566032e+00,4.695714e+00,4.922325e+00,5.070316e+00,5.366882e+00,5.555970e+00,5.931365e+00,6.185599e+00,6.667542e+00,6.965064e+00,7.663403e+00,8.101371e+00,9.083002e+00,9.611643e+00,1.128229e+01,1.197081e+01,1.518387e+01,1.616892e+01,2.434411e+01,2.629543e+01,7.591925e+01,1.614741e+02,2.463456e+02,2.819444e+02,2.455693e+02,1.602751e+02,7.473237e+01,2.538088e+01,2.356982e+01,1.539108e+01,1.442128e+01,1.121033e+01,1.051442e+01,8.844162e+00,8.307101e+00,7.323728e+00,6.876182e+00,6.174645e+00,5.867673e+00,5.380137e+00,5.116435e+00,4.735570e+00,4.534447e+00,4.230617e+00,4.070378e+00,3.834713e+00,3.691480e+00,3.507830e+00,3.375994e+00,3.214324e+00,3.109400e+00,2.974169e+00,2.881284e+00,2.764453e+00,2.683815e+00,2.578762e+00,2.511188e+00,2.423534e+00,2.359084e+00,2.281223e+00,2.224114e+00,2.155665e+00,2.103540e+00,2.042663e+00,1.995195e+00,1.940257e+00,1.897148e+00,1.847072e+00,1.808518e+00,1.763502e+00,1.727368e+00,1.685698e+00,1.653328e+00,1.615830e+00,1.585248e+00,1.550671e+00,1.522507e+00,1.490837e+00,1.464557e+00,1.435192e+00,1.410742e+00
#
# Columns: time_s  rms_g  peak_freq_hz  1 track_hz cols  then 100 FFT magnitude bins (in g)
#
0.435820 0.004462 40.9738 40.9738 0.000000 0.028759 0.200125 0.249193 0.151202 0.184348 0.294270 0.334669 0.351012 0.222408 0.196128 0.216542 0.195234 0.215733 0.223606 0.200409 0.184956 0.160196 0.127674 0.138820 0.165746 0.205138 0.209854 0.252213 0.231746 0.070146 0.055801 0.097941 0.150071 0.165020 0.156369 0.251336 0.218622 0.160794 0.120965 0.188050 0.196313 0.094754 0.047055 0.045922 0.110143 0.110425 0.078197 0.134617 0.087039 0.163865 0.110457 0.150710 0.098427 0.049094 0.057568 0.107827 0.095374 0.073572 0.037932 0.045126 0.089370 0.065819 0.051456 0.061360 0.107109 0.149309 0.136409 0.078203 0.036995 0.037365 0.032325 0.046549 0.116129 0.158666 0.131017 0.093932 0.081800 0.062902 0.032781 0.023841 0.030354 0.022902 0.051789 0.122242 0.129491 0.048742 0.121250 0.052343 0.032871 0.025192 0.024652 0.016810 0.038132 0.073797 0.087619 0.088076 0.062022 0.041121 0.047030 0.043183 0.042294 0.060509 0.075189 0.051283
0.480800 0.004543 109.2247 109.2247 0.000000 0.158163 0.262597 0.212987 0.056019 0.019484 0.260786 0.371512 0.268989 0.190362 0.312880 0.163968 0.108997 0.167026 0.174104 0.057513 0.029161 0.098444 0.054819 0.074676 0.149009 0.329292 0.407767 0.368310 0.194741 0.116087 0.111727 0.195010 0.263992 0.214015 0.208760 0.254656 0.165621 0.170904 0.332397 0.211452 0.044395 0.103306 0.067366 0.060041 0.088863 0.125870 0.148481 0.154605 0.140988 0.115383 0.175796 0.145662 0.101798 0.101891 0.127268 0.129091 0.123055 0.091429 0.084487 0.085971 0.045099 0.024891 0.066336 0.105711 0.093761 0.116050 0.122407 0.084364 0.041817 0.033042 0.048700 0.069885 0.054972 0.056443 0.085202 0.043713 0.014336 0.015009 0.012628 0.018019 0.069614 0.122751 0.129446 0.125483 0.082204 0.049922 0.051147 0.022178 0.015547 0.038655 0.043971 0.032842 0.046591 0.056205 0.042581 0.048610 0.050888 0.043934 0.028607 0.045735 0.039256 0.036287 0.013711 0.025290
0.533772 0.004750 56.6349 56.6349 0.000000 0.153371 0.161649 0.121092 0.180597 0.183233 0.125831 0.131809 0.118954 0.114465 0.214039 0.361032 0.336324 0.271876 0.200163 0.179313 0.236691 0.274760 0.208237 0.124300 0.186051 0.295608 0.237271 0.172581 0.265715 0.218131 0.119480 0.062676 0.158730 0.249765 0.130414 0.078558 0.078535 0.204537 0.278153 0.387832 0.296110 0.190402 0.197175 0.155797 0.093983 0.053716 0.129088 0.101267 0.081856 0.072585 0.164457 0.182834 0.116772 0.139014 0.181602 0.147092 0.105436 0.110513 0.096733 0.093773 0.127259 0.076395 0.034472 0.067936 0.079767 0.123391 0.110488 0.143212 0.174683 0.096195 0.040683 0.079547 0.064835 0.054249 0.082860 0.080129 0.050323 0.037442 0.029467 0.026476 0.009066 0.026636 0.054942 0.028512 0.071181 0.076782 0.137366 0.131437 0.092848 0.063796 0.048192 0.060269 0.051183 0.018778 0.027084 0.071579 0.078682 0.041976 0.021300 0.018572 0.015735 0.012293 0.019227 0.050205
0.581782 0.004710 57.0413 57.0413 0.000000 0.073477 0.086574 0.111156 0.147509 0.167186 0.144449 0.149978 0.158002 0.197295 0.150443 0.315499 0.439742 0.340321 0.159994 0.130705 0.286684 0.389588 0.309772 0.152415 0.169041 0.258151 0.180716 0.098605 0.092935 0.053585 0.069626 0.032882 0.104678 0.189778 0.117230 0.078774 0.106493 0.168659 0.217730 0.265837 0.103445 0.130302 0.124023 0.186028 0.223035 0.206076 0.176187 0.117793 0.093256 0.134808 0.198766 0.173582 0.055440 0.091767 0.153104 0.112436 0.120727 0.226522 0.158397 0.075297 0.075201 0.056741 0.062323 0.116201 0.175741 0.153834 0.046850 0.072392 0.117304 0.093409 0.062129 0.073741 0.089317 0.066638 0.078228 0.069296 0.028838 0.040634 0.051652 0.053824 0.025488 0.036976 0.086565 0.116337 0.111139 0.107230 0.144989 0.197531 0.110266 0.101548 0.058160 0.083796 0.113450 0.091007 0.064269 0.084903 0.107910 0.067717 0.035803 0.037242 0.047216 0.036798 0.031585 0.045181
0.629538 0.004760 58.7622 58.7622 0.000000 0.229870 0.301637 0.234382 0.123894 0.066075 0.114103 0.204884 0.258574 0.237355 0.202133 0.258336 0.321171 0.190107 0.121575 0.214264 0.018935 0.251385 0.240094 0.177564 0.111767 0.156734 0.208838 0.156362 0.098365 0.085343 0.058580 0.044842 0.048335 0.058267 0.092585 0.125467 0.108157 0.167368 0.110876 0.072681 0.149923 0.224362 0.212094 0.207181 0.241101 0.177416 0.117084 0.244174 0.139333 0.096868 0.125120 0.168799 0.208369 0.229963 0.215957 0.102929 0.111817 0.181438 0.219442 0.204754 0.126986 0.045918 0.033911 0.032570 0.059282 0.111297 0.150601 0.097608 0.058871 0.018673 0.073295 0.064117 0.078501 0.068194 0.108588 0.171180 0.160979 0.104509 0.052053 0.035415 0.076626 0.121010 0.060363 0.027896 0.083880 0.100636 0.104578 0.071682 0.093922 0.169621 0.160457 0.115399 0.114091 0.079880 0.049400 0.094726 0.084465 0.039352 0.058277 0.058176 0.080777 0.076435 0.076437 0.085936
0.673138 0.004776 10.5679 10.5679 0.000000 0.350914 0.456745 0.367656 0.259993 0.170706 0.114391 0.112700 0.114982 0.115896 0.132536 0.162052 0.157880 0.132025 0.176071 0.155260 0.197880 0.186756 0.086277 0.067245 0.163528 0.263362 0.304602 0.192092 0.078194 0.036446 0.103612 0.162161 0.135978 0.068112 0.060603 0.100323 0.092592 0.147992 0.184157 0.096016 0.164970 0.196356 0.143326 0.171012 0.317319 0.284128 0.195876 0.198749 0.165602 0.089056 0.093611 0.128486 0.210876 0.278043 0.186481 0.167302 0.191209 0.147108 0.061525 0.118880 0.093611 0.033596 0.037044 0.059759 0.051406 0.069434 0.040992 0.021496 0.045879 0.079669 0.117659 0.148297 0.137124 0.114102 0.135037 0.174850 0.140566 0.096269 0.164255 0.171435 0.115711 0.102156 0.080895 0.105230 0.067999 0.063605 0.032018 0.068806 0.156525 0.151449 0.103605 0.103108 0.075583 0.047979 0.038280 0.026232 0.054558 0.047657 0.030035 0.050049 0.076585 0.017439 0.056316 0.057421
0.719478 0.004675 5.2390 5.2390 0.000000 0.498141 0.351460 0.184801 0.242422 0.093442 0.047733 0.040405 0.031985 0.086875 0.165246 0.151231 0.130976 0.189397 0.180620 0.118588 0.143883 0.075011 0.049222 0.080774 0.167268 0.141279 0.224909 0.184164 0.101465 0.125453 0.187916 0.247719 0.178839 0.106314 0.103808 0.104839 0.128570 0.187823 0.210442 0.145171 0.059595 0.075718 0.182877 0.259011 0.229246 0.126695 0.131663 0.221114 0.136906 0.097397 0.190087 0.254394 0.256574 0.170387 0.177412 0.192808 0.089162 0.083975 0.128040 0.105281 0.059384 0.057227 0.089220 0.085257 0.070619 0.066090 0.064474 0.089200 0.102515 0.032495 0.143191 0.125423 0.020487 0.007956 0.075427 0.097706 0.188870 0.276023 0.226559 0.082963 0.037502 0.085976 0.111173 0.101549 0.094091 0.102564 0.105475 0.099010 0.124195 0.125181 0.098523 0.035177 0.029189 0.034052 0.012399 0.055851 0.086245 0.061921 0.045582 0.066051 0.061012 0.039540 0.047380 0.078489
0.769537 0.004724 4.9982 4.9982 0.000000 0.451603 0.269513 0.218739 0.256407 0.108548 0.119918 0.193657 0.218002 0.271105 0.192479 0.093374 0.187090 0.222460 0.251207 0.142696 0.085747 0.109121 0.189672 0.138850 0.093483 0.081574 0.126224 0.270663 0.173331 0.168558 0.232878 0.080001 0.076330 0.165762 0.076118 0.058900 0.119151 0.108977 0.059401 0.055834 0.070182 0.141405 0.117500 0.073972 0.219231 0.359112 0.275576 0.096880 0.145506 0.164071 0.042526 0.217246 0.192341 0.129379 0.135110 0.067897 0.101339 0.045483 0.074551 0.080498 0.028623 0.048187 0.047549 0.094223 0.037833 0.091766 0.131636 0.117417 0.058354 0.056650 0.058088 0.051076 0.038970 0.192801 0.259307 0.114392 0.071681 0.046281 0.106484 0.036971 0.078812 0.066008 0.156072 0.104860 0.133440 0.174727 0.105933 0.023539 0.034856 0.058658 0.049254 0.055636 0.065997 0.050735 0.038817 0.061208 0.047523 0.038397 0.078593 0.072264 0.057814 0.027778 0.054135 0.075145
0.819913 0.229234 4.9272 4.9272 0.000000 2.552071 0.155038 0.115731 0.352839 0.198840 0.223723 0.349676 0.229324 0.189622 0.156899 0.077683 0.112335 0.069910 0.148079 0.231904 0.217465 0.267685 0.211090 0.120775 0.111881 0.129206 0.186594 0.214150 0.294668 0.310455 0.160823 0.123972 0.228031 0.290963 0.281182 0.147623 0.085980 0.182792 0.162028 0.119388 0.167627 0.174953 0.222559 0.222043 0.333677 0.250021 0.281295 0.210168 0.260230 0.189478 0.201654 0.183966 0.218406 0.150198 0.140906 0.157511 0.061329 0.109605 0.065533 0.067994 0.056695 0.125716 0.096795 0.093412 0.027507 0.083598 0.104402 0.048579 0.024003 0.038618 0.037964 0.064465 0.106319 0.125038 0.118537 0.089972 0.089310 0.119043 0.123811 0.102986 0.152701 0.161629 0.065708 0.183499 0.064430 0.098950 0.059840 0.050493 0.112256 0.058151 0.020845 0.038638 0.013445 0.020014 0.039769 0.032450 0.038990 0.055639 0.033613 0.039493 0.022415 0.027435 0.055925 0.032065
0.872687 0.966389 231.2227 231.2227 0.000000 5.075538 4.823887 4.621931 4.827247 4.667789 4.507917 3.512722 2.548144 1.994367 1.895841 1.891655 1.645250 1.366017 1.256462 1.347728 1.779275 1.831062 1.958055 1.800267 2.234846 2.436196 2.218918 1.715650 1.882362 2.616230 3.116276 3.122595 2.684452 1.746537 1.406722 1.190272 1.388632 1.609574 1.605287 1.478963 2.662059 5.519140 9.122312 12.881186 16.630266 20.092745 22.980165 26.721190 33.230295 41.684859 48.552356 49.927605 45.070035 35.355489 23.905622 13.262270 5.984677 2.653386 3.036559 4.778238 6.399992 6.976851 6.465780 5.091240 3.160235 1.248966 1.165641 2.175517 2.465134 1.882930 0.504060 1.410395 2.843823 3.717182 3.807195 3.291450 2.377672 2.298052 3.180024 4.176534 4.999374 4.813861 4.060147 3.181261 2.176294 1.681739 1.944097 2.561955 3.478569 4.862590 6.873624 9.106186 10.763578 11.477252 11.077503 10.141918 9.364083 8.928923 8.632386 7.961602 6.720778 5.050524 3.463561 2.888731
0.921902 1.174809 226.9995 226.9995 0.000000 10.710977 13.393936 7.326588 8.114108 18.078387 22.589211 22.384724 18.541650 11.930206 4.002465 2.924681 5.937221 5.485666 4.163661 6.715832 10.175066 11.192786 11.373116 11.683240 10.793969 9.239941 9.613503 11.781343 13.959462 15.455890 15.840950 13.219155 8.776740 5.636325 2.740144 2.290036 4.832604 3.876339 3.095653 7.124010 13.592856 21.497722 29.840669 36.789574 43.029510 45.101762 53.331256 64.839043 135.482741 214.525232 204.164888 124.057123 52.250476 21.963809 10.594508 6.599176 7.835817 16.112910 20.559862 21.349781 20.561271 16.701444 12.484122 11.346675 13.171767 14.446983 13.784084 12.668563 12.786579 15.318597 18.029047 19.938011 19.538313 16.054259 13.983154 16.030611 18.812910 19.991739 19.959973 17.226247 10.423945 3.174323 2.803991 8.903878 16.423724 16.710711 11.563394 24.959238 44.234463 45.113513 29.550881 21.387425 21.468010 16.848781 20.865555 22.413249 20.589749 17.027336 8.614291 4.982604 9.741008 12.393981 10.793868 9.038780
0.980899 1.184157 227.0993 227.0993 0.000000 10.743664 16.824006 13.576884 14.053333 19.654010 23.142459 27.849745 28.742380 20.902891 9.169262 5.300098 6.425273 7.501896 9.365343 12.759038 13.833932 10.238719 11.757069 13.518725 9.912098 6.517108 8.375908 14.195880 15.378550 13.394102 18.269109 17.532276 6.709925 6.914986 8.101183 6.381919 4.656411 4.130506 4.283345 6.518585 6.692677 14.253952 12.917887 24.963722 15.570032 31.542196 39.249908 74.985265 165.640018 287.418615 250.338999 118.322986 32.595370 13.413013 3.900923 6.474946 13.245357 18.700724 16.226133 14.637002 18.000450 15.176294 8.642822 15.452934 19.814636 16.141569 12.321912 16.854314 20.763959 19.290595 16.719469 19.629669 23.324191 18.836738 8.943244 17.456646 19.971049 16.210418 17.482634 20.541691 14.278934 4.674106 0.358025 10.967807 26.151234 31.264225 31.928982 45.040303 59.322052 52.949198 25.491744 16.581190 21.567903 3.687949 19.890469 17.053093 12.097153 19.545595 12.245775 7.377034 13.097972 15.412969 11.050599 12.659483
1.039602 1.164999 233.9453 233.9453 0.000000 6.299702 9.855789 8.536135 7.075207 6.700551 4.743656 6.967892 11.685160 13.467652 11.218283 4.413553 1.940121 1.748987 3.508392 5.692114 7.394104 6.723912 2.549041 4.000111 4.274032 3.122331 0.103148 1.912392 5.318963 6.139697 5.115245 7.315867 10.846525 7.567774 4.951814 6.408713 6.723485 3.068878 1.395824 1.653456 3.374014 3.782489 5.952812 14.962802 21.046575 24.985639 28.298358 39.194213 57.840255 86.125415 128.355844 148.120276 126.122467 78.674748 29.521627 5.134055 3.145781 2.096990 4.217261 8.099803 6.828296 2.367885 2.349792 4.978378 4.978165 4.228630 8.098858 9.154111 5.551861 2.386837 6.473415 9.950603 7.608042 3.648531 2.338285 6.225775 8.177456 7.625434 7.333217 7.474689 4.422116 2.015547 5.547613 8.813654 7.813137 5.604449 4.652289 10.160769 15.251257 16.763439 18.328672 23.660114 26.813323 21.756404 18.215307 17.454389 14.357235 12.575961 12.423451 11.016468 8.418761 8.923100 10.460338 6.512901
1.089494 0.693500 232.5804 232.5804 0.000000 2.970516 2.057550 1.194178 0.453000 0.621320 1.445147 1.446298 0.747091 0.955967 2.491876 2.810598 2.070209 1.287929 1.298739 1.139088 0.535093 1.669405 2.059079 1.494814 0.814842 0.441173 1.166344 1.177228 1.089931 0.741627 0.981374 2.247829 3.173394 3.210538 1.900310 1.549719 2.209066 2.311445 2.404673 1.178444 0.959002 3.361937 6.245211 9.810122 15.026989 19.570474 20.738430 21.061244 23.371992 25.989192 27.948729 26.886203 22.033836 15.956444 10.977305 9.108528 7.177242 3.931721 1.389482 0.590753 1.250168 2.113836 1.951987 0.928502 0.625430 0.848119 0.583883 1.259994 1.936822 1.684595 0.739078 0.986419 1.770227 1.782347 0.959511 0.594949 0.729327 0.500029 0.680088 1.839131 2.631044 2.721695 1.893143 0.853781 1.262453 1.684840 1.430217 0.529970 1.520910 2.513681 2.604540 1.772900 0.948282 0.570735 1.625788 2.464846 2.025145 1.838176 2.930501 2.912963 1.484511 1.769731 2.704027 2.627085
1.130805 0.154692 213.2608 213.2608 0.000000 0.966521 0.202642 0.027080 0.078194 0.067187 0.206899 0.187242 0.107361 0.165947 0.350820 0.275373 0.190422 0.321794 0.242708 0.238734 0.382983 0.278522 0.449877 0.250946 0.182495 0.299462 0.589322 0.495145 0.233966 0.245775 0.225145 0.147591 0.233799 0.101524 0.490355 0.778206 0.585864 0.368868 0.345826 0.521439 0.700129 0.792870 1.037917 1.944240 3.528837 5.124793 5.955426 5.330826 3.283226 1.502537 1.439077 1.332370 0.591742 0.715928 0.752145 0.111699 0.113535 0.752128 0.664400 0.197054 0.199874 0.309235 0.231434 0.156109 0.270951 0.248838 0.249562 0.131740 0.096244 0.226551 0.306841 0.248501 0.100230 0.135651 0.275307 0.171895 0.162965 0.194065 0.113386 0.164861 0.063420 0.112912 0.193612 0.145974 0.072718 0.191022 0.204607 0.164309 0.158458 0.099242 0.176981 0.192631 0.121391 0.087663 0.138020 0.154177 0.101404 0.121220 0.211593 0.235262 0.171127 0.098291 0.174462 0.291873
1.182451 0.023273 103.9873 103.9873 0.000000 0.189170 0.068580 0.090281 0.090716 0.074704 0.105502 0.106812 0.074907 0.036931 0.127299 0.231047 0.291336 0.357122 0.368820 0.287837 0.241767 0.275310 0.209684 0.133426 0.338187 0.367958 0.191815 0.120987 0.084739 0.047489 0.111832 0.159089 0.082530 0.115748 0.357523 0.206169 0.114783 0.116352 0.081101 0.069270 0.113160 0.109819 0.154848 0.259889 0.234207 0.156528 0.230384 0.307737 0.257968 0.221173 0.180807 0.176074 0.133723 0.185401 0.234089 0.133207 0.203634 0.213442 0.312026 0.203727 0.064067 0.126899 0.200511 0.257854 0.233318 0.142932 0.117074 0.106772 0.096188 0.086744 0.118240 0.127342 0.074865 0.085384 0.107690 0.065064 0.035464 0.113960 0.114562 0.062090 0.075109 0.039676 0.027976 0.049550 0.073669 0.061013 0.037418 0.029629 0.034948 0.034256 0.090419 0.098555 0.055375 0.035125 0.041281 0.049013 0.057333 0.054869 0.040259 0.037171 0.038464 0.034975 0.041322 0.029451
1.230845 0.004939 149.6258 149.6258 0.000000 0.239400 0.263009 0.234559 0.117368 0.140717 0.097021 0.167484 0.134358 0.055512 0.154797 0.130812 0.275673 0.312866 0.090912 0.098303 0.160750 0.210300 0.305042 0.318198 0.236412 0.082830 0.022942 0.035688 0.141074 0.278976 0.213776 0.108557 0.159585 0.256817 0.317290 0.241462 0.191662 0.111786 0.140900 0.122991 0.155211 0.146324 0.044325 0.080297 0.104566 0.165731 0.170998 0.101257 0.045011 0.040529 0.065899 0.078850 0.127893 0.119397 0.101793 0.069507 0.128146 0.094137 0.092525 0.176963 0.213478 0.210970 0.172586 0.039057 0.070582 0.127910 0.159280 0.127803 0.177533 0.127681 0.061860 0.073858 0.047110 0.110288 0.135528 0.108287 0.071851 0.100573 0.088854 0.080696 0.072385 0.018439 0.032558 0.019846 0.040370 0.077275 0.115354 0.099797 0.061667 0.032083 0.047126 0.048838 0.061402 0.058741 0.034616 0.017638 0.039131 0.064584 0.078234 0.050383 0.072293 0.102530 0.101807 0.069442
1.280813 0.004792 131.9923 131.9923 0.000000 0.254038 0.243510 0.192258 0.214708 0.299327 0.356276 0.259504 0.091216 0.079820 0.135820 0.123170 0.176373 0.307727 0.301438 0.287658 0.153845 0.119078 0.134019 0.178939 0.099909 0.180845 0.214641 0.187802 0.153439 0.250867 0.359608 0.281524 0.144366 0.162833 0.251574 0.192484 0.164240 0.226812 0.200257 0.095713 0.060001 0.067961 0.073903 0.152726 0.173313 0.119419 0.113002 0.206135 0.212190 0.173490 0.163561 0.182874 0.135925 0.121099 0.194081 0.111706 0.133673 0.115751 0.059082 0.119937 0.145613 0.013491 0.049673 0.114436 0.135704 0.111721 0.175820 0.158383 0.060610 0.163733 0.141670 0.025609 0.102547 0.097772 0.098422 0.062070 0.067432 0.061448 0.078725 0.064131 0.077504 0.089913 0.089092 0.075455 0.062566 0.103055 0.175367 0.163443 0.069559 0.086372 0.081464 0.035576 0.025181 0.036892 0.060020 0.040777 0.027378 0.047516 0.080642 0.104804 0.091804 0.056259 0.069119 0.108406
1.330780 0.004931 30.3488 30.3488 0.000000 0.361217 0.200784 0.122472 0.030471 0.258163 0.427460 0.205290 0.051675 0.107983 0.146523 0.100271 0.125724 0.295599 0.203682 0.288552 0.262732 0.155975 0.145363 0.104933 0.149502 0.262565 0.303739 0.269826 0.139980 0.201209 0.298374 0.206929 0.111071 0.193720 0.211050 0.114971 0.073406 0.110139 0.145204 0.093468 0.063225 0.084660 0.125721 0.199689 0.194765 0.092915 0.079339 0.119049 0.152204 0.178670 0.200055 0.265860 0.277831 0.216221 0.184241 0.185105 0.193987 0.176363 0.130442 0.146250 0.129668 0.102318 0.131958 0.119788 0.084255 0.191469 0.228104 0.116748 0.107316 0.130131 0.115556 0.098890 0.052757 0.055597 0.044464 0.095590 0.095571 0.084826 0.088169 0.074066 0.078548 0.104275 0.148297 0.081749 0.054127 0.135301 0.183832 0.161900 0.099506 0.073548 0.050580 0.037040 0.030365 0.046262 0.062651 0.042500 0.020057 0.068151 0.015949 0.075632 0.045391 0.019017 0.034340 0.067404
1.378917 0.005152 103.6284 103.6284 0.000000 0.308848 0.216238 0.136073 0.045884 0.178014 0.296705 0.271700 0.194863 0.157361 0.096373 0.062145 0.122244 0.220002 0.247200 0.276077 0.238951 0.144435 0.140148 0.130743 0.238332 0.318876 0.253348 0.204500 0.285475 0.077751 0.214927 0.075270 0.143971 0.074199 0.170695 0.068767 0.095173 0.085216 0.054157 0.099852 0.113738 0.099188 0.097177 0.064867 0.132451 0.148364 0.096083 0.102379 0.122845 0.136722 0.135289 0.108199 0.176419 0.259633 0.199653 0.086541 0.097864 0.054997 0.185526 0.158489 0.143730 0.152412 0.079552 0.160486 0.145129 0.066576 0.147890 0.244890 0.188071 0.130499 0.091295 0.066221 0.104923 0.113967 0.097030 0.088611 0.089145 0.097170 0.108685 0.126322 0.096518 0.059524 0.149581 0.145584 0.073791 0.087747 0.077903 0.047575 0.095982 0.074292 0.036656 0.011464 0.020222 0.031993 0.047150 0.028671 0.040139 0.025134 0.055800 0.094210 0.093862 0.067011 0.033127 0.022794
1.428029 0.005035 102.6906 102.6906 0.000000 0.309648 0.145023 0.188596 0.101992 0.100153 0.107616 0.170188 0.304562 0.336206 0.266451 0.194944 0.177960 0.104055 0.169697 0.274508 0.307019 0.264595 0.189218 0.240210 0.397727 0.385304 0.250253 0.296296 0.394461 0.287811 0.140026 0.162800 0.251437 0.280570 0.260075 0.148661 0.074831 0.122245 0.155741 0.085000 0.058311 0.030984 0.101153 0.147298 0.084922 0.085749 0.104148 0.132642 0.097780 0.167370 0.104734 0.087539 0.128072 0.246977 0.207224 0.083571 0.057715 0.115584 0.116562 0.083443 0.110845 0.145228 0.106409 0.066120 0.075593 0.106955 0.162543 0.147454 0.065570 0.072239 0.058674 0.076870 0.077254 0.121671 0.079475 0.024869 0.041711 0.019442 0.036173 0.144873 0.158615 0.176114 0.148829 0.084607 0.073311 0.047193 0.108754 0.115926 0.066222 0.052481 0.040149 0.016122 0.047317 0.079029 0.073220 0.047538 0.038508 0.068516 0.088373 0.090957 0.062108 0.043535 0.061555 0.054814
1.473305 0.005161 143.6500 143.6500 0.000000 0.321232 0.289228 0.270920 0.191473 0.150940 0.145634 0.119299 0.156373 0.325578 0.280572 0.110286 0.113751 0.165483 0.162939 0.144234 0.207120 0.183018 0.123981 0.203524 0.324122 0.280664 0.180416 0.221736 0.307882 0.287889 0.168456 0.208068 0.377742 0.403919 0.265236 0.189207 0.216909 0.250021 0.216702 0.091477 0.103835 0.156618 0.228440 0.149223 0.034065 0.076203 0.151089 0.165806 0.154124 0.142368 0.093126 0.126611 0.263558 0.243274 0.119333 0.107152 0.054939 0.061596 0.095228 0.078987 0.080834 0.115964 0.085597 0.053765 0.092787 0.085638 0.079267 0.146750 0.161477 0.156434 0.166672 0.140191 0.084051 0.039826 0.027332 0.038810 0.030667 0.038509 0.058749 0.136144 0.161459 0.065563 0.068727 0.084660 0.090582 0.049283 0.127435 0.134488 0.056664 0.088122 0.104259 0.082400 0.059846 0.076978 0.113071 0.082639 0.066327 0.060725 0.039254 0.060401 0.086057 0.076997 0.073567 0.067058
1.525030 0.647755 237.5000 237.5000 0.000000 1.084251 0.898199 0.930939 0.799055 0.857394 0.628431 0.789046 0.651707 0.408585 0.364078 0.205203 0.163035 0.264995 0.224759 0.231630 0.328996 0.140569 0.221164 0.481971 0.293439 0.467306 0.712946 0.747090 0.784758 0.862685 1.030239 1.085652 0.801768 0.880918 0.655040 0.622954 0.698331 0.565226 0.512237 0.522315 0.909697 1.174832 1.863641 2.396309 3.158641 3.950064 4.848095 5.765977 6.402195 7.009053 7.206499 7.258167 7.191682 6.514944 5.761668 5.010820 4.080687 3.090375 2.280833 1.459521 0.870834 0.361278 0.153231 0.345677 0.411300 0.411454 0.304508 0.421286 0.424192 0.315736 0.433086 0.622913 0.735431 0.754691 0.752341 0.871676 0.867020 0.809881 0.688062 0.631593 0.586926 0.475991 0.528325 0.646696 0.533031 0.737256 0.862439 1.036470 0.953281 1.113565 1.152537 1.256266 1.263051 1.218008 1.226465 1.223139 1.046775 1.101262 0.989592 0.875088 0.860574 0.683539 0.845036 0.809834
1.573324 1.114488 236.2643 236.2643 0.000000 4.504951 5.496692 4.422524 5.479008 10.027668 13.589342 13.916498 11.282918 8.347795 6.750200 5.738084 4.443994 3.140577 2.900694 3.249996 3.316235 3.667599 4.023356 5.840453 7.172907 7.944415 7.672436 7.143870 7.565269 7.703871 6.067399 3.474702 1.807655 1.278725 2.020659 4.319645 6.991863 8.954716 11.146879 12.289285 12.324166 12.151604 14.561884 21.251507 29.547617 35.359963 37.818743 37.082846 39.339533 61.291423 95.327553 114.707095 107.080463 78.940818 47.970988 28.383079 19.700039 14.909392 12.125867 11.017048 9.688243 7.213511 4.158457 1.610844 0.453934 0.722083 2.138632 4.038656 5.522071 6.096048 5.707792 5.464436 6.387316 7.479028 7.410796 6.399833 5.387959 4.664331 3.945378 4.018964 6.229460 9.422840 12.172652 13.741613 13.853784 13.581329 13.755436 12.989689 8.158006 4.621674 15.145738 23.927232 26.059701 22.535644 16.992601 12.604235 9.149871 6.101415 5.260971 7.220378 9.543511 10.819597 10.378841 7.887799
1.621109 1.187277 226.7126 226.7126 0.000000 7.977364 12.213671 8.046603 9.775372 19.793897 30.508730 36.565723 34.083869 26.317228 18.217745 11.662110 5.176383 2.039597 5.159724 7.253528 10.333320 12.174030 11.503791 12.976740 14.629472 10.293744 6.139981 9.320033 10.943454 9.279306 3.943424 2.417463 1.138471 1.701095 8.884511 13.573034 14.293858 20.629403 18.935294 11.302965 10.738551 15.202266 32.498441 43.818022 40.696160 37.749329 32.255091 51.639069 165.739394 280.019643 242.578755 119.889646 53.244887 41.532742 25.561291 24.802586 25.730146 20.503860 15.353960 13.607777 9.728911 4.585864 1.830624 3.428481 7.299694 7.177027 8.498690 8.435688 4.902097 6.910278 8.941235 10.612851 9.828270 4.100927 7.358690 8.656814 9.966628 14.170276 17.694203 20.513766 22.287886 16.751231 16.856172 18.991945 23.462134 32.758590 45.839609 64.822489 69.097377 47.392011 20.109610 21.326994 18.836247 7.604445 2.277717 9.077473 13.405314 17.190341 20.330472 14.139276 2.360208 2.982691 10.422448 16.151103
1.684378 1.189416 230.0998 230.0998 0.000000 9.781843 14.825916 11.892374 8.311544 10.013274 18.579227 26.503578 29.247639 24.029452 13.237846 9.299976 5.816558 2.616454 3.308155 3.635895 6.999928 11.623306 6.930925 5.779846 8.798847 6.170769 2.951566 5.102998 4.127645 4.882275 6.598158 4.736080 3.274802 2.441311 6.369454 10.495775 5.194006 11.060090 20.045470 11.350219 4.543508 4.081227 13.065036 17.617967 15.132614 19.734418 24.642611 43.639853 110.037028 231.179541 258.393440 153.679052 47.267233 13.807829 17.984621 8.032267 14.193705 15.667899 9.298435 5.465641 10.801602 11.401077 6.532275 2.892903 6.297267 9.881896 7.254175 8.061748 7.760925 4.257172 3.007837 2.387609 4.137946 6.857423 4.934503 6.486951 5.098691 5.094973 8.962615 8.940853 7.949663 11.743999 7.821097 7.728042 8.857491 8.616572 31.769842 46.807318 56.571314 58.813905 44.103092 18.113548 11.346180 14.053959 7.704729 3.316053 4.563105 5.262331 5.437768 10.439425 16.378180 10.663218 4.642395 6.887062
1.739461 0.997895 223.3391 223.3391 0.000000 6.513629 7.185927 4.392289 2.323367 2.044083 3.169913 3.698016 5.146962 6.028990 2.714158 1.603983 2.109936 0.762102 1.105426 2.727599 4.547509 5.172662 3.474894 2.309575 2.366037 1.306757 1.765581 3.046109 2.315000 2.241832 2.178760 1.947473 2.330179 3.918963 5.109287 4.372456 4.497252 8.245108 8.914426 8.649020 9.762068 15.475723 20.258644 20.188387 24.340552 30.551796 39.362859 63.246208 85.523510 84.898878 60.196883 33.126527 18.691371 10.289452 5.731899 3.494166 3.144613 2.652447 1.969498 3.345223 4.670954 3.854018 3.559174 5.117431 7.144545 7.301225 5.849987 4.496191 3.325732 1.529830 0.891478 1.636251 2.135657 3.062691 3.681883 3.186428 2.581728 1.531730 0.718230 2.552050 4.014437 4.924483 4.725587 5.212913 8.318277 11.618068 11.088573 10.018876 11.099758 12.947950 10.684497 6.422422 4.654473 3.347506 1.637379 1.061422 0.414028 1.683489 4.547470 6.661644 6.725244 5.710537 4.772613 2.908941
1.789530 0.431076 209.6066 209.6066 0.000000 4.316002 1.298290 0.425597 0.328634 0.470620 0.117200 0.171665 0.319180 0.635915 0.808288 0.737917 0.608844 0.722341 0.431704 0.494416 0.931954 0.957418 0.841336 1.041895 0.968957 0.516768 0.316324 0.383545 0.793534 1.223856 0.917312 0.416576 0.322548 0.282646 0.197526 0.446445 1.016176 1.057457 0.827950 0.651196 1.172645 2.084834 1.986201 2.107874 6.492527 11.548272 14.230402 13.733527 12.187485 11.660874 11.750888 9.552069 8.224645 6.491902 6.170585 5.321732 3.922856 2.447963 1.389439 0.618444 0.226741 0.578677 0.625410 0.281541 0.229504 0.503660 0.845953 0.780848 0.520105 0.592392 1.103797 1.536352 1.445967 1.018358 0.538068 0.341536 0.539951 0.691916 0.622213 0.398694 0.179130 0.271631 0.491260 0.516684 0.539481 0.574886 0.640491 0.724951 0.741658 0.761384 0.660004 0.412802 0.406888 0.698584 0.879961 0.935752 0.653354 0.294387 0.509387 0.719848 0.729221 0.753937 0.702108 0.531953
1.839932 0.073913 202.6461 202.6461 0.000000 0.351848 0.158049 0.010284 0.049227 0.295782 0.354356 0.262666 0.200011 0.123645 0.103628 0.254677 0.309545 0.211317 0.214203 0.332175 0.170378 0.192157 0.145803 0.207444 0.093987 0.214252 0.119331 0.195240 0.283710 0.278172 0.221254 0.120574 0.116471 0.057975 0.260347 0.380645 0.156372 0.026357 0.067359 0.169646 0.354643 0.619149 0.984895 1.420168 2.073511 2.367884 1.924792 1.255901 0.592361 0.329735 0.397283 0.429492 0.385702 0.466532 0.401811 0.232014 0.249978 0.133615 0.151960 0.227777 0.174769 0.110559 0.081920 0.081253 0.033377 0.123329 0.130482 0.075869 0.120659 0.145861 0.079884 0.078355 0.096921 0.101780 0.099314 0.032571 0.047373 0.030413 0.050955 0.107122 0.105992 0.091806 0.024351 0.075387 0.078810 0.071479 0.077289 0.089565 0.083062 0.058760 0.110099 0.123011 0.098547 0.057540 0.086602 0.062855 0.022814 0.046403 0.041381 0.014751 0.061079 0.078348 0.082991 0.040061
1.879471 0.008232 207.9673 207.9673 0.000000 0.109203 0.068596 0.162201 0.181832 0.226781 0.327741 0.306463 0.177882 0.124807 0.098511 0.128246 0.119855 0.089030 0.132970 0.235498 0.271151 0.160648 0.071552 0.083052 0.125099 0.168154 0.241762 0.261804 0.150534 0.053664 0.160709 0.184083 0.166796 0.144190 0.280250 0.322183 0.220910 0.130178 0.062260 0.104343 0.121469 0.171637 0.185908 0.131650 0.150862 0.308047 0.351622 0.201815 0.145152 0.109172 0.226461 0.275393 0.178844 0.134187 0.156250 0.241792 0.201149 0.198446 0.148070 0.061591 0.102159 0.082316 0.089480 0.027909 0.056293 0.082651 0.039384 0.043478 0.054784 0.033529 0.058997 0.087819 0.056925 0.028067 0.025572 0.051994 0.075055 0.086048 0.052408 0.031559 0.081155 0.142327 0.084527 0.038441 0.096664 0.106183 0.054169 0.104156 0.131205 0.100241 0.090119 0.113129 0.054704 0.021191 0.040690 0.076812 0.093950 0.056245 0.021984 0.027342 0.020431 0.028829 0.058491 0.076005
1.936333 0.004900 209.8716 209.8716 0.000000 0.184688 0.241386 0.229246 0.245184 0.197372 0.267844 0.285852 0.202403 0.169571 0.101394 0.092806 0.154017 0.136867 0.138125 0.209756 0.266449 0.206227 0.110367 0.110872 0.068413 0.103249 0.067327 0.232558 0.134772 0.101765 0.193307 0.261266 0.243439 0.203610 0.320849 0.298191 0.117716 0.081938 0.146060 0.198038 0.307871 0.349472 0.297642 0.162206 0.069100 0.316880 0.438076 0.229897 0.090700 0.100872 0.178660 0.148489 0.134054 0.054098 0.048509 0.096381 0.092528 0.082587 0.105721 0.102532 0.091614 0.123942 0.138482 0.138422 0.118503 0.087532 0.050080 0.083224 0.063470 0.016096 0.046026 0.096579 0.080766 0.067925 0.044495 0.039475 0.042541 0.060908 0.061348 0.035621 0.033532 0.077020 0.111470 0.079373 0.039330 0.066773 0.100738 0.087104 0.108132 0.077797 0.071785 0.160287 0.140149 0.062431 0.017119 0.018711 0.033791 0.058925 0.054955 0.038915 0.030334 0.043067 0.059468 0.049609
1.981365 0.004981 29.9220 29.9220 0.000000 0.165957 0.148806 0.171940 0.146128 0.334127 0.402636 0.220027 0.216006 0.353873 0.223713 0.165893 0.238056 0.167380 0.096915 0.115764 0.097316 0.063053 0.120331 0.133928 0.179844 0.260795 0.238914 0.063835 0.219041 0.058951 0.174747 0.139570 0.302793 0.374985 0.262959 0.114591 0.220494 0.260589 0.236664 0.282035 0.147285 0.159408 0.209081 0.265173 0.231260 0.186482 0.093852 0.134727 0.154396 0.072756 0.052748 0.094619 0.174688 0.171532 0.064556 0.114410 0.069413 0.111842 0.090783 0.071241 0.095489 0.122352 0.153200 0.101575 0.065530 0.029142 0.046541 0.057044 0.062993 0.126863 0.115166 0.087485 0.087686 0.089641 0.072096 0.063993 0.095929 0.079408 0.113822 0.067575 0.024043 0.032785 0.079757 0.086701 0.049761 0.071307 0.125621 0.124736 0.068667 0.037179 0.037029 0.049255 0.053631 0.063528 0.033020 0.051983 0.096012 0.093623 0.037128 0.032485 0.062082 0.059925 0.060185 0.061705
2.029519 0.005013 44.8828 44.8828 0.000000 0.157181 0.091493 0.185399 0.291085 0.054663 0.297190 0.278694 0.346907 0.468374 0.300406 0.078520 0.185143 0.209977 0.259435 0.224627 0.133134 0.071602 0.029889 0.070124 0.095953 0.340965 0.437190 0.409858 0.388144 0.230457 0.114212 0.095396 0.142059 0.157285 0.173240 0.225403 0.150212 0.120015 0.094287 0.169223 0.124769 0.125351 0.126800 0.092114 0.075995 0.187497 0.153422 0.149629 0.151304 0.115685 0.138638 0.190313 0.211402 0.141280 0.121403 0.148760 0.172835 0.165409 0.092295 0.072443 0.152868 0.205494 0.206281 0.103550 0.054214 0.046558 0.033158 0.051393 0.088904 0.139162 0.068658 0.062314 0.045360 0.060789 0.065258 0.102707 0.109688 0.155904 0.108916 0.035409 0.067511 0.064454 0.017177 0.038278 0.073632 0.095041 0.106617 0.067568 0.019037 0.035242 0.050467 0.073343 0.089816 0.077292 0.041730 0.035853 0.091656 0.108617 0.097402 0.087114 0.088204 0.049507 0.017686 0.055097
2.079467 0.004965 121.1251 121.1251 0.000000 0.263817 0.162996 0.224578 0.216932 0.213751 0.247778 0.153873 0.284048 0.335592 0.136267 0.192640 0.197140 0.171204 0.345252 0.300158 0.204439 0.086821 0.060780 0.095208 0.126659 0.173218 0.295800 0.347232 0.390631 0.249678 0.078346 0.066548 0.080633 0.091194 0.104904 0.098813 0.085166 0.077165 0.158864 0.197285 0.089463 0.067995 0.060110 0.075536 0.151920 0.215830 0.158740 0.105129 0.087784 0.061200 0.091492 0.122643 0.123554 0.078985 0.041539 0.053298 0.075955 0.123087 0.140714 0.091147 0.120095 0.215975 0.176336 0.091508 0.077886 0.080770 0.086661 0.072326 0.065373 0.096945 0.183069 0.175309 0.117401 0.083696 0.078123 0.104564 0.120015 0.128647 0.143443 0.074502 0.111548 0.148743 0.102466 0.043208 0.053962 0.077351 0.032931 0.055330 0.036639 0.056325 0.053850 0.032732 0.035521 0.048343 0.039969 0.043722 0.034747 0.070754 0.044927 0.140717 0.097096 0.042868 0.051685 0.021028
2.129526 0.004795 10.4810 10.4810 0.000000 0.314112 0.386897 0.263500 0.064841 0.121886 0.078443 0.185907 0.339365 0.259993 0.115385 0.132870 0.220416 0.231360 0.242599 0.250241 0.117167 0.129611 0.137597 0.234122 0.337552 0.235505 0.189939 0.058592 0.058826 0.143936 0.201648 0.102773 0.088358 0.171475 0.246925 0.220784 0.109066 0.042475 0.035924 0.076770 0.173782 0.201512 0.155442 0.114658 0.106633 0.123608 0.109716 0.140795 0.164958 0.152326 0.095340 0.167147 0.183362 0.174101 0.138221 0.085869 0.089238 0.092673 0.077490 0.095637 0.134645 0.129749 0.136206 0.198467 0.133107 0.039227 0.068683 0.143026 0.113146 0.017565 0.119532 0.135458 0.200139 0.189880 0.148434 0.120143 0.076473 0.070340 0.121072 0.152012 0.140171 0.112764 0.118070 0.171387 0.185493 0.104092 0.038293 0.102959 0.154049 0.125280 0.069340 0.031288 0.014875 0.042117 0.042489 0.021688 0.030687 0.057508 0.073963 0.074570 0.088586 0.098889 0.106979 0.118399
2.178988 0.012168 97.8074 97.8074 0.000000 0.327507 0.316103 0.111174 0.145064 0.109154 0.053912 0.209624 0.354375 0.248771 0.100908 0.173729 0.216940 0.143965 0.127290 0.215836 0.237809 0.166024 0.216150 0.350947 0.370111 0.310751 0.211744 0.082433 0.049352 0.118933 0.172845 0.115937 0.085961 0.258614 0.257656 0.123304 0.142327 0.120299 0.127554 0.181450 0.047172 0.110837 0.090270 0.046497 0.085315 0.097039 0.118193 0.147483 0.205129 0.154927 0.123483 0.199997 0.218729 0.169366 0.072831 0.102038 0.181674 0.151198 0.107434 0.074509 0.104438 0.204120 0.147290 0.056694 0.063723 0.094911 0.117319 0.090530 0.074586 0.119452 0.180957 0.124247 0.057696 0.024929 0.035181 0.083144 0.121402 0.060074 0.049532 0.043538 0.025271 0.065764 0.126755 0.099496 0.054122 0.082521 0.139559 0.132689 0.085931 0.059493 0.046175 0.033268 0.025879 0.038838 0.066011 0.084741 0.091787 0.065154 0.048219 0.085082 0.059231 0.065478 0.057220 0.084358
2.219842 0.832955 244.3600 244.3600 0.000000 0.404223 0.537731 0.205716 0.232079 0.242509 0.792118 0.924115 1.580214 1.397378 1.781870 1.990670 1.820442 1.874515 1.515400 1.269668 1.684621 1.311017 1.491964 1.035864 1.078207 1.129503 0.893412 0.642010 0.419052 0.504579 0.635632 1.172310 1.413739 1.607813 1.831932 1.837755 1.736147 2.142046 2.023974 1.306096 0.644458 0.929704 2.442648 4.316310 6.424348 7.989289 9.548435 10.974812 12.645021 15.511178 18.968102 22.114760 24.175507 24.670038 23.259913 20.057878 16.339029 12.245409 8.360396 5.266087 3.209236 1.678202 0.869785 0.456760 0.756052 1.109180 1.396192 1.548565 1.629683 1.401644 1.259854 1.128446 0.906706 0.528638 0.303867 0.217528 0.520119 0.829470 1.152968 1.338106 1.322557 1.235804 0.963069 0.681703 0.532674 0.746885 0.968620 1.244184 1.556409 1.743555 1.909994 2.088881 2.572724 3.110368 3.770530 4.271529 4.356168 3.947030 3.357439 2.437193 1.740464 1.788845 2.347651 2.938365
2.273218 1.157546 230.8387 230.8387 0.000000 3.519149 4.383888 4.605506 4.733965 6.828577 11.371234 16.368017 19.046143 18.085615 13.569032 8.014404 7.140856 9.083676 9.844823 9.448134 7.394014 4.109650 2.293176 3.771947 5.624936 5.724288 4.540703 4.078434 5.834273 7.992521 8.046201 6.493207 4.638790 3.186963 5.324605 8.613529 9.098851 7.790437 7.139198 8.973268 13.523255 20.949204 29.648687 33.523379 30.398974 29.640587 38.381935 53.022275 95.056825 154.664326 176.666850 137.982286 71.952876 31.913681 22.695581 19.729914 17.850110 13.871303 9.677469 7.199555 5.927686 4.699608 4.438552 6.387382 8.025299 8.134324 6.931636 4.280702 1.962101 1.685312 2.687044 4.699555 7.443579 9.525134 9.962606 8.684890 6.134037 3.504992 1.590002 2.303099 5.899992 8.969211 10.340429 10.472894 10.014107 11.298189 19.595276 33.489658 44.482872 42.703872 28.274105 12.095489 4.844672 4.008861 7.329037 13.761062 17.407639 16.944693 14.167622 10.378609 5.658815 4.273915 6.824755 8.681603
2.329525 1.182433 226.4554 226.4554 0.000000 5.798006 10.639060 9.135429 5.029204 11.400961 23.572714 29.940777 30.092947 27.042500 18.435303 6.081755 10.141287 11.466262 10.803498 11.614120 7.945800 3.854441 3.629464 4.714132 8.057747 9.537311 6.052474 6.668246 11.771469 12.614694 5.470622 5.531739 4.686135 4.492783 9.538715 10.311841 9.435469 9.763512 7.081688 10.601810 14.356493 23.851788 36.662149 22.536368 10.229812 23.902120 32.038388 68.920320 211.044761 312.630647 220.341588 63.434067 25.851662 12.981383 18.499125 24.501901 19.157967 13.088900 7.816458 6.101853 5.937031 3.564370 9.552987 8.037967 8.898905 10.229791 6.965299 4.124399 3.292208 5.003101 9.622013 12.720948 11.363325 12.018268 10.566771 6.340852 2.822732 2.211542 7.276296 14.533106 13.766081 8.497288 12.586768 9.498360 11.479028 37.816424 66.920181 79.770170 62.264766 26.406611 12.947876 15.126476 10.074116 13.965444 25.759139 18.305614 13.705807 13.351443 4.340374 1.122049 6.156327 8.353708 9.724438 8.752229
2.393020 1.183057 225.9886 225.9886 0.000000 6.546272 10.654343 8.003461 5.962119 10.830499 15.807595 14.772554 11.576700 11.808788 10.681612 9.906249 10.125551 5.854621 4.289537 5.321911 2.635299 3.091617 4.133494 1.976139 5.638329 7.524569 3.118614 3.014590 7.170987 8.808005 5.557349 4.390473 4.416384 3.499659 4.300431 4.005878 4.631818 6.861060 4.317489 2.928115 4.469475 15.568789 27.599931 10.713446 21.655295 27.096790 40.287144 87.999980 180.004530 214.777305 139.966669 40.468342 10.572810 10.539292 9.629693 10.267464 6.395826 4.654956 4.343012 4.373805 6.721732 7.244436 5.793308 3.087263 4.487426 5.689895 3.404175 2.467092 0.846172 2.598441 6.146436 6.351423 2.107003 4.620072 3.956834 2.694625 1.394336 3.873657 9.585414 11.403711 6.346693 2.972957 6.684766 7.588913 10.981699 22.128268 38.748101 46.190437 39.107995 27.616539 20.058332 15.910957 10.593512 14.821339 19.020517 11.896535 10.352159 9.550510 2.832283 3.416287 2.903876 1.593315 2.827318 2.635869
2.440058 0.854036 232.7663 232.7663 0.000000 4.949089 4.689348 2.752690 0.894841 2.949504 3.134986 1.806886 0.933318 1.311120 1.121670 1.591402 3.738614 4.489224 3.440178 2.237682 1.229466 0.808258 1.227523 1.655369 2.178234 3.594911 4.214029 2.834136 1.192847 2.111155 2.727609 2.432645 1.877122 1.414563 0.844644 0.429110 0.859911 3.431245 6.142594 5.357335 2.360771 5.433750 10.022283 20.871089 23.980287 21.559630 23.705782 27.838896 34.403702 43.162293 49.911940 50.220634 41.165393 26.185074 12.884048 6.316440 2.180793 1.223168 1.654425 1.374313 1.722790 2.385886 2.795554 2.893425 2.560780 1.798712 1.515257 1.880313 1.617371 1.087127 0.955757 1.081746 0.550324 1.167170 2.134992 2.151630 1.756904 0.942983 0.433644 0.361334 1.254605 3.287612 3.819948 2.877849 1.740615 1.912079 2.487220 1.665837 0.794840 2.209401 4.570642 5.194574 4.072916 4.866346 6.500242 6.742975 6.390279 6.885283 7.265722 6.699874 5.629319 4.733023 3.893097 3.145628
2.493889 0.253111 208.0400 208.0400 0.000000 1.138396 0.953623 0.629221 0.561876 0.391996 0.344645 0.289187 0.388761 0.325842 0.343078 0.703572 0.797288 0.861818 0.409182 0.319623 0.158184 0.281148 0.249349 0.203839 0.195016 0.320928 0.480982 0.805725 0.926872 0.699653 0.531590 0.512697 0.327242 0.272763 0.339436 0.394904 0.332340 0.289622 0.617388 1.305518 1.960420 2.658602 3.389029 4.348774 6.385033 8.593054 9.032128 7.154280 5.571993 5.906488 4.984949 2.736497 1.143377 0.521632 0.766755 0.677302 0.922482 0.968768 1.172214 0.508197 0.219054 0.347534 0.366275 0.251064 0.278377 0.220217 0.180336 0.090615 0.146193 0.217965 0.309328 0.143793 0.146331 0.013581 0.284500 0.412736 0.384524 0.528065 0.462991 0.323701 0.119311 0.278362 0.282656 0.280320 0.254317 0.467778 0.504745 0.408334 0.319573 0.279069 0.193199 0.267711 0.247975 0.155207 0.142676 0.223358 0.333975 0.315184 0.329854 0.206300 0.150289 0.160226 0.206067 0.283922
2.539485 0.041261 205.5557 205.5557 0.000000 0.304905 0.300659 0.304514 0.190463 0.188969 0.162757 0.154310 0.030079 0.107912 0.237050 0.251925 0.242422 0.284256 0.115983 0.124183 0.269176 0.121441 0.097467 0.129892 0.084578 0.146491 0.226331 0.263477 0.136056 0.245799 0.214569 0.111136 0.204212 0.122620 0.093963 0.162381 0.165025 0.139383 0.072399 0.274583 0.413795 0.545505 0.472489 0.730798 0.754021 0.781517 0.754609 0.685348 0.568220 0.330276 0.220147 0.275326 0.228167 0.237377 0.221537 0.097127 0.207702 0.289158 0.159714 0.111111 0.032823 0.047656 0.053266 0.081724 0.043260 0.087133 0.074456 0.070423 0.120862 0.086796 0.052705 0.096463 0.053432 0.082535 0.051669 0.051819 0.100062 0.050526 0.040079 0.098608 0.087722 0.067408 0.037466 0.103112 0.138564 0.040958 0.038714 0.031107 0.056594 0.111609 0.122601 0.077682 0.060094 0.065190 0.067003 0.071924 0.060479 0.090859 0.073023 0.035122 0.026734 0.017402 0.047975 0.051677
2.589581 0.004974 184.5234 184.5234 0.000000 0.246986 0.080578 0.212227 0.130860 0.254416 0.153933 0.141348 0.191958 0.110406 0.186183 0.214344 0.148341 0.212454 0.114732 0.126973 0.268557 0.276521 0.150400 0.098007 0.113719 0.078490 0.132370 0.218882 0.196648 0.176391 0.104963 0.059613 0.109683 0.145740 0.086675 0.037425 0.055609 0.036008 0.025125 0.095204 0.310414 0.457771 0.286695 0.211523 0.216497 0.165225 0.064587 0.113599 0.185365 0.130717 0.153525 0.097420 0.105544 0.104267 0.123359 0.110990 0.061777 0.103660 0.179543 0.156577 0.135085 0.105250 0.059932 0.038483 0.065711 0.084171 0.089579 0.114966 0.132699 0.114589 0.063857 0.059792 0.111945 0.128759 0.111999 0.082425 0.033766 0.029327 0.087392 0.079043 0.060207 0.058973 0.017397 0.071896 0.105431 0.199641 0.171192 0.035452 0.043316 0.028821 0.042358 0.084949 0.050594 0.026263 0.029472 0.067031 0.036037 0.031551 0.037308 0.071332 0.085485 0.061950 0.037395 0.029067
2.638995 0.004610 189.7557 189.7557 0.000000 0.178818 0.189561 0.154824 0.215731 0.285577 0.195971 0.195853 0.274121 0.273634 0.183317 0.179466 0.209021 0.229150 0.258056 0.305276 0.250415 0.185486 0.135800 0.124875 0.222489 0.307512 0.313472 0.232761 0.126794 0.086716 0.037844 0.099830 0.160880 0.158150 0.072498 0.062261 0.057251 0.080487 0.073580 0.103280 0.166635 0.274275 0.404195 0.276796 0.084469 0.136099 0.030582 0.044754 0.152215 0.258312 0.240959 0.185998 0.147520 0.104602 0.104804 0.084561 0.041079 0.046094 0.105109 0.170645 0.121568 0.064933 0.054200 0.064389 0.103402 0.115834 0.057844 0.052182 0.114644 0.090558 0.069461 0.114257 0.108678 0.064178 0.080283 0.089389 0.091562 0.074161 0.045960 0.084138 0.092046 0.058746 0.021296 0.071563 0.138148 0.203432 0.196279 0.090431 0.043954 0.030436 0.028935 0.042107 0.038445 0.024388 0.053137 0.073568 0.033141 0.031331 0.049287 0.053936 0.071047 0.048044 0.032522 0.040879
2.687476 0.004514 108.9237 108.9237 0.000000 0.143342 0.172207 0.155880 0.194014 0.200499 0.075523 0.118092 0.119392 0.217792 0.196163 0.160501 0.106133 0.089091 0.143448 0.253559 0.260317 0.122308 0.085956 0.094033 0.198966 0.432111 0.453784 0.232402 0.177252 0.184743 0.087761 0.035184 0.134277 0.131370 0.105597 0.132082 0.173746 0.152179 0.144530 0.101316 0.097714 0.064306 0.190885 0.294804 0.263737 0.215749 0.152900 0.079556 0.088329 0.154597 0.164057 0.109810 0.090675 0.083452 0.011516 0.038477 0.089404 0.077231 0.081945 0.076685 0.175213 0.119664 0.050045 0.022805 0.049547 0.103230 0.055629 0.060531 0.066910 0.060107 0.079419 0.132100 0.118076 0.053914 0.036890 0.036988 0.053322 0.104944 0.097687 0.067683 0.073729 0.055979 0.047713 0.093846 0.096651 0.014511 0.097586 0.110212 0.121191 0.037974 0.024980 0.028161 0.029277 0.031524 0.032447 0.079591 0.098422 0.063011 0.029354 0.041727 0.061353 0.081659 0.084850 0.065370
2.733962 0.004310 44.8811 44.8811 0.000000 0.309788 0.271175 0.129866 0.125106 0.157827 0.075407 0.230922 0.302606 0.391365 0.261289 0.075758 0.103663 0.127627 0.169400 0.285318 0.242092 0.090935 0.133963 0.089381 0.289367 0.333662 0.235265 0.187638 0.149646 0.093788 0.077122 0.054437 0.075379 0.107762 0.244491 0.200611 0.025018 0.121740 0.061920 0.081862 0.126397 0.217717 0.159329 0.111605 0.221268 0.167576 0.090509 0.093411 0.071067 0.080226 0.122792 0.097226 0.074681 0.079905 0.046948 0.091220 0.164785 0.157796 0.082974 0.125681 0.072630 0.050146 0.074605 0.083801 0.059967 0.087639 0.080055 0.077151 0.118461 0.134867 0.129827 0.087789 0.061181 0.051891 0.056753 0.075869 0.063320 0.073322 0.099953 0.063378 0.061409 0.113585 0.091165 0.080640 0.101953 0.094130 0.025540 0.040884 0.042813 0.036790 0.051256 0.101732 0.085486 0.057735 0.095099 0.071585 0.062613 0.057332 0.087186 0.083340 0.044821 0.022519 0.037001 0.063983
2.781872 0.004767 41.4250 41.4250 0.000000 0.204058 0.237063 0.058072 0.038760 0.063678 0.157116 0.339806 0.490071 0.371407 0.230167 0.146061 0.131747 0.121677 0.082845 0.121522 0.231811 0.255273 0.198799 0.186192 0.155278 0.097122 0.126294 0.092665 0.212849 0.202077 0.182704 0.150449 0.055859 0.074115 0.170945 0.122952 0.191249 0.189718 0.099066 0.036131 0.067901 0.058057 0.107530 0.139772 0.143426 0.088859 0.108658 0.096387 0.028157 0.049911 0.124559 0.165022 0.116215 0.037374 0.082320 0.114744 0.077647 0.045293 0.142630 0.152083 0.113360 0.140065 0.092330 0.106755 0.149931 0.079637 0.036459 0.071056 0.102806 0.037753 0.075271 0.060782 0.128046 0.141107 0.052806 0.007382 0.022022 0.051571 0.090171 0.097355 0.082172 0.092060 0.086517 0.078072 0.076659 0.046524 0.079755 0.137076 0.092849 0.046354 0.021662 0.023967 0.014651 0.069421 0.075571 0.113392 0.146658 0.155790 0.085241 0.044345 0.037925 0.045985 0.026157 0.055771
2.829574 0.004838 40.8080 40.8080 0.000000 0.080802 0.297765 0.347625 0.273674 0.197987 0.149553 0.265718 0.473117 0.245363 0.117251 0.116111 0.154931 0.095663 0.111915 0.171386 0.172724 0.096012 0.053838 0.204234 0.341985 0.317106 0.204084 0.081466 0.131681 0.263766 0.263846 0.201174 0.181074 0.155279 0.087504 0.101952 0.173706 0.134796 0.103987 0.207282 0.244312 0.149336 0.028207 0.053838 0.158071 0.141610 0.107743 0.102933 0.093840 0.108963 0.083431 0.167997 0.176767 0.116791 0.203659 0.197628 0.114710 0.078057 0.050298 0.132651 0.056896 0.141997 0.175705 0.127904 0.078437 0.056831 0.057645 0.085543 0.102753 0.088768 0.096943 0.150705 0.126098 0.053443 0.021513 0.044204 0.096934 0.118235 0.064109 0.022608 0.063264 0.071997 0.062011 0.070189 0.054216 0.090849 0.109547 0.063201 0.041670 0.035202 0.030594 0.049047 0.059734 0.058829 0.127547 0.172467 0.104022 0.036119 0.033393 0.056745 0.038379 0.030432 0.067123 0.105706
2.879565 0.046250 104.9088 104.9088 0.000000 0.053017 0.293946 0.386714 0.398828 0.370176 0.282850 0.229642 0.365448 0.346778 0.165448 0.124275 0.212849 0.178869 0.090273 0.130451 0.103753 0.198754 0.226179 0.215343 0.300399 0.509308 0.430820 0.136324 0.068574 0.128630 0.208258 0.063181 0.144901 0.212420 0.199549 0.170226 0.159828 0.156924 0.167938 0.258348 0.385580 0.389652 0.253446 0.142480 0.189115 0.196913 0.115379 0.048173 0.064125 0.175816 0.097729 0.033718 0.063635 0.189224 0.227818 0.243653 0.214194 0.130468 0.064655 0.051093 0.099432 0.152416 0.138769 0.135299 0.068690 0.099617 0.084588 0.108556 0.067172 0.048593 0.076638 0.118055 0.133289 0.130199 0.062843 0.020813 0.009179 0.045404 0.071142 0.071210 0.070111 0.065017 0.075207 0.106813 0.123187 0.127049 0.096800 0.076435 0.084255 0.055179 0.089407 0.061706 0.032437 0.064038 0.041825 0.040606 0.090531 0.099684 0.060436 0.030879 0.026371 0.046791 0.049100 0.022056
2.929489 0.878401 236.3138 236.3138 0.000000 4.330949 2.276662 2.335552 2.354991 2.572890 2.536869 3.263394 3.648211 3.167592 2.889306 2.243184 1.222175 0.640469 0.370562 0.464243 0.933866 1.047614 1.249541 1.605521 1.465663 1.103859 0.927532 0.748878 0.700299 0.324544 0.238761 0.671724 0.805208 1.496319 1.644212 1.815468 1.865216 1.999931 1.209894 0.869950 1.302881 3.045232 5.138091 6.924767 8.230406 9.140658 10.287635 12.890595 17.764196 23.780653 29.005433 31.972934 32.082117 29.079234 23.821274 17.607227 12.101830 7.708609 4.804252 2.938026 1.273968 0.362118 1.058892 1.614281 1.721265 1.513435 1.381394 1.455836 1.395537 1.557530 1.610044 1.520576 1.309730 1.066643 0.802573 0.570651 0.373115 0.225035 0.153352 0.218388 0.490050 0.906396 1.516850 2.085493 2.366589 2.662774 2.688365 2.996905 3.693389 4.658389 5.909562 7.027757 7.770828 7.854329 7.252245 5.945810 4.377439 3.203731 2.852829 3.119704 3.411737 3.510781 3.326657 2.802230
2.972015 1.177501 233.1868 233.1868 0.000000 5.345360 5.949765 6.331827 9.105356 14.505173 20.897126 26.167761 26.662298 20.943200 11.643062 3.956376 1.485629 3.627771 6.362990 8.563895 9.856218 8.010013 4.440172 3.169829 4.158677 3.279758 2.644145 3.008227 3.304027 4.216776 6.430942 8.232254 6.953451 2.365578 6.813549 9.118624 4.883456 2.499559 6.502117 10.021401 14.990986 18.198225 20.909425 22.756231 18.421452 15.010857 29.836315 47.436970 67.045147 129.098262 187.467054 180.540288 116.361577 51.985107 23.742749 20.767106 23.201083 18.274503 9.419211 4.923210 0.990359 7.703075 11.681921 9.917480 4.569649 3.830890 9.860463 11.496798 7.963142 3.162080 5.528971 8.804260 9.005769 7.118728 4.892629 3.969062 3.955190 4.812504 5.442926 3.448694 4.434037 11.899326 16.429043 13.402510 4.107690 6.879073 13.171964 23.111200 39.215977 50.190978 48.067857 35.359019 20.393529 8.443247 3.542373 4.280937 9.768318 16.067993 16.396566 13.358394 10.015720 5.560217 4.982791 7.920726
3.036382 1.195487 235.0470 235.0470 0.000000 6.153656 4.235953 3.979691 6.144665 16.065642 26.162993 33.836420 37.110067 32.419614 18.615023 5.259761 5.426749 9.460806 12.695799 15.820499 17.350826 13.712988 7.149409 4.483083 6.896013 4.638480 2.588946 3.234327 3.506349 7.610306 11.516160 13.515539 13.230409 11.667155 14.067111 17.675559 15.632826 12.546116 15.664233 17.610896 17.740512 15.493726 12.904606 17.604575 15.789731 5.356883 14.271027 33.045477 39.950202 89.071342 273.884164 329.844663 190.406667 50.269997 16.133219 8.652049 23.059169 32.328736 28.448372 20.263179 13.935072 14.856932 18.533475 19.322890 16.928838 13.754420 18.321645 21.807691 18.527577 12.498518 10.277272 12.835052 15.780843 16.195719 13.844750 12.609407 12.903990 13.366262 14.246761 13.200791 9.851006 14.276015 22.503531 27.672602 23.705520 15.814735 13.728999 10.964893 30.372731 56.717778 67.260131 55.047273 29.390824 16.122487 11.728418 11.965297 12.284708 25.491744 29.106101 10.097713 13.144180 11.850906 5.169094 7.867240
3.093424 1.195386 229.2426 229.2426 0.000000 5.204704 5.105266 4.566534 6.185855 7.910350 9.124522 12.067744 14.123915 16.261251 13.370004 8.595283 8.616963 7.861811 6.820972 8.514981 8.457300 6.350572 5.065305 5.288528 4.489655 4.810109 5.340765 4.198703 5.231994 6.399132 6.328163 6.670090 7.769599 9.364426 9.807050 11.072298 13.937949 12.681126 9.060927 6.221465 4.775849 7.070525 19.670875 21.883376 18.079888 17.959132 26.818202 53.470166 120.911452 198.324317 187.392479 99.278896 24.045124 4.713975 11.170772 14.162098 15.834975 17.563407 15.794379 13.130294 12.279517 8.798550 9.744982 14.081365 13.844910 12.471498 10.662100 8.347440 7.069550 6.153690 6.352547 9.869462 8.426072 6.792732 10.640642 9.599204 9.316822 10.703328 10.128006 9.840179 9.812895 12.856708 18.811810 17.086439 10.950716 9.734909 17.106729 24.360104 26.434960 21.842270 10.324580 7.073708 13.579538 16.049286 21.737412 26.047774 20.006670 11.407288 8.072874 5.309706 5.631786 9.226738 11.004521 8.489228
3.141115 0.825683 240.0805 240.0805 0.000000 3.765766 3.300459 3.435824 3.590946 3.335069 2.756717 2.063971 1.786274 2.376741 1.982881 2.967412 3.574343 2.725656 1.658733 0.791067 0.987953 0.767866 0.597717 1.121722 1.490485 1.021109 0.975517 2.517504 3.356872 2.386924 1.172513 0.838668 0.423766 0.384433 0.513668 0.817341 0.500838 1.103813 2.804800 3.692727 2.199940 3.124055 4.642299 9.282608 17.752552 22.912510 21.955964 20.136348 20.400656 26.628599 35.729547 40.702654 42.946064 40.073364 29.163847 16.448698 4.841869 2.674289 2.891625 0.907839 1.693288 2.069011 1.934113 1.402362 1.973554 2.820637 2.984004 2.774856 1.725535 1.006372 0.728098 0.511338 0.502208 0.450941 0.964537 1.415188 1.797407 2.298118 2.918592 2.854332 1.864198 1.625329 1.721532 1.148168 0.566394 0.680354 1.845606 3.590858 4.109843 3.009907 1.920594 1.070028 1.572049 0.811876 1.410124 1.978593 2.616612 3.827577 4.548075 4.556680 6.601354 8.215546 8.450604 7.196437
3.189553 0.212696 208.5492 208.5492 0.000000 0.768794 0.319311 0.147769 0.317531 0.494566 0.611303 0.575742 0.387837 0.763702 0.706094 0.711934 0.551391 0.361626 0.400881 0.260691 0.179801 0.329111 0.462491 0.456719 0.663012 0.682024 0.556373 0.345777 0.385834 0.683718 0.841865 0.696240 0.466595 0.350265 0.302629 0.224149 0.240877 0.287069 0.221309 0.316339 0.716356 1.394319 2.144380 3.308455 5.447890 7.561329 8.003685 6.301006 4.119942 3.660321 3.035205 1.646989 1.362665 0.940691 0.471098 0.608541 0.577292 0.293061 0.745021 0.739228 0.496653 0.332662 0.396854 0.229757 0.296649 0.482234 0.569612 0.562955 0.304699 0.392031 0.269253 0.092208 0.186892 0.262300 0.267050 0.137048 0.102910 0.159061 0.106995 0.311300 0.470105 0.552899 0.576607 0.516933 0.321127 0.237357 0.127214 0.127497 0.201923 0.285254 0.332835 0.291683 0.216193 0.157179 0.187276 0.267445 0.324097 0.304134 0.194149 0.103306 0.098611 0.264699 0.406134 0.383141
3.239946 0.032840 211.0879 211.0879 0.000000 0.150784 0.178575 0.083561 0.095199 0.206809 0.184081 0.074598 0.222120 0.256845 0.095267 0.211535 0.145821 0.253248 0.167553 0.123592 0.077798 0.087519 0.115218 0.190951 0.263102 0.141052 0.049217 0.096068 0.150435 0.054248 0.229743 0.128281 0.181518 0.210620 0.253248 0.065729 0.076596 0.185340 0.094272 0.054568 0.257984 0.192066 0.278520 0.550361 0.646637 0.479935 0.660457 0.511637 0.290522 0.270467 0.251062 0.121104 0.197308 0.110758 0.028090 0.104918 0.232669 0.131635 0.048182 0.065056 0.104598 0.119846 0.088881 0.103867 0.129449 0.131385 0.158197 0.125300 0.110780 0.099759 0.116993 0.131688 0.110067 0.087084 0.077838 0.047469 0.055883 0.119976 0.099343 0.072741 0.067398 0.062247 0.068324 0.123888 0.168322 0.115229 0.054691 0.054141 0.054250 0.043091 0.043747 0.055114 0.093783 0.107424 0.077232 0.082915 0.059994 0.030825 0.031859 0.064332 0.081948 0.045344 0.049995 0.069902
3.289506 0.004676 29.9192 29.9192 0.000000 0.128176 0.147807 0.086065 0.199350 0.419661 0.464491 0.295654 0.119113 0.217387 0.065302 0.194628 0.273447 0.226511 0.148992 0.073194 0.150674 0.144329 0.089102 0.199356 0.133955 0.072781 0.081569 0.096955 0.122097 0.226539 0.186280 0.032214 0.267333 0.421812 0.307241 0.090688 0.069297 0.132269 0.235371 0.205014 0.169153 0.132211 0.193998 0.101137 0.111663 0.119591 0.260181 0.239016 0.100481 0.035690 0.038075 0.138363 0.191444 0.162359 0.106380 0.136693 0.221840 0.093571 0.023049 0.083803 0.137696 0.129250 0.035450 0.043313 0.119376 0.125422 0.067263 0.041082 0.087416 0.124968 0.086018 0.039190 0.078922 0.078617 0.063929 0.046173 0.078948 0.132980 0.141693 0.142727 0.127390 0.110783 0.100896 0.086058 0.142540 0.103831 0.046591 0.027099 0.051510 0.040666 0.031135 0.069685 0.072665 0.047842 0.055089 0.067692 0.084570 0.056252 0.053987 0.058036 0.031442 0.050111 0.051633 0.027604
3.339564 0.004787 31.5698 31.5698 0.000000 0.117526 0.091557 0.014984 0.116601 0.323455 0.407949 0.371804 0.331203 0.262531 0.132561 0.119298 0.242521 0.199630 0.062888 0.163099 0.137902 0.242967 0.321346 0.221944 0.255750 0.175373 0.078292 0.076000 0.213453 0.245708 0.156992 0.198474 0.220325 0.244381 0.281154 0.276795 0.209225 0.128142 0.158253 0.264829 0.273141 0.117685 0.137927 0.181067 0.195862 0.217045 0.128198 0.173106 0.144806 0.126604 0.137784 0.081914 0.063481 0.067464 0.101445 0.135739 0.117191 0.150839 0.252317 0.218683 0.121065 0.089742 0.085733 0.106582 0.136769 0.065592 0.077382 0.137641 0.093630 0.070405 0.044903 0.050527 0.033411 0.071749 0.087656 0.056024 0.067200 0.076224 0.042291 0.049060 0.055730 0.060278 0.046297 0.108895 0.100154 0.047575 0.071593 0.052154 0.083836 0.068312 0.041842 0.055009 0.078869 0.092467 0.089717 0.057216 0.031319 0.036530 0.038298 0.037360 0.058760 0.131082 0.156465 0.114165
3.389569 0.004654 89.2123 89.2123 0.000000 0.132455 0.159242 0.115366 0.100462 0.136815 0.146962 0.095497 0.157690 0.170654 0.089395 0.114541 0.264802 0.331487 0.240589 0.121679 0.111179 0.323022 0.354147 0.211762 0.244979 0.167357 0.066376 0.206487 0.350630 0.266392 0.112501 0.158512 0.187382 0.145712 0.120687 0.143423 0.146918 0.136361 0.145633 0.192122 0.244185 0.145297 0.078835 0.088709 0.090550 0.233061 0.138570 0.182387 0.192828 0.200948 0.162377 0.080135 0.084056 0.046329 0.046449 0.118498 0.185144 0.215721 0.166572 0.108531 0.157259 0.218280 0.214660 0.135760 0.036148 0.114110 0.074723 0.182017 0.089907 0.088821 0.108963 0.082948 0.093503 0.098604 0.061159 0.076274 0.093266 0.060266 0.038233 0.041648 0.044018 0.046565 0.048827 0.071262 0.103275 0.098115 0.050809 0.036368 0.054295 0.015300 0.073045 0.115383 0.038175 0.090665 0.081282 0.039681 0.050050 0.047198 0.038550 0.053849 0.089143 0.128853 0.128053 0.069415
3.429504 0.004194 137.6927 137.6927 0.000000 0.113824 0.221675 0.200890 0.077384 0.050057 0.049481 0.096453 0.111051 0.057255 0.116626 0.203917 0.216239 0.253812 0.137451 0.113915 0.216483 0.211073 0.143845 0.159667 0.176441 0.154319 0.216386 0.256980 0.221136 0.167032 0.176471 0.244499 0.238395 0.189054 0.181969 0.178107 0.139157 0.089164 0.130727 0.227041 0.184337 0.104866 0.091670 0.172808 0.258016 0.192683 0.095635 0.095183 0.098472 0.191162 0.162210 0.078727 0.044668 0.077782 0.148022 0.185861 0.100757 0.059923 0.061935 0.157169 0.179566 0.161548 0.183953 0.197161 0.175000 0.204137 0.171016 0.138865 0.114369 0.055034 0.102425 0.121831 0.066830 0.085431 0.128570 0.101192 0.059907 0.062415 0.086629 0.071754 0.052344 0.041328 0.065999 0.097565 0.059923 0.032823 0.052825 0.089746 0.127212 0.122833 0.101805 0.104213 0.071662 0.036976 0.063697 0.080928 0.043779 0.012182 0.045516 0.042879 0.065602 0.040611 0.017792 0.018949
3.479564 0.004101 52.2160 52.2160 0.000000 0.073919 0.166101 0.167053 0.130706 0.101485 0.095386 0.090782 0.043579 0.102266 0.239325 0.256948 0.156578 0.118121 0.125542 0.111393 0.143334 0.114726 0.043744 0.107588 0.214936 0.104144 0.128122 0.127138 0.093617 0.066229 0.150059 0.249713 0.202095 0.102055 0.051027 0.079088 0.061226 0.060535 0.110022 0.159981 0.171450 0.161220 0.173500 0.195325 0.190768 0.147609 0.060026 0.096846 0.093273 0.105673 0.144524 0.114135 0.058521 0.031119 0.063834 0.034957 0.089448 0.092880 0.068138 0.049706 0.073836 0.057284 0.028640 0.124278 0.212709 0.119714 0.055156 0.156540 0.181665 0.111569 0.049830 0.137949 0.163510 0.153055 0.087792 0.143073 0.147355 0.124795 0.118738 0.070850 0.074606 0.086210 0.074783 0.072745 0.065140 0.046896 0.045834 0.064993 0.072187 0.069646 0.079438 0.064361 0.031821 0.073011 0.089178 0.051144 0.058144 0.078261 0.056916 0.016162 0.046852 0.056365 0.071569 0.045840
3.535139 0.004116 49.7303 49.7303 0.000000 0.072576 0.147363 0.074736 0.185176 0.178759 0.162866 0.111255 0.062468 0.151480 0.436643 0.290064 0.106796 0.133421 0.035466 0.096820 0.174634 0.112563 0.176528 0.194358 0.142888 0.132775 0.076569 0.128669 0.090292 0.111076 0.140108 0.051752 0.080990 0.119449 0.162453 0.185159 0.214904 0.164102 0.055285 0.107576 0.126795 0.191647 0.122735 0.147360 0.163067 0.108709 0.077696 0.092125 0.059727 0.018485 0.038606 0.024337 0.031644 0.070974 0.134927 0.122062 0.053435 0.038316 0.056749 0.082933 0.149655 0.202869 0.122822 0.058556 0.082059 0.087989 0.061683 0.156680 0.141419 0.087777 0.134581 0.178287 0.109715 0.032397 0.059810 0.115539 0.102301 0.058596 0.021543 0.041952 0.043348 0.022840 0.025223 0.067723 0.091184 0.053856 0.030917 0.033748 0.030090 0.038239 0.063584 0.039632 0.028043 0.044552 0.037729 0.041119 0.056093 0.066893 0.051450 0.023014 0.024574 0.036138 0.043010 0.033644
3.579965 0.010109 49.8706 49.8706 0.000000 0.185377 0.217268 0.196624 0.080027 0.082122 0.102453 0.081208 0.090507 0.291222 0.535002 0.456699 0.260800 0.255121 0.218405 0.251970 0.252691 0.057650 0.177292 0.186433 0.121366 0.172102 0.028820 0.169914 0.152800 0.094009 0.075027 0.195779 0.243010 0.236205 0.118164 0.172201 0.195719 0.129570 0.126229 0.128601 0.131460 0.090489 0.140489 0.216944 0.198876 0.064433 0.036298 0.055710 0.059374 0.022988 0.043083 0.081806 0.077868 0.081762 0.104376 0.114195 0.084801 0.054990 0.056552 0.046716 0.161678 0.159505 0.051995 0.037065 0.094608 0.116715 0.118745 0.109507 0.089988 0.092506 0.104620 0.104292 0.076558 0.046485 0.043685 0.114466 0.159024 0.116758 0.060148 0.056054 0.063219 0.041117 0.056733 0.068592 0.128151 0.112218 0.037148 0.029348 0.032081 0.019606 0.050100 0.057313 0.034711 0.060588 0.071476 0.071069 0.064841 0.059355 0.059877 0.019929 0.022471 0.044280 0.046011 0.042200
3.630062 0.853368 233.4136 233.4136 0.000000 9.236687 4.022351 3.788531 2.998571 2.297300 1.706410 0.983428 0.504442 0.421265 0.327054 0.321326 0.251420 0.583710 0.590186 0.917801 1.212538 1.181177 1.327815 0.901224 0.979579 0.478559 0.126468 0.215123 0.460668 0.586503 0.994991 1.031303 1.064442 0.973765 0.761209 0.815088 1.107487 1.356851 1.268380 0.868221 1.137293 2.550497 4.536615 6.661178 8.937829 11.004386 13.432086 16.674595 20.418739 23.976651 26.050401 26.305114 24.505382 20.733540 15.948510 11.114421 6.671236 3.418421 2.367886 2.646897 2.984583 2.900157 2.675641 2.237624 1.915077 1.407970 0.796676 0.262274 0.619352 1.233871 1.649129 1.788595 1.611571 1.217494 0.782328 0.380931 0.381583 0.628955 0.727396 0.873189 1.176338 1.338348 1.643648 1.978533 2.057869 1.879746 1.519167 0.905559 0.511179 0.663548 1.353723 2.171541 3.218422 4.232723 5.186286 5.918935 6.325941 6.505630 6.332764 5.809621 5.220335 4.318795 3.363110 2.365504
3.679558 1.179740 237.9539 237.9539 0.000000 14.254553 16.426538 12.317146 9.670619 12.867835 15.597003 14.739921 12.177806 9.666588 7.549682 5.991982 5.163082 5.281659 7.347752 10.040347 10.960934 8.615639 6.121854 7.046556 7.493256 5.589340 4.403295 3.255746 2.239637 2.947522 6.239025 8.766525 8.016932 6.373643 8.049861 11.744736 13.767534 12.584944 9.013374 6.279233 7.271612 8.852026 9.080465 17.445660 33.653202 43.824257 39.387981 36.125829 48.951975 78.285113 135.723474 177.708803 163.884708 106.346388 52.681475 32.285765 25.849588 17.487084 17.013111 21.732949 19.893378 10.624078 4.662118 7.912889 6.251192 5.743132 8.620333 9.206367 8.852152 10.008189 14.226537 17.794051 16.504176 11.758811 7.951828 6.600503 5.565952 2.992042 3.531491 5.388861 4.353348 5.532671 13.283532 21.239451 24.590408 22.056297 15.581608 9.255754 5.872125 5.141299 8.038355 15.832989 23.406251 24.235954 18.439250 17.437367 25.292770 31.850990 31.507128 26.182131 19.446441 13.999068 11.713866 11.385858
3.738952 1.205895 226.6721 226.6721 0.000000 11.150154 16.786320 11.779832 7.741312 19.492214 25.466327 26.299601 20.937036 12.887424 10.230161 8.476624 7.806578 12.195327 16.922340 19.955883 15.298021 5.119324 10.962206 15.763486 14.081473 9.553840 4.070370 3.765930 9.030727 15.718973 19.056970 12.645182 7.728974 20.282018 27.007027 22.113673 13.148686 9.993122 12.020556 9.802790 3.801679 12.386928 31.281459 55.816050 32.581750 14.549943 38.759113 68.853591 205.352000 310.057043 222.257764 72.236780 21.242950 25.526966 41.790170 39.820732 37.185168 35.411353 24.716221 13.634678 14.880668 12.002685 8.451986 20.015081 22.631882 13.936634 8.333997 23.237209 34.899762 28.482303 10.558743 8.764851 17.233950 18.329615 16.591331 16.868264 14.158232 11.326058 20.003987 32.917231 40.377705 38.787577 29.840156 18.629648 8.451578 6.215272 20.848009 38.063568 40.664705 26.876958 11.763218 15.033108 37.275665 35.701472 28.523595 21.865954 12.005579 8.727032 10.127139 14.378551 16.085142 20.633052 20.920577 13.341751
3.789540 1.206479 232.1129 232.1129 0.000000 2.861962 7.622756 9.909334 10.201566 10.516331 10.639868 14.022290 13.274462 6.072494 4.106159 5.249186 1.325414 7.772366 7.682889 9.654709 13.688298 10.519757 8.556032 9.778695 9.510273 8.721951 6.450914 4.033939 5.668162 8.289219 12.341390 14.405391 12.318222 12.631254 16.856178 16.114197 9.344397 3.458433 4.699779 7.234327 7.246619 8.610294 19.578385 9.070349 43.435697 33.286480 16.029861 41.818534 82.085462 161.959480 205.806462 152.765205 57.476011 11.892839 13.660704 25.808574 27.141174 16.634996 17.437877 19.379521 15.778069 12.105637 11.565034 12.824266 15.575246 18.047640 15.078563 8.869327 11.529816 22.360873 24.478020 16.063458 9.293850 11.129379 15.468638 16.729827 15.990153 14.274342 13.587121 14.305864 14.725614 17.320656 19.702203 17.790565 15.225231 10.900099 7.148739 8.866471 20.522669 30.337707 24.908756 8.582906 8.911383 15.376578 19.436927 12.745469 3.041649 10.167496 6.550036 4.265751 5.599755 6.806659 5.689599 10.054037
3.850067 0.865171 238.3469 238.3469 0.000000 3.401768 2.764553 1.861822 1.556489 2.037241 1.965979 2.328142 2.649698 2.253738 1.746729 1.983544 2.436468 2.902953 2.607594 2.442357 3.331989 3.517300 1.940568 1.317371 1.658469 0.713593 1.190251 2.540450 2.523058 1.471139 0.791131 1.677848 2.864778 2.746792 1.655447 2.577010 4.140289 3.281459 0.975497 3.199361 3.598574 2.330894 9.759365 18.181712 23.672345 27.008778 27.866420 25.913316 24.770199 31.614644 41.962052 47.205666 46.371250 39.679926 28.256631 15.942597 8.027472 5.374456 5.084859 4.410904 3.146260 2.464797 2.384712 1.863903 1.101315 2.112077 2.831868 3.143636 3.797383 3.877669 1.852884 2.372312 5.078646 5.259651 3.346950 2.286819 3.488382 3.509165 2.930946 2.967535 2.297016 1.608388 2.808774 2.405423 1.107431 1.015148 0.873453 0.390879 0.755228 0.840458 2.029383 4.290510 6.337372 7.524306 7.275636 5.883585 4.260265 3.275404 3.430428 4.027682 4.090566 3.506282 2.956859 2.965690
3.894406 0.260474 204.1166 204.1166 0.000000 1.353861 0.092707 0.334864 0.148940 0.448840 0.121287 0.410398 0.076423 0.197672 0.290991 0.287893 0.124433 0.416497 0.314011 0.505380 0.300341 0.513908 0.377188 0.503222 0.255989 0.319692 0.244867 0.349185 0.311963 0.212999 0.051663 0.111854 0.112926 0.322582 0.328563 0.164050 0.541778 0.459626 0.559755 0.825607 0.950685 2.038331 3.666601 6.530920 9.716530 10.637629 7.946289 4.466368 3.482929 3.099263 1.883244 1.494741 0.862064 0.269224 0.173024 0.495151 0.760465 0.622550 0.426554 0.432695 0.273395 0.205207 0.184134 0.200312 0.088392 0.189728 0.195247 0.201022 0.137806 0.150802 0.275912 0.321568 0.386667 0.477734 0.427338 0.337390 0.294457 0.219649 0.283021 0.212276 0.125488 0.165652 0.212683 0.298783 0.284757 0.231048 0.213676 0.242295 0.183249 0.171111 0.169417 0.121563 0.070518 0.071506 0.128894 0.218086 0.213824 0.249527 0.363306 0.317613 0.217766 0.189333 0.166301 0.116932
3.941995 0.040957 219.9498 219.9498 0.000000 0.132248 0.359117 0.370730 0.183394 0.142245 0.238334 0.303290 0.276103 0.207763 0.206142 0.155256 0.138674 0.166707 0.113606 0.158090 0.225255 0.171178 0.090949 0.068207 0.189308 0.145986 0.086855 0.239538 0.224754 0.168343 0.183689 0.165842 0.125084 0.161948 0.293455 0.277055 0.163432 0.212889 0.237969 0.182007 0.221987 0.283095 0.351258 0.287151 0.423966 0.546102 0.806750 0.753980 0.844533 0.328041 0.505089 0.259089 0.144504 0.096370 0.185994 0.189202 0.093194 0.057636 0.049483 0.037790 0.066796 0.082206 0.062446 0.063969 0.045976 0.054701 0.142863 0.200768 0.112693 0.030044 0.072992 0.077566 0.057685 0.087029 0.050146 0.052209 0.023294 0.036543 0.098264 0.166459 0.159157 0.101370 0.044975 0.059400 0.119956 0.106063 0.069088 0.072698 0.094133 0.110328 0.056728 0.092658 0.073768 0.049344 0.044113 0.054640 0.077169 0.056860 0.063587 0.082524 0.057370 0.065933 0.038463 0.050516
3.989880 0.004617 10.1135 10.1135 0.000000 0.296682 0.370698 0.259225 0.115673 0.171434 0.097636 0.217856 0.163248 0.133420 0.248296 0.335914 0.323169 0.186643 0.106645 0.141761 0.194779 0.152850 0.201865 0.216215 0.138355 0.219011 0.249267 0.098336 0.074644 0.187931 0.202781 0.133160 0.235044 0.308601 0.169940 0.183285 0.275993 0.277259 0.162214 0.177228 0.171682 0.139567 0.145995 0.118072 0.096013 0.122321 0.165784 0.180059 0.177017 0.139818 0.105152 0.102846 0.077741 0.072522 0.071303 0.052140 0.053210 0.073566 0.121329 0.121429 0.096029 0.063574 0.033619 0.063085 0.095630 0.135121 0.164599 0.137550 0.102043 0.042832 0.092940 0.116916 0.094591 0.034719 0.043114 0.114980 0.179131 0.129114 0.047359 0.032783 0.044252 0.087414 0.136829 0.070188 0.083238 0.134013 0.087292 0.104051 0.115447 0.069585 0.055550 0.056873 0.075630 0.090718 0.024400 0.036527 0.083850 0.072478 0.048679 0.071648 0.084448 0.032196 0.032892 0.029233
4.039963 0.004699 55.4111 55.4111 0.000000 0.046758 0.114898 0.125578 0.128417 0.211266 0.215049 0.234708 0.146690 0.122336 0.038927 0.312326 0.277450 0.130572 0.161309 0.214533 0.294167 0.299913 0.322513 0.242651 0.126668 0.182853 0.286431 0.268115 0.252989 0.269355 0.191153 0.147646 0.111537 0.224717 0.231036 0.144627 0.136185 0.105208 0.130961 0.161990 0.213671 0.209411 0.131647 0.041285 0.042045 0.074738 0.101477 0.078346 0.076411 0.078104 0.098889 0.166547 0.160932 0.084437 0.031245 0.012841 0.057645 0.116127 0.156237 0.143792 0.113498 0.115821 0.123851 0.076187 0.044008 0.077710 0.156528 0.190264 0.131754 0.062442 0.051466 0.088058 0.092939 0.071209 0.083371 0.101629 0.101829 0.064028 0.045385 0.079815 0.114038 0.138104 0.085239 0.049005 0.089789 0.087679 0.070382 0.074531 0.050792 0.020707 0.019742 0.030763 0.055099 0.082281 0.051644 0.046488 0.051544 0.024275 0.037396 0.050813 0.041042 0.062586 0.072010 0.079448
4.091644 0.004501 178.7314 178.7314 0.000000 0.129088 0.130138 0.151874 0.234895 0.167710 0.143278 0.199413 0.167611 0.146480 0.224239 0.274521 0.224577 0.153026 0.132598 0.161604 0.176503 0.178097 0.089070 0.187743 0.193019 0.082050 0.062081 0.166787 0.244581 0.104204 0.167172 0.140894 0.081023 0.077850 0.158761 0.239424 0.236495 0.206855 0.211527 0.244818 0.262504 0.160786 0.248873 0.141814 0.036792 0.089859 0.102013 0.120273 0.097484 0.091259 0.082008 0.126319 0.195423 0.249021 0.211970 0.088773 0.010756 0.021527 0.065727 0.089397 0.061110 0.116312 0.131209 0.135386 0.191632 0.132107 0.022442 0.026105 0.019437 0.094663 0.153488 0.086019 0.058141 0.073789 0.052771 0.049787 0.041836 0.037816 0.057216 0.060215 0.084729 0.077850 0.065926 0.074875 0.159710 0.132436 0.067899 0.022870 0.070837 0.045836 0.067206 0.048509 0.040261 0.031415 0.033390 0.053025 0.071992 0.062871 0.063567 0.092630 0.084129 0.056548 0.055089 0.045052
4.139991 0.004742 178.8163 178.8163 0.000000 0.114698 0.066310 0.166689 0.210890 0.104290 0.174508 0.201172 0.139796 0.244542 0.368957 0.297703 0.185451 0.179300 0.179822 0.137901 0.134779 0.134044 0.142925 0.116967 0.064818 0.194390 0.175358 0.245527 0.214472 0.123701 0.072976 0.150966 0.170817 0.169703 0.189119 0.120993 0.100616 0.201688 0.218505 0.275827 0.443574 0.375858 0.203334 0.147142 0.038397 0.052669 0.084047 0.083157 0.058744 0.068149 0.184254 0.237752 0.148449 0.137820 0.153351 0.122905 0.104899 0.113322 0.127426 0.119576 0.081803 0.076166 0.192093 0.159442 0.078413 0.093260 0.087351 0.049440 0.042006 0.031233 0.087411 0.102095 0.089074 0.056944 0.050824 0.077383 0.091141 0.082096 0.080228 0.076849 0.047292 0.047201 0.054201 0.053472 0.114679 0.075984 0.053487 0.084027 0.070441 0.051037 0.076756 0.084618 0.048291 0.055060 0.062929 0.041906 0.039035 0.045557 0.057790 0.098814 0.097994 0.058191 0.036268 0.016335
4.179611 0.004776 179.4377 179.4377 0.000000 0.124856 0.021542 0.182385 0.320336 0.303552 0.285858 0.153675 0.213017 0.321404 0.255254 0.147587 0.219626 0.309583 0.337088 0.280475 0.124463 0.085725 0.099463 0.103306 0.187927 0.297581 0.291433 0.177004 0.079282 0.036467 0.089549 0.251370 0.348588 0.300949 0.166934 0.059510 0.136771 0.159747 0.208475 0.369688 0.345333 0.128007 0.175309 0.089536 0.066089 0.122825 0.197620 0.158523 0.170197 0.246909 0.196296 0.102670 0.073896 0.035652 0.104730 0.190088 0.147842 0.079313 0.125518 0.148398 0.141922 0.146017 0.108931 0.069089 0.109439 0.155676 0.128429 0.083845 0.081586 0.085153 0.064137 0.072398 0.098178 0.117571 0.106882 0.051673 0.030838 0.065407 0.049679 0.051682 0.091700 0.080183 0.124730 0.058354 0.019317 0.070182 0.072800 0.052185 0.109257 0.085099 0.044713 0.078117 0.099519 0.077124 0.035168 0.045193 0.067771 0.046602 0.044668 0.052306 0.059409 0.036516 0.066423 0.096171
4.229605 0.004839 25.7119 25.7119 0.000000 0.228990 0.227351 0.173562 0.261341 0.400120 0.282322 0.114323 0.109261 0.121417 0.173177 0.174301 0.097942 0.145826 0.235656 0.207485 0.137629 0.137873 0.139173 0.106428 0.152102 0.242377 0.185695 0.052670 0.036113 0.051851 0.132003 0.264197 0.247129 0.154217 0.199398 0.147917 0.083832 0.096204 0.140965 0.121626 0.195045 0.214101 0.229167 0.178151 0.144756 0.277213 0.353508 0.196793 0.131868 0.115198 0.098777 0.044035 0.042129 0.022090 0.096134 0.193361 0.128538 0.087960 0.166380 0.188925 0.121804 0.094570 0.111879 0.112028 0.150203 0.178216 0.140271 0.067755 0.066504 0.067267 0.026976 0.088152 0.128701 0.071378 0.090955 0.047045 0.059139 0.105400 0.110406 0.091239 0.073644 0.115200 0.152954 0.119145 0.070324 0.030608 0.079610 0.089780 0.066185 0.056255 0.028867 0.047218 0.070499 0.071415 0.043096 0.041996 0.058001 0.029873 0.032221 0.083273 0.110519 0.094923 0.068266 0.049577
4.285187 0.004713 99.3012 99.3012 0.000000 0.236183 0.239644 0.084627 0.142916 0.263325 0.129642 0.103970 0.067582 0.112516 0.228470 0.261882 0.158721 0.100156 0.178689 0.141723 0.099931 0.144278 0.203685 0.272729 0.390192 0.343485 0.174740 0.091495 0.041291 0.135653 0.202663 0.087150 0.062322 0.149074 0.127108 0.075394 0.115574 0.128011 0.209106 0.252813 0.205399 0.266035 0.254301 0.190407 0.221545 0.331902 0.239352 0.085413 0.063247 0.087039 0.078449 0.066673 0.147013 0.226041 0.159979 0.092447 0.133390 0.137984 0.157898 0.132633 0.053701 0.052464 0.070760 0.081025 0.067793 0.065964 0.078805 0.113224 0.111834 0.108868 0.098541 0.083188 0.081815 0.065305 0.068034 0.129874 0.123905 0.044602 0.030623 0.070213 0.095173 0.091560 0.098056 0.117468 0.074083 0.031254 0.031759 0.057928 0.060994 0.037771 0.049980 0.069311 0.081423 0.070661 0.044458 0.056843 0.081949 0.067071 0.053718 0.040508 0.041433 0.025434 0.014279 0.024644
4.332938 0.638088 234.0288 234.0288 0.000000 0.573969 0.794690 0.944653 0.886002 0.612155 0.733508 0.535595 0.368979 0.501826 0.313246 0.230919 0.353322 0.406568 0.479711 0.239568 0.364174 0.307220 0.172773 0.229415 0.268329 0.423854 0.237397 0.176530 0.222213 0.358149 0.148617 0.266233 0.207627 0.197773 0.403898 0.327098 0.180474 0.325188 0.644796 0.497290 0.935288 1.175217 1.344050 1.857986 2.573401 3.452895 4.013124 5.119987 5.756909 6.197396 6.785364 6.847183 6.646997 6.427447 5.647604 5.130148 4.359870 3.575855 3.054381 2.383781 1.944764 1.595114 1.287615 1.179953 0.966975 0.812243 0.779403 0.700534 0.594609 0.606361 0.457742 0.326552 0.421377 0.388307 0.317845 0.328483 0.389784 0.303817 0.388302 0.400095 0.380961 0.368377 0.414690 0.416885 0.350663 0.397188 0.334044 0.280295 0.242883 0.177972 0.277780 0.458149 0.683497 0.839174 1.072359 1.233458 1.397520 1.520894 1.562275 1.576800 1.530562 1.445978 1.350087 1.267775
4.380492 1.115786 236.3503 236.3503 0.000000 3.678184 4.063370 6.311148 9.045713 11.395800 12.877585 12.618912 11.025876 9.554589 8.476978 7.304399 6.306469 5.768344 5.469698 4.664407 3.568064 3.614923 3.929028 3.677531 2.986461 2.745610 1.905987 1.454170 2.949100 4.870247 5.128435 4.313360 3.892303 4.317775 3.947045 3.173631 3.402536 3.452805 2.590979 3.813597 4.612954 7.590018 13.170380 18.409270 22.978766 29.127029 36.826429 42.516200 51.665303 75.591204 103.963894 114.202280 97.997650 64.557962 31.943825 12.505684 4.891557 6.132746 10.408573 11.125856 9.006293 6.298680 4.724139 4.820985 5.257705 3.740063 2.907748 5.716732 8.525403 8.667922 6.758203 5.204827 6.003950 7.990117 8.350126 5.823991 2.489141 3.271428 4.521129 3.675691 2.225013 2.986389 5.729200 7.492855 7.375113 6.382535 6.056630 7.600019 11.585730 17.530846 23.622395 27.131164 26.550642 23.180296 19.143826 14.971457 11.694202 11.662229 13.329398 12.891007 9.752659 5.580747 3.029251 3.879861
4.429909 1.200786 229.7515 229.7515 0.000000 2.870382 4.119854 8.331196 12.311294 17.142334 24.238012 29.566062 27.335134 19.335328 14.306068 11.982660 6.271608 6.703439 12.962033 14.285100 11.796828 8.469057 7.679524 8.951917 10.143030 11.296009 11.475083 12.937459 16.812133 17.455259 11.658210 6.459535 10.255900 15.331022 16.633795 15.794724 11.450236 5.978445 8.547582 5.896642 8.206652 21.663321 20.154550 22.068460 34.113101 37.871052 59.706101 36.664087 117.591121 276.166236 283.716690 166.166689 72.565212 26.358175 6.287774 10.423654 18.431098 23.220891 13.496800 5.933299 6.878405 3.105636 8.692988 17.784269 20.848481 25.090619 28.950653 24.520000 14.885737 12.202658 17.868233 25.446876 28.638616 24.262317 19.018963 17.213788 13.184622 5.634052 4.362996 11.854964 21.096200 24.231226 16.555935 6.016801 11.033609 13.887872 19.816992 34.334467 48.789122 52.242441 36.656243 24.368907 30.293871 18.341345 14.005576 25.021775 20.057787 19.777924 13.279700 5.789866 4.539979 7.311999 19.491495 26.016795
4.490988 1.202892 233.7770 233.7770 0.000000 5.067110 4.660857 1.821537 4.754654 5.308156 11.179342 18.482902 22.164542 15.305330 7.385752 7.125475 5.053750 4.427402 8.649378 12.214024 12.008061 9.015516 1.476512 5.772126 6.637903 7.282907 12.476126 14.651344 13.268647 14.538924 17.337500 13.820034 7.199581 9.632790 14.294208 16.725935 16.094399 15.010833 12.623258 8.937017 4.642474 8.977660 17.424829 13.151109 18.197327 33.887556 15.032616 15.012258 42.930129 93.323357 191.694842 267.431804 206.206487 84.803329 30.046426 25.363640 16.020033 18.540906 21.609228 19.073390 11.115602 4.207405 2.416494 4.841107 10.619240 18.502503 23.003752 25.687256 27.973514 25.856846 14.680920 4.269523 10.428083 17.644784 23.501795 24.483053 21.273775 20.160781 17.779975 11.406143 6.036420 8.343628 16.108902 21.784674 23.212449 16.811443 6.875975 10.197227 6.184146 7.322139 15.982871 25.670534 32.396106 27.608746 17.553676 20.911243 29.606349 28.029142 24.181628 10.661491 9.806230 14.757550 10.723955 8.159399
4.549995 1.031353 226.2482 226.2482 0.000000 4.972029 2.742608 1.196649 1.882338 2.565041 1.957521 3.125060 5.939344 6.322305 5.021179 3.093172 2.168257 3.762705 2.724556 2.678875 2.182314 3.782756 3.350053 1.375307 0.788397 3.760257 5.498195 1.631753 1.622257 4.821315 8.853293 6.726460 3.394307 3.355871 3.877267 2.888572 4.797166 6.994846 2.393430 5.912922 13.690337 16.202526 11.917925 24.722350 29.648287 24.009439 26.270428 53.613093 83.895689 95.593404 81.020025 48.659853 21.266009 10.947127 9.363301 8.842136 8.577136 5.121928 4.633653 3.621289 1.238204 2.688900 6.322694 6.647951 5.589389 5.402727 5.730399 7.195375 5.784008 4.234517 2.933145 3.448939 5.315897 4.357366 2.538909 6.107584 5.431339 2.471212 4.249718 6.178114 5.903854 5.385345 7.156504 6.938441 5.418009 5.003586 3.723134 0.881751 3.128651 4.246866 4.953585 8.961629 12.016718 12.633986 13.430732 12.796360 9.845166 7.335336 5.226663 1.691674 3.095637 6.103084 8.247968 7.677674
4.589545 0.463992 197.5423 197.5423 0.000000 2.528958 0.906758 0.598555 0.641254 0.905528 0.610201 0.620383 0.854271 0.952413 0.826270 1.663130 1.830233 1.493058 1.026583 0.528419 0.600626 0.997180 1.088098 0.967574 0.697234 0.531529 0.811764 1.573705 1.489971 1.002178 1.261839 1.919850 1.926905 1.432829 0.908045 0.352278 0.141932 0.488786 1.419951 2.685114 4.010387 6.074787 9.096323 11.619064 11.925502 9.890260 9.131605 11.173542 11.968818 11.031700 9.551390 6.550355 5.088925 5.104902 3.731544 1.894958 2.452002 2.881834 1.829401 1.148604 1.367772 1.324541 0.902503 0.627927 0.258729 0.649673 1.153530 1.099072 0.517297 0.499365 0.778684 0.648204 0.279906 0.192551 0.227802 0.585542 0.641711 0.478218 0.562639 0.958404 1.212867 1.152667 0.663903 0.375280 0.617063 0.632235 0.879603 0.917387 0.640083 0.224836 0.273972 0.894457 1.007311 0.648519 0.348667 0.327881 0.794254 0.972780 0.652670 0.301767 0.654529 1.082085 1.008528 0.796331
4.645918 0.074008 208.2525 208.2525 0.000000 0.355471 0.296133 0.074149 0.058962 0.185287 0.244059 0.133233 0.066188 0.287850 0.457325 0.243138 0.089464 0.143026 0.208173 0.265636 0.298770 0.383028 0.428090 0.312750 0.354204 0.234767 0.189582 0.140680 0.419795 0.372197 0.132823 0.347839 0.180743 0.228447 0.139258 0.079799 0.166681 0.181478 0.158283 0.165221 0.350869 0.658218 1.146212 1.692200 1.977417 2.047615 1.978757 1.571315 0.986236 0.819722 0.761158 0.395144 0.525319 0.725976 0.515168 0.214034 0.428334 0.274373 0.267173 0.272717 0.182095 0.256401 0.158914 0.130339 0.143110 0.131150 0.141591 0.163428 0.096828 0.078855 0.185494 0.172918 0.098959 0.113198 0.104894 0.130557 0.027100 0.155351 0.175202 0.049008 0.107368 0.030883 0.119281 0.039468 0.081585 0.133350 0.082609 0.100480 0.082228 0.085492 0.119619 0.074478 0.061432 0.081558 0.080324 0.091050 0.106881 0.108833 0.046139 0.075013 0.060344 0.106425 0.073552 0.048840
4.692946 0.009230 49.8557 49.8557 0.000000 0.142148 0.159057 0.106684 0.129289 0.179399 0.025391 0.187809 0.148276 0.481355 0.556611 0.260308 0.205185 0.287624 0.167021 0.215297 0.256140 0.483378 0.460960 0.137009 0.224721 0.120195 0.224279 0.031055 0.201481 0.103442 0.121599 0.189632 0.105605 0.052576 0.053637 0.073466 0.162692 0.111703 0.031032 0.049999 0.101035 0.092232 0.058025 0.027416 0.134398 0.133896 0.040329 0.230916 0.313643 0.169394 0.199710 0.290804 0.144744 0.224157 0.224300 0.073084 0.113096 0.049588 0.154914 0.144540 0.066964 0.073634 0.087108 0.080034 0.092062 0.073068 0.051981 0.040540 0.057891 0.087831 0.067427 0.038356 0.137642 0.137551 0.065402 0.129247 0.074163 0.079875 0.112741 0.073741 0.037957 0.032511 0.067452 0.117248 0.114904 0.107344 0.079505 0.030612 0.071864 0.054959 0.029482 0.048220 0.067948 0.051241 0.028697 0.046555 0.032144 0.023045 0.025265 0.056586 0.047771 0.019926 0.027337 0.038360
4.741566 0.005067 87.1702 87.1702 0.000000 0.114141 0.029478 0.024504 0.130522 0.170200 0.170100 0.219853 0.220733 0.343761 0.486644 0.330556 0.143460 0.179341 0.270243 0.334860 0.340267 0.446170 0.487551 0.327966 0.227175 0.219922 0.213396 0.222245 0.164909 0.073982 0.080900 0.163395 0.172162 0.082282 0.031658 0.065145 0.079352 0.081183 0.054575 0.058969 0.050237 0.058997 0.019337 0.050387 0.020208 0.070201 0.092463 0.088420 0.178432 0.228506 0.131247 0.065212 0.143062 0.146842 0.130453 0.175125 0.140254 0.087423 0.076497 0.145308 0.180980 0.130695 0.075740 0.080088 0.147521 0.207571 0.181583 0.087458 0.048373 0.073382 0.063574 0.097191 0.148048 0.153485 0.186785 0.156417 0.091729 0.132787 0.179328 0.150286 0.085002 0.009976 0.053745 0.059455 0.075615 0.101692 0.150602 0.076973 0.082691 0.075373 0.042776 0.025527 0.022363 0.053349 0.052010 0.061373 0.074210 0.059847 0.035991 0.032258 0.020630 0.032785 0.052913 0.044445
4.789598 0.004588 86.5174 86.5174 0.000000 0.143660 0.098199 0.084347 0.144906 0.080844 0.076617 0.147227 0.124297 0.187652 0.254890 0.199852 0.056024 0.089810 0.150942 0.185399 0.371257 0.548968 0.316118 0.202204 0.150928 0.086720 0.073319 0.191241 0.192560 0.114224 0.134163 0.160201 0.097491 0.068543 0.104565 0.081537 0.038270 0.032069 0.040714 0.058006 0.073822 0.102672 0.096042 0.046904 0.043895 0.078439 0.068724 0.057843 0.069012 0.116780 0.084483 0.044069 0.121207 0.167015 0.168332 0.110196 0.085229 0.101557 0.098083 0.141980 0.146780 0.099645 0.046643 0.081029 0.231431 0.322446 0.246759 0.150320 0.113995 0.049236 0.153863 0.215250 0.115713 0.110960 0.114515 0.084597 0.085651 0.191598 0.197044 0.075978 0.082662 0.109928 0.091288 0.066739 0.069052 0.100675 0.092199 0.069023 0.049074 0.047042 0.054673 0.048891 0.058306 0.065422 0.067998 0.082798 0.068193 0.042550 0.055012 0.068749 0.053343 0.038353 0.058116 0.061575
4.840429 0.004415 89.3041 89.3041 0.000000 0.179208 0.136623 0.053750 0.105735 0.108573 0.084276 0.104324 0.172532 0.129323 0.069100 0.127824 0.180600 0.124952 0.072118 0.088082 0.136754 0.305682 0.423107 0.269832 0.143052 0.098869 0.038002 0.146940 0.270843 0.293146 0.271326 0.164316 0.086730 0.111901 0.166347 0.180022 0.145842 0.093066 0.063985 0.067083 0.065898 0.065627 0.140496 0.148796 0.069162 0.054989 0.106245 0.071851 0.056704 0.056831 0.094510 0.134509 0.124889 0.112424 0.099492 0.120189 0.119561 0.110835 0.139671 0.108579 0.034955 0.050022 0.032266 0.041264 0.018314 0.070235 0.139390 0.168700 0.184677 0.100843 0.081872 0.149382 0.206448 0.160352 0.113074 0.101130 0.074457 0.062632 0.084066 0.122711 0.140048 0.111284 0.149210 0.152172 0.113714 0.045175 0.089951 0.024682 0.095751 0.031856 0.083068 0.077865 0.069023 0.039748 0.068023 0.069444 0.066909 0.093939 0.067443 0.022306 0.033999 0.062000 0.095582 0.080513
4.888924 0.004331 89.0982 89.0982 0.000000 0.071149 0.081088 0.107507 0.077663 0.018958 0.077077 0.173493 0.179587 0.091384 0.040356 0.086947 0.183520 0.202717 0.150580 0.189782 0.190386 0.114722 0.313772 0.173302 0.094157 0.143541 0.129805 0.229928 0.145898 0.114786 0.219916 0.221476 0.101582 0.077290 0.125426 0.134274 0.090975 0.096560 0.092853 0.056667 0.090032 0.117588 0.125353 0.080271 0.085086 0.068452 0.062000 0.095122 0.117509 0.120784 0.152204 0.223581 0.155849 0.144212 0.150735 0.101408 0.052014 0.063662 0.138218 0.161547 0.112269 0.078111 0.060862 0.068622 0.107608 0.087449 0.009711 0.028465 0.049987 0.048572 0.035557 0.119866 0.166781 0.070992 0.063622 0.061439 0.107088 0.112547 0.098399 0.128244 0.131421 0.112345 0.089316 0.068127 0.099682 0.105684 0.101197 0.105676 0.121663 0.098479 0.111923 0.133348 0.043132 0.032543 0.103643 0.140236 0.120660 0.118130 0.096228 0.053983 0.050568 0.080917 0.063452 0.037781
4.931429 0.004406 73.4630 73.4630 0.000000 0.136334 0.128650 0.042449 0.029791 0.045383 0.044086 0.121176 0.163036 0.094113 0.055562 0.045567 0.105651 0.239296 0.291621 0.297220 0.231473 0.195369 0.298067 0.206658 0.042695 0.102866 0.161586 0.247413 0.168549 0.117593 0.176030 0.227248 0.152488 0.082544 0.056100 0.114019 0.199853 0.201976 0.115767 0.093314 0.212135 0.237472 0.133907 0.059746 0.059480 0.114619 0.078590 0.116991 0.168333 0.192021 0.216943 0.247346 0.154998 0.169178 0.187877 0.127098 0.051679 0.052888 0.141564 0.187434 0.115871 0.077129 0.125385 0.116424 0.175497 0.203491 0.133198 0.116936 0.060835 0.041217 0.031477 0.098427 0.106343 0.074713 0.086585 0.105589 0.110929 0.075406 0.093302 0.130907 0.131643 0.119734 0.070520 0.035522 0.034239 0.051802 0.060936 0.068415 0.150042 0.089490 0.049083 0.133186 0.127159 0.084111 0.096864 0.165235 0.119469 0.106186 0.136582 0.117925 0.059582 0.051774 0.078643 0.050943
4.979899 0.004396 173.4511 173.4511 0.000000 0.228924 0.208998 0.111611 0.072908 0.083433 0.078428 0.077527 0.144424 0.127979 0.082841 0.109941 0.162630 0.106889 0.182837 0.217204 0.149202 0.226231 0.205463 0.096900 0.066409 0.056457 0.126180 0.252560 0.279442 0.157665 0.124015 0.226528 0.256545 0.268294 0.291102 0.218316 0.170418 0.262220 0.330237 0.325889 0.183150 0.115248 0.134176 0.121178 0.159788 0.126015 0.050682 0.124346 0.053091 0.094113 0.153556 0.258644 0.122225 0.093849 0.134266 0.088201 0.121072 0.116595 0.168601 0.178499 0.144896 0.048061 0.108415 0.223534 0.227833 0.176178 0.128759 0.074212 0.055319 0.106960 0.118534 0.078529 0.057662 0.106686 0.117159 0.084202 0.072758 0.044680 0.046141 0.079429 0.060795 0.045476 0.068538 0.065052 0.044436 0.083628 0.139088 0.080544 0.049763 0.118742 0.114381 0.079387 0.098837 0.140042 0.137588 0.102947 0.078448 0.097275 0.061119 0.055574 0.060447 0.047824 0.051105 0.056829
5.029995 0.072168 4.9896 4.9896 0.000000 0.596216 0.124657 0.110707 0.161414 0.125017 0.038304 0.075549 0.167555 0.174402 0.133016 0.149778 0.070459 0.200919 0.222279 0.104496 0.121542 0.202055 0.179443 0.146137 0.166553 0.048833 0.119917 0.177930 0.236088 0.094174 0.173669 0.285188 0.343853 0.316915 0.180792 0.059415 0.227548 0.282425 0.291726 0.212836 0.117079 0.051785 0.181683 0.137769 0.031601 0.179475 0.168661 0.154235 0.084820 0.137669 0.198259 0.144664 0.101867 0.087242 0.100574 0.087384 0.052082 0.082660 0.156965 0.112793 0.036088 0.103839 0.120592 0.086994 0.057496 0.056276 0.082975 0.032537 0.101517 0.129664 0.059285 0.044436 0.075213 0.074965 0.020172 0.054045 0.038422 0.085305 0.119988 0.069832 0.046247 0.086418 0.070385 0.108618 0.171597 0.110107 0.074959 0.057470 0.043348 0.059497 0.067326 0.039728 0.064642 0.040077 0.034756 0.082068 0.058258 0.012640 0.030973 0.040716 0.016401 0.028194 0.035116 0.017954
5.079977 0.899483 232.8687 232.8687 0.000000 4.880520 2.277536 1.580714 0.808693 0.632825 2.021283 3.101417 3.747803 4.001836 3.613883 3.153933 2.302412 1.686394 1.295985 1.202406 1.517679 1.621660 1.807621 1.319847 1.259675 1.529048 1.736692 1.817282 1.677430 1.666943 1.506094 1.273166 1.140002 1.208895 1.323471 1.257552 1.382002 2.133090 2.963465 4.017079 5.249795 6.014714 6.622392 8.023511 10.073316 13.000593 17.069138 22.287089 28.390626 33.706575 36.564117 35.764570 31.222759 24.010137 16.028825 9.131649 4.949818 3.882485 3.482755 2.624071 1.529760 1.146815 1.503101 1.766151 1.681872 1.435500 1.450582 1.490965 1.529472 1.506220 1.416330 1.336297 1.472108 1.561577 1.563434 1.427364 1.048454 0.894804 1.038119 1.349169 1.418197 1.685398 1.746182 1.784313 1.845809 2.343198 3.209135 4.101781 4.607325 4.777811 4.920571 5.391504 6.380704 7.478586 8.165365 8.391929 8.153428 7.383404 6.325002 5.263709 4.328547 3.716421 3.417617 3.268935
5.131322 1.160984 227.1006 227.1006 0.000000 5.438070 5.850446 3.418855 4.652137 8.973387 15.839665 22.593995 24.969982 21.975162 16.664086 10.729853 4.297932 1.346271 3.047385 2.613412 5.834929 8.521427 5.778222 1.848353 4.748848 5.971696 5.303737 5.335433 5.585087 3.788487 2.223463 4.454409 4.654116 0.891906 5.628124 8.009042 6.884965 7.912347 13.810752 16.971124 17.441704 10.819734 14.754440 34.498598 40.289746 45.324019 63.835514 91.423810 154.144763 196.873217 165.204099 86.008296 19.716084 10.749508 9.316411 6.727040 15.623166 14.892191 10.657280 9.543041 6.787880 4.200404 2.702727 1.550108 4.230619 4.131436 4.286423 4.140715 2.581949 4.521911 6.484224 5.835362 4.112159 1.683220 1.186559 1.408559 5.022684 10.844399 12.373080 7.968144 7.547526 9.839766 3.907378 10.152689 20.873424 27.383216 34.777239 41.932186 43.668153 37.588093 26.727369 21.425907 27.324863 30.875415 22.680576 9.720620 4.505198 10.480629 13.134066 8.740440 4.436163 8.906099 11.579245 11.988485
5.189768 1.177061 226.6780 226.6780 0.000000 3.748544 5.766506 5.129409 8.027586 16.235533 22.989184 30.022433 32.286944 21.121670 16.531899 13.751418 7.036688 5.080762 6.595449 7.330098 11.451493 14.984581 11.729823 6.683789 5.700994 6.086616 3.655832 4.197324 5.645936 4.752684 6.178230 10.669875 12.344173 10.454751 11.664704 10.616375 7.072770 8.262979 16.801132 9.836703 16.014010 17.553762 22.332376 43.970089 25.345405 22.826091 50.792648 71.267094 194.270569 303.202155 228.219634 92.866941 23.964803 16.451061 14.890039 16.341451 31.141272 35.971522 28.559608 17.079990 5.090888 3.636761 4.101040 3.720783 6.135602 4.777266 5.487120 9.524566 9.189151 7.708294 6.480158 5.504872 2.394295 2.978678 4.109886 6.859892 12.858959 21.075227 24.364181 23.083073 23.734534 24.181740 18.945617 25.160333 27.075421 25.119522 42.929360 57.512530 53.520437 38.042804 16.114736 8.824179 26.505911 37.865979 23.230520 6.586444 5.983883 11.705101 15.792725 15.025234 12.605602 12.778078 8.508200 9.104616
5.249585 1.176091 234.2951 234.2951 0.000000 1.236801 3.557614 4.830850 6.741903 9.166315 9.111392 8.620035 13.101797 11.817920 5.839562 5.781683 5.100878 3.273469 3.756100 6.227838 8.019737 7.358271 9.414811 8.858335 4.007152 1.326440 2.531229 3.423498 3.013953 2.619900 1.654484 3.626077 7.365545 9.660239 10.639260 9.432547 5.619302 4.179448 5.951385 9.439858 11.760929 9.649785 17.345840 21.660662 11.643798 33.431679 30.975759 11.148209 37.671781 65.472188 124.453096 178.725214 161.534606 90.097154 30.234106 13.871538 11.524541 10.373616 16.096687 24.038325 27.203484 20.787032 11.897584 5.606284 3.141650 3.412549 2.309264 3.932857 5.559802 5.497128 7.439285 9.663251 7.115772 2.480166 1.885424 1.924763 1.109216 3.488515 7.424609 10.445153 11.790744 11.930595 13.834632 16.272760 16.687380 17.586861 19.837908 20.228534 15.713534 6.347525 13.361374 23.697871 21.612113 14.219089 12.354616 6.732951 4.313520 14.429084 19.148188 12.723547 4.705923 4.456722 4.313085 5.235049
5.299976 0.771775 239.5459 239.5459 0.000000 2.816702 1.774648 0.556199 1.045081 1.257634 0.771150 2.113989 3.034695 3.901053 4.084630 2.694516 1.197014 0.316543 0.571752 1.130907 1.970337 2.132655 1.279920 2.489063 2.807978 0.999099 0.836776 1.332855 1.249262 0.847336 0.557047 1.166711 1.770585 1.596959 1.468898 2.060922 1.680726 1.831392 2.781023 2.860719 2.045618 6.032990 7.131136 5.417506 16.296601 19.963291 19.633062 21.550294 23.015901 23.052926 27.887829 34.401460 36.316683 34.473708 28.123701 19.977454 11.641917 5.542446 1.945979 2.149961 2.512666 2.933568 5.307456 5.533915 2.595477 1.626799 1.255762 0.596315 1.463518 1.330693 1.814227 1.923506 0.858733 1.950884 2.907913 2.300156 1.585234 1.368454 1.100818 0.788069 2.256613 3.811403 4.021465 2.811801 1.102706 0.702852 1.302218 1.315376 0.741571 2.426887 3.368288 3.273323 3.299092 2.817080 2.636793 3.028749 2.285305 1.677153 1.769388 2.589543 3.553407 4.239406 4.405291 3.683165
5.339912 0.201801 208.2765 208.2765 0.000000 0.128098 0.223448 0.278777 0.264410 0.438768 0.468208 0.405639 0.219697 0.313202 0.474665 0.250991 0.341033 0.333472 0.158849 0.196733 0.155254 0.527032 0.632743 0.552514 0.813550 0.614994 0.520009 0.302308 0.121235 0.261669 0.308659 0.197799 0.290060 0.458653 0.491468 0.339330 0.187506 0.319894 0.658367 1.067166 1.569018 2.238945 3.154092 4.426752 6.097887 7.303781 6.492158 3.920062 2.832666 3.794236 2.929371 1.385546 1.115196 0.651964 0.328433 0.307366 0.217816 0.300390 0.527753 0.473851 0.433095 0.472684 0.492817 0.741779 0.692923 0.600789 0.603731 0.213256 0.381514 0.418919 0.514083 0.208507 0.379221 0.540819 0.399168 0.378596 0.277982 0.129102 0.103418 0.469611 0.623177 0.543475 0.450312 0.289336 0.299360 0.199101 0.069426 0.051970 0.097087 0.230203 0.320483 0.229963 0.169280 0.179092 0.206515 0.215891 0.248715 0.200867 0.189324 0.203886 0.148280 0.123844 0.115822 0.114224
5.389622 0.031605 211.5675 211.5675 0.000000 0.201936 0.295515 0.195099 0.070113 0.181175 0.088955 0.046739 0.135924 0.185468 0.152086 0.210031 0.163630 0.113729 0.134475 0.117283 0.169993 0.287303 0.329148 0.262985 0.245261 0.339271 0.256875 0.207517 0.208586 0.186295 0.205445 0.090532 0.223955 0.259717 0.037784 0.186484 0.199882 0.155140 0.070538 0.195762 0.161654 0.303001 0.080432 0.321085 0.221418 0.358019 0.612503 0.472582 0.469991 0.435878 0.344772 0.282025 0.306665 0.260977 0.181774 0.230741 0.225096 0.206707 0.180969 0.079235 0.119829 0.072118 0.097452 0.136224 0.063980 0.134213 0.103508 0.157004 0.283554 0.204110 0.185887 0.193105 0.069461 0.110391 0.088589 0.079737 0.058282 0.063513 0.067188 0.107506 0.207677 0.189680 0.085023 0.033577 0.060072 0.062297 0.046219 0.068797 0.086013 0.078102 0.058846 0.050744 0.055558 0.136438 0.114079 0.038250 0.047519 0.098238 0.080341 0.047133 0.081948 0.069719 0.037009 0.073941
5.445306 0.004863 118.9412 118.9412 0.000000 0.200823 0.322129 0.321878 0.283267 0.147332 0.077258 0.145660 0.214778 0.189173 0.146418 0.220908 0.120984 0.090144 0.148067 0.123223 0.194228 0.080353 0.232817 0.246981 0.268603 0.150475 0.080966 0.275981 0.311598 0.162357 0.096463 0.165993 0.121381 0.183163 0.118169 0.091094 0.094474 0.137181 0.140273 0.125194 0.159828 0.156193 0.160508 0.173138 0.143399 0.162065 0.187755 0.165177 0.075173 0.107430 0.205053 0.132937 0.091975 0.149785 0.077581 0.076229 0.167857 0.175892 0.125940 0.135503 0.153786 0.103870 0.082318 0.076184 0.091042 0.191637 0.242135 0.110693 0.082932 0.103138 0.090770 0.078476 0.076222 0.087141 0.094852 0.129134 0.177372 0.144473 0.090959 0.052376 0.052701 0.093583 0.109379 0.129521 0.074966 0.086437 0.105900 0.041769 0.049727 0.095372 0.094129 0.049869 0.056561 0.113148 0.120158 0.075648 0.045644 0.050345 0.039350 0.088513 0.101837 0.020777 0.065228 0.071919
5.493261 0.004637 19.9513 19.9513 0.000000 0.108366 0.187007 0.052161 0.388953 0.357778 0.216222 0.020610 0.198622 0.127393 0.113518 0.182772 0.199894 0.271023 0.195463 0.070485 0.129883 0.244092 0.279476 0.131224 0.214786 0.136108 0.194106 0.261858 0.173485 0.185045 0.163984 0.119560 0.147051 0.194267 0.119075 0.149401 0.129361 0.070322 0.106723 0.061088 0.005435 0.037807 0.062161 0.196159 0.184932 0.056158 0.071474 0.117971 0.141324 0.132185 0.274882 0.284217 0.194013 0.158876 0.063985 0.084134 0.100263 0.123905 0.144921 0.174136 0.176402 0.080704 0.081856 0.075147 0.090153 0.067770 0.150338 0.101793 0.109188 0.127203 0.080086 0.086350 0.083006 0.055049 0.020611 0.053214 0.103589 0.132530 0.029244 0.016693 0.049004 0.079815 0.097367 0.124497 0.155602 0.134209 0.132346 0.091606 0.034491 0.040952 0.048194 0.021944 0.079544 0.093089 0.071574 0.052367 0.084611 0.067715 0.044771 0.048013 0.085823 0.078586 0.053579 0.027307
5.541164 0.004648 20.4414 20.4414 0.000000 0.041461 0.191072 0.322925 0.413104 0.326457 0.284831 0.243926 0.243377 0.156404 0.237163 0.200742 0.161440 0.242950 0.245028 0.083731 0.029937 0.140576 0.162761 0.154002 0.236725 0.302658 0.209817 0.126540 0.101389 0.090718 0.148532 0.141319 0.119757 0.190870 0.177934 0.124731 0.117274 0.083045 0.109407 0.140217 0.093633 0.046930 0.045009 0.116275 0.170475 0.132095 0.022589 0.081028 0.061914 0.147704 0.063106 0.233895 0.230319 0.077499 0.147912 0.178798 0.071479 0.037618 0.042347 0.045354 0.075764 0.095866 0.102962 0.092208 0.123755 0.177937 0.165440 0.107698 0.085444 0.108142 0.116858 0.093774 0.074515 0.047810 0.025164 0.040644 0.067822 0.090176 0.105482 0.098883 0.078776 0.065351 0.079021 0.072606 0.041356 0.069405 0.098598 0.058623 0.109043 0.046543 0.030030 0.021328 0.030060 0.051622 0.072663 0.054963 0.030021 0.069105 0.061321 0.030087 0.026725 0.061477 0.069422 0.033009
5.589586 0.004563 53.0513 53.0513 0.000000 0.171936 0.318952 0.343181 0.217480 0.152006 0.187242 0.177101 0.161205 0.258950 0.368926 0.350070 0.232097 0.118858 0.186616 0.265581 0.142713 0.115322 0.081595 0.114475 0.188340 0.343939 0.336289 0.187386 0.086060 0.063739 0.055146 0.148456 0.272631 0.202164 0.100156 0.183568 0.164551 0.137559 0.081994 0.128523 0.110315 0.102712 0.065754 0.118784 0.083011 0.067089 0.081841 0.073927 0.061446 0.108170 0.171119 0.159082 0.140994 0.146549 0.086526 0.072442 0.226853 0.250207 0.086839 0.048099 0.114737 0.142739 0.071267 0.051307 0.071610 0.092582 0.124010 0.186844 0.229375 0.145910 0.049033 0.082549 0.156845 0.096157 0.043927 0.054279 0.090798 0.113510 0.121532 0.114048 0.079622 0.037433 0.045886 0.066952 0.046017 0.031985 0.058722 0.075721 0.094797 0.153156 0.131185 0.087422 0.028733 0.022750 0.009365 0.006477 0.017969 0.024578 0.034944 0.063651 0.094451 0.092645 0.063999 0.053837
5.638967 0.004671 31.7484 31.7484 0.000000 0.216993 0.280614 0.122155 0.133468 0.254396 0.320380 0.213147 0.133021 0.202384 0.239484 0.174134 0.138808 0.133569 0.149477 0.240936 0.253299 0.123022 0.042059 0.090929 0.263476 0.151070 0.204814 0.204114 0.130151 0.119319 0.182143 0.261249 0.280539 0.260370 0.241602 0.172630 0.119172 0.144622 0.079737 0.076784 0.074167 0.176835 0.261414 0.254609 0.142514 0.046921 0.037141 0.035513 0.074500 0.172669 0.171109 0.113674 0.114460 0.070934 0.051360 0.119767 0.240280 0.252153 0.135757 0.096391 0.193099 0.242362 0.152246 0.062167 0.122637 0.190263 0.173539 0.131401 0.114321 0.100578 0.085903 0.107649 0.137167 0.091006 0.024089 0.023225 0.127484 0.155865 0.061115 0.053925 0.034142 0.034696 0.028188 0.027606 0.017360 0.027619 0.058404 0.107928 0.162297 0.149833 0.080378 0.058756 0.026886 0.015635 0.014060 0.011401 0.023133 0.026953 0.022563 0.065402 0.078818 0.050143 0.026533 0.039086
5.681264 0.004596 31.4345 31.4345 0.000000 0.243629 0.260054 0.131758 0.163318 0.303087 0.347187 0.193847 0.054467 0.104564 0.152281 0.099667 0.072626 0.087742 0.101341 0.123366 0.132906 0.196535 0.190985 0.269031 0.287400 0.117724 0.088154 0.126351 0.016383 0.111060 0.230147 0.158313 0.082079 0.092506 0.188846 0.255407 0.201701 0.110778 0.090027 0.154071 0.219447 0.213132 0.240677 0.280025 0.122675 0.056117 0.083154 0.119410 0.208601 0.184284 0.187573 0.194398 0.144355 0.078381 0.071817 0.147454 0.119993 0.112246 0.076482 0.091768 0.172713 0.194318 0.173576 0.168907 0.227134 0.143114 0.036951 0.032157 0.023394 0.104272 0.170862 0.110573 0.086017 0.111471 0.094025 0.129864 0.129953 0.053604 0.030149 0.052442 0.063626 0.064216 0.068592 0.073786 0.065139 0.040739 0.039759 0.095261 0.131164 0.051787 0.029999 0.009257 0.039713 0.060157 0.048057 0.044620 0.064358 0.057863 0.060941 0.052684 0.039105 0.040179 0.025447 0.028038
5.729656 0.004495 97.6468 97.6468 0.000000 0.216476 0.262871 0.088487 0.128573 0.110742 0.203850 0.209361 0.152690 0.111492 0.184156 0.243764 0.229434 0.155908 0.064297 0.056694 0.126847 0.136676 0.168265 0.285502 0.288950 0.183005 0.129953 0.074883 0.032044 0.097787 0.155143 0.089649 0.022701 0.057023 0.130119 0.209093 0.136758 0.202594 0.181023 0.192427 0.242772 0.224631 0.256177 0.163744 0.099025 0.024402 0.163555 0.198778 0.066796 0.089112 0.142556 0.126893 0.079478 0.097249 0.080377 0.095907 0.158325 0.201725 0.134068 0.078217 0.089132 0.107411 0.162971 0.209348 0.191399 0.148793 0.116073 0.080672 0.075596 0.118765 0.135986 0.156461 0.174398 0.089141 0.076137 0.089419 0.091123 0.074600 0.055031 0.056088 0.029725 0.087866 0.101655 0.075964 0.060321 0.092138 0.144283 0.087708 0.042665 0.050959 0.086783 0.116617 0.088625 0.053050 0.061785 0.090612 0.078241 0.044412 0.041595 0.063532 0.081554 0.082773 0.078300 0.061044
5.779959 0.342210 215.9060 215.9060 0.000000 0.761411 0.080874 0.220242 0.221075 0.314676 0.115961 0.116375 0.279686 0.123599 0.110420 0.318341 0.217920 0.083378 0.217804 0.287632 0.073418 0.051836 0.153149 0.216305 0.212186 0.117857 0.131390 0.092791 0.085428 0.097036 0.187663 0.088099 0.064535 0.097793 0.263266 0.220195 0.159495 0.339246 0.375518 0.171032 0.430190 0.370918 0.326871 0.711686 0.577517 0.596583 0.576962 0.766854 0.708610 0.607968 0.677693 0.583743 0.598988 0.544206 0.388210 0.510917 0.265346 0.301935 0.245255 0.184635 0.185459 0.097769 0.122488 0.220282 0.076373 0.126732 0.059598 0.073227 0.081323 0.035990 0.135692 0.206644 0.149861 0.040332 0.111081 0.116132 0.064718 0.064857 0.043420 0.092468 0.047115 0.041054 0.126233 0.076048 0.148036 0.085650 0.080406 0.074710 0.133149 0.138216 0.127325 0.115988 0.103283 0.119625 0.114576 0.102989 0.088348 0.086380 0.092751 0.083887 0.060120 0.043452 0.026205 0.027540
5.829967 0.993326 232.4182 232.4182 0.000000 2.166133 1.842121 2.478846 3.688529 6.234710 8.542666 9.804340 9.646653 7.646910 4.735847 2.125994 1.166610 1.463538 1.156368 0.913110 1.229163 1.644061 1.447871 0.948257 0.619891 0.820362 0.761389 0.428827 0.319256 0.381183 1.072072 1.658848 1.927082 1.437122 1.141644 1.761715 2.705073 2.593623 1.978688 2.411065 4.863769 8.816502 12.350281 14.071954 15.129698 16.955689 20.134093 25.681726 35.765388 48.677686 58.837210 61.242240 54.593638 41.702218 27.067548 15.658912 10.334795 8.481922 6.440392 3.898642 2.148422 2.189376 2.712538 2.953784 2.998884 2.794838 2.432865 2.029948 1.450597 1.125081 1.744993 2.415956 2.439853 2.043585 1.560601 1.243940 0.893777 0.594577 1.115745 1.794009 2.051061 1.568391 1.056400 1.268358 2.125748 2.804620 3.888964 6.642828 10.960995 15.245181 18.133487 18.549918 16.480624 12.780580 8.814555 5.302877 2.839558 2.121821 2.990226 3.911443 4.238322 4.091575 3.683566 3.150640
5.879903 1.172812 226.6736 226.6736 0.000000 5.168267 4.145712 3.075122 6.118714 14.207987 27.368769 37.892268 38.204827 27.755087 14.600937 7.145843 5.179511 4.626855 4.221420 6.122281 7.270276 5.784942 4.674902 4.904226 5.254617 4.192810 3.012646 3.262109 3.407428 3.997320 5.263507 7.576597 9.092947 9.155814 7.925650 5.521933 3.827447 2.995069 6.422266 12.222112 20.618424 28.685344 23.398351 15.949010 27.821227 40.040102 49.355355 84.637084 179.446661 239.941153 190.317266 83.477646 31.181396 19.014131 13.216994 20.329410 14.261314 5.453922 3.742676 4.669189 6.008523 6.862323 4.174468 4.929227 7.518817 6.136442 4.280081 5.020444 5.413506 6.172420 5.475769 1.999578 3.478847 4.718122 3.498044 4.409181 5.840288 6.825791 7.618165 8.399844 8.538994 5.212922 2.745089 8.878100 15.107473 38.682731 66.195293 72.722694 54.510600 29.668776 13.927846 10.409168 10.496812 8.728545 14.088848 14.560210 8.171904 6.175597 7.937368 7.295959 7.622624 7.918074 11.141178 14.609256
5.939931 1.178482 226.6802 226.6802 0.000000 6.544475 6.636301 3.898786 4.147508 10.200162 24.051690 36.932154 39.538617 32.521091 17.665241 5.694108 4.259891 4.494022 7.973068 11.664330 10.195777 3.418437 4.713342 5.856366 5.685500 7.557409 7.535577 5.962851 3.580368 3.658039 2.789288 7.198229 12.726209 13.198189 6.764265 2.516914 1.890811 4.235977 8.076110 5.499779 13.892024 20.337644 17.258362 9.448532 5.835859 23.901220 13.995801 56.282801 193.635258 300.785639 224.451359 73.013634 23.257092 24.069989 18.880551 21.878166 12.301236 9.010537 8.112741 3.914174 5.640319 6.009788 2.023092 3.341135 9.127124 10.162152 8.768570 5.056741 2.897984 4.810850 5.085920 5.075528 8.049264 10.140907 6.952066 3.866894 4.625598 5.096972 7.695370 11.082960 10.806495 6.947408 6.068219 7.594972 7.013305 37.236330 73.546445 78.036895 48.847326 19.284709 7.324438 5.525163 13.990905 19.989388 24.672721 18.039761 5.577563 4.137330 8.410251 3.030710 9.450780 15.212775 14.519517 15.394152
5.999963 1.133201 235.3122 235.3122 0.000000 6.125296 5.954695 5.759624 5.196364 4.593062 5.062026 9.611368 9.876343 10.214300 9.956018 5.120754 1.785533 1.123871 3.213077 7.056342 7.978442 4.650996 3.514938 3.657899 2.498387 2.614503 4.272595 4.765982 3.996745 2.370855 2.266265 2.844366 4.416635 4.931629 6.709776 4.795028 1.142005 1.724466 1.119066 3.464135 4.572452 13.016081 15.810958 14.040773 20.924058 23.319480 26.270917 28.882645 38.410804 84.713701 137.232039 144.190300 97.135715 45.738217 20.921601 16.755138 17.183340 11.226427 4.018277 4.033671 6.508681 5.887345 3.994614 3.197124 1.280288 2.835522 4.968142 3.828239 5.426718 4.965402 2.428173 1.327578 1.510539 1.548630 4.018894 7.398786 7.231653 3.967425 2.183143 1.367006 1.245837 2.517578 4.740264 4.417321 2.893922 3.671544 4.673108 7.900577 17.373390 28.753259 28.114446 18.794585 8.538807 3.688751 4.873888 5.677859 8.687577 14.510407 15.007408 7.411463 1.381523 5.438141 6.710353 7.293728
6.049964 0.650628 234.1394 234.1394 0.000000 2.508149 1.132562 1.603526 2.293411 1.989537 1.493505 1.542052 1.386282 1.338400 1.120671 1.290167 1.302140 0.664909 1.443447 1.114434 1.605589 1.924597 0.864742 1.131978 1.426626 1.809259 1.709443 0.838633 0.813259 1.065231 1.118721 1.386080 1.108567 0.957260 1.303257 1.104403 1.903297 2.154053 1.736686 1.434088 1.793659 2.587689 3.789015 9.633524 15.361082 16.778738 16.168525 15.320532 15.916848 17.635360 19.226605 19.887190 18.726692 18.999144 16.657440 11.012886 5.333863 1.890279 1.246226 2.852632 3.821391 2.317435 1.339716 1.585460 1.768411 1.386912 0.664361 1.217224 1.650203 1.536870 1.353731 1.146299 1.272144 1.175474 0.723688 0.379149 0.431482 0.945377 1.502244 1.887289 2.019412 1.793971 1.567140 1.083089 0.536068 0.365822 0.640505 0.745919 0.664787 0.573115 0.466806 0.519182 1.260446 2.817185 3.439652 2.571701 1.255945 1.199380 1.697974 1.098427 0.648885 0.908900 2.094143 3.228653
6.091831 0.125799 210.0547 210.0547 0.000000 0.023810 0.040788 0.163952 0.282877 0.268274 0.107861 0.169798 0.138353 0.119320 0.245345 0.340037 0.285224 0.317780 0.452650 0.326349 0.275099 0.288318 0.417641 0.435296 0.617121 0.296161 0.241471 0.364322 0.465117 0.434784 0.208437 0.133889 0.156742 0.139274 0.238732 0.460053 0.552702 0.436917 0.289752 0.213886 0.238905 0.524967 0.969406 1.446970 2.496906 3.855049 4.733890 4.451473 2.907183 1.256737 0.690159 0.937096 0.552260 0.514868 0.781203 0.743521 0.406842 0.325468 0.363500 0.182291 0.207649 0.453294 0.563388 0.394174 0.261164 0.177107 0.137149 0.127749 0.272959 0.381968 0.389506 0.313962 0.138341 0.214091 0.289686 0.214134 0.143095 0.116078 0.075056 0.094848 0.133822 0.095294 0.108858 0.074381 0.136743 0.136361 0.112019 0.139158 0.056129 0.067454 0.120213 0.122078 0.046498 0.055876 0.060074 0.150957 0.162960 0.190323 0.227619 0.187160 0.143101 0.202576 0.287557 0.214178
6.140140 0.018029 104.9914 104.9914 0.000000 0.128613 0.022959 0.078179 0.047262 0.100425 0.187670 0.281967 0.305632 0.224167 0.232812 0.274808 0.235694 0.254414 0.297582 0.219438 0.187878 0.203766 0.187735 0.222968 0.272282 0.371419 0.258814 0.054785 0.065800 0.095363 0.164711 0.232942 0.262296 0.204326 0.149683 0.165046 0.126252 0.067290 0.082534 0.105700 0.135472 0.100663 0.056921 0.133296 0.124785 0.122979 0.109324 0.224762 0.144301 0.042590 0.090320 0.216385 0.094681 0.106596 0.115226 0.102424 0.166968 0.181876 0.110676 0.074364 0.061189 0.072160 0.138399 0.070694 0.084066 0.082318 0.038551 0.107444 0.060456 0.054279 0.095128 0.152364 0.072859 0.069428 0.058941 0.076510 0.079628 0.085822 0.099919 0.112259 0.121741 0.098828 0.061136 0.045335 0.063571 0.074255 0.055849 0.094452 0.148317 0.108728 0.069376 0.040650 0.071664 0.038372 0.039025 0.096943 0.124820 0.091262 0.063289 0.041051 0.033909 0.057246 0.051172 0.027061
6.189891 0.004299 104.1645 104.1645 0.000000 0.153368 0.148305 0.100199 0.014656 0.112389 0.274159 0.304391 0.199605 0.250670 0.154133 0.085097 0.127749 0.177418 0.173316 0.208495 0.250722 0.102964 0.214017 0.207798 0.334591 0.318957 0.157278 0.136713 0.092608 0.134177 0.253002 0.302041 0.219295 0.166969 0.233096 0.198846 0.122605 0.084871 0.093523 0.144043 0.140283 0.101792 0.076772 0.104761 0.128277 0.086930 0.039760 0.060850 0.130835 0.221161 0.232649 0.159448 0.093260 0.113363 0.118762 0.075182 0.090253 0.119728 0.123415 0.069489 0.063811 0.127624 0.155786 0.135201 0.065483 0.041106 0.091789 0.108166 0.114403 0.126221 0.116219 0.081859 0.092675 0.122795 0.128975 0.089693 0.053666 0.042123 0.044736 0.041904 0.051169 0.067983 0.057857 0.112240 0.098562 0.054316 0.084346 0.099813 0.056638 0.033783 0.085723 0.136667 0.130415 0.105118 0.055491 0.040940 0.028697 0.030343 0.020962 0.050108 0.077453 0.062194 0.046548 0.051190
6.239958 0.004715 99.3370 99.3370 0.000000 0.188710 0.155942 0.186452 0.099764 0.136486 0.104837 0.204308 0.165431 0.160475 0.028447 0.039406 0.017003 0.014103 0.087677 0.145215 0.206416 0.185781 0.161487 0.307463 0.322474 0.190342 0.165979 0.093701 0.203862 0.168463 0.085039 0.172644 0.131066 0.106004 0.227392 0.215689 0.119599 0.132814 0.253515 0.270490 0.147129 0.050729 0.151371 0.195643 0.230445 0.214755 0.175439 0.171691 0.156514 0.148102 0.215675 0.149828 0.043319 0.082753 0.132558 0.101684 0.040120 0.069796 0.089287 0.109172 0.115007 0.129560 0.126627 0.179558 0.178648 0.142227 0.095942 0.051355 0.065554 0.094918 0.087882 0.034596 0.073233 0.108010 0.103002 0.120458 0.102611 0.059774 0.057873 0.036648 0.038409 0.070251 0.087238 0.113044 0.089964 0.053513 0.060535 0.072502 0.060626 0.033070 0.044583 0.076623 0.042806 0.070975 0.092764 0.046525 0.012366 0.012940 0.025307 0.055938 0.069733 0.055227 0.044351 0.056120
6.292907 0.004774 19.9554 19.9554 0.000000 0.154675 0.134160 0.327558 0.400926 0.391178 0.298532 0.267466 0.214580 0.162221 0.051425 0.032194 0.087816 0.134041 0.212018 0.184085 0.053885 0.203295 0.081647 0.200746 0.315633 0.213458 0.229629 0.189300 0.129073 0.229564 0.325471 0.178544 0.134710 0.068348 0.126460 0.124899 0.037543 0.167582 0.242359 0.242586 0.110872 0.182934 0.096285 0.123239 0.115359 0.154023 0.175861 0.114659 0.116357 0.073840 0.114498 0.092406 0.095422 0.071853 0.131661 0.139437 0.052107 0.031874 0.063659 0.137127 0.117910 0.082619 0.091756 0.118480 0.116726 0.169929 0.058806 0.131509 0.142639 0.129334 0.080751 0.035983 0.074169 0.130000 0.167218 0.143312 0.071873 0.056510 0.049796 0.084933 0.095954 0.062006 0.042174 0.052178 0.083225 0.062433 0.028263 0.010853 0.028369 0.024942 0.040105 0.028862 0.064726 0.068355 0.073238 0.036150 0.034454 0.024848 0.024712 0.027223 0.052373 0.039733 0.046711 0.074021
6.340948 0.005019 131.5998 131.5998 0.000000 0.184437 0.348847 0.253802 0.312230 0.399798 0.331383 0.172949 0.047281 0.126424 0.109330 0.054487 0.129519 0.288333 0.269564 0.100200 0.181753 0.253024 0.169173 0.115175 0.262841 0.332661 0.186409 0.093066 0.159461 0.300849 0.403441 0.378488 0.305390 0.209280 0.123011 0.104742 0.165284 0.175195 0.137858 0.217577 0.276376 0.291701 0.238496 0.146418 0.111144 0.074603 0.070232 0.099399 0.114592 0.079768 0.057711 0.083023 0.069479 0.094805 0.135325 0.133815 0.082388 0.097001 0.120247 0.131199 0.100339 0.070278 0.075603 0.116598 0.114723 0.126884 0.173103 0.166174 0.165958 0.099871 0.061630 0.088651 0.086462 0.116357 0.053348 0.144528 0.077264 0.026705 0.020033 0.024230 0.078945 0.121025 0.055412 0.082906 0.102496 0.124319 0.096255 0.011110 0.053311 0.063530 0.048512 0.005805 0.070612 0.087971 0.046386 0.070815 0.034156 0.034961 0.063684 0.047364 0.028345 0.023339 0.025693 0.043804
6.389813 0.004980 127.2757 127.2757 0.000000 0.364990 0.445707 0.225652 0.160996 0.111681 0.229586 0.127113 0.160278 0.082987 0.098786 0.063182 0.125448 0.298155 0.307430 0.183890 0.111643 0.188543 0.183860 0.116102 0.123865 0.213787 0.197359 0.140103 0.255325 0.477603 0.401616 0.232663 0.283228 0.290709 0.147048 0.085236 0.136572 0.149920 0.158347 0.192337 0.246814 0.299867 0.257021 0.127461 0.115132 0.156164 0.141168 0.148230 0.138336 0.121509 0.102754 0.083256 0.053610 0.055410 0.025194 0.138101 0.186583 0.203686 0.184845 0.052824 0.052271 0.014184 0.097581 0.020038 0.094340 0.077748 0.130360 0.090843 0.149965 0.126030 0.045823 0.042842 0.115162 0.165873 0.165119 0.128770 0.087967 0.048773 0.037868 0.024275 0.058135 0.117814 0.111323 0.103470 0.095811 0.112087 0.087460 0.078343 0.112121 0.079225 0.043838 0.056581 0.084460 0.105781 0.087370 0.071209 0.060044 0.044965 0.064266 0.073085 0.041227 0.022148 0.032360 0.046284
6.437009 0.004684 129.4887 129.4887 0.000000 0.427621 0.356156 0.228244 0.212945 0.149403 0.186452 0.220980 0.192926 0.162185 0.169916 0.113532 0.133817 0.202002 0.181796 0.166859 0.166722 0.145804 0.126412 0.048647 0.031962 0.104404 0.151729 0.133327 0.266873 0.446063 0.490287 0.294884 0.144721 0.173838 0.106807 0.103408 0.119975 0.053672 0.060963 0.048485 0.050355 0.089164 0.115287 0.139888 0.150423 0.090095 0.084249 0.114299 0.072686 0.038350 0.044873 0.036669 0.036557 0.035801 0.045217 0.072437 0.109155 0.163683 0.215006 0.196071 0.071992 0.057170 0.120763 0.182701 0.134039 0.043725 0.040353 0.082520 0.105805 0.128017 0.109487 0.065097 0.046585 0.060047 0.079814 0.102112 0.066886 0.049879 0.058400 0.028275 0.025191 0.054392 0.113708 0.098945 0.097210 0.137570 0.124215 0.177385 0.150660 0.175165 0.176117 0.105058 0.071905 0.062204 0.125638 0.061655 0.036647 0.026477 0.037203 0.052472 0.061475 0.032918 0.046339 0.068100
6.485491 0.004695 5.1944 5.1944 0.000000 0.335701 0.236596 0.119588 0.153807 0.074521 0.071152 0.134700 0.088316 0.216350 0.303605 0.218048 0.135706 0.144051 0.120383 0.082098 0.142253 0.150093 0.050962 0.047336 0.036713 0.064217 0.109667 0.089768 0.152052 0.150321 0.247320 0.199694 0.033182 0.048570 0.062428 0.068996 0.080999 0.109065 0.136984 0.136549 0.089172 0.139065 0.171655 0.154818 0.141373 0.093314 0.037644 0.038997 0.045618 0.027464 0.042798 0.046059 0.033719 0.047211 0.039242 0.037222 0.034089 0.098151 0.087070 0.234778 0.132343 0.101595 0.129493 0.220732 0.242633 0.157231 0.102580 0.094746 0.146672 0.101644 0.044546 0.043288 0.050970 0.068381 0.071895 0.062766 0.081026 0.107055 0.061247 0.072167 0.102804 0.134793 0.130626 0.075912 0.090546 0.084495 0.138621 0.200138 0.179527 0.095126 0.121994 0.143797 0.104855 0.113400 0.116635 0.078905 0.057824 0.056423 0.045541 0.040530 0.053392 0.057148 0.048553 0.057810
6.532478 0.351286 237.8416 237.8416 0.000000 0.429749 0.212944 0.051503 0.121359 0.066061 0.143267 0.264272 0.316671 0.271308 0.215678 0.195081 0.146883 0.158463 0.222373 0.210504 0.196446 0.210142 0.150064 0.084170 0.096890 0.157895 0.163384 0.054517 0.078664 0.089200 0.136780 0.209267 0.036183 0.107729 0.110725 0.115262 0.113713 0.071472 0.100593 0.371545 0.118870 0.455413 0.400316 0.425345 0.480813 0.605733 0.620981 0.611168 0.646557 0.730480 0.737834 0.756440 0.769286 0.661879 0.645782 0.635608 0.628320 0.500429 0.439796 0.532622 0.215772 0.285424 0.252872 0.178706 0.390315 0.160854 0.250903 0.152666 0.261780 0.202112 0.069157 0.122440 0.128284 0.167030 0.161645 0.125377 0.179524 0.148495 0.086871 0.123636 0.180586 0.179077 0.136482 0.117604 0.113743 0.099053 0.116736 0.075088 0.113355 0.073961 0.100510 0.131296 0.114055 0.107834 0.093640 0.058238 0.027739 0.144603 0.072674 0.092159 0.079011 0.076345 0.083620 0.119052
6.580902 0.990043 238.9259 238.9259 0.000000 4.538458 2.237342 2.193430 2.402930 3.102775 4.323452 5.905725 6.166796 5.999258 5.303729 4.394631 3.590548 3.067213 2.724696 2.083000 1.655810 1.580879 1.859953 2.436250 2.624528 2.010796 1.256383 1.113763 1.606251 2.382110 2.790254 2.902746 2.723114 2.593935 2.506940 2.279052 2.188698 2.707346 3.392329 4.697279 6.628504 8.357627 9.655646 9.679262 8.376935 9.653107 14.686421 20.215847 25.716098 34.665382 47.360633 58.912769 63.636090 58.708016 45.861699 29.972490 15.725924 7.611585 5.592383 5.582407 4.927816 3.681236 2.174414 0.914250 0.798083 1.009909 0.667829 0.211397 0.324804 0.552569 0.666287 0.414938 0.428786 1.015244 1.319236 1.409464 1.075229 0.754069 0.303513 0.641001 1.099452 1.419443 1.566046 1.994188 2.108877 1.645876 1.359083 2.205762 3.703740 5.773465 8.348244 10.951092 12.995717 14.202729 14.660935 14.163486 12.960253 11.597283 10.472161 9.275928 7.390118 4.667981 2.302805 1.981464
6.629909 1.170313 229.2516 229.2516 0.000000 6.575241 3.580534 3.754071 8.375473 12.618475 18.408483 23.946173 26.146518 24.369061 19.388052 13.400462 8.857581 5.497342 3.148748 3.360915 2.496375 4.351584 8.462617 9.487449 6.506579 2.951686 3.784160 4.469996 4.210106 5.893914 6.986255 5.058519 3.150534 4.518189 4.768850 1.352814 6.141243 10.553109 7.959245 13.928321 23.077381 19.535246 12.861816 22.910031 29.054647 35.358183 52.249486 55.378861 124.190371 230.209884 236.620371 144.182733 51.656135 16.049922 7.768918 6.797769 10.323781 15.343043 14.859000 10.353465 7.595188 5.955994 3.298137 1.214030 0.659980 1.449807 2.740710 3.127511 3.153307 4.412903 5.329515 4.707954 2.783116 1.432435 2.095173 3.887104 6.251012 8.533011 9.928185 9.128674 5.339440 3.267171 5.344541 5.131009 10.597453 19.781663 35.264954 52.761435 58.399353 47.732266 33.020191 24.595519 15.974610 21.372079 28.682118 23.723058 14.999046 12.850367 10.638606 4.790593 3.596335 6.173909 8.274476 11.967273
6.690038 1.176403 227.7055 227.7055 0.000000 6.588498 5.905395 6.704850 8.382078 10.034142 17.113978 21.821332 25.191639 23.297895 17.553532 11.473342 5.117321 4.472373 2.893980 4.912768 6.180691 6.467928 8.358148 10.636275 8.816763 6.032692 3.578199 2.703299 3.046673 5.699475 6.078544 2.867563 2.609337 6.887136 7.317815 4.145642 4.276092 11.424812 10.992877 14.273922 18.624475 22.369139 21.161990 33.264611 17.386206 30.093664 22.464621 43.926594 157.847003 291.708476 254.348154 108.605366 23.936850 12.234563 7.732115 3.421077 10.710518 18.820141 16.152689 11.074806 9.532930 7.357732 3.007865 0.867872 0.543673 2.723506 4.023214 4.700211 5.029358 4.554513 4.781404 4.182976 2.141119 2.769381 3.852758 4.123338 9.076789 10.289303 10.657350 9.804576 7.352480 6.803250 5.085459 8.045086 9.314378 16.743590 45.751473 63.831677 54.054016 25.898015 15.012578 12.951190 13.075165 26.330326 30.848492 28.402771 24.595112 15.599740 5.856291 6.179523 6.933441 4.839195 9.208399 11.699777
6.750008 1.131577 234.6744 234.6744 0.000000 4.206536 2.254671 4.506186 3.256075 2.846470 5.313115 3.992303 4.422094 6.155730 3.307580 4.349499 3.139474 2.250516 1.965325 3.209444 4.536721 3.783532 1.303639 3.061356 3.924719 3.222556 2.973657 2.643663 2.889083 3.412665 4.100363 4.325646 3.249205 4.295324 6.343849 5.589296 3.241917 4.903587 11.110519 11.398524 6.519109 9.864222 18.461063 15.770813 23.995339 38.026444 33.408927 25.559597 42.676067 92.778217 137.138013 136.984542 94.153423 41.454598 13.607980 8.988240 6.429779 5.564290 7.802628 7.405902 3.980026 2.500496 3.941084 4.159080 2.707090 1.531931 1.939429 2.034203 1.360454 1.819618 2.077818 1.057357 1.343028 1.351527 1.867280 3.536643 3.401622 3.073985 4.145126 2.478407 2.339922 4.133013 3.167724 2.182971 4.326614 6.351078 6.142793 7.316491 12.715779 18.062135 19.899380 16.451242 10.644331 8.607884 8.878820 9.962992 10.416905 8.588952 11.551178 13.005627 8.430818 3.595538 4.117174 4.864682
6.799909 0.650062 224.4805 224.4805 0.000000 3.524555 1.267540 1.267084 0.337293 0.841198 1.516810 1.994103 1.596075 1.332072 1.416346 1.712856 1.937378 1.785582 1.017204 0.413515 0.575779 1.006327 0.932237 1.124993 0.685689 0.462911 0.490066 0.563348 1.477207 1.964439 1.299401 0.256106 1.103908 2.002958 1.741473 1.023228 2.066119 1.610922 0.371951 2.918635 5.459947 6.516994 4.678538 8.079400 14.970549 17.690224 17.706431 17.135253 19.047133 20.203995 19.564823 18.083457 15.584029 14.947367 13.208077 11.846884 8.682628 4.202830 2.498161 2.412917 0.851040 1.276314 1.257491 0.646206 0.849147 0.814164 0.477302 0.756421 1.143036 1.204022 0.887721 0.539222 0.448824 0.608676 0.643955 0.458763 0.452709 0.492341 0.760990 1.361121 2.010411 2.205578 1.758441 1.103852 0.706159 0.679771 0.467625 0.491739 0.691835 1.084101 1.640192 1.721853 1.336974 0.672465 0.420092 0.947941 0.914507 1.187894 2.034770 1.772791 0.771451 0.617355 1.174007 1.226479
6.842412 0.129972 209.9778 209.9778 0.000000 0.816281 0.322717 0.383404 0.303658 0.144813 0.186758 0.218910 0.278095 0.190146 0.065484 0.133622 0.174674 0.185502 0.311678 0.293014 0.342342 0.198004 0.194361 0.234760 0.165062 0.160184 0.306215 0.162438 0.170309 0.347339 0.398691 0.284914 0.222662 0.192103 0.276346 0.313234 0.348481 0.493789 0.487483 0.357903 0.454544 0.617049 1.044850 1.896821 2.998715 4.162186 4.734560 4.236524 2.801747 0.824240 1.112561 1.382702 0.816601 0.471676 0.687776 0.636420 0.418708 0.265872 0.304479 0.354432 0.195624 0.281165 0.338001 0.412520 0.168506 0.217041 0.170335 0.091646 0.129350 0.169466 0.086582 0.080266 0.136443 0.104888 0.096689 0.108290 0.094061 0.121513 0.145107 0.103706 0.120217 0.166312 0.127845 0.188770 0.194250 0.289737 0.131190 0.258571 0.171971 0.072946 0.065296 0.075584 0.074192 0.099768 0.097462 0.063399 0.048695 0.077218 0.052341 0.048448 0.129734 0.154663 0.144934 0.216028
6.889977 0.017872 10.4953 10.4953 0.000000 0.330124 0.469418 0.241986 0.130716 0.104479 0.193559 0.227378 0.246603 0.198354 0.127705 0.169235 0.248880 0.207863 0.140483 0.206481 0.238228 0.089712 0.051094 0.210113 0.170807 0.143075 0.296889 0.125715 0.203337 0.119459 0.113043 0.104207 0.050022 0.060245 0.037495 0.064432 0.170258 0.224543 0.147370 0.062224 0.143295 0.225334 0.181945 0.139320 0.173512 0.132245 0.054956 0.154919 0.152805 0.149656 0.295065 0.259743 0.189735 0.175755 0.225832 0.272799 0.248231 0.166736 0.124774 0.167434 0.177358 0.078212 0.056489 0.177049 0.151179 0.086846 0.055256 0.064854 0.078952 0.136211 0.090261 0.026457 0.080899 0.123258 0.076840 0.064366 0.101689 0.098806 0.080254 0.104954 0.125048 0.096288 0.063894 0.067411 0.093564 0.093063 0.135348 0.108287 0.050687 0.065616 0.030650 0.004834 0.060549 0.057627 0.097135 0.074529 0.054432 0.075760 0.074808 0.053756 0.032568 0.040237 0.056412 0.045580
6.940005 0.004625 15.1492 15.1492 0.000000 0.112446 0.378927 0.452300 0.266196 0.177574 0.207315 0.274367 0.133556 0.092796 0.070477 0.247910 0.294267 0.132684 0.186837 0.194791 0.118941 0.102013 0.181110 0.153584 0.182935 0.342925 0.296828 0.234844 0.138955 0.116847 0.169427 0.135244 0.094905 0.085757 0.126490 0.127144 0.091230 0.080151 0.065440 0.086441 0.069136 0.082239 0.179703 0.211689 0.144657 0.070400 0.113212 0.208380 0.219405 0.129318 0.111409 0.185279 0.159753 0.119850 0.075029 0.042450 0.053447 0.111804 0.188654 0.162125 0.144486 0.106586 0.068881 0.099241 0.077950 0.081590 0.104519 0.097623 0.065043 0.088605 0.127997 0.092921 0.072906 0.142030 0.174489 0.119937 0.064147 0.035225 0.028902 0.064714 0.087827 0.090672 0.051703 0.088583 0.109025 0.087616 0.048910 0.015189 0.046588 0.100407 0.125492 0.111741 0.053429 0.028871 0.037432 0.079430 0.065609 0.050420 0.066618 0.050279 0.048166 0.036687 0.026180 0.013083
6.989971 0.005027 104.7160 104.7160 0.000000 0.169484 0.388449 0.347437 0.175420 0.078323 0.081999 0.152355 0.100923 0.127433 0.161711 0.191446 0.222783 0.080968 0.229498 0.155229 0.150177 0.114504 0.181065 0.143928 0.420849 0.482863 0.115563 0.170173 0.161772 0.213799 0.193914 0.068505 0.082885 0.046302 0.128924 0.022056 0.084528 0.101389 0.047774 0.024239 0.031499 0.064058 0.214534 0.277569 0.126833 0.052620 0.112345 0.091855 0.191281 0.143074 0.194750 0.114563 0.161622 0.210679 0.157045 0.086903 0.069747 0.129573 0.137134 0.071225 0.194638 0.198720 0.083587 0.016824 0.080983 0.095907 0.046800 0.009969 0.046504 0.135510 0.119115 0.093702 0.159141 0.123810 0.071727 0.038956 0.009642 0.049793 0.099222 0.113546 0.061764 0.060283 0.051333 0.098852 0.125661 0.055087 0.045967 0.091368 0.093993 0.031927 0.083854 0.053681 0.018545 0.029841 0.075049 0.073962 0.061609 0.097491 0.059179 0.072078 0.088412 0.041615 0.014771 0.030708
7.039924 0.004703 105.2561 105.2561 0.000000 0.163889 0.259749 0.226868 0.090125 0.067383 0.066838 0.061708 0.070885 0.190055 0.259873 0.126075 0.172772 0.257220 0.355718 0.418602 0.312182 0.166486 0.166023 0.226246 0.461202 0.526274 0.393560 0.156773 0.151687 0.148630 0.180652 0.068493 0.020716 0.148305 0.267933 0.290947 0.303986 0.251487 0.122714 0.077583 0.075032 0.051384 0.182545 0.235377 0.114273 0.062761 0.119271 0.176024 0.243064 0.114635 0.171175 0.176787 0.158215 0.127206 0.164842 0.116374 0.017952 0.071427 0.021578 0.147752 0.263356 0.252667 0.123908 0.040777 0.077966 0.061839 0.017183 0.051870 0.077238 0.119058 0.090070 0.067056 0.086321 0.144939 0.134854 0.127097 0.085034 0.051018 0.065685 0.116372 0.074390 0.033511 0.050991 0.092161 0.113559 0.090299 0.047232 0.065763 0.120558 0.109133 0.055335 0.020686 0.040238 0.058038 0.058633 0.067493 0.107612 0.122474 0.073098 0.077109 0.117550 0.107411 0.067323 0.069333
7.089994 0.004860 115.9098 115.9098 0.000000 0.138007 0.117662 0.131944 0.185887 0.202764 0.142990 0.107678 0.175427 0.162964 0.183429 0.103273 0.203601 0.148741 0.253494 0.352346 0.234619 0.242286 0.195054 0.183409 0.187000 0.248591 0.218314 0.350757 0.235809 0.109819 0.117842 0.130839 0.139055 0.167395 0.199469 0.315335 0.328263 0.215893 0.159582 0.061419 0.095088 0.181421 0.232407 0.135516 0.063762 0.078688 0.097943 0.169554 0.225188 0.195519 0.189434 0.155729 0.099801 0.073065 0.108733 0.113389 0.083792 0.107759 0.114187 0.123485 0.164654 0.152465 0.100950 0.066370 0.081529 0.072775 0.044055 0.066015 0.103965 0.103460 0.052975 0.028254 0.068990 0.122416 0.146877 0.149495 0.136787 0.100819 0.076103 0.075455 0.078892 0.068051 0.055901 0.052106 0.043952 0.054225 0.044516 0.035616 0.050341 0.104593 0.091039 0.031303 0.024078 0.039446 0.042626 0.025184 0.038051 0.069332 0.085753 0.048127 0.056837 0.070408 0.061132 0.059246
7.138996 0.005102 91.5631 91.5631 0.000000 0.223391 0.212492 0.127590 0.223346 0.352708 0.179243 0.190572 0.298422 0.174081 0.138422 0.098343 0.180119 0.204050 0.155143 0.118081 0.182227 0.250585 0.347223 0.257104 0.156019 0.201524 0.255108 0.297953 0.288830 0.135355 0.046828 0.050275 0.097199 0.157359 0.173379 0.127465 0.128215 0.158880 0.136493 0.160080 0.144699 0.125013 0.175133 0.248381 0.177691 0.164990 0.111817 0.061221 0.085651 0.105953 0.084519 0.190199 0.139216 0.062439 0.067592 0.143111 0.121267 0.169535 0.195656 0.076123 0.088941 0.108895 0.050377 0.047344 0.074472 0.096002 0.096336 0.080861 0.022439 0.072160 0.035497 0.042182 0.015676 0.095662 0.092758 0.078606 0.059167 0.071984 0.047589 0.035560 0.016507 0.014824 0.071444 0.107302 0.101652 0.100450 0.111836 0.106540 0.077221 0.031489 0.058867 0.088531 0.054921 0.028364 0.036684 0.034427 0.023706 0.044031 0.047663 0.052277 0.054535 0.040829 0.049453 0.026854
7.187882 0.004726 41.8491 41.8491 0.000000 0.129105 0.139199 0.031881 0.228970 0.355485 0.261629 0.304724 0.431637 0.372027 0.216927 0.135323 0.180270 0.221785 0.186721 0.181686 0.176588 0.181186 0.219433 0.335547 0.249643 0.190259 0.386359 0.193370 0.195754 0.234583 0.122163 0.094282 0.083583 0.109620 0.201035 0.256588 0.201298 0.136924 0.183384 0.185911 0.130730 0.175203 0.211775 0.218822 0.224499 0.169619 0.204996 0.180412 0.043170 0.031768 0.052521 0.109531 0.216088 0.249399 0.139357 0.059348 0.085359 0.091364 0.137292 0.228310 0.198910 0.139189 0.165382 0.157129 0.086750 0.064087 0.070452 0.035795 0.075847 0.067018 0.048186 0.070795 0.037312 0.045990 0.084726 0.078288 0.093125 0.098642 0.096627 0.100289 0.083289 0.044153 0.018488 0.020996 0.050925 0.096163 0.092829 0.073329 0.120371 0.101200 0.115738 0.136549 0.098470 0.070489 0.054266 0.014870 0.052890 0.097779 0.116655 0.125703 0.103736 0.052423 0.040268 0.073913
7.235995 0.004934 41.7809 41.7809 0.000000 0.128175 0.104648 0.108813 0.261526 0.227050 0.117084 0.225298 0.410494 0.311694 0.195618 0.236294 0.245991 0.149907 0.094816 0.100580 0.068290 0.073398 0.085721 0.179837 0.278913 0.343262 0.302974 0.264643 0.206676 0.129611 0.081445 0.134483 0.223240 0.194063 0.093356 0.159463 0.249229 0.235313 0.237348 0.204293 0.165968 0.197973 0.147918 0.087124 0.168312 0.115360 0.111084 0.172205 0.192916 0.098547 0.036143 0.103677 0.142048 0.233258 0.125050 0.028232 0.058528 0.137686 0.138029 0.180619 0.198781 0.197391 0.192208 0.118784 0.075801 0.104920 0.070979 0.049582 0.114735 0.108356 0.089259 0.098870 0.073738 0.102065 0.120175 0.046755 0.070689 0.016312 0.066076 0.054524 0.087959 0.062736 0.035856 0.034819 0.029838 0.043580 0.108946 0.184856 0.193398 0.148061 0.123761 0.114377 0.077652 0.011824 0.017454 0.049111 0.061674 0.071080 0.127344 0.137694 0.094938 0.038492 0.012245 0.069106
7.280656 0.069927 4.9870 4.9870 0.000000 0.758020 0.235646 0.321511 0.272960 0.065140 0.170945 0.176039 0.257064 0.424626 0.183753 0.145684 0.181604 0.120498 0.146555 0.110209 0.017144 0.024074 0.084229 0.084055 0.214172 0.048111 0.058712 0.144229 0.063510 0.145849 0.250386 0.262710 0.108825 0.090322 0.166898 0.364772 0.289198 0.153587 0.078342 0.178141 0.046600 0.188925 0.209312 0.167882 0.180172 0.280836 0.289965 0.238235 0.177203 0.162792 0.172905 0.092231 0.083991 0.116983 0.160648 0.092369 0.065395 0.122471 0.111473 0.145611 0.081570 0.070247 0.118758 0.148266 0.102439 0.123226 0.153829 0.121629 0.028397 0.128407 0.140482 0.084288 0.044202 0.072066 0.073743 0.065596 0.071634 0.102327 0.073718 0.028599 0.022154 0.029041 0.066644 0.119965 0.211650 0.145899 0.065762 0.035618 0.077874 0.043549 0.040701 0.040849 0.003707 0.025472 0.063230 0.044344 0.044104 0.046343 0.053817 0.078124 0.101024 0.094766 0.093563 0.082227
7.329970 0.904669 239.6695 239.6695 0.000000 7.923889 3.724428 3.905714 4.337374 4.399464 4.514277 4.131697 3.716144 2.832692 1.675521 1.501122 1.633620 1.467799 1.095527 0.789260 0.730356 1.243548 1.812027 2.207995 2.563301 2.581337 2.215721 1.808467 1.570535 1.580912 1.609617 1.634020 1.695787 1.805535 1.338539 0.533024 1.088161 1.979452 2.732684 2.634878 1.736352 2.079793 3.584756 5.967551 9.142869 12.114672 14.591869 16.988753 20.195004 25.261810 30.314805 34.081661 34.948729 32.104329 26.793508 19.665748 12.284928 5.748189 1.816392 2.500298 4.448181 5.258278 5.441021 5.084221 4.647096 4.281223 3.932488 3.297880 2.857931 2.946230 3.681781 4.664864 5.233924 5.283212 4.846707 4.075948 3.187523 2.476843 2.074229 2.027183 2.136902 2.150235 2.216848 2.549443 3.621289 4.998490 6.296638 6.828860 6.715483 6.026928 5.286379 4.841293 4.503805 3.929175 3.303760 2.756937 3.043749 3.846966 4.810844 5.508802 6.208191 6.442443 6.199087 5.453888
7.379879 1.176486 228.5148 228.5148 0.000000 14.026452 17.233480 12.607335 8.980062 15.502212 22.266719 22.186136 14.372709 5.800666 6.061380 7.397044 7.302251 6.971089 7.018665 7.732939 10.739872 13.536440 13.179529 9.956360 5.943859 5.277998 6.446768 5.520732 3.114274 5.127458 9.675931 11.807093 11.864564 11.787489 13.803200 15.450169 14.862674 14.086496 11.940432 8.562495 11.069818 22.199360 33.138123 43.465631 39.711980 36.900143 58.240876 67.553372 126.946817 186.465773 180.565628 121.070485 52.273106 17.905433 17.672884 20.788291 24.199980 27.663393 27.022978 14.424341 5.353295 14.399074 14.964040 12.933763 7.876154 9.841916 14.826524 19.836123 24.246069 21.073944 15.368845 13.012523 9.346816 3.472565 3.671573 8.501774 13.099736 12.881422 9.991103 18.831941 27.875171 32.918041 28.862030 15.803574 11.485035 11.764994 9.619889 20.147044 28.114035 26.218963 17.547372 8.198768 13.242465 23.259035 26.062884 24.797741 21.909082 16.054240 10.297792 8.671188 9.963311 12.504544 14.939391 15.422087
7.439908 1.192045 222.1579 222.1579 0.000000 16.085015 24.461676 17.098683 9.719501 17.559648 26.000936 30.244476 26.240969 16.085259 7.207316 6.469959 8.051300 5.627895 11.287248 17.289900 19.072771 17.904518 14.715283 8.516038 2.836451 4.529467 7.014660 6.389408 6.230882 11.608478 16.956002 11.198023 14.772839 24.561620 25.324526 17.750322 11.486176 17.878463 18.215233 10.802276 19.103913 26.482704 19.790458 52.220996 37.971880 41.467169 79.736665 93.793915 216.159669 266.260772 198.958973 125.843891 57.126822 41.168811 47.481031 36.208687 22.871957 32.286584 41.485949 33.137371 28.060505 13.908068 12.765013 26.115940 26.662886 19.474476 12.180783 26.318181 26.893156 12.349176 11.356201 15.946099 11.957503 7.884933 6.482401 10.321199 25.325746 32.501677 33.273183 26.318709 31.286974 45.439883 33.272052 17.322775 25.552067 22.556421 29.494315 43.854494 43.973114 31.150153 13.714956 13.506459 29.686990 29.370102 16.996937 23.560814 16.360260 7.537432 4.781015 8.826868 14.070428 18.957752 23.615770 19.203010
7.498888 1.191718 233.0323 233.0323 0.000000 8.687185 13.400832 14.123782 10.194395 6.051599 7.505651 10.104006 14.708722 15.561249 9.376961 4.883337 5.164698 4.557364 5.018060 8.712110 11.909784 7.848164 5.380644 5.791533 1.426719 3.302151 3.339286 2.255241 1.991762 5.194863 8.340171 11.080648 10.038245 9.464253 13.706273 14.367139 10.515001 5.381308 7.127348 12.111786 10.314344 13.809640 10.028643 21.563155 33.976219 35.149975 15.954167 55.890030 95.406136 126.724208 153.428697 135.117638 76.686322 51.119550 57.868687 49.726420 36.871758 25.749454 15.098068 13.735194 24.916949 30.094064 27.163896 20.963657 14.862565 15.039955 19.802456 22.411608 19.678918 16.309885 15.885510 12.278946 8.411250 6.666929 6.990196 7.873729 6.923371 4.798543 5.825909 14.087647 22.497467 24.398852 18.929229 7.821560 15.503002 24.328613 23.916646 21.314670 21.256395 23.098315 24.391574 23.335093 21.110109 17.669907 11.518913 9.261806 14.181205 17.016326 12.542508 13.520852 12.858281 4.532537 1.857311 2.814323
7.549957 0.788053 226.9313 226.9313 0.000000 3.041338 2.034241 2.525713 2.639809 2.057230 1.226088 1.529298 2.791957 3.315893 2.837429 2.384776 2.261509 2.201618 1.338319 1.141473 2.187922 2.634449 2.135664 1.708650 1.548617 1.349729 0.878942 0.605420 0.950587 1.236622 0.933338 1.612221 3.937957 5.127316 4.416485 2.368890 1.139895 1.296927 1.270303 3.311334 4.320552 4.612884 7.410334 11.940140 22.178734 25.125405 20.470536 23.720179 34.354979 40.097579 37.078970 29.667072 22.248149 16.287198 12.026923 9.629885 7.908409 5.265956 2.503447 3.562274 5.570385 5.697629 4.383781 3.576050 3.850795 4.174162 3.642226 3.319914 4.557596 6.153981 6.116260 4.182817 1.576779 0.921927 1.532935 0.751312 0.722083 0.906116 0.971440 2.386783 3.746764 3.964103 3.320563 3.426796 4.525930 4.845709 4.140756 2.921958 2.280968 2.690984 3.474942 3.262653 2.216435 0.870816 0.977081 1.771829 2.028067 2.363715 3.359398 4.701399 5.584098 5.323638 3.872784 2.014980
7.589600 0.205290 210.3627 210.3627 0.000000 1.462436 0.267451 0.242580 0.094640 0.294482 0.204807 0.388372 0.211470 0.230677 0.454371 0.337050 0.285106 0.249761 0.135115 0.273215 0.296210 0.316097 0.351590 0.245986 0.299312 0.267416 0.203915 0.253313 0.150423 0.163003 0.097835 0.196226 0.221180 0.366205 0.402255 0.293923 0.394283 0.270158 0.585367 0.458319 0.227281 0.523993 1.717692 2.896495 4.395645 6.254930 7.697515 6.793336 4.182128 2.765126 2.627362 1.952762 1.426768 1.246737 0.594269 0.521190 0.237154 0.114947 0.101642 0.082879 0.097429 0.127355 0.201419 0.159836 0.210373 0.249254 0.127065 0.138229 0.120566 0.147132 0.138850 0.165233 0.256453 0.186597 0.320425 0.182830 0.298073 0.264798 0.280300 0.175412 0.173872 0.262257 0.168311 0.168646 0.210633 0.192630 0.088858 0.234618 0.189501 0.173646 0.082061 0.055397 0.036203 0.060700 0.088957 0.058051 0.053570 0.053171 0.081247 0.081180 0.068287 0.080247 0.081015 0.080857
7.646477 0.028873 213.4891 213.4891 0.000000 0.105073 0.130138 0.135199 0.335214 0.392161 0.247931 0.126681 0.103350 0.141516 0.207010 0.317559 0.276233 0.132611 0.107809 0.183569 0.197985 0.109207 0.083137 0.073491 0.137716 0.280829 0.272883 0.186888 0.210661 0.247443 0.174845 0.043608 0.074532 0.087426 0.034823 0.100893 0.234796 0.263441 0.180800 0.149823 0.110639 0.162417 0.267682 0.239754 0.245545 0.282788 0.283135 0.485332 0.375544 0.358349 0.420440 0.160191 0.439594 0.273308 0.133638 0.163947 0.208665 0.197873 0.148204 0.062302 0.052509 0.126276 0.173750 0.117028 0.202717 0.237320 0.159665 0.122738 0.090085 0.049735 0.058631 0.069719 0.068964 0.066683 0.125962 0.114205 0.124761 0.146230 0.091256 0.020478 0.049859 0.042360 0.097967 0.102252 0.067184 0.082295 0.090397 0.039820 0.031758 0.065370 0.084592 0.069333 0.044214 0.035962 0.065634 0.094481 0.064831 0.038152 0.051484 0.049429 0.051798 0.041144 0.025297 0.062342
7.693279 0.004934 19.7157 19.7157 0.000000 0.095613 0.142466 0.337753 0.415626 0.333029 0.210562 0.171754 0.208678 0.125921 0.082213 0.276096 0.270564 0.101436 0.121658 0.294140 0.342584 0.194132 0.076809 0.156710 0.163668 0.087876 0.053929 0.127687 0.164188 0.130127 0.065815 0.076725 0.088171 0.130573 0.276747 0.263741 0.091043 0.037447 0.044454 0.053755 0.047366 0.030518 0.087069 0.159967 0.107651 0.063017 0.082439 0.193686 0.203375 0.271694 0.276107 0.198684 0.203973 0.125220 0.133416 0.098696 0.112664 0.135609 0.167380 0.188352 0.189761 0.178999 0.139140 0.114160 0.194543 0.193120 0.119976 0.072179 0.034644 0.048612 0.148345 0.130043 0.128069 0.124932 0.099455 0.116147 0.071734 0.054237 0.089310 0.032969 0.049862 0.076355 0.099103 0.070305 0.064500 0.096618 0.071763 0.031221 0.041566 0.080158 0.088044 0.057516 0.025951 0.046541 0.040642 0.020695 0.020003 0.033229 0.074484 0.102293 0.084536 0.084530 0.108858 0.090845
7.741501 0.004688 82.0599 82.0599 0.000000 0.180473 0.249879 0.178758 0.176730 0.104607 0.069481 0.137856 0.161833 0.107700 0.084221 0.208988 0.220126 0.179769 0.077525 0.135429 0.342146 0.417742 0.304547 0.187965 0.098954 0.079741 0.117215 0.138254 0.130688 0.086481 0.121402 0.125367 0.111239 0.084692 0.166457 0.328820 0.374514 0.246005 0.174193 0.112382 0.022944 0.090923 0.111664 0.102651 0.110460 0.095795 0.076187 0.043867 0.101274 0.169561 0.133884 0.201556 0.331337 0.343784 0.236672 0.177920 0.190175 0.148540 0.129458 0.094228 0.091698 0.079560 0.075301 0.053404 0.036785 0.063093 0.120204 0.181063 0.161591 0.097945 0.091597 0.164415 0.214634 0.197302 0.109835 0.091300 0.078010 0.087267 0.143045 0.125815 0.088213 0.026076 0.062435 0.043695 0.033007 0.065319 0.093531 0.046225 0.072687 0.053842 0.029751 0.058190 0.050982 0.038614 0.056649 0.024742 0.040050 0.040564 0.022361 0.022090 0.030243 0.051683 0.084629 0.070224
7.791953 0.004563 163.1830 163.1830 0.000000 0.105726 0.157156 0.121520 0.095722 0.016824 0.023018 0.065962 0.024863 0.069232 0.098531 0.249085 0.183214 0.178854 0.112280 0.108652 0.203235 0.279087 0.163682 0.102646 0.087484 0.125392 0.223367 0.302203 0.262241 0.138629 0.118850 0.162824 0.174081 0.190638 0.178205 0.164223 0.262867 0.378199 0.293066 0.166610 0.100444 0.115516 0.127775 0.082375 0.062418 0.046618 0.036710 0.039570 0.093506 0.130919 0.054204 0.106501 0.172008 0.205951 0.092444 0.048303 0.185931 0.186053 0.033418 0.109547 0.188365 0.174881 0.091552 0.031236 0.052222 0.076577 0.048213 0.063234 0.074287 0.068571 0.149759 0.215683 0.218394 0.124306 0.066538 0.064134 0.090494 0.092719 0.064605 0.072822 0.070652 0.062381 0.071043 0.060462 0.048200 0.066656 0.078545 0.042859 0.040623 0.065403 0.049806 0.036385 0.069820 0.047968 0.038790 0.035379 0.058691 0.054674 0.026594 0.017244 0.059080 0.085138 0.057903 0.015560
7.840398 0.004550 63.4801 63.4801 0.000000 0.183151 0.073919 0.156554 0.123633 0.107108 0.130439 0.176467 0.209362 0.220633 0.235996 0.283337 0.340753 0.302982 0.146770 0.102296 0.130679 0.075314 0.205587 0.162599 0.095275 0.056970 0.090690 0.132030 0.229104 0.325398 0.286013 0.175312 0.113484 0.158713 0.189805 0.083764 0.060005 0.158810 0.293822 0.185332 0.153261 0.116074 0.066737 0.102749 0.034413 0.033106 0.114165 0.152529 0.133518 0.125300 0.116023 0.086156 0.057783 0.039293 0.037376 0.060657 0.152686 0.141086 0.241171 0.146131 0.063332 0.151058 0.176202 0.201292 0.164310 0.093838 0.084282 0.099688 0.069479 0.030828 0.034541 0.059146 0.087945 0.095071 0.045280 0.146245 0.134862 0.103910 0.114773 0.040482 0.064293 0.086512 0.089774 0.052030 0.072542 0.061852 0.037477 0.075234 0.120911 0.090479 0.026952 0.040311 0.077776 0.110591 0.113736 0.118678 0.061328 0.057549 0.048213 0.069991 0.055466 0.036931 0.045567 0.050652
7.888865 0.004507 126.6991 126.6991 0.000000 0.204823 0.282262 0.246622 0.113310 0.106241 0.141140 0.247834 0.261858 0.242834 0.232602 0.158412 0.171430 0.307320 0.265832 0.193430 0.150689 0.163048 0.138347 0.135596 0.121368 0.125990 0.148291 0.104322 0.146462 0.282405 0.201958 0.109036 0.139332 0.153079 0.129904 0.138627 0.124728 0.124470 0.262445 0.224007 0.178837 0.143681 0.019904 0.119322 0.161254 0.168758 0.251252 0.237264 0.170399 0.150273 0.085099 0.070313 0.107833 0.095853 0.066298 0.094967 0.213057 0.287684 0.250138 0.165985 0.146781 0.152048 0.042926 0.109937 0.140665 0.070651 0.080192 0.091356 0.077708 0.063271 0.033355 0.028538 0.040982 0.049885 0.096204 0.096862 0.056159 0.054603 0.105659 0.096941 0.056009 0.067254 0.064496 0.092061 0.109664 0.076062 0.028927 0.092497 0.158977 0.115987 0.051481 0.044740 0.063752 0.087984 0.095285 0.082260 0.108186 0.066511 0.028296 0.079150 0.069154 0.065499 0.088172 0.064641
7.930042 0.004562 73.4649 73.4649 0.000000 0.104014 0.185135 0.244542 0.243638 0.143635 0.118323 0.214203 0.186718 0.146875 0.177185 0.128109 0.110490 0.244731 0.338657 0.296826 0.176478 0.193661 0.127037 0.138775 0.139969 0.309448 0.349847 0.192986 0.199470 0.278481 0.205692 0.085995 0.114834 0.173467 0.193461 0.198831 0.219436 0.247157 0.174223 0.086729 0.149504 0.104424 0.060340 0.163205 0.270653 0.256424 0.177743 0.186799 0.118169 0.190477 0.119337 0.063098 0.080358 0.114863 0.115458 0.116396 0.161654 0.146585 0.080252 0.066505 0.086807 0.086212 0.067473 0.086031 0.055574 0.128982 0.055137 0.046522 0.016956 0.102552 0.094661 0.049705 0.035453 0.067035 0.042320 0.049748 0.048644 0.041964 0.053777 0.054936 0.047305 0.045883 0.051392 0.082301 0.079431 0.041112 0.063237 0.173019 0.198889 0.088530 0.035476 0.024776 0.043722 0.083065 0.085375 0.074420 0.056099 0.053788 0.053540 0.042899 0.022883 0.049688 0.095513 0.067860
7.979882 0.004721 103.6014 103.6014 0.000000 0.060490 0.091662 0.051251 0.212533 0.125751 0.024029 0.237307 0.289603 0.143027 0.303973 0.230373 0.129250 0.161459 0.232800 0.286626 0.281761 0.140422 0.217748 0.317415 0.298295 0.317003 0.200998 0.190864 0.170566 0.078235 0.161674 0.224840 0.238205 0.145314 0.095251 0.161908 0.174379 0.126913 0.079112 0.095977 0.163049 0.167755 0.137588 0.102134 0.088399 0.163225 0.207461 0.135322 0.065671 0.042297 0.095455 0.093688 0.038179 0.073028 0.067733 0.022077 0.036743 0.075692 0.090492 0.110890 0.142113 0.171352 0.123184 0.052702 0.048084 0.147216 0.193654 0.113796 0.085946 0.016817 0.064065 0.097308 0.090729 0.052391 0.066726 0.035189 0.075892 0.072741 0.029022 0.047434 0.020838 0.072712 0.138717 0.126194 0.066423 0.075336 0.049244 0.070025 0.118314 0.086448 0.028556 0.028301 0.065696 0.056423 0.042200 0.055225 0.082683 0.100110 0.053449 0.020387 0.035893 0.037007 0.047056 0.065433
8.029954 0.004629 44.9793 44.9793 0.000000 0.149340 0.055870 0.103438 0.204322 0.135631 0.055168 0.241871 0.457467 0.489654 0.316681 0.160470 0.175892 0.226944 0.148849 0.193670 0.200180 0.257195 0.330142 0.332950 0.110686 0.237787 0.242222 0.189492 0.175443 0.175399 0.135375 0.172898 0.222335 0.068873 0.140811 0.105523 0.013964 0.143181 0.102364 0.092073 0.204216 0.199466 0.078849 0.089152 0.139630 0.076080 0.181393 0.201791 0.048230 0.095050 0.094818 0.118494 0.132521 0.114875 0.148226 0.116981 0.079658 0.089268 0.019309 0.116273 0.072113 0.132665 0.145633 0.082727 0.093910 0.115760 0.159634 0.150744 0.181638 0.126546 0.099404 0.124636 0.074745 0.109816 0.182020 0.173899 0.117185 0.094940 0.083353 0.040710 0.032717 0.028928 0.036988 0.057032 0.046240 0.067809 0.107947 0.065091 0.076697 0.104987 0.023501 0.058637 0.054423 0.033098 0.069622 0.072324 0.008856 0.026735 0.060809 0.095470 0.073345 0.042339 0.007944 0.018296
8.082226 0.572998 234.2362 234.2362 0.000000 0.196638 0.283309 0.244147 0.267474 0.260352 0.445950 0.243430 0.529274 0.474126 0.424783 0.277237 0.296980 0.476204 0.358076 0.418560 0.344266 0.153313 0.454347 0.367369 0.430660 0.301741 0.089444 0.347705 0.219703 0.270663 0.233489 0.615909 0.387145 0.479265 0.639491 0.663595 0.531746 0.569623 0.446761 0.330517 0.323034 0.348855 0.688769 1.183584 1.771627 2.255689 2.982860 3.224044 3.903255 4.056912 4.157825 4.143894 4.047611 3.935483 3.358846 3.043810 2.619574 2.204761 1.754346 1.476378 1.087009 1.111333 0.871585 0.704373 0.671260 0.531475 0.651103 0.525327 0.411214 0.390079 0.371510 0.337513 0.362432 0.303044 0.468892 0.333113 0.536483 0.500287 0.467187 0.597958 0.584324 0.514378 0.530870 0.582252 0.499615 0.435526 0.392565 0.515047 0.513169 0.431395 0.586394 0.562123 0.675255 0.671470 0.613044 0.665943 0.579632 0.554875 0.502597 0.449674 0.445227 0.444553 0.462952 0.454779
8.129610 1.071721 235.7714 235.7714 0.000000 2.703081 1.421029 0.987346 2.696807 5.760008 9.369083 11.995769 12.414849 10.686532 7.701399 6.468378 8.073109 9.502020 9.211263 7.320890 4.758019 2.424719 1.466097 1.750930 1.599100 1.293346 1.154844 0.779091 0.537520 1.563024 2.630445 2.392382 1.937578 3.826514 6.821296 9.327855 10.982597 11.548287 11.316832 10.976288 11.245002 12.163598 15.072739 19.978400 24.879722 30.020276 36.603849 42.551399 50.998721 68.951342 89.255402 96.114531 83.070764 56.210710 28.302600 10.889219 6.748505 8.031623 9.096185 9.482173 9.453079 9.248745 9.021094 9.093009 9.442171 9.934714 10.235723 10.093781 8.993306 6.851367 3.842670 0.549440 3.516933 6.634736 8.454030 9.062036 8.513891 7.431530 6.765383 6.795450 7.235768 8.055140 9.756662 12.614692 15.672568 18.133410 18.105140 14.763006 9.959221 10.245444 13.948306 14.352816 11.121374 7.395215 6.045142 6.461138 7.265214 7.510053 6.131712 2.903408 2.157800 5.503220 9.236315 11.707178
8.180008 1.175035 229.0132 229.0132 0.000000 1.995939 5.384923 6.337095 7.503511 12.186502 21.694278 31.741861 34.106086 23.180273 4.864978 11.167759 17.727401 19.728205 17.481682 12.096782 5.728207 1.853645 1.586450 2.696639 2.279875 1.048893 2.851742 2.406970 2.011935 4.522015 7.866489 7.016252 7.831228 9.236499 14.094793 19.508423 20.871819 18.518621 18.728308 18.306778 12.336196 18.561013 25.909911 32.567375 35.028438 41.549162 69.553152 56.261136 90.764569 242.000867 264.100181 175.574073 90.265204 45.648858 21.523766 13.088169 15.095526 8.571364 15.030790 15.564493 7.949995 13.140291 13.232494 13.067821 18.165185 20.369890 16.174289 14.487013 12.832310 9.074182 9.760851 11.255562 15.252806 17.107898 11.246243 9.348981 8.440382 7.457064 12.644862 9.948416 11.443459 25.171616 30.996454 32.897882 38.596371 33.962541 23.466439 34.882510 47.350986 45.020895 35.121093 22.119962 7.516827 11.516808 20.620286 15.473853 7.736252 8.141884 12.943020 17.419437 20.630082 24.523115 25.918651 20.681911
8.241469 1.177354 227.4352 227.4352 0.000000 5.571311 9.178731 7.327740 4.103331 6.878147 14.242564 23.849956 29.239438 23.197156 12.937544 9.734730 10.133191 11.199413 10.234373 7.078496 5.545386 2.745847 0.950220 2.536717 3.569495 2.815384 2.804964 3.784707 3.921576 6.812114 10.419197 12.095784 9.895573 3.511936 10.449814 9.622872 10.053084 8.204295 9.591631 14.855255 12.240319 10.322577 5.386806 23.661370 13.901867 20.603563 44.219952 92.000044 177.280367 259.500082 200.219499 89.134636 45.736562 30.838379 12.511485 9.033963 16.301772 14.322157 17.834351 12.098499 7.429014 5.883248 4.068493 6.607224 15.053651 12.574088 3.568184 10.756246 12.462243 9.795519 5.808735 5.264796 12.030310 12.547416 6.104083 9.993518 7.804900 9.039418 9.811289 7.780596 13.092605 17.776417 11.980033 18.825893 35.388225 41.984568 44.576514 43.712826 36.743877 36.899062 30.689652 17.827751 14.402494 21.971789 21.595973 7.708004 9.781733 12.884633 10.121246 9.309717 11.230648 16.509115 13.855339 8.941826
8.299982 1.038721 229.4704 229.4704 0.000000 5.993856 6.712148 3.922238 1.828344 1.244865 1.936647 3.904726 6.485852 7.281856 6.278097 3.306280 1.139742 0.336201 2.287188 2.521939 2.664720 3.192093 1.499507 1.064724 2.014476 2.144614 1.122427 1.415870 3.252378 4.462466 4.237836 3.893175 6.197906 6.416718 4.937566 3.673846 1.758346 1.398603 4.595735 7.874161 8.703884 11.691422 12.070723 16.804359 26.367111 29.305077 24.138239 33.057605 64.028024 95.927773 104.743797 80.224514 40.684611 11.339878 3.437310 6.434751 8.425020 9.418804 11.163970 13.011762 11.566617 7.291811 3.877513 1.721539 3.724587 4.400707 3.936126 4.512212 4.346363 3.399636 3.311861 2.996253 1.551870 2.717132 4.572149 5.884451 6.130639 5.403329 4.741902 4.008323 4.350624 4.488183 3.250017 3.506260 4.405856 5.185757 8.853186 14.907265 18.420882 16.304768 6.400513 6.557032 10.717165 9.088926 6.696913 7.454597 10.064092 10.611861 9.012353 6.854071 4.140250 1.614522 1.219227 3.002837
8.348878 0.487282 225.4770 225.4770 0.000000 5.026394 1.694651 1.092297 0.542453 0.134408 0.247731 0.295189 0.688443 0.594385 0.155591 0.501060 0.625705 0.923625 0.749763 0.743515 1.267754 1.192903 1.299418 0.951344 0.616337 0.530633 0.220087 0.578621 0.897280 0.890472 0.830853 0.793472 0.852373 1.034453 1.198712 0.785656 0.481134 0.764903 1.370060 1.061355 2.274278 3.536557 2.802972 4.137579 8.795413 12.733749 14.228201 13.346479 13.737182 14.790661 11.914460 8.715194 8.008455 8.243526 7.167258 5.330232 4.062918 2.411162 0.993262 0.558703 0.601345 0.764848 1.108451 2.021070 2.172198 1.235168 0.724711 1.206286 1.259025 0.797541 0.462379 0.527275 0.548723 0.677381 0.650236 0.753279 0.932646 1.106739 0.743656 0.339172 0.475973 0.503630 0.216590 0.295626 0.302506 0.320598 0.447452 0.561224 0.588051 0.499849 0.457237 0.783758 0.951963 0.864791 0.808329 1.552209 1.927560 1.698537 1.215590 0.763544 0.594733 0.741675 1.019109 1.247558
8.392985 0.080697 203.6530 203.6530 0.000000 0.096891 0.181939 0.201438 0.137723 0.068154 0.065372 0.193342 0.170210 0.284570 0.271450 0.241079 0.289845 0.259287 0.170294 0.163808 0.257931 0.227333 0.200468 0.222900 0.088879 0.174851 0.219373 0.173293 0.066055 0.101585 0.034205 0.056766 0.066885 0.088972 0.043717 0.268775 0.312292 0.277692 0.212749 0.322361 0.403505 0.446614 0.745993 1.066729 1.522140 2.098242 2.046360 1.955807 1.676320 0.874706 0.313670 0.754276 0.718646 0.523857 0.100440 0.325286 0.334018 0.103875 0.182878 0.197453 0.095000 0.083711 0.087676 0.061796 0.135896 0.202925 0.155246 0.182661 0.201037 0.075629 0.111331 0.123683 0.041836 0.061868 0.147307 0.092869 0.072232 0.071534 0.139169 0.049147 0.160061 0.173532 0.099442 0.086214 0.102848 0.096168 0.073954 0.070814 0.092109 0.099174 0.079027 0.069435 0.071072 0.052089 0.077650 0.118797 0.080688 0.102225 0.112425 0.110722 0.062969 0.025005 0.038727 0.054493
8.440523 0.008262 154.0280 154.0280 0.000000 0.109165 0.249908 0.200451 0.101648 0.101056 0.155107 0.273705 0.339503 0.255953 0.254633 0.266779 0.264064 0.197838 0.152335 0.184796 0.151767 0.107227 0.156755 0.212372 0.269033 0.299573 0.183024 0.084472 0.118999 0.085139 0.054773 0.130521 0.184867 0.214091 0.328361 0.409091 0.252487 0.071483 0.197304 0.239250 0.214671 0.082402 0.162600 0.203286 0.227519 0.127833 0.121493 0.075092 0.135277 0.084598 0.131326 0.080766 0.073476 0.022586 0.109227 0.063507 0.148294 0.246118 0.176619 0.085706 0.081251 0.074022 0.078008 0.129350 0.134470 0.084988 0.084449 0.129536 0.114039 0.101072 0.097193 0.053810 0.069883 0.118106 0.066048 0.060730 0.029114 0.054163 0.029759 0.104955 0.141986 0.073051 0.032179 0.023799 0.085281 0.124902 0.136949 0.058545 0.047600 0.071807 0.101983 0.061649 0.058778 0.044483 0.074764 0.073903 0.047609 0.044588 0.047198 0.036100 0.026081 0.048249 0.075879 0.061658
8.489979 0.004806 40.5061 40.5061 0.000000 0.116304 0.201243 0.107791 0.019258 0.065053 0.195942 0.136951 0.315827 0.205320 0.153060 0.049332 0.102137 0.092395 0.081525 0.126805 0.039128 0.118517 0.141355 0.145888 0.260249 0.197891 0.201233 0.221742 0.191626 0.125808 0.159887 0.242085 0.268131 0.291741 0.252094 0.253778 0.207438 0.138362 0.086592 0.141063 0.137347 0.067422 0.078658 0.109416 0.199320 0.286658 0.252700 0.167512 0.098860 0.100037 0.089702 0.028510 0.072219 0.159037 0.140855 0.108912 0.195596 0.187809 0.092499 0.118721 0.136621 0.083465 0.081558 0.091118 0.039428 0.072100 0.087828 0.119058 0.095205 0.080261 0.080663 0.093738 0.165725 0.132331 0.078601 0.066809 0.049385 0.008852 0.067344 0.090482 0.033251 0.075586 0.109407 0.114366 0.010564 0.141015 0.129970 0.068829 0.088693 0.124670 0.086461 0.105116 0.122204 0.076788 0.035423 0.043808 0.013846 0.035086 0.038631 0.034961 0.023884 0.060903 0.046718 0.049591
8.540042 0.004718 206.0620 206.0620 0.000000 0.144173 0.152538 0.044016 0.071583 0.103222 0.173520 0.169973 0.352368 0.387125 0.163871 0.080332 0.158768 0.129888 0.055258 0.108982 0.096255 0.170333 0.175281 0.159236 0.258900 0.177362 0.156742 0.128284 0.121747 0.080073 0.135663 0.197572 0.065882 0.180573 0.166987 0.211356 0.106194 0.116341 0.167014 0.169256 0.207628 0.221464 0.235506 0.148305 0.215937 0.430493 0.312606 0.120298 0.170149 0.172942 0.079403 0.078997 0.167362 0.168280 0.157629 0.181213 0.109062 0.114871 0.143910 0.141624 0.090735 0.103912 0.123630 0.123220 0.123820 0.084972 0.089813 0.057308 0.047492 0.061073 0.135791 0.135849 0.105051 0.041696 0.068023 0.116016 0.118707 0.084500 0.086828 0.105270 0.086453 0.077706 0.077320 0.109850 0.125643 0.083790 0.077373 0.060365 0.075201 0.104208 0.086423 0.082444 0.077348 0.072799 0.071979 0.043528 0.035401 0.043723 0.028424 0.029047 0.060821 0.081893 0.073421 0.070299
8.589969 0.004696 214.8985 214.8985 0.000000 0.125817 0.061547 0.093768 0.140454 0.182700 0.133226 0.095550 0.220593 0.319256 0.238109 0.118566 0.138501 0.181789 0.132326 0.131358 0.144413 0.123134 0.170589 0.089907 0.118254 0.337209 0.327548 0.116305 0.038052 0.047073 0.053947 0.035189 0.135900 0.186234 0.119386 0.186974 0.232765 0.127470 0.117317 0.197574 0.140169 0.103867 0.224944 0.217131 0.152019 0.207844 0.343043 0.467069 0.252313 0.058446 0.231400 0.276397 0.122756 0.149047 0.173790 0.095721 0.129434 0.216689 0.194290 0.133831 0.110913 0.108577 0.103482 0.055798 0.063351 0.077541 0.057943 0.151530 0.144605 0.067188 0.045184 0.068059 0.139211 0.155963 0.087814 0.079693 0.098875 0.057189 0.077772 0.137611 0.150726 0.148382 0.144612 0.098495 0.052183 0.056125 0.061804 0.120860 0.136757 0.091367 0.063643 0.017964 0.055120 0.085592 0.057532 0.029267 0.008264 0.047042 0.088778 0.074949 0.046467 0.056961 0.071620 0.052332
8.638972 0.005140 105.0096 105.0096 0.000000 0.187091 0.157695 0.115123 0.074292 0.138669 0.151688 0.103551 0.214176 0.246666 0.207245 0.249700 0.272382 0.151494 0.017102 0.082918 0.234994 0.245350 0.129647 0.047727 0.210040 0.377591 0.161712 0.212019 0.133155 0.083038 0.081455 0.077431 0.100176 0.174753 0.225310 0.215368 0.189551 0.200209 0.201633 0.140164 0.106729 0.132653 0.130564 0.051353 0.069854 0.137436 0.085697 0.282548 0.295985 0.228661 0.332995 0.291674 0.221649 0.198535 0.125183 0.086649 0.136446 0.161029 0.171255 0.168730 0.089069 0.095424 0.162212 0.106582 0.050787 0.059178 0.111582 0.073897 0.097268 0.102923 0.072902 0.050082 0.147873 0.133955 0.088235 0.082151 0.093089 0.094496 0.071957 0.065260 0.077445 0.075485 0.107676 0.117543 0.062319 0.074913 0.067134 0.106022 0.150101 0.068976 0.060834 0.034399 0.068592 0.091987 0.082201 0.059232 0.047040 0.027163 0.054259 0.078983 0.055278 0.053965 0.069117 0.062690
8.680267 0.004929 104.9820 104.9820 0.000000 0.296385 0.321704 0.125835 0.045040 0.106448 0.095250 0.172430 0.351890 0.421041 0.391747 0.385496 0.340986 0.208329 0.127454 0.170358 0.208305 0.157455 0.092721 0.053360 0.230240 0.450117 0.364477 0.367202 0.227509 0.130883 0.127536 0.076440 0.043496 0.122946 0.265202 0.301933 0.278395 0.302624 0.241094 0.096677 0.094465 0.120764 0.135619 0.071390 0.031484 0.148852 0.186420 0.155275 0.096418 0.296785 0.298829 0.125294 0.061137 0.106115 0.114862 0.063374 0.093467 0.137399 0.160641 0.164199 0.089643 0.100788 0.214186 0.209173 0.101200 0.080118 0.058569 0.099332 0.140588 0.143722 0.053136 0.086256 0.186969 0.201194 0.150166 0.098572 0.099956 0.103263 0.071298 0.053049 0.057026 0.068647 0.106914 0.106728 0.059083 0.053443 0.074493 0.191909 0.175835 0.083853 0.061301 0.034931 0.076992 0.071200 0.048690 0.070810 0.090598 0.095815 0.100515 0.067404 0.045736 0.057829 0.034841 0.025192
8.730002 0.004896 10.0270 10.0270 0.000000 0.325886 0.449137 0.242272 0.094804 0.065870 0.195597 0.367657 0.370978 0.175695 0.179746 0.156892 0.204725 0.015406 0.168131 0.093175 0.008190 0.067074 0.090369 0.214323 0.337318 0.435544 0.362096 0.227374 0.158937 0.165369 0.160124 0.127474 0.078152 0.199305 0.209612 0.298242 0.286682 0.211299 0.130885 0.060960 0.130620 0.164627 0.138655 0.161784 0.168131 0.093602 0.160435 0.150564 0.155083 0.090863 0.068208 0.044873 0.129655 0.113946 0.130125 0.170476 0.177587 0.117097 0.069639 0.164440 0.174971 0.186854 0.103616 0.039270 0.088561 0.115152 0.127674 0.076235 0.055178 0.142657 0.162049 0.038860 0.122248 0.131990 0.067286 0.031438 0.073228 0.047892 0.064112 0.088640 0.076205 0.068337 0.097854 0.164576 0.172462 0.126750 0.064523 0.024471 0.047531 0.094176 0.079798 0.028246 0.064532 0.104067 0.066923 0.071994 0.079688 0.058708 0.026951 0.050363 0.070926 0.079915 0.080018 0.058478
8.779979 0.004944 34.8797 34.8797 0.000000 0.183550 0.380344 0.295966 0.019695 0.151383 0.381274 0.475113 0.231600 0.042366 0.087045 0.127348 0.216497 0.268068 0.209026 0.118784 0.180247 0.187544 0.132781 0.046118 0.088316 0.149111 0.104198 0.061339 0.035462 0.118324 0.082866 0.178978 0.132192 0.055587 0.044328 0.128071 0.073889 0.055043 0.130439 0.063116 0.046384 0.128949 0.155779 0.031502 0.113882 0.086092 0.150132 0.158804 0.168836 0.217060 0.214737 0.201604 0.122245 0.081537 0.027806 0.095944 0.069942 0.133837 0.076391 0.111411 0.095338 0.174620 0.121396 0.091394 0.098066 0.046781 0.078967 0.067656 0.058521 0.065703 0.099727 0.112020 0.093949 0.067726 0.042149 0.089443 0.110440 0.072353 0.040321 0.058535 0.040451 0.056951 0.069256 0.093203 0.035530 0.066144 0.020913 0.037476 0.050151 0.075406 0.081777 0.051226 0.048685 0.100603 0.091813 0.070873 0.032315 0.042038 0.036709 0.079248 0.075515 0.066364 0.044798 0.048031
8.829921 0.004453 79.8205 79.8205 0.000000 0.111948 0.327629 0.300953 0.082477 0.130912 0.331030 0.265507 0.206799 0.068351 0.134764 0.261939 0.152347 0.252434 0.171875 0.196800 0.372344 0.240400 0.048768 0.116292 0.101593 0.101768 0.062996 0.110811 0.166452 0.171762 0.154536 0.190839 0.167867 0.062023 0.092450 0.168566 0.159651 0.207685 0.242002 0.141005 0.085007 0.094182 0.215057 0.162792 0.067589 0.052157 0.103759 0.126566 0.150658 0.123177 0.265664 0.226008 0.170395 0.151337 0.143046 0.098083 0.143248 0.156997 0.109024 0.127707 0.163489 0.150564 0.126357 0.120024 0.087805 0.100319 0.049898 0.060640 0.075611 0.050490 0.058314 0.039566 0.073018 0.063602 0.081425 0.059865 0.083400 0.076817 0.073646 0.076585 0.030838 0.068443 0.091141 0.111570 0.103431 0.072869 0.044629 0.011460 0.033830 0.051031 0.056866 0.047434 0.088673 0.109144 0.107940 0.077091 0.054914 0.069151 0.093471 0.094435 0.076560 0.070470 0.051125 0.036291
8.880431 0.720202 244.3667 244.3667 0.000000 4.343021 0.712891 1.004732 0.901141 0.998922 0.681944 0.824225 0.679820 0.390103 0.763381 0.407803 0.581172 0.700423 0.244039 0.350325 0.549373 0.197005 0.171251 0.433852 0.395177 0.287454 0.521430 0.348138 0.543059 0.272820 0.478932 0.434172 0.345459 0.285322 0.172751 0.312697 0.573904 0.375308 0.709499 1.032458 1.330370 1.998610 2.272154 2.943160 3.395538 3.820070 4.449200 5.482016 6.964300 8.979676 10.823406 12.010116 12.593255 12.874808 12.043556 10.843700 9.315728 7.609125 5.990564 4.436691 3.327023 2.403987 1.894745 1.580166 1.234732 1.000605 0.980807 0.801709 0.775431 0.660102 0.640701 0.475058 0.313721 0.333054 0.195482 0.201823 0.298773 0.406477 0.400739 0.338820 0.465127 0.576437 0.552202 0.586232 0.526235 0.613210 0.687436 0.769962 0.978848 1.240343 1.454199 1.858544 2.225303 2.590388 2.818202 2.973568 2.930898 2.678054 2.280023 1.808320 1.256000 0.732236 0.388099 0.399617
8.929927 1.136595 232.2834 232.2834 0.000000 4.115532 6.118364 8.171142 9.615017 11.931932 14.588148 15.867545 14.762954 11.860756 7.766766 3.590071 2.021779 3.424212 4.689658 4.415096 3.537392 2.955699 2.672551 2.119370 2.003884 1.560125 1.491833 3.560987 4.932518 4.709754 3.009596 1.591769 1.563087 2.131633 3.030105 2.540347 0.789141 2.370402 3.804878 4.982541 7.072231 10.119973 15.632178 18.991671 15.207263 9.720205 19.252033 34.964812 52.441012 85.582522 125.551081 141.079749 117.794912 71.211374 31.432348 18.120973 18.506997 20.455005 18.750800 12.531467 5.320578 1.758618 3.170658 4.211137 5.133233 4.750390 2.548654 1.717856 2.941062 2.827686 1.691463 1.285265 2.445092 4.068110 4.271864 2.709559 1.781501 3.320680 3.822997 3.566728 3.239366 1.966042 1.799631 5.797840 8.942721 9.959633 8.852362 8.014328 12.950502 24.249926 35.343496 39.111022 32.954697 21.340648 13.306984 11.755521 11.007377 10.553361 11.538760 12.421922 11.473413 9.245454 7.218623 5.351337
8.979972 1.186155 227.2168 227.2168 0.000000 3.449386 9.173442 14.108493 10.493920 16.782928 28.683862 31.978179 27.352789 19.668391 12.972545 7.067575 6.454804 9.789333 11.690955 11.055541 9.020886 5.191925 1.482231 3.387175 3.582782 3.192222 7.401914 10.862677 10.175572 5.845344 3.582731 5.730731 8.173998 8.952803 7.054097 5.418259 4.647079 2.515831 4.622285 6.572150 10.781441 22.504502 27.524212 13.527924 19.208798 31.682841 45.793006 70.908151 198.732757 302.173809 227.432763 78.520997 24.761824 3.037188 22.001555 27.452371 25.297078 17.737684 8.045233 4.175162 2.491586 5.083019 10.022751 8.715615 4.818909 6.882063 8.209795 5.567121 2.889387 4.579373 8.417279 11.340580 10.371048 8.068990 7.242106 5.013721 2.334138 6.124061 6.140448 8.190517 14.992434 17.464413 11.726666 8.874965 0.790564 22.129484 49.767195 74.192091 73.072035 39.348465 17.418621 21.670971 13.438864 18.677874 29.581055 24.991356 15.697040 10.967143 8.911953 9.791996 9.084267 10.598135 12.075865 9.172429
9.040318 1.187395 236.9906 236.9906 0.000000 2.799258 7.627132 13.441484 11.886087 13.013520 16.118309 17.596972 17.553398 11.419306 9.632275 7.909250 3.443478 5.570964 8.448563 7.077292 8.751103 6.738243 3.925035 3.662877 2.886650 2.292968 5.224132 6.191720 7.110034 7.771917 5.534174 4.255472 6.272951 7.343570 6.746356 6.880034 5.057996 4.583320 3.548673 2.171778 1.112223 3.099264 8.338825 10.939924 29.008506 18.994597 17.091727 24.511824 36.850661 85.135933 190.192367 246.451895 180.622402 71.408378 22.661178 16.698443 12.182691 9.290526 9.875506 11.559039 12.591260 7.075495 1.963270 2.447986 6.855591 8.447031 6.581130 5.392614 5.842438 7.528336 7.058097 4.977420 3.396580 6.085882 9.886141 9.869807 6.038551 3.964497 4.175002 4.059271 6.043387 6.018654 5.626231 10.177979 12.970125 7.803605 4.235680 7.338705 10.924549 18.684233 35.890024 50.301701 49.600148 34.709684 25.210107 21.911299 11.273411 19.729902 26.458660 15.168680 3.447985 5.857728 4.576893 6.732604
9.099909 0.953637 232.7460 232.7460 0.000000 3.495257 4.940988 6.064595 6.675112 5.856221 3.509094 3.015308 4.200207 3.265357 2.272711 1.842766 2.081458 2.815822 2.794015 1.885277 2.721707 2.388890 0.920007 2.684114 2.184687 2.062566 2.375051 1.234451 1.076566 1.756592 1.293098 1.168477 2.400824 2.503384 1.553138 2.096615 1.619561 1.897288 2.789925 1.217613 2.718933 7.975309 12.359234 18.059682 26.852763 24.836105 23.574958 27.997119 39.150634 58.381393 71.806025 71.217586 57.016133 36.679155 19.690766 9.538209 4.528391 2.033173 1.108207 2.701286 4.260898 4.699919 3.433287 3.004874 3.865703 2.815174 1.009409 0.732362 0.962117 2.415746 3.390950 2.642963 1.492878 1.636471 2.429018 2.679503 1.798087 0.666706 1.030875 2.139606 2.797384 2.165864 1.498754 2.669929 3.626690 3.961761 4.017606 3.485410 2.156293 2.700859 5.301322 7.049285 9.049611 11.318052 11.598493 10.135177 9.253912 9.813364 10.005525 8.285319 5.396909 3.948742 3.999278 3.490212
9.139848 0.368995 199.9544 199.9544 0.000000 0.243723 0.385466 0.150032 0.316614 0.589620 0.722102 1.208701 0.931744 0.732891 0.496316 0.410538 0.299077 0.442656 0.691115 0.842891 0.825041 0.926200 0.946829 0.883400 0.740001 0.779463 0.810750 0.517463 0.477658 0.463994 0.320252 0.262724 0.445508 0.614133 0.766780 0.739961 0.947190 0.903181 0.810473 1.084505 1.698873 3.248054 6.577495 10.482786 12.723133 11.933896 8.718199 8.206126 7.464371 5.532275 4.678694 2.862411 2.314129 1.755701 1.771957 1.005944 0.607824 0.287211 0.610960 0.718612 0.888306 0.683642 0.522746 0.644875 0.663015 0.717954 0.646787 0.567064 0.485138 0.392982 0.412082 0.428483 0.387364 0.332622 0.214141 0.087271 0.088003 0.186267 0.235192 0.123683 0.109504 0.229732 0.219796 0.318074 0.323901 0.086659 0.162819 0.146788 0.164932 0.207334 0.251650 0.320686 0.359799 0.310553 0.300589 0.340815 0.267045 0.162939 0.246180 0.377337 0.496240 0.536843 0.595806 0.592231
9.189951 0.056998 205.3339 205.3339 0.000000 0.078789 0.131583 0.053960 0.064910 0.144169 0.300756 0.223773 0.098292 0.157930 0.218220 0.154003 0.090484 0.093367 0.076792 0.157635 0.188009 0.156777 0.225782 0.322236 0.290054 0.226155 0.174635 0.103290 0.150982 0.210586 0.227335 0.326280 0.245260 0.122294 0.083158 0.064415 0.178100 0.196942 0.063960 0.184915 0.160314 0.244956 0.553001 0.937899 1.407463 1.547294 1.332908 1.350677 1.065620 0.502309 0.219516 0.326738 0.357808 0.262869 0.271498 0.330169 0.271252 0.192211 0.178119 0.156436 0.186848 0.229748 0.156723 0.060604 0.077923 0.114303 0.090099 0.105933 0.149589 0.145243 0.104615 0.063715 0.052746 0.101888 0.085184 0.035404 0.018763 0.073975 0.090083 0.045466 0.039413 0.049596 0.091527 0.075869 0.016773 0.058038 0.057318 0.021894 0.032330 0.093950 0.141604 0.113262 0.061421 0.052898 0.052381 0.045661 0.019307 0.018859 0.030665 0.044438 0.071825 0.076712 0.049177 0.038316
9.244828 0.006651 44.4441 44.4441 0.000000 0.146572 0.107976 0.132027 0.186472 0.327490 0.285364 0.147727 0.357669 0.372583 0.139187 0.182196 0.170208 0.098325 0.176005 0.280789 0.210282 0.231409 0.261766 0.238428 0.232313 0.227021 0.121828 0.060279 0.153687 0.190315 0.280017 0.230567 0.143863 0.209910 0.193310 0.248251 0.281849 0.252855 0.191466 0.101597 0.042137 0.076066 0.175167 0.219850 0.228362 0.133873 0.100014 0.083380 0.102169 0.152688 0.102799 0.102195 0.159417 0.140899 0.117693 0.118292 0.124337 0.103980 0.124263 0.118475 0.106071 0.094428 0.126761 0.103917 0.037887 0.109615 0.099130 0.056168 0.045002 0.111781 0.167981 0.120519 0.041894 0.038083 0.050804 0.044455 0.036678 0.029570 0.065821 0.125731 0.127961 0.095988 0.032806 0.050282 0.035521 0.010788 0.069437 0.113031 0.088628 0.021904 0.049202 0.099493 0.080395 0.034425 0.033591 0.053201 0.047382 0.036777 0.027701 0.029207 0.063411 0.098953 0.039331 0.029975
9.293199 0.005064 44.8841 44.8841 0.000000 0.166336 0.094125 0.136411 0.081677 0.351766 0.414037 0.314034 0.372615 0.474659 0.335543 0.276908 0.147493 0.017232 0.099692 0.257256 0.328614 0.201089 0.103489 0.106126 0.081998 0.147178 0.113802 0.038622 0.179710 0.179434 0.106349 0.268419 0.303418 0.204783 0.182483 0.103276 0.251115 0.256154 0.046789 0.174724 0.176923 0.141380 0.243303 0.267602 0.224392 0.199753 0.143816 0.159185 0.120831 0.160727 0.167603 0.100787 0.126617 0.146934 0.109544 0.180906 0.226893 0.136054 0.070630 0.027583 0.065580 0.154974 0.152477 0.104528 0.054157 0.097342 0.149783 0.073397 0.041549 0.090439 0.148526 0.114063 0.093100 0.052518 0.042074 0.031981 0.040885 0.060615 0.082141 0.101020 0.090702 0.068660 0.117571 0.096226 0.073512 0.043612 0.032798 0.049054 0.029267 0.053588 0.019356 0.043046 0.097671 0.134420 0.065865 0.017540 0.053131 0.082040 0.073975 0.072206 0.089246 0.118632 0.098755 0.055664
9.341820 0.005357 99.9132 99.9132 0.000000 0.020503 0.161549 0.190284 0.164736 0.172179 0.237540 0.210624 0.204064 0.190777 0.262021 0.266023 0.169117 0.161365 0.157291 0.152363 0.087329 0.276805 0.226283 0.266840 0.360539 0.269123 0.075938 0.110663 0.172391 0.266322 0.218214 0.094962 0.095333 0.166067 0.157459 0.111700 0.175881 0.290129 0.250245 0.122107 0.124987 0.127518 0.139491 0.219890 0.228848 0.192470 0.118449 0.134507 0.065775 0.171425 0.173278 0.203582 0.184393 0.103026 0.063014 0.114211 0.136486 0.133485 0.192478 0.176518 0.097096 0.106543 0.116380 0.134927 0.130183 0.105930 0.075220 0.078800 0.116488 0.201401 0.187982 0.118363 0.122140 0.122616 0.058095 0.029426 0.064252 0.092111 0.084519 0.045683 0.032478 0.105007 0.143344 0.168380 0.138602 0.050342 0.069219 0.075044 0.071969 0.030286 0.033503 0.055757 0.085872 0.103407 0.093780 0.076262 0.078732 0.104996 0.129722 0.108486 0.062494 0.085143 0.099060 0.071734
9.389942 0.004992 42.6429 42.6429 0.000000 0.131795 0.194537 0.135081 0.100595 0.034480 0.035184 0.177332 0.343600 0.387098 0.328960 0.210515 0.060103 0.124783 0.273495 0.322536 0.295081 0.116313 0.296589 0.370296 0.371706 0.389156 0.235720 0.123921 0.182293 0.257793 0.227577 0.145880 0.091438 0.070931 0.095095 0.120042 0.077305 0.315250 0.329889 0.138256 0.062093 0.082847 0.101256 0.131899 0.097349 0.130287 0.222064 0.169664 0.076673 0.085671 0.152630 0.270342 0.376677 0.276593 0.092128 0.100721 0.218827 0.251160 0.143987 0.119489 0.165495 0.188168 0.191465 0.173583 0.116424 0.101042 0.206435 0.204780 0.128009 0.177840 0.185611 0.076531 0.154214 0.170630 0.085166 0.061222 0.066432 0.084168 0.099961 0.070395 0.055249 0.100747 0.110461 0.064810 0.107799 0.189333 0.140242 0.115197 0.077392 0.081111 0.059082 0.026212 0.032003 0.059142 0.091149 0.101531 0.069843 0.059036 0.062326 0.069766 0.121780 0.117712 0.083995 0.040471
9.429621 0.005182 47.4712 47.4712 0.000000 0.207147 0.151048 0.088151 0.117188 0.100407 0.076847 0.170552 0.394180 0.513060 0.379869 0.178559 0.128185 0.160763 0.157918 0.218494 0.272960 0.284472 0.373500 0.262422 0.215930 0.349961 0.233235 0.206378 0.118228 0.133855 0.091607 0.091184 0.099444 0.130272 0.155611 0.115411 0.149369 0.254848 0.200262 0.127388 0.097718 0.141716 0.048971 0.144006 0.144131 0.117732 0.161450 0.105882 0.064093 0.052478 0.123362 0.243295 0.269323 0.175291 0.117234 0.179645 0.206519 0.122679 0.164384 0.136189 0.072026 0.152679 0.144161 0.080753 0.158864 0.190514 0.239517 0.118060 0.166872 0.207760 0.138214 0.087857 0.088300 0.099462 0.119731 0.120329 0.093159 0.098028 0.123108 0.097212 0.087145 0.049526 0.062997 0.081163 0.115285 0.099902 0.113179 0.101226 0.107581 0.111969 0.074767 0.033869 0.016986 0.030892 0.073332 0.089313 0.091638 0.084453 0.044664 0.050698 0.042221 0.042203 0.014541 0.010796
9.479973 0.004901 36.6392 36.6392 0.000000 0.199909 0.074420 0.125911 0.206743 0.178049 0.133062 0.250337 0.250156 0.267116 0.282812 0.232588 0.231265 0.226862 0.152648 0.105940 0.126674 0.286577 0.251380 0.175816 0.270862 0.261023 0.059365 0.174518 0.144661 0.161585 0.249561 0.216406 0.147004 0.176743 0.199257 0.200742 0.176442 0.101152 0.045884 0.111438 0.228103 0.239529 0.168664 0.110257 0.036134 0.028079 0.116837 0.136895 0.100370 0.141736 0.078518 0.147691 0.049456 0.100821 0.136244 0.225354 0.178215 0.109499 0.083136 0.051498 0.059131 0.142875 0.198686 0.140243 0.052511 0.080262 0.211874 0.231433 0.240078 0.159638 0.017773 0.023268 0.044361 0.094183 0.130386 0.119778 0.130395 0.129877 0.070715 0.042949 0.030169 0.031118 0.025811 0.023741 0.034981 0.057608 0.091601 0.106235 0.132260 0.095228 0.059135 0.072616 0.060454 0.013455 0.058846 0.061464 0.076327 0.054185 0.037747 0.029531 0.029832 0.024726 0.035294 0.052677
9.529989 0.004458 49.7748 49.7748 0.000000 0.176756 0.180681 0.033100 0.221646 0.194779 0.162868 0.263115 0.154636 0.185076 0.337654 0.212571 0.195910 0.175309 0.073108 0.195876 0.146349 0.050188 0.078369 0.149926 0.255222 0.112155 0.141423 0.132128 0.162409 0.321226 0.255544 0.113402 0.079480 0.144972 0.158801 0.166103 0.103711 0.100659 0.188925 0.294254 0.183369 0.042731 0.064321 0.043988 0.115057 0.156073 0.066878 0.129770 0.178271 0.220388 0.221930 0.201744 0.217857 0.184912 0.130692 0.058345 0.048430 0.078282 0.142672 0.162932 0.153429 0.115700 0.136564 0.147421 0.162684 0.129008 0.145081 0.119703 0.115857 0.092747 0.057764 0.060252 0.095147 0.188989 0.139547 0.073701 0.062013 0.072898 0.068789 0.032305 0.021095 0.045934 0.104405 0.175885 0.173860 0.092859 0.068144 0.092877 0.079058 0.033105 0.016127 0.036075 0.066645 0.065177 0.032656 0.030144 0.023980 0.027983 0.067094 0.079236 0.070246 0.050891 0.023313 0.029241
9.579983 0.004506 54.8686 54.8686 0.000000 0.189604 0.233731 0.246945 0.137757 0.137180 0.214800 0.175810 0.047102 0.049351 0.260507 0.324871 0.277153 0.194228 0.113482 0.147729 0.144539 0.069032 0.041654 0.032835 0.227377 0.282890 0.240954 0.159157 0.091156 0.263135 0.154510 0.044797 0.052629 0.038850 0.060433 0.184435 0.091090 0.037741 0.091842 0.170148 0.222398 0.103392 0.060922 0.083566 0.142457 0.153691 0.085089 0.125422 0.148622 0.174517 0.241787 0.102647 0.144324 0.132775 0.122540 0.108013 0.043854 0.082895 0.137087 0.047326 0.085295 0.233259 0.237473 0.125158 0.116009 0.086236 0.113731 0.144332 0.102132 0.076160 0.068850 0.080054 0.090305 0.148377 0.179271 0.062094 0.068024 0.110228 0.109164 0.042670 0.039942 0.050060 0.073442 0.112868 0.178043 0.081373 0.058290 0.070173 0.110636 0.069507 0.040080 0.042218 0.037546 0.065005 0.052989 0.035720 0.040029 0.031384 0.033491 0.049926 0.077786 0.064822 0.019910 0.032971
9.630000 0.004464 55.1616 55.1616 0.000000 0.140663 0.093537 0.300216 0.185022 0.163337 0.122221 0.108421 0.107750 0.071117 0.250141 0.337493 0.292014 0.167436 0.086353 0.071639 0.177233 0.166664 0.099209 0.048207 0.155376 0.243680 0.233099 0.046941 0.169645 0.246255 0.087301 0.129859 0.144636 0.113871 0.132058 0.191863 0.218689 0.188038 0.151475 0.124284 0.201069 0.170054 0.094135 0.138812 0.121979 0.117826 0.071403 0.087837 0.053590 0.089877 0.172575 0.127867 0.110623 0.187630 0.180666 0.088401 0.013068 0.093872 0.149080 0.098150 0.070879 0.195394 0.235198 0.158547 0.088181 0.075835 0.049033 0.084730 0.022362 0.008836 0.061830 0.099164 0.097449 0.129505 0.163263 0.103952 0.054992 0.028194 0.094847 0.127944 0.120203 0.126692 0.102976 0.120356 0.192144 0.139719 0.103611 0.076900 0.069866 0.067657 0.022362 0.035268 0.028865 0.046632 0.059918 0.036664 0.031922 0.023915 0.024564 0.026395 0.046897 0.063778 0.040697 0.035445
9.679927 0.699174 237.9136 237.9136 0.000000 3.382795 0.823562 0.736143 0.233407 0.234686 0.237323 0.471914 0.557322 0.496397 0.208806 0.429098 0.272918 0.122755 0.279947 0.231807 0.608043 0.428061 0.511722 0.873758 1.000473 1.002432 0.938001 1.189547 1.260076 1.038461 1.401213 1.407151 1.165908 1.327191 1.207174 1.193521 1.196559 1.137463 1.027037 1.293772 1.444399 1.712890 2.074265 2.426808 3.012762 3.879377 4.986477 6.328514 7.895552 9.194406 10.078723 10.614324 10.536936 9.969499 8.932852 7.588912 6.181450 4.724604 3.400057 2.369137 1.553620 0.969688 0.513324 0.276435 0.159975 0.134972 0.191724 0.251738 0.393596 0.494043 0.524332 0.500502 0.585743 0.564642 0.531146 0.503050 0.411323 0.415664 0.324110 0.343126 0.252359 0.304351 0.364231 0.303926 0.580516 0.558835 0.569295 0.633888 0.674633 0.798284 0.783223 0.753867 0.703213 0.582223 0.597510 0.729899 0.981077 1.342154 1.584142 1.802456 1.840707 1.876773 1.795365 1.563037
9.728882 1.132816 228.4141 228.4141 0.000000 9.449925 9.396900 7.437042 6.543134 8.237686 11.112144 13.262684 12.824077 9.860661 5.739144 1.887795 1.365810 2.916009 3.450341 2.788678 1.066701 0.867560 4.251996 8.208318 9.837069 8.196976 4.768540 3.018890 5.345145 9.963956 12.864027 12.051237 7.435561 2.338864 4.113817 8.028696 9.772398 9.759282 9.486769 10.514842 11.767290 10.608547 5.831847 13.618188 28.888838 41.083874 46.905189 51.269852 73.191895 109.875460 130.118897 116.179824 77.753679 39.816366 17.933085 5.392742 7.972547 14.946197 16.412363 14.043431 11.311468 9.567797 8.158313 5.699612 3.161202 3.169853 4.430020 4.108673 2.543508 2.165203 4.710725 6.795523 6.895028 5.932441 4.969737 4.959506 6.617430 9.010462 10.534546 10.785915 10.117032 8.464605 7.059199 8.250529 9.832405 8.001263 3.296882 7.466058 15.255964 21.162195 24.021022 23.362612 20.799824 19.756324 21.261602 22.036252 19.428112 13.856599 7.770688 3.644110 2.496385 1.999680 2.571457 5.306796
9.781209 1.188931 228.8643 228.8643 0.000000 9.478257 13.905534 11.467927 6.502438 13.826950 23.576853 30.028079 30.680362 22.970184 12.720353 7.294609 8.095609 9.538986 7.334618 3.979728 1.896810 2.404374 10.272314 19.603724 20.338312 11.187232 1.891779 3.529944 7.767492 21.154139 25.663551 17.242260 6.740376 5.129251 10.380180 16.138790 16.779569 6.621425 11.073712 14.163464 11.232897 14.636067 20.989978 40.735989 50.541927 45.059273 46.451502 44.643561 134.558624 283.005952 270.054735 136.369389 40.535504 26.992932 24.546640 26.500965 37.357142 40.935390 28.567276 11.966446 19.170796 24.214810 20.806496 16.325533 13.398287 7.770158 4.977825 7.483813 8.648239 14.858202 16.128665 11.893220 7.567255 11.109289 19.631643 27.616892 29.880171 22.420473 12.433954 16.745590 23.605337 28.310853 29.761089 22.427690 10.826089 9.154527 25.569585 47.854027 56.552814 46.543133 27.348918 18.746098 24.222896 32.157980 35.667396 24.331974 11.161163 3.952883 2.344238 1.735824 0.859914 7.488355 12.271162 10.029357
9.843961 1.190438 220.6460 220.6460 0.000000 4.580011 6.809227 10.035710 10.046576 12.096356 13.789407 20.364577 22.972463 14.427645 7.738815 6.577599 9.789634 8.304531 1.570643 4.454112 4.903654 9.428857 14.147185 14.005717 12.470298 7.377779 4.345121 7.295470 14.874685 18.438381 13.284692 4.457193 5.649419 5.783575 8.712037 12.528817 7.630063 9.686659 10.404829 16.240620 17.794767 23.183029 38.743627 6.684827 29.077783 38.205555 91.584836 208.520497 245.158039 141.673918 37.016842 14.424385 18.638028 19.708641 26.991047 30.744005 24.370444 10.395044 18.089321 20.585700 17.255223 16.144436 12.978031 7.341813 6.583603 13.026952 15.640796 12.372675 9.387802 5.504972 4.644411 12.486209 25.062947 27.807282 21.133433 9.715468 8.140674 14.997964 23.778619 29.251549 20.684947 8.330618 7.381310 23.823066 40.757629 40.376531 26.032812 11.012079 3.835009 7.367991 15.309959 21.396377 11.545430 5.776162 6.389039 3.651147 2.436276 5.889246 10.315546 6.816885 9.298604 9.742987 6.876516 13.790045
9.897825 0.975829 229.8357 229.8357 0.000000 2.293550 2.831922 3.653693 4.828450 3.206905 1.243868 2.376627 4.573666 4.116234 1.475025 1.227820 2.656962 4.421931 4.338854 3.230052 3.044926 3.468708 5.182639 4.780774 2.345841 3.484806 3.559143 2.348724 1.936736 2.763649 3.761552 3.404279 4.148853 4.567054 3.137173 2.785067 5.269734 6.382940 3.427897 5.047371 6.276627 14.989732 20.489116 21.144923 26.303617 28.247401 29.093649 34.305442 49.688537 68.464943 77.508810 66.836923 42.137951 17.844192 6.362469 4.083278 3.083704 4.493009 4.822870 6.346761 8.019745 9.637831 7.051328 1.031997 2.887326 3.190290 3.913747 3.170225 4.973229 7.513180 6.658561 3.052375 1.756115 3.260761 2.303880 3.715622 7.435012 6.884393 4.767470 5.615036 5.122609 2.660393 2.347819 6.416143 7.380910 5.329208 3.966558 5.166525 8.299708 10.253817 8.110101 3.679675 3.156287 3.529497 2.722063 3.347506 4.591717 5.865327 6.349138 5.524907 4.430156 3.114656 2.494250 3.797172
9.945847 0.378536 206.9393 206.9393 0.000000 1.635419 0.305199 0.521569 0.650805 0.851646 0.523870 0.280524 0.469142 0.564364 0.624813 0.874888 0.699207 0.784452 0.769662 0.545719 0.693610 0.797439 0.455906 0.687951 1.158775 1.381420 1.157943 0.887038 0.419538 0.131720 0.256814 0.209717 0.338677 0.436317 0.609830 0.943151 0.646311 0.537313 1.291469 2.383572 3.197330 3.569572 3.984450 6.320721 10.102700 12.580117 11.894388 9.983574 9.999486 9.668847 6.831406 4.477826 3.144406 2.952688 2.956169 2.801196 2.520510 1.807203 1.622922 1.504934 1.055553 0.785823 0.755388 0.566978 0.561680 1.117320 1.402275 1.242248 0.894538 0.513892 0.345970 0.507666 0.713239 0.955785 1.167734 1.065502 0.720912 0.644358 0.724836 0.937700 1.225407 1.261775 1.072792 0.828148 0.585972 0.467425 0.406165 0.342211 0.603423 0.602447 0.674026 0.450409 0.273707 0.267664 0.349851 0.559690 0.663246 0.562796 0.540352 0.536561 0.410768 0.287201 0.079058 0.129243
9.993846 0.060100 202.1558 202.1558 0.000000 0.057101 0.201048 0.141668 0.113762 0.277181 0.298705 0.186483 0.060764 0.076578 0.156535 0.185934 0.133099 0.089108 0.149647 0.216614 0.188553 0.158203 0.161898 0.131705 0.089259 0.040199 0.077517 0.125961 0.173659 0.252141 0.235160 0.242380 0.140421 0.130405 0.107159 0.063681 0.208832 0.256430 0.074538 0.272382 0.296930 0.455603 0.749826 1.077772 1.375942 1.481488 1.469404 1.345945 0.996773 0.635688 0.535980 0.578405 0.468649 0.243808 0.288396 0.396077 0.221831 0.189894 0.177836 0.254723 0.198382 0.059479 0.111588 0.103807 0.140289 0.262461 0.159319 0.195740 0.119478 0.056609 0.049169 0.071661 0.071555 0.031345 0.031344 0.068406 0.088706 0.090194 0.065441 0.043438 0.069819 0.099408 0.087294 0.052088 0.070761 0.062499 0.080136 0.057507 0.100057 0.082261 0.084722 0.132570 0.150834 0.062853 0.070351 0.043916 0.045546 0.032762 0.051752 0.065046 0.058166 0.046891 0.028788 0.015264
10.041456 0.006531 272.2151 272.2151 0.000000 0.149000 0.202162 0.142064 0.193569 0.144790 0.084110 0.119613 0.157013 0.093079 0.080962 0.039907 0.073483 0.080527 0.093358 0.217954 0.243377 0.146535 0.148439 0.182049 0.131099 0.092219 0.108293 0.105227 0.105188 0.156066 0.160870 0.195390 0.202197 0.183474 0.133113 0.061595 0.065045 0.108518 0.077014 0.188078 0.118779 0.054025 0.046361 0.107676 0.176648 0.103172 0.076237 0.053669 0.055941 0.038977 0.064528 0.129974 0.060941 0.112083 0.221995 0.181942 0.101239 0.134744 0.256040 0.222496 0.096264 0.031192 0.051903 0.100982 0.125900 0.154995 0.152280 0.129358 0.064765 0.062920 0.057680 0.051882 0.042981 0.062281 0.065715 0.012833 0.017036 0.039561 0.062967 0.125160 0.077483 0.044722 0.008553 0.048375 0.056173 0.096208 0.138116 0.069439 0.051732 0.060701 0.078161 0.092005 0.097867 0.088998 0.057559 0.040611 0.026813 0.039128 0.076980 0.082517 0.049899 0.017947 0.006311 0.020496
10.090240 0.004204 145.7974 145.7974 0.000000 0.129596 0.110691 0.204036 0.203620 0.103856 0.064060 0.122873 0.242762 0.219433 0.129443 0.095470 0.131953 0.155879 0.133965 0.166115 0.227550 0.163343 0.109490 0.200347 0.098525 0.051644 0.092079 0.206389 0.189658 0.116088 0.073835 0.080377 0.256679 0.350933 0.194457 0.137189 0.157658 0.186808 0.160863 0.108068 0.106361 0.113879 0.114090 0.108334 0.108649 0.172756 0.224043 0.172968 0.134095 0.100218 0.036033 0.028355 0.108317 0.192218 0.241101 0.157468 0.038511 0.086317 0.156680 0.269853 0.231887 0.153115 0.111272 0.075755 0.110744 0.120213 0.070967 0.076997 0.092764 0.061354 0.038366 0.026748 0.041110 0.052720 0.073858 0.063634 0.025584 0.041683 0.099183 0.154953 0.131230 0.052087 0.035847 0.063463 0.056995 0.018223 0.053320 0.162607 0.180186 0.146585 0.098184 0.067999 0.063164 0.069394 0.084423 0.083461 0.053641 0.025007 0.017058 0.044517 0.068156 0.031361 0.025778 0.025820
10.139390 0.004258 161.1494 161.1494 0.000000 0.096983 0.047036 0.106023 0.255343 0.242167 0.138507 0.157892 0.281951 0.298123 0.185759 0.137569 0.153225 0.121532 0.069852 0.088900 0.159824 0.202214 0.206130 0.168470 0.097157 0.097394 0.186019 0.285060 0.275563 0.208493 0.126931 0.054176 0.189265 0.281987 0.277803 0.295565 0.328085 0.232361 0.074800 0.035212 0.061834 0.144434 0.192153 0.158932 0.143767 0.163426 0.185483 0.220390 0.193066 0.092549 0.060557 0.115844 0.198277 0.258412 0.150149 0.081949 0.034504 0.098806 0.174446 0.160721 0.086136 0.104482 0.131929 0.099310 0.120135 0.098858 0.064281 0.088050 0.075903 0.036295 0.035037 0.057405 0.055416 0.039663 0.052547 0.039652 0.014336 0.052807 0.126894 0.122018 0.070926 0.020346 0.045540 0.084551 0.056122 0.023341 0.085460 0.182407 0.190301 0.128782 0.091324 0.060706 0.065532 0.085162 0.054503 0.037166 0.028788 0.020589 0.040309 0.042788 0.035590 0.049293 0.043146 0.025649
10.185391 0.004478 26.0652 26.0652 0.000000 0.088826 0.178338 0.169082 0.145039 0.258649 0.144009 0.138542 0.181406 0.151062 0.131122 0.162718 0.205780 0.211724 0.209346 0.172901 0.116911 0.136439 0.084992 0.140585 0.120496 0.187844 0.145117 0.222384 0.089724 0.215772 0.103865 0.072881 0.161573 0.096931 0.113658 0.158766 0.213282 0.194230 0.119015 0.061939 0.057213 0.125429 0.152159 0.099679 0.082216 0.078759 0.091893 0.140777 0.136781 0.114633 0.165160 0.216942 0.275035 0.200235 0.031562 0.047882 0.039745 0.042534 0.078528 0.033830 0.043050 0.049970 0.070030 0.088699 0.096110 0.081374 0.080689 0.093077 0.081952 0.095535 0.133866 0.115611 0.060226 0.061653 0.038343 0.084623 0.071878 0.085159 0.081550 0.041360 0.037513 0.033502 0.034538 0.078148 0.067781 0.048024 0.068023 0.085032 0.082702 0.042972 0.019446 0.027040 0.028948 0.042532 0.052676 0.041929 0.053367 0.083057 0.093602 0.072538 0.030888 0.030626 0.057879 0.059953
10.233320 0.004607 113.6433 113.6433 0.000000 0.080391 0.224713 0.307632 0.303635 0.219752 0.145732 0.113226 0.107410 0.112341 0.090747 0.098096 0.159275 0.223798 0.283419 0.323695 0.280537 0.165718 0.064937 0.075417 0.231202 0.374399 0.396537 0.385901 0.296650 0.208492 0.205966 0.179566 0.122795 0.133683 0.055399 0.021272 0.077857 0.035709 0.087854 0.079710 0.053927 0.132483 0.113376 0.092672 0.071927 0.086311 0.155169 0.180587 0.157706 0.173344 0.142307 0.136051 0.186162 0.125737 0.059727 0.097006 0.100039 0.114862 0.117704 0.064515 0.030753 0.054770 0.073121 0.070902 0.086078 0.093408 0.140761 0.128384 0.108019 0.207282 0.233411 0.131265 0.104372 0.115210 0.119193 0.116767 0.093989 0.049102 0.049332 0.050123 0.031089 0.049200 0.088725 0.069201 0.049579 0.065454 0.047545 0.030670 0.022682 0.034302 0.040117 0.051765 0.036178 0.045717 0.007317 0.024932 0.114170 0.114397 0.031371 0.055008 0.037581 0.064080 0.030123 0.050032
10.281565 0.004693 107.6523 107.6523 0.000000 0.024987 0.165336 0.398834 0.286733 0.184260 0.160014 0.176712 0.200354 0.291208 0.248618 0.098091 0.076516 0.058615 0.136136 0.234180 0.217310 0.158643 0.111607 0.047673 0.181920 0.489214 0.550173 0.321813 0.160119 0.181459 0.239801 0.220970 0.132459 0.147894 0.081122 0.054933 0.067833 0.040771 0.063714 0.137225 0.164271 0.127056 0.020631 0.069613 0.081237 0.071377 0.082556 0.201051 0.129862 0.114381 0.209550 0.173048 0.121066 0.169267 0.146307 0.056081 0.098843 0.143064 0.136579 0.072074 0.058841 0.118959 0.130736 0.071282 0.102611 0.158772 0.132620 0.083466 0.097034 0.188155 0.203197 0.110694 0.058467 0.088508 0.064917 0.053601 0.123152 0.098346 0.032055 0.056736 0.042359 0.081056 0.118430 0.077085 0.052846 0.085380 0.094006 0.072436 0.053586 0.039829 0.063064 0.063141 0.062564 0.065194 0.081482 0.114003 0.081555 0.053034 0.057723 0.052125 0.057141 0.060619 0.074512 0.114120
10.329970 0.004928 106.1822 106.1822 0.000000 0.034006 0.187005 0.321948 0.264457 0.255801 0.296006 0.129455 0.199746 0.357830 0.281883 0.132695 0.061397 0.137654 0.170412 0.057403 0.075091 0.136009 0.138535 0.075853 0.308578 0.428415 0.283588 0.230860 0.337446 0.384543 0.221414 0.182876 0.182315 0.093708 0.056255 0.063559 0.093436 0.112884 0.091782 0.130034 0.167190 0.094907 0.054150 0.052191 0.070618 0.095616 0.102899 0.109328 0.128171 0.211435 0.252323 0.180337 0.105277 0.127570 0.166687 0.105572 0.070281 0.092376 0.094305 0.087225 0.124761 0.136741 0.122323 0.111725 0.115137 0.105400 0.088066 0.112556 0.110548 0.107367 0.038197 0.077804 0.090408 0.064451 0.043229 0.128914 0.154158 0.120248 0.079164 0.036023 0.058302 0.102931 0.071912 0.024581 0.071682 0.140776 0.079072 0.027526 0.024751 0.052571 0.027818 0.036762 0.069003 0.093480 0.067240 0.045116 0.048973 0.079593 0.049138 0.061847 0.015827 0.057333 0.089624 0.120568
10.379953 0.005085 25.4076 25.4076 0.000000 0.191177 0.255483 0.075921 0.255571 0.465776 0.290399 0.051284 0.080780 0.262804 0.190282 0.064211 0.127042 0.219454 0.190926 0.141869 0.159165 0.193588 0.159258 0.212798 0.316241 0.236733 0.117619 0.213807 0.352747 0.321179 0.215372 0.179456 0.175863 0.110060 0.040010 0.024301 0.094353 0.138652 0.074943 0.070964 0.122442 0.115178 0.088715 0.109255 0.156988 0.137485 0.086124 0.079547 0.072183 0.101041 0.183546 0.299883 0.215363 0.168693 0.178267 0.108142 0.077518 0.074482 0.104001 0.085940 0.161613 0.097653 0.127526 0.155372 0.103942 0.129674 0.078441 0.187269 0.127779 0.165649 0.114988 0.026912 0.083568 0.113059 0.071588 0.059438 0.086190 0.089631 0.075267 0.033092 0.041040 0.053074 0.032934 0.042539 0.092479 0.151826 0.107548 0.061050 0.064551 0.029222 0.038560 0.054194 0.048204 0.072929 0.072508 0.063122 0.040654 0.042488 0.070210 0.062510 0.048192 0.030443 0.012676 0.036733
10.430576 0.004923 25.4765 25.4765 0.000000 0.349378 0.298950 0.085657 0.190473 0.445941 0.363283 0.121552 0.081466 0.251192 0.271678 0.138038 0.182227 0.245147 0.113246 0.135801 0.056527 0.157897 0.150828 0.186482 0.234403 0.138240 0.122895 0.172103 0.152631 0.126288 0.158780 0.168842 0.127107 0.128610 0.141694 0.142700 0.214752 0.261822 0.206862 0.163557 0.118683 0.075601 0.115128 0.143308 0.214549 0.124782 0.142703 0.150722 0.046903 0.116499 0.184045 0.287825 0.189509 0.180715 0.230306 0.099747 0.103705 0.086376 0.122003 0.118488 0.128685 0.114385 0.128302 0.132096 0.210052 0.206990 0.197993 0.240474 0.186875 0.143786 0.131459 0.087013 0.068123 0.077495 0.098446 0.098514 0.068463 0.051580 0.044443 0.057527 0.058293 0.037265 0.046327 0.084329 0.145152 0.186867 0.126054 0.083034 0.111681 0.086421 0.061630 0.060087 0.053906 0.097142 0.153179 0.115307 0.049274 0.027508 0.029650 0.037970 0.026574 0.050418 0.040498 0.059802
10.477841 0.371582 216.1589 216.1589 0.000000 0.352311 0.297568 0.139968 0.186055 0.265798 0.342218 0.148045 0.158422 0.176616 0.293757 0.150155 0.223275 0.194098 0.149414 0.186720 0.301306 0.298512 0.264055 0.193390 0.107091 0.168652 0.111164 0.078785 0.147226 0.138534 0.288544 0.278615 0.124811 0.116843 0.134675 0.084817 0.187405 0.333434 0.143572 0.427560 0.147816 0.403899 0.405712 0.730816 0.406326 0.741217 0.617537 0.899980 0.923319 0.673897 0.837137 0.901500 0.807908 0.711329 0.784247 0.633268 0.490392 0.494968 0.388033 0.309566 0.316418 0.266009 0.182783 0.225946 0.232444 0.161854 0.254799 0.222768 0.205083 0.148872 0.110886 0.071534 0.070395 0.055682 0.014170 0.124760 0.173361 0.167910 0.049233 0.106208 0.050184 0.114883 0.126891 0.093449 0.063186 0.114475 0.128860 0.142886 0.095045 0.098289 0.061495 0.030882 0.085977 0.094987 0.132290 0.145021 0.063452 0.086756 0.066916 0.078591 0.118987 0.109529 0.109761 0.089861
10.525715 1.007526 235.5890 235.5890 0.000000 2.259458 3.145615 4.217664 5.277406 6.147196 6.922672 7.455508 8.037299 8.230394 7.809421 6.418059 4.246045 1.883870 1.003684 2.081877 2.739377 2.833638 2.446481 1.475281 0.377355 1.350700 2.516044 2.730142 2.491675 1.235457 0.704202 0.584007 0.611973 1.202155 2.484548 3.830983 4.742914 4.414987 3.331468 3.475281 4.934504 5.497096 5.590507 7.787966 12.065835 16.793244 20.646925 24.829440 32.057632 43.434596 56.040097 64.367487 63.591348 53.671885 37.704345 21.348921 10.020494 6.156329 5.513938 4.775515 4.733286 4.780149 3.740453 1.615702 0.678404 1.701945 1.929841 1.436806 0.783463 0.734366 1.097347 1.125584 1.087064 1.066902 1.142169 1.054281 0.627911 1.029826 2.000020 2.851315 2.893883 2.142109 1.182650 0.712748 0.842456 0.937356 1.605675 3.341529 5.962549 9.128633 12.637772 15.772712 17.834369 18.205050 16.621500 13.572072 10.524021 8.925037 8.590753 7.916478 6.357408 4.204913 2.597887 2.726536
10.573745 1.170876 235.1234 235.1234 0.000000 2.888815 6.469598 6.849419 9.967470 18.410571 27.080844 32.921107 33.463519 27.842891 18.936676 13.436390 12.209880 10.452227 10.091644 10.163996 6.671759 2.097004 6.052405 7.775331 7.475152 8.453287 9.692449 8.856803 5.548675 2.895139 3.403307 5.194397 5.190289 7.870935 14.023723 18.296703 15.336729 6.259744 5.394549 7.825588 8.455635 7.982521 8.232852 23.608422 36.332936 26.136192 33.165419 60.363738 59.220049 101.664970 208.917920 247.010885 177.669516 85.730898 31.999390 10.490062 23.057596 19.881740 14.485276 20.805695 22.662401 16.886416 10.777889 7.700601 5.011007 5.735775 7.073744 7.120368 7.671401 7.855493 5.661317 2.981448 3.896954 4.173896 2.428331 1.419635 3.898577 9.403195 13.800625 14.288900 12.089087 11.362562 13.299334 13.207852 12.491409 18.473693 26.736741 27.845239 27.754192 43.060277 60.492374 60.250789 44.743955 27.793431 12.699236 12.765895 22.288957 23.031533 14.117314 4.222933 2.782595 3.112878 10.679616 14.871463
10.636940 1.176837 232.7853 232.7853 0.000000 5.873730 7.519601 2.923010 6.361615 15.619009 26.042600 32.600169 32.121205 24.089383 10.594128 6.328518 11.708463 16.312618 14.704153 9.294302 5.366803 5.275965 9.843459 12.575599 9.494167 7.005352 10.059224 8.945539 3.524791 3.652712 7.892292 11.426128 12.759264 13.649296 15.326791 18.715603 17.288264 11.130944 5.958075 2.413251 4.328649 9.412321 16.439734 31.171169 47.956265 28.723870 25.760960 54.693304 77.302174 165.483065 271.034402 235.139112 114.641143 41.915401 34.664063 39.699533 39.542642 31.784151 27.365858 26.230720 24.979172 20.933403 13.576752 5.724951 3.785275 8.922895 9.721061 7.767063 10.358953 12.230753 10.354350 8.394107 5.080348 2.420850 2.526178 2.476023 10.180906 17.041156 15.389545 16.368317 22.269245 25.023486 21.795309 18.924744 27.092411 38.444499 31.701133 10.943469 31.935979 58.934157 58.623328 34.550727 17.767715 13.480651 14.669711 20.364742 20.054083 15.306598 6.161229 6.153379 7.963117 12.190335 16.339336 17.545478
10.689939 1.124902 226.0815 226.0815 0.000000 6.102809 6.778242 3.236700 1.887548 4.414890 6.222458 7.442458 6.825109 7.225239 4.509186 1.515615 5.064973 7.740222 5.771203 2.738052 1.426777 4.540805 6.956353 6.217537 4.638979 4.957210 6.067389 3.071923 2.109781 3.667948 6.136866 6.997211 6.877571 3.906059 3.537600 6.315381 8.563050 7.097448 3.726752 6.827627 5.636409 12.628618 14.920004 24.303486 45.039237 40.691348 40.571568 66.161132 99.790261 116.994079 108.667769 76.369687 34.188370 14.499292 23.952881 23.363636 18.101996 13.757650 8.373937 6.766237 9.089370 8.996912 4.590034 3.206130 5.060029 6.378317 3.649903 3.081262 6.184756 7.521616 6.681064 4.087706 1.749700 2.026511 2.968930 6.135417 10.633132 7.702403 3.703452 10.611501 14.218917 12.146253 6.226221 9.555330 16.621512 16.934136 13.459353 13.417939 19.164113 19.667595 12.689933 5.650276 5.716430 9.275345 7.867823 4.133208 5.269922 7.146784 7.017251 6.552528 3.438856 4.846883 5.629804 3.369916
10.739943 0.621592 221.2203 221.2203 0.000000 4.988551 3.118820 2.197846 1.059037 0.388543 0.307111 0.679602 1.043243 1.058548 1.149686 1.058906 1.288135 1.493992 1.268534 0.461169 0.767580 0.628691 0.749461 1.421013 1.319573 1.076301 2.209824 2.615787 1.824868 1.151219 1.172087 1.144792 0.759340 0.521025 1.168666 1.606176 1.098846 0.820139 1.669445 2.705390 4.095494 6.308306 9.340336 12.562412 15.524128 17.310133 17.566059 19.532790 21.785213 22.082134 20.478154 15.329948 9.169855 6.462221 5.926824 4.360543 2.676953 4.104325 4.008157 1.358970 1.917142 2.353500 0.862102 1.387605 1.987508 1.632694 0.834884 0.577616 1.140908 1.749569 1.760038 1.192235 0.674546 0.834156 1.061276 0.886059 0.773228 1.092247 1.013010 0.913674 1.870005 3.162033 3.298703 2.118647 1.232951 1.826345 2.297386 2.226354 2.184226 2.102893 1.851492 1.540159 1.211821 1.321854 1.445727 1.202587 0.682361 0.524864 1.032216 1.312041 1.220956 1.228698 1.243191 1.196409
10.789914 0.125429 209.9717 209.9717 0.000000 0.364002 0.415013 0.226301 0.151900 0.149674 0.108523 0.155591 0.344596 0.307321 0.298530 0.274355 0.101664 0.068443 0.224426 0.395908 0.372159 0.253302 0.060817 0.169984 0.232259 0.362500 0.537071 0.466580 0.397460 0.282065 0.317994 0.370605 0.320764 0.289181 0.231915 0.294273 0.267635 0.197015 0.213315 0.172942 0.271306 0.249292 0.369546 1.456817 2.908863 4.113312 4.792669 4.453383 2.797604 0.813703 0.438737 0.685038 0.422885 0.466886 0.433472 0.434726 0.482704 0.321441 0.192740 0.250422 0.314901 0.365345 0.320767 0.502399 0.406331 0.472036 0.377533 0.502864 0.303573 0.277399 0.289131 0.122484 0.165316 0.118982 0.134707 0.100832 0.095757 0.096136 0.070142 0.074035 0.077443 0.096370 0.155988 0.125740 0.192105 0.287103 0.302552 0.271243 0.479747 0.130860 0.259354 0.154524 0.059508 0.109495 0.140958 0.141028 0.099330 0.083623 0.080176 0.079365 0.112595 0.108277 0.044541 0.032805
10.839824 0.018112 52.5042 52.5042 0.000000 0.073806 0.091481 0.140742 0.189286 0.209627 0.130076 0.130359 0.215562 0.307536 0.417106 0.376715 0.181078 0.074014 0.121605 0.215395 0.224392 0.260434 0.059112 0.055003 0.039838 0.150119 0.141167 0.132771 0.152401 0.094152 0.103901 0.137561 0.113337 0.176889 0.256103 0.291404 0.301825 0.243448 0.106092 0.026437 0.059185 0.050624 0.110408 0.167191 0.093066 0.129086 0.038418 0.254745 0.141040 0.287129 0.197161 0.219023 0.165505 0.207516 0.165121 0.262871 0.325535 0.173600 0.068829 0.081384 0.060582 0.097407 0.224225 0.217110 0.117393 0.037487 0.036667 0.113057 0.197390 0.155010 0.142018 0.105048 0.045401 0.047328 0.098692 0.140724 0.116173 0.067856 0.046591 0.063259 0.102621 0.116783 0.080725 0.035126 0.047580 0.040330 0.071060 0.052717 0.195837 0.199022 0.133474 0.057689 0.046265 0.079307 0.094593 0.063291 0.039532 0.058297 0.075840 0.047277 0.059363 0.123460 0.121792 0.096045
10.879942 0.005200 78.4972 78.4972 0.000000 0.110765 0.126246 0.224838 0.143149 0.291975 0.380671 0.371122 0.259193 0.229700 0.309544 0.313397 0.197242 0.131591 0.223476 0.358892 0.359063 0.223115 0.135155 0.138895 0.157693 0.147742 0.045487 0.142024 0.153473 0.122106 0.264305 0.298415 0.196666 0.056172 0.095133 0.087363 0.188808 0.250711 0.174257 0.111768 0.113667 0.149404 0.167981 0.174833 0.133663 0.072270 0.090473 0.163933 0.120176 0.111203 0.277767 0.184000 0.166165 0.164088 0.147062 0.166025 0.170712 0.173332 0.115583 0.062426 0.096376 0.170966 0.192960 0.145489 0.083855 0.041840 0.033633 0.079732 0.102672 0.043844 0.055654 0.090217 0.079421 0.062075 0.123597 0.118956 0.062107 0.103168 0.143494 0.171200 0.162548 0.088154 0.042382 0.052283 0.062276 0.056511 0.071218 0.133129 0.131851 0.038809 0.104501 0.071566 0.026256 0.024996 0.025810 0.023387 0.025582 0.033650 0.084203 0.099070 0.072437 0.078247 0.088571 0.115429
10.929905 0.005033 135.9968 135.9968 0.000000 0.051833 0.216770 0.350011 0.301732 0.405635 0.440190 0.235610 0.252457 0.201389 0.131062 0.152748 0.134919 0.179228 0.312869 0.281654 0.161597 0.143465 0.128091 0.271898 0.204639 0.082777 0.200634 0.110764 0.089356 0.130609 0.361576 0.463569 0.260277 0.100267 0.126601 0.190738 0.225975 0.128979 0.135838 0.193217 0.139891 0.156619 0.175999 0.086311 0.053879 0.142891 0.144300 0.071479 0.230643 0.250774 0.203937 0.125431 0.137892 0.084404 0.051917 0.033243 0.045847 0.113406 0.164361 0.145665 0.088389 0.080349 0.083501 0.046517 0.031281 0.043620 0.046091 0.027711 0.069026 0.095180 0.051522 0.095942 0.094116 0.094026 0.149371 0.107408 0.031112 0.087724 0.133607 0.093579 0.100606 0.094035 0.085154 0.067304 0.053034 0.058451 0.092866 0.156319 0.157013 0.098098 0.042741 0.066174 0.075278 0.041142 0.032820 0.036148 0.035826 0.030017 0.057146 0.084770 0.059825 0.051964 0.046111 0.074987
10.980504 0.005292 29.9366 29.9366 0.000000 0.075247 0.218087 0.301304 0.298727 0.174447 0.415882 0.332877 0.205697 0.116184 0.083969 0.089677 0.062617 0.265988 0.276855 0.115706 0.068063 0.218086 0.373173 0.243845 0.220965 0.236022 0.101907 0.177890 0.265583 0.263958 0.365192 0.308764 0.224630 0.186285 0.083508 0.229106 0.216876 0.255846 0.131891 0.059933 0.199016 0.161525 0.193888 0.244482 0.181295 0.183364 0.340947 0.292895 0.091533 0.214587 0.139766 0.044644 0.102445 0.121030 0.131963 0.117852 0.156574 0.080223 0.044647 0.053102 0.058488 0.093798 0.100850 0.085091 0.060253 0.123032 0.099670 0.062621 0.131472 0.062328 0.052550 0.091450 0.092472 0.080983 0.124253 0.075288 0.027117 0.074925 0.043007 0.121554 0.149902 0.132672 0.102213 0.073720 0.086969 0.090012 0.053866 0.053804 0.086799 0.052148 0.026405 0.047172 0.038843 0.030796 0.049079 0.046971 0.043130 0.064252 0.048656 0.024952 0.054387 0.029192 0.032681 0.062402
11.029999 0.005136 34.8978 34.8978 0.000000 0.118925 0.181879 0.043888 0.156336 0.135196 0.383051 0.457961 0.179797 0.126330 0.170482 0.167846 0.169242 0.135503 0.189092 0.225092 0.186842 0.144402 0.335314 0.254521 0.273777 0.353540 0.196411 0.287362 0.251007 0.178383 0.102275 0.259600 0.260636 0.132751 0.211153 0.178265 0.046467 0.227423 0.239626 0.166623 0.280229 0.342623 0.300263 0.180057 0.105987 0.124191 0.285525 0.277543 0.154251 0.184746 0.140866 0.109186 0.128327 0.057198 0.121990 0.100453 0.161019 0.150106 0.111674 0.103603 0.130569 0.186236 0.144550 0.105186 0.124560 0.156427 0.157500 0.164636 0.154827 0.055762 0.034934 0.053625 0.066885 0.071393 0.134582 0.108601 0.080526 0.105508 0.115989 0.116936 0.119315 0.138905 0.060711 0.055795 0.047862 0.024036 0.056888 0.055901 0.088307 0.053621 0.019755 0.024056 0.029726 0.036322 0.052943 0.022223 0.021565 0.040369 0.024910 0.036494 0.035019 0.026486 0.032749 0.059764
11.079841 0.004990 36.3412 36.3412 0.000000 0.101385 0.134420 0.254818 0.232549 0.128424 0.329506 0.415915 0.159776 0.170075 0.238810 0.235650 0.231649 0.172183 0.102753 0.107624 0.166572 0.194237 0.185112 0.247447 0.261746 0.289376 0.356643 0.252089 0.107864 0.287868 0.335674 0.210938 0.174756 0.189069 0.120218 0.177564 0.161618 0.090432 0.118170 0.172392 0.177247 0.191670 0.175132 0.207263 0.143546 0.083719 0.130368 0.126325 0.162634 0.214115 0.108018 0.087203 0.058661 0.069209 0.155677 0.153562 0.122281 0.085799 0.133282 0.243600 0.120677 0.081209 0.086609 0.216367 0.136586 0.087692 0.034009 0.070641 0.075805 0.110843 0.157863 0.118786 0.053740 0.059702 0.111958 0.122654 0.083215 0.082808 0.091894 0.033408 0.079727 0.077388 0.064000 0.052137 0.127138 0.132974 0.125018 0.130810 0.089836 0.049073 0.038739 0.074649 0.079263 0.024524 0.015440 0.040936 0.052896 0.039189 0.049609 0.071573 0.075441 0.064040 0.049650 0.040010
11.129966 0.004823 36.7781 36.7781 0.000000 0.161033 0.286935 0.311292 0.158396 0.163592 0.295506 0.348638 0.260088 0.169620 0.156731 0.127014 0.133011 0.184946 0.165586 0.194993 0.156756 0.090874 0.209251 0.082345 0.115913 0.062490 0.215824 0.188473 0.078821 0.140648 0.249253 0.208237 0.128956 0.111882 0.100771 0.117415 0.085647 0.042573 0.094387 0.100766 0.080883 0.073923 0.134643 0.200957 0.221752 0.091202 0.095878 0.182998 0.209614 0.308362 0.263339 0.111951 0.076169 0.058634 0.120364 0.222646 0.186930 0.095252 0.105462 0.187174 0.256747 0.198949 0.143795 0.173502 0.271558 0.263758 0.164087 0.077897 0.062377 0.106048 0.152922 0.098345 0.080893 0.065575 0.094216 0.130604 0.132048 0.129646 0.132150 0.095720 0.039247 0.023524 0.014693 0.031080 0.062542 0.079447 0.062058 0.045974 0.148958 0.116924 0.053578 0.052301 0.082427 0.089084 0.062187 0.045328 0.032883 0.047474 0.067225 0.071520 0.073385 0.063819 0.064694 0.046842
11.172618 0.004644 221.7506 221.7506 0.000000 0.207298 0.295101 0.143920 0.142994 0.213912 0.095497 0.145804 0.160857 0.108992 0.123218 0.153658 0.117465 0.079557 0.170598 0.229413 0.160224 0.129331 0.174389 0.166804 0.107794 0.103892 0.117264 0.067609 0.063261 0.104020 0.106454 0.139640 0.142998 0.078579 0.078356 0.096911 0.114691 0.165911 0.092178 0.126490 0.123121 0.112538 0.254498 0.217656 0.049317 0.139462 0.260169 0.169280 0.269293 0.281293 0.178271 0.096257 0.100536 0.189981 0.217526 0.182480 0.176162 0.132995 0.122712 0.206728 0.181824 0.138989 0.158532 0.171748 0.170643 0.194462 0.101612 0.082569 0.103561 0.099527 0.171453 0.165665 0.119572 0.093030 0.048789 0.052385 0.083489 0.117933 0.070600 0.048211 0.067692 0.070845 0.071969 0.067957 0.057454 0.066845 0.086541 0.104042 0.078257 0.060406 0.096106 0.070959 0.032823 0.041263 0.048582 0.049136 0.071639 0.085736 0.044008 0.008539 0.021545 0.039243 0.064481 0.113100
11.219831 0.004450 220.6497 220.6497 0.000000 0.193868 0.108440 0.141214 0.193897 0.274649 0.248279 0.122741 0.157229 0.174242 0.128852 0.134388 0.121903 0.105418 0.186675 0.231265 0.164638 0.055172 0.098856 0.120284 0.235560 0.219615 0.180520 0.123298 0.087098 0.117516 0.108457 0.111662 0.113356 0.070881 0.040507 0.063001 0.065629 0.104143 0.214331 0.239296 0.186657 0.103584 0.207576 0.241879 0.076076 0.134328 0.207709 0.284804 0.378916 0.332238 0.098580 0.078266 0.045563 0.064609 0.165794 0.178468 0.149852 0.163081 0.150574 0.115462 0.086388 0.036764 0.049262 0.079805 0.123773 0.149757 0.166245 0.033958 0.052776 0.095690 0.108823 0.185975 0.174404 0.091140 0.043708 0.063106 0.069452 0.069560 0.097149 0.088077 0.058520 0.085831 0.078028 0.060400 0.035905 0.086803 0.108280 0.048366 0.018472 0.101476 0.109030 0.115320 0.084699 0.038680 0.020228 0.040485 0.053132 0.034442 0.028735 0.052385 0.059019 0.041797 0.029498 0.019790
11.273245 0.004087 101.0903 101.0903 0.000000 0.153719 0.095673 0.142380 0.129495 0.168027 0.311155 0.334718 0.291840 0.168358 0.093970 0.174225 0.157914 0.083714 0.153878 0.050238 0.161168 0.174631 0.138951 0.199480 0.323925 0.296880 0.164775 0.129573 0.162941 0.104465 0.097163 0.131268 0.096947 0.110049 0.157700 0.178157 0.134596 0.130827 0.181181 0.178693 0.212524 0.267138 0.193253 0.086879 0.099873 0.097337 0.165367 0.253945 0.176604 0.087153 0.069093 0.082501 0.096376 0.139644 0.174718 0.121821 0.110157 0.088076 0.027870 0.047400 0.051076 0.062764 0.104691 0.144571 0.145166 0.122430 0.164269 0.183849 0.130695 0.113534 0.108962 0.070213 0.103338 0.069646 0.052521 0.087817 0.086240 0.074539 0.095623 0.043231 0.033899 0.068449 0.124170 0.116479 0.057248 0.093727 0.114342 0.097885 0.072318 0.047262 0.027508 0.041883 0.033256 0.083240 0.063145 0.049847 0.064899 0.045093 0.057518 0.027222 0.033428 0.013097 0.066378 0.092902
11.319815 0.638434 4.8529 4.8529 0.000000 6.457770 0.496858 0.571909 0.520009 0.548695 0.540134 0.701297 0.434070 0.501504 0.414576 0.458104 0.427045 0.501045 0.545747 0.519309 0.471385 0.295841 0.339235 0.201803 0.245119 0.219581 0.227468 0.321463 0.249073 0.259614 0.120166 0.157078 0.242244 0.106802 0.089620 0.215874 0.299792 0.546052 0.659091 1.114861 1.183424 1.810931 2.032054 2.632093 3.591161 4.320217 5.091250 5.703454 6.354893 6.630345 6.622905 6.374041 5.825584 5.256576 4.431085 3.620563 2.922799 2.272961 1.692702 1.260233 0.950107 0.711585 0.518693 0.437993 0.517261 0.311485 0.364432 0.258397 0.341553 0.205077 0.130148 0.085817 0.055962 0.100254 0.130616 0.131272 0.147612 0.224824 0.239197 0.228806 0.362750 0.329624 0.351225 0.215528 0.180091 0.169001 0.156536 0.095807 0.049703 0.113075 0.078233 0.106364 0.187708 0.334732 0.454953 0.601983 0.828395 0.955489 1.086243 1.136895 1.197877 1.160684 1.039927 1.014982
11.369943 1.118214 236.5205 236.5205 0.000000 12.539894 10.914937 9.382672 8.805410 8.885892 8.073738 5.882960 4.220951 5.366062 6.610840 5.717765 2.803451 2.239906 5.224629 6.842397 6.194444 4.588143 2.963629 2.243545 2.716654 3.452161 3.579215 2.679758 1.394489 2.046539 3.290251 4.076541 3.845347 3.957793 4.197962 4.697186 6.148048 8.623509 10.196109 8.846011 5.915216 5.987315 8.095292 10.562263 18.010319 28.574866 36.980880 41.651415 45.057412 57.867640 84.383431 108.660263 112.800909 92.959244 60.628074 32.618000 16.593176 6.372119 5.128386 11.288262 13.367047 11.149642 7.321241 4.207439 3.400123 3.874881 3.642767 3.252283 4.036655 5.686797 7.306516 8.546125 8.916634 8.468466 7.197047 5.189015 3.023262 1.453928 1.069595 0.993719 1.327403 3.247037 5.900615 8.414834 10.284282 10.890008 10.166697 8.789262 6.369026 3.434555 1.627212 4.538875 7.853497 10.748443 12.574958 13.109437 13.826553 16.300565 19.850994 21.859699 20.702794 16.804549 12.420492 9.427671
11.425355 1.195348 226.4532 226.4532 0.000000 13.693125 15.408147 10.817609 11.245855 15.995732 17.557108 17.810026 18.329885 17.996109 16.145007 12.205500 9.455067 13.544574 16.881613 13.008475 6.214404 6.658868 9.552486 10.755953 9.136216 5.559540 2.741801 2.720151 6.770616 12.149051 14.539529 13.418518 7.335304 6.480927 17.492271 25.035831 25.283475 15.854693 7.742090 7.909378 8.531627 6.078395 32.706346 53.747043 45.495832 43.939458 49.506842 89.842160 218.945573 289.201552 202.672837 68.738302 31.080954 29.103784 25.670766 31.401840 36.596612 27.627593 13.250380 6.386807 1.178543 7.354150 13.869657 14.865574 11.100322 7.856892 15.141565 25.842915 31.362992 27.894268 15.388424 3.522660 6.536638 7.263446 6.919217 6.516539 8.618578 8.745550 12.451289 25.455830 35.099782 36.275879 29.688489 19.038343 12.164579 14.908988 24.479296 31.576111 28.307263 19.996567 16.924773 16.000686 29.186798 40.793010 38.261491 25.877996 13.447977 11.188742 13.220728 15.433216 17.668218 17.946699 14.498876 14.153121
11.479873 1.197850 227.1595 227.1595 0.000000 7.796473 6.286349 5.687810 5.750304 8.675644 10.491562 14.403718 17.275022 12.303155 9.633910 13.174670 9.446152 11.007389 13.609439 10.823272 5.288317 6.526463 9.946778 10.066907 6.674504 3.339401 1.712473 4.187615 8.813004 10.942536 12.180172 13.625492 10.754424 9.875364 17.471920 19.932317 18.709414 17.607947 14.693799 8.017978 9.141046 15.030409 15.052267 42.360562 19.682119 21.498373 20.285387 61.906997 180.654929 263.549993 194.662166 66.014548 16.899753 13.174481 19.237630 31.062042 35.191867 25.396810 8.264473 2.293925 3.834265 6.765308 13.177786 17.805105 13.231441 5.348605 10.365590 19.879022 27.053104 28.784209 21.049261 9.233453 7.535064 7.092699 8.515339 9.065829 10.775639 9.855960 9.152672 19.475992 27.719495 30.503502 29.791235 20.300031 6.845287 11.721617 24.918583 31.625188 24.104233 9.369902 5.648902 2.143406 12.132972 25.270324 21.333109 16.328201 10.014008 4.270842 5.705165 12.509317 18.743116 15.295789 6.039661 3.932072
11.540033 1.020370 238.9139 238.9139 0.000000 3.955168 3.164879 2.570374 3.266611 2.532805 1.318696 1.824441 2.660991 5.007189 4.497359 4.341072 4.690648 3.232294 2.960118 2.858406 2.814983 3.392903 3.923428 3.167083 2.450979 2.180585 0.942658 0.645841 2.399265 4.478116 4.055295 1.545668 2.045867 3.367190 7.035448 8.257318 5.352384 3.608964 2.737547 1.578877 10.323605 8.557523 5.638424 17.982776 20.280568 20.074992 33.364491 35.217241 30.033924 32.554429 55.242355 80.741009 90.114466 78.952423 52.186085 23.230674 5.551926 2.918743 6.455775 8.137837 9.498047 8.496129 5.029597 2.302716 1.312516 2.112118 3.720741 6.067674 6.431179 4.719724 3.814380 3.552806 4.713149 5.280729 8.436607 10.151215 7.791448 4.163902 0.535414 3.145293 2.372402 3.327208 6.069739 6.956279 6.907404 6.302854 3.872022 4.914074 7.050062 6.674299 4.614560 5.552022 8.860417 10.075561 8.025125 5.498050 3.274190 2.288413 3.120568 5.200869 5.061082 3.243086 4.041919 5.435502
11.589477 0.452069 219.4138 219.4138 0.000000 1.130314 0.968458 0.406402 0.591686 0.754789 0.608592 0.285680 0.807531 1.688202 1.115644 1.132675 1.344169 1.587685 1.373322 0.922649 0.451753 0.362011 0.517941 0.680494 0.313183 0.390437 0.620742 0.573162 0.590887 1.426512 1.315079 0.670144 0.422824 0.552772 1.127536 2.379912 2.290759 1.183291 1.178011 1.628973 3.568196 5.550610 6.254015 8.057406 12.293768 14.259883 13.239575 13.371328 14.692375 11.879282 8.868847 7.933514 5.568710 4.254476 4.043072 3.317220 3.684519 2.685583 0.917047 0.580197 0.601440 0.783005 1.024377 0.618744 0.278020 0.910456 0.852313 0.647063 0.956405 0.945392 0.722697 0.324849 0.245436 0.417459 0.528556 1.020374 1.325921 1.136304 0.865475 0.767087 1.117101 1.189742 1.135395 1.022022 0.705190 0.514124 0.236967 0.526249 0.612477 0.430265 0.531804 0.660475 0.504791 0.483509 0.626893 0.747250 0.381654 0.234131 0.437334 0.516890 0.717415 0.741756 0.817146 1.046721
11.629913 0.078882 209.9854 209.9854 0.000000 0.396727 0.278580 0.230637 0.118173 0.087473 0.047711 0.191762 0.529849 0.589239 0.411056 0.223074 0.099607 0.102122 0.167312 0.194291 0.269952 0.504536 0.304311 0.289377 0.420090 0.277235 0.144374 0.235348 0.382537 0.231044 0.347858 0.314924 0.117559 0.144119 0.173377 0.357221 0.515918 0.556761 0.665084 0.659419 0.557126 0.612473 1.161161 1.343429 2.025532 2.308839 2.308219 1.831770 1.154946 0.628754 0.847180 1.010277 0.843216 0.532860 0.353333 0.333082 0.391599 0.488417 0.493598 0.299188 0.152498 0.220384 0.183016 0.202979 0.216844 0.309342 0.134745 0.220596 0.340072 0.179759 0.234383 0.129862 0.081718 0.095810 0.084396 0.066090 0.088398 0.066772 0.101111 0.156546 0.105813 0.044871 0.044438 0.140059 0.172759 0.175492 0.122936 0.129860 0.117071 0.110237 0.090804 0.078341 0.070377 0.053841 0.088546 0.077504 0.086219 0.109541 0.133824 0.140875 0.107439 0.059317 0.045820 0.066002
11.679882 0.009644 102.7902 102.7902 0.000000 0.312380 0.442229 0.295084 0.057894 0.100995 0.101587 0.179548 0.430876 0.360802 0.202435 0.149885 0.080780 0.059440 0.071557 0.165448 0.273734 0.257841 0.168538 0.182506 0.365263 0.434863 0.245559 0.123601 0.147814 0.174158 0.156361 0.059647 0.119276 0.101785 0.207874 0.300535 0.206024 0.082851 0.059234 0.090173 0.193760 0.206659 0.207301 0.071603 0.060565 0.096640 0.063159 0.052040 0.094625 0.082359 0.094415 0.059946 0.067371 0.130496 0.094496 0.146458 0.146210 0.189198 0.191723 0.137258 0.155509 0.171778 0.118055 0.092916 0.142542 0.126496 0.112183 0.165306 0.195540 0.109136 0.051859 0.100853 0.130862 0.097757 0.049408 0.070685 0.062467 0.029190 0.048676 0.069844 0.040498 0.041181 0.080938 0.122699 0.107708 0.119957 0.112941 0.042919 0.051756 0.043311 0.035370 0.045644 0.048849 0.031317 0.019426 0.016285 0.041911 0.068872 0.046213 0.018756 0.037084 0.058953 0.062714 0.072223
11.730024 0.004776 103.8764 103.8764 0.000000 0.264177 0.244732 0.301510 0.166025 0.148727 0.212967 0.213495 0.234266 0.315224 0.182971 0.099218 0.147220 0.150723 0.187691 0.234075 0.109109 0.090086 0.083558 0.238097 0.480439 0.457508 0.295544 0.174459 0.163031 0.160295 0.128578 0.103779 0.139276 0.244142 0.292290 0.266017 0.191491 0.107682 0.108462 0.133980 0.118315 0.169335 0.153366 0.101865 0.089617 0.140762 0.162054 0.127274 0.071307 0.067972 0.058366 0.070364 0.173061 0.251076 0.231427 0.162103 0.081831 0.047315 0.090248 0.107611 0.073409 0.077142 0.059895 0.098997 0.136530 0.141419 0.141753 0.099740 0.067306 0.089343 0.089160 0.057603 0.053497 0.033475 0.025363 0.067013 0.090025 0.071002 0.092904 0.109346 0.093528 0.059944 0.168201 0.191281 0.128464 0.105884 0.060839 0.025246 0.049358 0.038840 0.008197 0.011592 0.023215 0.035176 0.062982 0.074600 0.073720 0.085263 0.084531 0.063189 0.044443 0.021633 0.031227 0.042355
11.782986 0.004710 74.7331 74.7331 0.000000 0.199385 0.137728 0.153612 0.143498 0.115631 0.286350 0.099772 0.040251 0.132368 0.182155 0.206930 0.271107 0.215134 0.137929 0.314055 0.239265 0.089296 0.076318 0.229241 0.272273 0.232312 0.212975 0.234694 0.114870 0.080082 0.093945 0.023609 0.148184 0.259226 0.144861 0.186252 0.187071 0.137437 0.227898 0.150108 0.130491 0.190558 0.166254 0.102875 0.067443 0.152417 0.164896 0.083721 0.189913 0.138315 0.107566 0.123026 0.183008 0.264610 0.271760 0.139957 0.148659 0.119870 0.060548 0.096267 0.095683 0.049818 0.076259 0.118624 0.071928 0.009958 0.043288 0.109657 0.116464 0.054241 0.057142 0.056003 0.029230 0.012831 0.025829 0.045597 0.100423 0.101992 0.085367 0.126827 0.086114 0.093621 0.154476 0.157717 0.124300 0.063349 0.107526 0.092731 0.043301 0.027260 0.047611 0.030468 0.024849 0.034066 0.040424 0.054460 0.052789 0.046700 0.031442 0.033873 0.012248 0.022488 0.011268 0.016660
11.831547 0.004529 30.5803 30.5803 0.000000 0.168273 0.114583 0.140083 0.135645 0.304764 0.419227 0.228592 0.092688 0.093559 0.087199 0.115387 0.180824 0.178368 0.154414 0.251114 0.243125 0.087374 0.029607 0.104912 0.151795 0.119283 0.071243 0.092465 0.165292 0.139576 0.071945 0.077833 0.077170 0.146484 0.237111 0.169493 0.166566 0.252200 0.263698 0.240920 0.133557 0.092084 0.073181 0.036958 0.056396 0.053143 0.156053 0.236709 0.259047 0.242806 0.100410 0.062293 0.074299 0.076467 0.080555 0.157917 0.237553 0.209111 0.123025 0.023702 0.067591 0.128572 0.129480 0.133720 0.096318 0.028195 0.065546 0.092952 0.106777 0.083543 0.081174 0.036574 0.055725 0.065199 0.042768 0.024576 0.018870 0.042855 0.100043 0.120520 0.101594 0.077524 0.076789 0.089663 0.075367 0.076893 0.103512 0.094499 0.089223 0.084003 0.049967 0.061795 0.064244 0.047521 0.062115 0.073925 0.065835 0.048260 0.024659 0.037184 0.057569 0.052829 0.019526 0.036091
11.880071 0.004162 31.0019 31.0019 0.000000 0.178170 0.171332 0.252330 0.168772 0.194001 0.432204 0.449198 0.288744 0.135455 0.107744 0.175817 0.135906 0.137404 0.095896 0.129853 0.199490 0.128395 0.055313 0.062374 0.132624 0.181163 0.143567 0.084486 0.120179 0.147494 0.175210 0.162264 0.111367 0.091891 0.207329 0.253274 0.231123 0.300460 0.211589 0.157277 0.161301 0.097915 0.064753 0.084824 0.107574 0.084102 0.101368 0.144386 0.160374 0.195125 0.175415 0.077159 0.037957 0.083173 0.118837 0.119030 0.102140 0.089050 0.109242 0.071945 0.024981 0.050690 0.080679 0.060041 0.095790 0.059824 0.067800 0.019946 0.120017 0.116249 0.072632 0.089054 0.046593 0.046844 0.051048 0.031303 0.023561 0.041438 0.077310 0.099960 0.050875 0.029597 0.047770 0.044440 0.045632 0.045843 0.082538 0.147895 0.119014 0.086634 0.077815 0.017164 0.038762 0.081542 0.046876 0.076204 0.100237 0.020089 0.061691 0.043044 0.020801 0.062248 0.083816 0.062955
11.925714 0.004420 36.4816 36.4816 0.000000 0.174456 0.183629 0.233744 0.233605 0.178800 0.235911 0.327340 0.273525 0.131720 0.110483 0.240909 0.304240 0.231667 0.183421 0.155940 0.088193 0.081556 0.076215 0.076803 0.117529 0.085459 0.103318 0.160992 0.177178 0.086627 0.184394 0.177687 0.060394 0.035498 0.105831 0.149683 0.154345 0.168540 0.120186 0.071471 0.046141 0.090437 0.151028 0.095924 0.064466 0.157682 0.169878 0.120085 0.024020 0.048256 0.140637 0.100069 0.079609 0.144966 0.156965 0.065826 0.054053 0.021206 0.071313 0.100379 0.069957 0.070755 0.094881 0.082801 0.046315 0.034097 0.070133 0.112480 0.128023 0.123350 0.078568 0.055043 0.120137 0.080261 0.033120 0.019966 0.013115 0.025143 0.094659 0.154313 0.098583 0.033958 0.044252 0.032670 0.086627 0.116812 0.126859 0.169232 0.142518 0.101065 0.097872 0.087664 0.079618 0.093138 0.079569 0.046319 0.076128 0.113788 0.075920 0.027440 0.054206 0.040106 0.041117 0.064605
11.972858 0.004181 56.5018 56.5018 0.000000 0.043844 0.089976 0.164849 0.202617 0.060581 0.070234 0.115041 0.078675 0.060826 0.127317 0.314339 0.295498 0.127120 0.165435 0.212353 0.149422 0.095354 0.075224 0.100956 0.158919 0.177359 0.137484 0.167897 0.236257 0.144908 0.119997 0.135044 0.078639 0.075102 0.029882 0.028123 0.031600 0.065274 0.037859 0.041448 0.173312 0.297280 0.274262 0.163569 0.091326 0.080372 0.143995 0.131860 0.106931 0.058445 0.174875 0.232437 0.218106 0.106711 0.064083 0.088226 0.119021 0.138871 0.121983 0.064547 0.085592 0.160719 0.159500 0.103035 0.051485 0.062151 0.146556 0.158673 0.086945 0.104267 0.147866 0.160111 0.116484 0.059238 0.036546 0.019147 0.027830 0.109158 0.113270 0.090368 0.080542 0.083704 0.076310 0.100624 0.104618 0.125712 0.158349 0.103110 0.071636 0.056912 0.056156 0.111204 0.095473 0.047266 0.070983 0.095647 0.067551 0.059361 0.081210 0.079524 0.061620 0.055033 0.047093 0.044199
12.021179 0.004009 118.2719 118.2719 0.000000 0.182251 0.253828 0.252038 0.094976 0.093106 0.109831 0.128002 0.084344 0.052728 0.157744 0.234615 0.235506 0.123357 0.136174 0.252344 0.268388 0.164503 0.108185 0.117040 0.135044 0.188435 0.236643 0.270845 0.275535 0.196552 0.132680 0.089213 0.051502 0.096838 0.063445 0.026852 0.043125 0.076314 0.085789 0.153215 0.264552 0.269552 0.231301 0.099552 0.055609 0.073153 0.045886 0.113217 0.159318 0.169712 0.219006 0.201758 0.126359 0.111676 0.159076 0.229801 0.193988 0.110674 0.102627 0.099855 0.093181 0.098450 0.131172 0.197656 0.163640 0.120250 0.106306 0.131209 0.153128 0.111001 0.111039 0.114555 0.040405 0.063292 0.051455 0.012012 0.033322 0.105010 0.079731 0.072157 0.108235 0.069595 0.061419 0.033009 0.020795 0.020969 0.081495 0.077530 0.063685 0.065621 0.051213 0.081414 0.103379 0.078164 0.076064 0.077354 0.049586 0.062147 0.106398 0.087801 0.037131 0.037426 0.044197 0.033469
12.073239 0.004166 172.1870 172.1870 0.000000 0.234552 0.253784 0.221442 0.117144 0.107299 0.142650 0.163268 0.181741 0.131909 0.106925 0.071759 0.103117 0.147232 0.179727 0.115663 0.213564 0.165615 0.171010 0.200636 0.211184 0.084436 0.100708 0.139283 0.141021 0.127165 0.053402 0.057380 0.093038 0.110501 0.085510 0.037766 0.020543 0.097436 0.242777 0.244726 0.138095 0.084319 0.066423 0.053785 0.061305 0.076492 0.085255 0.097979 0.107754 0.128141 0.102603 0.054045 0.101881 0.158137 0.239081 0.245827 0.157665 0.115336 0.101593 0.092662 0.140969 0.155689 0.143048 0.111738 0.145517 0.103213 0.115874 0.096618 0.039103 0.058410 0.089303 0.035931 0.020610 0.044750 0.030843 0.042808 0.087565 0.082492 0.054466 0.069525 0.047539 0.038494 0.016182 0.030268 0.037791 0.110927 0.137919 0.094834 0.049831 0.020180 0.059225 0.092048 0.039155 0.066655 0.039082 0.019510 0.077925 0.076993 0.046096 0.030981 0.020897 0.034583 0.052439 0.043845
12.119673 0.004159 95.6237 95.6237 0.000000 0.210792 0.029166 0.093850 0.161403 0.041834 0.124179 0.046589 0.227090 0.229600 0.174467 0.138366 0.099395 0.053970 0.164850 0.160330 0.204892 0.125061 0.152891 0.353450 0.374215 0.231819 0.130462 0.138860 0.128842 0.047362 0.082799 0.127391 0.083834 0.102065 0.161683 0.148936 0.142099 0.193541 0.216719 0.248602 0.179150 0.109069 0.077909 0.037201 0.027947 0.075495 0.052710 0.030970 0.029646 0.082001 0.133618 0.159309 0.131423 0.101612 0.142590 0.113798 0.047006 0.068899 0.084846 0.123671 0.142614 0.113295 0.096981 0.100144 0.061581 0.076695 0.113257 0.096982 0.098572 0.099780 0.060888 0.027977 0.023455 0.030067 0.021554 0.042580 0.081415 0.071902 0.044600 0.057089 0.055337 0.027101 0.030838 0.083508 0.154587 0.151061 0.081316 0.039061 0.021253 0.017457 0.054130 0.079646 0.057489 0.038060 0.036844 0.048914 0.063851 0.053083 0.044688 0.056721 0.083868 0.085918 0.048072 0.032003
12.169801 0.004733 101.5325 101.5325 0.000000 0.156711 0.148030 0.142158 0.199479 0.098988 0.126089 0.212821 0.169900 0.173942 0.297130 0.255869 0.104534 0.148360 0.137663 0.159022 0.048247 0.185508 0.135335 0.123212 0.312669 0.267815 0.263383 0.315903 0.269106 0.201766 0.197109 0.194505 0.195001 0.141783 0.053293 0.238824 0.270074 0.078038 0.206739 0.221799 0.156191 0.169462 0.120054 0.054427 0.070589 0.097317 0.083617 0.084079 0.126525 0.109947 0.058373 0.083822 0.040956 0.102162 0.068814 0.127639 0.143762 0.085315 0.034740 0.045000 0.060410 0.034762 0.030461 0.072405 0.096095 0.093195 0.130685 0.059490 0.034254 0.053242 0.104518 0.059541 0.071688 0.074699 0.033846 0.017084 0.028225 0.027515 0.022344 0.020727 0.092432 0.171040 0.160449 0.130985 0.082529 0.027307 0.006515 0.034602 0.097569 0.166240 0.128780 0.049563 0.037963 0.021482 0.021682 0.030605 0.086470 0.087195 0.059920 0.070568 0.064695 0.025872 0.063155 0.098489
12.219354 0.005135 15.4139 15.4139 0.000000 0.115038 0.213929 0.395607 0.333370 0.162807 0.259991 0.348635 0.203315 0.148138 0.298685 0.345561 0.272991 0.131007 0.127643 0.124373 0.169184 0.229113 0.208704 0.267572 0.354616 0.340659 0.281065 0.196476 0.174509 0.222385 0.196860 0.102080 0.207890 0.234653 0.258933 0.295059 0.246526 0.205398 0.192889 0.185125 0.119655 0.045390 0.054474 0.164632 0.272223 0.181893 0.096517 0.192837 0.200833 0.171241 0.120517 0.072421 0.058387 0.082923 0.128605 0.111228 0.117258 0.159827 0.155165 0.136462 0.125651 0.131312 0.189656 0.221404 0.171423 0.142032 0.149194 0.104383 0.053030 0.077827 0.092271 0.052348 0.013126 0.045510 0.076587 0.067873 0.046675 0.115662 0.144357 0.133160 0.067222 0.102825 0.083664 0.081305 0.077836 0.109454 0.193611 0.167691 0.123256 0.098109 0.082419 0.083929 0.086134 0.065993 0.065589 0.060389 0.039152 0.056867 0.090184 0.079140 0.055666 0.046540 0.031169 0.036342
12.259881 0.005224 35.8050 35.8050 0.000000 0.218283 0.358064 0.339213 0.308225 0.166598 0.342436 0.471097 0.277576 0.167421 0.195381 0.185590 0.216530 0.249441 0.183661 0.099698 0.196540 0.330849 0.227935 0.243772 0.401784 0.355624 0.175585 0.170682 0.236908 0.231420 0.213426 0.121715 0.133690 0.196197 0.124015 0.247208 0.240587 0.096557 0.077394 0.036349 0.086571 0.052676 0.116595 0.246693 0.367982 0.329826 0.270165 0.175703 0.081039 0.238548 0.183665 0.085419 0.091020 0.068942 0.121651 0.101925 0.120175 0.164030 0.219717 0.240521 0.203272 0.202572 0.182039 0.156370 0.229551 0.256212 0.160032 0.061409 0.051995 0.086829 0.090498 0.046771 0.033959 0.066072 0.074175 0.102044 0.147176 0.101640 0.050408 0.084447 0.080265 0.070466 0.058699 0.096989 0.107849 0.146879 0.148896 0.051974 0.129253 0.097089 0.079658 0.043944 0.045405 0.029850 0.035410 0.037878 0.045362 0.056015 0.068036 0.047248 0.065248 0.074593 0.072073 0.057967
12.313793 0.005141 30.2399 30.2399 0.000000 0.224365 0.276987 0.050658 0.144953 0.165395 0.421340 0.354123 0.157094 0.129427 0.024400 0.067581 0.152537 0.216572 0.089038 0.086504 0.312907 0.358244 0.202550 0.179072 0.287653 0.140361 0.176881 0.261033 0.174874 0.258639 0.344950 0.320510 0.301370 0.159629 0.125544 0.160313 0.140367 0.099445 0.072963 0.064688 0.088464 0.070149 0.089411 0.205412 0.195051 0.200383 0.230422 0.137168 0.126660 0.229459 0.226596 0.117439 0.080613 0.104316 0.080061 0.042156 0.072537 0.086670 0.150415 0.111548 0.070460 0.109472 0.126732 0.147526 0.155169 0.131106 0.091107 0.067848 0.050471 0.052075 0.067211 0.063752 0.060870 0.052074 0.093890 0.174716 0.161693 0.072917 0.058403 0.093081 0.084346 0.085359 0.077555 0.059966 0.064442 0.121421 0.155861 0.126400 0.066663 0.056139 0.051671 0.032921 0.018699 0.036184 0.033550 0.031797 0.019451 0.029719 0.050733 0.059728 0.036744 0.052911 0.053860 0.056777
12.364793 0.004780 79.7343 79.7343 0.000000 0.175149 0.256236 0.156477 0.129436 0.161988 0.279153 0.203663 0.015789 0.084285 0.092865 0.035061 0.164456 0.139761 0.104743 0.139398 0.385205 0.214965 0.040154 0.099887 0.156600 0.204050 0.190667 0.081637 0.277340 0.252165 0.245378 0.344410 0.218813 0.069363 0.129128 0.083514 0.107377 0.073558 0.120179 0.091981 0.102152 0.037883 0.090064 0.099537 0.085613 0.150589 0.219652 0.205455 0.184732 0.124569 0.171284 0.134506 0.093154 0.037255 0.164932 0.220072 0.216341 0.174686 0.100196 0.061891 0.035046 0.087399 0.078047 0.031613 0.035218 0.096506 0.088734 0.089558 0.074579 0.037824 0.061049 0.021863 0.051223 0.050558 0.112997 0.161030 0.109611 0.083291 0.052016 0.036383 0.067261 0.129970 0.136110 0.098853 0.072374 0.115314 0.120105 0.082056 0.037638 0.059325 0.064698 0.054799 0.054811 0.056024 0.056793 0.034456 0.019344 0.025355 0.051636 0.040598 0.026471 0.036563 0.045616 0.029428
12.411724 0.004557 81.3310 81.3310 0.000000 0.198371 0.214273 0.083710 0.182865 0.092366 0.164118 0.265173 0.189228 0.129353 0.087732 0.126898 0.110581 0.094643 0.127765 0.313064 0.377392 0.270940 0.155231 0.045725 0.080054 0.106506 0.198639 0.234932 0.208612 0.105528 0.031138 0.121903 0.176694 0.122747 0.179059 0.294155 0.266416 0.147364 0.132978 0.197522 0.145664 0.077199 0.126848 0.147724 0.092924 0.069383 0.069285 0.111035 0.142045 0.147262 0.098524 0.102273 0.104080 0.130341 0.114745 0.163635 0.249441 0.211375 0.137704 0.078750 0.083162 0.070958 0.018899 0.070164 0.043859 0.059613 0.034860 0.038215 0.064303 0.129825 0.123633 0.119655 0.075103 0.018779 0.025271 0.101685 0.115578 0.026953 0.048824 0.060401 0.045039 0.042620 0.084965 0.109776 0.066220 0.077629 0.110860 0.067980 0.052054 0.075353 0.080035 0.035969 0.044845 0.061233 0.037657 0.041999 0.054868 0.040936 0.025412 0.043652 0.060321 0.031310 0.005404 0.007375
12.460022 0.004383 152.7037 152.7037 0.000000 0.143377 0.103155 0.125028 0.261688 0.221727 0.027795 0.226968 0.408817 0.341884 0.265967 0.235874 0.132999 0.125041 0.235473 0.389878 0.291867 0.153705 0.144510 0.126483 0.137962 0.206994 0.228994 0.161201 0.123186 0.098715 0.072617 0.101689 0.162555 0.197241 0.316276 0.400407 0.283308 0.167959 0.141104 0.172456 0.151394 0.108641 0.158471 0.227444 0.180101 0.139848 0.132143 0.077436 0.045968 0.102440 0.064995 0.053752 0.042560 0.095093 0.100697 0.077358 0.123570 0.082812 0.042026 0.120137 0.106206 0.132869 0.107238 0.055193 0.068717 0.030503 0.030968 0.060540 0.106767 0.097336 0.045312 0.102177 0.122067 0.081140 0.080664 0.139378 0.119445 0.039422 0.022772 0.024265 0.033227 0.044301 0.048500 0.052466 0.080502 0.128170 0.152563 0.122838 0.053190 0.045138 0.089897 0.085450 0.052267 0.043558 0.043104 0.032677 0.028123 0.031066 0.049937 0.062610 0.073939 0.040748 0.026064 0.026969
12.510005 0.004359 159.0837 159.0837 0.000000 0.154405 0.105112 0.110557 0.206768 0.222161 0.175582 0.110057 0.277172 0.444421 0.339741 0.179568 0.166909 0.168713 0.084124 0.162320 0.264065 0.253836 0.180082 0.084539 0.094770 0.052247 0.149129 0.180969 0.115773 0.050392 0.050687 0.046514 0.031364 0.085287 0.189275 0.327385 0.429768 0.252412 0.179708 0.243730 0.082746 0.131314 0.123258 0.117450 0.178061 0.145654 0.078218 0.146267 0.249475 0.248593 0.170227 0.082966 0.050189 0.062739 0.040126 0.033539 0.095166 0.143953 0.073985 0.048281 0.112524 0.108601 0.060354 0.088322 0.112665 0.086201 0.077033 0.091978 0.090100 0.088208 0.079648 0.052861 0.041926 0.025963 0.081758 0.105040 0.132537 0.133517 0.122545 0.111691 0.070828 0.035695 0.017652 0.019654 0.035963 0.061483 0.091281 0.103565 0.112543 0.111921 0.044777 0.102335 0.038258 0.054409 0.092632 0.051896 0.024105 0.039737 0.032581 0.023096 0.039957 0.064512 0.048571 0.041482
12.555801 0.004379 42.0185 42.0185 0.000000 0.162540 0.082130 0.057218 0.119017 0.072535 0.120644 0.206884 0.320289 0.277473 0.150629 0.121531 0.162076 0.140354 0.069881 0.066390 0.062101 0.105478 0.031837 0.163037 0.172762 0.158681 0.094525 0.129315 0.154110 0.107849 0.093506 0.063005 0.073857 0.049391 0.044133 0.211053 0.320702 0.231563 0.172099 0.171498 0.126731 0.101489 0.145410 0.210794 0.059476 0.116476 0.074529 0.121946 0.267465 0.312040 0.191554 0.108870 0.092339 0.095985 0.084877 0.108317 0.154968 0.120223 0.065376 0.088614 0.102665 0.088582 0.055348 0.054702 0.034597 0.093722 0.096734 0.093601 0.097328 0.042182 0.012497 0.030719 0.052175 0.073060 0.049625 0.071757 0.065830 0.024459 0.034135 0.063397 0.050687 0.026179 0.028014 0.042264 0.038354 0.090906 0.084368 0.018755 0.103084 0.132378 0.110594 0.059453 0.039530 0.058852 0.078556 0.090834 0.104549 0.086682 0.047730 0.046697 0.068840 0.070646 0.081631 0.088191
12.599811 0.004263 157.7099 157.7099 0.000000 0.170144 0.182459 0.135371 0.162091 0.148869 0.174268 0.134655 0.198562 0.264919 0.182341 0.098281 0.124930 0.153274 0.133066 0.112216 0.084003 0.083740 0.142021 0.172992 0.076713 0.180083 0.183362 0.158763 0.098997 0.033999 0.060180 0.098094 0.147388 0.166935 0.191689 0.248804 0.257905 0.212108 0.191791 0.169890 0.132915 0.158333 0.192135 0.274424 0.253779 0.156779 0.057943 0.053930 0.127101 0.138385 0.216331 0.161132 0.089588 0.080955 0.097957 0.159622 0.188735 0.116566 0.080673 0.105756 0.050797 0.056939 0.071315 0.108479 0.121094 0.089841 0.041792 0.044037 0.047121 0.029835 0.015669 0.030092 0.059958 0.041690 0.083326 0.120561 0.080981 0.047241 0.042075 0.037312 0.056486 0.053954 0.065355 0.053340 0.025571 0.064187 0.110538 0.044898 0.144112 0.168286 0.110680 0.045078 0.047772 0.068908 0.113165 0.148388 0.133773 0.078234 0.037755 0.043341 0.051699 0.039262 0.047182 0.070858
12.649916 0.004461 46.3498 46.3498 0.000000 0.142359 0.063806 0.209600 0.276034 0.118416 0.154601 0.188207 0.267955 0.341775 0.261965 0.182890 0.089194 0.113910 0.150201 0.110593 0.058282 0.089046 0.112015 0.099178 0.173913 0.240821 0.186980 0.083729 0.040146 0.074923 0.052521 0.081657 0.178456 0.269330 0.224760 0.102318 0.042795 0.309617 0.283749 0.086456 0.160615 0.076086 0.156994 0.235601 0.167339 0.077766 0.060863 0.113983 0.145163 0.210581 0.193714 0.117344 0.079596 0.086728 0.124653 0.142378 0.130435 0.161677 0.210076 0.183456 0.132674 0.120420 0.109927 0.116489 0.087813 0.074455 0.087836 0.023560 0.017251 0.061768 0.073398 0.135211 0.133881 0.157345 0.129748 0.051832 0.032120 0.064197 0.108541 0.129966 0.094916 0.040626 0.053595 0.084105 0.124778 0.158385 0.173658 0.112922 0.074241 0.101491 0.096570 0.062924 0.072101 0.078065 0.064779 0.072733 0.048807 0.043226 0.055333 0.070369 0.059484 0.070393 0.101331 0.074522
