# LRA Full Analysis Data — Replot Source File
# Source file: shepard_rising_haptic.wav
# Generated:   2026-07-17 13:59:34
# Accel sample rate: 1552.0-1876.0 Hz per-window range (1665.3 Hz overall)
#                    Each window measured with its own real rate, then
#                    resampled onto the common freq_bins grid below
# Rows:        234 (one per time window)
# Freq bins:   100 bins, 0.0 to 495.1 Hz
#
# MACHINE-READABLE METADATA (used by replot mode — do not edit):
#@duration=12.000000
#@rate_overall=1665.308879
#@rate_min=1551.976016
#@rate_max=1876.044351
#@freq_bins=0.0000,5.0009,10.0019,15.0028,20.0037,25.0046,30.0056,35.0065,40.0074,45.0083,50.0093,55.0102,60.0111,65.0121,70.0130,75.0139,80.0148,85.0158,90.0167,95.0176,100.0186,105.0195,110.0204,115.0213,120.0223,125.0232,130.0241,135.0250,140.0260,145.0269,150.0278,155.0288,160.0297,165.0306,170.0315,175.0325,180.0334,185.0343,190.0352,195.0362,200.0371,205.0380,210.0390,215.0399,220.0408,225.0417,230.0427,235.0436,240.0445,245.0455,250.0464,255.0473,260.0482,265.0492,270.0501,275.0510,280.0519,285.0529,290.0538,295.0547,300.0557,305.0566,310.0575,315.0584,320.0594,325.0603,330.0612,335.0621,340.0631,345.0640,350.0649,355.0659,360.0668,365.0677,370.0686,375.0696,380.0705,385.0714,390.0723,395.0733,400.0742,405.0751,410.0761,415.0770,420.0779,425.0788,430.0798,435.0807,440.0816,445.0826,450.0835,455.0844,460.0853,465.0863,470.0872,475.0881,480.0890,485.0900,490.0909,495.0918
#@n_tracks=1
#@input_spectrum=0.000000e+00,1.017599e+01,1.025014e+01,1.035868e+01,1.049671e+01,1.066154e+01,1.085144e+01,1.106549e+01,1.130374e+01,1.156631e+01,1.185333e+01,1.216625e+01,1.250579e+01,1.287377e+01,1.327204e+01,1.370269e+01,1.416917e+01,1.467442e+01,1.522244e+01,1.581852e+01,1.646787e+01,1.717777e+01,1.795765e+01,1.881808e+01,1.977242e+01,2.084042e+01,2.204855e+01,2.344531e+01,2.509339e+01,2.707819e+01,2.966437e+01,3.428356e+01,4.339148e+01,6.305508e+01,8.872457e+01,1.161669e+02,1.442124e+02,1.712131e+02,1.903849e+02,2.119629e+02,2.353576e+02,2.701066e+02,2.975537e+02,3.161807e+02,3.310815e+02,3.423704e+02,3.501085e+02,3.492424e+02,3.396152e+02,3.216250e+02,3.126592e+02,3.088749e+02,3.103179e+02,3.110139e+02,3.037842e+02,2.918837e+02,2.779969e+02,2.631595e+02,2.455550e+02,2.282567e+02,2.106692e+02,1.925514e+02,1.688157e+02,1.502756e+02,1.346323e+02,1.205585e+02,1.088337e+02,9.949839e+01,8.786291e+01,7.545430e+01,6.592887e+01,5.580417e+01,4.716516e+01,4.054767e+01,3.472657e+01,3.064678e+01,2.562016e+01,2.299539e+01,2.148061e+01,2.020771e+01,1.938003e+01,1.863471e+01,1.796273e+01,1.734712e+01,1.678140e+01,1.625877e+01,1.577400e+01,1.532217e+01,1.489984e+01,1.450361e+01,1.413116e+01,1.377990e+01,1.344809e+01,1.313407e+01,1.283610e+01,1.255305e+01,1.228366e+01,1.202686e+01,1.178205e+01,1.154799e+01
#
# Columns: time_s  rms_g  peak_freq_hz  1 track_hz cols  then 100 FFT magnitude bins (in g)
#
0.410672 1.528581 189.3300 189.3300 0.000000 10.128956 4.632875 8.234727 11.132730 9.619698 8.604497 7.000156 4.022441 1.739090 2.655239 2.922124 4.370448 6.842958 13.903132 15.831734 9.938268 9.480676 10.771196 10.699315 4.531437 10.732830 14.689972 17.260514 19.674315 19.910744 24.390400 42.031632 35.152533 14.758712 11.476605 10.433974 9.390189 11.487105 11.242150 13.687860 19.989885 99.802395 205.967275 106.243038 15.812322 17.073753 18.175214 16.770241 18.132793 14.170300 15.618439 44.173775 149.245015 160.170456 46.409170 45.630563 37.803535 9.024496 18.948939 21.425723 11.353757 7.311554 11.697766 16.199105 17.710028 36.849485 57.306596 46.563585 26.792787 17.925045 11.986137 27.760721 38.347260 39.108006 36.637892 35.787297 18.898524 15.410380 8.440085 16.216400 11.768331 14.037072 13.186518 14.937142 12.245814 13.007031 17.327374 12.036235 5.219384 3.693086 16.798575 13.703723 7.891699 13.822978 8.301247 6.186979 10.755607 7.644152 9.094235 5.682558 6.396160 13.257718 13.886133 8.908952
0.460737 1.543405 195.9534 195.9534 0.000000 6.043807 9.016603 9.813591 7.865296 6.623252 6.582264 7.613190 6.977118 3.960261 7.112885 7.672547 6.518400 5.580149 7.079325 9.439695 6.775340 6.802290 6.265753 8.686760 15.369054 13.374421 12.802121 12.274340 6.996951 10.080158 17.232020 15.935599 39.381365 54.407216 36.977255 18.282786 8.328868 6.503920 8.125833 13.836872 5.447113 19.403119 55.142846 182.229001 177.335399 69.586415 34.700060 10.754889 29.691712 48.749323 39.800838 13.355550 18.983410 55.268847 161.505245 168.037201 53.050969 15.386570 38.660227 26.416208 29.397643 27.317912 13.331531 16.049125 20.217461 12.159651 15.145211 20.663722 25.224379 30.539092 16.234143 14.756232 17.462525 27.657093 39.783842 25.851981 8.416673 9.027071 14.265948 17.890550 20.791168 19.057599 16.173215 13.765547 24.140741 26.233255 13.440654 6.422035 7.082271 6.055096 2.231790 4.944384 7.949089 14.519905 24.094375 24.405356 16.388876 6.053437 16.675975 24.148682 19.633929 11.473999 7.188256 5.813313
0.511442 1.537573 203.3336 203.3336 0.000000 10.701114 9.076984 5.678684 7.118794 3.414450 5.405022 8.978970 13.269350 14.108065 13.890938 8.764481 4.114228 11.182942 15.541808 14.199009 9.397292 8.210106 11.744860 13.250157 13.062891 8.792027 3.802644 4.181532 5.549607 10.201922 11.937376 8.990286 31.137788 54.838320 38.093650 13.648538 16.369561 6.863455 7.665997 9.276920 15.120015 19.965029 31.009310 84.948494 182.920285 190.476996 83.315937 41.448100 49.755438 47.417903 36.849476 28.825218 23.851748 22.175451 49.715629 129.316128 150.267224 87.125963 27.777195 18.763562 25.855698 16.946156 20.470618 24.837492 20.971720 22.852251 29.918580 28.684267 19.241349 15.777874 19.287385 15.816088 14.735949 17.611084 33.342159 38.307397 18.490371 6.881584 3.668410 9.870227 23.263323 22.563764 14.136618 21.306014 21.548520 24.377248 27.682011 14.362208 9.617323 8.269751 6.994797 9.551349 10.370051 4.843001 6.033132 19.509057 27.665938 17.655109 6.993710 14.326335 22.775436 15.999183 4.160896 4.085551
0.562443 1.550008 207.8069 207.8069 0.000000 10.570039 12.357417 15.245655 12.365634 4.450404 7.557479 8.952063 6.581888 12.358815 10.107761 3.526977 6.288462 14.732525 18.300665 16.492347 12.992319 7.230886 11.294768 7.146340 3.175498 7.166024 8.515206 9.824741 8.447394 11.167306 19.166447 25.120226 26.953656 37.643308 50.812426 29.964050 11.221692 3.429239 6.497065 7.152828 7.645747 14.538352 34.632073 44.215738 115.536805 213.847056 151.461763 61.837606 53.370884 37.412947 15.472399 9.326063 13.558030 33.203905 34.342838 60.688041 125.286356 118.358310 52.214432 21.970357 14.200950 10.379341 15.815311 12.926538 7.471489 16.127595 23.703860 16.773531 14.596692 6.647085 13.162330 21.949500 31.998261 47.770912 46.134699 27.408250 17.773813 6.790795 2.199879 9.705413 17.870172 13.291374 12.567484 28.588723 30.641303 33.519668 24.240780 12.345864 9.105024 3.875527 12.141380 11.334744 8.711942 2.836500 1.866740 14.180658 14.354867 10.126353 9.265950 16.813861 6.792935 8.053834 3.194002 2.061792
0.611706 1.590627 209.2329 209.2329 0.000000 5.754433 5.727706 14.963592 12.923614 7.640865 2.473132 7.815805 6.176225 3.785645 3.823731 5.950562 7.046567 8.446869 11.220207 5.298684 13.645510 9.029348 6.295310 4.987542 4.227134 6.173096 4.633654 12.810547 11.776414 7.197607 8.672835 19.615746 21.083839 32.344410 60.451305 45.927264 13.367881 6.393114 13.611615 11.920748 3.275093 3.959121 14.662581 32.711279 61.450231 155.375691 253.953730 134.911291 64.327809 34.854701 19.641145 13.124002 21.026046 13.671625 14.169507 29.207757 51.851515 100.210477 106.375760 44.931748 37.185646 27.979685 22.630627 16.530066 13.545897 18.193460 11.290747 8.928225 15.220195 17.147036 12.463292 10.722666 14.606869 30.262447 40.320140 19.167442 4.010706 9.009923 8.279293 5.556273 10.133003 14.074316 8.703207 14.217199 34.915509 47.316882 36.762492 16.402372 12.633730 17.156780 19.664666 9.646711 4.719260 7.114291 4.975521 8.015188 13.583943 12.300194 10.107326 14.793752 17.076435 10.919341 5.900364 2.266131
0.662241 1.616121 209.5129 209.5129 0.000000 7.758806 10.628917 5.289975 4.712645 3.606251 6.313399 12.600987 7.702590 4.231327 6.847571 5.754864 5.132992 5.561322 11.908547 14.303235 3.849001 11.039335 13.463086 14.867618 10.485754 8.412445 7.968421 6.384712 6.363833 3.990979 4.671797 14.175689 9.910131 15.443895 48.377350 38.985773 4.866739 8.423556 14.645323 19.164104 10.106119 5.608548 11.207063 15.510451 34.389335 123.226725 293.994540 219.635639 33.341266 6.571392 26.132066 22.028837 14.682839 16.041070 17.858514 9.278982 11.836172 53.824165 106.508811 61.800972 32.235062 34.632838 11.933234 13.046033 7.529956 17.029765 18.300249 10.191365 9.867178 28.060887 33.899848 31.348997 20.642296 12.871248 27.985751 9.157703 10.046894 7.549696 10.891973 5.712743 12.572039 22.479251 14.702849 14.114006 27.963853 18.158253 25.705021 36.408544 41.134686 41.040752 28.785109 10.778465 4.804450 9.662272 6.816768 4.639860 10.327696 14.163356 11.645003 11.014691 15.740007 11.194282 4.514322 8.019696
0.711573 1.684315 205.7023 205.7023 0.000000 8.516113 5.970948 5.101535 1.628090 3.503765 9.895917 16.253884 12.659911 8.786730 8.379839 7.423677 7.563031 4.886593 10.675071 16.779636 14.331954 18.541947 24.872857 9.798498 7.823803 3.876634 3.803368 5.206217 5.670312 12.087449 14.587803 9.079210 10.918602 43.438081 51.114864 29.403736 15.875106 11.768371 16.264974 15.733037 8.582012 3.586473 17.757427 80.244512 206.029869 283.847196 132.420704 71.043293 31.414693 15.993373 7.538923 12.419445 13.655921 5.418972 17.621341 52.530086 80.849248 71.628304 42.575190 18.839470 11.108332 11.388484 12.020019 14.116126 10.226119 12.125030 23.013645 19.208764 57.886665 53.904582 32.424195 27.143288 20.886224 15.101492 9.609425 11.812633 13.124942 16.322346 19.655239 31.434698 38.541782 26.797066 9.921555 15.690157 31.578345 35.744571 24.261302 12.437493 12.004645 10.291237 3.909039 10.590945 7.633699 12.276572 15.419246 8.896485 6.473068 11.409762 11.506426 10.949062 6.065098 4.579634 7.072565 7.435309
0.762306 1.711532 205.1330 205.1330 0.000000 6.713437 6.682127 9.878766 6.591239 4.914185 7.212592 13.232840 9.567175 5.177253 8.502674 10.606865 6.139276 4.161438 8.156068 16.067283 13.486037 17.010314 26.994622 22.142903 14.441341 9.248836 10.866248 10.358763 11.788786 6.668145 14.413609 10.301342 11.771247 44.523447 55.039523 29.417492 19.404207 20.834434 16.641246 5.106965 10.843099 13.105205 8.430928 43.832584 50.449562 277.805807 264.191549 78.065170 7.344969 2.179953 4.657271 16.015904 17.557500 12.551669 13.246001 17.406257 48.481395 85.338686 63.184085 30.691370 23.136465 9.411676 7.067290 6.960533 2.418126 7.956339 39.056241 51.928535 65.435126 48.259618 17.864683 14.478410 21.334144 13.752156 8.865220 7.689674 7.365485 13.938743 24.832870 45.023989 51.438961 31.541621 13.527952 20.834281 6.310314 15.866313 5.304137 14.154180 20.595591 8.230764 4.360931 13.570356 14.997386 8.486295 6.535224 8.692006 6.878762 6.954687 12.142599 8.154981 3.199761 2.299336 4.917510 5.059358
0.820118 1.707960 209.7172 209.7172 0.000000 2.228761 9.788313 12.756347 9.681302 6.437642 6.177051 4.997835 6.189110 6.059205 4.073485 7.476800 12.203131 11.907319 8.984973 12.426461 11.926290 13.521572 17.315184 7.500015 17.936898 18.906285 11.260838 6.297148 14.978351 14.396994 13.805223 16.466754 13.906253 27.377104 52.523050 34.537172 24.638199 22.461490 8.163345 11.954636 20.498591 17.575058 18.781966 27.282120 65.707994 233.715975 299.615269 96.825067 29.317650 7.575670 4.455801 18.761016 21.488009 10.648052 15.096214 15.933537 34.745442 75.897960 58.669609 38.155283 37.727067 26.094913 17.611993 12.426797 14.412213 32.667405 69.932133 63.377607 20.662889 22.621589 13.752284 7.242646 9.955307 11.776016 14.844546 19.346720 10.540256 19.769370 40.551724 19.659528 29.592155 33.188068 26.981725 24.160800 17.665011 19.145279 22.261090 22.830809 23.931124 16.347150 9.981261 9.246456 9.572645 7.829351 3.780650 4.008806 5.507282 8.153326 9.730632 8.893665 5.882313 2.296162 4.620803 2.423269
0.871231 1.678209 209.8981 209.8981 0.000000 5.686883 10.131075 5.613837 4.490651 5.316307 7.153078 11.026746 9.408927 7.362769 6.365568 7.317696 10.379806 12.632019 15.393753 13.060561 7.046851 4.215093 9.255281 11.994036 13.748559 9.275180 8.698376 14.271287 10.230528 8.679199 12.768651 17.839150 25.599956 32.652867 46.883519 32.760554 19.869859 20.997053 10.460958 20.350668 23.464069 8.371676 5.324059 17.820800 33.993347 112.315171 310.639246 202.697566 48.952928 7.763664 11.086568 21.568757 33.155354 26.978239 21.217220 16.785555 13.832405 46.382967 84.815330 62.916179 25.692204 15.970926 16.430938 19.527924 18.116554 50.570629 55.054944 40.378549 17.691253 7.807350 16.043149 13.292912 18.550899 28.739750 28.993912 20.340211 16.797287 24.339478 33.505723 38.996929 35.004284 12.997921 16.520413 10.372794 7.649258 10.735542 21.991729 12.869605 20.782260 19.543166 2.240333 5.183079 4.905797 9.106018 9.466307 5.550892 3.851269 4.569513 3.858843 3.615393 7.639401 8.566317 4.872821 2.542104
0.920749 1.614883 216.0458 216.0458 0.000000 10.699670 9.820008 3.956482 2.593658 9.315894 13.261621 11.314807 9.653948 13.125615 13.282290 9.528669 8.088108 3.501464 5.103143 8.375465 9.053913 10.259500 8.118477 7.549106 7.926679 5.099225 7.935283 7.275889 8.574793 11.813650 16.890129 15.239795 17.177205 17.366075 16.406379 34.257193 27.595337 24.088106 33.101560 27.243267 25.214804 29.205371 25.219755 25.702315 25.934657 19.929147 88.609888 251.885452 225.242702 66.008628 46.133925 40.332969 31.794416 41.465278 22.125769 14.800980 18.480760 24.819418 36.715297 95.562166 90.426456 9.985458 23.034021 29.077063 41.086395 45.950268 33.135920 23.327298 19.222265 12.430841 22.905919 20.264786 19.326802 12.510009 26.643122 29.847898 21.481752 11.662025 5.760237 10.054347 14.549637 19.043832 34.968156 26.477871 19.460744 14.150105 10.869932 8.857615 7.215698 15.482298 26.127214 25.242681 14.692929 6.315785 4.129726 5.539181 10.842125 8.834061 3.182247 5.317719 4.190333 2.073725 5.135722 11.091508
0.971302 1.585147 219.2925 219.2925 0.000000 10.424378 5.520469 3.389242 7.030346 13.099171 12.316059 2.803028 1.422886 6.431898 13.607192 10.326004 11.845276 11.058565 5.166498 2.398011 5.255687 10.649382 14.898587 11.585195 8.903996 10.504490 15.113824 8.359528 8.477597 7.067399 19.601146 18.192243 8.233900 10.714752 12.515268 22.937607 49.355238 39.845085 41.435122 36.221184 2.790191 12.343808 17.312934 25.135553 28.113071 39.040588 45.862216 114.235781 242.408288 142.489380 45.281431 68.083361 59.823958 46.501782 34.445925 16.938165 20.792053 29.761879 36.887410 46.074051 120.003783 83.209501 14.620123 32.853600 47.122954 50.476574 42.180559 12.349843 5.438647 14.998304 22.152766 15.367003 19.260209 31.555757 21.094858 15.669056 13.769851 6.230731 11.477156 7.078336 21.205990 31.253904 31.143871 21.070717 7.431473 9.567891 11.856965 9.287751 7.221007 7.516938 6.495202 14.825729 17.046342 9.768450 10.186169 5.559843 7.210661 9.250427 7.306506 5.269636 4.824386 6.630072 11.686007 13.371351
1.023167 1.526436 219.3427 219.3427 0.000000 9.568033 8.105765 1.652264 5.531713 8.101295 6.419708 3.101625 2.228229 4.388526 6.705074 5.850016 8.702450 12.824541 10.555352 6.365974 7.566969 11.133456 12.954157 16.332950 8.877825 11.598100 23.006167 18.764886 5.136074 12.335727 16.594854 11.687619 15.213442 11.423545 20.360237 34.022112 45.954615 31.701096 20.906740 45.126342 25.156899 9.248683 11.128879 7.587516 13.177998 23.832275 65.958440 101.286089 196.040462 172.375513 89.194936 97.832649 32.700848 39.658229 15.077725 29.044359 34.330071 20.010851 46.735632 81.956820 106.975195 117.826675 72.741761 53.610294 20.795307 27.509695 21.567471 17.044625 9.937040 16.042350 17.473144 6.715825 26.131777 40.514325 34.271531 19.218138 17.795343 10.671385 13.519889 17.239631 24.229970 23.627218 15.094170 9.321985 9.352124 7.587766 13.222904 19.102963 15.300123 6.404406 4.313519 9.546330 8.519342 8.319189 13.226966 12.186756 6.165534 9.111145 8.065194 7.958222 9.287553 8.544925 11.133633 18.739483
1.071274 1.524447 217.3636 217.3636 0.000000 12.405566 10.163889 4.600824 1.433461 3.253692 2.362512 4.593853 5.914998 8.410173 9.808506 7.785618 3.868870 7.653746 10.654171 6.265432 5.690082 5.427593 7.974264 10.825058 5.867686 16.894865 21.532386 9.358434 11.640394 14.721504 12.095614 20.594779 21.621071 11.752059 16.452229 23.945842 12.249476 36.019348 57.285065 29.653004 11.100573 9.542196 19.323983 34.543418 56.604217 52.322605 84.733062 190.215107 160.514433 97.779093 97.994632 58.826042 22.802855 23.416637 27.911333 25.377460 38.787976 50.463848 12.699273 112.663064 110.166908 23.325795 48.544901 26.411420 8.827963 10.816271 5.183893 7.736318 25.910382 35.423013 33.094904 20.386143 33.732748 32.670585 16.178990 5.481726 11.860136 16.217196 9.561753 8.878693 4.768410 8.049690 6.013640 16.562612 20.265764 18.431337 14.829373 11.076229 7.184051 4.509007 5.753381 17.215459 11.465931 11.625914 10.285062 3.292572 8.493243 11.968446 11.286729 10.115377 16.793514 15.142359 8.217884 8.958842
1.120746 1.531615 219.6406 219.6406 0.000000 3.598835 8.195576 5.217768 2.069726 4.019105 4.520813 5.452646 11.132600 12.080747 11.681588 9.414041 5.264141 8.071341 8.783225 6.332403 6.570713 6.577820 4.678430 4.213161 7.398604 13.356247 20.469675 16.422983 11.177006 8.644238 9.865427 12.851802 12.636310 8.023551 6.474265 9.997971 14.895677 27.676581 70.417781 65.804491 31.169063 19.342856 10.454504 31.651326 32.713026 39.420158 58.397672 96.197287 230.429599 147.945378 98.851634 74.081707 15.772962 10.082036 15.047864 5.851775 17.263173 16.431037 23.705669 66.238916 121.132514 99.810085 52.668961 30.268839 15.528145 11.641807 6.491306 5.790543 17.492546 30.003154 40.586912 38.668245 23.898463 16.883034 20.368895 18.832426 13.599339 14.377620 9.944404 10.847763 12.602147 16.205986 24.925261 30.965714 27.239633 5.711600 9.346905 6.078294 12.028111 8.974804 6.291167 12.695870 21.912817 18.411127 16.214683 9.439021 4.093063 2.970860 5.597662 7.540067 8.607887 8.278628 10.775770 7.781907
1.177707 1.498812 216.3360 216.3360 0.000000 3.855379 4.378028 2.497945 2.114612 4.408997 4.763393 6.423235 10.839324 7.580076 8.426442 11.352954 6.498860 6.090628 6.301888 4.235389 2.569380 1.984516 4.455283 9.846399 6.964494 10.232111 18.980655 13.332071 11.280797 6.417956 2.120751 7.791055 14.538250 12.775764 18.031789 25.782416 28.553728 46.989317 81.949717 51.789720 26.244664 25.526393 15.036929 19.619784 32.788311 49.214805 83.100808 184.177627 198.657585 50.125407 74.638254 37.029121 16.634793 8.803627 20.411085 23.098360 24.132380 20.315464 24.420194 87.368531 114.554372 53.281897 37.536181 30.238815 17.905084 14.405373 15.856588 21.010694 17.745006 31.038604 37.884718 12.994137 4.073050 9.933761 7.646137 14.300011 11.870932 1.868802 7.879032 3.958226 13.710450 26.733002 30.022036 15.459134 20.197526 14.397491 7.536352 6.840446 8.711868 5.647243 10.628163 19.720233 22.836185 14.681871 8.900496 10.102205 9.043393 6.959077 7.353700 7.970724 10.229033 6.741763 2.500855 7.425078
1.227432 1.508409 220.3024 220.3024 0.000000 2.303880 2.390013 2.284884 3.748557 2.940358 6.534614 4.793930 10.795946 7.912439 5.987771 11.120203 10.495491 4.482906 5.754665 7.078762 4.665271 3.582699 5.238662 10.370502 13.829106 4.660384 16.489801 15.912131 21.510418 18.992425 15.870670 19.865026 14.608050 13.045579 15.635244 23.986030 38.497277 42.615746 76.925622 91.458904 52.114594 22.211921 9.339322 12.258873 29.859923 33.352268 25.990905 107.084660 220.136508 155.097136 39.327962 44.998855 19.232146 6.235607 17.897410 23.057598 33.161771 29.629823 28.609495 51.417529 98.811610 103.546943 45.907167 19.116722 10.862464 8.838899 16.084863 9.712990 33.315123 45.157229 30.521245 8.571805 7.544530 5.798563 9.092765 18.763592 20.921942 15.913513 16.006853 7.934205 4.837025 15.057801 22.325497 20.635611 19.724367 17.382146 13.809639 7.618339 8.853359 7.850448 9.641479 15.927812 7.725145 10.119678 15.747004 13.571252 9.498615 3.345621 5.032966 3.700198 8.749465 12.481881 10.960815 9.918673
1.278659 1.517048 230.3365 230.3365 0.000000 3.693000 2.795224 2.349548 7.572828 9.788763 11.505200 14.008453 14.147635 4.734422 4.354822 8.723015 15.064270 15.091310 6.685380 3.406749 9.778497 2.781016 4.343844 1.983445 9.209942 5.261502 15.103677 32.206936 34.786493 18.011360 16.543174 18.594678 19.759348 14.914125 12.743066 12.716428 10.120587 22.201050 24.907487 40.333046 102.869320 79.532498 17.759559 17.732366 28.149647 35.704633 38.822745 29.706235 39.187971 43.348732 199.365366 181.878110 68.411862 69.700459 65.697799 37.268509 21.480683 11.090283 9.100261 28.920706 12.352303 8.274599 40.052690 124.764264 107.339789 46.112386 39.893235 34.158664 25.559474 26.027052 26.927228 38.979734 21.951267 14.557035 14.306284 14.136584 12.953007 15.271423 10.787084 22.590022 34.609494 26.613598 15.872133 8.759937 14.214082 18.374157 15.744193 21.802822 11.247561 19.083411 12.888616 6.079029 6.399292 4.099735 9.446218 6.255883 8.383138 9.869994 7.422834 6.269193 4.407357 6.962109 5.796543 2.399537
1.328923 1.513087 230.4844 230.4844 0.000000 8.780572 4.249101 2.440862 9.705368 9.948374 3.923138 14.436562 10.372471 4.498892 6.598094 8.541904 11.320760 20.014040 13.854249 11.353203 12.395513 8.661716 3.865226 4.313040 7.981454 12.110218 31.485116 43.524722 23.627861 6.150960 5.693983 5.810614 7.345331 10.929188 11.723267 10.966018 17.243119 26.329641 28.611011 77.912128 82.169961 33.936900 30.144799 35.233805 39.345137 46.257457 53.328993 46.632243 51.220857 165.379584 181.727733 59.228039 99.709259 89.948011 51.963936 25.368702 12.437603 12.310096 22.137604 21.283958 20.614892 34.170281 119.720962 98.038861 43.741013 60.711479 52.724732 44.156873 25.734334 18.364906 30.140768 16.756963 8.873161 18.611308 18.177294 11.917473 20.113970 19.637532 24.073679 21.007975 11.155656 13.796921 14.756019 9.313293 7.601426 15.543026 24.038502 18.378179 8.078513 5.411374 3.616304 3.046904 5.277371 6.886434 8.760680 6.946909 3.306144 2.911892 4.971544 11.554883 8.529596 1.669424 6.289642 8.535833
1.376815 1.488890 231.4818 231.4818 0.000000 8.966049 7.573341 5.655671 5.158768 8.076972 11.380441 9.432867 2.542442 5.581314 8.518274 10.907171 16.031812 17.856220 9.087928 8.378424 7.427545 9.670768 5.609178 2.558743 7.742347 8.425388 20.985893 42.619628 43.901443 25.739590 11.153973 4.489770 5.524765 7.765214 7.071012 7.907761 16.234815 26.380648 32.861222 51.441141 88.411030 74.567387 29.851999 18.336188 17.148687 14.246189 18.818194 35.722431 34.989194 92.303219 186.867818 167.462331 52.438699 68.122092 31.273330 24.078459 8.707483 11.561597 10.400579 8.947226 17.251339 37.802330 81.816472 132.829894 106.459751 17.802684 39.395572 15.390903 24.720434 28.420322 17.403352 18.115125 16.813782 18.174804 24.293342 28.952790 39.441558 31.019249 13.455799 16.140710 6.756657 11.207835 10.924876 9.519250 6.321749 8.975531 12.598705 16.157984 7.345026 1.701225 3.237167 2.436405 2.632004 4.364423 6.522888 7.763120 5.689795 6.364716 10.270427 14.462691 13.850645 6.994493 3.726761 4.059327
1.430738 1.493965 236.4896 236.4896 0.000000 3.074574 6.891401 2.473775 4.280460 8.019545 8.173110 3.222379 5.755693 10.100273 14.064084 8.724431 13.372352 12.089137 5.386009 2.511269 4.139027 10.218315 11.803733 9.412441 9.124405 7.539167 10.545420 19.517900 34.732500 24.478889 9.821910 11.082321 13.645338 15.206643 12.920092 7.794565 6.577020 9.498225 10.099455 24.126438 77.850860 101.214259 54.083148 22.899320 24.708128 18.767396 7.094391 21.989642 49.665022 29.047624 114.154582 194.067983 127.487610 65.383931 72.851834 51.222302 15.919698 14.291425 13.044981 8.044119 18.218488 31.731036 26.230863 70.100963 105.143764 72.577423 26.698004 20.971687 12.932350 19.847215 24.431677 21.098767 12.859915 12.841607 15.013323 28.410335 46.901417 27.299638 33.853026 29.972567 17.442231 8.938824 8.211958 9.012367 7.600363 8.187816 11.231896 13.567286 6.381909 4.372656 6.630272 6.647839 4.288069 1.842660 2.355890 6.081868 8.697939 11.307878 14.658277 12.961570 9.370306 7.883556 5.240566 5.366868
1.481089 1.448802 233.5096 233.5096 0.000000 2.731400 2.754897 8.865309 11.411660 11.375227 5.891919 1.548773 3.782304 8.411246 11.467515 13.494451 10.189274 5.573250 6.946457 8.403452 11.746668 14.624608 8.465431 8.262437 9.429410 6.121225 9.146824 21.326526 18.113097 10.547939 12.110168 12.661124 7.540215 11.037314 9.070388 6.698925 11.619234 8.899005 13.524538 14.453909 94.749752 125.187605 49.677384 26.889375 24.340383 13.007789 10.905936 25.903154 43.635091 54.451505 117.211474 190.920383 121.170248 76.435316 70.958119 40.293168 17.918680 15.114645 8.961855 15.420398 32.141150 35.541793 15.161189 44.113341 77.278450 38.517013 21.770719 25.293527 32.496701 25.092418 17.028501 16.270459 8.581630 22.439042 43.581419 33.064763 14.285061 31.800331 37.888653 20.712173 4.182562 13.648907 15.450602 20.794556 27.450898 20.342065 8.421369 2.342550 3.799179 6.958874 4.774009 4.032611 3.257625 4.040743 3.632711 4.782466 6.103487 7.649991 10.367669 10.884139 8.849031 8.485133 8.730564 6.150367
1.531282 1.426358 239.8804 239.8804 0.000000 7.002360 6.187354 12.709848 11.729735 3.280742 8.779235 5.181337 1.706964 3.615027 3.677783 8.707461 7.566232 9.804861 13.050388 8.436024 7.760636 12.804869 12.101281 10.877457 7.692270 4.446832 8.579081 21.707439 23.379211 12.446641 13.564652 13.810180 4.444209 3.648406 6.990113 11.279041 15.594733 12.670950 11.516774 16.176396 48.258858 123.538549 91.841054 14.037518 10.981593 17.841730 12.968811 13.372382 38.434971 25.019448 25.799444 172.373506 213.113075 62.160040 52.554627 47.635882 14.389361 18.460821 10.662266 10.555316 24.077137 28.166339 20.103395 15.406506 61.936422 84.553507 49.398079 20.482872 25.815784 20.175967 9.887056 9.946956 14.680174 23.714251 34.440908 27.965207 17.927893 23.165008 21.235860 13.316314 15.508845 14.565128 14.435906 30.887884 39.452988 20.616334 8.495784 3.925371 3.936993 7.054205 6.635449 6.379828 6.005829 2.119368 4.528021 1.361339 7.948581 7.083130 6.055962 16.558072 13.164125 2.961722 5.140445 4.948076
1.581757 1.446776 244.7012 244.7012 0.000000 5.758632 6.609384 8.242744 10.723608 2.285815 9.702522 15.196936 8.411277 3.701758 6.955451 9.467742 10.988048 13.273315 20.301740 14.587801 3.713551 6.472458 2.858304 4.336772 7.361474 5.481943 8.315945 14.258765 26.204247 26.338233 10.771686 20.649245 20.311092 11.413607 5.443700 5.732597 3.053351 14.523400 11.193059 15.226493 13.149493 61.920610 144.190904 93.440011 10.794506 13.511125 21.821991 13.517989 18.877997 32.033771 24.508695 32.234142 150.448139 216.039402 85.934587 38.914854 48.704908 12.374620 14.156461 29.191272 32.043541 19.315699 7.812689 20.191154 21.339663 23.578523 76.081984 66.295636 13.826866 19.265984 4.826360 15.284089 26.311833 34.779261 32.322957 7.719307 24.167636 23.366862 16.629417 4.364952 16.324316 9.582965 17.569950 22.793154 22.302122 24.063331 27.518370 20.073219 9.317552 2.700996 3.348231 4.929186 4.589697 7.176928 9.836764 7.167259 7.305529 9.021820 12.116820 9.954847 8.346974 13.037467 14.359317 6.191473
1.634393 1.467414 244.1679 244.1679 0.000000 2.751732 5.859649 8.861250 10.741929 7.445455 13.583620 18.542769 14.005967 11.728674 7.045899 6.530209 7.926409 4.807312 16.131901 14.307848 9.928501 10.715851 9.181168 7.973923 8.899904 3.510716 7.673105 5.322759 15.417528 26.893453 15.610127 12.917745 21.555870 11.251059 7.946832 6.233203 6.730892 8.948957 19.087533 16.056881 9.973654 51.259277 138.528845 125.969596 32.404043 18.087106 14.781906 20.644997 18.066871 15.459977 7.963755 31.724252 106.537378 203.252781 140.079198 56.767785 32.422528 21.652781 19.691296 35.310133 27.521679 14.172909 11.505070 8.437339 15.778241 27.461977 52.488440 66.182826 36.220874 15.570563 4.119844 12.174746 28.637453 28.296573 23.536693 22.686294 19.516947 12.120605 21.343139 17.105074 16.592233 22.976251 32.595565 31.881715 10.289741 3.172906 9.970346 16.763830 13.480589 3.303565 4.697575 8.514900 13.025601 11.880679 6.450282 4.692654 5.380555 8.246126 7.076463 9.539648 6.210181 5.235101 11.275370 7.832520
1.680732 1.449517 242.7291 242.7291 0.000000 3.189005 7.453411 10.990117 5.411633 5.738387 8.826350 10.032002 3.943556 9.683423 11.325171 9.217373 5.519387 8.580656 7.379110 6.115169 13.250295 10.719264 8.259376 11.853088 10.519976 6.166809 4.687242 9.016425 18.790604 12.519954 11.099164 23.887260 17.064588 13.176352 6.673549 11.099856 10.171530 17.131579 20.428462 9.731840 26.146796 98.381088 167.605128 99.568676 40.800937 30.836300 21.819800 5.601584 10.317054 26.642733 44.036338 87.069743 167.492158 155.168381 73.340177 56.677777 47.601178 24.764589 15.187377 6.429025 2.790216 10.510532 20.858224 17.869979 14.184117 51.574106 70.925145 38.512862 17.253643 17.979905 22.744514 6.683143 6.429969 6.917793 16.012580 26.586946 34.071059 19.210623 14.345756 17.535524 37.118054 32.905247 15.402575 10.796803 12.158852 17.591978 20.878475 19.379256 14.913497 12.575284 16.423654 14.718262 11.201845 11.576471 9.935231 7.673532 5.554896 6.164576 10.159042 4.216151 8.803361 9.862925 7.556083 4.823696
1.731361 1.446079 248.4085 248.4085 0.000000 4.957348 4.425445 7.318315 8.324096 3.130497 2.607084 6.269149 7.134336 6.551093 4.812277 12.644600 8.647775 4.005340 10.189728 13.846002 6.769351 8.812957 10.959101 10.173621 10.890570 6.861313 0.980080 2.788269 9.098690 16.875552 10.614270 18.328035 37.957791 31.475881 14.694882 7.872259 10.590178 16.411194 12.779247 16.330646 33.454153 49.560191 117.621108 147.413268 72.926528 58.519386 31.235505 13.897668 13.595935 15.097312 37.086344 62.075097 89.466532 158.600851 145.064253 62.491294 72.687896 48.101207 16.712920 7.425010 9.806467 9.096754 10.997972 17.417534 25.567182 21.667613 27.533252 51.211935 42.039155 31.788174 24.453065 13.708561 12.514307 7.519547 3.050387 3.828006 6.664953 22.450207 42.526115 34.235553 12.148932 14.399932 27.209145 18.867370 14.782841 20.632259 15.222671 11.256325 22.377921 33.345846 25.660765 16.492598 12.261399 10.789099 15.711292 12.026284 6.730621 6.245101 7.189050 9.963603 10.908680 8.725965 8.711292 5.741265
1.787129 1.467966 248.5742 248.5742 0.000000 4.403264 5.191090 9.771210 11.915110 3.994791 6.495231 3.428622 2.901594 7.118823 10.581294 8.659930 6.142055 10.302785 14.684013 11.633968 10.196111 12.074582 8.711837 3.319275 3.677446 4.935220 5.008521 2.132066 6.656456 17.523137 13.938196 21.396168 42.285595 26.697566 3.457229 10.606676 10.462558 6.259359 13.521171 21.821440 33.700568 45.519580 108.671371 156.558192 79.677571 43.315632 35.076189 23.647997 16.898146 11.634044 31.051635 42.863031 61.834700 144.913307 164.530416 77.188354 32.642780 31.454295 13.079913 7.789394 7.807961 8.432768 7.538509 6.074083 14.479272 32.406226 37.335792 41.392108 39.630705 29.285043 17.894280 7.843596 7.448281 5.553260 6.079356 10.615663 11.126719 17.010814 38.724908 43.839129 24.583172 16.844046 24.898427 25.462895 13.553166 10.773156 17.679993 14.254771 12.741327 25.196346 29.733587 13.227842 9.832234 19.014785 14.834417 10.509132 9.358524 6.402885 2.931916 6.601184 6.793005 4.553144 5.191031 6.214399
1.835070 1.464465 253.9792 253.9792 0.000000 2.656854 1.504043 9.941582 15.942041 9.711700 5.982688 4.849111 0.811869 3.718254 6.658765 9.499985 5.771980 9.376356 19.899226 11.830202 10.590731 5.512064 5.440770 2.961565 2.989130 4.349824 6.345359 5.183770 8.327690 21.616635 21.384507 14.157717 45.733249 29.767387 1.928636 13.178400 16.044251 11.945818 8.738564 3.559247 22.341359 32.982768 80.694372 170.445278 150.374890 48.646449 43.701628 22.641822 7.690711 17.289020 19.582956 18.578009 29.440144 73.774972 170.286445 149.585833 51.953817 20.178971 15.414190 4.613238 8.579565 10.911917 13.410596 14.487593 20.828527 21.142239 7.298652 14.831701 47.370543 51.350001 20.174167 9.458053 2.730417 9.180093 13.024684 17.657758 18.247538 26.250407 37.320559 26.623082 17.645111 17.463841 18.565912 27.365888 19.711937 16.111448 11.779317 10.974576 14.348952 14.675423 13.726306 19.989746 22.106303 22.925831 20.603332 15.853713 16.991325 15.920175 16.113863 15.334926 10.631860 5.395801 3.773968 4.631710
1.881275 1.504552 196.3237 196.3237 0.000000 3.440945 6.589888 13.551899 9.917837 6.271926 3.697897 6.825482 4.389961 4.490151 8.589599 11.543630 8.317278 10.787324 17.759053 17.102967 10.909745 7.069038 5.145424 3.826936 4.557387 4.437040 7.761778 8.149972 10.559857 21.865749 30.947810 32.533694 40.204736 36.037384 17.361388 11.994145 15.005175 9.856987 9.715607 19.425411 13.907266 23.987013 70.999806 184.582161 170.429970 60.615030 24.913631 23.057597 24.421247 20.657551 22.797076 28.327854 40.934286 76.840932 176.851495 141.577295 45.274615 26.231885 22.011397 12.879156 7.935966 9.863280 10.088868 11.627390 15.127287 12.462971 17.502417 42.486360 60.633483 48.127078 18.238138 4.590223 6.086993 8.688257 11.707279 18.261116 24.063761 31.431040 24.351134 12.106466 14.573926 31.833816 24.158826 17.957366 18.973293 13.287246 8.453241 7.505036 13.663576 21.309751 18.769076 11.471863 8.743279 17.663469 24.105122 10.375515 15.195261 18.706979 11.911049 2.891585 5.835588 8.325021 12.880996 15.696190
1.931562 1.525186 198.7032 198.7032 0.000000 8.254688 10.541907 14.272747 8.913188 7.109428 7.493729 5.203717 3.410450 3.763000 8.159474 6.627784 6.978254 6.812256 9.785217 7.372824 7.816895 14.936745 10.967159 6.222560 9.647243 11.352139 3.919823 4.115888 10.336914 24.349708 17.497429 5.463029 38.629334 45.124020 19.486607 14.023203 3.740898 12.310024 13.893410 18.704216 19.325140 22.677049 86.231327 196.957753 178.838192 53.955954 19.889092 19.978376 13.241415 18.159729 35.683215 31.206065 23.945855 74.060077 150.229038 116.629394 51.034607 41.048175 29.430364 19.055608 12.324766 6.594632 7.331851 13.297222 12.844566 11.860639 21.714054 21.325144 53.738764 39.869464 14.312888 8.899214 10.978575 24.407424 44.667938 39.126869 16.541389 25.273970 23.833957 25.512355 32.975553 28.882547 20.617796 10.195539 11.408838 15.484420 7.961253 15.168072 21.428867 16.012486 10.363074 8.707713 12.791823 20.416348 20.967442 12.653093 5.857764 5.957230 4.255743 4.413764 5.158617 8.276888 9.418743 5.251295
1.990262 1.543696 194.6308 194.6308 0.000000 6.486646 3.661986 12.878931 13.939480 5.117086 6.887375 5.111903 4.222627 5.507898 6.416571 3.287721 4.462898 6.214383 9.633271 10.401135 7.942995 16.750136 17.174087 10.091504 10.055928 13.022622 8.710874 5.804256 10.590170 17.633165 10.511530 22.852313 44.266090 27.922711 15.777053 15.629968 10.224169 4.041106 8.305811 19.620766 3.303218 34.116285 103.240143 235.776900 129.724240 34.139539 22.274809 26.700080 21.671521 14.421520 21.533474 22.834384 27.022464 97.475282 151.373499 92.645430 26.329705 23.424563 20.909200 11.767515 5.887052 14.369401 17.123067 12.712814 13.294954 21.786299 21.621213 26.855597 39.246945 29.124832 14.805060 25.298282 53.335519 56.936653 36.524140 14.946608 15.236809 6.943047 24.075782 6.843595 11.679816 7.834333 24.402433 26.963222 16.913558 16.812368 12.793851 6.450965 8.694324 9.636428 5.118994 7.131704 10.962752 8.202294 5.513504 7.435021 7.387872 6.697000 6.654129 5.465916 5.513451 6.549016 5.484729 2.336265
2.040788 1.551926 195.4303 195.4303 0.000000 5.670805 6.771949 13.530702 13.397387 8.794788 10.814307 13.237238 10.498966 8.866735 7.357822 4.428631 7.832664 9.571058 13.103058 8.157731 2.536523 11.862665 15.061225 5.500088 3.661057 9.568620 5.519296 4.256033 8.625067 15.883989 10.806518 12.624146 38.763833 40.797058 19.227412 19.286547 16.064390 10.209111 6.987857 10.716579 24.389741 29.200261 78.772681 215.873927 208.211400 53.082867 69.581555 42.462528 22.100936 13.577101 18.078805 24.816777 31.883662 62.362664 125.083520 112.292783 41.277283 23.402131 18.898018 9.627252 15.832577 13.058671 8.537122 13.946889 13.367454 25.870296 19.809997 11.146491 19.381015 30.188411 13.923164 46.244589 44.092301 24.256156 23.456553 12.084721 9.760615 15.299765 17.788136 12.508618 8.481897 13.383472 35.398130 39.417591 12.723683 14.112021 22.628666 19.678695 17.308806 10.306541 4.361157 3.651067 2.724465 4.480014 9.819543 11.482821 7.001110 6.750757 6.433153 2.691677 1.062001 1.049002 5.333179 7.844207
2.091298 1.588088 205.7491 205.7491 0.000000 4.515612 1.821891 9.279797 7.575986 2.051996 4.330770 11.807725 12.149688 9.114444 6.264082 5.643420 9.624277 15.780351 20.762109 21.093866 10.294092 7.763359 12.117530 6.105332 1.683439 3.760867 4.042336 3.095109 1.613821 7.235155 17.009812 14.618139 18.725667 46.215035 51.382759 29.516344 15.447711 14.786943 15.520989 11.458007 12.039681 17.826112 19.601106 33.377649 110.597407 251.397672 197.900826 54.509464 33.038847 13.060490 6.506158 5.822402 6.026656 23.093448 23.881575 35.622389 97.486887 122.750095 72.527397 35.012563 9.635802 12.885581 17.853767 10.522113 10.458584 11.950632 12.330953 13.185704 17.454732 16.492549 19.810729 34.674497 60.633037 62.255692 33.575413 14.783489 8.141844 5.095320 6.025480 8.290152 11.400199 9.034385 12.216466 18.410700 39.805564 36.479422 15.633925 8.400705 13.967765 15.998457 15.047404 11.450293 4.633677 3.575481 4.568104 7.009157 3.776125 13.252549 13.775354 8.479697 4.210890 1.490489 1.783322 1.640558
2.140725 1.657291 209.3501 209.3501 0.000000 10.549530 4.713100 6.990799 9.721085 3.791087 3.949562 4.647084 3.127953 2.432186 0.831932 4.422380 12.924562 13.232744 9.553063 29.194472 23.357800 11.961699 12.703839 7.824782 3.169057 3.489312 1.910922 4.185827 3.415108 4.334816 15.035092 22.953222 20.877722 15.759178 55.276758 54.330617 11.786960 8.723374 9.911733 13.482493 1.245708 7.007996 4.443806 14.305703 19.173616 76.509702 258.240555 228.384184 51.303139 6.398105 13.795141 8.349208 5.498661 9.040230 4.760408 9.993105 19.707145 48.298286 120.185951 89.331981 14.393915 18.074658 18.613282 12.972376 4.031156 6.319280 3.372944 6.668620 6.385775 6.307360 12.102204 18.571048 26.723342 64.274091 57.843407 21.908098 10.318280 10.115432 4.087773 7.360483 5.184741 3.968023 7.342664 10.274361 27.542081 48.348012 46.134625 14.970680 6.513576 5.931937 8.090687 1.511537 3.081633 7.625913 5.060804 4.699369 10.367304 10.375548 9.016225 8.859781 10.013148 11.811820 7.050653 6.091852
2.193781 1.677857 214.2345 214.2345 0.000000 10.903299 11.411973 14.225887 14.001985 2.437191 3.882805 1.680770 2.673384 2.590186 1.637845 5.083862 7.091813 11.300468 18.496780 18.086569 19.897806 18.317032 8.672218 4.949422 7.226152 5.025963 4.629112 2.061941 7.752294 7.823863 6.408702 13.181502 12.187689 12.350672 48.111047 63.087131 19.392040 14.583930 18.221479 6.756325 8.174602 9.325032 14.498088 25.610548 37.870281 86.367853 251.123823 278.366805 94.928656 21.977000 16.468866 11.199413 7.880213 7.559119 9.571255 10.074575 15.786468 40.315122 89.559780 94.338946 29.292109 13.634228 16.175287 4.107566 7.311335 5.112824 5.095689 6.041619 9.763871 13.174225 16.678236 28.986489 44.393153 39.253184 28.579436 12.574703 14.181470 12.034087 10.181902 6.922764 6.438428 8.939688 17.012200 22.668482 24.321371 31.934999 54.915388 39.213831 24.379641 20.200434 14.292337 8.399272 7.691088 6.538675 7.131670 14.072084 11.991210 3.895923 3.258258 2.548925 7.758490 15.326608 14.089700 6.854892
2.240806 1.709790 203.6033 203.6033 0.000000 7.121908 11.590494 17.762588 15.561700 5.567483 2.601276 6.866670 8.832815 7.240218 8.271736 9.579178 9.038798 7.849806 6.439798 7.902422 5.208551 10.038052 5.923689 8.415240 7.549282 13.902551 13.475242 10.023933 4.054252 3.459526 5.430099 6.431467 23.433224 59.486999 64.625696 45.503595 28.214487 10.082580 5.395154 4.015579 11.405145 14.774600 38.728135 68.653573 166.406894 280.745389 181.377793 47.879601 10.589168 6.961169 4.521349 10.868898 6.083582 8.313500 4.808751 35.168457 93.627329 87.576058 43.757092 13.103458 7.366392 10.798963 7.903011 5.691806 3.413026 8.022185 24.180664 45.694140 39.066606 11.719280 11.747465 18.471468 16.458023 7.728735 10.100130 3.641496 6.540208 12.632428 30.041512 49.196841 39.145433 31.949667 34.325052 32.832762 19.919264 15.165044 10.895091 10.011375 15.978661 16.714076 21.214103 20.887941 8.240142 1.397689 3.626614 7.157449 9.112807 13.695617 15.793808 12.294972 7.903551 7.886474 4.228855 1.058962
2.291409 1.721659 209.1120 209.1120 0.000000 1.957482 3.173861 8.378600 13.936213 6.666245 3.735669 6.897395 8.093956 13.881406 16.673386 16.041327 15.019377 12.188890 13.286680 14.258975 11.467150 2.785529 4.422011 8.530920 21.083528 26.538211 17.005341 4.731320 6.127063 5.838523 8.129811 12.730032 13.242975 32.752419 60.497094 36.053538 27.583077 16.892560 7.046402 8.738928 11.993672 22.209412 9.564788 10.158084 33.605804 222.817418 293.258216 123.528048 30.109985 11.373491 6.596470 14.790046 15.241848 10.445336 11.024426 27.325171 34.698726 88.260087 71.541610 13.669371 11.746054 18.959853 16.357566 11.181766 11.565471 13.644045 23.228844 47.109063 38.309223 14.203548 7.348819 19.778198 31.047644 22.478239 15.815667 13.103423 8.933119 16.849418 47.698463 56.004413 20.938203 17.431962 9.825623 17.922413 14.287245 11.998518 12.002593 19.917768 25.025002 15.021500 11.395444 17.495182 10.372749 6.684325 8.562118 4.069987 2.176167 4.953686 9.129868 19.479440 14.317758 9.571200 7.063628 4.292180
2.351286 1.684925 208.3715 208.3715 0.000000 2.193493 3.015663 4.238627 9.435152 8.028145 4.861486 6.098954 9.071088 13.910869 12.209727 8.643716 14.553542 13.423697 6.341128 17.956093 16.368485 7.721140 10.498557 13.752879 12.537892 25.337479 11.226508 5.402791 7.663450 5.887161 6.774499 5.809093 13.548713 47.368836 63.855763 34.771899 13.566211 25.050079 22.573856 13.086574 22.535156 34.665804 21.594345 18.898001 62.410747 224.652709 259.637002 99.296512 36.537118 26.142099 23.760373 29.445901 19.086449 21.258454 27.360697 15.467641 39.337778 107.984246 77.359829 12.849490 5.769407 14.158439 14.610045 17.408850 35.110818 41.324381 33.173680 22.965743 24.502177 20.033338 19.613928 22.378579 33.071451 14.152524 22.291342 33.515716 26.617971 35.074302 44.732440 26.167678 18.380523 18.982684 12.608444 5.991324 10.204303 22.379262 19.825853 17.209834 17.894169 12.069450 12.234468 15.157376 13.589574 18.691482 13.300962 6.396885 6.424139 7.111379 11.148754 15.329022 8.854130 5.372264 4.882355 5.382875
2.403563 1.668256 209.5056 209.5056 0.000000 8.264993 3.680316 2.151670 5.271022 6.965956 5.437975 5.037169 9.894961 7.846523 5.638416 10.429824 10.718027 6.524108 10.955899 16.199619 13.991408 3.911982 9.649707 10.035144 15.822327 30.007283 17.843584 8.085985 5.284432 4.152947 5.655133 10.542427 17.444145 31.361263 57.680174 52.781036 25.481943 24.039758 18.580902 19.597628 27.605629 30.148051 16.345830 24.492829 12.732906 147.048110 290.255141 152.543447 25.356348 27.387142 17.924547 37.987951 32.910120 21.831761 18.967182 14.758130 34.318045 95.420049 101.977080 29.643849 11.517485 16.958937 14.578715 35.434385 46.464410 33.631602 18.458115 23.809952 19.266884 13.585722 28.511941 25.229372 28.939604 30.527077 18.143092 23.405092 33.992478 21.237184 22.465981 23.761884 16.515153 27.517069 23.248834 16.189535 19.899399 16.403956 14.459521 14.677768 11.111622 4.756204 5.199103 6.589823 10.366109 19.080162 13.520760 4.022243 4.169738 5.416135 6.933456 12.389130 13.089526 9.789937 11.911722 15.211246
2.451334 1.602365 220.3670 220.3670 0.000000 4.842243 2.278295 1.467353 3.197393 5.496476 6.082467 10.770976 6.606953 3.162521 4.458177 6.324500 6.001965 7.596098 9.403671 7.587663 6.108532 9.089337 5.321424 3.367979 8.037406 22.279577 30.167012 18.822647 7.334745 5.298597 6.770704 5.579963 12.275002 14.173966 20.909661 42.414177 40.092638 15.424160 27.073967 25.368134 15.427252 9.072001 14.447705 13.662149 9.633368 24.422778 79.782397 224.125272 252.365439 95.022588 52.711289 14.823281 38.332481 39.563631 14.718101 17.983458 12.444867 19.074854 35.390693 81.118689 106.708530 60.084708 31.842648 14.888777 32.317906 31.977742 17.419980 10.286511 12.895321 24.343689 23.485200 22.161959 26.314457 22.291167 26.159716 26.241401 15.686051 8.984242 11.758837 16.225519 24.073223 27.350855 15.790930 18.950974 22.486149 13.633703 16.125823 19.454110 17.072822 16.655565 11.149448 9.863994 12.895497 14.291901 8.511425 11.788277 16.380518 7.726851 7.244849 7.369419 3.965325 2.090786 8.252459 12.733299
2.500797 1.509215 225.6566 225.6566 0.000000 7.348349 5.372930 3.222903 4.637859 7.579712 9.551416 11.104954 6.214200 3.511561 2.487657 5.793514 5.893234 7.319088 2.010963 10.302756 8.763191 2.667099 4.583797 5.935472 6.779727 9.741154 18.692824 13.856926 15.393062 11.244444 6.961638 10.616159 13.798183 12.504995 11.917883 8.511645 32.305393 15.492622 30.111968 49.537281 43.428082 27.624752 17.696104 25.742088 22.564594 15.346194 28.152850 38.230737 150.313699 255.441290 163.869164 61.583175 16.676908 19.363745 37.127438 26.366868 22.223780 12.355475 13.165419 25.687011 24.269066 90.835469 102.600342 64.305766 31.001833 19.288348 17.771462 9.150751 3.485582 2.628373 16.589663 20.539109 5.638785 19.896858 24.911521 21.403843 11.167088 15.736258 15.699027 11.115938 6.634037 7.615339 15.026249 31.238759 29.735534 15.766946 13.858119 19.400558 17.976525 14.293537 18.233857 7.169741 6.402764 9.067019 18.940519 20.106832 9.024028 6.808295 7.946406 9.925164 7.866334 8.936369 7.685144 4.878579
2.554878 1.470254 219.2750 219.2750 0.000000 8.220619 4.735188 5.776605 6.471956 2.775705 2.461396 8.098491 6.913536 7.614013 9.049709 1.754099 8.663870 12.034385 12.984129 11.492436 6.052522 5.232627 2.314721 7.573714 9.395117 10.053163 10.947053 3.023389 6.469743 12.391141 5.714100 6.959386 11.051564 6.152071 7.275035 10.654184 28.991811 35.268786 50.548811 39.329042 15.404360 35.231827 36.612280 36.894880 40.136042 33.344388 42.348755 134.486738 226.222782 140.457538 55.281225 40.075276 22.422953 23.888401 22.850046 10.357529 15.304686 17.328229 28.587258 56.010303 77.950624 58.757471 38.242937 45.753964 26.765252 4.257171 4.274545 14.437066 16.651102 19.561052 27.133696 17.707758 21.485203 27.455195 16.170476 19.565496 21.778303 14.735126 6.937945 6.287548 15.280299 19.025431 23.994810 20.387448 14.257578 12.992888 18.859761 18.666657 14.805170 12.545415 13.633412 12.332562 11.222021 12.200503 14.531172 10.058841 12.640025 7.645247 5.853142 4.180522 3.343734 6.169285 5.161865 3.191955
2.602382 1.430843 213.4971 213.4971 0.000000 12.755619 6.006138 3.134102 6.632557 9.152878 11.167960 10.710256 7.310427 14.155053 16.728756 10.872059 6.563330 10.561809 15.739522 11.333095 9.145793 7.698260 5.571320 6.142740 10.881950 12.127101 8.045300 8.186059 10.919521 10.709715 10.973736 16.004746 22.084685 21.334926 25.874819 33.604966 9.044727 54.624989 43.672165 9.334346 17.839676 19.588789 9.855380 38.358137 35.748883 46.056653 155.393057 215.103781 108.809327 31.027583 25.263136 18.412541 12.985347 13.762268 12.465656 13.900301 21.712871 31.473213 56.039794 71.633296 40.545653 15.065868 19.192156 19.472257 10.016511 10.215026 23.214607 31.447309 33.022319 29.822113 31.904929 26.120251 9.971883 22.565336 29.322655 11.653193 7.034112 7.957678 10.544275 23.706155 22.957649 9.910025 5.541688 6.035145 10.643534 11.499866 15.558781 12.715894 9.072571 13.532087 14.037437 16.145247 13.341915 13.791696 12.969375 4.377074 2.932879 4.089643 2.279087 7.171266 5.123131 4.707731 14.068059 13.635226
2.651392 1.427749 228.3625 228.3625 0.000000 7.703642 12.209218 9.043784 8.622802 9.756478 16.199704 12.001064 3.999908 12.304990 23.098645 14.202276 6.157074 6.842906 10.208651 9.222958 10.819648 12.613608 6.577058 4.580300 4.932720 8.750525 9.015686 7.339494 9.861215 9.181781 6.883212 13.476384 17.380660 16.090958 18.770842 20.989658 27.979075 34.909360 32.039975 45.465437 53.389083 33.507767 19.566976 18.692396 24.575576 27.652678 24.951566 34.310001 101.211321 198.110000 187.976566 81.004508 44.742972 45.704439 24.973397 26.873399 27.438371 27.718802 30.701282 29.051950 32.220971 66.517334 98.041209 70.069293 28.324379 19.628003 19.200073 14.174297 12.676392 11.693397 16.077881 11.178994 10.756348 13.719582 21.209802 16.416237 30.479216 25.658372 13.433157 13.589006 4.389685 4.783996 11.795302 18.123703 17.052190 13.093983 16.601400 25.071153 27.913380 15.169864 8.998760 11.726624 8.008032 9.595061 17.076421 20.766725 9.690184 11.273028 11.969458 4.533668 1.617431 3.206186 4.441074 5.624041
2.706270 1.474993 224.0114 224.0114 0.000000 6.463713 10.145478 9.600028 5.367633 4.188911 10.794955 12.804048 11.970660 19.412657 17.098794 7.930974 2.525763 1.797508 3.594886 3.951721 8.829939 8.076463 5.941678 9.087703 7.541454 9.710989 18.364417 14.260932 9.546431 8.593365 12.251444 6.669754 5.221391 9.835149 7.796937 13.376824 28.234444 25.373689 61.717963 80.962169 38.737704 12.483649 9.463741 12.773050 10.277575 19.677130 42.695603 77.126681 209.873957 203.026717 97.503510 44.436169 29.319298 36.279799 27.691256 21.615896 23.771310 11.977777 31.539093 45.396511 77.661587 94.007368 52.011806 15.561188 13.968661 23.616587 23.434292 23.333514 18.432133 7.336621 10.021674 8.307959 17.478632 25.445520 19.922975 15.095534 17.447549 9.341236 15.246713 16.063817 19.671475 19.178220 16.711692 26.962788 32.995814 30.769631 14.657622 5.527294 7.286033 9.596039 7.619799 8.379796 16.484643 17.852498 13.479297 5.858825 2.463711 4.232899 6.406104 7.458007 6.796018 6.184226 9.569003 9.149293
2.751341 1.486306 227.0149 227.0149 0.000000 2.020344 6.416242 2.599856 4.214296 3.442994 3.371026 7.660373 14.650420 10.692968 6.671262 8.647209 2.142120 3.904774 5.828505 6.968013 13.239782 13.020389 7.339833 5.877121 5.901542 12.078338 24.399173 34.201915 25.175434 11.512136 8.890227 11.072321 10.607385 15.339517 17.256518 15.419275 23.891224 24.957568 28.235582 64.223654 68.970097 31.265179 11.221410 14.202583 21.364197 16.546034 12.921778 29.115308 84.768559 192.795332 180.060372 87.083252 56.014464 31.013225 30.418055 48.412910 46.541278 32.440356 15.105436 16.568885 19.404333 56.018420 107.137603 78.247057 30.296723 19.712333 30.440576 24.121731 28.589775 31.118765 22.549663 17.101501 14.020857 20.959069 14.960265 12.064413 20.231258 19.371054 8.414527 28.257125 33.681276 17.993650 21.461957 20.867372 5.373366 11.722793 19.255321 15.912568 0.991305 6.789979 13.614201 11.345780 5.833020 6.216065 9.610111 10.917307 5.971773 2.624666 4.847612 9.047411 11.916177 9.905031 7.367971 5.281476
2.807112 1.476423 240.8925 240.8925 0.000000 6.014130 6.623112 8.197039 3.351063 3.736309 5.594126 6.175643 8.149492 6.088487 6.178245 6.091788 5.197992 4.857631 4.521793 5.686582 12.134319 14.104387 12.142923 8.202497 3.719870 5.826294 7.644303 19.203040 35.262428 23.615956 8.410924 8.935105 9.579242 10.398406 15.268004 8.551379 19.479104 11.125721 31.184047 35.956362 19.541092 73.307682 76.951940 20.410965 10.391920 9.671561 18.078625 22.384538 27.435526 17.957346 31.567553 163.177303 218.020214 104.450384 39.569792 28.812030 33.149715 51.043165 28.083720 25.082459 30.454335 21.209827 14.515732 15.417555 62.613515 112.348887 86.325416 36.395433 25.141884 23.521393 18.918057 24.320875 19.557705 13.451412 19.349011 15.462237 22.326185 12.230010 13.225528 12.802080 12.796436 34.559793 41.220414 22.711923 8.948856 13.553983 11.378337 10.018380 5.427029 9.322331 17.217938 13.038975 7.164760 8.085081 10.163194 8.779777 6.891412 5.765138 5.740009 6.005900 7.834717 4.972512 5.424007 8.353980
2.853414 1.486024 223.7223 223.7223 0.000000 9.438673 8.614343 8.329211 8.194664 8.302121 10.232484 10.928291 6.643565 4.480183 2.559675 2.342278 2.073539 3.334895 7.252891 9.515812 8.360381 10.760451 15.108582 10.726046 11.535985 18.595106 27.548724 20.787297 3.698795 11.248665 16.620584 21.250398 24.732127 26.446941 24.924105 24.001601 33.318086 30.590400 59.597998 102.272060 60.551392 20.083594 13.894592 17.957705 12.145676 18.626979 14.380372 39.506991 142.110226 212.639951 111.023752 34.797146 17.505337 35.001705 40.735107 28.513605 20.293257 13.830999 9.176940 22.949110 54.126108 111.267998 92.640725 20.319804 16.783838 16.991870 9.569621 21.206952 21.921532 25.706128 28.034060 21.626045 13.426947 8.881924 14.748954 26.018605 29.993172 20.713155 12.615527 22.146165 16.051110 14.539140 5.893343 2.708034 17.822086 20.900887 8.187119 5.076377 6.330310 5.186024 10.273266 13.646343 12.187315 12.573988 9.982510 6.642311 9.441273 10.199653 9.427896 8.831910 5.249439 2.250354 5.771667 8.873501
2.900792 1.496505 229.4822 229.4822 0.000000 9.997408 5.443317 7.192311 2.361645 8.385034 2.973057 11.200679 9.980544 4.015532 6.109322 6.625643 4.269454 5.531154 9.850355 7.272345 4.637043 12.301846 16.932085 12.195562 7.765667 11.880472 12.091314 19.515952 18.745046 7.539250 12.659066 11.740809 13.711196 19.394017 20.582705 10.641597 6.363844 27.377406 22.343243 60.240455 118.692308 72.839675 20.935935 21.915559 18.177140 12.014508 9.032910 8.512767 24.823665 67.111457 223.695113 178.363561 37.473224 16.576157 37.029585 24.257699 11.753281 6.720357 5.356094 6.608987 13.311732 27.049917 50.238340 97.146449 60.999558 11.687917 5.171283 8.124252 14.898480 17.144775 8.418278 15.562686 14.622208 21.089635 28.140659 24.899367 13.288598 13.155093 9.344065 5.691574 17.383509 29.654978 28.653333 25.618602 16.451505 17.025765 20.657106 20.773328 14.544277 11.594828 8.303696 5.904708 7.747526 12.949374 9.181720 4.888321 12.112284 11.455717 6.694955 9.080848 6.953765 4.782745 5.000517 2.985399
2.960792 1.470284 230.7372 230.7372 0.000000 9.609212 6.634469 9.375981 14.703619 16.984372 11.063084 3.204131 8.737571 8.236161 7.107333 7.023151 11.420290 14.704617 10.130440 5.951756 4.749750 7.615555 10.124616 4.500255 9.305820 11.962583 16.704953 32.088078 22.123693 10.658009 17.108846 12.634900 3.843129 4.763897 9.267858 11.136617 19.743669 25.690843 31.333551 74.635384 106.599605 62.138824 23.125838 16.058151 17.857340 9.104812 6.807259 19.150116 60.900260 157.550467 213.851196 86.902087 66.762121 59.039401 18.256678 5.259903 5.465962 7.184456 9.517693 20.676741 42.347136 57.296603 82.610529 86.334091 42.798818 22.635923 16.965248 10.263454 6.418098 7.226859 16.176603 21.053738 30.462144 43.120876 24.777230 14.402024 23.445947 21.523842 17.527219 26.610439 17.332306 8.594445 24.573698 27.947849 13.342518 7.412311 10.908827 8.501287 11.449136 6.232970 6.727602 7.438852 7.321797 3.645526 4.899140 9.821457 10.287335 10.248370 7.457448 2.998048 2.971723 3.344932 1.215217 2.809652
3.011306 1.490831 227.3128 227.3128 0.000000 10.238179 7.180987 9.034717 12.642112 16.997460 17.426743 13.514335 8.971609 9.065656 7.741318 3.758340 10.542721 13.229398 8.507470 6.998473 7.152141 4.910654 3.730502 8.076383 8.471527 8.286903 18.460458 36.497499 22.515117 11.708478 13.406903 16.775034 14.685410 13.294704 15.966402 7.813032 13.995495 15.049414 7.934935 106.274890 139.711274 49.593220 15.385457 14.727763 9.776108 12.490337 25.149468 37.052464 54.249637 151.915351 179.473168 91.707944 63.505906 38.239784 17.862087 14.175900 9.975123 12.816790 21.285637 37.530143 13.918634 32.520488 99.173367 70.947416 19.565010 18.956530 12.307403 9.697305 15.829786 28.770944 22.516672 27.796700 32.438785 25.849313 17.093189 19.664090 32.476082 22.856494 16.593389 12.350525 7.060257 16.103992 21.634423 8.441254 6.836922 16.519975 16.528241 12.846945 9.431761 9.905502 10.518480 4.744115 5.234031 5.867576 2.262584 11.935865 10.115334 3.303499 5.608427 7.222853 6.085893 3.882962 3.298913 2.077404
3.060818 1.489581 239.2869 239.2869 0.000000 14.240871 9.765074 4.146981 1.935025 6.987384 6.984387 16.096920 12.653225 8.196767 14.930665 15.109733 10.093678 9.902200 5.933026 6.343180 4.559202 9.681443 6.535630 2.684167 8.866573 7.109251 5.526765 18.891891 41.164489 35.925978 10.968279 9.351783 16.847091 21.974616 15.641210 6.165384 15.094123 17.383694 12.132935 12.096821 41.569988 125.403199 143.939338 46.029204 11.095051 5.880483 3.606781 6.341630 16.800056 22.803792 20.340692 100.934279 206.991267 128.453612 37.831778 36.331269 23.742594 25.613550 20.704437 10.981117 18.587072 27.501379 29.515406 19.454725 43.817678 91.598002 87.638524 28.320623 9.269361 9.979357 3.926670 12.731421 35.507473 38.974477 26.933908 18.632653 7.413432 20.832077 17.516235 16.524392 24.348574 11.159765 6.362356 8.591576 8.455193 18.551593 23.190311 10.026597 9.174792 20.865521 18.146706 6.471594 7.935802 2.053141 6.638325 12.184987 10.577999 5.376923 2.908331 10.077637 15.677202 11.369700 3.753746 2.708364
3.111320 1.478650 244.2828 244.2828 0.000000 14.866316 13.354110 6.953844 6.634997 7.950981 9.563633 5.662803 4.981722 3.819971 12.396003 17.530063 11.204184 3.254989 12.976701 15.005562 12.024926 12.002209 7.860598 6.881551 10.974919 6.855464 4.883992 5.428823 31.883420 32.070670 6.114026 8.529296 24.186539 15.118207 8.532504 14.917424 15.902712 18.308893 12.889023 10.795809 31.217927 80.816151 142.343974 96.600534 27.881625 15.570813 12.663272 20.473212 27.347373 14.802272 30.175380 93.983329 159.675088 186.436170 90.079645 60.444485 49.547769 21.932828 24.370054 30.604494 13.289030 17.904244 12.844487 21.867348 19.821831 52.963471 82.532307 59.312926 31.966590 27.142658 13.934692 11.697353 29.999388 33.143686 13.023087 16.100583 7.183737 19.937995 17.164110 8.077846 22.847170 22.368157 17.176641 23.398890 30.824440 29.704739 16.256181 11.753954 14.618931 19.961565 20.939801 15.565233 11.695580 5.726215 5.844483 7.032973 7.010925 5.996401 4.777154 10.371546 17.059348 12.863033 8.354861 6.342099
3.160786 1.483291 249.2810 249.2810 0.000000 9.481905 14.672354 10.272126 4.437720 7.705266 6.036664 5.906041 3.107870 2.645164 8.809078 10.165745 2.637638 12.059822 14.068764 11.623459 16.367209 12.618219 4.332508 10.205260 7.339677 8.973685 7.183931 10.810411 18.831466 31.237871 17.344374 16.117569 25.359443 15.196278 10.002729 16.502939 7.131768 12.510086 12.214195 16.131201 24.699909 21.975598 117.598732 157.167536 66.809799 11.095889 19.021154 28.780905 27.206283 26.652753 49.111779 39.545970 46.698536 170.721025 176.583337 62.259844 45.556787 55.335376 42.089383 30.989708 26.277154 16.016593 6.438245 11.556258 23.549847 28.306592 33.516923 70.262440 58.983931 22.076897 26.017129 30.443764 31.464067 23.373250 27.658351 17.198932 11.151799 21.802324 22.159337 11.586357 12.938286 18.382095 8.404586 25.386512 32.336527 27.937122 10.681380 5.595421 7.386011 8.373210 12.516626 10.301601 23.067924 22.218538 12.587309 7.773835 4.194606 5.183265 4.201997 6.906904 12.360329 8.712283 7.128406 9.397160
3.211291 1.472673 249.2254 249.2254 0.000000 4.472049 6.389072 8.567679 12.092394 8.452686 6.693816 8.378159 5.258070 3.769574 8.886250 9.863285 3.655397 9.409736 8.576354 2.146092 7.112362 12.218114 8.159321 10.244499 8.736824 13.521185 7.894466 7.288095 11.747621 32.877528 23.338590 12.431652 25.524603 13.100007 6.585447 11.976663 18.298191 11.623389 5.045370 14.321527 21.658754 20.323835 135.085394 175.689522 67.538866 9.852775 11.247457 15.525431 15.652694 18.083559 40.061985 39.614353 36.774390 160.422448 179.009759 78.360589 59.727791 63.041511 31.730500 7.992200 16.020174 12.232559 7.740027 11.682368 16.107373 10.158850 17.298828 51.716094 50.067414 29.511937 30.757962 33.975785 22.280410 13.974577 24.547749 21.869438 13.369730 15.551739 18.581134 25.778709 19.583536 12.622647 16.240252 13.671418 9.525995 23.458893 19.648150 10.436297 9.962886 6.090313 6.614610 18.155370 31.302410 28.272439 17.869737 12.295900 7.289540 10.310277 6.818993 5.511055 8.405284 8.036486 6.032507 8.284193
3.260792 1.453993 194.4155 194.4155 0.000000 2.967259 4.998270 7.348468 8.233169 6.641546 7.131624 2.994105 7.255720 7.379095 11.035998 12.669045 5.145114 5.188628 9.120517 3.916495 5.468330 9.500669 6.332436 11.404636 11.378678 11.421063 11.234225 11.112165 24.453880 33.230625 22.161486 20.039975 23.680395 8.339106 7.000411 7.828240 17.605675 15.001545 4.196031 9.268253 23.757665 41.101671 134.989234 189.817722 75.014574 35.803193 16.714602 8.582351 12.554093 16.927312 18.616954 24.755585 70.450604 160.271160 159.189319 37.888918 49.290019 26.601846 11.000671 13.639073 10.054080 2.587650 4.569947 7.242646 5.104505 18.340655 28.865798 39.334521 23.447627 18.532775 19.371840 10.281803 11.065607 9.740601 19.758430 17.975610 14.086096 11.189303 19.786126 30.910355 23.404310 13.523924 14.508919 8.128270 17.673680 25.609405 22.759509 16.066269 5.549220 1.761006 5.963904 11.977367 25.146169 28.267525 16.332339 19.589399 13.997523 12.522352 7.289508 2.492604 2.999889 6.358136 5.876597 8.181617
3.311340 1.462837 194.4169 194.4169 0.000000 3.537947 7.075281 6.592270 2.565516 1.566422 3.575407 2.487370 6.177282 6.397816 8.626503 15.381726 11.184199 8.780104 5.760834 4.676970 1.513776 8.038877 9.153344 7.360610 2.234400 2.869907 8.205057 2.442033 15.721789 23.817626 7.142986 7.160480 22.993783 24.236826 12.669908 7.475630 8.702788 13.440433 6.227672 9.671809 21.832822 25.263660 107.831326 210.847329 129.419212 31.268868 40.770021 30.850982 14.215220 7.435620 16.301388 22.343704 28.301464 103.657603 183.144931 99.188803 10.445444 7.608384 5.103942 8.100260 7.798959 3.076426 5.006368 3.592679 14.049730 22.005700 20.818827 16.647142 30.576971 17.500873 6.513739 13.110703 9.976020 4.635889 9.850385 9.322906 11.647391 13.137528 22.603316 16.597273 12.904248 19.631042 12.162727 12.178848 23.510134 16.890321 7.240682 14.288683 7.285232 7.952315 11.781870 19.104671 34.788655 40.239093 23.626798 10.220758 8.121904 12.303021 9.580823 4.310654 4.724040 5.596987 4.045369 5.898972
3.360785 1.482143 194.3988 194.3988 0.000000 2.762470 5.710303 5.949048 3.593093 2.512224 6.052831 4.424130 6.831674 8.449593 9.239925 6.104602 13.663949 13.456076 11.241397 11.842704 13.636953 7.622088 7.578412 5.317445 3.443760 2.422174 8.656113 10.751342 6.889540 22.303537 28.447327 25.317943 40.410963 34.171826 4.047676 9.893752 7.096208 6.570394 9.049846 6.517583 7.666760 28.607393 83.249705 194.748026 151.934017 37.761084 30.911883 42.154847 25.591616 16.912942 36.370627 27.241925 14.940896 83.762440 175.170738 135.158524 29.814234 24.190966 21.538232 15.658243 8.655108 15.859045 15.461100 13.461838 15.835040 9.826420 11.807533 21.402024 35.261645 30.323373 14.612291 10.491185 16.107789 15.735367 12.698553 11.866849 32.041935 36.558563 19.380877 7.342172 14.154572 13.705247 11.077158 17.876242 21.724021 15.595579 10.941217 10.127010 17.969249 10.658414 5.327240 18.692267 28.110962 29.306215 19.001220 8.281875 10.456531 14.792320 16.710811 9.788319 6.476284 5.702987 3.940730 8.648896
3.411288 1.497538 196.9353 196.9353 0.000000 2.399640 11.973407 15.469007 9.104688 4.909848 8.849745 10.192244 6.708383 5.336148 7.552355 6.789509 7.265671 4.008190 15.363974 14.367162 16.212486 15.926708 8.578573 6.475862 6.695543 9.916523 11.507649 8.904252 21.004913 35.422966 23.049725 23.666413 50.938352 39.213317 17.489718 7.129673 2.144414 3.721745 5.233917 3.223571 11.397747 19.409044 108.277349 179.355443 97.010255 24.432532 34.682424 39.566102 16.594106 38.624287 63.960502 57.377546 22.721483 116.581473 160.808247 88.564361 60.365740 56.750046 29.970973 8.441492 21.193537 32.724495 15.345617 22.696771 13.659491 11.630311 13.549825 27.660851 44.631391 10.313399 9.906231 22.022834 16.480389 17.811988 38.307826 43.868196 32.390143 27.912828 16.824058 13.256191 7.840178 9.573557 24.191916 23.272369 17.038328 22.317792 18.070208 15.588581 13.176755 7.327165 5.683451 6.775074 10.503768 17.690704 8.764711 5.949938 13.196122 15.896760 9.172042 8.147471 11.291294 11.336612 8.869844 9.750716
3.460808 1.508729 197.1172 197.1172 0.000000 8.309446 16.180089 20.320129 11.381103 3.470777 6.439315 5.918392 7.570129 10.657056 5.303856 3.403862 5.554504 9.375307 13.895735 11.350488 13.616534 15.933083 10.332683 7.819097 5.880655 9.116314 15.462053 13.689211 18.997681 32.078800 30.157492 26.961261 43.023001 40.257213 18.892530 15.190455 10.995411 6.536970 4.684132 5.695273 6.986223 33.390049 95.183512 162.024421 144.446368 103.192834 66.120502 30.715539 31.235616 49.471710 54.937929 47.034897 51.737055 89.311951 117.199412 73.091744 86.943863 67.080807 21.515870 17.004728 25.224092 32.719552 32.754683 35.921932 26.457932 21.613909 26.513928 40.313003 45.978521 32.075322 32.922287 32.439992 12.715828 25.354299 60.316284 43.407712 16.929958 15.399717 5.375957 8.112307 4.970856 13.591519 22.739751 22.464765 22.459103 27.486295 21.492474 7.952231 9.325302 3.852703 1.855583 7.406523 14.652816 14.070190 7.524471 7.662460 14.268672 9.653004 4.144541 10.231648 12.104172 6.793205 6.396167 10.437878
3.513842 1.545686 204.4843 204.4843 0.000000 11.818239 4.801960 14.323408 15.593067 4.437218 5.526459 10.551678 12.340362 8.143928 5.608047 4.973677 2.971647 6.960558 3.930772 17.215095 11.201705 6.134363 16.374710 10.714336 3.886611 5.596738 12.264572 10.370525 4.364423 15.376740 21.132442 9.142272 9.315956 46.198058 54.776791 27.742055 7.358407 16.429603 15.011638 13.771834 6.372623 10.113145 37.832168 44.196671 108.563929 220.231383 154.500343 35.436748 35.496373 42.934138 14.982237 24.589542 19.716749 16.030711 43.975314 34.693876 116.517239 137.233537 67.966398 15.905635 14.055378 11.802061 14.829947 10.335805 27.794829 23.351738 21.574041 13.548722 33.519186 22.658533 29.112152 40.199530 23.054221 8.871864 30.323567 63.343715 47.258077 22.963915 7.566956 7.526909 13.901861 13.433774 15.129353 20.547313 12.355237 16.194714 22.634873 25.911330 17.140224 6.068641 4.690432 4.171813 11.141224 13.460009 4.404537 5.935364 3.730318 12.280468 14.772327 10.706649 10.632051 11.431745 5.634218 5.303297
3.563100 1.593228 209.3484 209.3484 0.000000 11.200330 3.936147 12.128801 14.845330 5.558569 9.291867 16.859316 12.190494 3.273324 2.852565 5.482105 2.099935 10.259133 16.676208 20.616963 8.669808 8.274256 17.227470 9.339070 0.748825 1.086441 8.728779 9.338073 8.138936 9.785905 16.683651 19.425268 13.115633 39.221014 61.941117 34.688082 9.972622 9.426488 19.647385 24.486971 17.024802 15.330870 10.233898 21.611231 59.132650 223.856968 213.165989 67.298055 52.865928 52.002955 30.109648 29.079712 34.173278 38.639668 35.435036 31.728383 81.482385 142.360024 77.357392 9.568831 9.542068 7.630247 8.645748 10.211866 20.517293 15.258293 18.074726 15.908802 25.557955 33.773306 24.638354 15.723024 48.126066 49.538693 55.742569 38.747172 15.174736 13.918045 8.208293 7.625965 21.026086 29.758403 30.197601 26.543579 23.896735 27.213053 22.351849 7.334454 18.217243 17.197614 19.503998 19.785678 17.075880 12.876726 10.083320 6.085030 3.764456 7.156044 10.619252 11.658326 7.557108 8.712805 5.147905 5.581434
3.611191 1.637338 204.2453 204.2453 0.000000 13.199093 11.050563 8.999734 7.850591 8.929202 11.129928 10.785869 6.720311 1.606367 3.902065 7.295864 10.953730 12.262284 16.069405 20.825442 12.488228 11.353552 15.399945 10.343215 5.520877 7.950106 12.566624 13.829518 15.423458 22.201435 26.221686 10.172641 14.217169 46.819244 33.737321 13.508378 9.083602 11.398286 15.678686 14.775110 9.778460 4.980848 18.242575 65.662691 223.235521 259.651055 91.549961 65.971394 38.978146 14.278913 15.181583 16.615529 19.421359 26.052658 34.381142 78.279644 109.183199 58.522231 13.963861 10.818950 13.277756 15.246227 18.002407 22.403672 21.934473 10.817408 13.082466 28.863598 29.936912 23.142048 55.055612 73.197592 33.781296 27.677168 6.535936 3.377446 0.456769 7.621146 16.985664 21.436194 17.913692 11.157805 6.373394 12.564824 29.526244 34.167872 22.556815 20.659241 28.212591 19.384388 8.159720 6.036816 8.994112 8.485210 6.920223 6.977378 15.102946 19.735447 9.086833 5.683356 4.929860 7.437537 3.873557 1.946472
3.660828 1.682081 202.3170 202.3170 0.000000 16.372093 15.421144 6.008904 4.023476 4.026299 7.459918 5.212893 6.274676 2.457294 2.832299 8.575267 13.175883 9.931763 13.656295 18.461972 11.071252 8.545164 11.618917 9.796858 3.634830 4.507664 8.773163 6.568700 11.135108 6.934939 25.882557 36.887217 40.020729 68.327254 40.460215 9.642701 14.330374 14.925358 15.335927 13.692846 15.191785 22.772917 42.747046 91.914353 225.476059 243.327990 122.735062 52.886807 28.612006 23.974577 15.265362 14.223328 21.864218 11.688437 23.507506 60.167352 109.195429 50.195105 31.996336 38.882712 27.003049 5.341359 12.349587 6.970136 18.406496 15.690253 18.192799 17.181908 17.838311 36.820908 62.618597 46.385974 29.734513 21.182902 14.603519 9.533212 11.032423 19.669270 17.093496 20.905399 14.711354 12.589079 12.719771 27.794912 39.478612 32.478808 22.463402 18.976517 5.839440 7.787561 6.637302 7.654507 10.110020 10.901983 6.605905 13.420980 25.782464 17.326798 8.728114 11.409764 10.813896 5.882253 2.389689 4.533754
3.718860 1.695275 199.7150 199.7150 0.000000 10.705332 6.282534 6.872761 2.394884 8.662221 13.484669 13.151621 7.198679 3.609216 6.170571 9.653218 8.764545 4.479613 8.933640 11.089411 9.153101 2.599272 6.306363 2.831217 4.772471 3.880658 6.977977 8.878973 12.330450 19.232002 26.038867 36.115332 66.439863 78.692113 45.094575 17.233941 14.852882 21.818744 27.784631 16.750465 18.462487 42.357242 53.018820 134.485684 267.774515 177.568603 81.287403 67.643624 20.483632 25.786593 24.731475 32.576282 31.419464 27.844695 53.013567 92.115423 67.636280 44.023617 46.985981 29.377444 15.806975 9.779557 19.436102 15.916860 21.645727 30.354863 32.092035 34.703159 31.201526 36.307860 39.995895 25.806699 29.522903 31.136749 21.999316 21.019679 28.351269 30.507240 38.203859 33.737944 9.908387 21.806181 9.623502 19.421933 16.602748 5.576777 13.750019 15.230492 14.952934 16.733481 14.690160 7.734139 5.734983 8.085229 17.244475 23.789525 17.082633 14.234984 12.962612 4.214763 2.730641 2.131745 4.554820 13.859248
3.770072 1.708127 201.7470 201.7470 0.000000 4.941544 2.938893 5.965166 7.903453 6.563726 8.963282 14.439618 8.073443 4.654198 4.170783 4.960170 1.674329 1.847985 10.420422 11.220772 9.583121 14.345126 11.426598 6.621233 6.246824 10.902627 7.171353 6.047034 12.059280 15.092180 10.706518 19.241349 36.745822 70.655011 44.050717 8.573825 8.884774 16.060964 26.683863 13.338580 19.902041 25.881688 43.766604 94.933431 214.143644 253.506164 133.855963 28.739698 15.425598 6.736763 22.897984 21.941499 26.207340 22.757281 42.796392 59.027761 77.124768 60.238107 26.061438 16.707344 13.523534 15.487766 12.097412 15.511713 26.705115 4.362985 43.612721 36.287147 20.805500 11.886048 17.572012 24.442337 21.366063 12.192534 11.247837 18.132065 11.531818 27.765775 49.568317 39.714268 14.506870 8.613201 16.097356 10.458017 5.980257 8.488375 21.797264 16.045304 15.413845 19.892799 11.761664 5.113246 7.091404 6.668631 10.530645 12.223620 15.343657 8.256628 5.784586 5.202547 5.357809 10.535299 11.810285 6.279675
3.820859 1.712920 217.3011 217.3011 0.000000 7.249093 3.534793 7.460855 3.454142 4.912020 6.908986 11.111352 14.589630 7.805131 0.852094 2.133591 6.659935 10.559631 12.424196 16.270388 11.622638 7.314783 16.480274 23.272380 15.397951 10.146216 15.531936 15.140155 12.116837 16.648928 12.485084 14.350522 16.135047 8.181816 22.631272 52.653272 31.241176 6.053210 14.716140 21.835358 21.148315 14.379849 21.438047 26.332937 19.332157 19.846372 138.000730 283.166080 206.321924 58.383905 19.445360 31.029138 29.543425 20.773177 24.603131 30.901825 19.417188 19.663868 36.473589 83.733423 68.536880 20.000164 10.918926 18.532088 12.464305 22.038072 10.976034 25.188174 28.899976 27.658419 45.443330 33.294953 19.318763 13.579707 17.968591 30.291479 23.702435 21.636584 12.115911 8.047017 19.163230 21.581626 35.336740 32.478639 23.096672 17.879059 12.078892 7.134991 13.637913 23.219272 29.423953 19.058061 11.599310 19.582521 19.125649 6.516807 3.724970 4.195734 7.032574 9.457253 11.945420 12.772595 7.528912 10.985403
3.873327 1.693468 217.8933 217.8933 0.000000 1.154680 7.508952 10.613684 5.616172 3.517871 5.896396 3.776303 9.273113 8.827661 4.627219 2.992402 7.055136 16.845577 21.538013 15.092929 3.864556 11.877922 18.121462 18.929908 13.337722 11.124997 18.317615 20.414711 19.728096 21.944043 16.234183 9.096385 17.596288 23.085046 35.365450 61.650959 52.418001 21.465457 10.226616 13.722311 12.965695 7.460977 19.532288 28.053435 31.113744 35.427967 109.937817 253.575741 235.080014 87.693051 41.542709 33.441884 27.212446 22.502721 16.204403 21.620124 23.250411 22.244654 37.474510 83.015989 87.814763 38.375536 13.322495 16.105431 21.657974 34.779636 46.746556 50.614740 40.813036 30.977510 32.586384 20.578713 13.797011 21.953653 23.943096 18.265707 21.375355 22.729395 19.927288 12.479335 11.040249 11.188778 19.635849 10.472463 17.175216 18.910018 8.705653 13.859474 26.021944 24.493154 18.851904 16.158448 7.417205 10.469932 10.270606 9.747929 6.007048 4.798674 10.033210 10.796165 12.742850 13.748316 11.208558 11.950979
3.920736 1.638356 219.4044 219.4044 0.000000 6.287957 3.676573 10.914915 9.201919 4.902856 6.702692 8.588471 4.732960 7.961045 7.396710 2.943582 8.337800 9.749623 11.577004 11.641281 7.685294 13.494130 13.499789 4.890327 8.568508 15.783891 26.336916 11.182023 10.269853 10.923528 8.364359 13.632210 15.642239 17.873631 14.723956 46.872881 60.445408 25.168562 19.047801 22.211052 4.331058 13.723134 7.295188 11.660550 11.394456 29.063240 30.355566 157.319000 285.688052 163.938086 15.502444 46.437231 31.839366 29.412055 18.102389 13.856781 12.426852 10.120064 6.236298 33.762048 107.361299 91.383064 23.338818 16.536448 23.950278 23.324473 41.486235 35.843209 33.364326 24.354899 29.683394 20.002234 4.752937 13.976647 22.214953 10.386892 8.227946 13.505101 11.291345 13.935131 10.247868 15.365276 23.875895 22.310675 13.237115 15.875412 28.655546 27.976746 29.208060 20.766336 5.806288 6.713862 16.780430 11.909361 1.946033 2.443112 4.539804 3.338639 7.635397 8.520588 7.309299 9.170209 9.118747 8.908408
3.971399 1.586497 214.2349 214.2349 0.000000 7.558497 8.339712 11.109888 7.248553 4.954159 1.993368 7.519471 8.285201 9.819727 7.328847 5.727312 7.034169 4.871498 5.588560 7.509749 11.101427 13.380858 12.783812 12.381591 13.114636 20.647415 21.969256 8.835868 6.368572 11.168319 12.504475 11.597938 21.442482 24.521463 11.359312 44.755935 39.060497 29.626003 43.400284 31.371863 18.548222 16.444807 12.012014 5.413829 28.429784 33.610112 94.719008 235.137573 190.594952 47.480747 45.406048 41.368511 17.291029 16.698710 11.187673 11.496182 18.964674 25.820751 66.504231 117.372157 81.815618 31.032194 41.575616 46.419332 22.026082 10.919149 13.560346 9.782590 13.021589 20.290571 13.282738 6.957384 21.900253 25.242526 26.086359 35.638670 26.564053 5.126739 3.217000 15.582486 10.599285 12.721616 15.262048 22.086322 28.394669 23.947120 10.805335 13.472344 6.668043 13.627178 20.309456 12.167980 5.891413 5.102791 4.256870 3.002245 2.433776 4.127691 8.593650 9.288043 6.143702 10.822678 15.274192 12.365558
4.020799 1.491850 221.0938 221.0938 0.000000 9.860676 11.383991 6.329374 4.778894 3.762158 5.588403 7.332645 6.184588 11.199445 11.677416 6.904514 11.798317 8.684855 5.004488 10.680049 19.000437 13.340428 5.309010 10.333419 11.186233 13.152553 13.699026 10.792991 11.079907 10.350507 7.838930 13.056798 24.276102 20.728477 22.147465 38.968782 39.267350 31.267384 51.283939 47.626508 14.800228 7.926759 17.232700 18.550166 30.215589 50.756540 46.666600 122.146809 225.261511 137.482370 72.381214 48.057848 19.358746 24.489751 22.465940 6.643095 10.839498 30.057225 39.160333 50.113710 121.354050 97.267525 60.530512 62.032626 46.061017 26.245313 23.625812 14.188071 9.411003 16.835281 9.435845 17.602332 18.786847 13.788469 28.498808 34.876921 36.144930 25.606325 11.559422 13.804654 16.557806 9.528410 6.214958 10.001136 12.960821 11.290389 15.643850 24.036993 22.523243 22.143523 23.563870 11.993766 5.769099 3.725687 4.109757 4.550506 2.772668 1.535504 2.825464 3.985913 5.276062 7.205886 7.348050 3.521449
4.078092 1.455084 214.7444 214.7444 0.000000 7.188115 10.014391 4.752867 4.997838 3.123768 2.451740 5.449152 8.661326 13.860328 16.762330 11.494978 6.200684 5.500694 8.229017 12.387885 18.849674 17.914198 8.210473 13.518261 17.757558 4.073898 5.685949 11.272422 8.330264 5.970251 10.856624 17.743612 17.078874 12.624781 21.872065 24.486658 29.839980 59.506889 52.326126 15.587238 6.588256 11.880338 20.376078 21.699416 34.178731 59.804192 156.733360 238.639161 94.302055 60.756881 38.537750 11.033834 22.573754 20.936548 16.306216 17.625115 13.861366 16.438246 59.701278 89.778128 38.248009 27.145599 26.467955 26.913879 20.857783 3.339662 13.987248 28.180082 29.050120 24.711309 23.732156 23.537812 18.573317 8.237086 17.577651 16.286453 8.449816 15.564029 22.035330 25.155161 22.442474 19.376159 10.679980 8.975869 23.357725 34.862473 28.300957 16.257487 13.104267 13.585993 8.628908 4.307978 4.431562 6.953414 3.161824 2.024186 3.722799 2.939522 4.411712 4.966864 3.355081 5.707156 5.857250 5.019296
4.123658 1.442778 214.1277 214.1277 0.000000 8.519089 11.097695 8.334406 3.092795 2.050030 1.888042 2.943632 5.041124 10.725073 10.749837 6.672731 5.947370 4.182144 8.207391 4.195815 10.601137 17.222623 12.987205 9.476409 10.467037 17.670477 18.613892 17.031891 8.548634 7.077781 9.898694 7.425982 13.556291 15.381020 18.907542 31.821706 29.459113 47.296553 53.474448 17.933739 6.796693 6.172238 6.729251 9.155360 25.840296 50.320638 81.576870 224.598177 157.129495 55.474385 35.885580 21.908343 10.880366 14.284682 14.284712 12.609307 11.562454 11.023294 54.042738 104.778531 69.117126 24.642044 4.803148 5.086286 9.573651 11.115865 8.227916 23.953706 25.634347 16.309871 22.340418 34.991106 17.984648 12.425053 17.935173 10.965703 5.936397 10.571246 11.215975 28.507156 23.734280 24.242282 18.093137 9.546461 16.197905 21.550649 7.085906 8.699764 10.601415 9.839741 8.972877 10.535237 8.269816 6.531721 4.904734 7.287230 11.149596 9.560992 8.751235 7.562524 5.270431 4.351006 10.320044 8.960575
4.180321 1.454760 220.3100 220.3100 0.000000 5.420511 2.437276 6.591796 2.955004 3.067675 5.052598 5.870690 4.511040 11.741508 17.439699 13.058540 12.901395 12.354082 9.452998 7.108280 5.079988 5.488484 9.802732 6.867310 6.436741 11.243648 17.389949 13.217448 10.297517 12.858815 13.572787 8.722136 10.549627 16.379522 13.543096 19.095593 39.901644 39.238270 53.832791 51.108396 18.485104 19.082426 23.858110 17.258638 21.601571 25.695322 13.323231 81.742585 230.940448 190.471019 47.879016 32.698189 45.446805 19.739490 12.817204 9.883775 9.312682 20.372736 16.836127 33.496628 99.370269 113.151562 48.356864 22.635983 14.315643 11.584500 17.725430 18.984708 13.509588 15.039280 12.690886 14.627170 33.656425 36.652969 16.894472 12.222987 18.083105 8.279400 8.350170 14.478541 17.560339 25.614181 18.417301 16.794738 19.968592 23.261778 23.332067 9.995001 8.271736 8.391630 12.858621 16.246242 16.219286 17.728610 10.676980 2.168386 4.787038 3.631254 9.059211 17.301703 12.605320 3.214534 6.636881 4.580177
4.230323 1.464579 220.8003 220.8003 0.000000 6.549379 7.573929 5.908799 2.298946 2.492142 7.918251 12.286165 10.672957 12.358783 15.482513 10.479719 10.870348 9.885039 4.258401 2.075809 4.556658 7.920142 12.611827 14.477787 7.052591 11.672900 16.886457 9.177692 1.235618 17.115418 22.259229 20.805481 12.860306 11.477666 19.669107 27.464032 36.838777 36.431574 56.061891 58.513801 44.711846 32.162484 12.923431 11.648831 18.758333 37.596488 80.619417 163.199506 196.903994 88.472809 100.611854 47.025517 16.120906 15.923245 4.871408 25.057495 42.640569 39.040365 45.017422 69.047868 98.619320 68.487174 35.141939 14.669903 10.013042 24.988664 33.221349 30.975571 29.649861 17.084670 19.030296 25.974069 19.712567 14.087988 20.294546 14.198506 8.765203 17.941256 15.859511 11.507340 29.077355 22.105217 4.960335 9.812176 24.336664 20.783577 7.861493 5.837903 8.877368 13.513219 10.538432 13.088340 9.512021 5.636183 6.854773 5.537398 4.315559 11.121762 13.450718 10.218791 8.347881 6.418741 11.733984 7.997659
4.281736 1.489050 228.7323 228.7323 0.000000 5.436745 8.437205 5.109585 3.017390 2.712626 7.396456 13.534247 8.269505 0.645233 7.835287 13.469469 14.227036 11.533349 2.579300 7.021483 9.607453 8.156646 3.161151 9.454155 13.170118 12.431688 6.540965 21.588253 18.413156 9.313133 8.907443 13.197749 14.975628 14.983020 21.050765 18.585696 12.641517 21.150563 17.768411 36.710626 74.582026 51.583357 23.061204 25.083060 12.493650 16.048530 18.806942 45.747145 50.258082 119.818784 204.625665 147.248578 60.789565 84.102871 52.146677 26.888096 31.778000 40.258201 39.326274 24.238652 16.965125 36.709839 89.361341 104.363940 50.747131 11.199231 11.967146 17.420169 29.225063 20.187089 19.955885 30.329590 26.321373 19.867444 14.357973 14.196813 20.899643 25.282709 14.732375 11.712927 10.077944 13.221499 18.828825 17.297124 16.883898 12.372610 14.873494 21.607397 16.078077 8.799235 10.605093 13.703850 10.587244 8.113540 10.951091 11.993246 7.462023 4.689466 5.879037 6.839318 8.864571 4.888498 7.702209 10.843262
4.331365 1.507680 229.5763 229.5763 0.000000 2.025987 6.532684 6.734432 5.135266 4.070956 6.133348 5.708375 7.260502 5.827972 8.417484 5.896679 11.791182 10.316843 9.302207 10.662016 7.929630 7.265342 7.253108 7.915302 13.124694 14.129720 14.595799 23.045769 19.235772 10.503138 9.199126 7.158037 5.666693 9.198618 18.307601 19.585648 6.602680 11.467896 13.920309 58.332702 83.886279 59.398890 40.032260 24.769738 15.060222 20.249891 30.339187 63.877165 64.136389 119.346714 207.754131 122.873135 106.799792 96.868271 62.115577 37.621589 25.611001 17.525854 25.913500 22.432892 38.150507 53.453476 78.132911 85.722625 38.383689 12.584704 17.523574 19.928048 13.435351 14.638139 16.483149 11.269336 14.063582 20.205852 30.891791 41.973796 28.554245 10.849172 4.040489 5.444714 15.905273 18.397149 20.198244 20.390517 5.434517 20.597876 14.550679 5.637597 14.606864 9.312981 6.704832 1.490168 4.880093 8.288412 7.314751 2.913367 3.761127 6.854550 9.392806 7.922181 10.097915 13.520707 12.102145 7.800022
4.380826 1.449299 235.3669 235.3669 0.000000 8.354572 9.768912 6.795217 6.381969 7.938966 4.389723 2.131780 5.388141 11.815835 8.217655 8.928409 12.399905 6.817615 8.702117 15.300845 5.873010 4.082667 2.980769 9.752742 8.038913 14.069530 16.495404 14.733983 27.683449 20.816119 15.728147 14.068857 8.967985 1.545917 1.335100 10.925863 14.817129 8.196657 15.146531 27.660970 38.136944 106.287913 65.526759 10.785609 20.151821 7.946329 2.260340 3.809463 43.831637 47.079216 68.308172 200.319490 196.352589 39.015062 95.478501 59.520733 16.008385 26.294441 25.752462 20.304645 7.175626 12.005338 13.825395 27.996602 89.651850 106.486998 57.571392 37.543762 15.040517 3.946601 8.293773 12.157851 10.816027 12.376685 5.437265 12.454508 15.667102 33.524172 35.925500 26.178102 21.088487 18.656862 9.828520 16.632957 21.364893 14.355323 19.516740 20.037957 8.108185 9.201295 7.455807 9.313064 10.736048 12.022154 7.489983 4.837280 5.155136 6.317029 2.914426 8.372545 5.963041 2.392483 2.675771 6.073360
4.434433 1.433444 234.2808 234.2808 0.000000 10.400553 9.272215 1.853925 1.969646 5.607790 9.151678 9.318698 8.426035 8.398095 8.670417 12.180719 10.732245 4.410320 11.068655 13.749054 12.786903 7.366249 1.552262 10.506463 12.201186 13.979251 11.466766 23.748685 19.515979 2.526247 7.899196 6.728634 6.823590 7.888954 11.215503 7.313915 11.664205 13.571086 20.737244 41.190088 94.481742 117.466849 39.637252 25.479990 29.385886 26.276275 24.828962 30.302033 49.131993 57.448490 86.687352 173.680422 115.760798 98.851338 108.023637 48.085642 9.220319 17.326702 10.125157 12.317841 6.929977 11.642081 17.132164 22.748146 73.564827 81.413973 53.772458 43.117547 18.473821 14.066154 20.745455 19.001904 8.065144 10.423614 20.038805 23.620288 18.261710 9.203512 29.493861 28.759816 17.414256 14.395172 16.898087 15.428176 6.104717 7.958018 17.858709 12.688525 3.785861 6.624209 8.432054 15.513984 21.162104 14.653799 7.612889 8.581385 9.846644 9.710690 9.694430 8.974171 4.004609 1.656693 1.946996 3.962416
4.480825 1.431483 234.3294 234.3294 0.000000 6.547336 5.362949 9.569651 7.942114 2.990403 6.626266 10.657344 8.818215 10.845294 20.543611 14.852682 7.463027 4.971657 4.884097 5.994958 10.035218 11.077529 5.119941 8.474314 17.531120 18.734771 11.035624 11.046042 20.141374 12.438891 1.897252 6.279076 8.235159 11.694121 19.437614 19.284822 12.979963 10.578772 20.843720 15.146841 88.965006 146.093041 86.857853 30.978765 20.436170 10.742103 33.938040 20.165603 27.211968 44.297743 69.907670 150.141702 112.249893 72.124822 85.141983 69.609627 19.479859 13.371942 24.069844 22.706203 23.419974 33.336543 38.928151 38.943963 64.866641 50.143416 20.067434 23.570578 40.727314 20.609091 10.877779 26.548944 24.832229 22.448247 36.304804 38.753698 27.435883 23.394557 14.329699 11.750302 8.272077 6.251728 12.029737 21.371117 14.738513 12.787296 13.191234 15.121665 12.152399 12.113796 8.714324 14.701971 17.993309 9.582464 3.984409 6.023713 6.232895 7.592256 8.693833 6.130246 4.840591 2.871657 3.803322 4.277527
4.531377 1.425938 238.6655 238.6655 0.000000 6.742827 7.054202 12.191577 8.403135 3.920311 6.610855 3.113294 3.991050 13.928449 25.349366 16.212291 10.436866 13.011807 12.786167 15.325017 13.492141 7.540522 2.853673 3.766449 10.453367 18.824260 16.879420 12.188856 21.487162 19.449341 9.433342 11.751030 18.305311 13.358969 11.236619 16.230068 11.811327 15.204577 18.026360 22.967634 55.727532 129.837441 120.731524 40.504691 28.627782 19.755575 24.872672 28.881689 21.603593 12.835045 42.315999 119.305126 166.356958 103.285750 85.806654 51.416429 24.217989 28.453431 29.622182 16.042208 25.161223 43.333216 37.530328 27.497624 64.190914 79.730210 58.856259 44.154814 31.493659 21.698138 19.121082 15.157871 17.998185 37.703838 41.314039 20.010665 13.448599 25.407700 20.748197 11.218586 7.877679 14.677480 21.198485 21.030647 14.727744 10.182136 7.976049 11.511207 11.978667 11.996360 18.815385 20.502712 13.027724 9.959237 7.523636 6.780730 10.019420 9.581554 6.970279 6.112204 3.956878 3.153987 3.370084 3.993368
4.580796 1.454138 244.2587 244.2587 0.000000 7.883174 11.134396 5.630841 5.782859 4.334013 8.778372 9.189529 8.466357 15.614113 14.662454 16.930090 15.037558 9.121736 15.150193 16.161675 6.262573 4.983537 6.345333 11.879314 11.162484 4.697050 11.148667 11.402662 15.643318 13.134713 14.047505 12.603004 24.577530 16.522965 13.281843 7.053591 5.494161 12.366737 17.190273 7.211906 11.810132 94.750614 149.587725 76.207029 18.617090 14.469558 16.913336 8.448776 28.924455 18.001179 21.066620 57.543552 191.799331 194.506010 68.642739 29.176940 18.423722 12.389606 37.908391 28.713536 7.282603 24.762120 23.204173 33.652077 38.391856 58.214016 78.844086 44.038709 8.293837 5.592910 12.514453 5.148634 12.554014 24.865945 23.551488 22.615468 15.084186 21.540903 29.406676 14.606747 12.966339 24.320690 24.472820 12.600098 5.622274 12.098859 16.612522 12.644108 12.044075 10.185287 18.777617 25.203902 19.430691 14.662726 9.309196 6.715340 15.247230 11.799492 3.545476 7.756793 8.259885 10.344666 11.523411 9.735865
4.634948 1.470807 244.2796 244.2796 0.000000 7.054979 11.418615 4.818222 1.591175 7.558697 8.382572 8.047127 13.991354 12.675563 3.276936 6.226708 6.515553 3.994082 8.916397 6.546723 8.865025 12.233643 15.296603 13.411321 16.799543 14.158308 7.129851 4.889154 7.020312 9.942082 19.856503 31.291715 21.390642 3.560927 11.740261 16.347096 13.969604 18.768904 22.336231 10.373382 16.507316 83.109675 140.690611 65.700692 13.949943 19.376347 39.133549 40.337427 47.022975 45.025204 28.033151 58.794854 176.813897 186.109658 55.571311 43.963932 72.947815 62.352033 58.127407 41.281038 30.770453 18.759136 8.955648 11.607720 7.674776 25.879756 56.233933 29.105839 12.826926 12.084661 20.460082 18.257845 12.464335 16.817821 21.118716 21.767060 22.400512 28.032037 25.256125 8.974787 8.871806 25.489681 22.578578 10.145782 11.897841 8.032721 21.475641 22.534372 11.957384 6.013312 16.416626 11.708251 5.065735 6.102028 11.769930 13.536958 15.067482 14.548366 12.959651 9.056580 8.644355 14.261757 12.826785 6.784600
4.680829 1.494120 240.5885 240.5885 0.000000 9.273047 13.004952 9.947796 7.328654 7.162329 4.831148 4.396391 5.862568 6.814716 6.316321 4.154548 6.041910 6.100231 7.864251 8.735065 16.515356 20.305558 12.266383 8.910060 16.544007 13.739655 8.336501 9.478097 17.233268 17.411919 19.293708 28.727754 20.001395 9.430745 13.359594 16.482328 12.934114 13.785852 18.700291 22.908742 24.438559 101.900998 135.573103 70.575907 30.215796 39.035346 26.853638 28.133671 35.442366 62.010721 53.856286 81.975771 181.460428 123.687306 73.505747 92.920206 93.424268 32.708249 14.525613 26.996839 24.715722 3.155762 7.604991 8.550039 23.061545 53.891152 56.955160 35.196560 17.068882 21.880804 23.508001 22.282004 29.952574 29.827255 15.729053 8.365058 19.463475 14.677108 5.007936 9.815649 28.356538 30.952485 17.558945 11.927384 14.187269 17.002344 12.387966 13.427897 15.152005 7.383383 7.705373 10.651237 11.105992 14.471180 9.600540 5.559263 10.607253 17.438476 12.984153 6.476849 6.504735 4.969758 3.919029 6.390444
4.731364 1.524081 194.4308 194.4308 0.000000 10.632661 10.872249 3.782441 8.024602 0.808486 6.600235 3.020385 3.568254 4.603640 7.159988 8.616466 8.247060 6.753910 6.099589 5.089628 18.236388 15.439962 6.206768 11.753220 9.612509 4.455456 4.966582 2.793210 9.416005 25.791720 20.104686 16.422636 32.680416 29.257298 10.578534 16.413012 15.764567 8.596530 8.893223 13.123848 17.237689 42.445854 106.883049 179.049898 105.989148 57.284846 48.461465 35.122361 36.647444 44.864596 55.083712 67.721403 85.291898 109.310366 155.937294 72.899598 87.576705 75.190627 23.563169 20.905195 14.067515 20.115150 17.623523 10.550793 13.662708 18.239311 32.610203 41.143743 64.549679 50.196974 37.690871 21.611325 25.631952 23.569385 16.004255 12.527435 12.949356 19.470393 11.956117 9.835857 13.365749 25.775860 27.546861 14.649039 6.840714 12.634540 17.946113 24.885339 20.472706 15.440188 9.838282 9.810324 16.768967 20.123846 14.269652 17.451881 10.550096 8.657428 15.469972 14.256629 6.661618 6.478813 5.687836 3.857627
4.783851 1.539909 199.0259 199.0259 0.000000 13.416307 12.872633 10.106177 6.663152 3.310102 4.659822 9.076440 9.463103 6.004876 1.750312 6.172282 5.486010 1.920671 4.629516 11.848758 10.583774 9.928351 13.270316 10.280590 7.370089 10.135987 9.196906 6.083521 9.038309 25.561781 30.093986 18.839754 34.668023 33.836395 12.078039 24.606109 27.499033 11.703065 11.409848 15.972691 20.552673 25.346577 71.765936 186.099866 162.926424 43.378979 48.137912 38.032847 28.079681 23.679787 16.774417 55.167123 52.011748 73.122431 157.469657 132.804960 48.204708 74.602703 51.015551 11.663446 7.920300 15.569794 18.975568 11.425867 16.264905 17.131749 22.263849 39.003961 73.665619 58.894852 25.782835 34.009301 24.689796 13.635582 15.541433 21.281008 16.378912 12.278327 20.568107 19.270462 15.974102 12.888667 14.398388 15.872929 10.182403 20.384694 27.326333 21.139767 11.742476 9.841417 6.510831 8.352230 16.887289 31.013815 32.016439 17.310224 9.024307 10.945411 11.564005 12.279466 10.151112 10.869509 7.174133 2.527010
4.834931 1.555601 190.8330 190.8330 0.000000 8.139705 9.763592 3.970431 4.331483 1.065909 3.074774 10.082328 10.544533 6.064026 6.897834 6.696959 4.071763 3.945411 10.971141 13.545518 12.533226 13.158571 13.988436 12.352577 8.410152 11.958506 8.520740 2.768176 19.139531 26.331714 17.186564 30.731880 34.008296 19.623355 27.158064 28.245860 16.599923 16.273846 15.135680 16.873753 33.808629 99.399321 207.919155 150.634591 60.477136 8.587811 18.751867 19.645165 23.858873 35.591404 31.008651 52.055165 117.779381 163.887053 107.817703 57.343485 36.399849 23.329476 18.764191 17.195599 14.564685 20.142970 21.265127 11.204416 28.078094 51.248923 64.718332 45.715794 30.480757 12.251071 3.844037 13.655362 13.776990 20.346434 15.557282 20.086712 13.803804 9.328060 17.761055 21.338722 17.847518 17.869249 6.560399 20.915973 22.227589 18.302803 11.924899 5.001269 12.019431 18.421976 18.485961 30.033702 25.375173 13.405830 8.269044 11.453101 11.410038 7.159569 5.896016 4.001186 1.303849 5.853021 9.235078 7.231936
4.881205 1.528949 192.8497 192.8497 0.000000 12.603200 9.668245 3.043627 1.838833 2.418288 4.247832 5.858905 9.575192 10.615093 7.577686 7.091658 6.188123 8.423342 10.599767 10.741417 10.495160 7.449665 7.842737 10.276274 7.304270 4.762706 7.477356 6.262073 11.858613 21.032336 10.637038 18.725951 49.184075 31.175861 21.859049 25.338349 16.769248 4.925747 6.092785 10.509111 14.163572 28.936197 124.529231 197.407089 102.583582 30.228723 35.349119 24.868049 9.644074 9.551227 23.646177 25.369474 23.947595 135.431258 181.918497 60.439924 14.256724 20.793919 8.001461 9.154049 7.664951 16.025117 26.670590 10.959281 10.981258 20.075124 17.582970 41.771017 51.752394 25.528207 13.240777 12.536967 12.285772 21.272667 24.540970 23.957247 30.081214 15.341608 12.013874 12.911154 14.343448 4.752170 9.963230 14.757301 29.713434 28.797378 8.247123 8.203172 3.092684 5.690069 6.745989 8.266685 17.791503 22.580720 10.887461 5.217536 3.561902 5.826296 10.353232 8.417911 5.098762 5.161035 9.388353 13.962833
4.940342 1.519326 198.5228 198.5228 0.000000 10.084202 10.712048 2.843253 2.424732 2.875789 4.269815 5.039317 9.606688 9.517075 3.303592 3.594730 5.244406 9.574710 8.635499 6.613115 6.273937 7.675214 8.993388 6.706278 8.997946 10.910307 13.410713 13.145316 8.747263 16.147148 10.412385 13.137193 50.337971 52.759095 14.499906 5.406563 15.048372 17.513406 15.021560 12.972953 9.428589 21.618177 63.810040 193.012808 164.074189 47.497454 17.615923 21.035468 17.176752 18.822126 20.505894 18.116813 21.500710 84.330983 166.790545 118.339656 41.696859 21.967945 20.227321 17.700722 16.981737 20.621852 21.517534 20.206186 14.981421 18.264684 16.736576 15.849094 43.016738 39.697394 12.568599 9.206239 9.138649 12.038440 27.055444 30.917147 35.338361 34.923310 18.814545 8.208327 8.493258 13.617003 10.160972 8.518218 18.113692 21.450751 12.450881 9.910504 9.704588 10.012300 5.972398 9.969884 8.185686 23.963136 21.822011 15.261714 14.374388 12.619845 17.199587 16.466382 7.289548 5.416658 8.160710 6.238838
4.990644 1.547727 194.5173 194.5173 0.000000 7.918569 8.113787 4.233588 3.481053 4.391842 2.737962 4.501407 8.559827 12.316149 8.591096 4.713194 6.768329 4.918379 9.800180 13.146026 7.029824 5.567254 4.592614 4.478390 8.291439 6.275045 17.398912 13.055314 12.422983 15.056941 7.603405 29.518513 56.418177 31.285505 8.112070 11.892067 18.652867 21.377612 19.884225 16.905340 15.547010 27.549981 164.972237 224.528135 81.242905 10.071572 28.708191 33.669889 34.320717 16.614138 9.589115 14.459213 44.552058 135.929041 140.022965 36.750761 18.341278 17.384517 28.054256 19.831256 8.864968 6.413475 11.355069 7.598520 13.115356 9.032649 10.916992 29.527173 23.591889 11.463595 25.283769 42.274845 43.652214 18.565960 10.919524 28.294783 26.160009 6.788780 12.644571 4.509157 11.832335 15.444909 10.113847 16.728989 9.201868 6.216749 10.921326 13.598279 13.545996 11.376677 13.595511 22.139911 28.225475 25.338801 10.239493 9.954985 8.881230 16.241952 6.118872 3.347484 5.582993 4.959977 4.735882 7.688718
5.040836 1.566211 201.3478 201.3478 0.000000 5.230302 4.423423 2.180902 2.093798 5.262447 7.518755 7.265354 7.220621 6.516615 10.598584 10.012459 8.939374 10.821794 12.407704 15.413265 9.416963 2.658144 7.272628 9.687607 11.661187 11.368538 9.363207 13.345878 12.433490 16.201714 23.088186 19.614182 39.750668 62.066238 41.470730 13.928303 13.314642 10.818277 11.780036 8.637386 15.470647 19.530609 31.412532 63.933910 185.719111 192.487618 98.926408 62.436682 49.971274 38.133664 11.909068 20.491934 23.374982 14.437944 42.487628 108.509341 147.172444 75.468089 28.020629 11.994942 24.414287 12.649630 17.626903 12.317686 13.594829 11.597599 16.371904 28.677783 20.068480 9.501726 28.725567 27.022005 36.099060 65.806352 62.581515 31.204357 9.332265 9.465112 15.659570 18.792042 19.493663 9.544608 3.497151 7.786478 17.331819 21.537674 16.056916 6.473667 3.317997 5.363372 7.768292 5.305761 5.090033 8.217129 10.940489 9.510678 16.919506 16.387096 11.393616 8.747384 8.568716 11.159098 7.525264 8.417525
5.091350 1.574501 208.6371 208.6371 0.000000 6.266510 8.442478 7.726346 4.818626 2.844083 5.107363 8.741622 9.107453 7.963726 11.205856 6.033434 6.055766 3.269281 11.657007 9.596438 13.070464 13.163367 13.448458 13.249581 18.785011 17.987052 9.600426 10.636590 14.269672 22.157039 24.908234 15.008489 18.342875 42.604631 55.011770 20.774681 18.122538 16.242132 13.342756 14.390749 16.359102 17.407306 9.773147 21.562829 69.507004 209.678727 226.093844 86.408835 28.460119 22.659466 18.686963 29.631047 31.313183 23.538943 13.626734 21.301449 61.418919 112.233041 80.621124 18.681669 13.246057 30.420913 37.755095 27.107025 20.383414 24.203397 30.550177 40.759294 42.895214 28.328159 21.999368 25.284988 29.695606 46.315837 46.260967 30.417647 15.695289 7.670072 8.485058 5.083503 11.180602 17.670321 18.345130 17.768475 20.730139 23.436938 11.811728 10.739327 15.019812 10.767022 8.412372 3.446008 4.919457 10.525866 11.802880 8.666840 6.010230 9.568065 14.344448 13.037486 8.135749 4.750338 10.894843 17.060719
5.143358 1.635797 209.3601 209.3601 0.000000 2.194531 5.513267 10.280423 11.856432 8.328888 4.881384 6.670566 0.810252 8.772148 10.800296 9.048015 9.321953 9.271516 5.794838 6.163560 13.589783 16.205761 8.962086 4.436342 16.316207 10.535402 8.730291 7.480877 3.183386 14.004975 18.117740 3.530008 10.697816 20.002330 63.097544 53.746614 24.419888 10.356782 8.833559 9.942327 10.418556 19.516309 20.788785 20.985884 34.422354 145.654291 275.816120 167.551655 34.485086 19.131182 26.390086 22.779077 17.101688 20.245910 18.893708 11.369604 18.322726 69.242003 104.123893 53.250077 30.643577 29.073318 35.512598 21.799121 4.219733 14.337556 21.930914 23.482850 32.256198 20.365951 14.450326 24.827222 26.461281 25.449546 21.540635 24.802225 25.485279 23.150532 11.323459 4.644185 8.761023 9.377316 11.678464 33.541377 42.739161 27.098591 8.737198 22.639851 18.770512 11.576203 5.543919 11.829992 10.000233 10.324629 8.493365 4.774589 1.423048 3.741280 6.350644 4.595285 7.714299 6.876116 10.074199 9.819246
5.191346 1.668260 214.3546 214.3546 0.000000 4.120815 1.508545 6.025489 12.665415 9.960776 4.165683 7.209968 8.007597 2.894160 6.661450 4.952636 10.832025 12.315826 3.419188 5.652063 17.288407 16.301748 9.504705 17.644563 18.210866 7.812100 2.373879 1.976484 2.888574 10.484432 17.521210 14.448878 19.341224 36.519865 53.024135 53.556923 18.267546 9.441722 14.242253 12.505215 13.069308 4.098344 26.506156 20.572735 13.779749 78.188319 244.369559 277.866847 110.883060 37.979995 14.401219 14.791320 6.052551 9.229454 15.156813 9.607246 9.053434 50.165575 90.828666 76.712220 20.635397 5.097730 17.823351 13.437313 5.321842 8.042360 6.672888 8.090695 13.802349 14.340887 24.644812 49.511383 48.811499 27.366026 19.845722 22.683352 24.241359 20.861093 7.043826 10.987080 8.675498 13.857543 18.411971 19.188262 39.296715 43.970448 28.850856 21.356451 16.436308 18.768805 25.674682 15.564012 4.269012 8.027943 7.266699 5.730582 3.369132 4.028463 11.138358 13.788479 13.309152 13.114953 9.222429 3.704041
5.240845 1.713861 206.6149 206.6149 0.000000 4.438529 1.667634 5.073517 5.629956 6.281632 2.767903 4.646438 7.627413 6.026084 6.010569 11.127027 11.075224 6.982399 4.560431 12.407749 16.797600 8.916605 13.356084 14.910737 8.421976 3.529987 2.614003 4.091891 4.670502 19.902675 11.913056 22.571574 26.792373 16.220448 44.513711 22.211961 15.524707 13.179552 8.160912 15.993467 23.854591 29.734424 22.538359 16.049613 100.158583 282.477276 256.291005 78.535603 23.459044 18.368958 12.499799 15.439784 14.229770 3.799983 20.074275 32.198313 30.540751 76.474404 42.218405 25.624394 17.398818 10.232116 12.280838 6.498320 4.410062 8.217142 9.370138 22.644775 46.951699 42.982742 22.973956 21.766131 13.214256 9.410977 11.440395 17.784182 19.449445 15.194109 18.934088 19.871594 10.929123 15.626384 40.000377 32.521384 12.889708 22.157116 30.420349 32.240490 15.326299 4.427298 8.551451 13.364049 8.495317 3.480582 7.236580 13.854661 12.071093 7.112563 19.417182 19.137026 10.463146 2.661560 7.919405 8.765722
5.291350 1.762334 202.6147 202.6147 0.000000 6.240966 9.006378 9.237997 8.812046 7.616246 3.113289 4.188207 7.633311 7.545127 6.263123 6.183644 6.847539 6.319981 13.521139 16.639071 7.972604 9.069754 10.628016 2.228756 6.374472 5.900475 4.042111 5.794409 14.286452 22.926919 25.321570 16.964827 21.557704 49.194357 48.585790 32.972182 30.375874 9.620872 19.721969 13.458389 23.696734 22.497428 10.779191 45.455060 204.467695 291.592401 135.226096 22.440660 19.150659 9.366234 8.661956 14.181810 18.635752 6.736460 22.339838 42.108221 73.597360 70.026360 26.469252 22.624168 24.983937 17.939203 10.565188 5.808570 15.970992 35.543125 48.255549 21.620320 16.216144 7.809521 11.968078 17.916289 7.478368 7.455662 15.321694 19.088238 10.694254 18.791987 17.191451 8.334282 23.577440 45.189488 37.690285 12.599552 15.943392 23.255416 24.430420 10.601407 16.874744 16.940954 7.103221 4.538763 3.458461 6.784835 5.391162 9.173417 20.034202 24.195134 19.432514 11.490929 9.106349 9.467933 3.071369 5.151012
5.350850 1.725777 208.3715 208.3715 0.000000 5.616052 8.993495 9.952611 12.805811 8.568026 5.336330 8.557175 7.601622 7.040783 7.108455 5.025668 3.338435 5.986573 13.256404 8.412046 4.502807 8.374110 16.424256 13.871968 15.034197 12.873414 4.333026 4.656750 7.542125 11.516594 17.763981 10.474602 17.877264 39.738136 43.225052 22.186606 34.382927 35.263847 31.783627 32.068695 22.284091 7.982873 16.184983 24.779221 99.440416 225.897301 277.970606 149.872234 61.614158 21.317055 12.403503 11.133710 22.829559 29.289164 27.495080 18.521842 23.449093 74.036993 75.361150 36.426393 11.755917 7.611522 17.563055 8.913753 16.216547 37.146578 45.234373 28.373095 10.797586 10.928310 15.849443 17.786453 6.552855 10.398272 18.528609 23.892933 12.117238 5.311931 27.109284 26.866642 21.230016 31.487670 29.924410 20.568738 15.298636 8.001241 10.559687 24.284201 34.996551 27.956195 11.340503 7.018490 2.225308 3.289323 4.554346 8.919207 11.124830 9.659356 9.254278 13.054777 9.739988 6.946053 5.471044 3.340081
5.402934 1.663738 211.1365 211.1365 0.000000 2.563398 4.307537 2.849592 9.263764 9.379891 7.413142 8.469247 5.701561 4.044007 5.055897 4.198491 1.661485 6.064400 9.103828 6.653735 8.759080 11.066103 11.709036 14.115511 13.346942 23.027932 16.997928 12.989281 6.774016 12.422629 19.256800 21.938172 20.089650 17.519745 48.987202 41.703545 6.356214 28.836982 10.087574 24.064019 25.898403 28.567784 21.882111 16.368120 41.921744 206.331587 279.536281 108.658480 42.368387 26.197700 9.313088 33.914965 39.872646 22.534155 9.510580 11.719828 34.736318 91.620757 83.378333 31.932619 12.363145 21.794521 37.366279 36.346441 30.846512 25.447575 13.672007 26.959607 21.744436 29.909518 20.670883 9.193129 11.216593 20.721199 22.209216 9.541018 8.678692 20.316814 32.041857 13.654926 18.052622 11.002163 10.339349 19.468453 19.014185 8.784717 14.391982 26.730354 24.540200 17.000425 9.538443 3.832461 4.158317 9.811220 12.429057 3.683816 5.449044 4.328221 7.208682 16.913843 12.724667 4.400279 2.724942 2.626548
5.451372 1.617598 223.7564 223.7564 0.000000 5.747403 5.405272 1.454871 5.503715 6.215340 7.681936 2.906401 5.652544 6.743634 1.899428 1.341186 2.416304 2.228909 5.806568 8.341253 7.535781 15.818912 12.296379 14.550740 22.294583 23.405418 25.051709 18.718300 16.320526 16.283318 11.501046 13.017809 9.888127 16.988846 20.975523 20.523080 36.241375 40.903734 38.872208 46.122383 31.663576 11.665233 17.309836 26.630547 30.143955 25.624660 25.450960 74.243865 225.539991 214.165001 58.244527 26.756851 49.923003 37.964662 31.152795 19.674567 9.776638 8.471580 10.883331 37.672778 90.892932 109.896019 54.909206 20.950441 32.553832 46.416571 42.538410 23.915269 16.111889 27.343026 26.670871 20.658443 21.607607 28.273573 21.255805 15.579177 14.734756 16.345284 25.494358 21.749864 16.012162 16.986498 20.112020 18.884879 19.438539 12.714149 6.094146 9.850875 20.419282 21.977071 11.370122 7.798937 13.436000 11.631444 9.443898 6.493339 3.344133 6.009102 9.407121 9.166133 7.847976 8.251779 6.719812 6.316253
5.503842 1.507928 226.6318 226.6318 0.000000 8.887469 12.726951 9.483795 4.508775 3.321274 0.439330 5.937266 4.254799 6.224498 9.925881 8.385255 7.644274 5.506043 7.305554 1.390493 14.296720 20.053274 7.171970 14.024060 20.064871 9.301023 12.010985 11.709132 9.779067 14.340878 10.287450 3.933214 9.216571 16.167098 6.610781 11.475920 25.660571 31.288522 23.388183 55.645069 56.059395 27.515091 7.689016 11.811013 7.207103 31.254397 49.586930 56.487514 99.497552 211.342116 173.862841 87.227333 67.190779 50.315599 17.597776 10.522485 10.755352 10.901860 10.979862 21.563784 19.642511 69.315622 102.289036 70.449012 59.557082 67.738350 48.444359 26.032361 28.881214 29.756104 17.923000 15.001884 13.505713 8.920322 12.019913 14.292838 16.462050 20.914145 24.283571 18.111744 12.504548 21.631850 23.227288 13.504784 8.704598 12.494166 13.711909 13.729438 13.221944 13.274609 21.147415 25.999042 17.833725 15.646047 11.319862 10.538449 12.174412 7.189203 4.584193 5.496579 6.277184 4.909750 6.220385 4.258849
5.551358 1.451194 224.3096 224.3096 0.000000 11.751828 16.540416 13.341688 3.913361 3.861804 7.057288 10.935175 9.825453 10.774215 11.687762 6.784005 10.627305 12.330584 5.668988 8.682492 18.794312 17.111872 10.959733 9.295719 13.530036 5.781657 5.872861 11.666156 5.378394 7.534431 6.729132 2.115686 13.624385 19.175524 17.467541 28.970595 39.537806 22.480986 36.954817 60.383541 31.618967 6.688223 15.327360 23.121649 28.326471 33.540531 33.381980 83.303481 176.318755 218.790702 91.768345 60.944088 27.657237 19.791249 11.919178 9.440907 7.735108 5.588738 14.097232 25.156505 63.097563 100.337870 66.292745 41.007189 43.209929 38.721245 29.233115 22.883773 22.913335 11.430648 9.699375 16.829047 17.373424 14.451058 12.327957 11.306915 10.224940 8.804832 18.956915 15.731362 11.795776 11.435107 13.885689 8.786472 13.930327 10.848472 14.922493 18.199353 20.344912 32.185546 29.465467 13.579610 23.390187 18.087107 11.497245 8.391169 3.100592 4.744460 4.479422 3.878027 4.702934 5.196748 2.558716 4.896917
5.600898 1.486778 213.5523 213.5523 0.000000 9.630442 5.498909 10.770426 6.106136 3.264941 7.850049 10.747754 7.647419 7.492194 5.094592 4.231133 8.757359 10.277916 8.441387 12.890898 10.571132 6.386317 7.721631 9.091779 8.958739 9.002966 8.456919 5.217202 7.415663 7.227416 3.941525 11.846893 11.346576 8.899272 17.502030 31.721199 23.958972 39.337472 57.467058 15.439711 20.070156 13.366361 14.765928 19.419464 10.061302 37.853663 122.966262 224.536029 160.131712 31.049671 21.578974 30.992080 12.918304 6.550831 9.334725 7.614820 9.887016 10.506313 45.773455 95.064299 59.594305 23.619934 21.880323 18.596455 11.724767 7.075061 16.760635 17.036579 15.480939 2.576172 18.450806 20.285634 7.054922 7.700466 7.600595 11.380623 5.747572 13.501003 8.901191 13.259213 19.774118 20.718181 10.980898 10.956779 17.186492 12.024168 17.781822 27.427268 28.387355 30.513430 28.637264 13.388648 10.101985 11.759957 7.250902 3.217754 4.680867 6.905410 6.693961 3.681083 6.715092 11.887167 13.467708 8.482022
5.651385 1.455366 218.4509 218.4509 0.000000 5.165570 3.825892 6.889660 6.553768 2.816315 5.156742 5.130033 4.571047 5.300643 3.998965 3.946346 4.085769 8.209920 5.813401 6.475525 12.216356 12.603262 8.697253 5.300561 3.636697 8.244291 13.095014 10.120806 4.694459 10.638351 11.800997 11.041816 10.471283 6.991015 12.310010 13.524350 8.833613 21.215355 57.042790 56.429911 28.936251 9.503166 12.541293 25.372849 26.675169 40.659953 96.136621 131.903787 184.674446 143.551526 104.583048 90.097132 60.766565 35.018107 16.312220 12.263561 13.274222 18.657382 46.443061 67.479673 89.986117 85.195136 64.611717 43.857602 30.383870 18.106154 17.631143 29.502645 22.516237 11.699361 12.728412 10.267496 11.106404 5.176952 4.601662 15.147666 25.050715 32.487770 25.908710 12.302949 15.108224 20.344717 11.066658 12.693922 18.921691 11.253670 8.666143 8.264943 12.881259 21.973015 19.341667 10.787628 14.410276 17.802481 12.045209 6.112448 2.051176 4.516393 6.637036 3.129379 8.414121 6.020203 10.583043 6.781652
5.709262 1.488678 218.9640 218.9640 0.000000 1.232471 1.784447 2.741507 3.884927 3.797930 5.857576 7.806424 10.070477 11.544532 8.209503 4.793780 3.580574 4.821369 2.917046 6.507997 12.073573 8.049586 3.074717 3.945809 5.664874 14.283929 25.920950 22.696846 18.003705 16.829253 8.916062 4.330370 10.673963 13.155049 12.411647 14.522589 19.829791 27.609014 61.533460 37.144375 21.057320 22.861404 29.133659 30.629800 20.971578 46.105629 60.286956 164.444466 201.864520 91.801561 99.987471 82.772209 42.876959 27.448263 16.477787 12.673752 17.335047 30.726212 23.528049 83.293051 111.943571 31.049452 37.786150 14.583431 21.672732 19.453226 26.792589 14.444966 6.928964 11.672551 10.917339 14.139784 13.236092 14.984672 18.769767 34.460494 35.261398 16.908328 8.409364 11.415892 17.021959 20.966777 25.339123 9.057715 6.704593 7.433338 8.418156 5.937260 8.427572 5.727531 13.272977 18.152150 12.078524 11.942780 10.781266 5.931355 6.101668 4.633922 8.415780 10.568328 11.399160 8.430278 5.517397 8.030904
5.756735 1.514442 218.9760 218.9760 0.000000 2.659022 2.383588 2.206324 2.047525 5.797880 8.645249 9.988196 12.100437 8.614419 4.252162 3.116017 3.241393 2.824849 6.444047 10.187014 7.074602 6.678078 12.281079 11.066210 3.216415 6.392340 23.738741 24.710560 9.784528 11.216956 6.563851 5.932078 9.925878 10.621283 15.016664 18.452285 21.744975 39.110864 76.913890 67.621908 33.497938 20.285256 17.744820 47.484866 28.898854 40.007961 66.358327 103.475952 211.383894 151.212086 85.310486 60.022283 45.340278 49.303877 23.218026 14.286851 9.516670 13.444665 36.947381 54.043945 96.632427 81.752529 34.956354 18.348332 34.569682 38.179323 12.515223 6.964560 15.127368 19.354131 11.689444 14.926406 25.224309 23.748644 21.443303 25.400590 23.161274 9.988533 9.265811 12.908275 7.226964 28.680664 24.964070 8.613504 7.535687 3.330696 5.405741 16.266532 16.709543 12.208904 12.659583 14.246695 20.022967 22.328258 13.890182 8.160873 8.120719 4.899821 7.263243 12.397941 10.328322 3.969593 6.727346 8.906599
5.810347 1.497154 230.5747 230.5747 0.000000 4.227307 0.716780 3.826034 4.032912 2.890523 7.904839 6.388112 11.473563 8.404225 4.698997 6.634264 7.592031 7.548791 7.784755 7.251922 4.653185 9.180044 12.962467 17.065315 16.206753 11.780741 14.265677 19.488087 11.457420 6.042833 10.511927 8.807755 5.185032 12.305466 21.284005 17.378621 15.435068 12.591988 17.551769 66.105008 88.606593 36.695032 20.403172 20.700841 40.957002 52.107261 25.895921 30.333119 51.173837 150.996447 225.013852 92.322306 81.806475 58.269419 40.612316 49.663512 27.533560 7.055070 8.364832 4.656968 22.787277 23.560376 80.603270 101.984024 49.725134 38.903706 29.266566 28.780239 24.523280 14.361855 20.088604 20.762237 12.375912 16.717962 16.401557 14.647087 17.790577 11.618266 7.251981 13.609946 18.999595 22.940002 24.566372 27.541347 21.592234 14.950641 16.817534 12.952888 11.544526 16.701365 17.976564 13.325336 6.361191 6.035062 11.418603 13.677249 20.035358 11.950922 7.204853 8.503438 4.087777 6.999708 4.927889 4.659172
5.860823 1.505920 229.5645 229.5645 0.000000 1.944861 3.466905 3.727094 3.770334 3.425012 5.939051 11.299141 12.712960 7.013885 4.104366 9.314396 7.274002 5.992414 8.814572 5.065155 4.051844 6.795196 7.520443 10.958798 10.681890 9.543578 10.308929 14.333943 12.711933 10.754348 13.112737 6.704401 9.996860 16.423953 14.920366 14.444980 15.956268 19.334629 5.641852 54.697768 113.770426 86.249315 32.786659 10.546959 28.876294 34.645931 26.502967 48.864340 23.146515 87.455700 210.779793 183.774484 47.191556 52.023755 50.160648 42.201433 5.742530 13.410649 9.881058 16.069292 29.806143 32.960975 49.613268 87.329940 74.795465 27.159331 13.384328 25.463688 24.272449 15.910235 16.600061 14.691799 20.603685 30.877932 28.096593 16.504022 12.923216 7.303181 4.864535 7.645833 8.231926 21.476884 8.976030 18.451872 21.085710 22.663400 25.354046 20.566163 3.090191 15.747653 9.824265 12.383747 12.679658 14.182940 15.626417 14.208639 16.549630 8.647307 4.771748 8.850437 9.629790 4.627454 2.156956 5.981455
5.912488 1.481261 236.8457 236.8457 0.000000 3.939042 4.654122 3.471946 5.038758 6.266706 5.611888 5.094023 8.189290 8.383691 3.536709 6.612472 7.888732 7.587584 5.752068 3.060402 4.145622 6.281663 6.614681 10.100428 13.239371 11.936630 12.681464 20.167760 23.904588 17.734939 21.836456 21.675409 17.319279 12.150877 4.856120 3.858947 8.399622 17.017527 26.157642 28.949881 75.502295 110.558784 65.885412 33.892555 34.521533 25.833453 20.202923 43.202777 63.905607 34.072842 103.824817 198.607184 134.510932 76.506987 93.458290 77.855053 44.715010 32.643387 22.216341 16.173637 25.702195 26.267122 19.399474 43.259459 90.907949 48.888843 8.512227 20.083922 19.669184 21.549477 22.212193 17.939141 15.611088 33.310101 44.681866 29.563228 22.365390 19.463742 4.071868 2.641593 5.433645 12.956768 26.173706 27.209485 16.789396 9.545254 13.678212 12.524914 16.274441 9.952515 16.947165 19.932009 17.157097 10.459812 4.493988 18.715474 17.395143 7.034222 2.972393 6.017077 11.883012 9.229770 4.462936 8.201306
5.960856 1.493562 239.2798 239.2798 0.000000 6.038877 2.668640 3.531587 9.967121 11.122964 7.593460 4.717443 8.158650 11.044701 5.819102 2.219125 3.804365 9.158796 7.166173 2.943680 6.084147 5.307476 2.456870 5.557826 11.001379 11.425722 5.734351 9.147459 35.389935 32.213225 12.182638 19.026307 16.351902 6.782081 4.547546 5.159786 13.292862 23.430419 22.452801 16.345662 36.611870 110.976598 95.555821 35.808600 36.606343 15.213571 15.482903 21.962889 40.325464 58.467096 55.608911 145.218475 194.898407 82.385789 77.222867 76.380719 27.802796 27.889599 27.974025 15.990103 18.224183 8.116801 35.050002 39.450806 69.171319 102.397564 54.080974 22.585592 21.334411 13.351773 19.629990 18.355512 13.517472 18.742699 10.461540 33.159652 20.474264 18.100654 23.566833 20.790129 19.819198 21.759570 23.640485 21.549173 16.675484 23.630183 20.899224 12.481721 9.295333 10.555438 10.083465 13.926497 9.635727 8.994877 7.353003 9.352879 16.454325 9.810251 1.141363 3.425287 6.420422 11.525161 7.678951 5.347012
6.012402 1.462825 236.6416 236.6416 0.000000 4.301813 1.778191 3.772046 11.234634 9.876398 3.989678 7.098400 10.412572 11.905138 7.404756 5.364780 3.801952 9.333538 11.760635 7.033437 7.714807 5.598930 6.031447 6.527014 4.729078 8.425879 11.403212 27.362429 38.596221 20.566190 9.445758 9.448730 7.448834 10.773960 5.951600 8.939404 19.628886 17.841547 16.575134 28.622204 78.479802 118.927331 67.925479 28.762748 14.141986 9.193295 12.947824 15.461020 23.085213 36.231133 99.831697 189.100913 124.851434 65.887483 45.642904 25.895138 13.665556 11.345443 14.782510 21.194672 25.224278 34.250881 35.524209 46.271237 111.368378 90.879629 10.760487 21.957779 23.194432 18.003964 18.590827 25.213062 33.653279 35.363879 25.092137 22.549355 15.897569 12.810695 23.961268 21.070542 22.272187 8.719012 14.098929 13.857210 18.061810 15.377499 10.228215 4.527162 8.650646 8.725058 9.849249 11.134341 6.066801 7.384251 11.429087 10.832882 8.150820 5.621941 4.183738 5.975299 8.462580 11.570940 8.772760 6.321271
6.060823 1.465636 237.4360 237.4360 0.000000 6.649953 2.455794 2.570091 8.906634 10.080229 9.647111 12.817649 14.451450 8.979077 5.204704 9.010533 3.562380 13.340013 18.408119 9.777652 4.204006 5.723596 7.438025 10.984518 9.825821 4.640249 12.325973 28.936752 38.584993 23.453622 14.440300 22.688905 20.377876 13.353064 7.195124 6.881097 10.367709 19.324039 33.610257 31.778963 56.253334 116.192179 107.607535 52.608286 27.273994 19.309034 15.704767 14.082201 28.344070 37.632717 60.907524 145.931381 185.840414 111.495281 32.070532 11.121790 19.426293 16.037870 14.691844 21.095338 15.315959 9.369562 25.855388 40.891466 70.676960 100.119513 70.939928 27.050495 12.863163 25.856319 34.008026 24.360604 34.643537 29.953134 17.301393 15.516805 22.271349 16.183077 13.812908 6.464014 9.963615 12.233416 17.533479 19.158952 6.828162 15.435989 16.527282 17.535879 9.387410 13.905725 16.691374 17.832300 6.960052 6.636487 12.169700 3.064054 1.156131 6.029622 5.677354 7.213825 6.253588 13.087946 13.624295 7.453211
6.114717 1.489298 238.9915 238.9915 0.000000 6.848187 6.000563 6.345095 4.649947 4.429904 3.228116 7.890160 10.880943 1.460559 13.627609 14.540221 8.031832 16.151535 19.924848 6.332093 1.518813 1.355317 1.914110 7.295820 12.375614 9.520487 5.846415 10.256564 26.562533 21.250723 7.198470 27.280014 21.571829 2.490784 11.163943 7.068293 15.222883 25.945640 33.779856 14.912680 22.925527 98.451473 137.059603 65.376494 45.136185 37.513305 56.506706 54.659013 59.741401 45.438027 21.765260 63.415165 173.159454 151.908604 80.267875 72.594442 75.979742 53.342737 25.314367 21.650582 16.689795 7.150508 11.934965 20.622011 20.835255 53.986620 77.176522 45.161066 25.561369 20.841386 36.462923 25.289940 17.570354 29.552209 23.990604 23.997256 32.490161 18.016421 4.679332 9.830085 12.233133 9.305480 8.148436 9.349643 25.907981 29.249568 29.097235 25.666987 19.664547 18.517139 16.739909 14.482604 16.752878 15.219713 15.466213 10.338297 2.461848 4.686747 8.515269 9.327283 8.576376 7.705537 9.975610 7.787230
6.162408 1.489060 189.4346 189.4346 0.000000 4.945914 3.743228 3.093608 6.908443 6.644688 5.832074 3.071083 4.559495 11.219320 19.187080 14.827013 4.745619 15.024723 17.447474 6.878169 4.810570 6.941479 5.341857 6.098557 4.655892 8.885352 5.973054 2.143904 19.037495 18.472414 8.755509 30.890629 20.769582 8.743982 15.408922 13.578873 10.722381 22.386880 27.973827 11.866299 30.578961 100.612612 143.956803 71.021191 55.925675 62.947730 71.417074 47.413779 51.807687 48.859173 22.127530 49.325202 150.343134 134.888423 66.528676 90.307228 91.231414 61.673223 25.050975 9.288716 19.282521 20.446069 17.130860 30.887058 30.211075 39.258056 66.218268 31.665728 27.219200 41.058606 50.802605 25.674210 16.823064 26.973349 21.975611 13.662324 34.627425 32.248336 16.236199 15.473594 13.145944 10.399860 19.794846 20.855229 27.394520 22.058939 11.813716 17.138993 5.516577 8.773624 5.993763 14.006388 22.712438 28.330644 23.462829 14.137180 4.988117 7.456549 10.486054 5.920939 6.637026 5.269037 5.329872 8.425275
6.212643 1.488113 196.1864 196.1864 0.000000 2.924762 3.112429 6.857330 8.211557 1.786843 7.784334 4.188480 0.744809 8.064532 15.926666 13.490019 5.098175 14.987397 13.735620 3.787565 10.065630 14.274102 11.040627 1.909101 4.004786 7.752920 6.345773 1.540223 16.769403 32.209268 32.853608 32.285248 29.880900 21.085181 15.439489 6.815834 6.388577 17.698257 24.673522 12.336425 12.280510 40.793059 96.915087 151.099964 94.915778 71.311139 50.252142 16.452821 13.574811 29.789125 18.718932 32.915838 87.015348 136.696165 157.905718 92.029538 82.240452 55.794005 25.885060 16.964128 8.557109 15.383217 24.515119 26.448444 29.134465 35.593509 51.180084 60.892321 49.280337 46.786517 59.078730 43.847346 16.863480 11.450098 8.261355 12.341973 26.660880 29.752021 19.825333 16.763998 23.377068 28.310635 28.407307 14.421281 13.684676 15.649010 13.329957 21.167744 17.699669 8.983156 9.695249 14.467877 19.505267 22.215772 14.400829 11.954949 13.975570 9.053381 11.163189 11.975320 10.611299 6.818204 4.291516 5.590542
6.260817 1.499817 243.2377 243.2377 0.000000 5.013876 5.014777 10.536652 9.563019 6.692854 10.529637 8.117581 3.149791 5.877624 6.075570 11.638396 12.146806 7.570350 7.516204 9.448428 9.110567 11.055206 11.095981 9.998594 8.197124 5.387083 7.135297 12.488659 27.424822 32.982764 13.972843 28.010859 33.345550 12.245450 12.173872 21.591181 23.912986 17.308103 16.596085 12.625544 16.435693 48.685699 176.273517 150.547609 51.559000 28.021091 26.668350 22.997535 17.843487 29.258767 50.057888 49.612916 92.626477 177.666645 114.732944 53.314111 44.673397 23.472037 7.871966 12.782257 16.682073 12.513846 13.459890 15.295653 22.848441 18.293004 52.660728 66.511553 42.716334 21.917262 4.446675 7.727074 17.188740 25.819596 16.653027 12.785191 4.149243 4.654840 23.352014 27.549994 15.868252 25.761983 18.278330 19.997259 29.743669 24.562654 15.102556 17.588926 13.417719 4.394417 8.964637 19.436774 18.809181 9.727665 9.464112 8.782284 5.308603 5.948641 8.792364 13.055240 13.346148 10.669950 18.928307 15.578564
6.312911 1.507427 248.8218 248.8218 0.000000 12.627674 7.416819 12.086406 6.498209 0.924467 10.149168 13.462297 9.066660 7.373230 5.781402 5.223377 6.527436 7.899566 8.110845 5.106375 4.993407 5.619018 7.590884 5.705537 6.348049 11.280812 12.491504 9.946949 9.913667 19.608569 11.521096 27.023248 47.859153 31.771004 6.549265 22.531447 22.132280 16.826810 11.916826 19.148850 18.141179 25.845587 90.785395 169.940012 108.992579 25.534450 42.839031 56.892516 45.154556 43.383202 49.041479 32.055098 36.799859 125.669479 186.220763 104.034180 13.578376 25.367491 36.908522 15.459841 16.408644 14.246031 10.636195 12.177331 13.609985 13.169853 10.671214 34.535601 53.900395 29.974188 11.826545 7.630180 13.910441 17.387654 23.278296 15.558397 9.326428 15.101958 15.368877 15.153729 24.637895 27.893399 27.885818 25.443694 17.107035 27.615652 32.757257 19.934411 14.196502 14.558641 10.865263 12.014297 15.205177 19.255862 16.408752 11.961937 11.562277 10.582476 7.661962 5.818425 5.382336 8.368882 14.872613 19.023610
6.367351 1.478523 199.0157 199.0157 0.000000 13.173695 13.339443 7.200902 4.753387 3.004032 10.795745 8.486037 4.885070 4.347780 6.352088 1.469443 2.409198 4.791302 7.656569 12.170154 9.407407 11.692871 9.963061 8.195048 9.435937 9.045258 9.050405 10.409634 6.500226 11.732114 20.483082 23.725322 40.803498 49.814719 25.940880 10.523285 9.564336 13.669418 13.499154 8.420825 14.820909 24.751942 54.586136 131.911002 164.359427 96.025579 57.558305 32.769878 38.420390 35.704255 28.206906 31.369910 40.094861 83.784514 129.190263 156.960771 98.631972 67.230681 37.218305 16.801940 15.646732 12.424512 17.424132 19.325533 15.663533 9.268953 14.106779 32.672237 46.812196 49.951338 39.899491 27.959785 13.789266 9.635301 14.731662 14.138097 26.536723 43.776816 45.565185 35.135872 23.165031 17.473643 25.161965 22.112068 15.046236 18.094920 21.207772 16.503182 19.290584 15.586567 14.493401 18.423329 12.282553 7.110166 6.958323 7.150289 8.101350 4.018249 4.316591 7.038871 6.958792 6.435859 7.579845 8.819412
6.412987 1.508779 199.4093 199.4093 0.000000 12.071219 7.458208 1.043582 2.579288 5.682257 8.227113 5.871095 5.345287 6.999411 10.136202 7.100198 5.231716 8.420862 16.682069 20.538202 9.028932 16.431787 8.374765 12.998418 19.644707 11.669698 6.959097 4.718092 2.694066 11.396837 23.220294 10.291439 22.821784 53.007558 36.062723 13.535324 16.760419 11.863311 13.002312 16.787636 12.355445 10.881113 11.779466 84.166540 203.745362 141.599870 11.492541 13.404468 13.635454 23.720283 23.115898 21.046248 21.651944 21.759175 45.133022 148.251631 132.602843 30.669069 48.412980 46.359168 35.010918 30.708581 27.970014 24.716407 36.637048 27.711640 15.725870 19.132586 18.123836 41.326757 48.086647 18.596691 19.690699 11.962221 16.141864 30.551751 55.345629 61.641970 38.574731 19.989985 18.968421 15.697093 9.565981 6.264531 6.758687 10.151923 13.548801 17.544082 19.217482 15.761339 8.950231 12.471114 11.101182 3.820161 6.835220 11.932826 11.469163 4.451458 2.071071 4.421093 5.517069 3.920185 2.071852 3.237366
6.461203 1.524306 200.4563 200.4563 0.000000 5.675877 1.619093 7.660341 6.671338 6.382089 4.231910 3.618562 9.574181 8.962193 12.028172 9.470793 3.688067 9.357179 16.291859 23.915349 20.925937 14.237289 13.324081 17.315991 17.116779 10.238620 3.952833 3.447935 11.531869 24.709034 21.428339 15.603614 34.202167 41.388769 15.485734 16.743241 17.672566 17.757437 22.425742 19.104468 4.256991 10.179726 48.703827 179.946806 212.339811 79.187185 29.877129 21.321082 24.868317 32.910230 8.619699 15.267854 20.345045 35.847919 118.064070 132.662394 54.928532 12.517080 39.930520 24.801633 30.734852 20.345366 23.345384 44.939070 36.032222 20.317549 22.939340 24.310934 34.612526 43.237230 31.894295 17.626934 12.764320 31.556900 51.611901 44.057989 26.488296 9.623038 9.532400 18.959369 19.485672 17.758236 21.176259 19.861002 15.488430 15.425699 10.559173 11.820635 2.068123 11.802608 16.020100 7.159816 4.095309 5.666047 16.109624 16.110472 11.294886 11.774783 6.906083 6.297550 3.226137 3.297752 4.912406 4.280172
6.512901 1.574668 194.5568 194.5568 0.000000 2.165308 3.919900 10.183662 9.935005 4.826545 4.695732 9.739899 9.361134 9.179649 12.898977 8.872178 4.768577 4.670490 14.924829 12.377544 6.782937 5.935831 11.958684 10.526392 8.438377 10.600265 3.584325 8.147170 18.334555 20.927027 19.312282 20.693892 43.784746 39.754208 11.996702 15.767490 19.901937 10.257381 9.499247 13.917495 25.544635 61.502818 89.942191 226.211486 201.734676 90.974490 39.485695 36.266300 20.724373 10.278209 9.995349 27.524630 48.664480 70.237374 113.482869 98.366452 49.697958 12.870860 23.678258 13.234160 20.490552 37.291142 30.712286 10.845268 22.120171 18.981111 21.433382 37.160285 38.789527 27.165268 20.625374 21.621891 28.318546 17.817879 21.113524 22.789052 8.690322 14.318765 12.358551 30.331282 40.153305 34.998464 17.244579 2.706996 8.768276 13.644183 17.172207 16.702533 9.714754 5.961659 4.045418 10.346519 10.163014 19.565714 28.253072 21.474474 4.715497 7.356018 7.598926 8.480786 4.697267 4.896508 5.338231 6.407827
6.571270 1.648401 199.2313 199.2313 0.000000 4.998236 5.282711 10.580934 5.546503 3.860537 5.447246 6.495699 6.140050 8.282047 10.872484 6.576140 4.129925 9.193236 16.751290 10.455646 5.349889 3.025551 1.994993 12.013131 17.198199 15.430017 8.541124 14.055803 18.578848 17.608837 19.028497 19.806656 47.843858 60.862357 37.610269 11.698810 11.034736 8.991032 3.930206 7.382134 24.496739 32.967932 37.015512 155.786326 268.498917 125.365225 26.175887 36.209842 25.390766 13.408486 15.187946 28.303508 29.171267 24.788530 81.146425 136.969710 83.955576 39.422765 32.497337 13.529048 17.341882 11.594105 12.523544 17.475778 17.082701 13.178227 11.462471 13.955793 17.943444 42.445171 49.673197 35.005652 20.680499 16.670340 31.236730 27.328918 14.953572 15.915730 16.605060 27.913010 18.866937 23.098289 21.430049 17.645208 11.687411 8.723376 12.332724 10.846510 9.314669 6.591132 6.675578 12.044760 15.227892 22.750103 19.775909 26.879558 18.938913 16.272847 18.067670 10.651651 3.485198 3.408422 4.556189 6.714107
6.623089 1.688294 195.7447 195.7447 0.000000 6.564729 11.940643 9.111321 3.461087 2.330605 2.891499 3.710229 2.636433 6.207293 11.076920 7.281160 6.502065 3.821900 22.414434 22.176507 9.782253 8.597260 9.477743 8.474080 12.309666 12.437264 9.881947 13.298137 27.161695 29.564525 15.386900 6.246659 60.276616 53.605789 17.336840 15.459711 18.100027 14.906256 8.648885 11.449685 32.088949 35.400762 99.452550 267.647635 216.521456 20.239751 42.013181 14.712624 19.745276 6.820628 18.703625 21.862467 17.194457 47.615464 113.605151 92.978879 37.394716 43.827757 21.236144 9.358995 5.142698 7.049918 6.828794 7.202805 9.461358 18.089836 21.435195 35.689790 65.661474 55.820734 22.989603 27.505293 23.175907 20.369378 12.859054 8.844633 21.342133 19.799472 14.274810 17.410505 12.076649 18.260977 26.067024 24.167947 17.425854 8.665723 7.905272 10.422585 1.008689 5.654144 13.468270 19.098539 15.559260 19.494994 25.459624 11.756839 16.233145 13.435277 5.509558 1.388402 3.743805 1.274656 4.703137 2.946352
6.671380 1.718043 211.6578 211.6578 0.000000 10.381914 11.595740 4.699242 4.747608 4.754854 4.773500 1.791092 7.155855 11.866706 14.429012 10.051176 8.854508 6.644421 9.249907 25.504615 24.350273 11.729159 9.536394 22.351835 21.296004 15.446360 11.920072 14.147302 11.733914 12.167459 18.209169 23.961422 27.635446 38.684290 50.567895 30.873278 6.303257 10.632653 16.637156 8.668584 5.262728 3.420485 16.597530 37.214642 47.440971 169.163984 278.929561 184.197750 54.723644 23.023639 32.598779 29.037745 11.758398 11.410299 4.800594 16.218151 28.649735 73.114148 94.555759 56.185123 39.099318 36.472147 18.314035 13.345672 9.157511 14.323326 18.143829 16.413879 28.734696 50.752312 38.792592 26.170086 61.078397 47.931510 29.032594 17.064642 7.151133 11.086653 15.568610 26.433237 26.573609 9.908968 10.507407 29.570889 32.940722 16.730674 11.226306 20.365102 20.136847 15.457384 5.655221 7.635776 14.252818 14.149971 14.189653 11.713411 6.894491 11.211359 16.914269 19.855088 21.148842 18.219270 9.941658 2.226726
6.726822 1.705441 215.0760 215.0760 0.000000 4.752400 4.968082 11.520634 12.443048 11.270223 3.442060 2.043162 8.109920 13.200478 12.249903 6.614487 6.867879 11.024545 12.688640 19.269686 18.397651 5.351098 20.858085 33.359926 29.682780 9.057984 12.059974 13.527666 13.662548 7.963780 8.109258 5.567935 22.365674 17.997252 24.632783 64.397638 43.120765 18.225372 5.644123 7.919042 5.670568 5.219482 4.421489 22.061654 9.463380 31.044776 128.762369 321.246134 213.964165 43.348212 29.233011 35.502001 31.821786 13.619369 11.024205 14.624869 5.022067 7.049151 31.463397 91.538112 53.684342 32.241176 19.602560 15.377700 18.078000 18.332307 26.062939 17.955943 16.067416 15.005065 52.117665 67.061830 52.896422 21.846825 29.214960 36.111706 9.843611 8.342959 13.683530 20.090758 30.162351 18.852498 19.718306 28.826069 49.683686 39.286762 11.985916 14.662335 8.416536 2.168016 16.602131 10.734527 6.743791 16.210808 16.777298 8.944703 16.826806 7.777504 2.689806 6.226433 1.633672 9.420089 10.907979 9.430084
6.773818 1.699005 204.7989 204.7989 0.000000 4.178439 5.028125 9.973965 14.000035 7.620428 4.901764 5.847232 6.467735 4.830533 4.154516 5.467464 6.581307 9.466634 9.483148 15.741999 15.004105 21.837900 25.121304 10.486179 17.855687 15.174130 5.291584 7.555264 8.228360 7.913625 8.369564 11.888033 16.814692 44.561036 61.787478 26.407841 9.590557 14.519233 14.276754 19.756114 24.444071 26.282041 17.369382 26.213016 91.256967 302.252356 217.319433 28.358917 12.753052 15.197368 16.845528 18.593027 10.221539 7.140508 12.651259 17.566090 62.101446 83.543170 39.042113 24.350681 23.490370 11.886753 13.704867 18.228281 11.726110 19.020376 29.290852 50.211685 47.964523 31.703485 23.734047 25.461588 16.941838 11.340253 10.064786 10.024420 18.859131 28.166249 29.287743 31.311796 38.229400 32.359141 18.357816 21.388956 12.724353 10.377016 22.621819 19.912102 8.677353 17.661184 19.708943 17.095819 9.919942 3.063409 2.946728 4.190252 5.810332 4.847826 4.218630 4.258784 3.617002 3.529242 2.518821 5.322352
6.822418 1.674995 212.4781 212.4781 0.000000 8.133521 5.122073 4.885119 9.796324 6.349125 5.208191 5.275739 4.378559 8.536230 8.257171 9.279040 13.461721 16.045491 12.381201 12.837542 9.996205 10.137590 14.227054 8.496416 13.296851 24.455956 20.409840 9.844290 7.722347 3.777218 5.781199 10.699385 6.540567 16.354411 69.021069 58.253280 18.335346 20.813242 19.950510 21.878023 31.421381 19.788888 13.713967 20.001863 50.063135 167.680101 266.538931 161.656403 48.612975 18.666050 15.385140 34.976605 44.975597 35.554574 19.639954 12.852453 32.531078 67.006254 86.059599 35.539134 16.685646 27.719417 12.520474 15.168199 23.561283 31.812976 50.802743 38.689881 16.040882 12.052536 3.362288 9.446585 21.301339 22.234395 14.771206 15.292780 25.721502 41.074800 47.134667 30.353933 9.420033 13.874641 8.259949 18.964059 19.860790 11.548476 10.307218 18.358510 21.394411 16.767545 10.330683 16.045987 13.920161 16.317314 15.168730 11.534018 6.167720 4.441233 4.987743 5.310742 7.795757 6.623949 3.483339 4.706950
6.880712 1.641500 211.5680 211.5680 0.000000 7.496459 7.110499 4.591906 7.179792 5.514409 4.161216 7.624250 5.922087 9.587568 8.504856 7.364853 16.078036 18.680394 14.664401 15.339289 11.484018 8.375143 11.192288 5.850587 9.725477 23.390769 16.612565 11.444297 17.670263 11.734520 2.736751 15.030651 17.254030 31.297234 63.442115 57.820411 27.409979 31.981686 25.781510 24.620051 23.994621 11.496875 7.759214 9.675506 33.434166 104.130778 248.611653 224.961479 89.158732 29.692685 30.304638 36.324672 49.627405 43.656288 20.416205 20.076358 19.845141 24.532669 89.179948 75.611391 34.780595 32.156395 32.702453 22.397371 26.891399 60.225844 53.227564 25.958762 13.724489 8.300618 9.968058 17.436957 16.924856 21.209785 15.524142 20.790454 21.205466 36.878278 34.309578 4.567396 13.735917 19.275729 16.053185 5.643616 12.794551 3.693174 4.736286 8.546485 8.499245 10.062696 8.860425 7.877057 10.557944 17.947236 19.807144 13.277445 5.987223 2.831859 0.885440 3.004031 9.377041 9.940527 4.873890 6.552724
6.933280 1.601948 206.7891 206.7891 0.000000 8.965020 7.589347 3.367961 3.623851 4.259736 6.128003 11.144084 13.573525 13.130682 8.534557 5.741639 7.355705 8.345263 12.861082 16.734426 10.914907 7.934601 7.327596 8.090079 9.506181 18.530776 18.514229 20.081991 16.136298 9.765791 12.844421 14.748247 13.223829 27.615687 51.272958 24.451837 39.247523 39.272494 6.324455 17.362068 17.062057 21.155017 15.514635 24.779404 77.301777 221.433004 220.213604 76.997117 23.748596 28.929450 17.265608 33.747985 20.753367 10.604041 17.022277 13.921652 42.601464 94.655719 67.245086 29.324315 27.326007 46.986994 51.581476 45.363927 38.150243 20.898647 7.966977 19.377017 23.603517 14.378817 6.970084 13.361224 24.084281 26.099494 16.230554 12.945571 14.000255 18.933796 12.936382 20.563086 29.790258 21.152318 20.223977 16.130965 8.062170 9.476900 17.500615 19.462023 10.074945 4.134578 9.251289 9.535872 8.545136 8.688823 10.052312 7.446221 4.794304 2.361073 10.368391 11.370634 5.998346 6.035390 6.870642 8.546529
6.981165 1.556001 219.3422 219.3422 0.000000 9.493391 4.154679 3.310852 3.926052 1.420389 0.689947 8.399546 14.831566 12.695553 7.505670 1.676988 4.129837 4.378644 2.993233 4.282626 11.256206 4.203236 7.325282 5.924727 9.557783 9.450197 12.151823 4.486841 17.938339 10.090176 4.821657 5.747591 10.458515 6.130431 7.299252 22.113528 28.934978 17.589412 40.075762 51.844262 27.264105 14.348891 12.611219 20.893871 32.369824 32.877984 34.724804 150.283530 257.850765 133.304806 32.063248 53.000540 48.788008 34.805260 21.924494 4.718223 16.630564 16.101548 15.409326 54.395040 109.724196 75.708691 26.619362 40.030467 43.860078 40.640484 28.234154 4.094211 11.550237 2.092339 9.951165 27.719470 31.046017 11.472293 7.821108 20.904249 22.916559 11.278749 16.797968 10.277550 3.106727 8.945862 25.636617 36.164836 32.439472 18.609553 10.058236 14.262903 14.748152 13.116965 11.340130 14.003955 27.491538 20.254700 8.792482 5.546946 5.916231 5.217661 4.817185 7.457471 11.796812 8.381263 5.156166 7.719617
7.034556 1.528572 215.9205 215.9205 0.000000 6.118260 7.738674 5.477356 2.490821 2.708432 4.548539 6.285538 5.820306 3.068403 4.139423 4.236658 6.909115 8.764205 9.024103 7.366837 4.892268 9.093369 10.577332 9.274950 5.222914 6.232970 13.906747 16.857629 9.778015 3.171214 3.595021 3.638679 7.286848 12.206187 11.028120 23.792243 28.622687 45.765908 57.640551 20.454638 16.925041 16.590809 12.293632 20.766324 21.670742 39.952453 98.727592 208.814226 177.581466 76.251566 69.954884 26.462929 20.336106 2.165252 26.555575 33.135147 13.946052 16.951301 54.960683 103.672662 99.498450 25.286727 58.625427 21.703278 19.034803 6.913505 26.711203 20.238876 10.431004 15.603773 27.626374 27.547197 22.530930 21.709642 18.068581 11.471387 22.067005 22.113895 10.876452 5.262008 12.218304 24.470147 28.006879 14.756087 8.177361 13.028596 10.774384 6.836774 13.815464 20.970574 21.460939 16.652930 14.295440 11.697308 8.011937 8.636655 4.903648 9.240789 12.119582 6.608905 2.928627 1.763539 9.160018 13.270072
7.080709 1.497091 222.1419 222.1419 0.000000 3.057574 5.677576 5.565190 2.365893 3.926316 8.189890 6.512426 6.023480 8.656458 7.308934 5.292593 6.132540 3.720615 8.529153 11.163647 8.639729 6.925786 6.135295 6.430976 1.589245 6.194338 12.336595 16.429157 11.905584 3.261464 0.844167 2.164242 4.385948 9.913178 15.451076 26.325313 39.239090 36.587158 47.571154 62.288040 37.115498 19.228309 23.631224 17.800245 14.701695 40.870181 33.045921 75.258824 188.585938 193.851716 83.060868 39.155456 42.564149 35.976122 30.508527 35.673188 28.276828 24.935382 21.726653 33.412025 85.376520 117.087615 91.621158 37.088015 27.577996 28.512936 27.960546 30.975142 19.975027 8.684482 18.051328 6.767471 12.276598 14.295250 16.124618 12.346210 23.000958 32.925512 12.340896 11.926665 18.967505 9.653929 21.288870 19.031347 13.647693 27.598918 22.091623 4.387456 9.926325 13.855111 22.161856 10.346583 6.766209 8.151921 17.632832 17.056145 13.398507 9.700447 4.300193 7.246223 4.441539 2.712822 4.726376 8.150193
7.136447 1.501933 228.8703 228.8703 0.000000 6.670337 6.798684 1.270198 4.093134 4.396881 9.035069 6.673330 2.455454 9.071746 13.300598 10.017085 5.474933 1.888864 6.479798 7.675580 9.692590 10.698122 10.091622 9.052273 4.117051 4.437303 1.051527 7.794920 7.986218 8.125532 7.576286 8.619560 5.307506 6.194099 7.304276 9.092595 22.287405 28.911729 26.990395 63.602029 71.165058 29.481626 22.071824 27.283087 21.063493 44.620122 66.015061 51.688098 69.693127 203.705841 174.856781 65.510919 70.025224 65.538378 19.910568 15.081492 21.962210 18.247882 17.556244 22.203684 29.096760 66.288117 116.259318 58.720942 10.902532 32.487039 34.848513 22.224213 25.301934 10.235189 15.188089 17.459965 9.650585 3.422911 8.980975 11.733868 12.901564 22.906745 21.076120 19.148439 24.344184 27.653611 15.729088 8.984008 18.896048 30.700252 33.065831 20.765467 9.160542 5.048212 9.477216 17.208753 17.282795 9.053096 8.855655 15.752724 10.533828 9.770938 13.324779 7.540707 3.426415 3.109672 5.344476 5.844013
7.183130 1.493799 229.1525 229.1525 0.000000 5.081823 6.852078 9.843884 11.535876 12.219175 5.517264 4.657768 5.342701 3.755763 13.393740 6.032342 7.792055 10.058777 8.787885 3.207005 5.102995 7.714350 6.177634 7.797024 4.381044 8.587405 11.414373 10.708471 9.702088 9.264033 14.746690 20.658531 15.242024 8.933683 15.593112 20.739328 25.377369 39.505905 28.783485 63.723659 72.365703 27.996853 18.537571 18.090347 12.026113 36.871383 68.137095 55.486070 42.828849 179.590204 179.558749 60.177260 69.688956 68.692958 34.650247 22.336880 31.178397 30.892446 15.286284 11.910118 16.113697 65.086612 121.399995 78.723737 25.381669 40.507178 45.893343 39.363794 36.490667 19.087693 9.431254 19.594285 15.624864 9.929530 12.234711 21.929324 29.727493 22.345653 14.299937 16.581520 12.522315 27.335485 21.716819 13.190135 13.307297 23.710904 20.479080 8.761266 7.738721 5.464542 7.058094 6.117745 16.788502 14.391583 7.872764 7.440983 12.927709 21.001594 19.534662 8.311891 4.217749 8.190946 6.199806 4.887173
7.234940 1.458254 235.2535 235.2535 0.000000 1.318508 5.723361 5.475573 12.232881 10.788296 7.618424 9.155848 6.497509 6.237929 13.795351 15.720313 9.077823 7.600017 9.800035 4.658223 2.375479 4.475941 7.449660 9.683670 9.096732 7.903360 7.984529 14.360243 17.405648 9.242526 7.166679 16.091402 20.884153 12.755989 9.144254 24.827575 33.619573 36.044804 35.845448 27.234189 67.479868 69.088017 18.462774 32.938902 21.476158 13.708604 27.425955 26.510329 58.929700 54.524331 162.256909 207.285072 55.020649 64.313148 50.294754 17.144636 29.238987 21.137166 34.678574 33.286899 32.489827 36.230195 35.577790 94.433266 116.960368 54.285264 38.861635 36.263101 21.769663 19.099654 29.884289 37.861790 34.325813 19.001423 10.504194 11.809520 8.976257 17.517329 24.928116 26.197703 21.869862 18.287015 18.142083 15.812341 11.255267 13.375726 15.230417 25.330629 12.548722 4.396422 9.021328 11.883017 9.733786 10.842371 10.086381 10.579128 12.592480 6.433706 4.999580 15.402342 22.124631 13.558371 5.647627 11.508793
7.280846 1.470468 224.0017 224.0017 0.000000 4.974728 3.329716 4.653741 12.297733 11.490596 8.703925 7.608293 4.164923 7.654682 17.185852 11.404192 6.024740 9.629271 8.205905 3.988684 5.618516 10.648295 12.322665 7.971688 6.430709 13.202409 23.807897 18.742456 9.240766 9.572796 9.504460 9.650476 7.701295 19.013202 28.052575 10.933821 28.731481 29.980158 55.812067 89.145395 49.734705 19.594182 31.964703 29.796384 30.371489 32.344490 49.320352 46.630789 158.329018 193.811278 77.149382 41.164624 43.951404 24.038706 22.184869 19.089442 27.736065 31.298605 38.923772 42.000252 76.562456 117.665920 76.624972 37.002831 40.866609 35.427918 24.202738 20.159026 28.848170 31.967305 25.354725 20.962336 14.540646 5.069532 8.986990 13.365774 7.545309 17.261005 13.670351 23.811047 21.667594 22.300690 20.435046 16.378267 17.914891 11.944168 5.416026 10.107709 5.364186 7.506922 6.795919 10.902624 15.607705 15.596726 9.245148 8.117033 14.264693 10.485480 10.916393 10.620370 10.723062 13.517956 9.743223 6.220799
7.331393 1.451030 228.9454 228.9454 0.000000 2.963681 3.428363 7.392638 14.501880 12.740332 7.877523 3.526025 1.346673 8.171237 17.970337 11.457454 5.081823 12.286873 11.024379 4.829233 8.749368 10.359097 6.781642 5.596532 2.580915 8.894587 19.229013 26.213777 23.332859 6.051833 9.511981 9.391747 12.439304 13.408319 13.832886 18.290036 25.546809 18.991405 13.695321 28.905054 82.771932 63.907930 28.310797 12.284840 13.825185 24.938490 20.440798 28.706403 78.841216 114.850365 182.845864 165.609700 101.243838 62.185472 41.472705 40.391685 18.137025 21.859288 15.961176 17.599403 23.049178 49.500651 72.382906 80.743575 51.773045 27.067057 20.268592 32.709410 29.872534 19.321565 17.353959 10.687786 12.830329 10.604088 7.000676 10.052014 12.580107 17.933921 29.097577 29.084802 21.845588 15.288794 20.084637 18.219773 8.830875 7.061243 17.484734 24.209044 21.077686 14.425969 7.807683 5.674860 6.472700 10.013508 8.349608 10.965787 14.358436 14.784270 11.705115 6.861982 5.098973 5.598635 11.526337 13.371402
7.387869 1.461736 223.0920 223.0920 0.000000 3.073298 6.234987 8.215704 6.542250 4.400447 1.627063 2.235006 5.355003 13.336791 11.116920 4.478624 7.224895 11.515899 3.104047 8.978497 7.578321 1.417393 3.876194 7.128821 13.314065 13.346985 19.668589 32.859579 19.216601 9.192315 9.682250 18.584780 18.356897 11.697034 9.716058 13.934047 10.410596 16.354473 52.925970 100.951224 61.601337 21.839293 27.431375 10.904508 20.375497 32.491979 45.156908 48.150582 130.545550 194.190325 116.674670 63.536076 90.409785 53.121636 22.092950 23.412280 15.247302 11.762582 8.266705 4.441781 37.239632 45.279371 50.637666 26.733390 23.403922 32.015880 14.529351 12.945828 9.263036 8.239100 9.401618 15.078452 27.721404 38.215951 33.940898 16.075694 17.081836 13.374762 13.869782 2.729305 8.163757 6.531413 13.836692 15.372570 29.229541 18.061466 4.144525 6.543237 12.345171 7.966254 6.183908 11.175911 5.692711 11.850005 14.827567 11.606422 6.640821 6.990755 15.752829 14.019008 12.520598 13.059511 8.492322 7.612457
7.435258 1.460281 228.4267 228.4267 0.000000 0.585274 3.820244 5.426726 4.867986 5.754144 2.442988 2.203722 5.008256 10.324657 9.743764 6.100595 8.672888 13.222037 9.138023 8.843204 11.628542 7.680376 8.856819 2.646372 13.267839 11.758693 21.392248 38.848072 21.678906 9.945058 16.516046 17.334343 13.672057 13.216041 11.580346 11.533524 13.395521 6.536509 16.632784 80.935213 105.827390 52.045082 26.997416 30.558490 20.704191 6.506617 31.995233 58.113519 58.498404 151.980508 196.282941 101.304730 83.845097 83.049995 36.004525 18.606969 8.718004 9.025215 10.385358 18.606482 34.072623 41.697536 86.776747 71.334159 33.401923 31.519288 14.853370 6.435634 10.320624 13.546107 18.687243 16.763667 19.542434 34.673153 30.124978 13.325600 12.103375 11.683768 21.314676 14.661683 6.218194 8.038374 11.800476 15.850248 24.629641 22.680471 9.218596 3.362892 13.340482 20.491156 12.786071 9.554064 13.522575 9.556678 6.365699 8.273783 7.140767 6.808568 8.305472 6.269573 5.633983 8.703348 4.564654 3.371826
7.490889 1.487235 235.0636 235.0636 0.000000 2.742179 0.894484 4.372809 5.822220 7.423971 9.719688 8.482059 7.209832 5.671844 2.638524 4.690531 6.865060 13.237423 9.906861 5.134491 8.932209 10.914010 8.620005 11.310873 15.416868 12.387748 13.144056 30.300172 33.412194 18.048160 22.512433 27.187469 13.929317 6.800635 5.128811 8.966085 8.406632 10.559990 16.837879 17.592499 76.241101 108.185320 42.394919 15.118358 25.372561 10.202848 17.514989 16.872444 43.446808 19.824542 124.868550 239.115164 130.936831 55.058313 93.590127 40.601589 16.019080 14.767403 27.298990 17.634979 18.364553 32.579332 33.553594 59.158656 93.949166 62.645966 18.478826 25.181766 18.242786 7.554425 10.960897 21.918260 16.614357 12.319461 15.465823 19.876010 21.588899 11.770868 12.338580 25.824063 35.118369 26.531376 14.071990 9.489162 11.861987 17.185196 14.193148 12.994456 18.082818 10.704210 15.115202 23.855876 17.843793 10.775675 14.150765 13.190142 6.018319 1.890712 1.105286 4.294797 3.374612 6.320759 3.587513 4.393860
7.540895 1.485032 232.7333 232.7333 0.000000 6.388233 2.792416 1.150313 5.393085 7.602544 12.701853 7.730397 8.122868 5.442833 1.572076 2.469278 5.974571 10.353931 8.620994 7.891113 7.029321 3.722737 5.152977 12.971346 15.331359 8.284660 6.917703 30.881192 34.703652 23.531491 31.294936 23.469589 6.378164 5.251931 5.321012 11.374711 1.664530 19.097941 24.419782 10.322902 103.070466 118.762794 49.531165 49.749858 50.627024 33.772653 18.257365 33.541837 53.500820 61.537428 133.681547 169.333402 75.103223 53.508273 77.019986 52.893814 33.534579 32.824253 35.838922 32.058572 26.000042 12.323093 6.993915 54.771795 83.733019 36.801846 13.281551 37.347622 34.319078 15.847048 18.096745 43.656260 43.242129 33.482504 19.742835 22.443978 14.447477 5.830283 16.034260 28.568159 22.524223 16.730084 15.083203 13.616164 9.450172 10.785586 20.253509 21.861607 10.674840 12.040207 19.587913 9.971066 14.555784 14.617032 5.246299 7.143799 2.905638 2.174790 1.834327 4.699632 9.251522 9.663060 3.955678 9.331556
7.591455 1.466700 238.7115 238.7115 0.000000 7.826634 5.018159 4.663557 11.190672 16.928539 11.888028 4.668970 6.514273 6.604462 3.166992 4.609673 4.058264 5.488994 10.593172 10.376280 11.284217 9.458619 6.191954 4.040057 15.893096 17.512956 11.956585 18.650100 35.749196 27.895139 12.274469 23.354695 17.295378 6.664345 5.962572 8.331798 15.539133 21.087723 20.952431 11.260848 44.034881 109.145222 135.185861 63.219867 48.349110 60.914485 37.004259 28.713955 35.637556 53.607478 62.322380 91.521433 162.567739 121.611495 42.653964 78.142761 48.793581 33.547776 30.254425 30.049736 22.435467 8.525008 11.300193 14.501863 29.797108 58.782856 55.457827 26.032707 35.323727 37.872129 30.996225 36.736993 44.654830 42.603095 33.362594 29.333866 18.026674 17.746657 10.480177 5.983402 10.639663 12.966072 17.010654 19.551977 16.972782 12.684747 18.127292 20.577734 13.649614 13.807982 17.419146 9.002668 12.097735 18.054955 12.232900 12.177241 12.855207 9.207247 9.075614 8.567622 6.739619 6.577437 5.825879 7.057470
7.640883 1.487111 249.2670 249.2670 0.000000 7.036741 5.203732 7.303781 15.278945 13.005963 6.939230 1.374171 5.415240 5.917103 4.032933 8.903932 7.323170 3.033728 6.683537 0.943568 4.796154 10.978053 10.005450 4.106859 10.658768 10.472837 7.084681 7.644478 20.364674 33.792555 18.392567 8.663423 14.986324 2.454684 4.805430 12.654222 9.793679 17.250663 28.168512 21.051395 25.083755 46.262266 129.045580 135.681848 71.555409 14.913011 22.278601 25.312832 32.017145 27.727718 62.240891 54.382102 81.167431 169.115806 159.369617 83.894262 41.608194 52.527292 56.151529 34.857254 12.368458 7.543300 7.991451 11.596164 11.571026 29.620490 38.755895 64.128494 59.180975 25.109864 10.545917 25.588960 39.957500 21.429939 9.191277 21.785069 28.691234 27.437438 17.848877 6.123361 7.644311 3.551038 16.647999 23.255759 18.558516 20.877858 14.009198 27.284214 28.086639 15.763884 6.736488 11.467976 13.968940 18.273274 10.640575 6.820232 13.410574 11.485202 8.184831 11.544885 7.308234 3.931342 3.795946 5.467708
7.691364 1.504570 249.2982 249.2982 0.000000 0.964132 5.547731 9.648758 12.876138 3.103866 7.571910 3.722796 4.604733 3.171540 6.219167 11.886228 8.661645 5.021660 6.998897 6.421425 5.072755 10.900867 11.328609 7.985035 9.431447 2.597437 2.722688 3.443143 9.089505 31.206884 20.580790 9.065547 22.864494 15.636118 9.352656 12.991637 18.161926 18.499289 14.353682 25.860354 23.545621 33.337445 124.613119 169.492299 73.080704 26.201542 31.754789 28.355787 34.663358 27.665928 42.615973 38.797422 42.331504 159.279999 176.691960 59.430869 32.608593 61.764260 28.004066 23.179114 7.335973 11.239247 15.385381 7.386793 14.276184 27.031029 35.528630 71.621688 65.342375 30.568649 18.028154 19.574799 17.111783 11.403426 6.781572 22.096953 20.468632 30.326296 38.791125 28.483056 19.675797 15.021503 21.887793 21.421374 16.412893 26.660831 27.782540 20.053246 25.026792 27.223508 16.816552 11.411209 11.259526 12.894038 12.071983 9.054403 12.222823 12.987018 10.791149 4.881502 7.978540 6.512919 8.537583 10.161472
7.740881 1.505906 194.5475 194.5475 0.000000 10.693331 12.999156 11.032754 5.202899 9.940563 8.923998 8.588044 8.128189 6.336138 5.985569 7.226520 6.491433 1.221484 6.691667 5.498494 4.948614 11.980388 5.745713 7.344959 10.788468 10.669932 10.633555 11.190729 18.466537 35.838389 28.629732 16.736440 32.520917 35.981202 15.694020 11.384011 15.497796 10.452607 10.554657 18.817740 28.144982 63.157067 101.761440 151.668439 106.359375 70.100198 48.682233 19.421208 25.215973 17.948918 32.461244 53.684375 96.014531 130.543487 147.978648 98.649072 98.877708 91.752937 44.824976 31.827528 15.178375 12.285526 15.842138 13.044229 19.990439 29.900688 36.383703 44.701884 46.554156 29.100941 48.834733 38.569034 30.328566 26.528330 24.753235 27.994246 20.504175 27.596914 34.833628 23.714513 18.744623 14.214336 10.973284 18.770150 16.540072 11.114590 23.808741 14.147848 14.314054 23.942393 19.772708 16.738137 15.138872 7.178934 10.188056 14.416369 10.655962 8.790679 9.984256 9.292515 14.663208 17.594650 15.506873 11.288816
7.791416 1.521836 253.8196 253.8196 0.000000 5.728244 6.754958 9.294998 10.764164 9.770241 3.705495 4.654785 6.658769 4.899984 1.972019 1.416740 4.952130 2.490977 5.366942 10.084007 8.016873 5.764696 12.037800 7.691114 2.381221 8.624430 11.780625 12.514570 11.963965 28.884109 23.606276 10.241833 33.396486 43.932194 17.983533 14.527733 12.191405 6.075497 8.609919 18.740104 23.846189 26.825988 38.290602 103.816196 172.533263 110.748637 43.006146 19.457696 27.908510 23.193656 38.234886 38.813514 55.022123 49.247004 91.058279 178.998761 132.888733 62.433759 60.843031 55.056360 24.141459 10.210182 5.848568 11.185525 13.521136 6.375518 8.840842 17.027478 32.536412 72.729673 71.394390 41.337362 31.746109 46.697218 31.227082 11.593894 10.525442 12.446543 14.152194 15.229964 16.618403 20.820490 15.022193 11.891950 14.559624 14.212956 19.435069 13.447136 8.900506 11.718855 9.364959 11.586637 14.650904 7.989939 4.687437 10.954757 13.845800 9.861160 4.556223 7.789892 14.078719 11.452570 6.509017 7.153235
7.840746 1.535283 199.4024 199.4024 0.000000 4.128090 2.700692 9.009618 18.913456 15.711555 9.430283 7.309354 8.735881 7.929483 3.792140 0.774933 6.395316 5.982110 5.783743 10.412084 9.973105 12.193768 17.551933 8.177323 1.885926 2.642823 3.057027 5.631090 10.769424 19.712883 13.184857 9.192129 31.186284 43.885071 27.066960 22.681033 24.863868 12.308396 10.204028 25.464156 33.704685 22.443529 43.060726 143.322160 168.961711 34.931587 67.929523 47.256974 46.790951 45.298686 57.933019 66.170586 42.746089 49.284041 131.665211 159.431804 62.037199 57.696799 52.570327 46.762259 36.963871 26.337350 16.998301 12.843262 21.502410 27.087423 29.925363 22.834436 34.793370 65.696252 45.213488 33.342738 33.324398 46.011117 31.819839 9.695300 9.298028 9.656616 12.182382 14.054359 10.478210 27.059389 28.589445 22.858173 22.965776 17.025129 18.905392 11.385269 7.575744 5.235735 10.475533 10.435605 4.723056 10.252934 8.866622 10.152387 14.413568 12.255842 2.943729 5.931924 6.867115 13.850540 12.385747 8.095947
7.891691 1.524386 191.8653 191.8653 0.000000 6.416410 7.634419 11.719215 13.405970 9.146969 5.002706 4.355581 6.862062 8.472679 7.181658 5.893659 7.707136 7.151755 7.563326 4.114408 8.084273 17.962416 16.812573 9.311741 7.017288 6.122518 7.231008 7.999863 8.479054 22.910587 18.705844 29.885894 33.499454 9.485804 22.612638 19.022919 10.898712 8.854079 25.117010 22.466354 22.131544 83.208973 185.265408 174.141722 86.550049 36.274377 36.372804 11.867788 26.428591 49.186770 40.957526 32.580667 81.452872 157.404124 101.744647 66.075942 32.450979 10.587726 14.460781 21.636913 21.382360 21.759021 24.237987 46.574457 45.215025 30.893440 45.501353 43.203298 29.215056 16.135354 26.589610 22.964730 21.038430 9.183847 22.789221 13.692339 9.326335 28.257510 38.677045 21.644180 11.098689 24.341390 23.704731 14.693554 8.158733 4.817838 7.392545 15.144572 16.134059 10.267759 3.885109 11.214761 22.724743 21.801628 13.514934 8.611567 7.755526 9.436050 11.350839 15.979096 13.839464 5.565201 3.269905 4.029067
7.940878 1.562477 194.6138 194.6138 0.000000 4.943083 6.988516 2.307337 3.861464 3.790071 3.046057 4.529797 5.256502 7.256176 6.215926 3.201572 5.446445 12.359705 13.090947 5.352226 4.911377 11.211989 15.923523 18.718761 12.885808 2.341081 5.981982 3.033792 15.673729 31.434675 34.402168 41.839110 42.245521 20.253539 7.778842 9.025087 7.456924 5.508387 19.066035 33.112640 13.396363 63.309904 207.987907 197.751948 39.977396 28.385236 35.646640 20.492737 16.575398 24.576467 11.837206 19.325306 80.705626 144.854684 92.635710 39.455750 21.961220 19.787374 20.546390 13.280463 16.014074 26.626653 40.728807 46.513330 35.223883 16.018329 45.939895 51.179018 27.532460 11.773876 11.950940 24.836787 41.367811 39.728307 14.001777 13.364875 27.375629 33.266980 25.594241 7.579941 10.446176 13.168988 7.339311 21.066870 19.335292 11.133806 7.470990 12.397280 14.423142 8.657484 11.910002 17.745246 13.690599 9.186340 6.301589 2.635132 3.478983 5.130666 5.959839 15.136141 15.765499 10.863682 6.132799 3.466038
7.999270 1.564387 195.1843 195.1843 0.000000 3.680866 4.524803 3.627145 2.711394 4.281190 3.951005 5.697152 10.117535 6.972111 2.496750 4.606170 5.290536 13.370280 20.800243 11.622121 6.491827 6.417085 6.372349 12.276542 12.782873 11.859059 12.697576 8.190888 10.691736 31.923968 22.282099 24.483794 48.662608 39.619661 15.760035 10.490464 8.900525 7.225136 12.749679 26.932156 26.163302 35.062907 98.202591 240.420227 161.537819 66.006871 19.843190 21.172320 22.972095 9.974948 20.101563 18.001307 27.114249 80.847073 130.522203 94.085917 25.906643 22.659787 35.782010 26.111176 18.248656 31.032652 33.003090 2.889666 26.553774 23.202038 26.017459 25.606995 54.050034 42.139447 26.559480 20.696703 45.049725 48.220242 26.403011 13.842185 13.132622 10.201375 12.610407 6.444977 8.558705 5.368319 16.844050 32.016282 32.006554 15.645697 6.749635 8.040730 10.940295 12.579056 10.245733 5.588919 7.170067 12.018512 13.339251 10.700201 9.888845 11.325332 9.400398 11.757559 11.178584 13.051334 8.432095 2.518689
8.050787 1.558791 194.1536 194.1536 0.000000 4.461139 3.813410 4.212974 5.413143 3.255041 5.295679 6.865422 7.977304 9.168741 8.512985 10.242257 16.665975 18.437221 21.031726 19.817078 9.105155 7.631274 8.763260 0.845371 4.658488 4.750174 16.612721 21.846219 25.267094 26.811764 21.180909 20.491280 44.956282 42.492903 15.565711 14.824560 16.360773 10.190495 13.266861 17.029605 13.138499 18.893413 93.313353 236.611246 165.123186 30.011151 16.055072 13.799117 27.006023 24.006136 15.086449 15.594466 17.850005 74.892452 142.055056 76.874157 26.951950 37.429803 20.512082 21.672453 19.594891 8.954547 16.766953 19.806491 17.848838 13.935103 20.473025 36.562114 51.080231 54.675804 50.617505 37.937275 27.728595 18.162971 13.053347 6.507047 15.478646 13.257342 4.750204 8.619045 20.329222 28.196592 23.026627 16.611299 18.408432 17.997576 11.908573 4.707661 2.435248 5.785341 1.860456 7.297181 3.731490 13.230793 13.370456 13.259751 16.580052 8.802536 6.954453 6.150354 3.403263 7.661524 8.720388 7.312730
8.101118 1.568918 207.7428 207.7428 0.000000 5.089927 5.528006 6.000163 7.121922 5.117796 6.167516 6.367057 4.577018 5.346805 8.258048 11.073771 19.038610 14.897845 7.569059 14.075097 18.055373 5.764811 6.931914 9.866528 4.058754 1.322111 5.219564 11.174191 19.451648 16.751279 7.817917 5.695602 16.505997 45.134102 60.953640 33.544339 10.610166 8.196578 9.452646 10.418216 8.256946 4.246118 9.307583 39.974859 118.905022 208.670525 179.458499 87.606032 43.974333 21.854341 21.700940 17.724216 12.030205 11.729660 23.505876 54.967678 102.217480 107.289202 72.304407 37.693352 17.394505 14.606167 14.173517 8.920181 4.871118 2.551517 11.530620 19.424636 14.323016 13.529921 18.494051 24.037569 33.927784 61.447426 37.390767 17.582330 11.835449 9.123218 9.179597 12.094170 12.160559 11.074684 9.911084 18.410150 41.892795 30.627253 10.501751 3.395224 7.339188 12.309787 10.453297 5.055906 4.263661 6.873329 7.020476 8.163980 13.018382 16.636351 9.601605 9.816789 15.035412 8.000985 3.912620 4.915127
8.151417 1.589021 213.6785 213.6785 0.000000 2.854107 4.022275 1.771558 5.717420 4.487553 6.206297 3.335045 6.744113 1.331021 5.672122 6.902269 15.259746 10.748405 6.906757 18.023044 17.733931 12.429704 15.740206 15.347738 2.552829 4.602990 4.441000 2.932641 9.181825 10.472858 4.198553 4.439532 5.564967 26.553489 60.975016 55.981718 19.610770 9.795830 6.441555 5.879847 7.060250 6.550272 5.355519 15.005361 30.178680 96.759367 235.347842 220.118041 80.058729 14.664662 9.069491 5.088343 3.637868 8.784048 7.879391 11.770251 27.899247 66.059643 102.632005 85.561522 37.145372 19.121633 13.333583 5.209624 6.841466 6.693945 8.395710 8.247927 10.338798 8.911707 8.921873 25.152649 51.137900 57.975166 41.561819 20.269060 8.791129 8.591049 4.632923 3.582060 4.286758 2.955775 8.592860 19.145557 40.352562 46.426648 19.896667 4.547228 3.155743 3.603535 3.409322 4.725632 4.001437 5.616545 9.023607 8.164809 14.177634 15.376354 9.249600 6.031668 8.290394 8.791882 5.107798 1.757908
8.200836 1.656442 214.7139 214.7139 0.000000 6.792068 7.337376 5.954149 2.825678 3.337090 7.308308 8.066740 8.375250 7.390596 6.421476 5.610501 8.603477 10.154749 4.337679 18.575887 7.716543 17.845799 31.831437 30.218638 15.191949 6.015163 2.400018 6.962364 4.368339 14.669642 12.538699 4.410043 3.237693 8.452097 34.175397 59.236477 30.078141 6.308321 13.415210 10.040559 6.663379 10.331306 3.612763 5.509051 7.837411 30.417131 164.415210 311.719524 165.935090 21.849822 9.316907 9.822520 6.139838 3.551246 2.518982 9.851864 13.817678 19.918956 49.729399 103.857844 53.076814 7.338185 20.980136 14.713813 5.735036 9.172091 9.381962 4.727653 5.529845 15.370870 22.158217 44.880067 66.580643 45.073611 9.476873 27.896800 10.665621 3.424273 3.599578 4.529304 5.391604 3.240229 9.519395 28.840930 55.484779 56.989037 22.111816 9.597127 8.831482 5.756593 4.921769 7.014042 5.150046 8.517624 7.903564 7.167727 15.014598 13.040513 9.544581 5.671019 5.963440 9.612833 14.024252 9.516916
8.251420 1.688328 207.8012 207.8012 0.000000 7.232404 6.991040 3.402826 4.477754 7.486280 6.227732 2.153530 6.246757 4.831284 3.847117 3.897501 5.960083 12.984072 21.459132 22.637860 15.641795 16.565463 27.742440 24.495061 6.926817 6.702445 12.821974 13.326115 11.674584 11.769427 8.098724 6.573474 8.941712 15.349257 53.362077 25.041788 7.624757 15.495663 8.035157 6.352649 10.189800 8.055010 14.168711 27.778149 83.288203 236.432120 267.925690 100.482721 13.787482 18.763695 11.096219 4.647531 8.645912 17.491478 18.889274 8.922859 40.196592 93.905477 60.061436 18.537461 25.285649 19.795399 8.592943 6.193733 13.014772 12.668312 12.369457 19.927220 46.675396 49.309916 36.840403 25.837059 38.625854 31.764090 13.362235 8.952966 9.139380 10.570308 14.211473 17.807082 20.782689 33.983394 37.798103 28.233015 18.608573 24.146558 26.152846 23.479635 15.465601 5.574575 10.959800 14.449285 13.675411 11.902757 4.300643 7.697824 3.584129 5.424232 6.126686 15.126884 14.802077 8.460305 5.839467 7.733025
8.300783 1.697328 203.6289 203.6289 0.000000 6.269545 5.454743 6.505375 11.251109 10.560632 4.823112 2.668561 4.251536 3.654283 2.994318 7.683155 16.079012 20.722972 16.210523 16.553251 8.080307 1.641253 19.513730 19.714967 9.258773 11.998826 17.219913 10.118652 5.310564 2.579694 7.011848 11.764320 22.517674 51.415893 57.492811 37.109339 25.455567 10.129353 12.299769 11.420765 3.301753 6.814123 19.523788 61.827528 157.978340 265.973672 204.733793 81.006125 31.923700 6.199053 7.083295 9.073074 17.272584 16.537061 8.016728 33.960646 72.450323 88.791476 52.962414 16.930797 28.389723 19.859159 15.980240 18.607470 24.227354 42.723411 54.207395 30.663935 17.718614 19.783307 21.506556 35.177804 33.184947 14.457155 15.682068 20.081707 3.892724 33.411982 36.465170 20.232907 13.592108 7.576783 13.023740 16.404114 22.666970 27.437792 21.050296 7.499212 11.995170 16.596200 7.273535 11.179373 12.248215 10.911109 8.663815 5.444807 5.149616 8.129591 10.717351 7.194813 1.541782 4.122814 7.038818 5.618218
8.357724 1.662558 209.4894 209.4894 0.000000 6.347170 3.676458 8.816312 11.502024 5.996293 4.024086 2.057662 5.881056 9.566597 7.808105 7.996242 11.179511 13.323271 10.787508 12.383344 6.285815 7.453676 17.083296 13.851361 4.781788 2.713803 15.117174 19.823194 16.099088 12.302119 15.222773 15.640700 14.076238 35.027261 56.465740 42.077133 21.695630 14.661648 13.164994 15.971028 10.835763 5.171456 7.007606 10.705261 42.296083 117.976611 296.952562 190.607240 38.482893 8.945148 16.450782 20.745573 20.931267 26.608374 23.002706 15.043199 17.002182 55.373641 87.160731 51.167421 31.570374 17.760405 7.038732 21.854298 16.678413 49.046931 52.764831 31.678624 22.199999 17.789636 13.236895 9.343961 19.321922 27.921339 20.591669 21.995499 26.868111 33.283376 43.034682 42.707316 21.673511 13.084956 10.328873 1.288732 9.284219 7.733370 15.895547 12.791760 12.898374 22.149813 15.566821 5.871950 4.458560 6.945708 7.554646 9.918071 8.564221 6.254164 7.619113 11.740575 8.419683 6.452480 2.918807 6.065653
8.411370 1.610927 206.4608 206.4608 0.000000 3.856459 4.733044 8.723121 8.608244 3.400504 2.835391 4.785946 9.309994 13.518939 8.718369 5.359892 2.926249 7.245834 11.063348 13.075419 7.473107 5.246670 12.769203 14.187583 11.201197 11.697454 10.192653 15.571797 14.541635 8.759963 16.735104 23.393938 19.929682 23.633484 51.453123 16.619117 7.416923 17.506452 15.523676 10.163189 13.452446 11.955492 9.782507 11.225441 75.378321 229.851388 232.847349 64.681435 28.438304 26.867410 15.741985 26.631001 24.206596 27.863419 27.680171 30.277774 60.263037 102.536899 66.609647 26.482559 22.707045 15.309537 30.855109 40.048937 32.338886 26.482951 1.983296 3.699293 4.728642 14.519453 22.255263 33.260360 42.381387 23.770033 14.409954 17.860051 14.845731 18.090659 32.373053 22.695785 14.905910 19.482939 16.578828 15.122890 11.454334 17.122621 21.244272 19.734848 15.506902 10.303534 7.676993 4.530646 5.436341 10.240914 14.394265 7.335601 4.646688 4.911001 11.266534 10.509860 4.591720 5.386252 9.658744 8.519853
8.460824 1.576560 215.9218 215.9218 0.000000 3.681612 3.105759 2.763822 7.540192 6.348291 4.615399 6.378149 4.385625 8.831893 10.000148 6.277578 4.568130 3.922955 4.803095 5.112271 11.915342 15.065222 11.005962 8.352943 6.515463 7.390136 11.590713 15.668986 13.118391 9.104205 9.344726 8.840539 12.521608 13.050854 25.852800 45.991097 41.093560 28.671190 35.607940 36.205365 24.209200 19.662435 6.878814 23.968539 47.912678 71.213999 43.979532 181.679631 209.589443 92.807936 78.214941 53.363720 29.149671 4.771746 4.962539 13.695229 4.908367 34.352257 27.683096 85.465855 123.871990 79.829377 42.301694 48.061129 56.546237 48.629040 26.373332 14.674674 18.344506 9.133539 6.485329 6.563161 8.115120 18.069412 30.404018 35.469802 23.928530 15.267246 11.863686 11.070576 20.081814 18.969851 10.666568 8.652178 14.371632 26.480226 18.998889 9.030280 8.818271 18.774297 14.524094 8.235663 7.291548 6.639275 6.387063 2.748327 4.239231 7.267992 7.532283 10.358374 10.005272 9.176261 6.575448 5.369784
8.513259 1.549828 216.9621 216.9621 0.000000 6.713055 5.098321 2.614308 4.608017 1.257098 6.946199 7.964466 8.903949 7.718137 2.500163 1.575965 3.064630 2.184243 2.499086 5.623463 12.358048 11.905330 13.826413 12.820920 8.843088 10.997112 10.630820 7.513237 17.784391 15.522643 10.190391 6.171158 11.673197 17.685882 16.580954 25.774880 31.596998 28.484307 46.211944 35.321357 20.889298 24.729135 23.426688 33.944427 53.839674 73.003481 91.952140 170.653238 190.311547 93.298078 96.471464 88.034141 45.061080 16.195339 9.747391 19.580192 23.030863 19.346614 20.572478 70.603723 103.749604 35.255193 74.794861 58.508312 44.765255 24.606203 26.777325 13.302751 13.412678 6.771411 11.338367 5.734912 4.127498 13.715230 6.792534 25.626446 16.929845 9.347378 7.694325 15.607110 9.504333 25.891628 26.113072 19.891543 9.802012 18.257641 27.553636 22.207854 15.209250 15.759138 18.939075 13.967507 6.531369 6.842539 9.176291 3.908894 2.226960 2.701789 3.125073 6.699074 11.840806 14.056281 12.862714 8.855660
8.560889 1.565434 224.2596 224.2596 0.000000 5.468317 5.024250 2.609768 4.922330 6.158964 4.551534 3.007414 6.488169 9.468919 3.615190 2.792303 3.745119 2.415207 2.368974 6.862810 9.591948 7.556585 10.943582 17.853451 12.310680 12.077418 20.660788 16.614786 13.494351 19.337359 16.421943 7.898438 9.441666 17.269061 24.749070 22.479373 34.546228 34.727104 38.906610 55.775000 33.553803 17.767763 19.468638 26.568039 38.306804 24.109074 59.891459 47.151009 195.177574 201.680279 101.842790 89.314243 60.877564 50.629501 39.821144 33.915556 39.610779 25.741424 18.720663 27.008960 100.015969 132.735450 96.147206 50.500252 35.285027 31.590425 28.347444 21.302509 18.350798 15.973953 13.007970 11.213547 12.789514 19.481266 22.507782 17.740506 21.027971 21.436504 20.466856 28.075898 26.165971 17.286124 12.532057 23.480733 22.650908 14.240326 12.907943 12.622623 19.727917 16.438586 8.580334 9.825532 8.186834 12.253812 9.223548 7.153606 6.588512 3.384058 5.667295 7.921291 9.653294 7.377957 7.761225 9.438933
8.613561 1.560113 219.2299 219.2299 0.000000 0.245941 2.192122 1.993150 4.443320 5.104394 1.940830 4.745757 9.221705 8.531762 4.943370 2.910558 4.261946 4.750049 6.697983 6.551309 4.575496 7.117347 7.970199 11.004424 14.078528 14.762281 16.756970 11.603315 10.904588 7.934548 9.581225 6.527078 5.958741 18.176760 21.303396 18.714608 30.623390 18.629892 53.114897 52.347656 25.334388 26.019297 29.129428 35.351662 36.086312 46.390157 78.847928 119.554259 168.824273 147.567161 134.926426 123.318765 77.804343 40.139062 22.900216 34.226203 35.023321 40.483095 57.600884 76.841257 97.904525 84.135316 67.493808 65.664244 33.659982 16.365673 15.857947 11.954752 21.978954 21.963258 20.686555 12.563062 23.656187 24.479863 25.115493 20.470839 14.693642 28.936431 30.161568 19.327310 8.986611 19.690848 14.784844 4.602047 4.397970 11.116933 14.649971 18.958150 13.449438 5.668330 4.829260 10.574377 11.157469 9.462155 12.463489 10.710915 6.423889 5.821032 6.957798 8.447869 9.052174 4.754663 5.560884 6.912817
8.660881 1.517926 223.8287 223.8287 0.000000 2.763659 0.318396 1.271916 4.007449 5.307498 3.372297 5.987236 8.599562 3.480453 2.730829 4.549331 3.402925 2.933231 4.471641 7.205494 9.200945 8.103959 6.290103 9.115399 8.870253 4.912227 10.631901 17.264169 7.473616 5.865594 10.885852 11.650693 6.285798 12.223735 17.285196 21.434188 35.258055 29.349787 30.277347 74.310598 57.641278 14.969344 18.258725 13.761995 10.561313 17.012889 34.114337 37.753739 109.941590 226.829292 149.805343 46.109816 60.177089 20.909842 12.764986 13.522533 14.757300 22.017894 15.958602 11.511735 40.599819 103.241458 111.891632 46.946206 25.725234 25.502345 12.188708 9.639731 25.716637 39.669220 37.066311 28.700025 30.488749 25.863497 25.093526 20.751950 17.882692 7.914386 11.479639 10.499962 13.810260 26.467106 20.161488 9.671380 13.732910 12.351263 4.477413 12.159869 9.566556 6.048986 10.199496 12.425028 9.539955 7.281275 10.310958 9.476655 5.546591 5.630266 5.734090 8.548311 9.773404 4.638442 3.353740 5.983902
8.717906 1.516294 229.5506 229.5506 0.000000 5.026956 4.513989 3.734987 6.942391 4.307929 4.425446 12.573146 10.636822 1.483805 4.405937 1.912216 5.976225 5.130527 6.195824 5.349319 8.141782 15.168716 10.607555 5.375715 14.592819 17.667170 19.924648 29.476599 24.161514 9.227786 4.343075 10.849526 13.723720 8.545842 4.075604 10.451585 3.693063 28.712500 27.322644 41.440778 68.624690 33.471127 37.798894 28.422890 21.198600 27.699055 33.595856 38.438572 35.103180 131.812777 232.612278 122.631066 66.204226 80.551211 44.056880 18.897741 19.145678 21.989305 30.860452 21.697935 4.996722 26.480321 87.724769 115.599980 48.691133 41.898745 41.798867 32.594366 23.878764 18.918450 17.245528 28.947078 16.107881 27.500089 22.999911 7.610660 13.780980 6.058294 11.672475 10.438449 18.064890 20.214799 19.450251 27.433251 25.739810 12.446250 20.209018 15.658681 5.954709 4.631897 13.374585 15.109332 11.292783 11.021122 4.594564 5.574928 6.535795 3.250779 5.183974 4.181259 8.017474 4.667264 6.975287 7.741068
8.765787 1.484415 219.0304 219.0304 0.000000 5.496352 8.709677 10.021983 7.966918 3.748547 10.415991 17.627952 15.144021 7.707901 5.631292 8.780307 11.267002 12.540338 10.727431 6.235796 11.515104 10.844317 6.650604 9.342566 10.841740 16.365911 33.258297 19.248258 6.575100 6.055155 8.325906 7.124327 9.286981 8.343575 8.336873 21.075919 24.196353 29.369643 60.737531 49.680854 36.610162 40.557707 24.293037 21.991922 13.347771 53.984672 59.687546 109.452006 210.479325 129.320451 91.770526 86.859409 32.161582 10.793990 26.774253 41.154638 19.644910 17.052899 26.416370 44.528968 105.409561 75.751581 57.462697 40.735886 3.209692 22.587388 17.149225 18.106569 21.090621 11.143550 10.374413 15.887812 11.985592 22.242229 25.794143 18.851657 20.160801 25.628014 15.120130 13.541443 17.146752 21.369987 18.891772 18.107407 9.042615 12.221848 16.086004 14.977839 8.203621 11.131384 9.131505 7.500224 7.439570 6.672966 8.274150 7.965195 5.712661 5.974579 3.485840 2.421109 4.755163 10.955408 12.706729 12.877313
8.813351 1.428845 226.4678 226.4678 0.000000 1.950874 7.174259 2.416668 11.097566 9.016384 8.419632 9.870618 13.926307 14.475680 7.428642 9.379014 6.727728 6.927972 9.057573 6.773801 8.451226 8.642659 3.797731 3.125894 3.272868 6.303379 19.290875 27.036080 16.060570 5.535293 4.281615 8.270223 11.551877 15.933783 16.142456 14.419773 14.496452 18.407558 19.942293 51.037441 70.144322 36.650101 29.651150 25.427994 17.216992 18.426956 39.295114 53.498271 68.059881 155.418741 183.284315 60.759140 95.607623 84.892526 38.606933 23.622337 26.593523 36.859290 27.352538 26.849653 24.950708 45.971780 103.481798 92.734563 20.576835 32.826908 19.583506 6.119510 11.535762 12.393902 21.549419 13.673963 7.266928 12.009380 22.179350 24.048849 28.133502 37.760382 28.382027 14.727340 32.687902 25.990927 8.742934 8.835270 9.290586 5.980551 10.437681 23.364796 21.214314 12.481811 15.969030 11.173789 6.637903 6.827704 4.560069 6.136255 4.213023 5.684020 5.663875 2.754755 4.655790 6.528344 6.696967 9.133457
8.870267 1.469954 228.7344 228.7344 0.000000 3.600342 6.055566 7.727485 12.343693 12.118036 4.079245 2.783820 4.896764 13.140166 12.115791 5.696943 6.803365 11.594188 10.138393 8.149340 7.931923 8.068644 8.551965 9.660323 12.484919 16.432637 15.750573 20.548618 16.327326 8.822820 5.827561 4.761373 11.529133 9.947121 10.448062 5.227302 8.062729 14.105616 26.264730 79.793680 96.450063 30.650971 28.859774 28.115846 10.680269 7.986913 33.090251 54.717309 44.435209 153.315900 183.201477 96.706086 83.758854 92.278715 31.779352 12.046678 18.397923 17.556507 14.797913 13.342167 16.938311 45.720281 72.942140 46.171397 18.127208 27.339102 22.256359 14.912199 20.103803 11.664468 9.385330 11.063866 15.939398 29.353639 20.430010 13.588579 26.107282 19.384581 31.972618 26.209526 25.633987 18.923244 13.006873 18.955108 16.264707 17.837340 21.091445 17.243424 28.099236 23.193136 8.704380 4.486998 7.600629 8.055694 5.087796 5.354928 9.623466 7.398321 6.166870 3.603189 5.258476 8.019570 8.993313 8.293321
8.920416 1.460955 225.7986 225.7986 0.000000 1.217295 3.151575 4.876955 6.445367 8.833531 5.598951 3.460819 4.907541 8.266636 5.602608 6.622580 13.965582 15.179750 9.968546 5.725047 4.026946 10.480980 14.535308 9.201166 12.351622 13.847362 14.867623 24.384305 11.011644 11.114485 4.527675 8.351106 11.386737 8.134823 11.976517 13.263235 13.508835 17.861167 34.029907 85.199051 95.491850 47.310159 37.740438 39.705638 37.067539 20.313467 40.210182 64.021564 63.512657 171.811272 162.334584 93.767639 108.269846 73.020386 38.611661 31.108449 15.775612 22.949365 17.733714 11.829903 10.788764 33.901301 62.375055 58.707605 40.754022 31.212692 20.687846 23.722462 26.069106 15.449975 9.876323 21.658045 25.670213 7.387804 20.302675 21.881709 19.557637 20.055132 7.415641 11.033063 16.329217 19.884010 18.943750 12.675218 15.276455 26.525049 24.906703 25.255238 22.221230 15.940094 7.497269 4.111526 6.021381 8.229288 9.669606 13.207141 13.430643 7.513691 7.278081 10.460723 5.439960 6.811226 1.113291 4.179475
8.970648 1.477771 238.0109 238.0109 0.000000 3.453645 1.731668 2.790431 6.462318 7.674255 4.782051 9.219911 9.063695 4.374070 0.983336 3.008724 12.269339 18.438722 7.944498 4.307629 3.250393 2.630512 13.909036 13.618125 5.192885 4.006559 7.696303 16.727696 28.464310 16.151579 15.088685 16.588766 10.238621 9.473223 7.644246 12.151859 10.562633 3.202774 7.090619 20.071113 73.504966 123.068860 85.837480 50.577431 59.413256 45.583556 44.391715 42.399562 42.895938 36.541297 69.553553 169.344542 147.586372 74.520202 96.871264 69.756347 37.760523 35.532360 31.455475 27.597331 16.176792 16.272395 15.085436 27.845319 70.026488 75.508166 38.464609 30.214693 26.575376 18.825760 21.344708 20.601349 15.386993 10.596732 18.786675 23.728765 13.939768 11.804013 18.179934 18.989161 13.310364 15.188395 11.445832 11.633439 7.741990 10.039855 6.913404 18.582496 33.188808 28.519295 21.783316 29.732116 21.482070 8.158288 1.337963 4.672503 2.750595 4.058001 7.157263 12.079767 7.630815 8.958266 9.854187 13.603980
9.020876 1.489259 238.6797 238.6797 0.000000 4.788712 3.162720 6.189699 10.027843 3.968119 9.494764 10.876422 6.852521 5.629922 0.759399 2.364649 10.059562 15.095468 10.716636 4.241006 2.050091 6.548002 14.969086 15.185848 4.826767 1.911079 5.540567 18.049915 40.580713 33.708822 29.461541 28.279320 11.760634 8.920700 17.903972 20.929910 10.177928 8.014994 9.124353 14.017366 41.174801 120.309955 99.157187 42.952240 61.052263 37.149721 41.105667 36.027743 41.400851 63.554622 71.266033 155.747902 174.442137 85.826238 85.076825 83.885688 43.536223 35.909386 28.776638 46.167404 37.692907 17.026633 10.484969 18.555290 52.037828 74.517354 47.401992 34.818371 34.264942 17.392278 8.615951 9.522289 16.616215 15.691278 15.459770 30.847347 33.785546 20.149811 16.292502 22.634089 21.687887 15.669045 19.411261 16.851936 12.383243 16.195550 17.205742 16.954902 17.504570 15.239163 21.392429 28.827558 20.755367 6.587948 3.167648 8.257366 11.607101 12.382016 9.319933 6.337297 7.199859 8.882743 6.185808 9.689449
9.071333 1.479158 238.3011 238.3011 0.000000 8.394384 3.521719 5.635107 9.637737 9.072213 10.874235 11.792302 8.242250 10.100269 5.913129 4.916290 8.427725 3.756427 5.707094 2.715092 4.901565 6.394704 10.343535 8.558489 8.620823 3.768103 4.613822 27.270871 48.224716 35.843283 17.093999 30.822830 22.138720 10.959906 22.720780 28.470495 18.246138 11.818206 12.602381 16.916116 51.646681 107.262604 108.759728 52.637098 35.135538 51.963382 29.249516 20.221721 51.351975 69.128636 60.127130 113.443291 170.985690 112.734303 69.086432 70.542215 47.964650 18.307391 37.126413 52.949216 44.486262 17.610407 9.520786 16.215122 36.835333 58.086989 51.844308 30.413044 24.476952 24.338759 16.415793 20.145019 30.616030 30.768976 25.211156 36.024314 41.040553 23.466193 14.858302 18.683312 18.257086 19.479970 25.146004 18.405874 12.816471 13.125927 18.349774 12.956917 5.833578 9.065012 16.177262 14.157948 7.925797 6.153531 4.275989 8.382731 14.996748 19.298222 14.594205 8.274991 4.283222 5.459860 5.194453 10.038542
9.120918 1.470277 244.3845 244.3845 0.000000 8.678809 10.685970 6.346051 11.574144 9.483419 3.791527 12.209250 11.810907 9.488619 5.550979 6.643387 6.198908 5.799124 9.225736 11.177419 10.658265 9.541912 8.305051 7.143493 7.799256 3.036958 10.374508 22.622402 30.871610 29.902655 9.695800 19.546240 32.922731 12.617216 13.220934 21.392140 17.477636 7.528734 17.548377 14.130620 35.950742 30.193797 129.799197 128.880328 63.274454 44.846000 18.609939 12.185623 31.220066 34.042888 56.514717 82.076730 94.254790 174.036204 115.674305 85.230372 69.298774 44.421119 27.780387 38.649320 34.404050 22.102217 7.533117 8.899759 9.720692 33.815158 60.176379 69.300700 42.481602 31.552903 25.696414 14.782197 20.524338 28.186352 21.604449 19.485619 34.668385 20.200966 4.327011 4.346604 4.170229 15.933592 15.928876 30.016494 21.750159 15.027149 22.661644 24.343725 14.215514 18.776973 19.736205 10.038950 8.253297 13.309978 13.338230 10.280571 6.981983 11.818077 13.229439 12.558985 9.353328 3.805811 5.696376 7.397710
9.171469 1.452278 249.1346 249.1346 0.000000 8.787232 5.590401 10.688485 14.707670 8.302181 3.347644 7.949683 4.039343 5.056266 4.811702 5.279319 2.716260 2.757202 13.403568 17.323919 7.182800 3.594958 6.155572 8.039818 6.291143 9.151171 17.709961 12.939169 15.323794 26.511772 11.399651 18.546193 37.912942 23.318786 5.583910 8.078952 12.302665 9.723711 21.086611 29.553644 21.156354 31.628413 124.216558 161.083248 63.622580 22.539394 19.804066 18.537826 9.699033 10.980828 35.179861 40.809522 59.146041 165.491986 170.611094 52.330297 47.320286 54.810972 42.568140 20.904842 2.404573 9.282451 8.245421 12.202323 12.780572 15.620678 23.590949 73.405889 55.694381 10.797419 18.466003 28.466265 21.016226 7.816143 16.637975 18.241575 19.806800 13.728460 3.278555 6.940402 17.000001 28.887974 30.977630 28.731304 14.461160 13.444833 23.997183 22.512789 21.202612 20.092526 12.804519 10.689851 15.069251 16.844885 11.454692 7.939320 11.701187 10.079553 4.310247 6.055940 8.723364 7.065886 7.939267 9.895716
9.220778 1.478241 249.4496 249.4496 0.000000 6.544132 4.695368 7.558018 9.985535 5.637282 3.079478 4.410219 5.985807 6.349337 2.087438 5.416286 6.333453 5.382799 16.442081 13.370129 5.322144 3.318653 2.965695 4.063948 0.965859 8.140876 15.082610 14.203352 5.797167 29.593526 25.368761 26.968001 39.209647 24.850157 1.615720 8.396669 5.220759 4.779970 11.639803 18.827346 12.820963 23.603978 92.392065 163.788881 100.999871 27.128793 12.416091 6.265002 15.265114 20.196810 17.658675 25.656946 25.191897 131.859858 188.454201 106.449250 34.076994 49.767059 11.908866 23.994104 7.956891 9.222186 10.192795 6.327549 7.196518 12.846171 31.791002 58.354917 69.790897 39.943027 34.690974 34.520131 16.388499 17.897769 4.740378 11.574079 16.242609 15.847172 6.289968 10.826556 32.014490 50.262581 36.664766 14.282645 12.528502 8.077700 11.352256 7.186059 6.911231 11.595178 2.628450 2.164268 9.390976 10.327822 2.233741 7.458894 9.444417 7.204295 6.771570 4.682836 7.231876 3.237791 3.656760 7.495149
9.271425 1.488523 248.3529 248.3529 0.000000 7.479350 1.814670 3.863775 3.128587 2.766488 2.803090 2.675282 4.313518 6.342327 4.013856 3.265489 5.739083 13.494207 17.580570 10.001417 4.740879 3.980321 3.019470 2.124919 2.632545 5.026542 6.464624 8.092503 24.371896 42.397887 27.882761 25.419084 34.170496 20.334303 8.230296 3.939177 2.300813 2.517477 9.304633 3.016373 13.226714 31.271304 108.679278 172.822497 84.618385 23.236504 13.365760 25.635969 19.789545 18.512036 33.042046 53.958412 70.789831 137.467848 178.568131 108.136114 54.518504 41.915288 28.433233 14.147533 10.472812 8.309674 10.526196 9.837226 9.856824 17.489147 29.302339 70.763191 84.465796 49.045357 16.322765 21.639643 23.783816 19.007546 18.962423 19.395270 8.667051 5.788099 34.145718 53.611037 24.784838 3.832056 6.777281 6.084967 3.933783 5.057720 10.074799 9.994854 3.147630 2.433437 3.931921 8.814766 10.958185 13.236336 8.186476 2.660622 6.549684 9.454073 6.567777 5.547916 7.667258 7.753491 6.041821 10.698014
9.320757 1.501681 194.6681 194.6681 0.000000 8.948960 8.720548 5.741569 3.571387 1.896915 3.702966 3.014953 3.276425 6.585540 4.269484 1.716930 3.219750 10.226065 15.619167 12.128042 6.882472 5.160583 5.688778 6.054094 5.768422 3.946976 4.054222 7.046561 21.109215 34.209883 26.914080 32.458553 38.199445 14.273061 10.205437 9.889622 9.181633 8.775865 14.461989 14.873980 9.505585 22.687982 97.553298 200.486439 110.066899 7.226596 8.659261 24.110181 25.008402 27.213935 37.574620 22.233096 26.923125 114.215797 180.669383 97.198136 27.830804 37.489705 35.570119 20.487900 10.749866 8.933807 14.024107 16.530608 10.985553 9.596461 22.268505 68.030877 78.735772 43.779181 12.116328 22.941840 25.163615 19.474706 19.066827 11.301609 20.549420 33.694229 37.263614 24.246992 22.445356 11.659532 13.461252 11.598868 11.758202 16.116162 14.411473 7.462467 3.772236 4.860309 9.306478 10.428961 11.647297 19.559065 15.410954 9.671459 10.969562 8.906105 6.253289 8.026900 7.529355 2.634804 5.560730 12.578245
9.376205 1.515626 199.4274 199.4274 0.000000 6.710156 10.950076 9.135594 2.459344 3.282062 5.855876 3.597343 3.313253 4.851905 3.510363 3.639675 1.756817 3.282097 9.447013 8.061259 7.147750 13.246870 16.485810 18.528552 15.585613 8.388997 3.531107 6.547678 6.175577 15.367337 24.180918 7.531808 21.777854 39.429406 19.562369 5.015901 7.261881 7.726232 11.660213 18.147684 14.462857 6.093476 34.683053 126.636876 206.950485 103.893357 13.899337 17.147123 28.074897 27.932497 31.422505 26.637086 10.995922 29.843993 95.488241 173.693325 105.472642 30.433173 41.125504 11.895328 26.384686 19.267036 12.694871 15.647171 19.135696 15.697252 23.099234 18.406895 31.584429 59.657887 42.918202 23.769726 31.192052 10.258992 7.602701 30.837747 44.805020 45.510527 41.621881 26.071927 15.455078 9.773772 15.554240 14.152404 7.362903 10.653275 16.908726 18.111451 13.911542 5.599602 6.919176 4.685726 12.768528 14.876365 18.513364 22.599126 13.174519 6.347085 6.633164 7.711858 8.875102 6.627140 2.837601 2.480639
9.425639 1.545808 189.3298 189.3298 0.000000 8.276169 4.316499 7.136574 8.294266 10.874083 11.458079 8.248624 6.279052 3.133245 2.078019 3.479260 4.220701 8.366502 14.230854 9.856366 6.812710 13.067332 16.073789 13.235076 6.586003 5.265588 6.923270 8.110700 23.288801 22.511169 12.659317 29.316132 39.761729 18.532808 6.032930 8.192902 9.828782 19.208042 20.258546 3.730624 27.116296 59.094206 199.823212 156.792234 53.742054 34.550364 20.862837 6.313234 11.391440 20.183022 34.479536 36.192547 102.104582 158.506248 87.253766 30.014010 26.622103 23.393735 25.329476 23.141022 34.991585 22.675881 16.496629 24.518043 32.273285 24.564464 30.781141 55.425733 46.682028 21.731066 20.058920 18.720423 31.160557 63.679295 39.366249 10.122149 7.022248 10.711933 7.857269 9.914291 5.161292 11.311894 9.580914 10.460389 13.707371 12.436647 14.120310 12.071226 7.915387 5.336283 17.259765 21.032497 12.899652 7.034465 3.791244 5.561818 4.214001 4.517110 8.401884 11.835860 13.038993 10.257948 6.651189 5.853022
9.471397 1.569075 197.4410 197.4410 0.000000 6.464825 3.340365 5.430519 10.260291 10.149686 10.469662 13.684887 12.277586 6.735344 4.087505 3.880313 5.480937 10.215128 12.473063 12.085943 9.476004 5.510265 6.580189 5.523334 5.377728 10.352333 15.510284 16.109715 15.168242 23.840794 18.149183 15.138243 49.056762 48.934447 21.354749 16.333888 20.697777 20.467520 23.090391 21.815334 16.913655 22.503631 97.074162 207.996862 160.726717 66.416299 38.292588 25.954465 19.924882 12.071660 13.510259 16.807395 24.891192 85.234304 163.985147 104.649141 40.929896 13.752990 11.303999 27.371250 32.049446 28.602630 20.800303 11.494067 10.907440 17.273608 29.248785 33.930432 43.695725 31.144993 24.915593 25.700352 24.001360 32.762960 43.903490 31.671068 10.068749 11.137595 8.850837 12.153875 17.995917 13.385279 7.708877 18.561601 11.476934 9.228921 10.448532 15.100748 12.873786 4.682374 5.362658 8.606786 9.622528 20.431751 28.203429 23.365309 13.944269 8.000868 8.259091 8.625832 8.006777 4.611564 7.319549 10.364586
9.531394 1.575300 198.3868 198.3868 0.000000 1.506728 2.968805 5.954711 5.299797 2.129282 2.184368 7.212807 9.087195 6.247135 3.165500 5.838412 7.844327 8.906657 5.607538 6.734220 6.748092 6.125139 11.328710 11.141537 4.344689 9.991242 15.879878 9.326469 4.406210 12.883974 20.897711 17.293172 30.081633 50.562600 13.285815 28.441712 21.799842 4.375009 6.749199 13.860532 6.405679 25.255696 44.390334 136.192828 237.293753 180.754843 70.415612 36.467646 21.014312 13.658881 25.363684 18.669409 12.680655 37.782057 75.957213 131.633907 108.155248 42.759486 19.897862 15.852046 14.870163 19.242618 14.958560 18.610349 10.260168 17.392940 30.841492 15.845643 33.196959 31.763634 21.432219 19.451636 13.397654 19.975062 14.329564 22.124376 15.445144 14.278993 17.085697 15.134600 13.485897 17.642179 17.560721 19.158838 23.631894 22.367696 22.273887 17.251766 6.857089 6.044639 5.516610 10.289634 4.896355 8.433233 23.891952 28.242109 24.737373 7.940653 8.392888 6.544343 1.050273 2.741684 3.966970 9.350567
9.583239 1.603744 199.9617 199.9617 0.000000 6.376507 7.968970 10.150968 6.462997 2.596481 1.491386 3.006939 3.740904 6.076383 4.326574 5.866659 12.573649 10.406770 3.742374 2.954096 3.122492 10.651755 19.660902 15.746259 7.660672 6.097133 9.130439 4.339746 7.786557 13.633488 10.824880 9.716839 35.677633 52.852114 38.321585 26.905087 16.838847 9.301522 11.002608 19.414326 31.965312 47.594397 25.039800 192.437097 270.725765 91.835319 66.947776 53.211241 21.116187 18.995803 31.576770 34.997056 37.937493 42.407420 90.165140 113.640612 51.828854 20.620354 16.440402 20.677773 20.163593 23.796405 14.857197 3.707844 12.243532 26.188215 27.395902 24.672439 16.371433 13.122652 25.067400 27.148750 12.663079 14.495062 15.492370 16.819713 23.083783 27.578517 28.691491 31.043332 37.902164 19.585642 18.643534 22.659230 15.933313 13.227800 11.597881 4.689823 9.258859 12.712950 13.028058 12.663035 13.520139 10.715902 14.460297 14.743322 11.210778 10.312525 4.571592 2.912822 4.536162 6.852602 7.345178 7.298689
9.631685 1.643897 204.5519 204.5519 0.000000 5.466547 5.854262 8.843052 6.267415 1.943428 3.806742 7.321555 6.925845 2.151025 3.777049 7.147021 11.423272 12.725424 9.061015 3.606276 2.537247 7.136503 13.521952 12.440144 8.558669 6.606686 7.210688 6.355711 9.543259 9.416821 11.552741 17.603266 31.975306 61.428424 58.209451 15.144266 12.470091 13.808941 3.065472 6.549052 16.424978 18.675762 30.078488 53.132848 152.318593 269.480229 148.617512 79.405848 35.024351 19.555750 9.231525 18.071617 19.747186 30.340437 37.223076 65.007194 97.295596 79.266250 41.771600 29.097320 19.157824 9.527625 10.838222 13.483810 5.931322 4.156443 11.494068 8.889900 8.071013 9.607260 14.429447 24.927124 36.266183 37.236765 27.075040 15.725494 6.330465 8.178945 14.638127 6.347161 25.350031 24.977960 33.678335 32.416487 28.968546 14.905789 18.721729 18.899499 12.515863 5.258917 9.604511 8.876915 8.223538 7.222737 5.854002 14.579674 12.182957 6.867559 8.335787 13.423464 9.158203 6.779678 8.855352 4.416887
9.680806 1.667889 213.7862 213.7862 0.000000 1.377180 1.609904 5.554051 6.076445 3.186345 6.304355 10.996988 11.888712 8.921112 4.966005 8.365952 3.534352 6.316130 5.735169 13.652094 14.929406 13.123204 13.835935 16.431356 7.025492 1.780273 7.169557 4.549781 14.821830 13.367815 12.103302 19.433189 15.810248 20.871359 45.243431 37.834937 10.916251 7.846067 11.693942 15.878474 9.898710 11.888162 11.929987 17.084724 24.055870 101.599604 256.197119 259.404091 99.649687 39.743783 19.585342 15.619262 13.801817 8.889532 9.331105 4.648223 12.321113 47.611516 75.594594 74.551516 37.367565 13.675077 9.672967 9.281200 7.789796 12.685964 9.701187 9.075779 8.183587 15.733358 15.494088 28.224063 36.353514 28.604671 36.367963 29.291653 11.773401 9.652672 6.370070 10.029353 18.510751 21.249257 15.397176 16.308156 16.690047 23.130417 29.823107 24.240362 28.308220 28.717812 20.276156 15.151965 18.321706 16.423348 7.353479 7.771873 11.971498 10.394958 5.682452 4.534632 8.409780 14.396360 15.793424 12.398565
9.736105 1.715408 205.6280 205.6280 0.000000 6.796647 3.995954 7.557440 12.305741 11.321891 9.349006 6.840161 10.166458 12.479114 8.553576 7.816025 5.444433 4.076415 10.764753 18.310379 19.321475 25.961332 33.512050 26.284678 13.323909 2.875169 14.221783 21.391103 11.208167 8.434783 13.083033 11.976967 11.426985 27.848049 37.526921 23.329013 21.007902 23.212331 17.959976 8.196347 8.162891 10.640199 15.902941 11.458431 127.334553 313.656383 231.126531 25.803529 39.826921 24.288327 16.164942 5.876925 9.508589 9.743767 15.873772 18.040123 40.028857 59.028929 33.244280 25.248262 18.354531 10.685441 14.813207 24.364085 27.712341 23.884508 21.193273 33.668747 51.651526 53.750995 38.053373 35.563352 30.688318 9.987760 4.375964 7.577606 13.156533 21.360390 27.537564 23.112268 24.547114 36.727101 32.652447 17.112904 15.475242 12.131462 16.904907 22.831296 18.733707 15.959765 19.883061 21.094046 17.656666 4.407874 7.273419 3.946303 2.255306 5.213327 15.060789 11.972598 8.864081 6.827618 4.740013 2.339124
9.783770 1.732181 206.6781 206.6781 0.000000 6.073530 6.363940 10.093517 10.096739 8.737868 6.164182 10.347795 14.603245 9.626681 5.867128 5.915583 5.297595 5.950071 8.947114 10.514217 3.184315 18.087664 27.879112 23.836635 16.540752 18.227945 22.886696 12.886448 6.811851 4.496648 6.316768 8.132004 12.754100 46.209344 57.718885 24.299840 20.112746 31.569487 15.572194 10.611021 11.150032 8.803761 23.071758 48.516920 176.328719 294.540972 174.076651 54.195765 7.741110 15.849136 7.860598 8.408741 3.889952 11.210815 13.163607 29.361133 69.734485 78.568591 46.727602 16.546181 4.636234 9.490323 22.509640 14.371616 29.778298 16.869914 43.136869 42.058459 21.643009 11.870226 12.308747 21.440542 11.874814 5.222131 8.243049 17.869458 21.741028 38.101082 48.617675 46.950102 9.307268 23.124665 8.820796 19.228702 11.035326 8.396064 15.354004 7.327879 12.071157 21.320908 20.814971 9.832080 7.754078 5.354377 2.291854 5.265931 12.939281 19.235622 20.585490 14.347665 9.340897 7.768803 4.927274 3.200977
9.840173 1.695646 214.1847 214.1847 0.000000 2.281415 9.258757 14.007760 10.231939 11.002174 11.936477 9.307963 7.958613 10.000891 8.602849 2.127562 3.442396 9.154271 9.214308 7.708884 9.434969 6.547511 8.396158 7.697189 5.679021 10.293506 20.236782 22.187035 11.457973 4.540327 3.411176 4.661836 2.626749 4.233690 42.003751 62.835186 18.291172 31.106333 30.798771 22.592789 25.552003 20.998817 19.483827 28.491734 43.823641 66.034459 206.229782 298.559293 142.474051 34.046709 32.979843 13.107574 4.883202 5.712259 10.700293 7.732919 4.426594 16.021123 55.710016 87.078939 46.333205 17.159528 14.342207 12.559754 12.190325 16.444180 36.776766 49.178921 26.269960 18.768429 8.764415 6.238950 4.539587 10.997093 19.915957 14.275964 4.370663 7.045860 32.277199 50.374516 24.108425 32.403460 40.262204 31.786052 25.009155 20.219970 22.367446 19.847661 18.047884 16.797704 16.505228 21.819151 16.336599 8.978331 9.878369 7.513098 7.695816 6.672891 6.849509 5.990214 7.740382 15.006814 14.566829 6.509872
9.893059 1.665778 211.0139 211.0139 0.000000 4.489655 8.208647 8.140511 8.923282 10.503511 6.389980 2.219265 4.481709 10.613680 9.036615 7.003535 8.147542 4.962621 13.002265 12.041672 2.803515 9.602112 13.019744 10.032274 6.325110 9.848256 13.938212 12.406785 8.686787 9.078231 12.996862 15.928538 16.774209 35.189395 65.981546 44.258583 34.893171 27.193699 20.159432 17.448741 11.691833 14.322061 21.687746 42.525189 49.737278 198.024745 259.949939 110.790498 29.140973 13.633538 15.421152 21.949417 18.953990 6.345929 5.860278 6.667175 32.759490 93.015338 85.446740 31.427328 10.752176 8.710429 16.747566 32.512844 48.430391 38.873313 26.293582 19.697572 9.312682 11.885300 10.539956 12.720757 25.503578 23.623585 11.090544 28.718327 45.060363 37.402189 27.377656 6.288041 26.418921 18.630719 12.995580 11.752416 9.509717 10.292601 10.381961 15.041354 20.815390 12.593055 9.132727 6.316909 5.763324 3.849296 8.778213 3.971262 8.104373 5.852582 5.364186 11.404894 9.735739 6.776241 7.529398 4.372942
9.940918 1.580870 223.1578 223.1578 0.000000 4.862821 1.081650 2.362770 2.094432 1.935873 6.441502 4.853543 7.180094 14.882319 14.312334 5.784070 6.577598 3.802844 5.408025 13.463662 14.746502 7.305563 2.396959 12.516710 11.587947 3.380770 4.673835 6.796602 4.180947 4.147001 14.541502 23.600620 30.265134 23.190073 9.574924 26.754833 48.388733 33.880463 24.881885 40.858854 17.585515 4.654924 10.107181 16.091069 17.346975 18.287745 22.520755 106.246481 242.668692 194.695012 51.635325 19.144890 33.061161 31.923436 24.808571 16.740832 14.885987 16.792107 14.106274 36.784758 97.012329 94.604567 40.342578 23.335495 30.436803 38.165571 37.277517 28.402000 13.861464 20.472563 25.895160 19.268676 23.792648 25.192130 11.720445 16.678878 36.629396 35.268510 23.948141 25.591899 26.495164 16.359243 26.671817 27.895486 16.697515 8.193841 9.567119 8.901228 4.756349 4.694624 7.146421 12.417233 15.231523 10.515029 5.178641 8.915358 8.102826 6.675453 8.420324 11.798476 13.708949 11.398658 4.322350 4.583298
9.996386 1.513911 215.4808 215.4808 0.000000 4.514498 4.480106 7.101345 6.587181 4.290252 2.629222 9.162337 10.894360 13.891976 14.134393 7.223577 4.322486 2.793669 5.753173 11.042667 11.053516 9.548430 8.699929 8.455294 8.800512 10.733956 14.093469 13.806023 10.217427 10.176689 10.240915 16.963651 24.166532 16.731031 13.234783 28.874257 21.121908 34.371686 56.079607 38.529923 14.420154 13.222858 10.519133 6.890258 20.385967 15.717669 45.683247 219.891961 230.408616 56.954686 36.338772 39.221545 19.624274 19.085808 3.577898 9.775687 15.727296 23.969730 19.654847 82.888616 108.287918 61.027718 42.414989 44.144774 28.610078 24.887750 10.675173 13.771971 16.848716 20.448873 15.643556 23.887145 26.492398 15.730822 25.773675 36.951581 22.446552 6.559053 7.391276 10.319212 18.026780 27.904317 24.283946 8.286422 14.224799 23.741264 18.613151 6.862845 5.385938 7.152159 10.439097 12.750849 7.473739 13.409813 18.503024 12.084218 1.668046 4.856376 7.347420 8.385799 10.377031 7.044560 3.966316 14.234510
10.041218 1.462860 215.7813 215.7813 0.000000 6.547088 10.553228 5.860331 9.155154 10.736771 7.913989 7.110853 4.399572 6.526053 11.365602 11.739876 10.020010 7.437535 6.556564 4.836202 4.056691 5.215666 7.555296 7.721195 8.052569 16.311756 19.450172 12.418639 10.324268 9.367319 10.715429 11.305201 8.764981 9.456135 10.279031 23.358474 29.249773 40.435641 56.206739 35.287917 14.961150 12.727118 9.296500 3.134888 11.226841 27.469598 87.572733 223.812302 172.986024 56.489257 43.272686 21.950800 13.189695 11.565620 13.608353 12.877955 13.598052 21.718754 42.501109 95.884206 77.663259 32.651379 56.313806 25.740658 10.452687 19.926569 24.033157 9.578274 7.225182 17.725043 17.182926 22.936302 26.164458 15.803522 23.808060 35.824826 27.339643 15.232452 7.765815 2.034403 11.186599 16.243278 11.137140 9.748355 17.766603 23.267406 19.351089 11.202351 3.844023 8.359436 19.367981 18.644189 7.411844 14.384196 19.140761 11.019115 4.393252 3.853635 5.586914 4.200570 5.002408 6.313117 10.396256 16.427555
10.096640 1.436084 230.1469 230.1469 0.000000 6.677801 11.600022 11.313954 12.445063 12.230221 7.054644 2.533627 2.732657 4.314529 3.365856 2.490617 8.260923 8.819060 4.261169 4.259195 5.526244 5.747950 6.265642 9.528126 12.143890 13.522977 22.317146 27.226146 21.400543 18.321084 17.554474 15.048836 11.438482 5.640417 2.666169 8.226972 24.984607 31.627970 19.423439 39.381709 44.582040 12.881926 5.784749 7.493052 15.218744 14.763420 10.401965 39.278337 83.517749 192.741662 203.458545 99.557334 46.810675 21.956933 26.982076 8.980172 5.790655 15.074130 15.895693 19.367649 43.244817 65.637495 91.177517 85.884951 42.423436 22.794393 11.129074 11.338485 19.913254 20.602492 15.577382 20.277313 28.220492 25.887936 22.522369 14.830855 5.433195 12.379901 20.862741 21.736502 21.078515 17.267322 8.421140 7.530036 17.452324 20.345273 15.156314 15.802709 17.698562 6.324445 9.652460 7.254595 9.123016 17.242651 21.304793 13.698223 13.407166 8.460272 10.868040 6.784030 3.393560 5.589700 8.234841 11.381333
10.144216 1.432224 224.7798 224.7798 0.000000 2.367454 8.973850 12.175751 9.496659 3.811390 4.075578 2.237695 1.275469 3.332184 3.765543 3.539186 8.627826 8.731840 6.669769 3.338677 6.699213 3.597381 4.621019 3.606459 15.440872 17.374120 18.394784 25.652657 2.583647 22.935495 11.213251 15.811729 11.921399 8.859929 13.019378 27.231947 30.405165 30.452439 13.405081 48.233949 54.230036 28.888004 16.589730 16.507444 20.657351 27.585162 13.122731 10.614546 92.762422 205.554640 188.651579 56.305309 62.023628 56.288318 18.898780 9.894486 9.824508 11.622637 26.086505 11.274135 16.107394 60.448926 116.201103 83.312721 41.027746 6.222464 8.377298 11.373757 12.633553 24.339576 38.104054 14.644863 4.744498 13.187125 17.183493 14.908519 20.842591 15.688164 15.824560 13.257045 10.188191 14.291459 26.014089 30.491378 21.547988 12.843787 10.770399 11.110724 7.321503 7.856172 13.783509 8.004499 12.158846 7.925767 10.316989 12.229016 13.326690 9.288364 10.107595 8.432832 10.508662 12.849862 8.465233 8.696252
10.191326 1.466990 235.4280 235.4280 0.000000 7.458083 12.009450 5.137720 3.327175 5.595525 5.059077 1.733411 0.837299 3.858974 6.556496 4.921252 5.088035 4.003494 3.262417 6.151805 9.134102 8.827663 7.141252 7.298627 6.507547 8.267353 12.925353 18.756500 20.953837 19.623476 22.470755 22.207750 18.286041 16.043325 15.663815 18.710177 13.986122 6.648807 16.853562 24.319294 61.610400 77.101441 43.805495 29.409513 12.103837 12.523981 28.087999 35.570672 61.875749 45.836835 149.376576 218.278005 126.517415 96.589074 76.816333 41.763868 17.303193 19.293088 27.505592 27.209939 14.232567 13.635907 15.282272 75.193966 111.477885 80.670832 38.368966 14.873642 14.810358 29.083863 38.019536 33.538108 25.492838 18.982279 13.726798 13.228556 12.833412 15.636003 14.477380 15.884419 12.703892 2.957293 8.140163 17.658979 22.921458 23.845671 8.633128 21.206401 18.993488 12.570251 7.876384 10.557003 14.006161 13.732320 15.721687 15.711638 4.221232 15.992865 15.022797 12.903070 13.013140 12.840452 12.673652 9.759384
10.240813 1.481828 218.8337 218.8337 0.000000 7.310713 10.866286 7.997223 2.719552 6.558991 8.218606 6.192740 4.937308 7.064070 6.467543 2.618289 3.156217 3.598342 4.412876 8.495071 5.532258 2.889141 4.409513 5.145171 9.781158 13.994263 17.233136 8.284221 6.551209 13.157662 11.944630 14.359675 11.727777 15.248565 10.584590 6.589471 17.026781 18.215246 73.324839 86.179932 21.351619 38.422034 35.375182 14.252102 20.222509 57.920785 74.483584 100.559440 195.821082 148.685936 46.999576 68.072511 33.923592 29.341724 25.787072 40.271517 36.199821 15.001821 9.586301 29.484084 79.506188 83.435647 40.623563 44.441908 37.483272 37.212497 38.216305 31.771861 13.133543 28.563016 33.778163 13.971104 4.756612 3.112843 4.278601 7.075907 16.399073 12.728970 14.567990 9.210862 8.499545 16.567138 32.623815 33.254434 21.999716 10.916982 9.420918 8.999913 10.541624 7.694326 13.437876 19.990404 20.233687 10.681121 5.028092 3.904084 5.441298 3.113360 6.655263 6.447740 4.486320 5.161461 6.724296 13.999154
10.291442 1.471829 224.0732 224.0732 0.000000 5.972275 11.357143 13.567192 8.126589 3.197826 9.198879 9.803109 4.943175 3.382022 10.254712 8.945007 8.410212 7.028626 5.113346 9.065517 9.023702 4.417365 3.516289 8.160050 12.180375 10.259452 17.138441 21.137210 12.118788 7.105658 14.472905 21.300548 23.714971 20.093958 8.835814 7.207284 14.900782 28.606042 61.810950 86.965373 29.049027 43.792115 56.018573 35.855288 24.791245 55.833689 64.564729 64.782306 155.601040 164.002665 67.921310 89.135438 96.287914 52.617927 27.990385 29.600248 27.380108 19.443909 8.554907 19.021663 59.547447 79.009865 41.333284 42.220990 76.486880 47.142319 21.105599 11.915149 14.667449 26.913589 31.864648 19.740561 6.707360 3.128662 6.555354 3.180516 16.406607 19.404890 8.615547 25.617256 18.775920 17.820622 25.197693 21.416435 11.422259 6.727771 8.883439 18.537860 16.472122 9.927076 8.358385 16.792570 18.222160 8.637579 3.669801 4.613760 5.403785 7.059380 9.122069 7.860544 4.851222 5.194369 7.511690 13.518687
10.349234 1.492043 223.5691 223.5691 0.000000 11.258104 10.746034 8.505149 6.998088 5.909682 9.225184 5.058184 3.181904 10.331327 15.431386 10.307225 11.143255 10.876413 7.012714 7.117021 9.112269 7.097411 5.269839 10.075756 11.356596 10.035023 26.991541 25.500401 10.477456 7.709380 10.939761 11.844736 12.055349 12.633824 7.440078 8.810848 6.913174 18.442392 53.060578 92.853377 81.090063 26.042065 22.063082 27.967104 29.002762 44.011722 64.320797 59.305626 125.181411 182.847282 147.583487 86.605142 48.300692 18.492360 6.717170 5.800628 9.123356 14.977508 15.118710 34.522882 40.541412 73.792771 114.771285 90.413532 27.978062 18.666654 20.728450 15.101245 20.158567 15.054406 5.832737 11.694189 9.751280 10.617369 18.439555 24.525550 26.349640 28.267016 27.445183 18.542859 12.367797 16.095400 9.659248 11.336004 12.761847 20.457117 9.172461 8.425903 14.250714 16.893927 8.613094 4.403900 3.064968 3.635883 5.078522 4.453995 5.864948 8.742582 7.074272 5.582072 3.535394 11.654810 4.582051 5.321321
10.395999 1.513168 223.8271 223.8271 0.000000 9.286273 3.137697 1.976643 5.493772 6.834725 8.648163 4.845896 4.722920 11.351486 15.230202 11.999884 14.232710 18.020605 11.753125 7.265484 6.114389 17.063526 19.353998 20.521430 16.752378 11.660513 12.872890 24.693673 10.129926 6.542428 8.789658 11.015180 5.860250 7.427082 15.801195 14.885650 19.347977 25.119686 57.874059 123.682134 98.547476 29.184146 11.407088 18.160681 11.447216 4.887026 31.391015 31.144072 81.985399 212.087444 149.120162 36.175518 37.077882 27.943809 10.699343 4.280456 7.871257 10.903667 5.872401 15.603532 24.838439 90.610271 124.825771 53.443984 12.900425 6.829455 30.203500 32.277211 22.246663 12.767403 9.735474 8.991838 7.119842 6.177400 12.349032 14.160648 13.011819 20.004254 16.445666 25.483747 19.468403 11.877467 6.900224 13.480858 20.450933 16.521364 9.036917 9.752105 13.564894 21.084465 14.074048 9.255411 8.959716 11.988626 12.952290 7.669802 4.368380 6.244886 4.260631 2.025760 6.074795 10.020145 7.826420 6.727077
10.450407 1.500060 236.7049 236.7049 0.000000 8.737387 3.547130 3.006843 3.426856 6.004436 5.603784 6.066617 7.950468 3.008102 8.535316 7.784945 7.325134 11.978770 13.246681 10.949156 13.142932 16.616856 18.723012 16.946874 14.616169 12.511028 10.436584 18.080374 21.099151 11.264529 11.849534 13.302071 9.620726 11.891480 13.847050 17.349464 13.168235 9.571338 22.257729 37.412044 92.000589 121.428590 66.019744 39.346994 33.199336 19.390432 16.335141 22.783666 39.248069 60.734327 139.273174 199.658630 109.073970 73.243379 73.929374 37.007233 10.319529 7.549986 14.505781 15.283506 7.285594 18.315648 39.236719 68.480294 100.751382 43.593181 29.377997 23.065807 30.413346 19.740756 12.457345 5.267684 5.225076 6.904874 10.530505 12.207962 2.495451 4.929915 2.042990 19.193057 34.000754 32.548003 23.170102 9.341016 6.887816 9.309542 8.673147 8.436810 14.104538 14.376202 28.138197 28.279680 12.508453 8.759416 6.426850 6.096557 12.535990 15.148454 12.256412 7.614417 5.882148 3.481340 2.670814 7.244179
10.500795 1.488182 232.7417 232.7417 0.000000 15.748135 10.940116 4.467236 3.702457 2.588035 5.926212 7.610743 8.572542 7.288273 5.799070 3.061797 3.804701 4.264567 2.656086 5.830828 11.258832 8.299074 3.841781 1.767991 2.617881 3.984360 10.601984 28.185818 22.448838 17.936166 18.252760 10.015909 10.776333 11.995738 8.200566 13.566541 6.157997 7.858847 13.433212 50.431399 124.757940 101.211183 55.098081 58.395886 29.901569 22.438872 24.183598 42.423214 58.913313 76.786349 163.928101 145.773188 93.938898 107.401455 64.457162 19.977389 7.596129 15.264926 22.636490 12.686496 19.722755 26.348290 41.225489 87.521586 62.716980 36.910626 46.665639 20.587298 6.915772 3.560131 5.246842 3.401515 12.692620 20.694207 10.175007 6.693487 7.434757 11.510037 30.360430 27.857106 11.581954 13.445875 9.768386 15.090374 17.165854 6.815819 6.013642 14.201207 27.452452 35.032275 23.683514 11.012947 4.967107 4.882075 9.932329 3.615430 9.459470 4.797202 6.503558 5.085518 3.465612 7.780018 7.648665 7.514676
10.551409 1.504461 235.1975 235.1975 0.000000 13.713651 7.976103 4.205019 2.861107 7.453479 9.415361 6.207285 4.568232 2.791805 7.232318 9.651940 7.268112 3.971879 5.164259 6.754662 8.055498 5.802366 4.758071 5.919569 6.639115 6.326044 12.220668 29.155100 36.219001 18.999908 12.061852 14.051003 11.191252 11.477010 14.159461 16.128709 10.441169 6.323215 10.799754 27.997647 75.074259 110.875469 79.074966 65.601920 39.835429 23.575692 11.218981 33.347605 63.848833 61.858461 78.219509 174.220224 139.588172 127.268358 83.506379 62.769670 18.975854 9.855462 25.803524 31.725004 10.918752 14.184395 25.258789 48.692510 59.671469 53.176968 45.237393 40.216313 15.908818 13.290733 5.850527 3.177537 12.091981 22.531469 23.753875 21.284876 23.381767 21.301772 21.542379 26.515773 25.019855 13.602588 10.626849 22.112275 29.686540 22.797058 12.136867 4.972384 4.711211 13.163917 23.164138 9.913989 9.547791 5.277261 6.741943 9.371218 14.837105 12.969771 3.815258 4.391275 11.174655 12.464476 4.949624 3.062085
10.601617 1.458208 244.2692 244.2692 0.000000 9.140060 5.695172 4.110844 6.329620 8.467980 4.676953 5.119018 4.749751 6.802010 4.030561 8.066854 11.908906 9.845508 11.301401 9.980059 3.104650 2.972892 5.455033 6.232951 7.692782 10.178760 5.901513 11.767541 27.753992 35.259093 13.084193 15.893289 33.873432 27.394024 12.832323 18.666634 22.978033 8.761281 11.336916 11.619511 13.897200 38.520341 137.415088 130.223924 43.552908 22.990940 20.232811 5.504152 25.031545 27.211773 40.144576 54.446271 99.964766 204.705366 129.372544 45.220676 71.147550 43.291264 14.446777 26.252464 35.129493 29.675199 16.624664 13.965068 6.948852 19.658874 51.079161 71.324896 36.927971 17.431407 23.293912 13.207456 5.794538 13.783288 20.851619 11.860617 11.524372 22.524053 40.509619 32.076070 11.752863 15.925214 14.040551 22.414874 27.857341 28.617124 14.033978 9.941824 7.288681 5.455406 5.977958 13.021867 15.276246 14.402404 12.973858 9.494259 7.592246 8.985712 16.732730 15.937577 6.448259 4.836769 14.508520 13.732270
10.653878 1.487430 244.2933 244.2933 0.000000 5.302784 1.827723 5.513546 9.350428 7.189000 2.732251 3.256955 4.793931 6.241688 7.576811 10.945385 7.922600 3.397515 10.263276 7.837720 1.530428 3.761716 2.423268 6.265031 6.553443 7.510615 6.105204 7.313546 15.578984 37.359636 38.404848 45.399044 46.795649 23.104200 12.892926 13.830012 17.723644 25.543268 24.251937 11.759975 17.676631 59.210815 148.901612 115.698148 28.721374 23.633536 26.222204 37.269347 23.673333 12.398860 28.390194 61.385534 115.621946 202.703608 117.291218 46.987399 54.383765 48.795505 36.404584 15.055499 15.041006 30.463352 30.958382 12.337337 10.260670 25.739904 58.984913 62.025192 18.892908 21.109926 28.141235 20.228789 7.332143 12.592031 14.995463 11.619903 15.226314 23.755554 32.667283 32.224230 34.829493 24.374787 17.818455 14.454900 14.522501 22.205763 18.254752 16.108482 16.039579 13.865034 12.481827 14.024154 8.266913 15.492871 13.131314 15.454239 12.813233 5.660978 10.036291 14.541029 13.785072 12.350100 15.622232 9.760109
10.700791 1.496371 242.1366 242.1366 0.000000 3.753848 1.074813 3.885521 5.571431 3.763386 3.089061 2.189981 3.661710 3.257481 8.938100 8.468428 7.128714 4.860522 6.250141 6.568945 2.758460 7.649775 12.731035 15.517543 13.601858 6.803588 5.518476 7.250694 24.415677 23.913731 19.079634 43.328190 34.529239 14.101133 15.811159 13.114311 16.090474 27.187716 23.813050 22.638334 40.068465 82.209121 136.135032 120.153652 64.479064 40.510245 35.647644 40.778186 32.709051 26.464498 33.703988 65.392076 144.131368 179.369998 116.592132 44.113898 19.755943 25.250250 24.729231 13.731394 17.591896 31.361159 22.334844 10.530972 20.525915 33.231263 54.963271 50.814871 22.234000 27.014074 21.628124 8.414001 14.784151 20.860286 17.549632 25.001175 24.464414 17.957108 10.187600 31.126884 27.835301 9.539104 7.527052 5.998393 9.144639 16.280030 28.155804 30.321094 22.620238 18.126481 16.381218 10.195286 22.567828 17.320270 15.681327 9.565356 12.752571 7.594731 7.259083 12.297198 4.349651 15.080109 13.509316 8.882576
10.751385 1.473637 252.4726 252.4726 0.000000 4.556862 1.512676 1.380888 2.348651 1.291249 1.239845 1.027580 5.433297 10.192065 10.767360 5.560928 4.977123 8.958416 11.873636 12.374632 9.860229 10.162502 11.783587 10.225997 13.073267 17.057421 12.315691 7.280023 15.003926 27.689688 25.899555 11.467410 30.235370 31.933193 21.096461 22.916846 17.977383 15.428746 17.994805 11.669884 17.970788 22.934747 55.036865 151.250006 165.132641 83.071054 21.934050 11.005409 19.376518 23.773956 20.603467 14.944106 23.705907 61.235961 151.242339 173.488585 92.453920 35.434253 20.222182 14.903493 14.913046 19.531054 22.340124 23.311808 16.423132 12.020610 10.759070 15.103361 42.940913 54.985624 36.387578 22.495963 13.348161 9.760743 19.967362 27.315153 20.216085 13.859848 14.376996 14.040197 14.934796 20.648711 23.664024 13.425710 10.372281 10.869344 11.744277 12.457131 13.513708 20.110353 7.468847 5.210363 13.627105 17.905292 31.860135 30.013086 16.824759 10.474267 12.987929 9.900922 4.972462 9.960562 12.728019 13.128089
10.803375 1.477224 246.2024 246.2024 0.000000 6.864197 6.092503 5.914875 6.271177 4.877091 4.723550 6.843073 9.569555 8.093842 6.022647 3.615588 4.284403 7.219375 10.767993 6.312569 6.358449 2.840836 2.623247 5.970429 10.509841 12.865092 7.751850 3.289027 15.016793 27.328939 19.140129 22.254772 34.690576 22.363144 15.556391 17.133668 13.765259 10.498576 11.006846 16.573925 17.683618 62.573529 158.717936 150.670445 57.050251 20.259422 11.669576 6.313843 6.606696 6.238847 11.262315 20.615916 75.032999 176.116161 125.332141 59.164046 45.578315 16.769452 3.329393 9.065342 6.850744 11.230949 11.796083 19.499466 19.385140 7.337751 24.890153 60.867533 26.331995 19.768657 0.916155 10.713718 13.270980 16.168767 16.825533 15.525739 26.423466 29.028147 17.046620 11.454114 23.014366 18.463239 4.824551 19.556515 24.516545 19.744206 13.830102 10.565416 6.364943 5.992014 10.513555 23.495557 26.027429 15.310259 12.446559 11.358522 5.050049 6.236080 8.150600 6.739369 5.710929 8.369526 9.571274 8.931697
10.851325 1.478067 254.3145 254.3145 0.000000 7.460849 8.689468 6.763320 6.828694 8.480683 4.783256 5.939788 6.407539 3.746441 3.518368 4.504546 2.383443 2.439017 8.586614 9.728804 9.407603 8.208623 8.449565 8.948989 3.909225 4.119639 5.582051 4.445912 6.651346 24.737910 25.231704 19.583095 48.092617 51.356000 18.301400 15.887942 23.321880 9.731587 13.356532 18.262900 25.047720 34.125313 46.266333 162.505236 158.750350 52.678951 7.936837 17.264806 16.146301 23.551789 24.733678 23.869970 13.142669 69.751120 171.538280 165.664770 64.923211 12.464006 21.896353 10.320090 8.063893 6.701396 13.155462 11.276462 16.058336 14.739570 6.536570 25.732790 58.895374 56.088362 27.651513 16.447633 19.038910 14.664633 9.952270 17.552200 15.957412 25.422061 32.312140 13.556669 5.981233 20.242258 28.290243 17.494759 9.041457 17.880381 23.186381 21.810378 21.210033 23.270659 13.240576 8.209901 7.544625 12.613271 16.575063 14.407310 7.977314 4.303228 6.964025 5.879286 7.780445 11.116028 7.318907 5.155828
10.903266 1.513442 201.9530 201.9530 0.000000 4.273494 2.431466 6.116752 6.145995 7.131778 2.430155 2.433119 3.939829 2.938951 7.325792 7.620550 6.981343 5.798136 8.879554 9.446163 10.690994 9.123043 9.711512 11.939167 8.511661 6.331949 5.648621 3.451382 5.734922 12.832482 22.848274 8.952180 36.684465 60.852138 39.705833 17.232414 24.654527 31.193802 22.290438 14.411826 16.756507 14.438731 25.890064 85.250514 172.753253 144.283672 54.548889 23.454306 34.377512 35.239945 25.254491 37.656859 49.794951 32.527958 71.062290 154.762338 145.682037 59.413992 17.966865 23.972307 19.057044 12.059769 18.476262 24.673143 18.295226 15.290731 21.808622 19.373279 27.606270 45.196661 49.100913 30.201203 17.857910 19.227411 10.549102 15.196965 28.028712 32.580081 27.834651 16.068855 14.433262 15.719588 21.166022 18.743981 29.531052 20.420139 11.661772 16.311447 29.463690 33.599917 28.245620 18.078126 16.628642 17.090398 13.193506 14.554149 8.276484 4.387925 6.352148 11.515864 7.747662 3.535601 13.968652 15.829447
10.951322 1.553984 199.0342 199.0342 0.000000 6.484557 8.106373 10.488686 5.619075 4.780483 3.213434 3.010559 3.324563 6.298282 7.902950 5.251706 8.996121 8.287804 2.739078 2.872416 4.147729 2.192362 6.163702 12.395455 13.616833 10.852653 6.575121 1.909102 4.416491 18.846888 28.083037 22.822368 47.924880 41.168372 13.380863 19.883844 21.846816 25.422614 22.989487 24.621758 29.876060 24.944119 55.639171 192.630703 195.664696 88.866236 36.038012 26.266817 39.394331 49.094660 60.356567 50.082078 47.982752 73.201063 121.629917 112.952910 60.117484 36.254820 27.108588 23.038717 26.901398 20.500509 20.036676 31.974185 37.347836 36.849598 12.240251 23.199805 40.119321 33.831011 6.438461 11.964701 17.182774 9.726838 29.184532 21.366461 5.406788 14.419139 22.212259 18.152774 27.409509 41.753897 34.222578 15.075253 11.482401 18.110512 15.364773 17.491438 19.504366 23.369289 20.733203 16.120133 8.480293 7.214680 12.677944 19.285539 12.911034 6.185928 10.952704 13.253572 10.316602 8.873279 4.284856 4.440487
11.000846 1.590947 203.8924 203.8924 0.000000 6.485311 7.200657 8.657983 10.255677 9.346342 7.246693 1.126206 2.966743 5.127434 8.775102 7.933667 8.762005 6.170367 2.819797 2.755514 7.903512 8.598229 5.703563 6.177193 9.047905 5.433859 8.047938 2.151879 3.677161 10.305835 23.687827 14.168681 14.727527 47.371376 39.894173 9.686180 7.478666 11.394104 25.722603 22.493762 11.272322 23.467243 14.762334 42.049780 178.117907 243.702665 109.337390 13.748647 28.588702 35.636687 34.785059 29.491433 23.071120 11.426620 15.391070 67.347595 143.296954 100.542817 20.540445 19.921086 7.374288 9.046209 15.330087 18.411090 22.742742 20.826290 18.441421 29.478095 22.926391 19.295389 34.649792 33.508574 15.531211 14.963554 24.657754 24.769845 17.703764 13.801085 23.883051 31.344939 23.120778 22.248134 34.330869 30.401797 17.522796 15.048967 19.972640 17.252073 14.648665 19.183023 26.580322 22.250678 12.725217 10.752971 6.436291 7.627617 20.543799 26.051279 11.757795 2.994960 6.171900 7.355738 6.173337 5.591467
11.056701 1.626038 195.0393 195.0393 0.000000 3.908990 5.594877 7.557975 10.948462 11.069062 5.918600 2.928794 7.673514 6.517274 3.244592 3.589297 4.384660 3.898462 7.480046 7.410007 8.276753 13.062772 8.954357 9.702995 9.331779 8.999818 3.431207 9.426851 12.885093 16.554620 25.682315 38.312123 62.313343 51.693587 24.504186 18.534283 18.553487 21.326151 21.610948 16.865373 11.239228 18.294379 92.066206 254.727535 190.455066 43.607826 14.299717 26.079437 10.258922 10.342618 14.143322 18.576372 26.791370 82.594590 143.773221 103.997878 30.192289 15.652074 12.991922 17.223727 16.429897 11.727680 22.564045 16.795757 6.605582 14.102722 18.965129 31.731626 37.392681 21.901876 24.383056 37.781327 20.648114 7.567120 14.962612 34.880773 37.595987 17.201914 16.601946 14.769948 5.774888 14.016360 27.417234 19.120568 11.411538 7.936747 13.935336 15.862600 16.313961 12.715147 5.408850 6.148509 17.928065 25.478162 19.088372 10.055433 5.301943 10.386038 12.646826 7.932059 8.747997 2.935864 5.336828 2.686860
11.103749 1.621865 198.9521 198.9521 0.000000 3.589439 8.097623 8.651889 2.284260 6.070706 6.828975 7.469005 8.108283 9.484039 9.801333 8.954766 6.919558 6.663870 15.923042 18.286389 14.658904 12.658771 17.637075 7.780856 9.872171 17.043308 15.655719 13.536983 12.966117 21.698325 28.799131 24.166345 49.797540 57.247139 27.088837 18.780462 7.762393 11.681726 10.470194 10.136511 12.923879 12.275917 62.946849 171.650646 251.008783 132.191501 53.917580 22.360236 11.902452 10.967447 9.368223 14.888069 37.289055 49.266696 94.479530 122.393660 62.942769 19.692147 12.302736 24.336583 16.370505 10.501668 18.592820 14.977965 5.113812 2.405482 9.448154 12.788989 24.359424 41.033778 53.754043 43.881279 21.984892 11.105160 19.318445 23.234687 25.547903 12.354179 3.143934 12.009329 19.538039 35.506780 32.054606 19.344515 14.178599 14.462089 8.122104 3.746538 7.484779 10.800544 8.072406 4.066081 10.006597 15.402349 9.646604 15.314740 11.422752 11.393585 11.796669 13.307739 9.081677 4.622278 2.104782 1.645634
11.160905 1.665909 205.1342 205.1342 0.000000 1.299659 6.285683 9.218783 10.962944 8.569665 8.061973 7.771808 7.099292 7.440316 10.410818 9.149294 7.068099 7.955332 16.270198 18.787722 17.172976 16.273205 17.258139 15.817848 8.879130 11.379183 13.903564 9.561810 5.118902 11.913694 20.329816 12.701137 14.524636 48.453802 65.453486 38.274775 21.700822 8.937142 9.579902 6.007960 17.697885 29.879512 31.502818 7.673499 77.803543 278.078019 237.959917 23.821062 35.008165 23.000056 25.443003 15.465391 8.228837 10.051181 25.723192 29.833788 72.076666 107.666573 56.788387 12.032669 16.358850 15.612465 14.898245 8.487691 9.899293 12.233538 10.470292 5.486545 15.237605 31.342327 42.334589 43.243050 39.941750 31.129609 31.876568 27.368442 18.944537 10.611808 15.166349 14.460394 18.486083 31.129425 43.648556 40.350213 10.815734 18.152737 10.550750 15.630866 6.479308 13.549224 10.927479 6.972618 4.828806 7.256944 1.711250 5.609997 10.502598 15.313789 20.360928 14.407453 3.047318 4.474133 8.992087 6.475736
11.211318 1.690135 203.8510 203.8510 0.000000 5.547991 8.890291 4.992977 13.516577 13.230504 5.065494 3.327775 8.642632 8.698763 4.835948 4.600582 5.397481 8.497787 10.902502 6.136474 14.034980 22.481666 29.259662 14.584279 8.017311 3.671559 8.301975 11.052638 10.604828 14.597419 10.673800 9.352015 28.311433 54.303222 35.000494 21.658905 22.161323 13.974227 2.436854 17.521482 41.508900 28.688891 13.991034 82.174592 231.814198 263.187105 107.747840 41.085613 38.894698 31.202168 19.906526 17.014903 16.254705 17.677269 20.268920 63.020515 88.153293 49.052983 31.921042 11.376214 19.693204 18.149392 7.682395 7.723573 17.190431 20.922779 24.041022 41.718429 45.473989 19.000065 14.046292 18.435503 23.614121 17.093036 4.380408 18.210506 17.439573 4.144977 24.815658 45.793454 26.308549 27.959435 17.628173 12.038235 20.353590 24.932895 22.040854 9.595361 6.862102 10.346659 11.967378 11.284148 6.292386 9.757159 16.554579 10.578171 11.177184 15.929549 14.032798 11.527430 6.141147 5.311675 4.539763 5.123073
11.260830 1.701674 207.2068 207.2068 0.000000 7.405068 12.385336 11.224207 7.209636 11.095111 5.809264 2.576540 5.659332 6.388312 6.497415 3.925430 3.250510 3.785779 4.482581 11.259209 12.834904 9.900307 23.120825 26.924919 11.019779 6.671613 4.453247 13.891934 16.443940 9.126909 2.029592 5.567636 8.635620 19.963825 57.597088 36.532127 11.170982 23.033900 12.542035 13.257594 27.911613 28.673855 19.430965 16.434535 54.694202 204.677666 285.703972 161.904900 34.256314 17.752158 20.775665 19.365704 17.360566 12.119110 12.813343 18.391367 20.191136 70.178301 91.873553 34.337484 6.481544 12.440328 18.269700 21.385595 19.965039 15.756140 16.662227 23.805070 31.185981 43.285338 18.760227 8.121733 19.100661 20.639960 10.088443 9.106633 14.090711 13.637911 10.457866 19.110116 47.878509 37.659146 26.796187 12.955946 3.207796 7.378864 30.042393 31.993627 22.488018 13.967282 10.461544 7.483092 14.154613 12.289849 7.148369 9.665455 6.032584 3.351475 9.461918 18.711313 16.027471 5.982696 4.005404 3.938391
11.314054 1.707550 215.6457 215.6457 0.000000 2.765672 10.411585 13.022190 10.562596 8.532665 1.437565 4.998393 5.412444 3.691852 5.585603 7.379822 6.534998 3.913306 4.819753 13.044962 16.685690 10.292481 13.031996 20.364286 15.460122 12.254003 13.373451 17.531567 17.123554 7.331576 5.305771 10.763554 10.828093 13.605794 44.412948 58.950224 31.198547 22.194265 17.849623 15.731769 16.795802 10.207476 20.728680 22.763935 30.310864 17.912143 204.847400 309.557053 127.031926 17.421911 15.295582 5.322354 3.211510 15.618034 17.309333 11.875495 14.627846 15.793979 59.255623 98.891590 46.383309 6.516753 9.183159 11.791916 15.661411 12.485358 14.566901 32.746194 43.068242 35.287594 33.331807 30.572565 14.937017 14.095748 23.392131 18.785976 6.400594 8.300834 14.183881 18.431054 26.574952 33.303634 43.421610 38.611616 20.629469 15.096608 15.721268 21.168975 16.311472 14.624381 14.743372 9.495744 14.329992 15.304710 12.032835 10.523681 8.665813 3.776759 4.953638 4.735286 4.231122 15.060346 18.262252 8.952177
11.367804 1.655905 217.6672 217.6672 0.000000 8.848396 4.869255 7.543062 13.417422 13.563045 6.198194 1.715094 4.683309 4.896685 2.790935 4.710012 9.617567 6.160373 2.790127 9.573072 15.275645 14.210785 10.548791 7.495238 7.784327 6.732623 11.138818 18.001597 23.052926 11.617523 6.364196 10.724066 12.283891 13.707060 31.386254 64.165118 51.380033 25.566734 29.255002 23.607484 10.266046 9.662037 23.931511 24.891409 19.082874 23.989482 106.151893 251.744277 219.250267 72.353586 16.162383 13.363765 19.140903 26.741899 16.823408 12.688412 16.196158 14.368621 31.118389 86.028273 89.610239 36.567837 9.049113 17.117374 25.621807 27.613824 32.372199 45.624714 50.779902 25.107040 5.876808 22.165126 30.884282 12.155183 17.996300 22.787264 15.936557 12.707270 24.949883 35.059601 35.812091 12.874803 8.875165 20.062244 31.669680 23.562765 24.099025 10.084611 11.174430 12.105119 18.316395 18.254684 12.225112 12.371492 8.981867 1.448391 12.491908 14.887083 10.334668 8.665457 3.006659 5.239033 4.624695 14.221083
11.414744 1.601373 212.2073 212.2073 0.000000 9.806024 7.511899 4.766952 9.886437 11.424238 6.754682 3.663003 2.488989 3.841811 4.755185 8.135869 9.488780 4.640953 3.016237 4.548375 6.998566 6.754668 2.837218 3.088598 10.282645 13.752877 17.521005 18.085423 12.101116 14.969583 15.267619 13.508267 15.830435 12.096400 54.873155 57.295165 14.556234 29.212414 16.535087 7.744565 19.227537 32.615358 32.237044 22.394965 24.223091 100.848633 230.272928 175.920556 62.264923 31.319814 29.880541 38.465688 38.859485 29.137106 14.726405 9.129057 10.447613 51.036057 127.601391 70.330196 5.214243 11.694288 35.693551 61.473819 55.747363 35.852106 24.186770 30.519033 24.535099 20.654190 24.439704 19.554689 18.325795 24.495473 23.781871 31.260904 27.636239 20.119430 25.751067 23.113418 12.212700 11.911792 18.550368 11.100966 26.149857 22.132560 11.109644 7.332292 14.338691 10.249980 0.847044 2.878350 6.302275 6.086957 14.773236 14.597629 8.223960 8.581366 8.239768 10.245149 10.579838 6.591897 4.069419 4.388984
11.462367 1.528070 215.1047 215.1047 0.000000 1.933402 8.269561 10.273676 10.510144 3.413021 2.829432 2.045081 1.690248 8.309256 14.087046 17.371612 15.137064 7.056820 3.389351 4.682782 6.544585 8.972505 8.957310 6.018696 5.882902 14.091046 18.974529 9.133755 4.839672 11.716238 19.386672 21.375276 20.228205 15.449051 24.587207 52.180764 42.050332 23.006461 25.479653 12.218788 10.299628 13.089186 27.585849 18.664379 18.911718 15.569372 95.614834 246.341919 182.223409 39.499493 27.411015 27.215590 18.899853 22.092629 12.938146 15.533162 16.072176 33.885473 75.334408 117.676763 89.168695 35.055100 36.757836 51.391446 44.034575 28.061724 11.961375 9.772923 15.787788 17.898489 16.177061 11.869387 14.136844 21.795717 39.843926 51.144649 36.114507 18.808066 12.128732 6.628043 15.702250 10.102814 3.835972 6.049633 24.009252 28.090775 13.820496 12.676024 11.304835 0.917522 8.952223 3.356901 2.657894 7.687280 6.381665 14.907943 20.247948 9.854529 5.520207 7.465854 11.020202 12.618549 9.969602 8.532279
11.520775 1.483559 216.5801 216.5801 0.000000 6.668572 6.756179 2.824751 8.478083 8.843478 7.135706 6.519075 7.429131 12.213898 13.412208 11.994530 13.027434 7.975377 4.530452 4.468881 8.734968 11.899685 6.671269 6.534887 7.956032 14.054734 14.858875 5.945810 8.408582 17.011992 9.882725 5.742620 16.595269 13.320094 25.055326 50.108267 37.837762 29.457655 35.894744 22.638069 15.368858 19.332225 18.442967 7.472591 16.861057 19.170679 133.247559 222.984439 124.637784 40.794235 15.385262 20.586316 28.010128 20.546647 14.229438 12.007357 28.489580 31.837172 75.375833 124.575250 65.917477 38.211340 31.917944 16.015153 13.169758 9.438249 6.805489 12.804586 10.621297 11.111398 20.024023 19.428038 17.809524 32.611526 42.490154 19.901685 7.023804 15.238565 21.908345 19.678708 5.846585 8.707977 15.108341 28.032773 18.029216 5.438633 3.763782 8.763956 10.620361 10.020060 9.483140 10.882848 9.028117 7.903723 16.667897 19.575228 11.437971 5.059690 3.251873 4.725898 9.318437 7.830724 14.157689 6.931991
11.571741 1.439584 214.5987 214.5987 0.000000 13.138907 7.812040 2.390954 3.993530 9.767175 9.414544 6.194371 4.927807 7.674804 8.010116 5.308877 9.618135 14.381823 11.289044 5.988132 4.393668 8.569403 7.818119 10.719835 8.314646 14.375365 10.307475 2.706712 7.801769 13.330475 7.229466 9.400292 11.605254 6.724640 20.111612 40.049291 21.846739 34.782680 42.605301 23.225296 22.661424 17.350017 14.603084 11.662568 26.901197 59.408064 183.435471 222.377913 66.491096 57.598323 35.650730 35.481484 22.286859 11.782296 13.106426 9.428528 18.890272 55.824907 102.532065 79.679560 39.043064 12.168654 10.901894 16.110880 17.688279 13.580143 20.587194 26.767933 23.536574 23.960499 27.865200 20.568745 11.627002 15.158622 24.005264 13.611306 11.894966 22.154923 19.053784 10.325887 15.734119 26.208384 17.960930 10.153316 7.832125 9.070990 9.506567 4.411336 6.216271 8.034210 15.513875 16.726923 8.631561 10.654010 9.552679 9.831194 4.061579 2.588230 5.513733 12.839856 19.032758 19.665806 11.907356 7.392643
11.621895 1.457628 219.1082 219.1082 0.000000 12.227269 7.896369 1.831345 4.167681 5.531000 4.987329 1.130833 4.012989 7.018147 6.297037 3.695404 8.640399 14.664102 13.019214 6.201604 3.619528 4.224079 5.093403 7.378739 13.542765 10.855757 11.564969 15.777285 15.199808 9.452749 8.966707 10.721011 11.527343 5.060911 2.534931 19.080109 23.366570 40.083979 76.319621 74.326425 26.207621 10.603286 4.818971 5.749998 17.016382 26.858885 45.689105 92.986662 214.799712 182.149066 66.034997 27.414799 25.826572 13.199981 5.719194 4.639866 11.314449 11.972057 26.206635 47.502746 71.491998 84.077481 47.032952 14.739668 7.943937 8.999695 10.781085 10.886073 16.856881 18.941864 11.247807 13.567923 26.935253 17.731972 5.891172 11.695281 16.340717 3.465202 15.238712 11.471893 7.495095 2.686782 22.899539 28.503628 9.347359 3.138430 2.986117 8.133478 5.325474 2.756774 3.494991 3.474073 10.705566 27.033173 28.855761 17.849013 9.107457 3.696160 0.839979 2.396179 6.050815 9.520609 12.862649 12.560693
11.671431 1.481640 225.5427 225.5427 0.000000 2.765641 4.289789 7.251285 5.957403 2.877021 5.952479 6.685459 4.427537 6.404330 6.462137 7.903480 11.675741 14.856528 8.974923 2.521072 3.148764 2.147498 1.761827 4.999496 12.211249 14.998870 15.596579 20.339087 17.348485 11.296603 11.036822 10.477173 13.265543 14.710584 16.498548 14.607195 5.284308 19.456828 50.603448 78.653743 59.433038 28.080554 11.099546 7.401286 7.997742 3.874448 4.442086 21.757882 122.923277 249.176315 154.139576 56.960195 27.302540 21.831942 17.003620 7.494698 3.854239 15.035415 33.294062 36.974091 30.287226 83.020710 106.901911 45.178610 10.460085 8.361779 3.969323 3.101534 10.632253 17.750920 15.056187 13.554755 15.665423 17.021988 13.512989 5.288939 6.747944 15.075904 16.352715 11.146787 10.828157 15.969994 24.064165 25.124821 18.665878 13.257778 9.550727 11.615000 10.791245 6.137548 5.644333 3.725062 2.801167 18.435205 35.191376 31.293764 14.139282 4.413058 4.672144 3.506910 1.834144 2.810783 1.850884 4.269797
11.725537 1.467714 229.4791 229.4791 0.000000 5.672238 4.247565 7.508622 2.753240 5.279330 4.198405 6.992470 10.513371 6.675518 4.330330 9.784728 2.217549 11.592889 8.739899 4.956826 3.197820 3.380788 3.716935 2.408171 9.307411 15.480345 4.392067 19.336915 17.052932 6.761758 14.835611 17.273660 20.425373 11.831413 16.438846 29.540369 22.394655 16.923673 27.031736 15.910404 72.826352 54.316174 14.117433 11.860052 3.202543 13.805342 10.951762 15.284571 13.023186 97.436201 243.380135 168.473350 12.784084 45.079836 23.810829 19.273003 22.038586 10.130366 20.096657 29.853068 32.326060 21.182922 63.716521 119.749365 70.761663 12.305804 5.906353 10.889544 10.297793 14.245825 24.499014 30.390259 25.955867 14.361059 12.671007 8.197260 7.929120 6.083419 12.713688 19.939121 11.345822 13.018439 17.641729 15.793355 20.857119 12.593037 13.742505 13.996224 6.583225 18.700897 14.015398 4.169029 6.902751 10.106047 16.647556 22.245179 13.719460 14.551021 7.558913 8.366431 5.295322 1.668467 4.057002 4.843175
11.775081 1.481472 229.4085 229.4085 0.000000 7.593684 10.176056 5.277456 1.904980 4.966933 6.108952 9.742159 9.081496 3.880053 8.169822 5.731022 9.634900 10.901610 5.286616 3.535433 3.227635 3.605914 2.677617 3.032979 10.360182 8.708983 12.837922 24.561117 14.500909 9.884502 8.412991 6.254330 15.603299 17.861366 20.458111 20.443590 21.544204 20.055384 10.499883 43.715215 83.498728 50.743893 8.852767 5.811258 18.831810 23.818883 31.943534 35.621001 35.687207 95.396758 230.051577 169.946724 29.219918 62.503545 53.315933 34.347750 37.875017 31.812799 13.939631 13.197192 13.564324 15.603661 56.446980 108.389014 67.757721 3.284164 13.985397 11.559929 5.582864 4.630750 14.282049 17.162175 19.753106 16.244491 12.209468 8.450643 8.545270 5.831885 6.082642 18.773919 18.121776 14.978504 22.007003 21.862995 17.902631 10.557675 24.070809 21.265418 12.249672 15.632956 17.449578 7.715795 3.790506 9.212999 19.735943 19.908719 12.956043 9.309174 4.691893 6.165939 7.562980 4.725676 3.442720 2.993519
11.821747 1.477875 240.0091 240.0091 0.000000 4.405582 7.992856 7.940160 5.050127 5.829611 2.384837 10.336183 14.472248 11.582754 6.036481 1.966122 4.302974 6.190638 6.345252 3.761299 4.537426 2.434810 3.672531 6.719095 12.305265 14.151087 13.938740 22.224952 27.613582 22.049545 13.221049 6.431985 4.530590 7.734954 11.052236 9.170071 9.298914 11.102183 10.422658 11.957053 41.143420 80.884419 75.655476 25.060180 6.638884 21.651221 14.137526 19.968929 37.294031 49.058742 60.507485 168.110836 235.445650 122.068307 75.765683 61.911345 25.208156 30.995875 32.444601 24.373963 10.794602 5.837873 2.758193 24.282695 60.183438 89.053605 57.871654 21.955349 13.350575 9.416137 5.992521 7.074104 8.428671 8.967641 6.777027 6.433027 8.329476 8.228425 10.015531 14.164916 20.996272 22.714707 9.749803 7.669229 27.536831 39.927288 29.150637 13.707669 18.569669 25.264677 20.823974 20.893009 13.736525 2.620598 4.530658 4.188890 9.522008 14.718769 10.188908 13.267811 7.795500 6.733778 3.083387 7.491888
11.871344 1.438959 230.1702 230.1702 0.000000 3.753675 6.343869 8.868565 2.797443 4.385709 6.881149 11.887147 12.306732 10.363460 6.263323 4.486937 6.408073 7.602980 9.841270 9.316757 8.942419 6.760896 7.558507 10.156813 12.088651 10.786331 14.720660 29.262197 25.334762 16.137570 13.560075 9.962190 7.968474 6.013838 5.285121 9.963608 12.490428 12.114826 18.517832 36.803533 91.992949 75.448644 37.606927 31.040201 15.278484 11.105387 7.460877 32.149608 31.710416 59.212408 229.328104 198.307756 51.216120 60.358506 46.928847 20.677722 13.767417 16.683874 19.743749 18.614124 22.785781 20.261772 44.042656 86.316967 55.776081 16.920735 15.355440 14.420992 15.493878 20.388139 21.906853 17.679938 21.440705 28.302624 24.905596 14.485558 18.589453 33.154185 26.091401 10.837057 10.185221 25.139721 30.744186 25.160966 23.869475 11.897796 20.184131 27.350672 16.984707 7.183718 5.960728 7.252740 5.648979 11.346735 8.423943 9.418103 13.467449 6.458404 4.692206 10.520327 15.267551 13.739154 8.872474 11.792189
11.920774 1.420178 228.7233 228.7233 0.000000 6.740011 8.125790 4.814138 4.424533 5.890091 3.233942 8.496721 7.167267 7.581185 7.641117 4.107542 9.737498 13.557855 8.376164 6.552270 11.192091 6.546297 3.919476 4.637094 7.075002 14.969589 20.030752 21.197166 13.088001 13.547488 22.612556 16.021416 12.126061 14.711156 9.396580 9.016322 7.416859 4.582839 19.922278 74.344197 117.915579 41.371936 38.288625 29.761882 20.530421 22.295863 30.042230 37.438317 50.926048 118.533877 195.279645 120.052635 65.459754 70.660381 25.841121 14.027129 19.083869 19.931561 28.102627 20.752467 18.415831 18.243790 49.794753 76.471890 39.164466 11.748664 9.437309 8.232546 19.476907 22.240681 13.013957 26.219547 32.454688 39.049106 27.216405 14.667470 28.356656 25.351634 19.682009 5.219857 4.119930 20.538234 17.196585 21.142091 27.421432 19.816945 21.218907 13.533614 5.364187 6.872567 10.320778 12.198565 13.938588 14.809552 9.124209 9.449190 12.059558 10.095671 10.469171 7.799753 14.064386 15.127150 8.615553 7.898303
11.978665 1.445185 228.4455 228.4455 0.000000 5.538639 4.203483 4.117623 5.832630 7.269345 5.461082 8.302680 10.055931 6.374564 8.412021 9.380403 8.553418 11.130097 6.233911 7.545350 12.002138 3.975611 4.262045 1.659925 9.262694 14.367403 7.025797 14.972064 9.003501 17.672455 22.949904 20.364292 20.077677 15.439426 10.839845 9.986727 11.236419 27.438479 47.126050 92.944152 107.838462 63.000750 14.574078 12.669629 33.888097 38.415652 9.180567 38.737798 77.389496 144.602652 162.915211 99.306005 45.986404 18.433919 15.090931 19.831429 22.080437 22.024365 19.034579 30.700626 39.904300 43.374613 65.532551 52.490765 41.668562 32.064604 21.471534 16.856392 13.938940 18.837921 16.240167 16.716566 30.279781 23.522498 14.036087 7.875619 10.643711 13.631806 13.686845 15.478974 18.860247 16.934101 21.360313 11.574498 18.695517 15.113156 7.912589 9.624336 7.382586 5.932301 4.509843 9.718146 11.645891 10.995090 8.799848 8.019637 10.384906 9.910144 10.917037 13.565332 7.305681 4.694214 9.780847 12.560897
12.026618 1.439887 232.0787 232.0787 0.000000 7.249071 5.711739 5.435522 4.283468 5.056171 5.908184 10.018339 12.725075 7.381097 8.873537 11.358037 9.674667 11.970162 10.293969 10.628874 11.696939 7.481405 5.710036 6.022273 4.043888 7.798484 13.660282 19.341986 20.164851 13.554556 12.786755 14.439604 18.922096 13.744723 9.707735 9.279263 7.665201 20.902295 13.595508 67.248333 153.463920 90.512127 24.049017 25.329152 39.701398 37.782577 21.411679 15.790815 20.446968 87.477953 182.211414 120.656705 48.962036 34.315387 29.247729 9.848336 29.104874 26.576783 35.018953 47.745828 33.246098 20.045664 53.338063 84.372303 57.235895 23.286042 19.245744 17.598080 25.728708 22.728844 23.206547 35.870712 31.044481 18.639013 6.342458 13.411897 10.885000 15.065660 21.340718 11.661361 14.074838 7.576713 13.842772 19.976220 16.163764 9.285839 5.789084 6.762702 10.423215 15.060396 11.704763 10.114086 11.342015 4.870635 6.202662 8.673368 15.997915 12.640706 11.740630 11.666801 9.669058 7.391911 6.230877 6.099941
12.080829 1.466324 238.4961 238.4961 0.000000 7.189634 10.169674 6.628880 1.501942 2.567426 5.191671 5.827573 13.649657 9.961907 6.620533 10.426937 7.879162 4.959503 8.725098 7.012991 5.501209 5.713397 6.407126 7.248308 3.813379 2.549548 6.227450 8.231454 21.360783 25.078454 24.095305 23.927720 11.033038 20.157122 23.792248 15.131744 14.859585 22.189704 18.140885 16.818655 49.069669 146.625310 124.862617 39.752368 43.844259 16.377384 22.644737 10.686910 7.097433 30.952945 61.256637 130.513062 194.297105 110.901589 42.072610 53.718710 30.836212 18.032761 37.435710 44.514234 29.920057 13.683468 14.250019 24.231409 44.860434 70.478488 42.667050 15.128742 12.340211 22.046068 23.225444 36.264949 41.369448 23.411446 13.046139 3.741871 20.928123 20.122855 4.444843 8.783537 20.113077 21.376668 20.117115 11.928865 11.613712 17.119445 8.567486 16.307353 12.182925 13.579094 22.370058 26.662382 13.918710 6.922465 10.130030 5.352110 3.954212 7.772718 10.006190 15.654243 17.176436 8.038159 7.852001 10.453512
12.131276 1.492172 236.7551 236.7551 0.000000 4.181035 9.276395 5.609789 4.715834 7.793576 7.737331 6.618304 8.693171 8.446379 4.720106 5.810167 3.448201 6.366197 4.052705 1.115914 1.908810 7.008869 13.107778 13.576473 8.602408 4.487552 7.524914 21.207233 26.421412 6.236798 19.482133 28.691176 18.021770 18.333882 15.758173 10.340849 24.767611 34.877918 24.422686 23.721503 55.369258 141.676762 119.121181 48.837086 25.239150 23.147358 21.742869 16.115654 20.682520 45.132427 63.908502 157.871990 169.405775 82.036122 60.060870 62.706236 45.332410 37.103049 29.592716 17.575771 2.501559 12.564939 11.184211 13.037032 46.549223 73.347533 36.095788 7.513577 18.983194 19.760434 17.884654 24.191724 19.700111 12.239640 16.604433 24.407678 20.032598 18.245254 22.348181 20.726927 15.141518 19.074797 8.646935 18.120273 28.178886 19.364173 15.462847 11.335687 15.294807 27.206554 22.804974 19.168833 11.654112 7.539106 6.980685 4.859104 4.723670 8.984754 11.644041 17.291203 14.151500 6.497787 2.940208 6.093112
12.183502 1.302849 250.7446 250.7446 0.000000 4.031126 6.525303 5.727441 6.339979 9.633703 5.561246 6.842695 8.643289 14.968290 14.957214 9.497583 4.154233 4.102420 4.993781 4.485583 4.427668 7.133186 11.442655 8.476426 11.080765 17.363872 13.754041 9.724356 19.585831 28.723493 18.169783 8.530194 17.143468 24.418808 16.277667 10.951699 11.577958 12.881065 26.927773 27.985977 15.568567 35.013697 102.310484 158.912247 90.217041 12.252365 14.382998 13.424572 24.811251 23.117228 10.652595 16.071550 44.672949 144.108203 190.883297 104.909683 19.037068 17.850091 33.780739 26.180080 23.369948 10.325012 11.070809 8.209831 11.885687 22.566545 34.479669 57.739733 66.285250 35.758286 18.990454 30.112006 32.108165 17.921804 8.339466 14.043049 12.629659 16.473854 21.015369 27.909376 21.646143 22.591465 38.388713 35.572806 18.699780 14.742601 17.965214 14.872316 24.023605 29.334534 13.167150 11.147828 17.004083 21.494970 14.617602 3.109335 5.571301 9.312135 3.329795 4.087944 5.195233 4.028099 5.551594 13.846316
12.232962 1.050011 206.9902 206.9902 0.000000 6.234491 3.893613 3.169270 5.992977 7.413031 5.858753 5.538556 9.003111 13.101838 14.260819 11.737216 6.260365 1.629003 2.609948 2.074773 1.958032 4.584481 7.945497 9.636129 9.359070 9.869419 14.130094 17.088343 15.665342 17.648640 21.237953 18.640668 11.949796 7.932624 10.700179 16.814271 20.513524 20.997901 21.854259 24.772056 30.924958 29.134328 21.722374 43.966148 84.749107 108.570039 95.833920 59.721987 30.088362 16.150747 8.291169 16.388009 19.720946 17.647322 27.047231 58.734412 94.951426 107.370841 85.295853 45.231068 21.041403 19.120229 15.449419 11.283923 14.262301 14.061319 11.447983 9.604150 10.067655 16.795713 29.236243 40.624576 42.605928 33.523892 24.214255 27.537002 32.269759 26.860828 19.046392 18.975335 20.290665 21.081913 21.042159 17.505186 12.396091 13.560516 22.638349 28.755787 25.759840 13.868470 8.699544 10.645400 4.258172 9.269368 15.600236 15.883376 10.864388 6.380114 6.988645 9.756359 7.825599 2.846653 2.789366 4.777506
12.275660 0.760647 208.4494 208.4494 0.000000 5.546002 3.208981 2.273281 2.386949 2.670071 2.922519 3.144110 3.728433 4.226130 3.608948 3.506757 2.746639 1.861293 1.402295 1.331058 1.414670 1.857380 2.376222 2.566513 3.036719 3.760769 4.541538 5.175041 5.530139 5.612299 5.578422 5.371108 4.746154 3.347753 1.900077 2.674112 5.460850 8.378670 10.173859 10.805770 11.190132 12.174659 14.278137 18.359070 23.992729 29.168606 31.406455 29.612634 25.396866 20.346993 14.726570 10.432427 8.865134 9.357766 11.088778 13.677276 16.777062 19.847087 21.203253 21.079785 19.183867 16.078168 12.566504 9.279506 6.803549 5.553577 4.677111 3.942428 3.122413 1.744261 1.311281 2.617590 4.878045 6.876629 8.381543 9.337089 9.461082 9.483793 9.429061 9.154074 8.888822 8.734867 8.487394 7.950005 7.248611 5.987813 4.384681 3.669318 4.314573 5.566706 6.540114 6.833863 6.352129 5.345395 4.634451 4.322313 4.132201 3.949073 3.632760 3.088925 2.448591 2.095128 2.111869 2.207468
